"# export_metadata: {""exported_at"": ""2026-08-24T01:24:25Z"", ""skill"": ""iran-chem-database@2.17.0 (clawhub: @orionshaowswmw/iran-chem-database)"", ""rows"": 873, ""composition"": {""verified_catalogue"": 482, ""verified_telegram_listing"": 287, ""verified_web_catalogue"": 104}, ""policy"": ""MARKET-VERIFIED ONLY. Every row is backed by a real, crawled Iranian supplier listing (public Telegram channel post or supplier web catalogue page/API). No AI-invented molecules: cloud models (via router.py hop chain) were used ONLY to normalize Persian/English listing text into an English molecule identity and to assign a category, and every identity was independently confirmed against PubChem (CID + InChIKey + carbon-containing formula). Rows failing the organic or identity gate were discarded."", ""crawl"": {""telegram_channels_mirrored"": 12, ""telegram_posts_mirrored"": 29841, ""telegram_posts_ai_screened"": 22375, ""crawl_date"": ""2026-08-24"", ""note"": ""v2.17 deep historical sweep: max_pages_per_channel raised 200->700 and incremental state bypassed, lifting the mirror from 14,907 to 29,841 posts (IranChemicals 3.3k->11.8k, LabTel 3.2k->12.3k).""}, ""v2_17_changes"": {""added_molecules"": 224, ""previous_rows"": 651, ""canonical_smiles_backfilled"": 615, ""smiles_api_note"": ""PubChem renamed the CanonicalSMILES property to SMILES; the v2.16 export therefore wrote an empty canonical_smiles column for all 651 rows. Backfilled by CID in v2.17."", ""organic_filter_note"": ""Added a structural (SMILES-based) inorganic screen on top of the formula test: it removes carbon-bearing inorganics whose formula hides the CN/CO3 fragment (e.g. ferric ferrocyanide C18Fe7N18) which the formula-only test admitted.""}, ""limitations"": ""BEST-EFFORT dated index, NOT national completeness. Listing presence is not proof of current stock. CAS shown only when present in the listing text or seed data. Some seed CAS values inherited from v2.16 'ai_resolved+cas_only' rows did not resolve against PubChem and should be treated as unverified."", ""dedup_note"": ""same molecule admitted from multiple sources merged on InChIKey, falling back to PubChem CID""}"
molecule_name,common_name,cas_number,pubchem_cid,inchi_key,molecular_formula,molecular_weight,canonical_smiles,organic_status,category,grade,supplier_name,supplier_platform,availability_status,evidence_url,evidence_text,identity_method,source_type,record_date
"(1R,2R,5S,8S,9S,10R,11S,12S)-5,12-dihydroxy-11-methyl-6-methylidene-16-oxo-15-oxapentacyclo[9.3.2.15,8.01,10.02,8]heptadec-13-ene-9-carboxylic acid",gibberellic acid,50-15-7,6466,IXORZMNAPKEEDV-OBDJNFEBSA-N,C19H22O6,346.4,C[C@@]12[C@H](C=C[C@@]3([C@@H]1[C@@H]([C@]45[C@H]3CC[C@](C4)(C(=C)C5)O)C(=O)O)OC2=O)O,confirmed_organic,organic_reagent,,TamadKala,Iranian online wholesale/lab shop,product_page_listed_not_current_stock_verified,,جیبرلیک اسید برند dyc چین | ...,router_title_normalization,verified_catalogue,2026-08-23
"(1S,3Z)-3-[(2E)-2-[(1R,3aS,7aR)-1-[(E,2R,5R)-5,6-dimethylhept-3-en-2-yl]-7a-methyl-2,3,3a,5,6,7-hexahydro-1H-inden-4-ylidene]ethylidene]-4-methylidenecyclohexan-1-ol",Vitamin D2,50-14-6,5280793,MECHNRXZTMCUDQ-RKHKHRCZSA-N,C28H44O,396.6,C[C@H](/C=C/[C@H](C)C(C)C)[C@H]1CC[C@@H]\2[C@@]1(CCC/C2=C\C=C/3\C[C@H](CCC3=C)O)C,confirmed_organic,pharmaceutical_or_api,research,TamadKala,Iranian online research/chemical shop | Iranian online wholesale/lab shop,product_page_listed_not_current_stock_verified,https://tamadkala.com/product/34731/%D9%88%DB%8C%D8%AA%D8%A7%D9%85%DB%8C%D9%86-d2-%D8%B3%DB%8C%DA%AF%D9%85%D8%A7,ویتامین D2 سیگما | ویتامین d2 سیگما,explicit_category_supplement | router_title_normalization,verified_catalogue,2026-08-23
"(2,2-dimethyl-1,3-dihydroperimidin-6-yl)-(4-phenyldiazenylnaphthalen-1-yl)diazene",Sudan Black B,4197-25-5,61336,YCUVUDODLRLVIC-UHFFFAOYSA-N,C29H24N6,456.5,CC1(NC2=C3C(=C(C=C2)N=NC4=CC=C(C5=CC=CC=C54)N=NC6=CC=CC=C6)C=CC=C3N1)C,confirmed_organic,organic_reagent,,TamadKala,Iranian online wholesale/lab shop,product_page_listed_not_current_stock_verified,https://tamadkala.com/product/173734/%D9%85%D8%B9%D8%B1%D9%81-%D8%B3%D9%88%D8%AF%D8%A7%D9%86-%D8%A8%D9%84%DA%A9-b-%D8%AF%DA%A9%D8%AA%D8%B1-%D9%85%D8%AC%D9%84%D9%84%DB%8C,معرف سودان بلک b دکتر مجللی,router_title_normalization,verified_catalogue,2026-08-23
"(2,5-dioxoimidazolidin-4-yl)urea",Allantoin,,204,POJWUDADGALRAB-UHFFFAOYSA-N,C4H6N4O3,158.12,C1(C(=O)NC(=O)N1)NC(=O)N,confirmed_organic,cosmetic_raw_material,,BehChin Chemi Pharmed,Iranian supplier API/intermediate catalogue,supplier_catalogue_listed_not_current_stock_verified,https://www.behchinchemi.ir/en/our-products/cosmetic-materials,Allantoin,supplier_table,verified_catalogue,2026-08-23
(2-hydroxy-4-methoxyphenyl)-phenylmethanone,Benzophenone-3,,4632,DXGLGDHPHMLXJC-UHFFFAOYSA-N,C14H12O3,228.24,COC1=CC(=C(C=C1)C(=O)C2=CC=CC=C2)O,confirmed_organic,cosmetic_raw_material,,BehChin Chemi Pharmed,Iranian supplier API/intermediate catalogue,supplier_catalogue_listed_not_current_stock_verified,https://www.behchinchemi.ir/en/our-products/cosmetic-materials,Benzophenone-3,supplier_table,verified_catalogue,2026-08-23
"(2E,4E)-hexa-2,4-dienoic acid",Sorbic acid,110-44-1,643460,WSWCOQWTEOXDQX-MQQKCMAXSA-N,C6H8O2,112.13,C/C=C/C=C/C(=O)O,confirmed_organic,organic_reagent,,Fardad Shimi,Iranian online lab-chemical shop,product_page_listed_not_current_stock_verified,https://fardadshimi.com/product/6195767/,اسید سوربیک MERCK,router_title_normalization,verified_catalogue,2026-08-23
"(2R)-2-[(1S)-1,2-dihydroxyethyl]-3,4-dihydroxy-2H-furan-5-one",Ascorbic acid,50-81-7,54670067,CIWBSHSKHKDKBQ-JLAZNSOCSA-N,C6H8O6,176.12,C([C@@H]([C@@H]1C(=C(C(=O)O1)O)O)O)O,confirmed_organic,secondary_metabolite_or_natural_product,research,DigiShimi | Fardad Shimi | Isatis Shimi | TamadKala | Telegram: ChemIranSanat,Iranian online chemical shops | Iranian online lab-chemical shop | Iranian online wholesale/lab shop | Iranian supplier Telegram catalogue,listed_not_current_stock_verified | product_page_listed_not_current_stock_verified,https://digishimii.ir/Product/%d8%a7%d8%b3%db%8c%d8%af-%d8%a2%d8%b3%da%a9%d9%88%d8%b1%d8%a8%db%8c%da%a9/ | https://isatisshimi.com/en/product/ascorbic-acid-vitamin-c/ | https://tamadkala.com/product/177571/%D8%A7%D8%B3%DB%8C%D8%AF-%D8%A7%D8%B3%DA%A9%D9%88%D8%B1%D8%A8%DB%8C%DA%A9 | https://tamadkala.com/product/74869/%D8%A7%D8%B3%DB%8C%D8%AF-%D8%A7%D8%B3%DA%A9%D9%88%D8%B1%D8%A8%DB%8C%DA%A9-%D8%AE%D9%88%D8%B1%D8%A7%DA%A9%DB%8C,"(2R)-2-[(1S)-1,2-dihydroxyethyl]-3,4-dihydroxy-2H-furan-5-one | Ascorbic Acid (Vitamin C) | آسکوربیک اسید ۹۹ گرید صنعتی | ... | اسید آسکوربیک | اسید آسکوربیک extra pure دکتر مجللی | ... | اسید آسکوربیک ۱ کیلویی دکتر مجللی | ... | اسید اسکوربیک | اسید اسکوربیک خوراکی | فروش اسید ا",existing skill export | router_title_normalization,verified_catalogue,2026-08-23
(2R)-2-amino-3-sulfanylpropanoic acid,L-Cysteine,52-90-4,5862,XUJNEKJLAYXESH-REOHCLBHSA-N,C3H7NO2S,121.16,C([C@@H](C(=O)O)N)S,confirmed_organic,organic_reagent,,TamadKala,Iranian online wholesale/lab shop,product_page_listed_not_current_stock_verified,https://tamadkala.com/product/149104/%D8%A7%D9%84-%D8%B3%DB%8C%D8%B3%D8%AA%D8%A6%DB%8C%D9%86,ال سیستئین,router_title_normalization,verified_catalogue,2026-08-23
"(2R,3R,4R,5S)-hexane-1,2,3,4,5,6-hexol",Sorbitol,50-70-4,5780,FBPFZTCFMRRESA-JGWLITMVSA-N,C6H14O6,182.17,C([C@H]([C@H]([C@@H]([C@H](CO)O)O)O)O)O,confirmed_organic,organic_reagent,,DigiShimi | Fardad Shimi | TamadKala | Telegram: IranChemicals,Iranian online chemical shops | Iranian online lab-chemical shop | Iranian online wholesale/lab shop | Iranian supplier Telegram catalogue,listed_not_current_stock_verified | product_page_listed_not_current_stock_verified,https://digishimii.ir/Product/%d8%b3%d9%88%d8%b1%d8%a8%db%8c%d8%aa%d9%88%d9%84/ | https://fardadshimi.com/product/6197578/ | https://tamadkala.com/product/76005/%D8%B3%D9%88%D8%B1%D8%A8%DB%8C%D8%AA%D9%88%D9%84,"(2R,3R,4R,5S)-hexane-1,2,3,4,5,6-hexol | سوربیتول | سوربیتول MERCK",existing skill export | router_title_normalization,verified_catalogue,2026-08-23
"(2R,3R,4S,5R,6S)-2-(hydroxymethyl)-6-[(2R,3S,4R,5R,6R)-4,5,6-trihydroxy-2-(hydroxymethyl)oxan-3-yl]oxyoxane-3,4,5-triol",Lactose,63-42-3,6134,GUBGYTABKSRVRQ-DCSYEGIMSA-N,C12H22O11,342.30,C([C@@H]1[C@@H]([C@@H]([C@H]([C@@H](O1)O[C@@H]2[C@H](O[C@H]([C@@H]([C@H]2O)O)O)CO)O)O)O)O,confirmed_organic,organic_reagent,research,TamadKala,Iranian online wholesale/lab shop,product_page_listed_not_current_stock_verified,https://tamadkala.com/product/99056/%D9%84%D8%A7%DA%A9%D8%AA%D9%88%D8%B2-extra-pure-%D9%86%D9%88%D8%AA%D8%B1%D9%88%D9%86,لاکتوز extra pure نوترون,router_title_normalization,verified_catalogue,2026-08-23
"(2R,3R,4S,5R,6S)-2-(hydroxymethyl)-6-[(2R,3S,4R,5R,6S)-4,5,6-trihydroxy-2-(hydroxymethyl)oxan-3-yl]oxyoxane-3,4,5-triol;hydrate",Lactose monohydrate,64044-51-5,104938,WSVLPVUVIUVCRA-KPKNDVKVSA-N,C12H24O12,360.31,C([C@@H]1[C@@H]([C@@H]([C@H]([C@@H](O1)O[C@@H]2[C@H](O[C@@H]([C@@H]([C@H]2O)O)O)CO)O)O)O)O.O,confirmed_organic,organic_reagent,research,TamadKala,Iranian online wholesale/lab shop,product_page_listed_not_current_stock_verified,https://tamadkala.com/product/173201/%D9%84%D8%A7%DA%A9%D8%AA%D9%88%D8%B2-1-%D8%A2%D8%A8%D9%87-lab-%D8%AF%DA%A9%D8%AA%D8%B1-%D9%85%D8%AC%D9%84%D9%84%DB%8C,لاکتوز 1 آبه lab دکتر مجللی,router_title_normalization,verified_catalogue,2026-08-23
"(2R,3R,4S,5S,6R)-2-[(2S,3S,4S,5R)-3,4-dihydroxy-2,5-bis(hydroxymethyl)oxolan-2-yl]oxy-6-(hydroxymethyl)oxane-3,4,5-triol",Sucrose,57-50-1,5988,CZMRCDWAGMRECN-UGDNZRGBSA-N,C12H22O11,342.30,C([C@@H]1[C@H]([C@@H]([C@H]([C@H](O1)O[C@]2([C@H]([C@@H]([C@H](O2)CO)O)O)CO)O)O)O)O,confirmed_organic,organic_reagent,,DigiShimi | Fardad Shimi | TamadKala | Telegram: jahaneshimicom,Iranian online chemical shops | Iranian online lab-chemical shop | Iranian online wholesale/lab shop | Iranian supplier Telegram catalogue,listed_not_current_stock_verified | product_page_listed_not_current_stock_verified,https://digishimii.ir/Product/%d8%b3%d8%a7%da%a9%d8%a7%d8%b1%d9%88%d8%b2/ | https://fardadshimi.com/product/6195800/ | https://tamadkala.com/product/72558/%D8%B3%D8%A7%DA%A9%D8%A7%D8%B1%D9%88%D8%B2-%D9%82%D8%B7%D8%B1%D8%A7%D9%86-%D8%B4%DB%8C%D9%85%DB%8C | https://tamadkala.com/product/97635/%D8%B3%D8%A7%DA%A9%D8%A7%D8%B1%D8%B2-%D9%86%D9%88%D8%AA%D8%B1%D9%88%D9%86,"(2R,3R,4S,5S,6R)-2-[(2S,3S,4S,5R)-3,4-dihydroxy-2,5-bis(hydroxymethyl)oxolan-2-yl]oxy-6-(hydroxymethyl)oxane-3,4,5-triol | ساکارز MERCK | ساکارز برند dyc چین | ... | ساکارز نوترون | ساکاروز | ساکاروز قطران شیمی",existing skill export | router_title_normalization,verified_catalogue,2026-08-23
"(2R,3S,4R,5R)-2,3,4,5,6-pentahydroxyhexanal;hydrate",glucose monohydrate,,22814120,SPFMQWBKVUQXJV-BTVCFUMJSA-N,C6H14O7,198.17,C([C@H]([C@H]([C@@H]([C@H](C=O)O)O)O)O)O.O,confirmed_organic,organic_reagent,,TamadKala,Iranian online wholesale/lab shop,product_page_listed_not_current_stock_verified,,گلوکز 1 آبه | ...,router_title_normalization,verified_catalogue,2026-08-23
"(2R,4S)-pentane-1,2,3,4,5-pentol",Xylitol,87-99-0,6912,HEBKCHPVOIAQTA-NGQZWQHPSA-N,C5H12O5,152.15,C([C@H](C([C@H](CO)O)O)O)O,confirmed_organic,organic_reagent,,TamadKala,Iranian online wholesale/lab shop,product_page_listed_not_current_stock_verified,https://tamadkala.com/product/163060/%D8%B2%D8%A7%DB%8C%D9%84%DB%8C%D8%AA%D9%88%D9%84-%D8%B5%D9%86%D8%B9%D8%AA%DB%8C,زایلیتول صنعتی,router_title_normalization,verified_catalogue,2026-08-23
"(2S)-2,4-diamino-4-oxobutanoic acid;hydrate",L-Asparagine monohydrate,5794-13-8,170358,RBMGJIZCEWRQES-DKWTVANSSA-N,C4H10N2O4,150.13,C([C@@H](C(=O)O)N)C(=O)N.O,confirmed_organic,organic_reagent,,TamadKala,Iranian online wholesale/lab shop,product_page_listed_not_current_stock_verified,https://tamadkala.com/product/16846/%D8%A7%D9%84-%D8%A2%D8%B3%D9%BE%D8%A7%D8%B1%DA%98%DB%8C%D9%86-%D9%85%D9%88%D9%86%D9%88%D9%87%DB%8C%D8%AF%D8%A7%D8%B1%D8%AA,ال آسپارژین مونوهیدارت,router_title_normalization,verified_catalogue,2026-08-23
"(2S)-2,5-diamino-5-oxopentanoic acid",L-Glutamine,56-85-9,5961,ZDXPYRJPNDTMRX-VKHMYHEASA-N,C5H10N2O3,146.14,C(CC(=O)N)[C@@H](C(=O)O)N,confirmed_organic,organic_reagent,research,TamadKala,Iranian online wholesale/lab shop,product_page_listed_not_current_stock_verified,https://tamadkala.com/product/16832/%D8%A2%D9%85%DB%8C%D9%86%D9%88-%D8%A7%D8%B3%DB%8C%D8%AF-%D9%85%D8%AD%D9%84%D9%88%D9%84-%D8%A7%D9%84-%DA%AF%D9%84%D9%88%D8%AA%D8%A7%D9%85%DB%8C%D9%86-g7513 | https://tamadkala.com/product/16838/%D8%A7%D9%84-%DA%AF%D9%84%D9%88%D8%AA%D8%A7%D9%85%DB%8C%D9%86-bioultra,آمینو اسید محلول ال گلوتامین g7513 | ال گلوتامین bioultra,router_title_normalization,verified_catalogue,2026-08-23
"(2S)-2,6-diaminohexanoic acid",L-Lysine,56-87-1,5962,KDXKERNSBIXSRK-YFKPBYRVSA-N,C6H14N2O2,146.19,C(CCN)C[C@@H](C(=O)O)N,confirmed_organic,organic_reagent,,TamadKala,Iranian online wholesale/lab shop,product_page_listed_not_current_stock_verified,https://tamadkala.com/product/164568/%D8%A7%D9%84-%D9%84%D9%88%D8%B3%DB%8C%D9%86-%D8%A8%D8%B1%D9%86%D8%AF-dyc-%DA%86%DB%8C%D9%86 | https://tamadkala.com/product/16660/%D8%A7%D9%84-%D9%84%DB%8C%D8%B2%DB%8C%D9%86 | https://tamadkala.com/product/17363/%D8%A2%D9%85%DB%8C%D9%86%D9%88-%D8%A7%D8%B3%DB%8C%D8%AF-%D8%A7%D9%84-%D9%84%DB%8C%D8%B2%DB%8C%D9%86-%D9%85%D9%88%D9%86%D9%88%D9%87%DB%8C%D8%AF%D8%B1%D8%A7%D8%AA-l9037,آمینو اسید ال لیزین مونوهیدرات l9037 | ال لوسین برند dyc چین | ال لیزین,router_title_normalization,verified_catalogue,2026-08-23
(2S)-2-amino-3-(1H-imidazol-5-yl)propanoic acid,L-Histidine,71-00-1,6274,HNDVDQJCIGZPNO-YFKPBYRVSA-N,C6H9N3O2,155.15,C1=C(NC=N1)C[C@@H](C(=O)O)N,confirmed_organic,organic_reagent,,TamadKala,Iranian online wholesale/lab shop,product_page_listed_not_current_stock_verified,https://tamadkala.com/product/16853/%D8%A7%D8%B3%DB%8C%D8%AF-%D8%A2%D9%85%DB%8C%D9%86%D9%87-%D8%A7%D9%84-%D9%87%DB%8C%D8%B3%D8%AA%DB%8C%D8%AF%DB%8C%D9%86,اسید آمینه ال هیستیدین,router_title_normalization,verified_catalogue,2026-08-23
(2S)-2-amino-3-(1H-indol-3-yl)propanoic acid,Tryptophan,73-22-3,6305,QIVBCDIJIAJPQS-VIFPVBQESA-N,C11H12N2O2,204.22,C1=CC=C2C(=C1)C(=CN2)C[C@@H](C(=O)O)N,confirmed_organic,organic_reagent,research,TamadKala,Iranian online wholesale/lab shop,product_page_listed_not_current_stock_verified,https://tamadkala.com/product/17051/%D8%A2%D9%85%DB%8C%D9%86%D9%88-%D8%A7%D8%B3%DB%8C%D8%AF-%D8%A7%D9%84-%D8%AA%D8%B1%DB%8C%D9%BE%D8%AA%D9%88%D9%81%D8%A7%D9%86-bioultra | https://tamadkala.com/product/17053/%D8%AA%D8%B1%DB%8C%D9%BE%D8%AA%D9%88%D9%81%D8%A7%D9%86,آمینو اسید ال تریپتوفان bioultra | تریپتوفان,router_title_normalization,verified_catalogue,2026-08-23
(2S)-2-amino-3-(4-hydroxyphenyl)propanoic acid,L-Tyrosine,,6057,OUYCCCASQSFEME-QMMMGPOBSA-N,C9H11NO3,181.19,C1=CC(=CC=C1C[C@@H](C(=O)O)N)O,confirmed_organic,organic_reagent,research,Fardad Shimi | TamadKala,Iranian online lab-chemical shop | Iranian online wholesale/lab shop,product_page_listed_not_current_stock_verified,https://tamadkala.com/product/16908/%D8%A2%D9%85%DB%8C%D9%86%D9%88-%D8%A7%D8%B3%DB%8C%D8%AF-%D8%A7%D9%84-%D8%AA%DB%8C%D8%B1%D9%88%D8%B2%DB%8C%D9%86 | https://tamadkala.com/product/16944/%D8%A2%D9%85%DB%8C%D9%86%D9%88-%D8%A7%D8%B3%DB%8C%D8%AF-%D8%A7%D9%84-%D8%AA%DB%8C%D8%B1%D9%88%D8%B2%DB%8C%D9%86-bioultra,آمینو اسید ال تیروزین | آمینو اسید ال تیروزین bioultra | ال تیروزین MERCK | ...,router_title_normalization,verified_catalogue,2026-08-23
(2S)-2-amino-3-hydroxypropanoic acid,Serine,56-45-1,5951,MTCFGRXMJLQNBG-REOHCLBHSA-N,C3H7NO3,105.09,C([C@@H](C(=O)O)N)O,confirmed_organic,organic_reagent,research,TamadKala,Iranian online wholesale/lab shop,product_page_listed_not_current_stock_verified,https://tamadkala.com/product/16885/%D8%A7%D9%84-%D8%B3%D8%B1%DB%8C%D9%86-bioultra | https://tamadkala.com/product/16888/%D8%B3%D8%B1%DB%8C%D9%86,ال سرین bioultra | سرین,router_title_normalization,verified_catalogue,2026-08-23
(2S)-2-amino-3-methylbutanoic acid,L-Valine,72-18-4,6287,KZSNJWFQEVHDMF-BYPYZUCNSA-N,C5H11NO2,117.15,CC(C)[C@@H](C(=O)O)N,confirmed_organic,organic_reagent,research,TamadKala,Iranian online wholesale/lab shop,product_page_listed_not_current_stock_verified,https://tamadkala.com/product/17310/%D8%A7%D9%84-%D9%88%D8%A7%D9%84%DB%8C%D9%86 | https://tamadkala.com/product/17312/%D8%A7%D9%84-%D9%88%D8%A7%D9%84%DB%8C%D9%86-bioultra-94619,ال والین | ال والین bioultra 94619,router_title_normalization,verified_catalogue,2026-08-23
(2S)-2-amino-3-phenylpropanoic acid,L-Phenylalanine,63-91-2,6140,COLNVLDHVKWLRT-QMMMGPOBSA-N,C9H11NO2,165.19,C1=CC=C(C=C1)C[C@@H](C(=O)O)N,confirmed_organic,organic_reagent,research,TamadKala,Iranian online wholesale/lab shop,product_page_listed_not_current_stock_verified,https://tamadkala.com/product/17323/%D8%A7%D9%84-%D9%81%D9%86%DB%8C%D9%84-%D8%A2%D9%84%D8%A7%D9%86%DB%8C%D9%86-p5482 | https://tamadkala.com/product/17325/%D8%A7%D9%84-%D9%81%D9%86%DB%8C%D9%84-%D8%A2%D9%84%D8%A7%D9%86%DB%8C%D9%86-bioultra,ال فنیل آلانین bioultra | ال فنیل آلانین p5482,router_title_normalization,verified_catalogue,2026-08-23
(2S)-2-amino-4-methylpentanoic acid,L-Leucine,61-90-5,6106,ROHFNLRQFUQHCH-YFKPBYRVSA-N,C6H13NO2,131.17,CC(C)C[C@@H](C(=O)O)N,confirmed_organic,organic_reagent,research,TamadKala,Iranian online wholesale/lab shop,product_page_listed_not_current_stock_verified,https://tamadkala.com/product/17068/%D8%A7%D9%84-%D9%84%D9%88%D8%B3%DB%8C%D9%86-l8912 | https://tamadkala.com/product/17072/%D8%A7%D9%84-%D9%84%D9%88%D8%B3%DB%8C%D9%8661819-bioultra,ال لوسین l8912 | ال لوسین61819 bioultra,router_title_normalization,verified_catalogue,2026-08-23
(2S)-2-amino-5-(diaminomethylideneamino)pentanoic acid,L-Arginine,74-79-3,6322,ODKSFYDXXFIFQN-BYPYZUCNSA-N,C6H14N4O2,174.20,C(C[C@@H](C(=O)O)N)CN=C(N)N,confirmed_organic,organic_reagent,,Rooz Darou | TamadKala,Iranian online wholesale/lab shop | Iranian pharmaceutical product catalogue,product_page_listed_not_current_stock_verified,https://tamadkala.com/product/16656/%D8%A7%D9%84-%D8%A2%D8%B1%DA%98%D9%86%DB%8C%D9%86 | http://rouzdarou.com/products/%D9%82%D8%B1%D8%B5-%D8%A7%D9%84-%D8%A2%D8%B1%DA%98%D9%86%DB%8C%D9%86-1000mg-%D8%B1%D8%B2%D8%A7%D9%88%DB%8C%D8%AA,ال آرژنین | قرص ال-آرژنین 1000mg رزاویت,router_title_normalization,verified_catalogue,2026-08-23
(2S)-2-amino-5-[[(2R)-1-(carboxymethylamino)-1-oxo-3-sulfanylpropan-2-yl]amino]-5-oxopentanoic acid,Glutathione,,124886,RWSXRVCMGQZWBV-WDSKDSINSA-N,C10H17N3O6S,307.33,C(CC(=O)N[C@@H](CS)C(=O)NCC(=O)O)[C@@H](C(=O)O)N,confirmed_organic,organic_reagent,research,Telegram: ChemIranSanat,Iranian supplier Telegram catalogue,listed_not_current_stock_verified,https://t.me/ChemIranSanat/1202,(2S)-2-amino-5-[[(2R)-1-(carboxymethylamino)-1-oxo-3-sulfanylpropan-2-yl]amino]-5-oxopentanoic acid,existing skill export,verified_catalogue,2026-08-23
(2S)-2-aminopentanedioic acid,Glutamic acid,56-84-8,33032,WHUUTDBJXJRKMK-VKHMYHEASA-N,C5H9NO4,147.13,C(CC(=O)O)[C@@H](C(=O)O)N,confirmed_organic,organic_reagent,research,TamadKala | Telegram: ChemIranSanat,Iranian online wholesale/lab shop | Iranian supplier Telegram catalogue,listed_not_current_stock_verified | product_page_listed_not_current_stock_verified,https://t.me/ChemIranSanat/1983 | https://tamadkala.com/product/16677/%D8%A7%D9%84-%D8%A2%D8%B3%D9%BE%D8%A7%D8%B1%D8%AA%DB%8C%DA%A9-%D8%A7%D8%B3%DB%8C%D8%AF | https://tamadkala.com/product/16829/%DA%AF%D9%84%D9%88%D8%AA%D8%A7%D9%85%DB%8C%DA%A9-%D8%A7%D8%B3%DB%8C%D8%AF | https://tamadkala.com/product/67569/%D8%A2%D9%85%DB%8C%D9%86%D9%88-%D8%A7%D8%B3%DB%8C%D8%AF-%D8%AF%DB%8C-%D8%A2%D8%B3%D9%BE%D8%A7%D8%B1%D8%AA%DB%8C%DA%A9-%D8%A7%D8%B3%DB%8C%D8%AF | https://tamadkala.com/product/67700/%D8%A2%D9%85%DB%8C%D9%86%D9%88-%D8%A7%D8%B3%DB%8C%D8%AF-%D8%AF%DB%8C-%DA%AF%D9%84%D9%88%D8%AA%D8%A7%D9%85%DB%8C%DA%A9-%D8%A7%D8%B3%DB%8C%D8%AF | https://tamadkala.com/product/9706/%D8%A7%D8%B3%DB%8C%D8%AF-%DA%AF%D9%84%D9%88%D8%AA%D8%A7%D9%85%DB%8C%DA%A9,(2S)-2-aminobutanedioic acid | آمینو اسید دی آسپارتیک اسید | آمینو اسید دی گلوتامیک اسید | اسید گلوتامیک | ال آسپارتیک اسید | گلوتامیک اسید,existing skill export | router_title_normalization | cid_reverified_pubchem_2026-08-24,verified_catalogue,2026-08-23
(2S)-2-aminopropanoic acid,Alanine,56-41-7,5950,QNAYBMKLOCPYGJ-REOHCLBHSA-N,C3H7NO2,89.09,C[C@@H](C(=O)O)N,confirmed_organic,organic_reagent,research,TamadKala,Iranian online wholesale/lab shop,product_page_listed_not_current_stock_verified,https://tamadkala.com/product/17055/%D8%A7%D8%B3%DB%8C%D8%AF-%D8%A2%D9%85%DB%8C%D9%86%D9%87-%D8%A7%D9%84-%D8%A2%D9%84%D8%A7%D9%86%DB%8C%D9%86 | https://tamadkala.com/product/17058/%D8%A7%D9%84-%D8%A2%D9%84%D8%A7%D9%86%DB%8C%D9%86-bioultra | https://tamadkala.com/product/17060/%D8%A2%D9%84%D8%A7%D9%86%DB%8C%D9%86,آلانین | اسید آمینه ال آلانین | ال آلانین bioultra,router_title_normalization,verified_catalogue,2026-08-23
(2S)-pyrrolidine-2-carboxylic acid,Proline,147-85-3,145742,ONIBWKKTOPOVIA-BYPYZUCNSA-N,C5H9NO2,115.13,C1C[C@H](NC1)C(=O)O,confirmed_organic,organic_reagent,research,TamadKala,Iranian online wholesale/lab shop,product_page_listed_not_current_stock_verified,https://tamadkala.com/product/164587/%D8%A7%D9%84-%D9%BE%D8%B1%D9%88%D9%84%DB%8C%D9%86-%D8%A8%D8%B1%D9%86%D8%AF-dyc-%DA%86%DB%8C%D9%86 | https://tamadkala.com/product/17304/%D8%A7%D9%84-%D9%BE%D8%B1%D9%88%D9%84%DB%8C%D9%86-p5607 | https://tamadkala.com/product/17307/%D8%A7%D8%B3%DB%8C%D8%AF-%D8%A2%D9%85%DB%8C%D9%86%D9%87-%D8%A7%D9%84-%D9%BE%D8%B1%D9%88%D9%84%DB%8C%D9%86-bioultra | https://tamadkala.com/product/17309/%D9%BE%D8%B1%D9%88%D9%84%DB%8C%D9%86-p3350000,اسید آمینه ال پرولین bioultra | ال پرولین p5607 | ال پرولین برند dyc چین | پرولین p3350000,router_title_normalization,verified_catalogue,2026-08-23
"(2S,3R,4S,5R,6R)-3,4,5,6-tetrahydroxyoxane-2-carboxylic acid",Pectin,9000-69-5,441476,AEMOLEFTQBMNLQ-DTEWXJGMSA-N,C6H10O7,194.14,[C@@H]1([C@H]([C@H](O[C@H]([C@@H]1O)O)C(=O)O)O)O,confirmed_organic,organic_reagent,,Telegram: jahaneshimicom,Iranian supplier Telegram catalogue,listed_not_current_stock_verified,,"(2S,3R,4S,5R,6R)-3,4,5,6-tetrahydroxyoxane-2-carboxylic acid",existing skill export,verified_catalogue,2026-08-23
"(2S,3S)-2-amino-3-methylpentanoic acid",Isoleucine,73-32-5,6306,AGPKZVBTJJNPAG-WHFBIAKZSA-N,C6H13NO2,131.17,CC[C@H](C)[C@@H](C(=O)O)N,confirmed_organic,organic_reagent,research,TamadKala,Iranian online wholesale/lab shop,product_page_listed_not_current_stock_verified,https://tamadkala.com/product/17062/%D8%A7%DB%8C%D8%B2%D9%88%D9%84%D9%88%D8%B3%DB%8C%D9%86 | https://tamadkala.com/product/17066/%D8%A2%D9%85%DB%8C%D9%86%D9%88-%D8%A7%D8%B3%DB%8C%D8%AF-%D8%A7%D9%84-%D8%A7%DB%8C%D8%B2%D9%88%D9%84%D9%88%D8%B3%DB%8C%D9%86-bioultra,آمینو اسید ال ایزولوسین bioultra | ایزولوسین,router_title_normalization,verified_catalogue,2026-08-23
"(2S,4R)-N-[(1S,2S)-2-chloro-1-[(2R,3R,4S,5R,6R)-3,4,5-trihydroxy-6-methylsulfanyloxan-2-yl]propyl]-1-methyl-4-propylpyrrolidine-2-carboxamide;hydrochloride",Clindamycin Hydrochloride,,16051951,AUODDLQVRAJAJM-XJQDNNTCSA-N,C18H34Cl2N2O5S,461.4,CCC[C@@H]1C[C@H](N(C1)C)C(=O)N[C@@H]([C@@H]2[C@@H]([C@@H]([C@H]([C@H](O2)SC)O)O)O)[C@H](C)Cl.Cl,confirmed_organic,pharmaceutical_or_api,research,BehChin Chemi Pharmed,Iranian supplier API/intermediate catalogue,supplier_catalogue_listed_not_current_stock_verified,https://www.behchinchemi.ir/en/our-products/active-pharmaceutical-ingredient,Clindamycin Hydrochloride,supplier_table,verified_catalogue,2026-08-23
"(3-hydroxy-2,2,4-trimethylpentyl) 2-methylpropanoate",Texanol,,6490,DAFHKNAQFPVRKR-UHFFFAOYSA-N,C12H24O3,216.32,CC(C)C(C(C)(C)COC(=O)C(C)C)O,confirmed_organic,organic_reagent,,Telegram: Maran_Tejarat_Eshen,Iranian supplier Telegram catalogue,listed_not_current_stock_verified,https://t.me/Maran_Tejarat_Eshen/650,"(3-hydroxy-2,2,4-trimethylpentyl) 2-methylpropanoate",existing skill export,verified_catalogue,2026-08-23
"(3R)-3-amino-1-[3-(trifluoromethyl)-6,8-dihydro-5H-[1,2,4]triazolo[4,3-a]pyrazin-7-yl]-4-(2,4,5-trifluorophenyl)butan-1-one",Sitagliptin,,4369359,MFFMDFFZMYYVKS-SECBINFHSA-N,C16H15F6N5O,407.31,C1CN2C(=NN=C2C(F)(F)F)CN1C(=O)C[C@@H](CC3=CC(=C(C=C3F)F)F)N,confirmed_organic,pharmaceutical_or_api,research,BehChin Chemi Pharmed,Iranian supplier API/intermediate catalogue,supplier_catalogue_listed_not_current_stock_verified,https://www.behchinchemi.ir/en/our-products/active-pharmaceutical-ingredient,Sitagliptin,supplier_table,verified_catalogue,2026-08-23
"(3R,4S,5S,6R)-6-(hydroxymethyl)oxane-2,3,4,5-tetrol",Glucose,50-99-7,5793,WQZGKKKJIJFFOK-GASJEMHNSA-N,C6H12O6,180.16,C([C@@H]1[C@H]([C@@H]([C@H](C(O1)O)O)O)O)O,confirmed_organic,organic_reagent,,DigiShimi | Fardad Shimi | TamadKala,Iranian online chemical shops | Iranian online lab-chemical shop | Iranian online wholesale/lab shop,product_page_listed_not_current_stock_verified,https://digishimii.ir/Product/%d8%af%da%a9%d8%b3%d8%aa%d8%b1%d9%88%d8%b2/ | https://tamadkala.com/product/14366/%DA%AF%D9%84%D9%88%DA%A9%D8%B2,دکستروز | دکستروز 1 آبه | ... | گلوکز | گلوکز ۱ آبه MERCK | ...,router_title_normalization,verified_catalogue,2026-08-23
"(3S,4R,5R)-2-(hydroxymethyl)oxane-2,3,4,5-tetrol",Fructose,57-48-7,2723872,LKDRXBCSQODPBY-VRPWFDPXSA-N,C6H12O6,180.16,C1[C@H]([C@H]([C@@H](C(O1)(CO)O)O)O)O,confirmed_organic,organic_reagent,,Fardad Shimi,Iranian online lab-chemical shop,product_page_listed_not_current_stock_verified,,فروکتوز MERCK | ...,router_title_normalization,verified_catalogue,2026-08-23
"(3S,8S,9S,10R,13R,14S,17R)-10,13-dimethyl-17-[(2R)-6-methylheptan-2-yl]-2,3,4,7,8,9,11,12,14,15,16,17-dodecahydro-1H-cyclopenta[a]phenanthren-3-ol",Cholesterol,57-88-5,5997,HVYWMOMLDIMFJA-DPAQBDIFSA-N,C27H46O,386.7,C[C@H](CCCC(C)C)[C@H]1CC[C@@H]2[C@@]1(CC[C@H]3[C@H]2CC=C4[C@@]3(CC[C@@H](C4)O)C)C,confirmed_organic,organic_reagent,,TamadKala,Iranian online wholesale/lab shop,product_page_listed_not_current_stock_verified,https://tamadkala.com/product/146369/%DA%A9%D9%84%D8%B3%D8%AA%D8%B1%D9%88%D9%84-%D8%B3%DB%8C%DA%AF%D9%85%D8%A7-c8503 | https://tamadkala.com/product/152205/%DA%A9%D9%84%D8%B3%D8%AA%D8%B1%D9%88%D9%84-%D8%B3%DB%8C%DA%AF%D9%85%D8%A7-%DA%A9%D8%AF-c3045,کلسترول سیگما c8503 | کلسترول سیگما کد c3045,router_title_normalization,verified_catalogue,2026-08-23
"(4R,5S,6S)-3-[(3S,5S)-5-(dimethylcarbamoyl)pyrrolidin-3-yl]sulfanyl-6-[(1R)-1-hydroxyethyl]-4-methyl-7-oxo-1-azabicyclo[3.2.0]hept-2-ene-2-carboxylic acid",Meropenem,,441130,DMJNNHOOLUXYBV-PQTSNVLCSA-N,C17H25N3O5S,383.5,C[C@@H]1[C@@H]2[C@H](C(=O)N2C(=C1S[C@H]3C[C@H](NC3)C(=O)N(C)C)C(=O)O)[C@@H](C)O,confirmed_organic,pharmaceutical_or_api,research,BehChin Chemi Pharmed,Iranian supplier API/intermediate catalogue,supplier_catalogue_listed_not_current_stock_verified,https://www.behchinchemi.ir/en/our-products/active-pharmaceutical-ingredient,Meropenem,supplier_table,verified_catalogue,2026-08-23
"(6'-acetyloxy-4',5'-dichloro-3-oxospiro[2-benzofuran-1,9'-xanthene]-3'-yl) acetate",Dichlorofluorescein diacetate,76-54-0,101615877,ISQNSAUDJAOTFD-UHFFFAOYSA-N,C24H14Cl2O7,485.3,CC(=O)OC1=C(C2=C(C=C1)C3(C4=C(O2)C(=C(C=C4)OC(=O)C)Cl)C5=CC=CC=C5C(=O)O3)Cl,confirmed_organic,organic_reagent,,TamadKala,Iranian online wholesale/lab shop,product_page_listed_not_current_stock_verified,https://tamadkala.com/product/34998/%D8%AF%DB%8C-%DA%A9%D9%84%D8%B1%D9%88-%D9%81%D9%84%D9%88%D8%B1%D8%B3%DB%8C%D9%86-%D8%AF%DB%8C-%D8%A7%D8%B3%D8%AA%D8%A7%D8%AA,دی کلرو فلورسین دی استات,router_title_normalization,verified_catalogue,2026-08-23
"(6aS,11bR)-7,11b-dihydro-6H-indeno[2,1-c]chromene-3,4,6a,9,10-pentol",Hematoxylin,517-28-2,442514,WZUVPPKBWHMQCE-XJKSGUPXSA-N,C16H14O6,302.28,C1C2=CC(=C(C=C2[C@H]3[C@@]1(COC4=C3C=CC(=C4O)O)O)O)O,confirmed_organic,colorant_or_indicator,,TamadKala,Iranian online wholesale/lab shop,product_page_listed_not_current_stock_verified,https://tamadkala.com/product/173613/%D9%87%D9%85%D8%A7%D8%AA%D9%88%DA%A9%D8%B3%DB%8C%D9%84%DB%8C%D9%86-indicator-%D8%AF%DA%A9%D8%AA%D8%B1-%D9%85%D8%AC%D9%84%D9%84%DB%8C,هماتوکسیلین indicator دکتر مجللی,router_title_normalization,verified_catalogue,2026-08-23
"(8R,9S,13S,14S,16R,17R)-13-methyl-6,7,8,9,11,12,14,15,16,17-decahydrocyclopenta[a]phenanthrene-3,16,17-triol",Estriol,50-27-1,5756,PROQIPRRNZUXQM-ZXXIGWHRSA-N,C18H24O3,288.4,C[C@]12CC[C@H]3[C@H]([C@@H]1C[C@H]([C@@H]2O)O)CCC4=C3C=CC(=C4)O,confirmed_organic,organic_reagent,research,Telegram: merckmillipore,Iranian supplier Telegram catalogue,listed_not_current_stock_verified,,"(8R,9S,13S,14S,16R,17R)-13-methyl-6,7,8,9,11,12,14,15,16,17-decahydrocyclopenta[a]phenanthrene-3,16,17-triol",existing skill export,verified_catalogue,2026-08-23
(benzyldisulfanyl)methylbenzene,Dibenzyl disulfide,150-60-7,9012,GVPWHKZIJBODOX-UHFFFAOYSA-N,C14H14S2,246.4,C1=CC=C(C=C1)CSSCC2=CC=CC=C2,confirmed_organic,organic_reagent,,TamadKala,Iranian online wholesale/lab shop,product_page_listed_not_current_stock_verified,,دی بنزیل دی سولفید | ...,router_title_normalization,verified_catalogue,2026-08-23
(E)-3-phenylprop-2-enal,Cinnamaldehyde,104-55-2,637511,KJPRLNWUNMBNBZ-QPJJXVBHSA-N,C9H8O,132.16,C1=CC=C(C=C1)/C=C/C=O,confirmed_organic,organic_reagent,,Telegram: ChemIranSanat,Iranian supplier Telegram catalogue,listed_not_current_stock_verified,,(E)-3-phenylprop-2-enal,existing skill export,verified_catalogue,2026-08-23
(E)-but-2-enedioic acid,Fumaric acid,,444972,VZCYOOQTPOCHFL-OWOJBTEDSA-N,C4H4O4,116.07,C(=C/C(=O)O)\C(=O)O,confirmed_organic,organic_reagent,,TamadKala,Iranian online wholesale/lab shop,product_page_listed_not_current_stock_verified,https://tamadkala.com/product/176075/%D8%A7%D8%B3%DB%8C%D8%AF-%D9%81%D9%88%D9%85%D8%A7%D8%B1%DB%8C%DA%A9-%D8%B5%D9%86%D8%B9%D8%AA%DB%8C,اسید فوماریک صنعتی,router_title_normalization,verified_catalogue,2026-08-23
"(E)-but-2-enedioic acid;2-(1-methylpiperidin-4-ylidene)-6-thiatricyclo[8.4.0.03,7]tetradeca-1(14),3(7),4,10,12-pentaen-8-one",Ketotifen Fumarate,,5282408,YNQQEYBLVYAWNX-WLHGVMLRSA-N,C23H23NO5S,425.5,CN1CCC(=C2C3=C(C(=O)CC4=CC=CC=C42)SC=C3)CC1.C(=C/C(=O)O)\C(=O)O,confirmed_organic,pharmaceutical_or_api,research,BehChin Chemi Pharmed,Iranian supplier API/intermediate catalogue,supplier_catalogue_listed_not_current_stock_verified,https://www.behchinchemi.ir/en/our-products/active-pharmaceutical-ingredient,Ketotifen Fumarate,supplier_table,verified_catalogue,2026-08-23
(phenyldisulfanyl)benzene,Diphenyl disulfide,,13436,GUUVPOWQJOLRAS-UHFFFAOYSA-N,C12H10S2,218.3,C1=CC=C(C=C1)SSC2=CC=CC=C2,confirmed_organic,organic_reagent,research,Telegram: minatajhiz,Iranian supplier Telegram catalogue,listed_not_current_stock_verified,https://t.me/minatajhiz/1032,(phenyldisulfanyl)benzene,existing skill export,verified_catalogue,2026-08-23
(Z)-but-2-enedioic acid,Maleic Acid,110-16-7,444266,VZCYOOQTPOCHFL-UPHRSURJSA-N,C4H4O4,116.07,C(=C\C(=O)O)\C(=O)O,confirmed_organic,organic_reagent,research,Fardad Shimi | TamadKala,Iranian online lab-chemical shop | Iranian online wholesale/lab shop,product_page_listed_not_current_stock_verified,https://fardadshimi.com/product/6857954/ | https://tamadkala.com/product/153418/%D9%85%D8%A7%D9%84%D8%A6%DB%8C%DA%A9-%D8%A7%D8%B3%DB%8C%D8%AF-%D8%A7%D9%85%D8%B1%D8%AA%D8%A7%D8%AA-%D8%B4%DB%8C%D9%85%DB%8C-%DA%AF%D8%B1%DB%8C%D8%AF-for-synthesis-rd,مالئیک اسید امرتات شیمی گرید for synthesis rd | مالئیک اسید مرک MERCK,router_title_normalization,verified_catalogue,2026-08-23
(Z)-but-2-enedioic acid;(2S)-1-[(2S)-2-[[(2S)-1-ethoxy-1-oxo-4-phenylbutan-2-yl]amino]propanoyl]pyrrolidine-2-carboxylic acid,Enalapril Maleate,,5388961,OYFJQPXVCSSHAI-QFPUQLAESA-N,C24H32N2O9,492.5,CCOC(=O)[C@H](CCC1=CC=CC=C1)N[C@@H](C)C(=O)N2CCC[C@H]2C(=O)O.C(=C\C(=O)O)\C(=O)O,confirmed_organic,pharmaceutical_or_api,research,BehChin Chemi Pharmed,Iranian supplier API/intermediate catalogue,supplier_catalogue_listed_not_current_stock_verified,https://www.behchinchemi.ir/en/our-products/active-pharmaceutical-ingredient,Enalapril Maleate,supplier_table,verified_catalogue,2026-08-23
(Z)-octadec-9-enoic acid,Oleic acid,112-80-1,445639,ZQPPMHVWECSIRJ-KTKRTIGZSA-N,C18H34O2,282.5,CCCCCCCC/C=C\CCCCCCCC(=O)O,confirmed_organic,organic_reagent,,Isatis Shimi | TamadKala,Iranian online chemical shops | Iranian online wholesale/lab shop,product_page_listed_not_current_stock_verified,https://isatisshimi.com/en/product/oleic-acid/ | https://isatisshimi.com/product/%d8%a7%d8%b3%db%8c%d8%af-%d8%a7%d9%88%d9%84%d8%a6%db%8c%da%a9/ | https://tamadkala.com/product/31968/%D8%A7%D9%88%D9%84%D8%A6%DB%8C%DA%A9-%D8%A7%D8%B3%DB%8C%D8%AF,Oleic Acid | اسید اولئیک | اولئیک اسید,router_title_normalization,verified_catalogue,2026-08-23
"1,1,2,2-tetrachloroethene",Perchloroethylene,127-18-4,31373,CYTYCFOTNPOANT-UHFFFAOYSA-N,C2Cl4,165.8,C(=C(Cl)Cl)(Cl)Cl,confirmed_organic,organic_reagent,,DigiShimi | TamadKala,Iranian online chemical shops | Iranian online wholesale/lab shop,product_page_listed_not_current_stock_verified,https://digishimii.ir/Product/%d9%be%d8%b1%da%a9%d9%84%d8%b1%d9%88%d8%a7%d8%aa%db%8c%d9%84%d9%86/ | https://tamadkala.com/product/149089/%D8%AA%D8%AA%D8%B1%D8%A7-%DA%A9%D9%84%D8%B1%D9%88%D9%82%D9%84%D8%B9,تترا کلروقلع | پرکلرواتیلن,router_title_normalization,verified_catalogue,2026-08-23
"1,1-dioxo-1,2-benzothiazol-3-one",Saccharin,81-07-2,5143,CVHZOJJKTDOEJC-UHFFFAOYSA-N,C7H5NO3S,183.19,C1=CC=C2C(=C1)C(=O)NS2(=O)=O,confirmed_organic,organic_reagent,,TamadKala,Iranian online wholesale/lab shop,product_page_listed_not_current_stock_verified,https://tamadkala.com/product/5621/%D9%81%D8%B1%D9%88%D8%B4-%D8%B3%D8%A7%D8%AE%D8%A7%D8%B1%DB%8C%D9%86-2,فروش ساخارین 2,router_title_normalization,verified_catalogue,2026-08-23
"1,10-phenanthroline;hydrate","1,10-Phenanthroline monohydrate",5144-89-8,21226,PPQJCISYYXZCAE-UHFFFAOYSA-N,C12H10N2O,198.22,C1=CC2=C(C3=C(C=CC=N3)C=C2)N=C1.O,confirmed_organic,organic_reagent,research,Fardad Shimi | TamadKala,Iranian online lab-chemical shop | Iranian online wholesale/lab shop,product_page_listed_not_current_stock_verified,https://tamadkala.com/product/193278/110-%D9%81%D9%86%D8%A7%D9%86%D8%AA%D8%B1%D9%88%D9%84%DB%8C%D9%86-%D9%85%D9%88%D9%86%D9%88%D9%87%DB%8C%D8%AF%D8%B1%D8%A7%D8%AA-acs-%D8%AF%DA%A9%D8%AA%D8%B1-%D9%85%D8%AC%D9%84%D9%84%DB%8C,"110 فنانترولین مونوهیدرات acs دکتر مجللی | ۱,۱۰- فنانترولین ۱ آبه مرک MERCK",router_title_normalization,verified_catalogue,2026-08-23
"1,2-dimethoxy-4-[(E)-prop-1-enyl]benzene",Methylisoeugenol,,637776,NNWHUJCUHAELCL-SNAWJCMRSA-N,C11H14O2,178.23,C/C=C/C1=CC(=C(C=C1)OC)OC,confirmed_organic,organic_reagent,research,Telegram: minatajhiz,Iranian supplier Telegram catalogue,listed_not_current_stock_verified,https://t.me/minatajhiz/100,"1,2-dimethoxy-4-[(E)-prop-1-enyl]benzene",existing skill export,verified_catalogue,2026-08-23
"1,3,5,7-tetrazatricyclo[3.3.1.13,7]decane",Hexamine,100-97-0,4101,VKYKSIONXSXAKP-UHFFFAOYSA-N,C6H12N4,140.19,C1N2CN3CN1CN(C2)C3,confirmed_organic,organic_reagent,,DigiShimi,Iranian online chemical shops,product_page_listed_not_current_stock_verified,https://digishimii.ir/Product/هگزامین/,هگزامین,router_title_normalization,verified_catalogue,2026-08-23
"1,3,5-triazine-2,4,6-triamine",Melamine,108-78-1,7955,JDSHMPZPIAZGSV-UHFFFAOYSA-N,C3H6N6,126.12,C1(=NC(=NC(=N1)N)N)N,confirmed_organic,organic_reagent,research,Fardad Shimi | Telegram: ChemIranSanat,Iranian online lab-chemical shop | Iranian supplier Telegram catalogue,listed_not_current_stock_verified | product_page_listed_not_current_stock_verified,https://t.me/ChemIranSanat/1905,"1,3,5-triazine-2,4,6-triamine | ملامین MERCK | ...",existing skill export | router_title_normalization,verified_catalogue,2026-08-23
"1,3,7-trimethylpurine-2,6-dione",Caffeine,58-08-2,2519,RYYVLZVUVIJVGH-UHFFFAOYSA-N,C8H10N4O2,194.19,CN1C=NC2=C1C(=O)N(C(=O)N2C)C,confirmed_organic,secondary_metabolite_or_natural_product,research,TamadKala | Telegram: ChemIranSanat,Iranian online research/chemical shop | Iranian online wholesale/lab shop | Iranian supplier Telegram catalogue,listed_not_current_stock_verified | product_page_listed_not_current_stock_verified,https://tamadkala.com/product/74876/%DA%A9%D8%A7%D9%81%D8%A6%DB%8C%D9%86 | https://tamadkala.com/product/98259/%DA%A9%D8%A7%D9%81%D8%A6%DB%8C%D9%86-extra-pure-%D9%86%D9%88%D8%AA%D8%B1%D9%88%D9%86,"1,3,7-trimethylpurine-2,6-dione | کافئین | کافئین extra pure نوترون",existing skill export | explicit_category_supplement | router_title_normalization,verified_catalogue,2026-08-23
"1,3-bis(hydroxymethyl)-5,5-dimethylimidazolidine-2,4-dione",Dmdm-hydantoin,,22947,WSDISUOETYTPRL-UHFFFAOYSA-N,C7H12N2O4,188.18,CC1(C(=O)N(C(=O)N1CO)CO)C,confirmed_organic,cosmetic_raw_material,,BehChin Chemi Pharmed,Iranian supplier API/intermediate catalogue,supplier_catalogue_listed_not_current_stock_verified,https://www.behchinchemi.ir/en/our-products/cosmetic-materials,Dmdm-hydantoin,supplier_table,verified_catalogue,2026-08-23
"1,3-diphenylpropane-1,3-dione",Dibenzoylmethane,,8433,NZZIMKJIVMHWJC-UHFFFAOYSA-N,C15H12O2,224.25,C1=CC=C(C=C1)C(=O)CC(=O)C2=CC=CC=C2,confirmed_organic,organic_reagent,research,Telegram: minatajhiz,Iranian supplier Telegram catalogue,listed_not_current_stock_verified,https://t.me/minatajhiz/1023,"1,3-diphenylpropane-1,3-dione",existing skill export,verified_catalogue,2026-08-23
"1,4-diazabicyclo[2.2.2]octane",Dabco,,9237,IMNIMPAHZVJRPE-UHFFFAOYSA-N,C6H12N2,112.17,C1CN2CCN1CC2,confirmed_organic,organic_reagent,research,Telegram: ChemIranSanat | Telegram: IranChemicals,Iranian supplier Telegram catalogue,listed_not_current_stock_verified,https://t.me/ChemIranSanat/1865 | https://t.me/IranChemicals/31153,"1,4-diazabicyclo[2.2.2]octane",existing skill export,verified_catalogue,2026-08-23
"1,4-dioxane","1,4-Dioxane",123-91-1,31275,RYHBNJHYFVUHQT-UHFFFAOYSA-N,C4H8O2,88.11,C1COCCO1,confirmed_organic,organic_reagent,research,TamadKala,Iranian online wholesale/lab shop,product_page_listed_not_current_stock_verified,,41 دی اکسان extra pure نوترون | ... | 41 دیاکسان dry نوترون 2 | ... | 41 دیاکسان hplc نوترون | ...,router_title_normalization,verified_catalogue,2026-08-23
"1,6-diisocyanatohexane",Hexamethylene diisocyanate,822-06-0,13192,RRAMGCGOFNQTLD-UHFFFAOYSA-N,C8H12N2O2,168.19,C(CCCN=C=O)CCN=C=O,confirmed_organic,organic_reagent,research,Telegram: minatajhiz,Iranian supplier Telegram catalogue,listed_not_current_stock_verified,https://t.me/minatajhiz/74,"1,6-diisocyanatohexane",existing skill export,verified_catalogue,2026-08-23
"1-(3,3a,4,5,6,6a-hexahydro-1H-cyclopenta[c]pyrrol-2-yl)-3-(4-methylphenyl)sulfonylurea",Gliclazide,,3475,BOVGTQGAOIONJV-UHFFFAOYSA-N,C15H21N3O3S,323.4,CC1=CC=C(C=C1)S(=O)(=O)NC(=O)NN2CC3CCCC3C2,confirmed_organic,pharmaceutical_or_api,research,BehChin Chemi Pharmed,Iranian supplier API/intermediate catalogue,supplier_catalogue_listed_not_current_stock_verified,https://www.behchinchemi.ir/en/our-products/active-pharmaceutical-ingredient,Gliclazide,supplier_table,verified_catalogue,2026-08-23
1-(9H-carbazol-4-yloxy)-3-[2-(2-methoxyphenoxy)ethylamino]propan-2-ol,Carvedilol,,2585,OGHNVEJMJSYVRP-UHFFFAOYSA-N,C24H26N2O4,406.5,COC1=CC=CC=C1OCCNCC(COC2=CC=CC3=C2C4=CC=CC=C4N3)O,confirmed_organic,pharmaceutical_or_api,research,BehChin Chemi Pharmed,Iranian supplier API/intermediate catalogue,supplier_catalogue_listed_not_current_stock_verified,https://www.behchinchemi.ir/en/our-products/active-pharmaceutical-ingredient,Carvedilol,supplier_table,verified_catalogue,2026-08-23
1-(bromomethyl)-2-phenylbenzene,1-(Bromomethyl)-2-phenylbenzene,,263365,SEXZHJJUKFXNDY-UHFFFAOYSA-N,C13H11Br,247.13,C1=CC=C(C=C1)C2=CC=CC=C2CBr,confirmed_organic,organic_reagent,research,Telegram: ChemIranSanat,Iranian supplier Telegram catalogue,listed_not_current_stock_verified,https://t.me/ChemIranSanat/65,1-(bromomethyl)-2-phenylbenzene,existing skill export,verified_catalogue,2026-08-23
1-(chloromethyl)-4-ethenylbenzene,p-Vinylbenzyl chloride,,74126,ZRZHXNCATOYMJH-UHFFFAOYSA-N,C9H9Cl,152.62,C=CC1=CC=C(C=C1)CCl,confirmed_organic,organic_reagent,research,Telegram: minatajhiz,Iranian supplier Telegram catalogue,listed_not_current_stock_verified,https://t.me/minatajhiz/713,1-(chloromethyl)-4-ethenylbenzene,existing skill export,verified_catalogue,2026-08-23
1-[chloro(ethoxy)phosphoryl]oxyethane,Diethyl chlorophosphate,,13139,LGTLXDJOAJDFLR-UHFFFAOYSA-N,C4H10ClO3P,172.55,CCOP(=O)(OCC)Cl,confirmed_organic,organic_reagent,research,Telegram: ChemIranSanat,Iranian supplier Telegram catalogue,listed_not_current_stock_verified,https://t.me/ChemIranSanat/1923,1-[chloro(ethoxy)phosphoryl]oxyethane,existing skill export,verified_catalogue,2026-08-23
1-bromobutane,Butyl bromide,,8002,MPPPKRYCTPRNTB-UHFFFAOYSA-N,C4H9Br,137.02,CCCCBr,confirmed_organic,organic_reagent,research,Telegram: minatajhiz,Iranian supplier Telegram catalogue,listed_not_current_stock_verified,https://t.me/minatajhiz/1089,1-bromobutane,existing skill export,verified_catalogue,2026-08-23
"1-bromopyrrolidine-2,5-dione",n-Bromosuccinimide,,67184,PCLIMKBDDGJMGD-UHFFFAOYSA-N,C4H4BrNO2,177.98,C1CC(=O)N(C1=O)Br,confirmed_organic,organic_reagent,,TamadKala,Iranian online wholesale/lab shop,product_page_listed_not_current_stock_verified,https://tamadkala.com/product/55234/n-%D8%A8%D8%B1%D9%88%D9%85%D9%88-%D8%B3%D9%88%DA%A9%D8%B3%DB%8C%D8%A7%D9%86%DB%8C%D9%85%DB%8C%D8%AF,n برومو سوکسیانیمید,router_title_normalization,verified_catalogue,2026-08-23
1-chloro-4-(4-chlorophenyl)sulfonylbenzene,"4,4'-Dichlorodiphenyl sulfone",,6625,GPAPPPVRLPGFEQ-UHFFFAOYSA-N,C12H8Cl2O2S,287.2,C1=CC(=CC=C1S(=O)(=O)C2=CC=C(C=C2)Cl)Cl,confirmed_organic,organic_reagent,research,Telegram: ChemIranSanat,Iranian supplier Telegram catalogue,listed_not_current_stock_verified,https://t.me/ChemIranSanat/1955,1-chloro-4-(4-chlorophenyl)sulfonylbenzene,existing skill export,verified_catalogue,2026-08-23
1-chlorobutane,1-Chlorobutane,109-69-3,8005,VFWCMGCRMGJXDK-UHFFFAOYSA-N,C4H9Cl,92.57,CCCCCl,confirmed_organic,organic_reagent,research,TamadKala,Iranian online wholesale/lab shop,product_page_listed_not_current_stock_verified,,1 کلروبوتان extra pure نوترون 1 | ... | 1 کلروبوتان hplc نوترون | ...,router_title_normalization,verified_catalogue,2026-08-23
"1-hydroxypyrrolidine-2,5-dione",N-Hydroxysuccinimide,,80170,NQTADLQHYWFPDB-UHFFFAOYSA-N,C4H5NO3,115.09,C1CC(=O)N(C1=O)O,confirmed_organic,organic_reagent,research,Telegram: ChemIranSanat,Iranian supplier Telegram catalogue,listed_not_current_stock_verified,https://t.me/ChemIranSanat/1991,"1-hydroxypyrrolidine-2,5-dione",existing skill export,verified_catalogue,2026-08-23
1-methyl-4-prop-1-en-2-ylcyclohexene,1-Methyl-4-Prop-1-En-2-Ylcyclohexene,,22311,XMGQYMWWDOXHJM-UHFFFAOYSA-N,C10H16,136.23,CC1=CCC(CC1)C(=C)C,confirmed_organic,organic_reagent,research,Telegram: minatajhiz,Iranian supplier Telegram catalogue,listed_not_current_stock_verified,https://t.me/minatajhiz/1043,1-methyl-4-prop-1-en-2-ylcyclohexene,existing skill export,verified_catalogue,2026-08-23
1-methylimidazole,1-Methylimidazole,616-47-7,1390,MCTWTZJPVLRJOU-UHFFFAOYSA-N,C4H6N2,82.10,CN1C=CN=C1,confirmed_organic,organic_reagent,,Fardad Shimi,Iranian online lab-chemical shop,product_page_listed_not_current_stock_verified,https://fardadshimi.com/product/6468363/,۱- متیل ایمیدازول MERCK,router_title_normalization,verified_catalogue,2026-08-23
1-methylpiperazine,1-Methylpiperazine,,53167,PVOAHINGSUIXLS-UHFFFAOYSA-N,C5H12N2,100.16,CN1CCNCC1,confirmed_organic,organic_reagent,research,Telegram: ChemIranSanat,Iranian supplier Telegram catalogue,listed_not_current_stock_verified,https://t.me/ChemIranSanat/1010,1-methylpiperazine,existing skill export,verified_catalogue,2026-08-23
1-methylpyrrolidin-2-one,1-Methyl-2-pyrrolidone,872-50-4,13387,SECXISVLQFMRJM-UHFFFAOYSA-N,C5H9NO,99.13,CN1CCCC1=O,confirmed_organic,organic_reagent,,TamadKala,Iranian online wholesale/lab shop,product_page_listed_not_current_stock_verified,https://tamadkala.com/product/29933/%DB%B1%D9%85%D8%AA%DB%8C%D9%84%DB%B2%D9%BE%DB%8C%D8%B1%D9%88%D9%84%DB%8C%D8%AF%D9%88%D9%86,۱متیل۲پیرولیدون,router_title_normalization,verified_catalogue,2026-08-23
10H-anthracen-9-one,Anthrone,90-44-8,7018,RJGDLRCDCYRQOQ-UHFFFAOYSA-N,C14H10O,194.23,C1C2=CC=CC=C2C(=O)C3=CC=CC=C31,confirmed_organic,organic_reagent,,Fardad Shimi,Iranian online lab-chemical shop,product_page_listed_not_current_stock_verified,,آنترون مرک MERCK,router_title_normalization,verified_catalogue,2026-08-23
10H-phenothiazine,Phenothiazine,,7108,WJFKNYWRSNBZNX-UHFFFAOYSA-N,C12H9NS,199.27,C1=CC=C2C(=C1)NC3=CC=CC=C3S2,confirmed_organic,organic_reagent,research,Telegram: ChemIranSanat | Telegram: minatajhiz,Iranian supplier Telegram catalogue,listed_not_current_stock_verified,https://t.me/ChemIranSanat/1798 | https://t.me/minatajhiz/1002,10H-phenothiazine,existing skill export,verified_catalogue,2026-08-23
"1H-1,2,4-triazole","1H-1,2,4-Triazole",288-88-0,9257,NSPMIYGKQJPBQR-UHFFFAOYSA-N,C2H3N3,69.07,C1=NC=NN1,confirmed_organic,organic_reagent,research,Telegram: minatajhiz,Iranian supplier Telegram catalogue,listed_not_current_stock_verified,https://t.me/minatajhiz/984,"1H-1,2,4-triazole",existing skill export,verified_catalogue,2026-08-23
"1H-3,1-benzoxazine-2,4-dione",Isatoic Anhydride,,8359,TXJUTRJFNRYTHH-UHFFFAOYSA-N,C8H5NO3,163.13,C1=CC=C2C(=C1)C(=O)OC(=O)N2,confirmed_organic,organic_reagent,research,Telegram: ChemIranSanat,Iranian supplier Telegram catalogue,listed_not_current_stock_verified,https://t.me/ChemIranSanat/1693,"1H-3,1-benzoxazine-2,4-dione",existing skill export,verified_catalogue,2026-08-23
1H-imidazole,Imidazole,288-32-4,795,RAXXELZNTBOGNW-UHFFFAOYSA-N,C3H4N2,68.08,C1=CN=CN1,confirmed_organic,organic_reagent,,Fardad Shimi | TamadKala,Iranian online lab-chemical shop | Iranian online wholesale/lab shop,product_page_listed_not_current_stock_verified,https://tamadkala.com/product/68101/%D8%A7%DB%8C%D9%85%DB%8C%D8%AF%D8%A7%D8%B2%D9%88%D9%84,ایمیدازول | ایمیدازول MERCK | ...,router_title_normalization,verified_catalogue,2026-08-23
1H-pyrazole,Pyrazole,,1048,WTKZEGDFNFYCGP-UHFFFAOYSA-N,C3H4N2,68.08,C1=CNN=C1,confirmed_organic,organic_reagent,,TamadKala,Iranian online wholesale/lab shop,product_page_listed_not_current_stock_verified,https://tamadkala.com/product/20886/%D9%BE%DB%8C%D8%B1%D8%A7%D8%B2%D9%88%D9%84,پیرازول,router_title_normalization,verified_catalogue,2026-08-23
1H-pyrrole-2-carbaldehyde,Pyrrole-2-carboxaldehyde,,13854,ZSKGQVFRTSEPJT-UHFFFAOYSA-N,C5H5NO,95.10,C1=CNC(=C1)C=O,confirmed_organic,organic_reagent,research,Telegram: minatajhiz,Iranian supplier Telegram catalogue,listed_not_current_stock_verified,https://t.me/minatajhiz/1049,1H-pyrrole-2-carbaldehyde,existing skill export,verified_catalogue,2026-08-23
"2,2,2-trichloroacetic acid",Trichloroacetic acid,76-03-9,6421,YNJBWRMUSHSURL-UHFFFAOYSA-N,C2HCl3O2,163.38,C(=O)(C(Cl)(Cl)Cl)O,confirmed_organic,organic_reagent,research,Fardad Shimi | TamadKala,Iranian online lab-chemical shop | Iranian online wholesale/lab shop,product_page_listed_not_current_stock_verified,https://tamadkala.com/product/9037/%D8%AA%D8%B1%DB%8C-%DA%A9%D9%84%D8%B1%D9%88%D8%A7%D8%B3%D8%AA%DB%8C%DA%A9-%D8%A7%D8%B3%DB%8C%D8%AF | https://tamadkala.com/product/95952/%D8%AA%D8%B1%DB%8C-%DA%A9%D9%84%D8%B1%D9%88-%D8%A7%D8%B3%D8%AA%DB%8C%DA%A9-%D8%A7%D8%B3%DB%8C%D8%AF-extra-pure-%D9%86%D9%88%D8%AA%D8%B1%D9%88%D9%86,تری کلرو استیک اسید MERCK | ... | تری کلرو استیک اسید extra pure نوترون | تری کلرواستیک اسید,router_title_normalization,verified_catalogue,2026-08-23
"2,2,2-trifluoro-N-methyl-N-trimethylsilylacetamide",N-methyl-N-(trimethylsilyl)trifluoroacetamide,,32510,MSPCIZMDDUQPGJ-UHFFFAOYSA-N,C6H12F3NOSi,199.25,CN(C(=O)C(F)(F)F)[Si](C)(C)C,confirmed_organic,organic_reagent,research,Telegram: minatajhiz,Iranian supplier Telegram catalogue,listed_not_current_stock_verified,https://t.me/minatajhiz/1094,"2,2,2-trifluoro-N-methyl-N-trimethylsilylacetamide",existing skill export,verified_catalogue,2026-08-23
"2,2,2-trifluoroacetic acid",Trifluoroacetic acid,76-05-1,6422,DTQVDTLACAAQTR-UHFFFAOYSA-N,C2HF3O2,114.02,C(=O)(C(F)(F)F)O,confirmed_organic,organic_reagent,research,TamadKala,Iranian online wholesale/lab shop,product_page_listed_not_current_stock_verified,,تری فلورو استیک اسید extra pure نوترون | ...,router_title_normalization,verified_catalogue,2026-08-23
"2,2,3,3,4,4,4-heptafluorobutanoic acid",Heptafluorobutyric acid,,9777,YPJUNDFVDDCYIH-UHFFFAOYSA-N,C4HF7O2,214.04,C(=O)(C(C(C(F)(F)F)(F)F)(F)F)O,confirmed_organic,organic_reagent,research,Telegram: ChemIranSanat,Iranian supplier Telegram catalogue,listed_not_current_stock_verified,https://t.me/ChemIranSanat/1815,"2,2,3,3,4,4,4-heptafluorobutanoic acid",existing skill export,verified_catalogue,2026-08-23
"2,2,4-trimethylpentan-1-ol","2,2,4-Trimethyl-1-pentanol",123-44-4,31258,CWPPDTVYIJETDF-UHFFFAOYSA-N,C8H18O,130.23,CC(C)CC(C)(C)CO,confirmed_organic,organic_reagent,,Telegram: chemgroup,Iranian supplier Telegram catalogue,listed_not_current_stock_verified,,"2,2,4-trimethylpentan-1-ol",existing skill export,verified_catalogue,2026-08-23
"2,2,4-trimethylpentane","2,2,4-Trimethylpentane",,10907,NHTMVDHEPJAVLT-UHFFFAOYSA-N,C8H18,114.23,CC(C)CC(C)(C)C,confirmed_organic,organic_reagent,research,Telegram: minatajhiz,Iranian supplier Telegram catalogue,listed_not_current_stock_verified,https://t.me/minatajhiz/765,"2,2,4-trimethylpentane",existing skill export,verified_catalogue,2026-08-23
"2,2-dihydroxyindene-1,3-dione",Ninhydrin,,10236,FEMOMIGRRWSMCU-UHFFFAOYSA-N,C9H6O4,178.14,C1=CC=C2C(=C1)C(=O)C(C2=O)(O)O,confirmed_organic,organic_reagent,,Fardad Shimi,Iranian online lab-chemical shop,product_page_listed_not_current_stock_verified,,نین هیدرین MERCK | ...,router_title_normalization,verified_catalogue,2026-08-23
"2,2-dimethylpropane-1,3-diol",Neopentyl glycol,126-30-7,31344,SLCVBVWXLSEKPL-UHFFFAOYSA-N,C5H12O2,104.15,CC(C)(CO)CO,confirmed_organic,organic_reagent,,Telegram: Maran_Tejarat_Eshen,Iranian supplier Telegram catalogue,listed_not_current_stock_verified,,"2,2-dimethylpropane-1,3-diol",existing skill export,verified_catalogue,2026-08-23
"2,2-Diphenyl-1-picrylhydrazyl",DPPH,1898-66-4,2735032,HHEAADYXPMHMCT-UHFFFAOYSA-N,C18H12N5O6,394.3,C1=CC=C(C=C1)N(C2=CC=CC=C2)[N]C3=C(C=C(C=C3[N+](=O)[O-])[N+](=O)[O-])[N+](=O)[O-],confirmed_organic,organic_reagent,,TamadKala,Iranian online wholesale/lab shop,product_page_listed_not_current_stock_verified,https://tamadkala.com/product/154569/%D8%AF%DB%8C-%D9%BE%DB%8C-%D9%BE%DB%8C-%D8%A7%DA%86-dpph-%D8%A8%D8%A7-%DA%A9%D8%AF-d9132-%D8%B3%DB%8C%DA%AF%D9%85%D8%A7 | https://tamadkala.com/product/84518/22-%D8%AF%DB%8C-%D9%81%D9%86%DB%8C%D9%84-%D9%BE%DB%8C%DA%A9%D8%B1%DB%8C%D9%84-%D9%87%DB%8C%D8%AF%D8%B1%D8%A7%D8%B2%DB%8C%D9%84,22 دی فنیل پیکریل هیدرازیل | دی پی پی اچ dpph با کد d9132 سیگما,router_title_normalization,verified_catalogue,2026-08-23
"2,3,4,5-tetrafluoroaniline","2,3,4,5-Tetrafluoroaniline",,21757,BEECAQIHCYTZHC-UHFFFAOYSA-N,C6H3F4N,165.09,C1=C(C(=C(C(=C1F)F)F)F)N,confirmed_organic,organic_reagent,research,Telegram: ChemIranSanat,Iranian supplier Telegram catalogue,listed_not_current_stock_verified,https://t.me/ChemIranSanat/1287,"2,3,4,5-tetrafluoroaniline",existing skill export,verified_catalogue,2026-08-23
"2,3,4,6,7,8,9,10-octahydropyrimido[1,2-a]azepine","1,8-Diazabicyclo(5.4.0)undec-7-ene",,81184,GQHTUMJGOHRCHB-UHFFFAOYSA-N,C9H16N2,152.24,C1CCC2=NCCCN2CC1,confirmed_organic,organic_reagent,research,Telegram: minatajhiz,Iranian supplier Telegram catalogue,listed_not_current_stock_verified,https://t.me/minatajhiz/1010,"2,3,4,6,7,8,9,10-octahydropyrimido[1,2-a]azepine",existing skill export,verified_catalogue,2026-08-23
"2,3-dimethylphenol",Xylenol,,10687,QWBBPBRQALCEIZ-UHFFFAOYSA-N,C8H10O,122.16,CC1=C(C(=CC=C1)O)C,confirmed_organic,organic_reagent,,TamadKala,Iranian online wholesale/lab shop,product_page_listed_not_current_stock_verified,https://tamadkala.com/product/2426/%D9%81%D8%B1%D9%88%D8%B4-%D8%B2%D8%A7%DB%8C%D9%84%DB%8C%D9%86,فروش زایلین,router_title_normalization,verified_catalogue,2026-08-23
"2,4,4-trimethylpent-2-ene","2,4,4-Trimethyl-2-pentene",107-40-4,7869,LAAVYEUJEMRIGF-UHFFFAOYSA-N,C8H16,112.21,CC(=CC(C)(C)C)C,confirmed_organic,organic_reagent,research,Telegram: minatajhiz,Iranian supplier Telegram catalogue,listed_not_current_stock_verified,,"2,4,4-trimethylpent-2-ene",existing skill export,verified_catalogue,2026-08-23
"2,4,6-trinitrobenzenesulfonic acid",Trinitrobenzenesulfonic Acid,,11045,NHJVRSWLHSJWIN-UHFFFAOYSA-N,C6H3N3O9S,293.17,C1=C(C=C(C(=C1[N+](=O)[O-])S(=O)(=O)O)[N+](=O)[O-])[N+](=O)[O-],confirmed_organic,organic_reagent,research,Telegram: ChemIranSanat,Iranian supplier Telegram catalogue,listed_not_current_stock_verified,https://t.me/ChemIranSanat/498,"2,4,6-trinitrobenzenesulfonic acid",existing skill export,verified_catalogue,2026-08-23
"2,4,6-trinitrophenol",Picric acid,88-89-1,6954,OXNIZHLAWKMVMX-UHFFFAOYSA-N,C6H3N3O7,229.10,C1=C(C=C(C(=C1[N+](=O)[O-])O)[N+](=O)[O-])[N+](=O)[O-],confirmed_organic,organic_reagent,,Fardad Shimi,Iranian online lab-chemical shop,product_page_listed_not_current_stock_verified,,پیکریک اسید PALLAV هندوستان | ...,router_title_normalization,verified_catalogue,2026-08-23
"2,4-dibromoaniline",Cadmium acetate,615-57-6,12004,DYSRXWYRUJCNFI-UHFFFAOYSA-N,C6H5Br2N,250.92,C1=CC(=C(C=C1Br)Br)N,confirmed_organic,organic_reagent,,Fardad Shimi,Iranian online lab-chemical shop,product_page_listed_not_current_stock_verified,,استات روی ۲ آبه MERCK | ...,router_title_normalization,verified_catalogue,2026-08-23
"2,4-dihydroxybenzoic acid","2,4-Dihydroxybenzoic Acid",,1491,UIAFKZKHHVMJGS-UHFFFAOYSA-N,C7H6O4,154.12,C1=CC(=C(C=C1O)O)C(=O)O,confirmed_organic,organic_reagent,research,Telegram: minatajhiz,Iranian supplier Telegram catalogue,listed_not_current_stock_verified,https://t.me/minatajhiz/1095,"2,4-dihydroxybenzoic acid",existing skill export,verified_catalogue,2026-08-23
"2,6-dibromo-4-[3-(3,5-dibromo-4-hydroxyphenyl)-1,1-dioxo-2,1lambda6-benzoxathiol-3-yl]phenol",Bromophenol blue,115-39-9,8272,UDSAIICHUKSCKT-UHFFFAOYSA-N,C19H10Br4O5S,670.0,C1=CC=C2C(=C1)C(OS2(=O)=O)(C3=CC(=C(C(=C3)Br)O)Br)C4=CC(=C(C(=C4)Br)O)Br,confirmed_organic,colorant_or_indicator,research,Fardad Shimi | TamadKala,Iranian online lab-chemical shop | Iranian online research/chemical shop | Iranian online wholesale/lab shop,product_page_listed_not_current_stock_verified,https://tamadkala.com/product/23498/%D8%A8%D8%B1%D9%88%D9%85%D9%88%D9%81%D9%86%D9%84-%D8%A8%D9%84%D9%88-acs-%D8%AF%DA%A9%D8%AA%D8%B1-%D9%85%D8%AC%D9%84%D9%84%DB%8C,بروموفنل بلو ACS دکتر مجللی | بروموفنل بلو acs دکتر مجللی | بروموفنل بلو مرک MERCK,explicit_category_supplement | router_title_normalization,verified_catalogue,2026-08-23
"2,6-ditert-butyl-4-methylphenol","2,6-Di-tert-butyl-4-methylphenol",128-37-0,31404,NLZUEZXRPGMBCV-UHFFFAOYSA-N,C15H24O,220.35,CC1=CC(=C(C(=C1)C(C)(C)C)O)C(C)(C)C,confirmed_organic,organic_reagent,,Telegram: jahaneshimicom,Iranian supplier Telegram catalogue,listed_not_current_stock_verified,,"2,6-ditert-butyl-4-methylphenol",existing skill export,verified_catalogue,2026-08-23
"2,7,8-trimethyl-2-(4,8,12-trimethyltridecyl)-3,4-dihydrochromen-6-ol",tocopherol,,14986,QUEDXNHFTDJVIY-UHFFFAOYSA-N,C28H48O2,416.7,CC1=C(C=C2CCC(OC2=C1C)(C)CCCC(C)CCCC(C)CCCC(C)C)O,confirmed_organic,pharmaceutical_or_api,,Rooz Darou | TamadKala,Iranian online research/chemical shop | Iranian pharmaceutical product catalogue,product_page_listed_not_current_stock_verified,https://tamadkala.com/product/87735/%D9%88%DB%8C%D8%AA%D8%A7%D9%85%DB%8C%D9%86-e-%D8%AE%D9%88%D8%B1%D8%A7%DA%A9%DB%8C | http://rouzdarou.com/products/%DA%A9%D9%BE%D8%B3%D9%88%D9%84-%D8%B3%D8%A7%D9%81%D8%AA-%DA%98%D9%84-%D9%88%DB%8C%D8%AA%D8%A7%D9%85%DB%8C%D9%86-%D8%A7%DB%8C-400iu-%D8%B1%D8%B2%D8%A7%D9%88%DB%8C%D8%AA,ویتامین E خوراکی | کپسول سافت ژل ویتامین ای 400IU رزاویت,explicit_category_supplement,verified_catalogue,2026-08-23
"2-(2-bromoethyl)isoindole-1,3-dione","1H-Isoindole-1,3(2H)-dione, 2-(2-bromoethyl)-",574-98-1,11325,CHZXTOCAICMPQR-UHFFFAOYSA-N,C10H8BrNO2,254.08,C1=CC=C2C(=C1)C(=O)N(C2=O)CCBr,confirmed_organic,organic_reagent,research,Telegram: minatajhiz,Iranian supplier Telegram catalogue,listed_not_current_stock_verified,https://t.me/minatajhiz/979,"2-(2-bromoethyl)isoindole-1,3-dione",existing skill export,verified_catalogue,2026-08-23
2-(2-cyanopropan-2-yldiazenyl)-2-methylpropanenitrile,Azobisisobutyronitrile,78-67-1,6547,OZAIFHULBGXAKX-UHFFFAOYSA-N,C8H12N4,164.21,CC(C)(C#N)N=NC(C)(C)C#N,confirmed_organic,organic_reagent,,TamadKala,Iranian online wholesale/lab shop,product_page_listed_not_current_stock_verified,https://tamadkala.com/product/19589/%CE%B1%CE%B1-azoisobutyronitrile,αα azoisobutyronitrile,router_title_normalization,verified_catalogue,2026-08-23
2-(2-hydroxyethoxy)ethanol,Diethylene glycol,111-46-6,8117,MTHSVFCYNBDYFN-UHFFFAOYSA-N,C4H10O3,106.12,C(COCCO)O,confirmed_organic,organic_reagent,,Chemical Iran | DigiShimi | Isatis Shimi,Iranian online chemical shops | Iranian online research/chemical shop,product_page_listed_not_current_stock_verified,https://digishimii.ir/Product/%d8%af%db%8c-%d8%a7%d8%aa%db%8c%d9%84%d9%86-%da%af%d9%84%db%8c%da%a9%d9%88%d9%84/ | https://isatisshimi.com/en/product/diethylene-glycol-deg/ | https://www.chemicaliran.com/,Di Ethylene Glycol (DEG) | Diethylene Glycol (DEG) | دی اتیلن گلیکول,explicit_category_supplement | router_title_normalization,verified_catalogue,2026-08-23
2-(2-hydroxyethylamino)ethanol,Diethanolamine,111-42-2,8113,ZBCBWPMODOFKDW-UHFFFAOYSA-N,C4H11NO2,105.14,C(CO)NCCO,confirmed_organic,organic_reagent,research,Chemical Iran | DigiShimi | Fardad Shimi | Isatis Shimi | TamadKala,Iranian online chemical shops | Iranian online lab-chemical shop | Iranian online research/chemical shop | Iranian online wholesale/lab shop,product_page_listed_not_current_stock_verified,https://digishimii.ir/Product/%d8%af%db%8c-%d8%a7%d8%aa%d8%a7%d9%86%d9%88%d9%84-%d8%a2%d9%85%db%8c%d9%86/ | https://fardadshimi.com/product/6199300/ | https://isatisshimi.com/en/product/diethanolamine-dea-4/ | https://tamadkala.com/product/18295/%D8%AF%DB%8C-%D8%A7%D8%AA%D8%A7%D9%86%D9%88%D9%84-%D8%A2%D9%85%DB%8C%D9%86 | https://www.chemicaliran.com/,Di Ethanol Amine (DEA) | Diethanolamine (DEA) | دی اتانول آمین | دی اتانول آمین extra pure دکتر مجللی | ... | دی اتانول آمین extra pure نوترون | ... | دی اتانول آمین laboratory دکتر مجللی | ... | دی اتانول آمین دکتر مجللی,explicit_category_supplement | router_title_normalization,verified_catalogue,2026-08-23
2-(2-methoxyethoxy)ethanol,Diethylene glycol monomethyl ether,109-86-4,8134,SBASXUCJHJRPEV-UHFFFAOYSA-N,C5H12O3,120.15,COCCOCCO,confirmed_organic,organic_reagent,research,Fardad Shimi | TamadKala,Iranian online lab-chemical shop | Iranian online wholesale/lab shop,product_page_listed_not_current_stock_verified,https://fardadshimi.com/product/6199347/ | https://tamadkala.com/product/76269/%D8%AF%DB%8C-%D8%A7%D8%AA%DB%8C%D9%84%D9%86-%DA%AF%D9%84%D8%A7%DB%8C%DA%A9%D9%88%D9%84-%D9%85%D9%88%D9%86%D9%88-%D9%85%D8%AA%DB%8C%D9%84-%D8%A7%D8%AA%D8%B1,دی اتیلن گلایکول مونو متیل اتر | دی اتیلن گلایکول مونو متیل اتر lab دکتر مج | ... | دی اتیلن گلایکول مونومتیل اتر دکتر مجللی,router_title_normalization,verified_catalogue,2026-08-23
2-(2-oxopyrrolidin-1-yl)acetamide,Piracetam,,4843,GMZVRMREEHBGGF-UHFFFAOYSA-N,C6H10N2O2,142.16,C1CC(=O)N(C1)CC(=O)N,confirmed_organic,pharmaceutical_or_api,research,BehChin Chemi Pharmed,Iranian supplier API/intermediate catalogue,supplier_catalogue_listed_not_current_stock_verified,https://www.behchinchemi.ir/en/our-products/active-pharmaceutical-ingredient,Piracetam,supplier_table,verified_catalogue,2026-08-23
2-(dimethylamino)ethanol,Dimethylaminoethanol,108-01-0,7902,UEEJHVSXFDXPFK-UHFFFAOYSA-N,C4H11NO,89.14,CN(C)CCO,confirmed_organic,organic_reagent,,TamadKala,Iranian online wholesale/lab shop,product_page_listed_not_current_stock_verified,https://tamadkala.com/product/18286/%D8%AF%DB%8C-%D9%85%D8%AA%DB%8C%D9%84-%D8%A7%D8%AA%D8%A7%D9%86%D9%88%D9%84-%D8%A2%D9%85%DB%8C%D9%86-dmea,دی متیل اتانول آمین dmea,router_title_normalization,verified_catalogue,2026-08-23
2-(trimethylazaniumyl)acetate,Betaine,107-43-7,247,KWIUHFFTVRNATP-UHFFFAOYSA-N,C5H11NO2,117.15,C[N+](C)(C)CC(=O)[O-],confirmed_organic,organic_reagent,,Isatis Shimi | Telegram: jahaneshimicom,Iranian online chemical shops | Iranian supplier Telegram catalogue,listed_not_current_stock_verified | product_page_listed_not_current_stock_verified,https://isatisshimi.com/en/product/betaine/ | https://isatisshimi.com/product/%d8%a8%d8%b3%d8%aa%d8%a7%db%8c%db%8c%d9%86/,2-(trimethylazaniumyl)acetate | Betaine | بتایین,existing skill export | router_title_normalization,verified_catalogue,2026-08-23
"2-[2-(2,6-dichloroanilino)phenyl]acetic acid",diclofenac,,3033,DCOPUUMXTXDBNB-UHFFFAOYSA-N,C14H11Cl2NO2,296.1,C1=CC=C(C(=C1)CC(=O)O)NC2=C(C=CC=C2Cl)Cl,confirmed_organic,pharmaceutical_or_api,,Pishgaman Shimi (IR Chem) | Rooz Darou,Iranian online research/chemical shop | Iranian pharmaceutical product catalogue,product_page_listed_not_current_stock_verified,https://irchem.ir/diclofenac-sodium/ | http://rouzdarou.com/products/%D9%82%D8%B1%D8%B5-%D8%AF%DB%8C%DA%A9%D9%84%D9%88%D9%81%D9%86%D8%A7%DA%A9-%D8%B3%D8%AF%DB%8C%D9%85-25,پودر دیکلوفناک سدیم | قرص دیکلوفناک سدیم 25,explicit_category_supplement,verified_catalogue,2026-08-23
2-[2-(2-hydroxyethoxy)ethoxy]ethanol,butyl diglycol,112-27-6,8146,XXJWXESWEXIICW-UHFFFAOYSA-N,C6H14O3,134.17,CCOCCOCCO,confirmed_organic,organic_reagent,research,Chemical Iran | DigiShimi | Fardad Shimi | Isatis Shimi | TamadKala,Iranian online chemical shops | Iranian online lab-chemical shop | Iranian online research/chemical shop | Iranian online wholesale/lab shop,product_page_listed_not_current_stock_verified,https://digishimii.ir/Product/%d8%aa%d8%b1%db%8c-%d8%a7%d8%aa%db%8c%d9%84%d9%86-%da%af%d9%84%db%8c%da%a9%d9%88%d9%84/ | https://fardadshimi.com/product/6199342/ | https://isatisshimi.com/product/%d8%aa%d8%b1%db%8c-%d8%a7%d8%aa%db%8c%d9%84%d9%86-%da%af%d9%84%d8%a7%db%8c%da%a9%d9%88%d9%84/ | https://tamadkala.com/product/33980/%D8%AF%DB%8C-%D8%A7%D8%AA%DB%8C%D9%84%D9%86-%DA%AF%D9%84%D8%A7%DB%8C%DA%A9%D9%88%D9%84-%D9%85%D9%88%D9%86%D9%88%D8%A8%D9%88%D8%AA%DB%8C%D9%84-%D8%A7%D8%AA%D8%B1 | https://tamadkala.com/product/33983/%D8%AF%DB%8C-%D8%A7%D8%AA%DB%8C%D9%84%D9%86-%DA%AF%D9%84%D8%A7%DB%8C%DA%A9%D9%88%D9%84-%D9%85%D9%88%D9%86%D9%88-%D8%A7%D8%AA%DB%8C%D9%84-%D8%A7%D8%AA%D8%B1 | https://tamadkala.com/product/76267/%D8%AF%DB%8C-%D8%A7%D8%AA%DB%8C%D9%84%D9%86-%DA%AF%D9%84%DB%8C%DA%A9%D9%88%D9%84-%D9%85%D9%88%D9%86%D9%88-%D8%A7%D8%AA%DB%8C%D9%84-%D8%A7%D8%AA%D8%B1-%D8%AF%DA%A9%D8%AA%D8%B1-%D9%85%D8%AC%D9%84%D9%84 | https://www.chemicaliran.com/,Tri Ethylene Glycol (TEG) | بوتیل دی گلایکول صنعتی | ... | تری اتیلن گلیکول | خرید تری‌ اتیلن گلایکول (TEG) | دی اتیلن گلایکول مونو اتیل اتر | دی اتیلن گلایکول مونو اتیل اتر lab دکتر مج | ... | دی اتیلن گلایکول مونواتیل اتر دکتر مجللی | دی اتیلن گلایکول مونوبوتیل اتر | دی اتیلن گ,explicit_category_supplement | router_title_normalization,verified_catalogue,2026-08-23
2-[2-[bis(carboxymethyl)amino]ethyl-(carboxymethyl)amino]acetic acid,EDTA,60-00-4,6049,KCXVZYZYPLLWCC-UHFFFAOYSA-N,C10H16N2O8,292.24,C(CN(CC(=O)O)CC(=O)O)N(CC(=O)O)CC(=O)O,confirmed_organic,organic_reagent,research,DigiShimi | Fardad Shimi | TamadKala | Telegram: IranChemicals,Iranian online chemical shops | Iranian online lab-chemical shop | Iranian online wholesale/lab shop | Iranian supplier Telegram catalogue,listed_not_current_stock_verified | product_page_listed_not_current_stock_verified,https://digishimii.ir/Product/%d8%a7%d8%af%d8%aa%d8%a7/ | https://fardadshimi.com/product/6200686/ | https://t.me/IranChemicals/28352 | https://t.me/IranChemicals/28841,2-[2-[bis(carboxymethyl)amino]ethyl-(carboxymethyl)amino]acetic acid | ا د ت آ (EDTA) ۱ کیلویی دکتر مجللی | ا د ت آ extra pure دکتر مجللی | ... | ادتا | ای دی تی آ edta قطران شیمی | ... | تیترانت edta دکتر مجللی | ...,existing skill export | router_title_normalization,verified_catalogue,2026-08-23
2-[[4-(dimethylamino)phenyl]diazenyl]benzoic acid,Methyl red,,10303,CEQFOVLGLXCDCX-UHFFFAOYSA-N,C15H15N3O2,269.30,CN(C)C1=CC=C(C=C1)N=NC2=CC=CC=C2C(=O)O,confirmed_organic,colorant_or_indicator,,Fardad Shimi | TamadKala,Iranian online lab-chemical shop | Iranian online wholesale/lab shop,product_page_listed_not_current_stock_verified,https://tamadkala.com/product/32900/%D9%85%D8%AA%DB%8C%D9%84-%D8%B1%D8%AF | https://tamadkala.com/product/76288/%D9%85%D8%AA%DB%8C%D9%84-%D8%B1%D8%AF-%D8%AF%DA%A9%D8%AA%D8%B1-%D9%85%D8%AC%D9%84%D9%84%DB%8C,متیل رد | متیل رد دکتر مجللی | متیل رد مرک MERCK,router_title_normalization,verified_catalogue,2026-08-23
2-[[4-[2-[4-(oxiran-2-ylmethoxy)phenyl]propan-2-yl]phenoxy]methyl]oxirane,Bisphenol A diglycidyl ether,,2286,LCFVJGUPQDGYKZ-UHFFFAOYSA-N,C21H24O4,340.4,CC(C)(C1=CC=C(C=C1)OCC2CO2)C3=CC=C(C=C3)OCC4CO4,confirmed_organic,organic_reagent,,TamadKala,Iranian online wholesale/lab shop,product_page_listed_not_current_stock_verified,https://tamadkala.com/product/2170/%D9%81%D8%B1%D9%88%D8%B4-%D8%A8%DB%8C%D8%B3%D9%81%D9%86%D9%88%D9%84-%D8%A7%DB%8C-%D8%AF%DB%8C-%DA%AF%D9%84%D8%A7%DB%8C%D8%B3%DB%8C%D8%AF%DB%8C%D9%84-%D8%A7%D8%AA%D8%B1,فروش بیسفنول ای دی گلایسیدیل اتر,router_title_normalization,verified_catalogue,2026-08-23
"2-[[5-[3-[3-[[bis(carboxymethyl)amino]methyl]-4-hydroxy-5-methylphenyl]-1,1-dioxo-2,1lambda6-benzoxathiol-3-yl]-2-hydroxy-3-methylphenyl]methyl-(carboxymethyl)amino]acetic acid",Xylenol orange,,73041,ORZHVTYKPFFVMG-UHFFFAOYSA-N,C31H32N2O13S,672.7,CC1=CC(=CC(=C1O)CN(CC(=O)O)CC(=O)O)C2(C3=CC=CC=C3S(=O)(=O)O2)C4=CC(=C(C(=C4)C)O)CN(CC(=O)O)CC(=O)O,confirmed_organic,organic_reagent,research,TamadKala,Iranian online wholesale/lab shop,product_page_listed_not_current_stock_verified,https://tamadkala.com/product/173846/%D8%B2%D8%A7%DB%8C%D9%84%DB%8C%D9%86%D9%88%D9%84-%D8%A7%D9%88%D8%B1%D9%86%D8%AC-acs-%D8%AF%DA%A9%D8%AA%D8%B1-%D9%85%D8%AC%D9%84%D9%84%DB%8C | https://tamadkala.com/product/76098/%D8%B2%D8%A7%DB%8C%D9%84%D9%86%DA%AF%D8%B2%DB%8C%D9%84%D9%88%D9%84-%D9%82%D8%B7%D8%B1%D8%A7%D9%86-%D8%B4%DB%8C%D9%85%DB%8C-%DA%AF%D8%B1%DB%8C%D8%AF-%D8%A2%D9%85%D9%88%D8%B2%D8%B4%DB%8C,زایلنگزیلول قطران شیمی گرید آموزشی | زایلینول اورنج acs دکتر مجللی,router_title_normalization,verified_catalogue,2026-08-23
2-[bis(2-hydroxyethyl)amino]ethanol,Triethanolamine,102-71-6,7618,GSEJCLTVZPLZKY-UHFFFAOYSA-N,C6H15NO3,149.19,C(CO)N(CCO)CCO,confirmed_organic,organic_reagent,research,Chemical Iran | DigiShimi | Fardad Shimi | Isatis Shimi | TamadKala,Iranian online chemical shops | Iranian online lab-chemical shop | Iranian online research/chemical shop | Iranian online wholesale/lab shop,product_page_listed_not_current_stock_verified,https://digishimii.ir/Product/%d8%aa%d8%b1%db%8c-%d8%a7%d8%aa%d8%a7%d9%86%d9%88%d9%84-%d8%a2%d9%85%db%8c%d9%86/ | https://fardadshimi.com/product/6199303/ | https://isatisshimi.com/en/product/triethanolamine-tea-3/ | https://tamadkala.com/product/155035/%D8%AA%D8%B1%DB%8C-%D8%A7%D8%AA%D8%A7%D9%86%D9%88%D9%84-%D8%A2%D9%85%DB%8C%D9%86-usp-%D9%86%D9%88%D8%AA%D8%B1%D9%88%D9%86 | https://tamadkala.com/product/163295/%D8%AA%D8%B1%DB%8C-%D8%A7%D8%AA%D8%A7%D9%86%D9%88%D9%84-%D8%A2%D9%85%DB%8C%D9%86-%D8%B5%D9%86%D8%B9%D8%AA%DB%8C | https://www.chemicaliran.com/,Tri Ethanol Amine (TEA) | Triethanolamine (TEA) | تری اتانول آمین | تری اتانول آمین extra pure دکتر مجللی | ... | تری اتانول آمین extra pure نوترون | ... | تری اتانول آمین laboratory دکتر مجللی 2 | ... | تری اتانول آمین usp نوترون | تری اتانول آمین دکتر مجللی | تری اتانول آمین صن,explicit_category_supplement | router_title_normalization,verified_catalogue,2026-08-23
2-acetyloxybenzoic acid,Aspirin,50-78-2,2244,BSYNRYMUTXBXSQ-UHFFFAOYSA-N,C9H8O4,180.16,CC(=O)OC1=CC=CC=C1C(=O)O,confirmed_organic,pharmaceutical_or_api,,TamadKala,Iranian online wholesale/lab shop,product_page_listed_not_current_stock_verified,,آسپرین قطران شیمی | ...,router_title_normalization,verified_catalogue,2026-08-23
"2-amino-2-(hydroxymethyl)propane-1,3-diol",Tris base,77-86-1,6503,LENZDBCJOHFCAS-UHFFFAOYSA-N,C4H11NO3,121.14,,confirmed_organic,organic_reagent,research,Fardad Shimi | TamadKala | Telegram: ChemIranSanat | telegram:ChemIranSanat,Iranian online lab-chemical shop | Iranian online wholesale/lab shop | Iranian supplier Telegram catalogue | telegram:ChemIranSanat,listed_not_current_stock_verified | product_page_listed_not_current_stock_verified,https://t.me/ChemIranSanat/1725 | https://tamadkala.com/product/95949/%D8%AA%D8%B1%DB%8C%D8%B3-%D8%A8%DB%8C%D8%B3-extra-pure-%D9%86%D9%88%D8%AA%D8%B1%D9%88%D9%86,"2-amino-2-(hydroxymethyl)propane-1,3-diol | اسید تارتاریک ۱ کیلویی دکتر مجللی | ... | تریس بیس extra pure نوترون",existing skill export | router_title_normalization | cid_reverified_pubchem_2026-08-24 | alias+pubchem,verified_catalogue | verified_telegram_listing,2026-08-23
2-aminoacetic acid,Glycine,56-40-6,750,DHMQDGOQFOQNFH-UHFFFAOYSA-N,C2H5NO2,75.07,C(C(=O)O)N,confirmed_organic,organic_reagent,research,Fardad Shimi | TamadKala | Telegram: merckmillipore,Iranian online lab-chemical shop | Iranian online wholesale/lab shop | Iranian supplier Telegram catalogue,listed_not_current_stock_verified | product_page_listed_not_current_stock_verified,https://t.me/merckmillipore/322 | https://tamadkala.com/product/17281/%DA%AF%D9%84%DB%8C%D8%B3%DB%8C%D9%86-bioultra | https://tamadkala.com/product/17287/%D8%A2%D9%85%DB%8C%D9%86%D9%88-%D8%A7%D8%B3%DB%8C%D8%AF-%DA%AF%D9%84%DB%8C%D8%B3%DB%8C%D9%86-bioxtra-g7403 | https://tamadkala.com/product/17290/%D8%A2%D9%85%DB%8C%D9%86%D9%88-%D8%A7%D8%B3%DB%8C%D8%AF-%DA%AF%D9%84%D8%A7%DB%8C%D8%B3%DB%8C%D9%86-g8790 | https://tamadkala.com/product/17292/%DA%AF%D9%84%DB%8C%D8%B3%DB%8C%D9%86-2 | https://tamadkala.com/product/17298/%DA%AF%D9%84%DB%8C%D8%B3%DB%8C%D9%86 | https://tamadkala.com/product/17302/%D8%A2%D9%85%DB%8C%D9%86%D9%88-%D8%A7%D8%B3%DB%8C%D8%AF-%DA%AF%D9%84%DB%8C%D8%B3%DB%8C%D9%86 | https://tamadkala.com/product/6410/%D9%81%D8%B1%D9%88%D8%B4-%DA%AF%D9%84%D8%A7%DB%8C%D8%B3%DB%8C%D9%86,2-aminoacetic acid | آمینو اسید گلایسین g8790 | آمینو اسید گلیسین | آمینو اسید گلیسین bioxtra g7403 | فروش گلایسین | گلایسین MERCK | ... | گلیسین | گلیسین 2 | گلیسین bioultra,existing skill export | router_title_normalization,verified_catalogue,2026-08-23
2-aminoethanol,Monoethanolamine,141-43-5,700,HZAXFHJVJLSVMW-UHFFFAOYSA-N,C2H7NO,61.08,C(CO)N,confirmed_organic,organic_reagent,research,DigiShimi | Fardad Shimi | Isatis Shimi | TamadKala,Iranian online chemical shops | Iranian online lab-chemical shop | Iranian online wholesale/lab shop,product_page_listed_not_current_stock_verified,https://digishimii.ir/Product/%d9%85%d9%88%d9%86%d9%88-%d8%a7%d8%aa%d8%a7%d9%86%d9%88%d9%84-%d8%a2%d9%85%db%8c%d9%86/ | https://digishimii.ir/Product/مونو-اتانول-آمین/ | https://fardadshimi.com/product/6199296/ | https://isatisshimi.com/en/product/monoethanolamine-mea-3/ | https://isatisshimi.com/en/product/monoethanolamine/,Monoethanolamine | Monoethanolamine (MEA) | مونو اتانول آمین | مونو اتانول آمین extra pure دکتر مجللی | ... | مونو اتانول آمین extra pure نوترون | ... | مونو اتانول آمین laboratory دکتر مجللی | ... | مونو اتانول آمین دکتر مجللی,router_title_normalization,verified_catalogue,2026-08-23
"2-benzofuran-1,3-dione",Phthalic anhydride,85-44-9,6811,LGRFSURHDFAFJT-UHFFFAOYSA-N,C8H4O3,148.11,C1=CC=C2C(=C1)C(=O)OC2=O,confirmed_organic,organic_reagent,,Fardad Shimi,Iranian online lab-chemical shop,product_page_listed_not_current_stock_verified,https://fardadshimi.com/product/6197446/,فتالیک آنیدرید MERCK,router_title_normalization,verified_catalogue,2026-08-23
"2-bromo-4-[3-(3-bromo-4-hydroxy-2-methyl-5-propan-2-ylphenyl)-1,1-dioxo-2,1lambda6-benzoxathiol-3-yl]-3-methyl-6-propan-2-ylphenol",Bromothymol blue,,6450,NUHCTOLBWMJMLX-UHFFFAOYSA-N,C27H28Br2O5S,624.4,CC1=C(C=C(C(=C1Br)O)C(C)C)C2(C3=CC=CC=C3S(=O)(=O)O2)C4=C(C(=C(C(=C4)C(C)C)O)Br)C,confirmed_organic,colorant_or_indicator,research,TamadKala,Iranian online research/chemical shop | Iranian online wholesale/lab shop,product_page_listed_not_current_stock_verified,https://tamadkala.com/product/23488/%D8%A8%D8%B1%D9%85%D9%88%D8%AA%DB%8C%D9%85%D9%88%D9%84-%D8%A8%D9%84%D9%88-acs-%D8%AF%DA%A9%D8%AA%D8%B1-%D9%85%D8%AC%D9%84%D9%84%DB%8C | https://tamadkala.com/product/75034/%D9%85%D8%B9%D8%B1%D9%81-%D8%A8%D8%B1%D9%85%D9%88-%D8%AA%D9%8A%D9%85%D9%88%D9%84-%D8%A8%D9%84%D9%88-%D9%85%D8%AD%D9%84%D9%88%D9%84-%D9%82%D8%B7%D8%B1%D8%A7%D9%86-%D8%B4%DB%8C%D9%85%DB%8C | https://tamadkala.com/product/79717/%D9%85%D8%B9%D8%B1%D9%81-%D8%A8%D8%B1%D9%88%D9%85%D9%88-%D8%AA%DB%8C%D9%85%D9%88%D9%84-%D8%A8%D9%84%D9%88-%D9%82%D8%B7%D8%B1%D8%A7%D9%86-%D8%B4%DB%8C%D9%85%DB%8C,برموتیمول بلو ACS دکتر مجللی | برموتیمول بلو acs دکتر مجللی | معرف برمو تيمول بلو محلول قطران شیمی | معرف برومو تیمول بلو قطران شیمی,explicit_category_supplement | router_title_normalization,verified_catalogue,2026-08-23
"2-bromo-4-[3-(3-bromo-4-hydroxy-5-methylphenyl)-1,1-dioxo-2,1lambda6-benzoxathiol-3-yl]-6-methylphenol",Bromocresol purple,,8273,ABIUHPWEYMSGSR-UHFFFAOYSA-N,C21H16Br2O5S,540.2,CC1=CC(=CC(=C1O)Br)C2(C3=CC=CC=C3S(=O)(=O)O2)C4=CC(=C(C(=C4)C)O)Br,confirmed_organic,organic_reagent,research,Fardad Shimi | TamadKala,Iranian online lab-chemical shop | Iranian online wholesale/lab shop,product_page_listed_not_current_stock_verified,https://tamadkala.com/product/173826/%D8%A8%D8%B1%D9%88%D9%85%D9%88%DA%A9%D8%B1%D9%88%D8%B2%D9%88%D9%84-%D8%A8%D9%86%D9%81%D8%B4-acs-%D8%AF%DA%A9%D8%AA%D8%B1-%D9%85%D8%AC%D9%84%D9%84%DB%8C | https://tamadkala.com/product/19594/bromocresol-purple | https://tamadkala.com/product/75078/%D9%85%D8%B9%D8%B1%D9%81-%D8%A8%D8%B1%D9%88%D9%85%D9%88-%D9%83%D8%B1%D8%B2%D9%88%D9%84-%D9%BE%D9%88%D8%B1%D9%BE%D9%84-%D9%82%D8%B7%D8%B1%D8%A7%D9%86-%D8%B4%DB%8C%D9%85%DB%8C,bromocresol purple | بروموکروزول بنفش acs دکتر مجللی | بروموکروزول پرپل مرک MERCK | معرف برومو كرزول پورپل قطران شیمی,router_title_normalization,verified_catalogue,2026-08-23
2-bromoethenylbenzene,Dopamine hydrochloride,103-64-0,7667,YMOONIIMQBGTDU-UHFFFAOYSA-N,C8H7Br,183.04,C1=CC=C(C=C1)C=CBr,confirmed_organic,organic_reagent,,TamadKala,Iranian online wholesale/lab shop,product_page_listed_not_current_stock_verified,,دوپامین هیدروکلراید | ...,router_title_normalization,verified_catalogue,2026-08-23
2-butoxyethanol,2-Butoxyethanol,111-76-2,8133,POAOYUHQDCAZBD-UHFFFAOYSA-N,C6H14O2,118.17,CCCCOCCO,confirmed_organic,organic_reagent,,Telegram: Maran_Tejarat_Eshen,Iranian supplier Telegram catalogue,listed_not_current_stock_verified,,2-butoxyethanol,existing skill export,verified_catalogue,2026-08-23
2-fluorobenzoic acid,2-Fluorobenzoic acid,,9935,NSTREUWFTAOOKS-UHFFFAOYSA-N,C7H5FO2,140.11,C1=CC=C(C(=C1)C(=O)O)F,confirmed_organic,organic_reagent,research,Telegram: ChemIranSanat,Iranian supplier Telegram catalogue,listed_not_current_stock_verified,https://t.me/ChemIranSanat/1869,2-fluorobenzoic acid,existing skill export,verified_catalogue,2026-08-23
"2-hydroxy-3,5-dinitrobenzoic acid","3,5-Dinitrosalicylic acid",,11873,LWFUFLREGJMOIZ-UHFFFAOYSA-N,C7H4N2O7,228.12,C1=C(C=C(C(=C1C(=O)O)O)[N+](=O)[O-])[N+](=O)[O-],confirmed_organic,organic_reagent,research,Telegram: ChemIranSanat,Iranian supplier Telegram catalogue,listed_not_current_stock_verified,https://t.me/ChemIranSanat/1855,"2-hydroxy-3,5-dinitrobenzoic acid",existing skill export,verified_catalogue,2026-08-23
2-hydroxy-5-[(4-nitrophenyl)diazenyl]benzoic acid,Alizarin Yellow R,2243-76-7,15588,YVJPMMYYRNHJAU-UHFFFAOYSA-N,C13H9N3O5,287.23,C1=CC(=CC=C1N=NC2=CC(=C(C=C2)O)C(=O)O)[N+](=O)[O-],confirmed_organic,organic_reagent,,TamadKala,Iranian online wholesale/lab shop,product_page_listed_not_current_stock_verified,https://tamadkala.com/product/32862/%D8%A2%D9%84%DB%8C%D8%B2%D8%A7%D8%B1%DB%8C%D9%86-%D8%B2%D8%B1%D8%AF-%D8%A2%D8%B1,آلیزارین زرد آر,router_title_normalization,verified_catalogue,2026-08-23
2-hydroxy-5-sulfobenzoic acid,Sulfosalicylic acid,,7322,YCPXWRQRBFJBPZ-UHFFFAOYSA-N,C7H6O6S,218.19,C1=CC(=C(C=C1S(=O)(=O)O)C(=O)O)O,confirmed_organic,organic_reagent,research,TamadKala,Iranian online wholesale/lab shop,product_page_listed_not_current_stock_verified,,اسید سولفوسالیسیلیک extra pure دکتر مجللی | ... | اسید سولفوسالیسیلیک laboratory دکتر مجللی | ...,router_title_normalization,verified_catalogue,2026-08-23
2-hydroxybenzoic acid,salicylic acid,69-72-7,338,YGSDEFSMJLZEOE-UHFFFAOYSA-N,C7H6O3,138.12,C1=CC=C(C(=C1)C(=O)O)O,confirmed_organic,organic_reagent,research,Fardad Shimi | TamadKala,Iranian online lab-chemical shop | Iranian online wholesale/lab shop,product_page_listed_not_current_stock_verified,https://fardadshimi.com/product/6197522/ | https://tamadkala.com/product/168200/%D8%A7%D8%B3%DB%8C%D8%AF-%D8%B3%D8%A7%D9%84%DB%8C%D8%B3%DB%8C%D9%84%DB%8C%DA%A9-extra-pure-%D8%AF%DA%A9%D8%AA%D8%B1-%D9%85%D8%AC%D9%84%D9%84%DB%8C-1 | https://tamadkala.com/product/34013/%D8%B3%D8%A7%D9%84%DB%8C%D8%B3%DB%8C%D9%84%DB%8C%DA%A9-%D8%A7%D8%B3%DB%8C%D8%AF | https://tamadkala.com/product/68488/%D8%B3%D8%A7%D9%84%DB%8C%D8%B3%DB%8C%D9%84%DB%8C%DA%A9-%D8%A7%D8%B3%DB%8C%D8%AF-%D9%82%D8%B7%D8%B1%D8%A7%D9%86-%D8%B4%DB%8C%D9%85%DB%8C,اسید سالیسیلیک extra pure دکتر مجللی 1 | اسید سالیسیلیک extra pure دکتر مجللی 2 | ... | اسید سالیسیلیک برند dyc چین | ... | سالیسیلیک اسید | سالیسیلیک اسید MERCK | سالیسیلیک اسید قطران شیمی,router_title_normalization,verified_catalogue,2026-08-23
2-hydroxybutanedioic acid,Malic acid,6915-15-7,525,BJEPYKJPYRNKOW-UHFFFAOYSA-N,C4H6O5,134.09,C(C(C(=O)O)O)C(=O)O,confirmed_organic,organic_reagent,,DigiShimi | TamadKala,Iranian online chemical shops | Iranian online wholesale/lab shop,product_page_listed_not_current_stock_verified,https://digishimii.ir/Product/%d8%a7%d8%b3%db%8c%d8%af-%d9%85%d8%a7%d9%84%db%8c%da%a9/ | https://tamadkala.com/product/6402/%D8%A7%D8%B3%DB%8C%D8%AF-%D9%85%D8%A7%D9%84%DB%8C%DA%A9,اسید مالیک,router_title_normalization,verified_catalogue,2026-08-23
2-hydroxyethyl 2-methylprop-2-enoate,2-Hydroxyethyl Methacrylate,868-77-9,13360,WOBHKFSMXKNTIM-UHFFFAOYSA-N,C6H10O3,130.14,CC(=C)C(=O)OCCO,confirmed_organic,organic_reagent,,Telegram: Maran_Tejarat_Eshen,Iranian supplier Telegram catalogue,listed_not_current_stock_verified,,2-hydroxyethyl 2-methylprop-2-enoate,existing skill export,verified_catalogue,2026-08-23
"2-hydroxypropane-1,2,3-tricarboxylic acid",Citric acid,77-92-9,311,KRKNYBCHXYNGOX-UHFFFAOYSA-N,C6H8O7,192.12,C(C(=O)O)C(CC(=O)O)(C(=O)O)O,confirmed_organic,organic_reagent,research,TamadKala | Telegram: Ch_Chemical_leaders | Telegram: chemgroup | Telegram: minatajhiz,Iranian online wholesale/lab shop | Iranian supplier Telegram catalogue,listed_not_current_stock_verified | product_page_listed_not_current_stock_verified,https://t.me/Ch_Chemical_leaders/51 | https://t.me/chemgroup/1502 | https://t.me/minatajhiz/22 | https://tamadkala.com/product/176081/%D8%A7%D8%B3%DB%8C%D8%AF-%D8%B3%DB%8C%D8%AA%D8%B1%DB%8C%DA%A9-%D8%AE%D8%B4%DA%A9-%D8%B5%D9%86%D8%B9%D8%AA%DB%8C | https://tamadkala.com/product/2162/%D9%81%D8%B1%D9%88%D8%B4-%D8%A7%D8%B3%DB%8C%D8%AF-%D8%B3%DB%8C%D8%AA%D8%B1%DB%8C%DA%A9 | https://tamadkala.com/product/67401/%D8%B3%D9%8A%D8%AA%D8%B1%D9%8A%D9%83-%D8%A7%D8%B3%D9%8A%D8%AF-%D9%82%D8%B7%D8%B1%D8%A7%D9%86-%D8%B4%DB%8C%D9%85%DB%8C | https://tamadkala.com/product/80646/%D8%A7%D8%B3%DB%8C%D8%AF-%D8%B3%DB%8C%D8%AA%D8%B1%DB%8C%DA%A9-acs-%D8%AF%DA%A9%D8%AA%D8%B1-%D9%85%D8%AC%D9%84%D9%84%DB%8C,"2-hydroxypropane-1,2,3-tricarboxylic acid | اسید سیتریک acs دکتر مجللی | اسید سیتریک خشک صنعتی | سيتريك اسيد قطران شیمی | فروش اسید سیتریک",existing skill export | router_title_normalization,verified_catalogue,2026-08-23
"2-hydroxypropane-1,2,3-tricarboxylic acid;hydrate",Citric acid monohydrate,,22230,YASYEJJMZJALEJ-UHFFFAOYSA-N,C6H10O8,210.14,C(C(=O)O)C(CC(=O)O)(C(=O)O)O.O,confirmed_organic,organic_reagent,research,DigiShimi | Fardad Shimi | ShimiMan | TamadKala,Iranian online chemical shop | Iranian online chemical shops | Iranian online lab-chemical shop | Iranian online wholesale/lab shop,product_page_listed_not_current_stock_verified,https://digishimii.ir/Product/%d8%a7%d8%b3%db%8c%d8%af-%d8%b3%db%8c%d8%aa%d8%b1%db%8c%da%a9-%d8%a2%d8%a8%d8%af%d8%a7%d8%b1/ | https://fardadshimi.com/product/6200694/ | https://shimiman.com/product/citric-acid-monohydrate-grade-extra-pure/ | https://shimiman.com/product/citric-acid-monohydrate-grade-usp/,citric acid monohydrate | ... | https://shimiman.com/product/citric-acid-monohydrate-grade-extra-pure/ | https://shimiman.com/product/citric-acid-monohydrate-grade-usp/ | اسید سیتریک آبدار | اسید سیتریک مونو هیدرات extra pure دکتر مجللی | ... | اسید سیتریک مونو هیدرات ۱ کیلویی دک,router_title_normalization | sitemap_title,verified_catalogue,2026-08-23
2-hydroxypropanoic acid,Lactic acid,50-21-5,612,JVTAAEKCZFNVCJ-UHFFFAOYSA-N,C3H6O3,90.08,CC(C(=O)O)O,confirmed_organic,organic_reagent,,DigiShimi | Isatis Shimi,Iranian online chemical shops,product_page_listed_not_current_stock_verified,https://digishimii.ir/Product/%d8%a7%d8%b3%db%8c%d8%af-%d9%84%d8%a7%da%a9%d8%aa%db%8c%da%a9/ | https://isatisshimi.com/en/product/lactic-acid/,Lactic Acid | اسید لاکتیک,router_title_normalization,verified_catalogue,2026-08-23
2-methoxyethanol,2-Methoxyethanol,,8019,XNWFRZJHXBZDAG-UHFFFAOYSA-N,C3H8O2,76.09,COCCO,confirmed_organic,organic_reagent,,TamadKala,Iranian online wholesale/lab shop,product_page_listed_not_current_stock_verified,,2 متوکسی اتانول | ...,router_title_normalization,verified_catalogue,2026-08-23
2-methyl-1H-imidazole,2-Methylimidazole,693-98-1,12749,LXBGSDVWAMZHDD-UHFFFAOYSA-N,C4H6N2,82.10,CC1=NC=CN1,confirmed_organic,organic_reagent,research,Fardad Shimi | Telegram: ChemIranSanat,Iranian online lab-chemical shop | Iranian supplier Telegram catalogue,listed_not_current_stock_verified | product_page_listed_not_current_stock_verified,https://t.me/ChemIranSanat/1319 | https://t.me/ChemIranSanat/1721 | https://t.me/ChemIranSanat/1858 | https://t.me/ChemIranSanat/1897,2-methyl-1H-imidazole | ۲- متیل ایمیدازول MERCK | ...,existing skill export | router_title_normalization,verified_catalogue,2026-08-23
2-methylaniline,Ortho-toluidine,95-53-4,7242,RNVCVTLRINQCPJ-UHFFFAOYSA-N,C7H9N,107.15,CC1=CC=CC=C1N,confirmed_organic,organic_reagent,,TamadKala,Iranian online wholesale/lab shop,product_page_listed_not_current_stock_verified,https://tamadkala.com/product/149101/%D8%A7%D9%88%D8%B1%D8%AA%D9%88-%D8%AA%D9%88%D9%84%DB%8C%D8%AF%DB%8C%D9%86,اورتو تولیدین,router_title_normalization,verified_catalogue,2026-08-23
2-methylbut-2-ene,2-Methyl-2-butene,,10553,BKOOMYPCSUNDGP-UHFFFAOYSA-N,C5H10,70.13,CC=C(C)C,confirmed_organic,organic_reagent,research,Telegram: ChemIranSanat,Iranian supplier Telegram catalogue,listed_not_current_stock_verified,https://t.me/ChemIranSanat/1390,2-methylbut-2-ene,existing skill export,verified_catalogue,2026-08-23
2-methyloxirane,Propylene Oxide,75-56-9,6378,GOOHAUXETOMSMM-UHFFFAOYSA-N,C3H6O,58.08,CC1CO1,confirmed_organic,organic_reagent,research,Telegram: minatajhiz,Iranian supplier Telegram catalogue,listed_not_current_stock_verified,https://t.me/minatajhiz/1037 | https://t.me/minatajhiz/985,2-methyloxirane,existing skill export,verified_catalogue,2026-08-23
2-methylpropan-1-ol,Isobutanol,78-83-1,6560,ZXEKIIBDNHEJCQ-UHFFFAOYSA-N,C4H10O,74.12,CC(C)CO,confirmed_organic,organic_reagent,research,TamadKala,Iranian online wholesale/lab shop,product_page_listed_not_current_stock_verified,https://tamadkala.com/product/168025/%D8%A7%DB%8C%D8%B2%D9%88%D8%A8%D9%88%D8%AA%D8%A7%D9%86%D9%88%D9%84-lab-%D8%AF%DA%A9%D8%AA%D8%B1-%D9%85%D8%AC%D9%84%D9%84%DB%8C,ایزوبوتانول lab دکتر مجللی,router_title_normalization,verified_catalogue,2026-08-23
2-methylpropan-2-ol,Tert-Butanol,75-65-0,6386,DKGAVHZHDRPRBM-UHFFFAOYSA-N,C4H10O,74.12,CC(C)(C)O,confirmed_organic,organic_reagent,,TamadKala,Iranian online wholesale/lab shop,product_page_listed_not_current_stock_verified,https://tamadkala.com/product/164915/%D8%AA%D8%B1%D8%AA-%D8%A8%D9%88%D8%AA%D8%A7%D9%86%D9%88%D9%84-%D8%A8%D8%B1%D9%86%D8%AF-%D9%84%D9%88%D8%A8%D8%A7-%D9%87%D9%86%D8%AF,ترت بوتانول برند لوبا هند,router_title_normalization,verified_catalogue,2026-08-23
2-methylpropane,Isobutane,,6360,NNPPMTNAJDCUHE-UHFFFAOYSA-N,C4H10,58.12,CC(C)C,confirmed_organic,organic_reagent,research,TamadKala,Iranian online wholesale/lab shop,product_page_listed_not_current_stock_verified,https://tamadkala.com/product/92861/%D8%A7%DB%8C%D8%B2%D9%88%D8%A7%DA%A9%D8%AA%D8%A7%D9%86-extra-pure-%D9%86%D9%88%D8%AA%D8%B1%D9%88%D9%86 | https://tamadkala.com/product/92862/%D8%A7%DB%8C%D8%B2%D9%88%D8%A7%DA%A9%D8%AA%D8%A7%D9%86-hplc-%D9%86%D9%88%D8%AA%D8%B1%D9%88%D9%86 | https://tamadkala.com/product/92863/%D8%A7%DB%8C%D8%B2%D9%88%D8%A7%DA%A9%D8%AA%D8%A7%D9%86-gc-%D9%86%D9%88%D8%AA%D8%B1%D9%88%D9%86 | https://tamadkala.com/product/92887/%D8%A7%DB%8C%D8%B2%D9%88%D8%A7%DA%A9%D8%AA%D8%A7%D9%86-dry-%D9%86%D9%88%D8%AA%D8%B1%D9%88%D9%86,ایزواکتان dry نوترون | ایزواکتان extra pure نوترون | ایزواکتان gc نوترون | ایزواکتان hplc نوترون,router_title_normalization,verified_catalogue,2026-08-23
2-nitrophenol,Nitro phenol,88-75-5,6947,IQUPABOKLQSFBK-UHFFFAOYSA-N,C6H5NO3,139.11,C1=CC=C(C(=C1)[N+](=O)[O-])O,confirmed_organic,organic_reagent,,TamadKala,Iranian online wholesale/lab shop,product_page_listed_not_current_stock_verified,https://tamadkala.com/product/164928/%D9%86%DB%8C%D8%AA%D8%B1%D9%88-%D9%81%D9%86%D9%88%D9%84-%D8%A8%D8%B1%D9%86%D8%AF-%D9%84%D9%88%D8%A8%D8%A7-%D9%87%D9%86%D8%AF,نیترو فنول برند لوبا هند,router_title_normalization,verified_catalogue,2026-08-23
2-octadecanoyloxyethyl octadecanoate,Glycol Distearate,,61174,FPVVYTCTZKCSOJ-UHFFFAOYSA-N,C38H74O4,595.0,CCCCCCCCCCCCCCCCCC(=O)OCCOC(=O)CCCCCCCCCCCCCCCCC,confirmed_organic,cosmetic_raw_material,,BehChin Chemi Pharmed,Iranian supplier API/intermediate catalogue,supplier_catalogue_listed_not_current_stock_verified,https://www.behchinchemi.ir/en/our-products/cosmetic-materials,Glycol Distearate,supplier_table,verified_catalogue,2026-08-23
2-sulfanylacetic acid,Thioglycolic acid,,1133,CWERGRDVMFNCDR-UHFFFAOYSA-N,C2H4O2S,92.12,C(C(=O)O)S,confirmed_organic,cosmetic_raw_material,research,Pishgaman Shimi (IR Chem) | TamadKala,Iranian online research/chemical shop | Iranian online wholesale/lab shop,product_page_listed_not_current_stock_verified,https://irchem.ir/thioglycolic-acid/ | https://tamadkala.com/product/174212/%D8%AA%DB%8C%D9%88-%DA%AF%D9%84%DB%8C%DA%A9%D9%88%D9%84%DB%8C%DA%A9-%D8%A7%D8%B3%DB%8C%D8%AF,اسید تیوگلیکولیک | تیو گلیکولیک اسید | تیوگلیکولیک اسید lab دکتر مجللی | ...,explicit_category_supplement | router_title_normalization,verified_catalogue,2026-08-23
2H-benzotriazole,1H-Benzotriazole,95-14-7,7220,QRUDEWIWKLJBPS-UHFFFAOYSA-N,C6H5N3,119.12,C1=CC2=NNN=C2C=C1,confirmed_organic,organic_reagent,,Telegram: ChemIranSanat,Iranian supplier Telegram catalogue,listed_not_current_stock_verified,,2H-benzotriazole,existing skill export,verified_catalogue,2026-08-23
"3,3-bis(4-hydroxy-2-methyl-5-propan-2-ylphenyl)-2-benzofuran-1-one",Thymolphthalein,125-20-2,31316,LDKDGDIWEUUXSH-UHFFFAOYSA-N,C28H30O4,430.5,CC1=CC(=C(C=C1C2(C3=CC=CC=C3C(=O)O2)C4=CC(=C(C=C4C)O)C(C)C)C(C)C)O,confirmed_organic,organic_reagent,,TamadKala,Iranian online wholesale/lab shop,product_page_listed_not_current_stock_verified,https://tamadkala.com/product/32856/%D8%AA%DB%8C%D9%85%D9%88%D9%84-%D9%81%D8%AA%D8%A7%D9%84%D8%A6%DB%8C%D9%86,تیمول فتالئین,router_title_normalization,verified_catalogue,2026-08-23
"3,3-bis(4-hydroxyphenyl)-2-benzofuran-1-one",Bisphenol A,77-09-8,6623,IISBACLAFKSPIT-UHFFFAOYSA-N,C15H16O2,228.29,CC(C)(C1=CC=C(C=C1)O)C2=CC=C(C=C2)O,confirmed_organic,organic_reagent,research,TamadKala | Telegram: minatajhiz,Iranian online wholesale/lab shop | Iranian supplier Telegram catalogue,listed_not_current_stock_verified | product_page_listed_not_current_stock_verified,https://t.me/minatajhiz/1035 | https://tamadkala.com/product/12574/%D9%81%D9%86%D9%88%D9%84-%D9%81%D8%AA%D8%A7%D9%84%D8%A6%DB%8C%D9%86 | https://tamadkala.com/product/23739/%D9%81%D9%86%D9%84-%D9%81%D8%AA%D8%A7%D9%84%D8%A6%DB%8C%D9%86-acs-%D8%AF%DA%A9%D8%AA%D8%B1-%D9%85%D8%AC%D9%84%D9%84%DB%8C | https://tamadkala.com/product/55230/%D8%A8%DB%8C%D8%B3%D9%81%D9%86%D9%88%D9%84-a | https://tamadkala.com/product/68382/%D9%81%D9%86%D9%84-%D9%81%D8%AA%D8%A7%D9%84%D8%A6%DB%8C%D9%86-%D9%82%D8%B7%D8%B1%D8%A7%D9%86-%D8%B4%DB%8C%D9%85%DB%8C,4-[2-(4-hydroxyphenyl)propan-2-yl]phenol | بیسفنول a | فنل فتالئین acs دکتر مجللی | فنل فتالئین قطران شیمی | فنول فتالئین,existing skill export | router_title_normalization,verified_catalogue,2026-08-23
"3,4,5-trihydroxy-5-(hydroxymethyl)-2-methoxycyclohex-2-en-1-one",Gadusol,,195955,KENOUOLPKKQXMX-UHFFFAOYSA-N,C8H12O6,204.18,COC1=C(C(C(CC1=O)(CO)O)O)O,confirmed_organic,organic_reagent,research,Telegram: ChemIranSanat,Iranian supplier Telegram catalogue,listed_not_current_stock_verified,https://t.me/ChemIranSanat/1295,"3,4,5-trihydroxy-5-(hydroxymethyl)-2-methoxycyclohex-2-en-1-one",existing skill export,verified_catalogue,2026-08-23
"3,4,5-trihydroxybenzoic acid",Gallic acid,149-91-7,370,LNTHITQWFMADLM-UHFFFAOYSA-N,C7H6O5,170.12,C1=C(C=C(C(=C1O)O)O)C(=O)O,confirmed_organic,secondary_metabolite_or_natural_product,research,TamadKala,Iranian online research/chemical shop | Iranian online wholesale/lab shop,product_page_listed_not_current_stock_verified,https://tamadkala.com/product/90739/%DA%AF%D8%A7%D9%84%DB%8C%DA%A9-%D8%A7%D8%B3%DB%8C%D8%AF-%D8%B3%DB%8C%DA%AF%D9%85%D8%A7,گالیک اسید | ... | گالیک اسید سیگما,explicit_category_supplement | router_title_normalization,verified_catalogue,2026-08-23
"3,4,5-trimethoxyaniline","3,4,5-Trimethoxyaniline",,32285,XEFRNCLPPFDWAC-UHFFFAOYSA-N,C9H13NO3,183.20,COC1=CC(=CC(=C1OC)OC)N,confirmed_organic,organic_reagent,research,Telegram: minatajhiz,Iranian supplier Telegram catalogue,listed_not_current_stock_verified,https://t.me/minatajhiz/1021,"3,4,5-trimethoxyaniline",existing skill export,verified_catalogue,2026-08-23
"3,5,5-trimethylhexan-1-ol","3,5,5-Trimethyl-1-hexanol",3452-97-9,18938,BODRLKRKPXBDBN-UHFFFAOYSA-N,C9H20O,144.25,CC(CCO)CC(C)(C)C,confirmed_organic,organic_reagent,,TamadKala,Iranian online wholesale/lab shop,product_page_listed_not_current_stock_verified,https://tamadkala.com/product/101488/3-%D9%88-5-%D9%88-5-%D8%AA%D8%B1%DB%8C-%D9%85%D8%AA%DB%8C%D9%84-1-%D9%87%DA%AF%D8%B2%D8%A7%D9%86%D9%88%D9%84,3 و 5 و 5 تری متیل 1 هگزانول,router_title_normalization,verified_catalogue,2026-08-23
"3,5,7-trihydroxy-2-(4-hydroxyphenyl)chromen-4-one",kaempferol,,5280863,IYRMWMYZSQPJKC-UHFFFAOYSA-N,C15H10O6,286.24,C1=CC(=CC=C1C2=C(C(=O)C3=C(C=C(C=C3O2)O)O)O)O,confirmed_organic,secondary_metabolite_or_natural_product,research,TamadKala,Iranian online research/chemical shop,product_page_listed_not_current_stock_verified,https://tamadkala.com/product/90740/%DA%A9%D8%A7%D8%A6%D9%85%D9%81%D8%B1%D9%88%D9%84-%D8%B3%DB%8C%DA%AF%D9%85%D8%A7,کائمفرول سیگما,explicit_category_supplement,verified_catalogue,2026-08-23
"3,7-dimethylpurine-2,6-dione",Theobromine,,5429,YAPQBXQYLJRXSA-UHFFFAOYSA-N,C7H8N4O2,180.16,CN1C=NC2=C1C(=O)NC(=O)N2C,confirmed_organic,organic_reagent,research,Telegram: ChemIranSanat,Iranian supplier Telegram catalogue,listed_not_current_stock_verified,https://t.me/ChemIranSanat/998,"3,7-dimethylpurine-2,6-dione",existing skill export,verified_catalogue,2026-08-23
"3-(3,8-diamino-6-phenylphenanthridin-5-ium-5-yl)propyl-diethyl-methylazanium diiodide",Propidium Iodide,,104981,XJMOSONTPMZWPB-UHFFFAOYSA-M,C27H34I2N4,668.4,CC[N+](C)(CC)CCC[N+]1=C2C=C(C=CC2=C3C=CC(=CC3=C1C4=CC=CC=C4)N)N.[I-].[I-],confirmed_organic,organic_reagent,research,Telegram: ChemIranSanat,Iranian supplier Telegram catalogue,listed_not_current_stock_verified,https://t.me/ChemIranSanat/281,"3-(3,8-diamino-6-phenylphenanthridin-5-ium-5-yl)propyl-diethyl-methylazanium diiodide",existing skill export,verified_catalogue,2026-08-23
"3-[[(2R)-2,4-dihydroxy-3,3-dimethylbutanoyl]amino]propanoic acid",pantothenic acid,,6613,GHOKWGTUZJEAQD-ZETCQYMHSA-N,C9H17NO5,219.23,CC(C)(CO)[C@H](C(=O)NCCC(=O)O)O,confirmed_organic,pharmaceutical_or_api,,TamadKala,Iranian online research/chemical shop,product_page_listed_not_current_stock_verified,https://tamadkala.com/product/87737/%D9%88%DB%8C%D8%AA%D8%A7%D9%85%DB%8C%D9%86-b5-%D8%AE%D9%88%D8%B1%D8%A7%DA%A9%DB%8C,ویتامین B5 خوراکی,explicit_category_supplement,verified_catalogue,2026-08-23
3-aminobenzoic acid,3-Aminobenzoic Acid,,7419,XFDUHJPVQKIXHO-UHFFFAOYSA-N,C7H7NO2,137.14,C1=CC(=CC(=C1)N)C(=O)O,confirmed_organic,organic_reagent,research,Telegram: minatajhiz,Iranian supplier Telegram catalogue,listed_not_current_stock_verified,https://t.me/minatajhiz/1067,3-aminobenzoic acid,existing skill export,verified_catalogue,2026-08-23
"3-aminopropane-1,2-diol","3-Amino-1,2-propanediol",,73561,KQIGMPWTAHJUMN-UHFFFAOYSA-N,C3H9NO2,91.11,C(C(CO)O)N,confirmed_organic,organic_reagent,research,Telegram: minatajhiz,Iranian supplier Telegram catalogue,listed_not_current_stock_verified,https://t.me/minatajhiz/1014 | https://t.me/minatajhiz/1057,"3-aminopropane-1,2-diol",existing skill export,verified_catalogue,2026-08-23
3-bromoprop-1-ene,Allyl bromide,,7841,BHELZAPQIKSEDF-UHFFFAOYSA-N,C3H5Br,120.98,C=CCBr,confirmed_organic,organic_reagent,research,Telegram: minatajhiz,Iranian supplier Telegram catalogue,listed_not_current_stock_verified,https://t.me/minatajhiz/1003,3-bromoprop-1-ene,existing skill export,verified_catalogue,2026-08-23
3-bromoprop-1-yne,Propargyl bromide,106-96-7,7842,YORCIIVHUBAYBQ-UHFFFAOYSA-N,C3H3Br,118.96,C#CCBr,confirmed_organic,organic_reagent,research,Telegram: minatajhiz,Iranian supplier Telegram catalogue,listed_not_current_stock_verified,https://t.me/minatajhiz/941,propargyl bromide,existing skill export,verified_catalogue,2026-08-23
3-ethoxy-4-hydroxybenzaldehyde,Ethylvanillin,,8467,CBOQJANXLMLOSS-UHFFFAOYSA-N,C9H10O3,166.17,CCOC1=C(C=CC(=C1)C=O)O,confirmed_organic,fragrance_or_aroma,research,Telegram: ChemIranSanat,Iranian supplier Telegram catalogue,listed_not_current_stock_verified,https://t.me/ChemIranSanat/1735,3-ethoxy-4-hydroxybenzaldehyde,existing skill export,verified_catalogue,2026-08-23
3-isothiocyanatoprop-1-ene,Allyl Isothiocyanate,,5971,ZOJBYZNEUISWFT-UHFFFAOYSA-N,C4H5NS,99.16,C=CCN=C=S,confirmed_organic,organic_reagent,research,Telegram: minatajhiz,Iranian supplier Telegram catalogue,listed_not_current_stock_verified,https://t.me/minatajhiz/1020,3-isothiocyanatoprop-1-ene,existing skill export,verified_catalogue,2026-08-23
3-methylbutan-1-ol,Isoamyl alcohol,123-51-3,31260,PHTQWCKDNZKARW-UHFFFAOYSA-N,C5H12O,88.15,CC(C)CCO,confirmed_organic,organic_reagent,research,TamadKala,Iranian online wholesale/lab shop,product_page_listed_not_current_stock_verified,,ایزو آمیل الکل extra pure نوترون | ...,router_title_normalization,verified_catalogue,2026-08-23
3-methylphenol,Metacresol,,342,RLSSMJSEOOYNOY-UHFFFAOYSA-N,C7H8O,108.14,CC1=CC(=CC=C1)O,confirmed_organic,organic_reagent,,TamadKala,Iranian online wholesale/lab shop,product_page_listed_not_current_stock_verified,https://tamadkala.com/product/149090/%D9%85%D8%AA%D8%A7%DA%A9%D8%B1%D9%88%D8%B2%D9%88%D9%84,متاکروزول,router_title_normalization,verified_catalogue,2026-08-23
3-phenylphthalic acid,"Biphenyl-2,3-dicarboxylic acid",,13074915,HSSYVKMJJLDTKZ-UHFFFAOYSA-N,C14H10O4,242.23,C1=CC=C(C=C1)C2=C(C(=CC=C2)C(=O)O)C(=O)O,confirmed_organic,organic_reagent,research,Telegram: ChemIranSanat,Iranian supplier Telegram catalogue,listed_not_current_stock_verified,https://t.me/ChemIranSanat/1795,3-phenylphthalic acid,existing skill export,verified_catalogue,2026-08-23
3-sulfanylpropanoic acid,3-Mercaptopropionic Acid,,6514,DKIDEFUBRARXTE-UHFFFAOYSA-N,C3H6O2S,106.15,C(CS)C(=O)O,confirmed_organic,organic_reagent,research,Telegram: minatajhiz,Iranian supplier Telegram catalogue,listed_not_current_stock_verified,https://t.me/minatajhiz/1092,3-sulfanylpropanoic acid,existing skill export,verified_catalogue,2026-08-23
3-triethoxysilylpropan-1-amine,(3-Aminopropyl)triethoxysilane,,13521,WYTZZXDRDKSJID-UHFFFAOYSA-N,C9H23NO3Si,221.37,CCO[Si](CCCN)(OCC)OCC,confirmed_organic,organic_reagent,research,Telegram: minatajhiz,Iranian supplier Telegram catalogue,listed_not_current_stock_verified,https://t.me/minatajhiz/686 | https://t.me/minatajhiz/692 | https://t.me/minatajhiz/717,3-triethoxysilylpropan-1-amine,existing skill export,verified_catalogue,2026-08-23
"4,5-bis(hydroxymethyl)-2-methylpyridin-3-ol",Pyridoxine,65-23-6,1054,LXNHXLLTXMVWPM-UHFFFAOYSA-N,C8H11NO3,169.18,CC1=NC=C(C(=C1O)CO)CO,confirmed_organic,pharmaceutical_or_api,,TamadKala,Iranian online wholesale/lab shop,product_page_listed_not_current_stock_verified,https://tamadkala.com/product/154589/%D9%BE%DB%8C%D8%B1%DB%8C%D8%AF%D9%88%DA%A9%D8%B3%DB%8C%D9%86-%D8%A8%D8%A7-%DA%A9%D8%AF-p5669-%D8%B3%DB%8C%DA%AF%D9%85%D8%A7,پیریدوکسین با کد p5669 سیگما,router_title_normalization,verified_catalogue,2026-08-23
4-(4-aminophenoxy)aniline,"4,4'-Diaminodiphenyl Ether",,7579,HLBLWEWZXPIGSM-UHFFFAOYSA-N,C12H12N2O,200.24,C1=CC(=CC=C1N)OC2=CC=C(C=C2)N,confirmed_organic,organic_reagent,research,Telegram: minatajhiz,Iranian supplier Telegram catalogue,listed_not_current_stock_verified,https://t.me/minatajhiz/1027,4-(4-aminophenoxy)aniline,existing skill export,verified_catalogue,2026-08-23
4-(4-aminophenyl)sulfonylaniline,Dapsone,,2955,MQJKPEGWNLWLTK-UHFFFAOYSA-N,C12H12N2O2S,248.30,C1=CC(=CC=C1N)S(=O)(=O)C2=CC=C(C=C2)N,confirmed_organic,pharmaceutical_or_api,research,TamadKala,Iranian online wholesale/lab shop,product_page_listed_not_current_stock_verified,https://tamadkala.com/product/2195/%D9%81%D8%B1%D9%88%D8%B4-4-4-%D8%AF%DB%8C-%D8%A2%D9%85%DB%8C%D9%86%D9%88-%D8%AF%DB%8C-%D9%81%D9%86%DB%8C%D9%84-%D8%B3%D9%88%D9%84%D9%81%D9%88%D9%86,داپسون سیگما usp کد 1164008 | ... | فروش 4 4 دی آمینو دی فنیل سولفون,router_title_normalization,verified_catalogue,2026-08-23
"4-[(4-aminophenyl)-(4-imino-3-methylcyclohexa-2,5-dien-1-ylidene)methyl]aniline;hydrochloride",Basic Fuchsin,569-61-9,12447,AXDJCCTWPBKUKL-UHFFFAOYSA-N,C20H20ClN3,337.8,CC1=CC(=C(C2=CC=C(C=C2)N)C3=CC=C(C=C3)N)C=CC1=N.Cl,confirmed_organic,organic_reagent,,TamadKala,Iranian online wholesale/lab shop,product_page_listed_not_current_stock_verified,https://tamadkala.com/product/173637/%D9%85%D8%B9%D8%B1%D9%81-%D9%81%D9%88%D8%B4%DB%8C%D9%86-%D8%A8%D8%A7%D8%B2%DB%8C-%D8%AF%DA%A9%D8%AA%D8%B1%D9%85%D8%AC%D9%84%D9%84%DB%8C,معرف فوشین بازی دکترمجللی,router_title_normalization,verified_catalogue,2026-08-23
"4-[3-(4-hydroxy-2-methyl-5-propan-2-ylphenyl)-1,1-dioxo-2,1lambda6-benzoxathiol-3-yl]-5-methyl-2-propan-2-ylphenol",Thymol blue,,65565,FRPHFZCDPYBUAU-UHFFFAOYSA-N,C21H14Br4O5S,698.0,CC1=CC(=C(C=C1C2(C3=CC=CC=C3S(=O)(=O)O2)C4=CC(=C(C=C4C)O)C(C)C)C(C)C)O,confirmed_organic,organic_reagent,research,TamadKala,Iranian online wholesale/lab shop,product_page_listed_not_current_stock_verified,https://tamadkala.com/product/173831/%D8%A8%D8%B1%D9%88%D9%85%D9%88%DA%A9%D8%B1%D9%88%D8%B2%D9%88%D9%84-%D8%B3%D8%A8%D8%B2-acs-%D8%AF%DA%A9%D8%AA%D8%B1-%D9%85%D8%AC%D9%84%D9%84%DB%8C | https://tamadkala.com/product/32710/%D8%AA%DB%8C%D9%85%D9%88%D9%84-%D8%A8%D9%84%D9%88 | https://tamadkala.com/product/32737/%D8%A8%D8%B1%D9%85%D9%88-%DA%A9%D8%B1%D8%B3%D9%88%D9%84-%DA%AF%D8%B1%DB%8C%D9%86 | https://tamadkala.com/product/75029/%D9%85%D8%B9%D8%B1%D9%81-%D8%A8%D8%B1%D9%88%D9%85%D9%88-%D9%83%D8%B1%D8%B2%D9%88%D9%84-%DA%AF%D8%B1%D9%8A%D9%86-%D9%82%D8%B7%D8%B1%D8%A7%D9%86-%D8%B4%DB%8C%D9%85%DB%8C | https://tamadkala.com/product/75058/%D9%85%D8%B9%D8%B1%D9%81-%D8%AA%D9%88%D8%B1%D9%86%D8%B3%D9%84-%D9%82%D8%B7%D8%B1%D8%A7%D9%86-%D8%B4%DB%8C%D9%85%DB%8C,برمو کرسول گرین | بروموکروزول سبز acs دکتر مجللی | تیمول بلو | معرف برومو كرزول گرين قطران شیمی | معرف تورنسل قطران شیمی,router_title_normalization,verified_catalogue,2026-08-23
"4-[3-(4-hydroxyphenyl)-1,1-dioxo-2,1lambda6-benzoxathiol-3-yl]phenol",Phenol Red,143-74-8,4766,BELBBZDIHDAJOR-UHFFFAOYSA-N,C19H14O5S,354.4,C1=CC=C2C(=C1)C(OS2(=O)=O)(C3=CC=C(C=C3)O)C4=CC=C(C=C4)O,confirmed_organic,organic_reagent,research,Fardad Shimi | TamadKala,Iranian online lab-chemical shop | Iranian online wholesale/lab shop,product_page_listed_not_current_stock_verified,https://tamadkala.com/product/173761/%D9%81%D9%86%D9%88%D9%84-%D8%B1%D8%AF-acs-%D8%AF%DA%A9%D8%AA%D8%B1-%D9%85%D8%AC%D9%84%D9%84%DB%8C | https://tamadkala.com/product/32885/%D9%81%D9%86%D9%88%D9%84-%D8%B1%D8%AF,فنل رد مرک MERCK | فنول رد | فنول رد acs دکتر مجللی,router_title_normalization,verified_catalogue,2026-08-23
4-amino-3-hydroxybenzoic acid,4-Amino-3-hydroxybenzoic acid,,137566,NFPYJDZQOKCYIE-UHFFFAOYSA-N,C7H7NO3,153.14,C1=CC(=C(C=C1C(=O)O)O)N,confirmed_organic,organic_reagent,research,Telegram: ChemIranSanat,Iranian supplier Telegram catalogue,listed_not_current_stock_verified,https://t.me/ChemIranSanat/1997,4-amino-3-hydroxybenzoic acid,existing skill export,verified_catalogue,2026-08-23
"4-amino-N-(4,6-dimethylpyrimidin-2-yl)benzenesulfonamide",Sulfamethazine,57-68-1,5327,ASWVTGNCAZCNNR-UHFFFAOYSA-N,C12H14N4O2S,278.33,CC1=CC(=NC(=N1)NS(=O)(=O)C2=CC=C(C=C2)N)C,confirmed_organic,pharmaceutical_or_api,,TamadKala,Iranian online wholesale/lab shop,product_page_listed_not_current_stock_verified,https://tamadkala.com/product/7992/%D9%81%D8%B1%D9%88%D8%B4-%D8%B3%D9%88%D9%84%D9%81%D8%A7%D9%85%D8%AA%D8%A7%D8%B2%DB%8C%D9%86,فروش سولفامتازین,router_title_normalization,verified_catalogue,2026-08-23
4-amino-N-(6-methoxypyridazin-3-yl)benzenesulfonamide,Tricresyl Phosphate,80-35-3,5330,VLYWMPOKSSWJAL-UHFFFAOYSA-N,C11H12N4O3S,280.31,COC1=NN=C(C=C1)NS(=O)(=O)C2=CC=C(C=C2)N,confirmed_organic,organic_reagent,,TamadKala,Iranian online wholesale/lab shop,product_page_listed_not_current_stock_verified,https://tamadkala.com/product/153874/%D8%AA%D8%B1%DB%8C%D8%B3-%D8%A8%DB%8C%D8%B3-%D8%B3%DB%8C%DA%AF%D9%85%D8%A7-%DA%A9%D8%AF-648310-m,تریس بیس سیگما کد 648310 m,router_title_normalization,verified_catalogue,2026-08-23
4-aminobenzenesulfonamide,Sulfanilamide,,5333,FDDDEECHVMSUSB-UHFFFAOYSA-N,C6H8N2O2S,172.21,C1=CC(=CC=C1N)S(=O)(=O)N,confirmed_organic,organic_reagent,research,Telegram: merckmillipore,Iranian supplier Telegram catalogue,listed_not_current_stock_verified,https://t.me/merckmillipore/3,4-aminobenzenesulfonamide,existing skill export,verified_catalogue,2026-08-23
4-aminobenzoic acid,4-aminobenzoic acid,99-96-7,978,ALYNCZNDIQEVRV-UHFFFAOYSA-N,C7H7NO2,137.14,C1=CC(=CC=C1C(=O)O)N,confirmed_organic,organic_reagent,,TamadKala,Iranian online wholesale/lab shop,product_page_listed_not_current_stock_verified,,4 آمینو بنزوئیک اسید 99 paba صنعتی چینی | ...,router_title_normalization,verified_catalogue,2026-08-23
4-aminopentanoic acid,4-Aminobutyric Acid,,223130,ABSTXSZPGHDTAF-UHFFFAOYSA-N,C5H11NO2,117.15,CC(CCC(=O)O)N,confirmed_organic,organic_reagent,research,Telegram: ChemIranSanat,Iranian supplier Telegram catalogue,listed_not_current_stock_verified,https://t.me/ChemIranSanat/152,4-aminopentanoic acid,existing skill export,verified_catalogue,2026-08-23
4-aminophenol,4-Aminophenol,123-30-8,403,PLIKAWJENQZMHA-UHFFFAOYSA-N,C6H7NO,109.13,C1=CC(=CC=C1N)O,confirmed_organic,pharmaceutical_or_api,research,BehChin Chemi Pharmed | TamadKala,Iranian online wholesale/lab shop | Iranian supplier API/intermediate catalogue,product_page_listed_not_current_stock_verified | supplier_catalogue_listed_not_current_stock_verified,https://tamadkala.com/product/156142/4-%D8%A2%D9%85%DB%8C%D9%86%D9%88-%D9%81%D9%86%D9%88%D9%84-%D8%A7%D9%85%D8%B1%D8%AA%D8%A7%D8%AA-%D8%B4%DB%8C%D9%85%DB%8C-%DA%AF%D8%B1%DB%8C%D8%AF-for-synthesis | https://www.behchinchemi.ir/en/our-products/list-of-drug-intermediates,4 آمینو فنول امرتات شیمی گرید for synthesis | 4-Aminophenol,router_title_normalization | supplier_table,verified_catalogue,2026-08-23
4-chloro-2-phenylquinazoline,4-Chloro-2-phenylquinazoline,,80977,OBHKONRNYCDRKM-UHFFFAOYSA-N,C14H9ClN2,240.69,C1=CC=C(C=C1)C2=NC3=CC=CC=C3C(=N2)Cl,confirmed_organic,organic_reagent,research,Telegram: ChemIranSanat,Iranian supplier Telegram catalogue,listed_not_current_stock_verified,https://t.me/ChemIranSanat/1917 | https://t.me/ChemIranSanat/1958,4-chloro-2-phenylquinazoline,existing skill export,verified_catalogue,2026-08-23
4-chlorobenzoic acid,4-Chlorobenzoic Acid,,6318,XRHGYUZYPHTUJZ-UHFFFAOYSA-N,C7H5ClO2,156.56,C1=CC(=CC=C1C(=O)O)Cl,confirmed_organic,organic_reagent,research,Telegram: minatajhiz,Iranian supplier Telegram catalogue,listed_not_current_stock_verified,https://t.me/minatajhiz/1033,4-chlorobenzoic acid,existing skill export,verified_catalogue,2026-08-23
4-cyanobenzoic acid,4-Cyanobenzoic acid,,12087,ADCUEPOHPCPMCE-UHFFFAOYSA-N,C8H5NO2,147.13,C1=CC(=CC=C1C#N)C(=O)O,confirmed_organic,organic_reagent,research,Telegram: ChemIranSanat,Iranian supplier Telegram catalogue,listed_not_current_stock_verified,https://t.me/ChemIranSanat/1460,4-cyanobenzoic acid,existing skill export,verified_catalogue,2026-08-23
4-formylbenzoic acid,4-Formylbenzoic acid,,12088,GOUHYARYYWKXHS-UHFFFAOYSA-N,C8H6O3,150.13,C1=CC(=CC=C1C=O)C(=O)O,confirmed_organic,organic_reagent,research,Telegram: ChemIranSanat,Iranian supplier Telegram catalogue,listed_not_current_stock_verified,https://t.me/ChemIranSanat/1368 | https://t.me/ChemIranSanat/1544 | https://t.me/ChemIranSanat/1826,4-formylbenzoic acid,existing skill export,verified_catalogue,2026-08-23
4-hydrazinylbenzoic acid,4-Hydrazinobenzoic acid,,12089,PCNFLKVWBDNNOW-UHFFFAOYSA-N,C7H8N2O2,152.15,C1=CC(=CC=C1C(=O)O)NN,confirmed_organic,organic_reagent,research,Telegram: ChemIranSanat,Iranian supplier Telegram catalogue,listed_not_current_stock_verified,https://t.me/ChemIranSanat/1835,4-hydrazinylbenzoic acid,existing skill export,verified_catalogue,2026-08-23
4-hydroxy-3-methoxybenzaldehyde,vanillin,,1183,MWOOGOJBHIARFG-UHFFFAOYSA-N,C8H8O3,152.15,COC1=C(C=CC(=C1)C=O)O,confirmed_organic,fragrance_or_aroma,,TamadKala,Iranian online research/chemical shop,product_page_listed_not_current_stock_verified,https://tamadkala.com/product/164611/%D9%88%D8%A7%D9%86%DB%8C%D9%84%DB%8C%D9%86-%D8%A8%D8%B1%D9%86%D8%AF-%D9%84%D9%88%D8%A8%D8%A7-%D9%87%D9%86%D8%AF,وانیلین برند لوبا هند,explicit_category_supplement,verified_catalogue,2026-08-23
4-hydroxy-3-methoxybenzoic acid,Vanillic Acid,121-34-6,8468,WKOLLVMJNQIZCI-UHFFFAOYSA-N,C8H8O4,168.15,COC1=C(C=CC(=C1)C(=O)O)O,confirmed_organic,organic_reagent,research,Telegram: ChemIranSanat,Iranian supplier Telegram catalogue,listed_not_current_stock_verified,https://t.me/ChemIranSanat/1370 | https://t.me/ChemIranSanat/1678,4-hydroxy-3-methoxybenzoic acid,existing skill export,verified_catalogue,2026-08-23
"4-methyl-1,3-dioxolan-2-one",Propylene carbonate,,7924,RUOJZAUFBMNUDX-UHFFFAOYSA-N,C4H6O3,102.09,CC1COC(=O)O1,confirmed_organic,organic_reagent,research,TamadKala | Telegram: minatajhiz,Iranian online wholesale/lab shop | Iranian supplier Telegram catalogue,listed_not_current_stock_verified | product_page_listed_not_current_stock_verified,https://t.me/minatajhiz/1076 | https://tamadkala.com/product/20884/%D9%BE%D8%B1%D9%88%D9%BE%DB%8C%D9%84%D9%86-%DA%A9%D8%B1%D8%A8%D9%86%D8%A7%D8%AA,"4-methyl-1,3-dioxolan-2-one | پروپیلن کربنات",existing skill export | router_title_normalization,verified_catalogue,2026-08-23
4-methylbenzenesulfonic acid,p-Toluenesulfonic acid,104-15-4,6101,JOXIMZWYDAKGHI-UHFFFAOYSA-N,C7H8O3S,172.20,CC1=CC=C(C=C1)S(=O)(=O)O,confirmed_organic,organic_reagent,,Fardad Shimi,Iranian online lab-chemical shop,product_page_listed_not_current_stock_verified,,پارا تولوئن ۴ سولفونیک اسید ۱ آبه MERCK | ...,router_title_normalization,verified_catalogue,2026-08-23
4-methylpent-1-ene,4-Methyl-1-pentene,,12724,WSSSPWUEQFSQQG-UHFFFAOYSA-N,C6H12,84.16,CC(C)CC=C,confirmed_organic,organic_reagent,research,Telegram: ChemIranSanat,Iranian supplier Telegram catalogue,listed_not_current_stock_verified,https://t.me/ChemIranSanat/1185,4-methylpent-1-ene,existing skill export,verified_catalogue,2026-08-23
4-methylpentan-2-ol,4-Methyl-2-Pentanol,,7910,WVYWICLMDOOCFB-UHFFFAOYSA-N,C6H14O,102.17,CC(C)CC(C)O,confirmed_organic,organic_reagent,research,Telegram: minatajhiz,Iranian supplier Telegram catalogue,listed_not_current_stock_verified,https://t.me/minatajhiz/1019,4-methylpentan-2-ol,existing skill export,verified_catalogue,2026-08-23
4-methylpentan-2-one,Methyl isobutyl ketone,,7909,NTIZESTWPVYFNL-UHFFFAOYSA-N,C6H12O,100.16,CC(C)CC(=O)C,confirmed_organic,organic_reagent,research,TamadKala,Iranian online wholesale/lab shop,product_page_listed_not_current_stock_verified,,متیل ایزوبوتیل کتون lab دکتر مجللی | ...,router_title_normalization,verified_catalogue,2026-08-23
4-nitrobenzaldehyde,4-Nitrobenzaldehyde,,541,BXRFQSNOROATLV-UHFFFAOYSA-N,C7H5NO3,151.12,C1=CC(=CC=C1C=O)[N+](=O)[O-],confirmed_organic,fragrance_or_aroma,research,Telegram: minatajhiz,Iranian supplier Telegram catalogue,listed_not_current_stock_verified,https://t.me/minatajhiz/1036,4-nitrobenzaldehyde,existing skill export,verified_catalogue,2026-08-23
4-pyridin-4-ylpyridine,Styrene,100-42-5,11107,PPBRXRYQALVLMV-UHFFFAOYSA-N,C10H8N2,104.15,C1=CN=CC=C1C2=CC=NC=C2,confirmed_organic,organic_reagent,research,TamadKala | Telegram: Boof_company | Telegram: Ch_Chemical_leaders | Telegram: chemgroup | Telegram: minatajhiz,Iranian online wholesale/lab shop | Iranian supplier Telegram catalogue,listed_not_current_stock_verified | product_page_listed_not_current_stock_verified,https://t.me/Boof_company/65 | https://t.me/Ch_Chemical_leaders/155 | https://t.me/Ch_Chemical_leaders/159 | https://t.me/chemgroup/2017 | https://t.me/chemgroup/3134 | https://t.me/minatajhiz/482 | https://tamadkala.com/product/173277/%D8%A7%D8%B3%D8%AA%D8%A7%DB%8C%D8%B1%D9%86-%D9%85%D9%88%D9%86%D9%88%D9%85%D8%B1-%D8%B5%D9%86%D8%B9%D8%AA%DB%8C | https://tamadkala.com/product/19587/%D8%A7%D8%B3%D8%AA%D8%A7%DB%8C%D8%B1%D9%86,4-4 بی پریدین | styrene | استایرن | استایرن مونومر صنعتی,existing skill export | router_title_normalization,verified_catalogue,2026-08-23
"5-[(3aS,4S,6aR)-2-oxo-1,3,3a,4,6,6a-hexahydrothieno[3,4-d]imidazol-4-yl]pentanoic acid",D-Biotin,56-57-5,171548,YBJHBAHKTGYVGT-ZKWXMUAHSA-N,C10H16N2O3S,244.31,C1[C@H]2[C@@H]([C@@H](S1)CCCCC(=O)O)NC(=O)N2,confirmed_organic,organic_reagent,,Rooz Darou | TamadKala,Iranian online wholesale/lab shop | Iranian pharmaceutical product catalogue,product_page_listed_not_current_stock_verified,https://tamadkala.com/product/164617/%D8%AF%DB%8C-%D8%A8%DB%8C%D9%88%D8%AA%DB%8C%D9%86-%D8%A8%D8%B1%D9%86%D8%AF-%D9%84%D9%88%D8%A8%D8%A7-%D9%87%D9%86%D8%AF | http://rouzdarou.com/products/%D9%82%D8%B1%D8%B5-%D8%A8%DB%8C%D9%88%D8%AA%DB%8C%D9%86-1000-%D9%85%DB%8C%DA%A9%D8%B1%D9%88%DA%AF%D8%B1%D9%85-%D8%B1%D8%B2%D8%A7%D9%88%DB%8C%D8%AA,دی بیوتین برند لوبا هند | قرص بیوتین 1000 میکروگرم رزاویت,router_title_normalization,verified_catalogue,2026-08-23
"5-[2-(1,3-dioxo-2-benzofuran-5-yl)-1,1,1,3,3,3-hexafluoropropan-2-yl]-2-benzofuran-1,3-dione","4,4'-(Hexafluoroisopropylidene)diphthalic anhydride",,70677,QHHKLPCQTTWFSS-UHFFFAOYSA-N,C19H6F6O6,444.2,C1=CC2=C(C=C1C(C3=CC4=C(C=C3)C(=O)OC4=O)(C(F)(F)F)C(F)(F)F)C(=O)OC2=O,confirmed_organic,organic_reagent,research,Telegram: ChemIranSanat,Iranian supplier Telegram catalogue,listed_not_current_stock_verified,https://t.me/ChemIranSanat/1848,"5-[2-(1,3-dioxo-2-benzofuran-5-yl)-1,1,1,3,3,3-hexafluoropropan-2-yl]-2-benzofuran-1,3-dione",existing skill export,verified_catalogue,2026-08-23
"5-aminobenzene-1,3-dicarboxylic acid",5-Aminoisophthalic acid,,66833,KBZFDRWPMZESDI-UHFFFAOYSA-N,C8H7NO4,181.15,C1=C(C=C(C=C1C(=O)O)N)C(=O)O,confirmed_organic,organic_reagent,research,Telegram: ChemIranSanat,Iranian supplier Telegram catalogue,listed_not_current_stock_verified,https://t.me/ChemIranSanat/1908 | https://t.me/ChemIranSanat/1979,"5-aminobenzene-1,3-dicarboxylic acid",existing skill export,verified_catalogue,2026-08-23
5-bromo-2-hydroxybenzaldehyde,5-Bromosalicylaldehyde,,72863,MKKSTJKBKNCMRV-UHFFFAOYSA-N,C7H5BrO2,201.02,C1=CC(=C(C=C1Br)C=O)O,confirmed_organic,fragrance_or_aroma,research,Telegram: ChemIranSanat,Iranian supplier Telegram catalogue,listed_not_current_stock_verified,https://t.me/ChemIranSanat/1605,5-bromo-2-hydroxybenzaldehyde,existing skill export,verified_catalogue,2026-08-23
"5-chloro-N-[[(5S)-2-oxo-3-[4-(3-oxomorpholin-4-yl)phenyl]-1,3-oxazolidin-5-yl]methyl]thiophene-2-carboxamide",Rivaroxaban,,9875401,KGFYHTZWPPHNLQ-AWEZNQCLSA-N,C19H18ClN3O5S,435.9,C1COCC(=O)N1C2=CC=C(C=C2)N3C[C@@H](OC3=O)CNC(=O)C4=CC=C(S4)Cl,confirmed_organic,pharmaceutical_or_api,research,BehChin Chemi Pharmed,Iranian supplier API/intermediate catalogue,supplier_catalogue_listed_not_current_stock_verified,https://www.behchinchemi.ir/en/our-products/active-pharmaceutical-ingredient,Rivaroxaban,supplier_table,verified_catalogue,2026-08-23
5-methyl-2-propan-2-ylcyclohexan-1-ol,Menthol,89-78-1,1254,NOOLISFMXDJSKH-UHFFFAOYSA-N,C10H20O,156.26,CC1CCC(C(C1)O)C(C)C,confirmed_organic,fragrance_or_aroma,research,BehChin Chemi Pharmed | TamadKala,Iranian online research/chemical shop | Iranian online wholesale/lab shop | Iranian supplier API/intermediate catalogue,product_page_listed_not_current_stock_verified | supplier_catalogue_listed_not_current_stock_verified,https://tamadkala.com/product/191236/%D9%85%D9%86%D8%AA%D9%88%D9%84-%DA%A9%D8%B1%DB%8C%D8%B3%D8%AA%D8%A7%D9%84-lab-%D8%AF%DA%A9%D8%AA%D8%B1-%D9%85%D8%AC%D9%84%D9%84%DB%8C | https://tamadkala.com/product/76002/%D9%85%D9%86%D8%AA%D9%88%D9%84-1 | https://tamadkala.com/product/87734/%D9%85%D9%86%D8%AA%D9%88%D9%84-%D8%AE%D9%88%D8%B1%D8%A7%DA%A9%DB%8C | https://tamadkala.com/product/95948/%D9%85%D9%86%D8%AA%D9%88%D9%84-extra-pure-%D9%86%D9%88%D8%AA%D8%B1%D9%88%D9%86 | https://www.behchinchemi.ir/en/our-products/cosmetic-materials,Menthol | منتول 1 | منتول 2 | ... | منتول extra pure نوترون | منتول خوراکی | منتول کریستال lab دکتر مجللی,explicit_category_supplement | router_title_normalization | supplier_table,verified_catalogue,2026-08-23
5-methyl-2-propan-2-ylphenol,Thymol,,6989,MGSRCZKZVOBKFT-UHFFFAOYSA-N,C10H14O,150.22,CC1=CC(=C(C=C1)C(C)C)O,confirmed_organic,organic_reagent,,TamadKala,Iranian online wholesale/lab shop,product_page_listed_not_current_stock_verified,https://tamadkala.com/product/153688/%D8%AA%D8%B1%D8%A7%D9%84%DB%8C-%D8%A7%D8%B3%D8%AA%DB%8C%D9%84-%D8%B3%D8%A7%D8%AF%D9%87,ترالی استیل ساده,router_title_normalization,verified_catalogue,2026-08-23
5-methylhexan-2-one,5-Methyl-2-hexanone,123-92-2,8034,FFWSICBKRCICMR-UHFFFAOYSA-N,C7H14O,114.19,CC(C)CCC(=O)C,confirmed_organic,organic_reagent,,TamadKala,Iranian online wholesale/lab shop,product_page_listed_not_current_stock_verified,https://tamadkala.com/product/146370/5-%D9%85%D8%AA%DB%8C%D9%84-2-%D9%87%DA%AF%D8%B2%D8%A7%D9%86%D9%88%D9%86,5 متیل 2 هگزانون,router_title_normalization,verified_catalogue,2026-08-23
"5-nitrobenzene-1,3-dicarboxylic acid",5-Nitroisophthalic acid,,12069,NBDAHKQJXVLAID-UHFFFAOYSA-N,C8H5NO6,211.13,C1=C(C=C(C=C1C(=O)O)[N+](=O)[O-])C(=O)O,confirmed_organic,organic_reagent,research,Telegram: ChemIranSanat,Iranian supplier Telegram catalogue,listed_not_current_stock_verified,https://t.me/ChemIranSanat/1792,"5-nitrobenzene-1,3-dicarboxylic acid",existing skill export,verified_catalogue,2026-08-23
"6,7,13,14-tetrahydroxy-2,9-dioxatetracyclo[6.6.2.04,16.011,15]hexadeca-1(15),4,6,8(16),11,13-hexaene-3,10-dione",ellagic acid,,5281855,AFSDNFLWKVMVRB-UHFFFAOYSA-N,C14H6O8,302.19,C1=C2C3=C(C(=C1O)O)OC(=O)C4=CC(=C(C(=C43)OC2=O)O)O,confirmed_organic,secondary_metabolite_or_natural_product,research,TamadKala,Iranian online research/chemical shop,product_page_listed_not_current_stock_verified,https://tamadkala.com/product/90737/%D8%A7%D9%84%D8%A7%D8%AC%DB%8C%DA%A9-%D8%A7%D8%B3%DB%8C%D8%AF-%D8%B3%DB%8C%DA%AF%D9%85%D8%A7,الاجیک اسید سیگما,explicit_category_supplement,verified_catalogue,2026-08-23
"6-methyl-1,3,5-triazine-2,4-diamine",Acetoguanamine,,10949,NJYZCEFQAIUHSD-UHFFFAOYSA-N,C4H7N5,125.13,CC1=NC(=NC(=N1)N)N,confirmed_organic,organic_reagent,research,Telegram: ChemIranSanat,Iranian supplier Telegram catalogue,listed_not_current_stock_verified,https://t.me/ChemIranSanat/1611,"6-methyl-1,3,5-triazine-2,4-diamine",existing skill export,verified_catalogue,2026-08-23
"7,8-dimethyl-10-[(2S,3S,4R)-2,3,4,5-tetrahydroxypentyl]benzo[g]pteridine-2,4-dione",Riboflavin,,493570,AUNGANRZJHBGPY-SCRDCRAPSA-N,C17H20N4O6,376.4,CC1=CC2=C(C=C1C)N(C3=NC(=O)NC(=O)C3=N2)C[C@@H]([C@@H]([C@@H](CO)O)O)O,confirmed_organic,secondary_metabolite_or_natural_product,research,TamadKala,Iranian online research/chemical shop | Iranian online wholesale/lab shop,product_page_listed_not_current_stock_verified,https://tamadkala.com/product/164606/%D8%B1%DB%8C%D8%A8%D9%88-%D9%81%D9%84%D8%A7%D9%88%DB%8C%D9%86-%D8%A8%D8%B1%D9%86%D8%AF-%D9%84%D9%88%D8%A8%D8%A7-%D9%87%D9%86%D8%AF | https://tamadkala.com/product/31163/%D8%B1%DB%8C%D8%A8%D9%88%D9%81%D9%84%D8%A7%D9%88%DB%8C%D9%86,ریبو فلاوین برند لوبا هند | ریبوفلاوین,explicit_category_supplement | router_title_normalization,verified_catalogue,2026-08-23
"8-N,8-N,3-trimethylphenazine-2,8-diamine;hydrochloride",Neutral Red,553-24-2,11105,PGSADBUBUOPOJS-UHFFFAOYSA-N,C15H17ClN4,288.77,CC1=CC2=NC3=C(C=C(C=C3)N(C)C)N=C2C=C1N.Cl,confirmed_organic,organic_reagent,research,TamadKala,Iranian online wholesale/lab shop,product_page_listed_not_current_stock_verified,https://tamadkala.com/product/173609/%D9%86%DB%8C%D9%88%D8%AA%D8%B1%D8%A7%D9%84-%D8%B1%D8%AF-acs-%D8%AF%DA%A9%D8%AA%D8%B1-%D9%85%D8%AC%D9%84%D9%84%DB%8C | https://tamadkala.com/product/32868/%D9%86%D9%88%D8%AA%D8%B1%D8%A7%D9%84-%D8%B1%D8%AF,نوترال رد | نیوترال رد acs دکتر مجللی,router_title_normalization,verified_catalogue,2026-08-23
"[(1S,5R)-8-methyl-8-azabicyclo[3.2.1]octan-3-yl] 3-hydroxy-2-phenylpropanoate",Atropine,51-55-8,174174,RKUNBYITZUJHSG-PJPHBNEVSA-N,C17H23NO3,289.4,CN1[C@@H]2CC[C@H]1CC(C2)OC(=O)C(CO)C3=CC=CC=C3,confirmed_organic,pharmaceutical_or_api,,TamadKala,Iranian online wholesale/lab shop,product_page_listed_not_current_stock_verified,https://tamadkala.com/product/17267/%D8%A2%D8%AA%D8%B1%D9%88%D9%BE%D8%A7%D8%AA-%D8%B3%D8%B1%D9%85%D8%A7%DB%8C%DB%8C,آتروپات سرمایی,router_title_normalization,verified_catalogue,2026-08-23
"[2,3-dihydroxy-5-[[(2R,3R,4S,5R,6S)-3,4,5,6-tetrakis[[3,4-dihydroxy-5-(3,4,5-trihydroxybenzoyl)oxybenzoyl]oxy]oxan-2-yl]methoxycarbonyl]phenyl] 3,4,5-trihydroxybenzoate",Tannic acid,,16129778,LRBQNJMCXXYXIU-PPKXGCFTSA-N,C76H52O46,1701.2,C1=C(C=C(C(=C1O)O)O)C(=O)OC2=CC(=CC(=C2O)O)C(=O)OC[C@@H]3[C@H]([C@@H]([C@H]([C@@H](O3)OC(=O)C4=CC(=C(C(=C4)OC(=O)C5=CC(=C(C(=C5)O)O)O)O)O)OC(=O)C6=CC(=C(C(=C6)OC(=O)C7=CC(=C(C(=C7)O)O)O)O)O)OC(=O)C8=CC(=C(C(=C8)OC(=O)C9=CC(=C(C(=C9)O)O)O)O)O)OC(=O)C1=CC(=C(C(=C1)OC(=O)C1=CC(=C(C(=C1)O)O)O)O)O,confirmed_organic,organic_reagent,,Fardad Shimi,Iranian online lab-chemical shop,product_page_listed_not_current_stock_verified,,پودر تانیک اسید MERCK | ...,router_title_normalization,verified_catalogue,2026-08-23
"[2-oxo-3-(2,4,6-trimethylphenyl)-1-oxaspiro[4.4]non-3-en-4-yl] 3,3-dimethylbutanoate",Spiromesifen,283594-90-1,9907412,GOLXNESZZPUPJE-UHFFFAOYSA-N,C23H30O4,370.5,CC1=CC(=C(C(=C1)C)C2=C(C3(CCCC3)OC2=O)OC(=O)CC(C)(C)C)C,confirmed_organic,organic_reagent,,TamadKala,Iranian online wholesale/lab shop,product_page_listed_not_current_stock_verified,https://tamadkala.com/product/162555/%D8%A7%D8%B3%D9%BE%DB%8C%D8%B1%D9%88-%D8%A7%D9%85%D8%AA%D8%A7%D8%AF-%D8%A8%D8%B1%D9%86%D8%AF-borun,اسپیرو امتاد برند borun,router_title_normalization,verified_catalogue,2026-08-23
acetamide,Acetamide,60-35-5,178,DLFVBJFMPXGRIB-UHFFFAOYSA-N,C2H5NO,59.07,CC(=O)N,confirmed_organic,organic_reagent,,Fardad Shimi,Iranian online lab-chemical shop,product_page_listed_not_current_stock_verified,,استامید مرک MERCK,router_title_normalization,verified_catalogue,2026-08-23
acetic acid,acetic acid glacial,64-19-7,176,QTBSBXVTEAMEQO-UHFFFAOYSA-N,C2H4O2,60.05,CC(=O)O,confirmed_organic,organic_reagent,research,Fardad Shimi | TamadKala | Telegram: Ch_Chemical_leaders | Telegram: ChemIranSanat | Telegram: minatajhiz,Iranian online lab-chemical shop | Iranian online wholesale/lab shop | Iranian supplier Telegram catalogue,listed_not_current_stock_verified | product_page_listed_not_current_stock_verified,https://fardadshimi.com/product/6199108/ | https://fardadshimi.com/product/6378799/ | https://t.me/Ch_Chemical_leaders/9 | https://t.me/ChemIranSanat/1452 | https://t.me/ChemIranSanat/1645 | https://t.me/ChemIranSanat/1805 | https://t.me/minatajhiz/1030 | https://t.me/minatajhiz/1034 | https://t.me/minatajhiz/72 | https://tamadkala.com/product/19225/%D8%A7%D8%B3%DB%8C%D8%AF-%D8%A7%D8%B3%D8%AA%DB%8C%DA%A9-%DA%AF%D9%84%D8%A7%D8%B3%DB%8C%D8%A7%D9%84-usp-%D8%AF%DA%A9%D8%AA%D8%B1-%D9%85%D8%AC%D9%84%D9%84%DB%8C | https://tamadkala.com/product/19238/%D8%A7%D8%B3%DB%8C%D8%AF-%D8%A7%D8%B3%D8%AA%DB%8C%DA%A9-%DA%AF%D9%84%D8%A7%D8%B3%DB%8C%D8%A7%D9%84-laboratory-%D8%AF%DA%A9%D8%AA%D8%B1-%D9%85%D8%AC%D9%84%D9%84%DB%8C | https://tamadkala.com/product/19246/%D8%A7%D8%B3%DB%8C%D8%AF-%D8%A7%D8%B3%D8%AA%DB%8C%DA%A9-%DA%AF%D9%84%D8%A7%D8%B3%DB%8C%D8%A7%D9%84-extra-pure-%D8%AF%DA%A9%D8%AA%D8%B1-%D9%85%D8%AC%D9%84%D9%84%DB%8C,acetic acid | اسید استیک گلاسیال extra pure دکتر مجللی | اسید استیک گلاسیال laboratory دکتر مجللی | اسید استیک گلاسیال usp دکتر مجللی | اسید استیک گلاسیال امرتات شیمی گرید ph eur b | ... | اسید استیک گلاسیال دکتر مجللی | اسید استیک گلاسیال پارس شیمی,existing skill export | router_title_normalization,verified_catalogue,2026-08-23
acetic acid;zinc;hydrate,zinc acetate dihydrate,,24212194,AJBKKRFPIWOFAE-UHFFFAOYSA-N,C2H6O3Zn,143.4,CC(=O)O.O.[Zn],confirmed_organic,organic_reagent,,TamadKala,Iranian online wholesale/lab shop,product_page_listed_not_current_stock_verified,,zinc acetate dihydrate | ...,router_title_normalization,verified_catalogue,2026-08-23
acetonitrile,Acetonitrile,75-05-8,6342,WEVYAHXRMPXWCK-UHFFFAOYSA-N,C2H3N,41.05,CC#N,confirmed_organic,organic_reagent,research,Fardad Shimi | TamadKala | Telegram: ChemIranSanat | Telegram: chemgroup,Iranian online lab-chemical shop | Iranian online wholesale/lab shop | Iranian supplier Telegram catalogue,listed_not_current_stock_verified | product_page_listed_not_current_stock_verified,https://fardadshimi.com/product/6199143/ | https://t.me/ChemIranSanat/142 | https://t.me/ChemIranSanat/1492 | https://t.me/ChemIranSanat/1524 | https://t.me/ChemIranSanat/1629 | https://t.me/ChemIranSanat/1696 | https://t.me/chemgroup/1106 | https://tamadkala.com/product/13665/%D8%A7%D8%B3%D8%AA%D9%88%D9%86%DB%8C%D8%AA%D8%B1%DB%8C%D9%84 | https://tamadkala.com/product/153252/%D8%A7%D8%B3%D8%AA%D9%88%D9%86%DB%8C%D8%AA%D8%B1%DB%8C%D9%84-%D8%A7%D9%85%D8%B1%D8%AA%D8%A7%D8%AA-%D8%B4%DB%8C%D9%85%DB%8C-%DA%AF%D8%B1%DB%8C%D8%AF-gradient-grade-for-liquid-chromatography | https://tamadkala.com/product/153253/%D8%A7%D8%B3%D8%AA%D9%88%D9%86%DB%8C%D8%AA%D8%B1%DB%8C%D9%84-%D8%A7%D9%85%D8%B1%D8%AA%D8%A7%D8%AA-%D8%B4%DB%8C%D9%85%DB%8C-preparative-chromatography | https://tamadkala.com/product/153255/%D8%A7%D8%B3%D8%AA%D9%88%D9%86%DB%8C%D8%AA%D8%B1%DB%8C%D9%84-%D8%A7%D9%85%D8%B1%D8%AA%D8%A7%D8%AA-%D8%B4%DB%8C%D9%85%DB%8C-isocratic-grade | https://tamadkala.com/product/19467/%D8%A7%D8%B3%D8%AA%D9%88%D9%86%DB%8C%D8%AA%D8%B1%DB%8C%D9%84-gc-%D8%AF%DA%A9%D8%AA%D8%B1-%D9%85%D8%AC%D9%84%D9%84%DB%8C | https://tamadkala.com/product/19476/%D8%A7%D8%B3%D8%AA%D9%88%D9%86%DB%8C%D8%AA%D8%B1%DB%8C%D9%84-gradient-hplc-%D8%AF%DA%A9%D8%AA%D8%B1-%D9%85%D8%AC%D9%84%D9%84%DB%8C | https://tamadkala.com/product/19485/%D8%A7%D8%B3%D8%AA%D9%88%D9%86%DB%8C%D8%AA%D8%B1%DB%8C%D9%84-isocratic-hplc-%D8%AF%DA%A9%D8%AA%D8%B1-%D9%85%D8%AC%D9%84%D9%84%DB%8C | https://tamadkala.com/product/19489/%D8%A7%D8%B3%D8%AA%D9%88%D9%86%DB%8C%D8%AA%D8%B1%DB%8C%D9%84-uv-spectroscopy-%D8%AF%DA%A9%D8%AA%D8%B1-%D9%85%D8%AC%D9%84%D9%84%DB%8C | https://tamadkala.com/product/19573/%D8%A7%D8%B3%D8%AA%D9%88%D9%86%DB%8C%D8%AA%D8%B1%DB%8C%D9%84-acs-%D8%AF%DA%A9%D8%AA%D8%B1-%D9%85%D8%AC%D9%84%D9%84%DB%8C,acetonitrile | استونیتریل | استونیتریل acs دکتر مجللی | استونیتریل gc دکتر مجللی | استونیتریل gradient hplc دکتر مجللی | استونیتریل isocratic hplc دکتر مجللی | استونیتریل uv spectroscopy دکتر مجللی | استونیتریل امرتات شیمی isocratic grade | استونیتریل امرتات شیمی preparative chro,existing skill export | router_title_normalization,verified_catalogue,2026-08-23
acetyl acetate,Acetic anhydride,108-24-7,7918,WFDIJRYMOXRFFG-UHFFFAOYSA-N,C4H6O3,102.09,CC(=O)OC(=O)C,confirmed_organic,organic_reagent,,TamadKala,Iranian online wholesale/lab shop,product_page_listed_not_current_stock_verified,https://tamadkala.com/product/164674/%D8%A7%D9%86%DB%8C%D8%AF%D8%B1%DB%8C%D8%AF-%D8%A7%D8%B3%D8%AA%DB%8C%DA%A9-%DA%A9%D8%AF-320102-%D8%B3%DB%8C%DA%AF%D9%85%D8%A7 | https://tamadkala.com/product/32656/%D8%A7%D9%86%DB%8C%D8%AF%D8%B1%DB%8C%D8%AF-%D8%A7%D8%B3%D8%AA%DB%8C%DA%A9-98-%D9%BE%D8%A7%D8%B1%D8%B3-%D8%B4%DB%8C%D9%85%DB%8C,انیدرید استیک 98 پارس شیمی | انیدرید استیک کد 320102 سیگما,router_title_normalization,verified_catalogue,2026-08-23
acetylene,Acetylene,74-86-2,6326,HSFWRNGVRCDJHI-UHFFFAOYSA-N,C2H2,26.04,C#C,confirmed_organic,organic_reagent,,Telegram: chemgroup,Iranian supplier Telegram catalogue,listed_not_current_stock_verified,,acetylene,existing skill export,verified_catalogue,2026-08-23
aluminum tris(octadecanoate),Aluminum stearate,637-12-7,12496,CEGOLXSVJUTHNZ-UHFFFAOYSA-K,C54H105AlO6,877.4,CCCCCCCCCCCCCCCCCC(=O)[O-].CCCCCCCCCCCCCCCCCC(=O)[O-].CCCCCCCCCCCCCCCCCC(=O)[O-].[Al+3],confirmed_organic,organic_reagent,research,TamadKala | Telegram: Ch_Chemical_leaders | Telegram: fanchem,Iranian online wholesale/lab shop | Iranian supplier Telegram catalogue,listed_not_current_stock_verified | product_page_listed_not_current_stock_verified,https://t.me/Ch_Chemical_leaders/460 | https://t.me/fanchem/273 | https://t.me/fanchem/399 | https://t.me/fanchem/421 | https://t.me/fanchem/437 | https://t.me/fanchem/448 | https://t.me/fanchem/454 | https://t.me/fanchem/458 | https://t.me/fanchem/59 | https://tamadkala.com/product/155275/%D8%A2%D9%84%D9%88%D9%85%DB%8C%D9%86%DB%8C%D9%88%D9%85-%D8%A7%D8%B3%D8%AA%D8%A6%D8%A7%D8%B1%D8%A7%D8%AA-%D8%A7%D9%85%D8%B1%D8%AA%D8%A7%D8%AA-%D8%B4%DB%8C%D9%85%DB%8C-extra-pure,aluminum tris(octadecanoate) | آلومینیوم استئارات امرتات شیمی extra pure,existing skill export | router_title_normalization,verified_catalogue,2026-08-23
anthracene-9-carbaldehyde,9-Anthracenecarboxaldehyde,,69504,YMNKUHIVVMFOFO-UHFFFAOYSA-N,C15H10O,206.24,C1=CC=C2C(=C1)C=C3C=CC=CC3=C2C=O,confirmed_organic,organic_reagent,research,Telegram: ChemIranSanat,Iranian supplier Telegram catalogue,listed_not_current_stock_verified,https://t.me/ChemIranSanat/1470,anthracene-9-carbaldehyde,existing skill export,verified_catalogue,2026-08-23
"azane;2-hydroxypropane-1,2,3-tricarboxylic acid;iron(3+)",Ferric ammonium citrate,,118984355,FRHBOQMZUOWXQL-UHFFFAOYSA-N,C6H11FeNO7+3,265.00,C(C(=O)O)C(CC(=O)O)(C(=O)O)O.N.[Fe+3],confirmed_organic,organic_reagent,,Fardad Shimi | TamadKala,Iranian online lab-chemical shop | Iranian online wholesale/lab shop,product_page_listed_not_current_stock_verified,https://fardadshimi.com/product/6392241/ | https://tamadkala.com/product/2157/%D9%81%D8%B1%D9%88%D8%B4-%D9%81%D8%B1%DB%8C%DA%A9-%D8%A2%D9%85%D9%88%D9%86%DB%8C%D9%88%D9%85-%D8%B3%DB%8C%D8%AA%D8%B1%D8%A7%D8%AA,آمونیوم آهن (III) سیترات MERCK | فروش فریک آمونیوم سیترات,router_title_normalization,verified_catalogue,2026-08-23
"azanium 2,4-dioxo-5-[(2,4,6-trioxo-1,3-diazinan-5-ylidene)amino]-1H-pyrimidin-6-olate",Murexide,3051-09-0,18275,LJYRLGOJYKPILZ-UHFFFAOYSA-N,C8H8N6O6,284.19,C1(=C(NC(=O)NC1=O)[O-])N=C2C(=O)NC(=O)NC2=O.[NH4+],confirmed_organic,organic_reagent,,Fardad Shimi,Iranian online lab-chemical shop,product_page_listed_not_current_stock_verified,,موراکسید مرک MERCK,router_title_normalization,verified_catalogue,2026-08-23
azanium acetate,Ammonium acetate,631-61-8,517165,USFZMSVCRYTOJT-UHFFFAOYSA-N,C2H7NO2,77.08,CC(=O)[O-].[NH4+],confirmed_organic,organic_reagent,research,DigiShimi | Fardad Shimi | ShimiMan | TamadKala,Iranian online chemical shop | Iranian online chemical shops | Iranian online lab-chemical shop | Iranian online wholesale/lab shop,product_page_listed_not_current_stock_verified,https://digishimii.ir/Product/%d8%a7%d8%b3%d8%aa%d8%a7%d8%aa-%d8%a2%d9%85%d9%88%d9%86%db%8c%d9%88%d9%85/ | https://fardadshimi.com/product/6392232/ | https://shimiman.com/product/ammonium-acetate-grade-extra-pure/ | https://tamadkala.com/product/155366/%D8%A2%D9%85%D9%88%D9%86%DB%8C%D9%88%D9%85-%D8%A7%D8%B3%D8%AA%D8%A7%D8%AA-%D8%A7%D9%85%D8%B1%D8%AA%D8%A7%D8%AA-%D8%B4%DB%8C%D9%85%DB%8C-%DA%AF%D8%B1%DB%8C%D8%AF-extra-pure | https://tamadkala.com/product/73035/%D8%A2%D9%85%D9%88%D9%86%DB%8C%D9%88%D9%85-%D8%A7%D8%B3%D8%AA%D8%A7%D8%AA-%D9%82%D8%B7%D8%B1%D8%A7%D9%86-%D8%B4%DB%8C%D9%85%DB%8C,https://shimiman.com/product/ammonium-acetate-grade-extra-pure/ | آمونیوم استات acs دکتر مجللی | ... | آمونیوم استات extra pure دکتر مجللی | ... | آمونیوم استات امرتات شیمی گرید extra pure | آمونیوم استات خوراکی | ... | آمونیوم استات قطران شیمی | استات آمونیوم | استات آمونیوم MER,router_title_normalization | sitemap_title,verified_catalogue,2026-08-23
benzaldehyde,Benzaldehyde,100-52-7,240,HUMNYLRZRPPJDN-UHFFFAOYSA-N,C7H6O,106.12,C1=CC=C(C=C1)C=O,confirmed_organic,fragrance_or_aroma,,TamadKala,Iranian online wholesale/lab shop,product_page_listed_not_current_stock_verified,https://tamadkala.com/product/164920/%D8%A8%D9%86%D8%B2%D8%A7%D9%84%D8%AF%D8%A6%DB%8C%D8%AF-%D8%A8%D8%B1%D9%86%D8%AF-%D9%84%D9%88%D8%A8%D8%A7-%D9%87%D9%86%D8%AF | https://tamadkala.com/product/7983/%D9%81%D8%B1%D9%88%D8%B4-%D8%A8%D9%86%D8%B2%D8%A7%D9%84%D8%AF%D9%87%DB%8C%D8%AF,بنزالدئید برند لوبا هند | فروش بنزالدهید,router_title_normalization,verified_catalogue,2026-08-23
benzene,benzene,71-43-2,241,UHOVQNZJYSORNB-UHFFFAOYSA-N,C6H6,78.11,C1=CC=CC=C1,confirmed_organic,organic_reagent,research,TamadKala | Telegram: ChemIranSanat | Telegram: chemgroup | Telegram: minatajhiz,Iranian online wholesale/lab shop | Iranian supplier Telegram catalogue,listed_not_current_stock_verified | product_page_listed_not_current_stock_verified,https://t.me/ChemIranSanat/1362 | https://t.me/ChemIranSanat/1439 | https://t.me/ChemIranSanat/1690 | https://t.me/ChemIranSanat/1774 | https://t.me/ChemIranSanat/1972 | https://t.me/chemgroup/1083 | https://t.me/chemgroup/1317 | https://t.me/minatajhiz/476 | https://t.me/minatajhiz/479 | https://t.me/minatajhiz/801 | https://t.me/minatajhiz/836 | https://t.me/minatajhiz/971 | https://tamadkala.com/product/2420/%D9%81%D8%B1%D9%88%D8%B4-%D8%A8%D9%86%D8%B2%D9%86 | https://tamadkala.com/product/93000/%D8%A8%D9%86%D8%B2%D9%86-hplc-%D9%86%D9%88%D8%AA%D8%B1%D9%88%D9%86,benzene | بنزن hplc نوترون | بنزن امرتات شیمی گرید extra pure | ... | فروش بنزن,existing skill export | router_title_normalization,verified_catalogue,2026-08-23
"benzene-1,3-diamine",M-Phenylenediamine,,7935,WZCQRUWWHSTZEM-UHFFFAOYSA-N,C6H8N2,108.14,C1=CC(=CC(=C1)N)N,confirmed_organic,organic_reagent,research,Telegram: minatajhiz,Iranian supplier Telegram catalogue,listed_not_current_stock_verified,https://t.me/minatajhiz/1086,"benzene-1,3-diamine",existing skill export,verified_catalogue,2026-08-23
"benzene-1,3-dicarboxylic acid",Isophthalic Acid,,8496,QQVIHTHCMHWDBS-UHFFFAOYSA-N,C8H6O4,166.13,C1=CC(=CC(=C1)C(=O)O)C(=O)O,confirmed_organic,organic_reagent,,Telegram: Maran_Tejarat_Eshen,Iranian supplier Telegram catalogue,listed_not_current_stock_verified,https://t.me/Maran_Tejarat_Eshen/540,"benzene-1,3-dicarboxylic acid",existing skill export,verified_catalogue,2026-08-23
"benzene-1,3-diol",Resorcinol,108-46-3,5054,GHMLBKRAJCXXBS-UHFFFAOYSA-N,C6H6O2,110.11,C1=CC(=CC(=C1)O)O,confirmed_organic,organic_reagent,,Fardad Shimi,Iranian online lab-chemical shop,product_page_listed_not_current_stock_verified,,رزورسینول MERCK | ...,router_title_normalization,verified_catalogue,2026-08-23
"benzene-1,4-diol",Hydroquinone,123-31-9,785,QIGBRXMKCJKVMJ-UHFFFAOYSA-N,C6H6O2,110.11,C1=CC(=CC=C1O)O,confirmed_organic,organic_reagent,research,TamadKala | Telegram: minatajhiz,Iranian online wholesale/lab shop | Iranian supplier Telegram catalogue,listed_not_current_stock_verified | product_page_listed_not_current_stock_verified,https://tamadkala.com/product/101079/%D9%87%DB%8C%D8%AF%D8%B1%D9%88%DA%A9%DB%8C%D9%86%D9%88%D9%86,"benzene-1,4-diol | هیدروکینون | هیدروکینون صنعتی تولید ژاپن | ...",existing skill export | router_title_normalization,verified_catalogue,2026-08-23
benzoic acid,Benzoic acid,65-85-0,243,WPYMKLBDIGXBTP-UHFFFAOYSA-N,C7H6O2,122.12,C1=CC=C(C=C1)C(=O)O,confirmed_organic,organic_reagent,research,DigiShimi | TamadKala | Telegram: ChemIranSanat | Telegram: jahaneshimicom,Iranian online chemical shops | Iranian online wholesale/lab shop | Iranian supplier Telegram catalogue,listed_not_current_stock_verified | product_page_listed_not_current_stock_verified,https://digishimii.ir/Product/%d8%a7%d8%b3%db%8c%d8%af-%d8%a8%d9%86%d8%b2%d9%88%d8%a6%db%8c%da%a9/ | https://tamadkala.com/product/59159/%D8%A8%D9%86%D8%B2%D9%88%D8%A6%DB%8C%DA%A9-%D8%A7%D8%B3%DB%8C%D8%AF-extra-pure-%D9%86%D9%88%D8%AA%D8%B1%D9%88%D9%86 | https://tamadkala.com/product/73016/%D8%A8%D9%86%D8%B2%D9%88%D8%A6%D9%8A%D9%83-%D8%A7%D8%B3%D9%8A%D8%AF-%D9%82%D8%B7%D8%B1%D8%A7%D9%86-%D8%B4%DB%8C%D9%85%DB%8C,benzoic acid | اسید بنزوئیک | بنزوئيك اسيد قطران شیمی | بنزوئیک اسید extra pure نوترون | بنزوئیک اسید lab دکتر مجللی | ...,existing skill export | router_title_normalization,verified_catalogue,2026-08-23
"benzoic acid;N,N-dimethyl-2-[5-(1,2,4-triazol-1-ylmethyl)-1H-indol-3-yl]ethanamine",Rizatriptan Benzoate,,77997,JPRXYLQNJJVCMZ-UHFFFAOYSA-N,C22H25N5O2,391.5,CN(C)CCC1=CNC2=C1C=C(C=C2)CN3C=NC=N3.C1=CC=C(C=C1)C(=O)O,confirmed_organic,pharmaceutical_or_api,research,BehChin Chemi Pharmed,Iranian supplier API/intermediate catalogue,supplier_catalogue_listed_not_current_stock_verified,https://www.behchinchemi.ir/en/our-products/active-pharmaceutical-ingredient,Rizatriptan Benzoate,supplier_table,verified_catalogue,2026-08-23
benzoyl benzenecarboperoxoate,Benzoyl peroxide,94-36-0,7187,OMPJBNCRMGITSC-UHFFFAOYSA-N,C14H10O4,242.23,C1=CC=C(C=C1)C(=O)OOC(=O)C2=CC=CC=C2,confirmed_organic,organic_reagent,,Fardad Shimi | Telegram: Maran_Tejarat_Eshen,Iranian online lab-chemical shop | Iranian supplier Telegram catalogue,listed_not_current_stock_verified | product_page_listed_not_current_stock_verified,,benzoyl benzenecarboperoxoate | بنزوئیل پراکسید MERCK | ...,existing skill export | router_title_normalization,verified_catalogue,2026-08-23
benzyl benzoate,Benzyl benzoate,120-51-4,2345,SESFRYSPDFLNCH-UHFFFAOYSA-N,C14H12O2,212.24,C1=CC=C(C=C1)COC(=O)C2=CC=CC=C2,confirmed_organic,fragrance_or_aroma,,TamadKala,Iranian online wholesale/lab shop,product_page_listed_not_current_stock_verified,https://tamadkala.com/product/154861/%D8%A8%D9%86%D8%B2%DB%8C%D9%84-%D8%A8%D9%86%D8%B2%D9%88%D8%A7%D8%AA-%D8%A8%D8%B1%D9%86%D8%AF-dyc-%DA%86%DB%8C%D9%86 | https://tamadkala.com/product/55984/%D8%A8%D9%86%D8%B2%DB%8C%D9%84-%D8%A8%D9%86%D8%B2%D9%88%D8%A7%D8%AA,بنزیل بنزوات | بنزیل بنزوات برند dyc چین,router_title_normalization,verified_catalogue,2026-08-23
bis((Z)-4-hydroxypent-3-en-2-one);oxovanadium,Vanadium(IV) Oxide Acetylacetonate,,11821519,FSJSYDFBTIVUFD-SUKNRPLKSA-N,C10H16O5V,267.17,C/C(=C/C(=O)C)/O.C/C(=C/C(=O)C)/O.O=[V],confirmed_organic,organic_reagent,research,Telegram: minatajhiz,Iranian supplier Telegram catalogue,listed_not_current_stock_verified,https://t.me/minatajhiz/685,bis((Z)-4-hydroxypent-3-en-2-one);oxovanadium,existing skill export,verified_catalogue,2026-08-23
"bis(2-ethylhexyl) benzene-1,2-dicarboxylate",Di(2-ethylhexyl) phthalate,117-81-7,8343,BJQHLKABXJIVAM-UHFFFAOYSA-N,C24H38O4,390.6,CCCCC(CC)COC(=O)C1=CC=CC=C1C(=O)OCC(CC)CCCC,confirmed_organic,organic_reagent,,Telegram: jahaneshimicom,Iranian supplier Telegram catalogue,listed_not_current_stock_verified,,"bis(2-ethylhexyl) benzene-1,2-dicarboxylate",existing skill export,verified_catalogue,2026-08-23
"bis(2-methylpropyl) benzene-1,2-dicarboxylate",Diisobutyl phthalate,84-69-5,6782,MGWAVDBGNNKXQV-UHFFFAOYSA-N,C16H22O4,278.34,CC(C)COC(=O)C1=CC=CC=C1C(=O)OCC(C)C,confirmed_organic,organic_reagent,,Telegram: IranChemicals,Iranian supplier Telegram catalogue,listed_not_current_stock_verified,,"bis(2-methylpropyl) benzene-1,2-dicarboxylate",existing skill export,verified_catalogue,2026-08-23
"bis([4-[[4-(dimethylamino)phenyl]-phenylmethylidene]cyclohexa-2,5-dien-1-ylidene]-dimethylazanium);bis(2-hydroxy-2-oxoacetate);oxalic acid",Malachite Green Oxalate,2437-29-8,2724411,CNYGFPPAGUCRIC-UHFFFAOYSA-L,C52H54N4O12,927.0,CN(C)C1=CC=C(C=C1)C(=C2C=CC(=[N+](C)C)C=C2)C3=CC=CC=C3.CN(C)C1=CC=C(C=C1)C(=C2C=CC(=[N+](C)C)C=C2)C3=CC=CC=C3.C(=O)(C(=O)O)O.C(=O)(C(=O)[O-])O.C(=O)(C(=O)[O-])O,confirmed_organic,colorant_or_indicator,,Fardad Shimi | TamadKala,Iranian online lab-chemical shop | Iranian online wholesale/lab shop,product_page_listed_not_current_stock_verified,https://tamadkala.com/product/173755/%D9%85%D8%B9%D8%B1%D9%81-%D9%85%D8%A7%D9%84%D8%A7%D8%B4%DB%8C%D8%AA-%DA%AF%D8%B1%DB%8C%D9%86-%D8%A7%DA%AF%D8%B2%D8%A7%D9%84%D8%A7%D8%AA-%D8%AF%DA%A9%D8%AA%D8%B1-%D9%85%D8%AC%D9%84%D9%84%DB%8C,اگزالات مالاشیت گرین مرک MERCK | معرف مالاشیت گرین اگزالات دکتر مجللی,router_title_normalization,verified_catalogue,2026-08-23
bromoethane,Ethyl Bromide,74-96-4,6332,RDHPKYGYEGBMSE-UHFFFAOYSA-N,C2H5Br,108.97,CCBr,confirmed_organic,organic_reagent,,Telegram: jahaneshimicom,Iranian supplier Telegram catalogue,listed_not_current_stock_verified,,bromoethane,existing skill export,verified_catalogue,2026-08-23
butan-1-amine,n-Butylamine,109-73-9,8007,HQABUPZFAYXKJW-UHFFFAOYSA-N,C4H11N,73.14,CCCCN,confirmed_organic,organic_reagent,,TamadKala,Iranian online wholesale/lab shop,product_page_listed_not_current_stock_verified,https://tamadkala.com/product/34948/%D8%A7%D9%86-%D8%A8%D9%88%D8%AA%DB%8C%D9%84-%D8%A2%D9%85%DB%8C%D9%86,ان بوتیل آمین,router_title_normalization,verified_catalogue,2026-08-23
butan-1-ol,Butanol,71-36-3,263,LRHPLDYGYMQRHN-UHFFFAOYSA-N,C4H10O,74.12,CCCCO,confirmed_organic,organic_reagent,research,Fardad Shimi | TamadKala,Iranian online lab-chemical shop | Iranian online wholesale/lab shop,product_page_listed_not_current_stock_verified,https://fardadshimi.com/product/6199290/ | https://tamadkala.com/product/154053/1-%D8%A8%D9%88%D8%AA%D8%A7%D9%86%D9%88%D9%84-1051-%D8%A7%D9%85%D8%B1%D8%AA%D8%A7%D8%AA-%D8%B4%DB%8C%D9%85%DB%8C | https://tamadkala.com/product/154055/1-%D8%A8%D9%88%D8%AA%D8%A7%D9%86%D9%88%D9%84-%D8%A7%D9%85%D8%B1%D8%AA%D8%A7%D8%AA-%D8%B4%DB%8C%D9%85%DB%8C-%DA%AF%D8%B1%DB%8C%D8%AF-for-liquid-chromatography | https://tamadkala.com/product/154056/1-%D8%A8%D9%88%D8%AA%D8%A7%D9%86%D9%88%D9%84-%D8%A7%D9%85%D8%B1%D8%AA%D8%A7%D8%AA-%D8%B4%DB%8C%D9%85%DB%8C-%DA%AF%D8%B1%DB%8C%D8%AF-gr-for-analysis | https://tamadkala.com/product/154057/1-%D8%A8%D9%88%D8%AA%D8%A7%D9%86%D9%88%D9%84-%D8%A7%D9%85%D8%B1%D8%AA%D8%A7%D8%AA-%D8%B4%DB%8C%D9%85%DB%8C-%DA%AF%D8%B1%DB%8C%D8%AF-for-spectroscopy | https://tamadkala.com/product/18491/1-%D8%A8%D9%88%D8%AA%D8%A7%D9%86%D9%88%D9%84 | https://tamadkala.com/product/47637/%D9%86%D8%B1%D9%85%D8%A7%D9%84-%D8%A8%D9%88%D8%AA%D8%A7%D9%86%D9%88%D9%84-%D9%BE%D8%A7%D8%B1%D8%B3-%D8%B4%DB%8C%D9%85%DB%8C,1 بوتانول | 1 بوتانول 1051 امرتات شیمی | 1 بوتانول extra pure دکتر مجللی | ... | 1 بوتانول laboratory دکتر مجللی | ... | 1 بوتانول امرتات شیمی گرید for liquid chromatography | 1 بوتانول امرتات شیمی گرید for spectroscopy | 1 بوتانول امرتات شیمی گرید gr for analysis | بوتانول دکتر ,router_title_normalization,verified_catalogue,2026-08-23
butan-2-ol,2-Butanol,78-92-2,6568,BTANRVKWQNVYAZ-UHFFFAOYSA-N,C4H10O,74.12,CCC(C)O,confirmed_organic,organic_reagent,research,TamadKala,Iranian online wholesale/lab shop,product_page_listed_not_current_stock_verified,https://tamadkala.com/product/154282/2-%D8%A8%D9%88%D8%AA%D8%A7%D9%86%D9%88%D9%84-%D8%A7%D9%85%D8%B1%D8%AA%D8%A7%D8%AA-%D8%B4%DB%8C%D9%85%DB%8C-extra-pure | https://tamadkala.com/product/18483/2-%D8%A8%D9%88%D8%AA%D8%A7%D9%86%D9%88%D9%84,2 بوتانول | 2 بوتانول امرتات شیمی extra pure,router_title_normalization,verified_catalogue,2026-08-23
butan-2-one,Methyl ethyl ketone,78-93-3,6569,ZWEHNKRNPOVVGH-UHFFFAOYSA-N,C4H8O,72.11,CCC(=O)C,confirmed_organic,organic_reagent,research,Fardad Shimi | TamadKala,Iranian online lab-chemical shop | Iranian online wholesale/lab shop,product_page_listed_not_current_stock_verified,https://fardadshimi.com/product/6199378/ | https://tamadkala.com/product/168029/%D9%85%D8%AA%DB%8C%D9%84-%D8%A7%D8%AA%DB%8C%D9%84-%DA%A9%D8%AA%D9%88%D9%86-mek-acs-%D8%AF%DA%A9%D8%AA%D8%B1-%D9%85%D8%AC%D9%84%D9%84%DB%8C,متیل اتیل کتون mek acs دکتر مجللی | متیل اتیل کتون دکتر مجللی,router_title_normalization,verified_catalogue,2026-08-23
"butane-1,2,3,4-tetracarboxylic acid","1,2,3,4-Butanetetracarboxylic acid",,15560,GGAUUQHSCNMCAU-UHFFFAOYSA-N,C8H10O8,234.16,C(C(C(CC(=O)O)C(=O)O)C(=O)O)C(=O)O,confirmed_organic,organic_reagent,research,Telegram: minatajhiz,Iranian supplier Telegram catalogue,listed_not_current_stock_verified,https://t.me/minatajhiz/1009,"butane-1,2,3,4-tetracarboxylic acid",existing skill export,verified_catalogue,2026-08-23
"butane-1,3-diol","1,3-Butanediol",,7896,PUPZLCDOIYMWBV-UHFFFAOYSA-N,C4H10O2,90.12,CC(CCO)O,confirmed_organic,organic_reagent,research,Telegram: minatajhiz,Iranian supplier Telegram catalogue,listed_not_current_stock_verified,https://t.me/minatajhiz/481 | https://t.me/minatajhiz/509,"butane-1,3-diol",existing skill export,verified_catalogue,2026-08-23
"butane-1,4-diol","1,4-Butanediol",,8064,WERYXYBDKMZEQL-UHFFFAOYSA-N,C4H10O2,90.12,C(CCO)CO,confirmed_organic,organic_reagent,research,Telegram: minatajhiz,Iranian supplier Telegram catalogue,listed_not_current_stock_verified,https://t.me/minatajhiz/683,"butane-1,4-diol",existing skill export,verified_catalogue,2026-08-23
butanedioic acid;bis(1-[4-(2-methoxyethyl)phenoxy]-3-(propan-2-ylamino)propan-2-ol),Metoprolol Succinate,,62937,RGHAZVBIOOEVQX-UHFFFAOYSA-N,C34H56N2O10,652.8,CC(C)NCC(COC1=CC=C(C=C1)CCOC)O.CC(C)NCC(COC1=CC=C(C=C1)CCOC)O.C(CC(=O)O)C(=O)O,confirmed_organic,pharmaceutical_or_api,research,BehChin Chemi Pharmed,Iranian supplier API/intermediate catalogue,supplier_catalogue_listed_not_current_stock_verified,https://www.behchinchemi.ir/en/our-products/active-pharmaceutical-ingredient,Metoprolol Succinate,supplier_table,verified_catalogue,2026-08-23
butanoic acid,Butyric acid,107-92-6,264,FERIUCNNQQJTOY-UHFFFAOYSA-N,C4H8O2,88.11,CCCC(=O)O,confirmed_organic,organic_reagent,,TamadKala,Iranian online wholesale/lab shop,product_page_listed_not_current_stock_verified,https://tamadkala.com/product/42033/%D8%A8%D9%88%D8%AA%D8%A7%D9%86%D9%88%DB%8C%DB%8C%DA%A9-%D8%A7%D8%B3%DB%8C%D8%AF,بوتانوییک اسید,router_title_normalization,verified_catalogue,2026-08-23
butyl acetate,Ethyl acetate,123-86-4,31272,DKPFZGUDAPQIHT-UHFFFAOYSA-N,C6H12O2,116.16,CCCCOC(=O)C,confirmed_organic,fragrance_or_aroma,research,DigiShimi | Fardad Shimi | Isatis Shimi | TamadKala | Telegram: IranChemicals | Telegram: chemgroup,Iranian online chemical shops | Iranian online lab-chemical shop | Iranian online wholesale/lab shop | Iranian supplier Telegram catalogue,listed_not_current_stock_verified | product_page_listed_not_current_stock_verified,https://digishimii.ir/Product/%d8%a7%d8%aa%db%8c%d9%84-%d8%a7%d8%b3%d8%aa%d8%a7%d8%aa/ | https://digishimii.ir/Product/%d8%a8%d9%88%d8%aa%db%8c%d9%84-%d8%a7%d8%b3%d8%aa%d8%a7%d8%aa/ | https://fardadshimi.com/product/6199247/ | https://fardadshimi.com/product/6199249/ | https://isatisshimi.com/en/product/butyl-acetate/ | https://t.me/IranChemicals/28542 | https://t.me/IranChemicals/28550 | https://t.me/chemgroup/1851 | https://tamadkala.com/product/32121/%D8%A7%D8%AA%DB%8C%D9%84-%D8%A7%D8%B3%D8%AA%D8%A7%D8%AA-u-s-p-extra-pure-%D9%BE%D8%A7%D8%B1%D8%B3-%D8%B4%DB%8C%D9%85%DB%8C | https://tamadkala.com/product/32133/%D8%A7%D8%AA%DB%8C%D9%84-%D8%A7%D8%B3%D8%AA%D8%A7%D8%AA-g-r-a-c-s-%D9%BE%D8%A7%D8%B1%D8%B3-%D8%B4%DB%8C%D9%85%DB%8C | https://tamadkala.com/product/5626/%D9%81%D8%B1%D9%88%D8%B4-%D8%A7%D8%AA%DB%8C%D9%84-%D8%A7%D8%B3%D8%AA%D8%A7%D8%AA-2 | https://tamadkala.com/product/76024/%D8%A8%D9%88%D8%AA%DB%8C%D9%84-%D8%A7%D8%B3%D8%AA%D8%A7%D8%AA-acs | https://tamadkala.com/product/76025/%D8%A8%D9%88%D8%AA%DB%8C%D9%84-%D8%A7%D8%B3%D8%AA%D8%A7%D8%AA-%D8%AF%DA%A9%D8%AA%D8%B1-%D9%85%D8%AC%D9%84%D9%84%DB%8C-laboratory,Butyl Acetate | butyl acetate | ethyl acetate | اتیل استات | اتیل استات acs دکتر مجللی | ... | اتیل استات extra pure دکتر مجللی | ... | اتیل استات g r a c s پارس شیمی | اتیل استات laboratory دکتر مجللی | ... | اتیل استات u s p extra pure پارس شیمی | اتیل استات دکتر مجللی | اتیل ا,existing skill export | router_title_normalization,verified_catalogue,2026-08-23
butyl prop-2-enoate,Butyl Acrylate,141-32-2,8846,CQEYYJKEWSMYFG-UHFFFAOYSA-N,C7H12O2,128.17,CCCCOC(=O)C=C,confirmed_organic,organic_reagent,research,Telegram: Boof_company | Telegram: ChemIranSanat | Telegram: IranChemicals | Telegram: Maran_Tejarat_Eshen,Iranian supplier Telegram catalogue,listed_not_current_stock_verified,https://t.me/Boof_company/23 | https://t.me/Boof_company/27 | https://t.me/Boof_company/29 | https://t.me/Boof_company/61 | https://t.me/ChemIranSanat/1410 | https://t.me/ChemIranSanat/1677 | https://t.me/ChemIranSanat/1945 | https://t.me/ChemIranSanat/595 | https://t.me/IranChemicals/31331 | https://t.me/Maran_Tejarat_Eshen/107 | https://t.me/Maran_Tejarat_Eshen/182 | https://t.me/Maran_Tejarat_Eshen/183 | https://t.me/Maran_Tejarat_Eshen/185 | https://t.me/Maran_Tejarat_Eshen/186 | https://t.me/Maran_Tejarat_Eshen/187 | https://t.me/Maran_Tejarat_Eshen/189 | https://t.me/Maran_Tejarat_Eshen/193 | https://t.me/Maran_Tejarat_Eshen/196 | https://t.me/Maran_Tejarat_Eshen/198 | https://t.me/Maran_Tejarat_Eshen/201 | https://t.me/Maran_Tejarat_Eshen/202 | https://t.me/Maran_Tejarat_Eshen/207 | https://t.me/Maran_Tejarat_Eshen/209 | https://t.me/Maran_Tejarat_Eshen/210 | https://t.me/Maran_Tejarat_Eshen/293 | https://t.me/Maran_Tejarat_Eshen/295 | https://t.me/Maran_Tejarat_Eshen/296 | https://t.me/Maran_Tejarat_Eshen/302 | https://t.me/Maran_Tejarat_Eshen/304 | https://t.me/Maran_Tejarat_Eshen/310 | https://t.me/Maran_Tejarat_Eshen/314 | https://t.me/Maran_Tejarat_Eshen/315 | https://t.me/Maran_Tejarat_Eshen/369 | https://t.me/Maran_Tejarat_Eshen/377 | https://t.me/Maran_Tejarat_Eshen/389 | https://t.me/Maran_Tejarat_Eshen/405 | https://t.me/Maran_Tejarat_Eshen/412 | https://t.me/Maran_Tejarat_Eshen/415 | https://t.me/Maran_Tejarat_Eshen/431 | https://t.me/Maran_Tejarat_Eshen/445 | https://t.me/Maran_Tejarat_Eshen/463 | https://t.me/Maran_Tejarat_Eshen/539 | https://t.me/Maran_Tejarat_Eshen/542 | https://t.me/Maran_Tejarat_Eshen/95 | https://t.me/Maran_Tejarat_Eshen/98,butyl prop-2-enoate,existing skill export,verified_catalogue,2026-08-23
cadmium(2+);bis(octadecanoate),Cadmium stearate,,16681,GWOWVOYJLHSRJJ-UHFFFAOYSA-L,C36H70CdO4,679.4,CCCCCCCCCCCCCCCCCC(=O)[O-].CCCCCCCCCCCCCCCCCC(=O)[O-].[Cd+2],confirmed_organic,organic_reagent,,Fardad Shimi,Iranian online lab-chemical shop,product_page_listed_not_current_stock_verified,,استئارات روی MERCK | ...,router_title_normalization,verified_catalogue,2026-08-23
calcium bis(octadecanoate),Calcium Stearate,1592-23-0,15324,CJZGTCYPCWQAJB-UHFFFAOYSA-L,C36H70CaO4,607.0,CCCCCCCCCCCCCCCCCC(=O)[O-].CCCCCCCCCCCCCCCCCC(=O)[O-].[Ca+2],confirmed_organic,organic_reagent,,Telegram: Ch_Chemical_leaders | Telegram: fanchem,Iranian supplier Telegram catalogue,listed_not_current_stock_verified,https://t.me/Ch_Chemical_leaders/470 | https://t.me/Ch_Chemical_leaders/55 | https://t.me/fanchem/102 | https://t.me/fanchem/159 | https://t.me/fanchem/200 | https://t.me/fanchem/213 | https://t.me/fanchem/276 | https://t.me/fanchem/308 | https://t.me/fanchem/334 | https://t.me/fanchem/390 | https://t.me/fanchem/393 | https://t.me/fanchem/394 | https://t.me/fanchem/395 | https://t.me/fanchem/404 | https://t.me/fanchem/407 | https://t.me/fanchem/443 | https://t.me/fanchem/457,calcium bis(octadecanoate),existing skill export,verified_catalogue,2026-08-23
calcium diacetate,Calcium acetate,,6116,VSGNNIFQASZAOI-UHFFFAOYSA-L,C4H6CaO4,158.17,CC(=O)[O-].CC(=O)[O-].[Ca+2],confirmed_organic,organic_reagent,,Fardad Shimi,Iranian online lab-chemical shop,product_page_listed_not_current_stock_verified,,استات کلسیم ۱ آبه MERCK | ...,router_title_normalization,verified_catalogue,2026-08-23
calcium diformate,Calcium formate,544-17-2,10997,CBOCVOKPQGJKKJ-UHFFFAOYSA-L,C2H2CaO4,130.11,C(=O)[O-].C(=O)[O-].[Ca+2],confirmed_organic,organic_reagent,,Telegram: Maran_Tejarat_Eshen | Telegram: jahaneshimicom,Iranian supplier Telegram catalogue,listed_not_current_stock_verified,https://t.me/Maran_Tejarat_Eshen/608 | https://t.me/jahaneshimicom/162,calcium diformate,existing skill export,verified_catalogue,2026-08-23
calcium propanoate,Calcium Propionate,4075-81-4,19999,BCZXFFBUYPCTSJ-UHFFFAOYSA-L,C6H10CaO4,186.22,CCC(=O)[O-].CCC(=O)[O-].[Ca+2],confirmed_organic,organic_reagent,,DigiShimi,Iranian online chemical shops,product_page_listed_not_current_stock_verified,https://digishimii.ir/Product/%d9%be%d8%b1%d9%88%d9%be%db%8c%d9%88%d9%86%d8%a7%d8%aa-%da%a9%d9%84%d8%b3%db%8c%d9%85/,پروپیونات کلسیم,router_title_normalization,verified_catalogue,2026-08-23
chloro(diethyl)alumane,Diethylaluminium chloride,,7277,YNLAOSYQHBDIKW-UHFFFAOYSA-M,C4H10AlCl,120.56,CC[Al](CC)Cl,confirmed_organic,organic_reagent,,TamadKala,Iranian online wholesale/lab shop,product_page_listed_not_current_stock_verified,,دی اتیل آلومینیوم کلراید سیگما | ...,router_title_normalization,verified_catalogue,2026-08-23
chloro(trimethyl)silane,Chlorotrimethylsilane,75-77-4,6397,IJOOHPMOJXWVHK-UHFFFAOYSA-N,C3H9ClSi,108.64,C[Si](C)(C)Cl,confirmed_organic,organic_reagent,research,Telegram: minatajhiz,Iranian supplier Telegram catalogue,listed_not_current_stock_verified,https://t.me/minatajhiz/1068 | https://t.me/minatajhiz/975,chloro(trimethyl)silane,existing skill export,verified_catalogue,2026-08-23
chloroform,chloroform,67-66-3,6212,HEDRZPFGACZZDS-UHFFFAOYSA-N,CHCl3,119.37,C(Cl)(Cl)Cl,confirmed_organic,organic_reagent,research,Fardad Shimi | TamadKala | Telegram: ChemIranSanat | Telegram: minatajhiz,Iranian online lab-chemical shop | Iranian online wholesale/lab shop | Iranian supplier Telegram catalogue,listed_not_current_stock_verified | product_page_listed_not_current_stock_verified,https://fardadshimi.com/product/6199224/ | https://t.me/ChemIranSanat/1050 | https://t.me/minatajhiz/1001 | https://t.me/minatajhiz/1071,chloroform | كلروفرم قطران شیمی | ... | کلرفرم acs دکتر مجللی | ... | کلرفرم laboratory دکتر مجللی | ... | کلروفرم دکتر مجللی,existing skill export | router_title_normalization,verified_catalogue,2026-08-23
chloromethane,Methyl Chloride,74-87-3,6327,NEHMKBQYUWJMIP-UHFFFAOYSA-N,CH3Cl,50.49,CCl,confirmed_organic,organic_reagent,,Telegram: IranChemicals,Iranian supplier Telegram catalogue,listed_not_current_stock_verified,,chloromethane,existing skill export,verified_catalogue,2026-08-23
chloromethylbenzene,Benzyl Chloride,100-44-7,7503,KCXMKQUNVWSEMD-UHFFFAOYSA-N,C7H7Cl,126.58,C1=CC=C(C=C1)CCl,confirmed_organic,organic_reagent,research,Telegram: minatajhiz,Iranian supplier Telegram catalogue,listed_not_current_stock_verified,,chloromethylbenzene,existing skill export,verified_catalogue,2026-08-23
"cis-(1R,2R)-2-[(dimethylamino)methyl]-1-(3-methoxyphenyl)cyclohexan-1-ol",tramadol,,33741,TVYLLZQTGLZFBW-ZBFHGGJFSA-N,C16H25NO2,263.37,CN(C)C[C@H]1CCCC[C@@]1(C2=CC(=CC=C2)OC)O,confirmed_organic,pharmaceutical_or_api,research,Rooz Darou | TamadKala,Iranian online research/chemical shop | Iranian pharmaceutical product catalogue,product_page_listed_not_current_stock_verified,https://tamadkala.com/product/146252/%D8%A7%D8%B3%D8%AA%D8%A7%D9%86%D8%AF%D8%A7%D8%B1%D8%AF-%D8%AA%D8%B1%D8%A7%D9%85%D8%A7%D8%AF%D9%88%D9%84 | http://rouzdarou.com/products/%D9%82%D8%B1%D8%B5-%D8%AA%D8%B1%D8%A7%D9%85%D8%A7%D8%AF%D9%88%D9%84-50,استاندارد ترامادول | قرص ترامادول 50,explicit_category_supplement,verified_catalogue,2026-08-23
cobalt(2+) diacetate,Cobalt(II) acetate,13493-47-5,6277,QAHREYKOYSIQPH-UHFFFAOYSA-L,C4H6CoO4,177.02,CC(=O)[O-].CC(=O)[O-].[Co+2],confirmed_organic,organic_reagent,,Fardad Shimi,Iranian online lab-chemical shop,product_page_listed_not_current_stock_verified,,کبالت ۲ استات ۴ آبه MERCK | ...,router_title_normalization,verified_catalogue,2026-08-23
copper diacetate,Copper(II) Acetate,,8895,OPQARKPSCNTWTJ-UHFFFAOYSA-L,C4H6CuO4,181.63,CC(=O)[O-].CC(=O)[O-].[Cu+2],confirmed_organic,organic_reagent,,TamadKala,Iranian online wholesale/lab shop,product_page_listed_not_current_stock_verified,https://tamadkala.com/product/72359/%D8%A7%D8%B3%D8%AA%D8%A7%D8%AA-%D9%85%D8%B3-%D9%82%D8%B7%D8%B1%D8%A7%D9%86-%D8%B4%DB%8C%D9%85%DB%8C,استات مس قطران شیمی,router_title_normalization,verified_catalogue,2026-08-23
"copper;[dimethylamino-[[15,24,34-tris[[dimethylamino(dimethylazaniumylidene)methyl]sulfanylmethyl]-2,11,20,29,37,38-hexaza-39,40-diazanidanonacyclo[28.6.1.13,10.112,19.121,28.04,9.013,18.022,27.031,36]tetraconta-1,4(9),5,7,11,13(18),14,16,19,21(38),22(27),23,25,28,30(37),31(36),32,34-octadecaen-6-yl]methylsulfanyl]methylidene]-dimethylazanium;tetrachloride",Alcian Blue,75851-12-6,76418923,OBSNQDWGQFWBKH-UHFFFAOYSA-J,C56H70Cl4CuN16S4,1300.9,CN(C)C(=[N+](C)C)SCC1=CC2=C(C=C1)C3[N-]C2N=C4C5=C(C=CC(=C5)CSC(=[N+](C)C)N(C)C)C(=N4)N=C6C7=C(C=C(C=C7)CSC(=[N+](C)C)N(C)C)C(=N6)N=C8C9=C(C=C(C=C9)CSC(=[N+](C)C)N(C)C)C(=N3)[N-]8.[Cl-].[Cl-].[Cl-].[Cl-].[Cu+2],confirmed_organic,organic_reagent,,TamadKala,Iranian online wholesale/lab shop,product_page_listed_not_current_stock_verified,https://tamadkala.com/product/173816/%D9%85%D8%B9%D8%B1%D9%81-%D8%A2%D9%84%D8%B3%DB%8C%D9%86-%D8%A8%D9%84%D9%88-%D8%AF%DA%A9%D8%AA%D8%B1-%D9%85%D8%AC%D9%84%D9%84%DB%8C,معرف آلسین بلو دکتر مجللی,router_title_normalization,verified_catalogue,2026-08-23
cyanocobalamin,cyanocobalamin,,166596686,RMRCNWBMXRMIRW-WZHZPDAFSA-L,C63H88CoN14O14P,1355.4,CC1=CC2=C(C=C1C)[N+](=CN2)[C@@H]3[C@@H]([C@@H]([C@H](O3)CO)OP(=O)(O)O[C@H](C)CNC(=O)CC[C@@]4([C@H]([C@@H]5[C@]6([C@@]([C@@H](C(=N6)/C(=C\7/[C@@]([C@@H](/C(=C/C8=N/C(=C(\C4=N5)/C)/[C@H](C8(C)C)CCC(=N)[O-])/N7)CCC(=N)[O-])(C)CC(=O)N)/C)CCC(=N)[O-])(C)CC(=O)N)C)CC(=O)N)C)O.[C]#N.[Co+2],confirmed_organic,secondary_metabolite_or_natural_product,,TamadKala,Iranian online research/chemical shop,product_page_listed_not_current_stock_verified,https://tamadkala.com/product/34539/%D9%88%DB%8C%D8%AA%D8%A7%D9%85%DB%8C%D9%86-b12,ویتامین B12,explicit_category_supplement,verified_catalogue,2026-08-23
cyclohexane,Cyclohexane,110-82-7,8078,XDTMQSROBMDMFD-UHFFFAOYSA-N,C6H12,84.16,C1CCCCC1,confirmed_organic,organic_reagent,research,Fardad Shimi | TamadKala,Iranian online lab-chemical shop | Iranian online wholesale/lab shop,product_page_listed_not_current_stock_verified,https://fardadshimi.com/product/6468372/ | https://tamadkala.com/product/168021/%D8%B3%DB%8C%DA%A9%D9%84%D9%88%D9%87%DA%AF%D8%B2%D8%A7%D9%86-lab-%D8%AF%DA%A9%D8%AA%D8%B1-%D9%85%D8%AC%D9%84%D9%84%DB%8C,سیکلو هگزان MERCK | سیکلوهگزان lab دکتر مجللی,router_title_normalization,verified_catalogue,2026-08-23
"cyclohexane-1,2,3,4,5,6-hexol",Myo-inositol,,892,CDAISMWEOUEBRE-UHFFFAOYSA-N,C6H12O6,180.16,C1(C(C(C(C(C1O)O)O)O)O)O,confirmed_organic,organic_reagent,,TamadKala,Iranian online wholesale/lab shop,product_page_listed_not_current_stock_verified,https://tamadkala.com/product/164566/%D9%85%D8%A7%DB%8C%D9%88-%D8%A7%DB%8C%D9%86%D9%88-%D8%B2%DB%8C%D8%AA%D9%88%D9%84-%D8%A8%D8%B1%D9%86%D8%AF-dyc-%DA%86%DB%8C%D9%86,مایو اینو زیتول برند dyc چین,router_title_normalization,verified_catalogue,2026-08-23
dibenzothiophene,Dibenzothiophene,,3023,IYYZUPMFVPLQIF-UHFFFAOYSA-N,C12H8S,184.26,C1=CC=C2C(=C1)C3=CC=CC=C3S2,confirmed_organic,organic_reagent,research,Telegram: minatajhiz,Iranian supplier Telegram catalogue,listed_not_current_stock_verified,https://t.me/minatajhiz/1029,dibenzothiophene,existing skill export,verified_catalogue,2026-08-23
dibutyl(oxo)tin,Dibutyltin oxide,,61221,JGFBRKRYDCGYKD-UHFFFAOYSA-N,C8H18OSn,248.94,CCCC[Sn](=O)CCCC,confirmed_organic,organic_reagent,research,Telegram: minatajhiz,Iranian supplier Telegram catalogue,listed_not_current_stock_verified,https://t.me/minatajhiz/1031,dibutyl(oxo)tin,existing skill export,verified_catalogue,2026-08-23
dichloromethane,Dichloromethane,75-09-2,6344,YMWUJEATGCHHMB-UHFFFAOYSA-N,CH2Cl2,84.93,C(Cl)Cl,confirmed_organic,organic_reagent,research,Fardad Shimi | TamadKala | Telegram: ChemIranSanat,Iranian online lab-chemical shop | Iranian online wholesale/lab shop | Iranian supplier Telegram catalogue,listed_not_current_stock_verified | product_page_listed_not_current_stock_verified,https://fardadshimi.com/product/6199226/ | https://t.me/ChemIranSanat/1489 | https://tamadkala.com/product/33207/%D8%AF%DB%8C-%DA%A9%D9%84%D8%B1%D9%88-%D9%85%D8%AA%D8%A7%D9%86,dichloromethane | دی کلرو متان | دی کلرومتان extra pure دکتر مجللی 2 | ... | دی کلرومتان extra pure دکتر مجللی | ... | دی کلرومتان laboratory دکتر مجللی | ... | دی کلرومتان دکتر مجللی | دی کلرومتان قطران شیمی | ...,existing skill export | router_title_normalization,verified_catalogue,2026-08-23
diiodomethane,Diiodomethane,75-11-6,6346,NZZFYRREKKOMAT-UHFFFAOYSA-N,CH2I2,267.835,C(I)I,confirmed_organic,organic_reagent,,TamadKala,Iranian online wholesale/lab shop,product_page_listed_not_current_stock_verified,https://tamadkala.com/product/42012/%D8%AF%DB%8C%D9%88%D8%AF%D9%88-%D9%85%D8%AA%D8%A7%D9%86,دیودو متان,router_title_normalization,verified_catalogue,2026-08-23
dimethyl (Z)-but-2-enedioate,Dimethyl maleate,,5271565,LDCRTTXIJACKKU-ARJAWSKDSA-N,C6H8O4,144.12,COC(=O)/C=C\C(=O)OC,confirmed_organic,organic_reagent,research,Telegram: minatajhiz,Iranian supplier Telegram catalogue,listed_not_current_stock_verified,https://t.me/minatajhiz/1044,dimethyl (Z)-but-2-enedioate,existing skill export,verified_catalogue,2026-08-23
dimethyl decanedioate,Dimethyl sebacate,106-79-6,7829,ALOUNLDAKADEEB-UHFFFAOYSA-N,C12H22O4,230.30,COC(=O)CCCCCCCCC(=O)OC,confirmed_organic,organic_reagent,,TamadKala,Iranian online wholesale/lab shop,product_page_listed_not_current_stock_verified,https://tamadkala.com/product/101083/%D8%AF%DB%8C-%D9%85%D8%AA%DB%8C%D9%84-%D8%B3%D8%A8%D8%A7%D8%B3%D8%A7%D8%AA-%D8%B3%DB%8C%DA%AF%D9%85%D8%A7,دی متیل سباسات سیگما,router_title_normalization,verified_catalogue,2026-08-23
diphenylmethanone,Benzophenone,119-61-9,3102,RWCCWEUUXYIKHB-UHFFFAOYSA-N,C13H10O,182.22,C1=CC=C(C=C1)C(=O)C2=CC=CC=C2,confirmed_organic,organic_reagent,research,TamadKala | Telegram: minatajhiz,Iranian online wholesale/lab shop | Iranian supplier Telegram catalogue,listed_not_current_stock_verified | product_page_listed_not_current_stock_verified,https://t.me/minatajhiz/480 | https://t.me/minatajhiz/489 | https://tamadkala.com/product/7961/%D9%81%D8%B1%D9%88%D8%B4-%D8%A8%D9%86%D8%B2%D9%88%D9%81%D9%86%D9%88%D9%86,diphenylmethanone | فروش بنزوفنون,existing skill export | router_title_normalization,verified_catalogue,2026-08-23
"disodium;(3Z)-3-[(4-amino-3-sulfonatophenyl)-(4-amino-3-sulfophenyl)methylidene]-6-imino-5-methylcyclohexa-1,4-diene-1-sulfonate",Acid Fuchsin,3244-88-0,5464362,WZRZTHMJPHPAMU-UHFFFAOYSA-L,C20H17N3Na2O9S3,585.5,CC1=C/C(=C(/C2=CC(=C(C=C2)N)S(=O)(=O)O)\C3=CC(=C(C=C3)N)S(=O)(=O)[O-])/C=C(C1=N)S(=O)(=O)[O-].[Na+].[Na+],confirmed_organic,organic_reagent,,TamadKala,Iranian online wholesale/lab shop,product_page_listed_not_current_stock_verified,https://tamadkala.com/product/173640/%D9%85%D8%B9%D8%B1%D9%81-%D9%81%D9%88%D8%B4%DB%8C%D9%86-%D8%A7%D8%B3%DB%8C%D8%AF%DB%8C-%D8%AF%DA%A9%D8%AA%D8%B1%D9%85%D8%AC%D9%84%D9%84%DB%8C,معرف فوشین اسیدی دکترمجللی,router_title_normalization,verified_catalogue,2026-08-23
"disodium;2-(2,4,5,7-tetrabromo-3-oxido-6-oxoxanthen-9-yl)benzoate",Eosin,15086-94-9,11048,SEACYXSIPDVVMV-UHFFFAOYSA-L,C20H6Br4Na2O5,691.9,C1=CC=C(C(=C1)C2=C3C=C(C(=O)C(=C3OC4=C(C(=C(C=C24)Br)[O-])Br)Br)Br)C(=O)[O-].[Na+].[Na+],confirmed_organic,colorant_or_indicator,research,TamadKala,Iranian online wholesale/lab shop,product_page_listed_not_current_stock_verified,https://tamadkala.com/product/23480/%D8%A7%D8%A6%D9%88%D8%B2%DB%8C%D9%86-acs-%D8%AF%DA%A9%D8%AA%D8%B1-%D9%85%D8%AC%D9%84%D9%84%DB%8C,ائوزین acs دکتر مجللی,router_title_normalization,verified_catalogue,2026-08-23
disodium;2-(3-hydroxy-5-sulfonato-1H-indol-2-yl)-3-oxoindole-5-sulfonate,Indigo carmine,860-22-0,2723854,JFVXEJADITYJHK-UHFFFAOYSA-L,C16H8N2Na2O8S2,466.4,C1=CC2=C(C=C1S(=O)(=O)[O-])C(=C(N2)C3=NC4=C(C3=O)C=C(C=C4)S(=O)(=O)[O-])O.[Na+].[Na+],confirmed_organic,colorant_or_indicator,research,TamadKala,Iranian online research/chemical shop | Iranian online wholesale/lab shop,product_page_listed_not_current_stock_verified,https://tamadkala.com/product/173545/%D8%A7%DB%8C%D9%86%D8%AF%DB%8C%DA%AF%D9%88-%DA%A9%D8%A7%D8%B1%D9%85%DB%8C%D9%86-acs-%D8%AF%DA%A9%D8%AA%D8%B1%D9%85%D8%AC%D9%84%D9%84%DB%8C,ایندیگو کارمین ACS دکتر مجللی | ایندیگو کارمین acs دکترمجللی,explicit_category_supplement | router_title_normalization,verified_catalogue,2026-08-23
disodium;2-[2-[carboxylatomethyl(carboxymethyl)amino]ethyl-(carboxymethyl)amino]acetate,Disodium EDTA,6381-92-6,13020083,ZGTMUACCHSMWAC-UHFFFAOYSA-L,C10H18N2Na2O10,336.21,C(CN(CC(=O)[O-])CC(=O)[O-])N(CC(=O)O)CC(=O)O.[Na+].[Na+],confirmed_organic,organic_reagent,research,Fardad Shimi | Isatis Shimi | TamadKala,Iranian online chemical shops | Iranian online lab-chemical shop | Iranian online wholesale/lab shop,product_page_listed_not_current_stock_verified,https://isatisshimi.com/en/product/disodium-edta/ | https://isatisshimi.com/product/%d8%a7%d8%af%d8%aa%d8%a7-2-%d8%b3%d8%af%db%8c%d9%85/ | https://isatisshimi.com/product/%d8%a7%d8%af%d8%aa%d8%a7-4-%d8%b3%d8%af%db%8c%d9%85/ | https://tamadkala.com/product/154863/%D8%A7%D8%AF%D8%AA%D8%A7-%D8%AF%DB%8C-%D8%B3%D8%AF%DB%8C%D9%85 | https://tamadkala.com/product/163452/%D8%A7%D8%AA%DB%8C%D9%84%D9%86-%D8%AF%DB%8C-%D9%86%DB%8C%D8%AA%D8%B1%DB%8C%D9%84%D9%88-%D8%AA%D8%AA%D8%B1%D8%A7-%D8%A7%D8%B3%D8%AA%DB%8C%DA%A9-%D8%A7%D8%B3%DB%8C%D8%AF-%D8%AF%DB%8C-%D8%B3%D8%AF%DB%8C | https://tamadkala.com/product/166015/%D8%A7%D8%AF%D8%AA%D8%A7-%D8%AF%DB%8C-%D8%B3%D8%AF%DB%8C%D9%85-%D8%B5%D9%86%D8%B9%D8%AA%DB%8C | https://tamadkala.com/product/96556/%D8%AF%DB%8C-%D8%B3%D8%AF%DB%8C%D9%85-%D8%A7%D8%AF%D8%AA%D8%A7-extra-pure-%D9%86%D9%88%D8%AA%D8%B1%D9%88%D9%86 | https://tamadkala.com/product/96557/%D8%AA%D8%AA%D8%B1%D8%A7-%D8%B3%D8%AF%DB%8C%D9%85-%D8%A7%D8%AF%D8%AA%D8%A7-extra-pure-%D9%86%D9%88%D8%AA%D8%B1%D9%88%D9%86,Disodium EDTA | اتیلن دی نیتریلو تترا استیک اسید دی سدی | ادتا 2 سدیم | ادتا 4 سدیم | ادتا دی سدیم | ادتا دی سدیم ( تیتری پلکس ۳ ) MERCK | ... | ادتا دی سدیم صنعتی | تترا سدیم ادتا extra pure نوترون | دی سدیم ادتا extra pure نوترون | دی سدیم ادتات laboratory دکتر مجللی | ... | فر,router_title_normalization,verified_catalogue,2026-08-23
"disodium;2-[[4-[ethyl-[(3-sulfonatophenyl)methyl]amino]phenyl]-[4-[ethyl-[(3-sulfonatophenyl)methyl]azaniumylidene]cyclohexa-2,5-dien-1-ylidene]methyl]-5-hydroxybenzenesulfonate",Fast Green FCF,2353-45-9,16887,RZSYLLSAWYUBPE-UHFFFAOYSA-L,C37H34N2Na2O10S3,808.9,CCN(CC1=CC(=CC=C1)S(=O)(=O)[O-])C2=CC=C(C=C2)C(=C3C=CC(=[N+](CC)CC4=CC(=CC=C4)S(=O)(=O)[O-])C=C3)C5=C(C=C(C=C5)O)S(=O)(=O)[O-].[Na+].[Na+],confirmed_organic,organic_reagent,,TamadKala,Iranian online wholesale/lab shop,product_page_listed_not_current_stock_verified,https://tamadkala.com/product/173739/%D9%85%D8%B9%D8%B1%D9%81-%D9%81%D8%B3%D8%AA-%DA%AF%D8%B1%DB%8C%D9%86-%D8%A7%D9%81-%D8%B3%DB%8C-%D8%A7%D9%81-%D8%AF%DA%A9%D8%AA%D8%B1-%D9%85%D8%AC%D9%84%D9%84%DB%8C,معرف فست گرین اف سی اف دکتر مجللی,router_title_normalization,verified_catalogue,2026-08-23
"disodium;2-[[4-[ethyl-[(3-sulfonatophenyl)methyl]amino]phenyl]-[4-[ethyl-[(3-sulfonatophenyl)methyl]azaniumylidene]cyclohexa-2,5-dien-1-ylidene]methyl]benzenesulfonate",Brilliant Blue FCF,3844-45-9,19700,SGHZXLIDFTYFHQ-UHFFFAOYSA-L,C37H34N2Na2O9S3,792.9,CCN(CC1=CC(=CC=C1)S(=O)(=O)[O-])C2=CC=C(C=C2)C(=C3C=CC(=[N+](CC)CC4=CC(=CC=C4)S(=O)(=O)[O-])C=C3)C5=CC=CC=C5S(=O)(=O)[O-].[Na+].[Na+],confirmed_organic,colorant_or_indicator,,TamadKala,Iranian online research/chemical shop | Iranian online wholesale/lab shop,product_page_listed_not_current_stock_verified,https://tamadkala.com/product/58035/%D8%B1%D9%86%DA%AF-%D8%AE%D9%88%D8%B1%D8%A7%DA%A9%DB%8C-%D8%A8%D8%B1%D9%84%DB%8C%D8%A7%D9%86%D8%AA-%D8%A8%D9%84%D9%88%D8%A2%D8%A8%DB%8C,رنگ خوراکی برلیانت بلو آبی | رنگ خوراکی برلیانت بلوآبی,explicit_category_supplement | router_title_normalization,verified_catalogue,2026-08-23
"disodium;3-[[N-ethyl-4-[[4-[ethyl-[(3-sulfonatophenyl)methyl]azaniumylidene]cyclohexa-2,5-dien-1-ylidene]-(4-sulfonatophenyl)methyl]anilino]methyl]benzenesulfonate",Light Green SF Yellowish,5141-20-8,21223,DGOBMKYRQHEFGQ-UHFFFAOYSA-L,C37H34N2Na2O9S3,792.9,CCN(CC1=CC(=CC=C1)S(=O)(=O)[O-])C2=CC=C(C=C2)C(=C3C=CC(=[N+](CC)CC4=CC(=CC=C4)S(=O)(=O)[O-])C=C3)C5=CC=C(C=C5)S(=O)(=O)[O-].[Na+].[Na+],confirmed_organic,organic_reagent,,TamadKala,Iranian online wholesale/lab shop,product_page_listed_not_current_stock_verified,https://tamadkala.com/product/173749/%D9%85%D8%B9%D8%B1%D9%81-%D9%84%D8%A7%DB%8C%D8%AA-%DA%AF%D8%B1%DB%8C%D9%86-%D8%AF%DA%A9%D8%AA%D8%B1-%D9%85%D8%AC%D9%84%D9%84%DB%8C,معرف لایت گرین دکتر مجللی,router_title_normalization,verified_catalogue,2026-08-23
"disodium;4',5'-dibromo-2',7'-dinitro-3-oxospiro[2-benzofuran-1,9'-xanthene]-3',6'-diolate",Eosin B,548-24-3,12961637,QGAYMQGSQUXCQO-UHFFFAOYSA-L,C20H6Br2N2Na2O9,624.1,C1=CC=C2C(=C1)C(=O)OC23C4=CC(=C(C(=C4OC5=C(C(=C(C=C35)[N+](=O)[O-])[O-])Br)Br)[O-])[N+](=O)[O-].[Na+].[Na+],confirmed_organic,colorant_or_indicator,,TamadKala,Iranian online wholesale/lab shop,product_page_listed_not_current_stock_verified,https://tamadkala.com/product/173548/%D8%A7%D8%A6%D9%88%D8%B2%DB%8C%D9%86-b-%DA%AF%D8%B1%DB%8C%D8%AF-indicator-%D8%AF%DA%A9%D8%AA%D8%B1-%D9%85%D8%AC%D9%84%D9%84%DB%8C,ائوزین b گرید indicator دکتر مجللی,router_title_normalization,verified_catalogue,2026-08-23
disodium;4-amino-3-[[4-[4-[(1-amino-4-sulfonatonaphthalen-2-yl)diazenyl]phenyl]phenyl]diazenyl]naphthalene-1-sulfonate,Congo red,573-58-0,11313,IQFVPQOLBLOTPF-UHFFFAOYSA-L,C32H22N6Na2O6S2,696.7,C1=CC=C2C(=C1)C(=CC(=C2N)N=NC3=CC=C(C=C3)C4=CC=C(C=C4)N=NC5=C(C6=CC=CC=C6C(=C5)S(=O)(=O)[O-])N)S(=O)(=O)[O-].[Na+].[Na+],confirmed_organic,colorant_or_indicator,,Fardad Shimi,Iranian online lab-chemical shop,product_page_listed_not_current_stock_verified,,کنگو رد مرک MERCK,router_title_normalization,verified_catalogue,2026-08-23
disodium;4-hydroxy-3-[(4-sulfonatonaphthalen-1-yl)diazenyl]naphthalene-1-sulfonate,Carmoisine,3567-69-9,19118,YSVBPNGJESBVRM-UHFFFAOYSA-L,C20H12N2Na2O7S2,502.4,C1=CC=C2C(=C1)C(=CC=C2S(=O)(=O)[O-])N=NC3=C(C4=CC=CC=C4C(=C3)S(=O)(=O)[O-])O.[Na+].[Na+],confirmed_organic,colorant_or_indicator,,TamadKala,Iranian online research/chemical shop | Iranian online wholesale/lab shop,product_page_listed_not_current_stock_verified,https://tamadkala.com/product/58009/%D8%B1%D9%86%DA%AF-%D8%AE%D9%88%D8%B1%D8%A7%DA%A9%DB%8C-%DA%A9%D8%A7%D8%B1%D9%85%D9%88%D8%B2%DB%8C%D9%86%D9%82%D8%B1%D9%85%D8%B2,رنگ خوراکی کارموزین قرمز | رنگ خوراکی کارموزینقرمز,explicit_category_supplement | router_title_normalization,verified_catalogue,2026-08-23
disodium;6-hydroxy-5-[(4-sulfonatophenyl)diazenyl]naphthalene-2-sulfonate,Sunset Yellow FCF,2783-94-0,17730,OIQPTROHQCGFEF-UHFFFAOYSA-L,C16H10N2Na2O7S2,452.4,C1=CC(=CC=C1N=NC2=C(C=CC3=C2C=CC(=C3)S(=O)(=O)[O-])O)S(=O)(=O)[O-].[Na+].[Na+],confirmed_organic,colorant_or_indicator,,TamadKala,Iranian online research/chemical shop | Iranian online wholesale/lab shop,product_page_listed_not_current_stock_verified,https://tamadkala.com/product/57985/%D8%B1%D9%86%DA%AF-%D8%AE%D9%88%D8%B1%D8%A7%DA%A9%DB%8C-%D8%B3%D8%A7%D9%86-%D8%B3%D8%AA-%DB%8C%D9%84%D9%88%D9%86%D8%A7%D8%B1%D9%86%D8%AC%DB%8C,رنگ خوراکی سان ست یلونارنجی,explicit_category_supplement | router_title_normalization,verified_catalogue,2026-08-23
"disodium;7-hydroxy-8-phenyldiazenylnaphthalene-1,3-disulfonate",Orange G,1936-15-8,16015,HSXUHWZMNJHFRV-UHFFFAOYSA-L,C16H10N2Na2O7S2,452.4,C1=CC=C(C=C1)N=NC2=C(C=CC3=CC(=CC(=C32)S(=O)(=O)[O-])S(=O)(=O)[O-])O.[Na+].[Na+],confirmed_organic,colorant_or_indicator,,TamadKala,Iranian online wholesale/lab shop,product_page_listed_not_current_stock_verified,https://tamadkala.com/product/23458/%D8%A7%D9%88%D8%B1%D9%86%D8%AC-%D8%AC%DB%8C-%D8%AF%DA%A9%D8%AA%D8%B1-%D9%85%D8%AC%D9%84%D9%84%DB%8C-indicator-reagent,اورنج جی دکتر مجللی indicator reagent,router_title_normalization,verified_catalogue,2026-08-23
dodecane-1-thiol,dodecanethiol,,8195,WNAHIZMDSQCWRP-UHFFFAOYSA-N,C12H26S,202.40,CCCCCCCCCCCCS,confirmed_organic,organic_reagent,,TamadKala,Iranian online wholesale/lab shop,product_page_listed_not_current_stock_verified,,دودکانتیول | ...,router_title_normalization,verified_catalogue,2026-08-23
"ethane-1,2-diamine",Ethylenediamine,107-15-3,3301,PIICEJLVQHRZGT-UHFFFAOYSA-N,C2H8N2,60.10,C(CN)N,confirmed_organic,organic_reagent,,Fardad Shimi,Iranian online lab-chemical shop,product_page_listed_not_current_stock_verified,https://fardadshimi.com/product/6378849/,اتیلن دی آمین DAE JUNG کره,router_title_normalization,verified_catalogue,2026-08-23
"ethane-1,2-diol",Ethylene glycol,107-21-1,174,LYCAIKOWRPUZTN-UHFFFAOYSA-N,C2H6O2,62.07,C(CO)O,confirmed_organic,organic_reagent,research,Chemical Iran | DigiShimi | Fardad Shimi | Isatis Shimi | TamadKala | Telegram: Boof_company | Telegram: Ch_Chemical_leaders | Telegram: IranChemicals | Telegram: Maran_Tejarat_Eshen,Iranian online chemical shops | Iranian online lab-chemical shop | Iranian online research/chemical shop | Iranian online wholesale/lab shop | Iranian supplier Telegram catalogue,listed_not_current_stock_verified | product_page_listed_not_current_stock_verified,https://digishimii.ir/Product/مونو-اتیلن-گلایکول/ | https://fardadshimi.com/product/6199348/ | https://isatisshimi.com/en/product/monoethylene-glycol-meg/ | https://t.me/Boof_company/38 | https://t.me/Ch_Chemical_leaders/10 | https://t.me/Ch_Chemical_leaders/477 | https://t.me/IranChemicals/31809 | https://t.me/Maran_Tejarat_Eshen/626 | https://t.me/Maran_Tejarat_Eshen/627 | https://tamadkala.com/product/47737/%D9%85%D9%88%D9%86%D9%88-%D8%A7%D8%AA%DB%8C%D9%84%D9%86-%DA%AF%D9%84%DB%8C%DA%A9%D9%88%D9%84m-e-g-%D9%BE%D8%A7%D8%B1%D8%B3-%D8%B4%DB%8C%D9%85%DB%8C | https://www.chemicaliran.com/,Mono Ethylene Glycol (MEG) | Monoethylene Glycol (MEG) | ethylene glycol | مونو اتیلن گلایکول | مونو اتیلن گلایکول extra pure دکتر مجللی | ... | مونو اتیلن گلایکول usp دکتر مجللی | ... | مونو اتیلن گلایکول دکتر مجللی | مونو اتیلن گلایکول صنعتی | ... | مونو اتیلن گلیکول | مونو اتی,existing skill export | explicit_category_supplement | router_title_normalization,verified_catalogue,2026-08-23
ethanol,Ethanol,64-17-5,702,LFQSCWFLJHTTHZ-UHFFFAOYSA-N,C2H6O,46.07,CCO,confirmed_organic,pharmaceutical_or_api,research,Fardad Shimi | Pishgaman Shimi (IR Chem) | TamadKala | Telegram: ChemIranSanat | Telegram: IranChemicals | Telegram: chemgroup | Telegram: minatajhiz,Iranian online lab-chemical shop | Iranian online raw-material shop | Iranian online research/chemical shop | Iranian online wholesale/lab shop | Iranian supplier Telegram catalogue,listed_not_current_stock_verified | product_page_listed_not_current_stock_verified,https://fardadshimi.com/product/ethanol-merck/ | https://fardadshimi.com/product/neginfamteb-ethanol/ | https://irchem.ir/buy-ethanol/ | https://t.me/ChemIranSanat/78 | https://t.me/IranChemicals/27879 | https://t.me/IranChemicals/28655 | https://t.me/IranChemicals/29469 | https://t.me/chemgroup/1249 | https://t.me/chemgroup/1250 | https://t.me/chemgroup/1252 | https://t.me/chemgroup/2342 | https://t.me/chemgroup/3499 | https://t.me/chemgroup/4319 | https://t.me/minatajhiz/327 | https://t.me/minatajhiz/508 | https://tamadkala.com/product/52837/%D8%A7%D8%AA%D8%A7%D9%86%D9%88%D9%84-%D8%AA%D9%82%D8%B7%DB%8C%D8%B1-%D8%AE%D8%B1%D8%A7%D8%B3%D8%A7%D9%86-1-%D9%84%DB%8C%D8%AA%D8%B1%DB%8C | https://tamadkala.com/product/5656/%D8%A7%D8%AA%D8%A7%D9%86%D9%88%D9%84-%D8%A8%D8%AF%D9%88%D9%86-%D8%A2%D8%A8 | https://tamadkala.com/product/6690/%D8%A7%D8%AA%D8%A7%D9%86%D9%88%D9%84 | https://tamadkala.com/product/76015/%D8%A7%D8%AA%D8%A7%D9%86%D9%88%D9%84-96-%D8%AF%D8%B1%D8%B5%D8%AF-%D8%AF%DA%A9%D8%AA%D8%B1-%D9%85%D8%AC%D9%84%D9%84%DB%8Cusp | https://tamadkala.com/product/76018/%D8%A7%D8%AA%D8%A7%D9%86%D9%88%D9%84-96-%D8%AF%D8%B1%D8%B5%D8%AF-%D8%AF%DA%A9%D8%AA%D8%B1-%D9%85%D8%AC%D9%84%D9%84%DB%8Claboratory,ethanol | اتانول | اتانول 96 درصد extrapure دکتر مجللی کپی | ... | اتانول 96 درصد دکتر مجللیlaboratory | اتانول 96 درصد دکتر مجللیusp | اتانول بدون آب | اتانول تقطیر خراسان 1 لیتری | اتانول مطلق extra pure امرتات | ... | اتانول مطلق برند dyc چین | ... | اتانول مطلق مرک MERCK | ات,existing skill export | explicit_category_supplement | router_title_normalization | supplier_product_page,verified_catalogue,2026-08-23
ethenyl acetate,vinyl acetate,108-05-4,7904,XTXRWKRVRITETP-UHFFFAOYSA-N,C4H6O2,86.09,CC(=O)OC=C,confirmed_organic,organic_reagent,research,TamadKala | Telegram: Maran_Tejarat_Eshen,Iranian online wholesale/lab shop | Iranian supplier Telegram catalogue,listed_not_current_stock_verified | product_page_listed_not_current_stock_verified,https://t.me/Maran_Tejarat_Eshen/640,ethenyl acetate | وینیل استات امرتات شیمی گرید for synthesis | ...,existing skill export | router_title_normalization,verified_catalogue,2026-08-23
ethoxyethane,Diethyl ether,60-29-7,3283,RTZKZFJDLAIYFH-UHFFFAOYSA-N,C4H10O,74.12,CCOCC,confirmed_organic,organic_reagent,research,TamadKala | Telegram: chemgroup | Telegram: minatajhiz,Iranian online wholesale/lab shop | Iranian supplier Telegram catalogue,listed_not_current_stock_verified | product_page_listed_not_current_stock_verified,https://t.me/chemgroup/4031 | https://t.me/minatajhiz/1058 | https://t.me/minatajhiz/332 | https://tamadkala.com/product/32660/%D8%AF%DB%8C-%D8%A7%D8%AA%DB%8C%D9%84-%D8%A7%D8%AA%D8%B1-96-%D9%BE%D8%A7%D8%B1%D8%B3-%D8%B4%DB%8C%D9%85%DB%8C,diethyl ether | دی اتیل اتر 96 پارس شیمی | دی اتیل اتر extra pure نوترون | ...,existing skill export | router_title_normalization,verified_catalogue,2026-08-23
ethyl 2-cyanoprop-2-enoate,Ethyl 2-cyanoacrylate,7085-85-0,81530,FGBJXOREULPLGL-UHFFFAOYSA-N,C6H7NO2,125.13,CCOC(=O)C(=C)C#N,confirmed_organic,organic_reagent,,TamadKala,Iranian online wholesale/lab shop,product_page_listed_not_current_stock_verified,https://tamadkala.com/product/101080/%D8%A7%D8%AA%DB%8C%D9%84-2-%D8%B3%DB%8C%D8%A7%D9%86%D9%88%D8%A7%DA%A9%D8%B1%DB%8C%D9%84%D8%A7%D8%AA-%D8%B3%DB%8C%DA%AF%D9%85%D8%A7,اتیل 2 سیانواکریلات سیگما,router_title_normalization,verified_catalogue,2026-08-23
ethyl 2-hydroxypropanoate,Ethyl Lactate,97-64-3,7344,LZCLXQDLBQLTDK-UHFFFAOYSA-N,C5H10O3,118.13,CCOC(=O)C(C)O,confirmed_organic,organic_reagent,,Telegram: Maran_Tejarat_Eshen,Iranian supplier Telegram catalogue,listed_not_current_stock_verified,,ethyl 2-hydroxypropanoate,existing skill export,verified_catalogue,2026-08-23
ethyl 3-[acetyl(butyl)amino]propanoate,Ethyl butylacetylaminopropionate,52304-36-6,104150,VZRKEAFHFMSHCD-UHFFFAOYSA-N,C11H21NO3,215.29,CCCCN(CCC(=O)OCC)C(=O)C,confirmed_organic,pharmaceutical_or_api,,TamadKala,Iranian online wholesale/lab shop,product_page_listed_not_current_stock_verified,https://tamadkala.com/product/163126/%D8%A7%D8%AA%DB%8C%D9%84-%D8%A8%D9%88%D8%AA%DB%8C%D9%84-%D8%A7%D8%B3%D8%AA%DB%8C%D9%84-%D8%A2%D9%85%DB%8C%D9%86%D9%88-%D9%BE%D8%B1%D9%88%D9%BE%DB%8C%D9%88%D9%86%D8%A7%D8%AA-ir3535-%D8%A8%D8%B1,اتیل بوتیل استیل آمینو پروپیونات ir3535 بر,router_title_normalization,verified_catalogue,2026-08-23
ethyl 3-oxobutanoate,Ethyl Acetoacetate,,8868,XYIBRDXRRQCHLP-UHFFFAOYSA-N,C6H10O3,130.14,CCOC(=O)CC(=O)C,confirmed_organic,organic_reagent,research,Telegram: minatajhiz,Iranian supplier Telegram catalogue,listed_not_current_stock_verified,https://t.me/minatajhiz/787,ethyl 3-oxobutanoate,existing skill export,verified_catalogue,2026-08-23
ethyl 4-hydroxybenzoate,Ethyl paraben,120-61-6,8434,NUVBSKCKDOMJSU-UHFFFAOYSA-N,C9H10O3,166.17,CCOC(=O)C1=CC=C(C=C1)O,confirmed_organic,organic_reagent,research,TamadKala,Iranian online wholesale/lab shop,product_page_listed_not_current_stock_verified,,اتیل پارابن سیگما usp کد 1267000 | ...,router_title_normalization,verified_catalogue,2026-08-23
ethyl 4-methyl-3-oxopentanoate,Ethyl isobutyrylacetate,,81583,XCLDSQRVMMXWMS-UHFFFAOYSA-N,C8H14O3,158.19,CCOC(=O)CC(=O)C(C)C,confirmed_organic,organic_reagent,research,Telegram: ChemIranSanat,Iranian supplier Telegram catalogue,listed_not_current_stock_verified,https://t.me/ChemIranSanat/1729,ethyl 4-methyl-3-oxopentanoate,existing skill export,verified_catalogue,2026-08-23
ethyl formate,Ethyl formate,109-94-4,8025,WBJINCZRORDGAQ-UHFFFAOYSA-N,C3H6O2,74.08,CCOC=O,confirmed_organic,organic_reagent,research,Telegram: ChemIranSanat,Iranian supplier Telegram catalogue,listed_not_current_stock_verified,https://t.me/ChemIranSanat/1005,ethyl formate,existing skill export,verified_catalogue,2026-08-23
ethyl prop-2-enoate,Ethyl Acrylate,,8821,JIGUQPWFLRLWPJ-UHFFFAOYSA-N,C5H8O2,100.12,CCOC(=O)C=C,confirmed_organic,organic_reagent,,Telegram: Boof_company,Iranian supplier Telegram catalogue,listed_not_current_stock_verified,https://t.me/Boof_company/58,ethyl prop-2-enoate,existing skill export,verified_catalogue,2026-08-23
formaldehyde,Formalin,50-00-0,712,WSFSSNUMVMOOMR-UHFFFAOYSA-N,CH2O,30.026,C=O,confirmed_organic,organic_reagent,research,TamadKala | Telegram: Boof_company | Telegram: IranChemicals | Telegram: minatajhiz,Iranian online wholesale/lab shop | Iranian supplier Telegram catalogue,listed_not_current_stock_verified | product_page_listed_not_current_stock_verified,https://t.me/Boof_company/66 | https://t.me/IranChemicals/31738 | https://t.me/minatajhiz/1087 | https://tamadkala.com/product/151656/%D9%81%D8%B1%D9%85%D8%A7%D9%84%D8%AF%D9%87%DB%8C%D8%AF-%D8%B3%DB%8C%DA%AF%D9%85%D8%A7-%DA%A9%D8%AF-252549 | https://tamadkala.com/product/32724/%D9%81%D8%B1%D9%85%D8%A7%D9%84%D8%AF%D8%A6%DB%8C%D8%AF-37-u-s-p-%D9%BE%D8%A7%D8%B1%D8%B3-%D8%B4%DB%8C%D9%85%DB%8C | https://tamadkala.com/product/5619/%D9%81%D8%B1%D9%88%D8%B4-%D9%81%D8%B1%D9%85%D8%A7%D9%84%D8%AF%D9%87%DB%8C%D8%AF | https://tamadkala.com/product/75792/%D9%81%D8%B1%D9%85%D8%A7%D9%84%DB%8C%D9%86-10-extra-pure-%D8%AF%DA%A9%D8%AA%D8%B1%D9%85%D8%AC%D9%84%D9%84%DB%8C,formaldehyde | فرمالدئید 37 u s p پارس شیمی | فرمالدهید سیگما کد 252549 | فرمالین 10 extra pure دکترمجللی | فروش فرمالدهید,existing skill export | router_title_normalization,verified_catalogue,2026-08-23
formamide,Formamide,75-12-7,713,ZHNUHDYFZUAESO-UHFFFAOYSA-N,CH3NO,45.041,C(=O)N,confirmed_organic,organic_reagent,research,Telegram: ChemIranSanat,Iranian supplier Telegram catalogue,listed_not_current_stock_verified,https://t.me/ChemIranSanat/1505 | https://t.me/ChemIranSanat/1976,formamide,existing skill export,verified_catalogue,2026-08-23
formic acid,formic acid,64-18-6,284,BDAGIHXWWSANSR-UHFFFAOYSA-N,CH2O2,46.025,C(=O)O,confirmed_organic,organic_reagent,research,DigiShimi | Fardad Shimi | Isatis Shimi | TamadKala,Iranian online chemical shops | Iranian online lab-chemical shop | Iranian online wholesale/lab shop,product_page_listed_not_current_stock_verified,https://digishimii.ir/Product/%d8%a7%d8%b3%db%8c%d8%af-%d9%81%d8%b1%d9%85%db%8c%da%a9/ | https://fardadshimi.com/product/6199132/ | https://isatisshimi.com/en/product/85-formic-acid/ | https://isatisshimi.com/en/product/formic-acid-85/ | https://isatisshimi.com/product/%d8%a7%d8%b3%db%8c%d8%af-%d9%81%d8%b1%d9%85%db%8c%da%a9-85-%d8%af%d8%b1%d8%b5%d8%af/ | https://tamadkala.com/product/19447/%D8%A7%D8%B3%DB%8C%D8%AF-%D9%81%D8%B1%D9%85%DB%8C%DA%A9-laboratory-%D8%AF%DA%A9%D8%AA%D8%B1-%D9%85%D8%AC%D9%84%D9%84%DB%8C,85% formic acid | Formic Acid 85% | اسید فرمیک | اسید فرمیک 85 درصد | اسید فرمیک laboratory دکتر مجللی | اسید فرمیک دکتر مجللی | اسید فرمیک صنعتی | ...,router_title_normalization,verified_catalogue,2026-08-23
"furan-2,5-dione",Maleic Anhydride,,7923,FPYJFEHAWHCUMM-UHFFFAOYSA-N,C4H2O3,98.06,C1=CC(=O)OC1=O,confirmed_organic,organic_reagent,research,Telegram: minatajhiz,Iranian supplier Telegram catalogue,listed_not_current_stock_verified,https://t.me/minatajhiz/1018,"furan-2,5-dione",existing skill export,verified_catalogue,2026-08-23
guanidine;thiocyanic acid,guanidine thiocyanate,,65046,ZJYYHGLJYGJLLN-UHFFFAOYSA-N,C2H6N4S,118.16,C(#N)S.C(=N)(N)N,confirmed_organic,organic_reagent,research,TamadKala | Telegram: ChemIranSanat,Iranian online wholesale/lab shop | Iranian supplier Telegram catalogue,listed_not_current_stock_verified | product_page_listed_not_current_stock_verified,https://t.me/ChemIranSanat/2008,guanidine;thiocyanic acid | گوانیدین تیوسیانات سیگما کد g9277 | ...,existing skill export | router_title_normalization,verified_catalogue,2026-08-23
heptane,n-Heptane,142-82-5,8900,IMNFDUFMRHMDMM-UHFFFAOYSA-N,C7H16,100.20,CCCCCCC,confirmed_organic,organic_reagent,research,Fardad Shimi | TamadKala | Telegram: jahaneshimicom,Iranian online lab-chemical shop | Iranian online wholesale/lab shop | Iranian supplier Telegram catalogue,listed_not_current_stock_verified | product_page_listed_not_current_stock_verified,https://fardadshimi.com/product/6199244/,heptane | ان هپتان laboratory دکتر مجللی | ... | ان هپتان دکتر مجللی,existing skill export | router_title_normalization,verified_catalogue,2026-08-23
hexadecan-1-ol,Cetyl alcohol,36653-82-4,2682,BXWNKGSJHAJOGX-UHFFFAOYSA-N,C16H34O,242.44,CCCCCCCCCCCCCCCCO,confirmed_organic,organic_reagent,,Isatis Shimi,Iranian online chemical shops,product_page_listed_not_current_stock_verified,https://isatisshimi.com/en/product/cetyl-alcohol/ | https://isatisshimi.com/product/%d8%b3%d8%aa%db%8c%d9%84-%d8%a7%d9%84%da%a9%d9%84-2/,Cetyl Alcohol | ستیل الکل,router_title_normalization,verified_catalogue,2026-08-23
hexadecyl(trimethoxy)silane,Cetyl trimethoxysilane,,85406,RSKGMYDENCAJEN-UHFFFAOYSA-N,C19H42O3Si,346.6,CCCCCCCCCCCCCCCC[Si](OC)(OC)OC,confirmed_organic,organic_reagent,research,Telegram: minatajhiz,Iranian supplier Telegram catalogue,listed_not_current_stock_verified,https://t.me/minatajhiz/646 | https://t.me/minatajhiz/704,hexadecyl(trimethoxy)silane,existing skill export,verified_catalogue,2026-08-23
hexane,Hexane,110-54-3,8058,VLKZOEOYAKHREP-UHFFFAOYSA-N,C6H14,86.18,CCCCCC,confirmed_organic,organic_reagent,research,Fardad Shimi | TamadKala | Telegram: ChemIranSanat | Telegram: chemgroup | Telegram: minatajhiz,Iranian online lab-chemical shop | Iranian online wholesale/lab shop | Iranian supplier Telegram catalogue,listed_not_current_stock_verified | product_page_listed_not_current_stock_verified,https://fardadshimi.com/product/6199234/ | https://t.me/ChemIranSanat/1600 | https://t.me/chemgroup/953 | https://t.me/minatajhiz/1051 | https://t.me/minatajhiz/287 | https://t.me/minatajhiz/664 | https://t.me/minatajhiz/763 | https://tamadkala.com/product/154629/n-%D9%87%DA%AF%D8%B2%D8%A7%D9%86-%D8%A7%D9%85%D8%B1%D8%AA%D8%A7%D8%AA-%D8%B4%DB%8C%D9%85%DB%8C-%DA%AF%D8%B1%DB%8C%D8%AF-extra-pure-55,hexane | n هگزان امرتات شیمی گرید extra pure 55 | ان هگزان acs دکتر مجللی | ... | ان هگزان extra pure دکتر مجللی | ... | ان هگزان laboratory دکتر مجللی | ... | ان هگزان دکتر مجللی | فروش هگزان | ...,existing skill export | router_title_normalization,verified_catalogue,2026-08-23
hexanedihydrazide,Adipic Dihydrazide,,66117,IBVAQQYNSHJXBV-UHFFFAOYSA-N,C6H14N4O2,174.20,C(CCC(=O)NN)CC(=O)NN,confirmed_organic,organic_reagent,research,Telegram: minatajhiz,Iranian supplier Telegram catalogue,listed_not_current_stock_verified,https://t.me/minatajhiz/1085,hexanedihydrazide,existing skill export,verified_catalogue,2026-08-23
hexanedioic acid,Adipic acid,124-04-9,196,WNLRTRBMVRJNCN-UHFFFAOYSA-N,C6H10O4,146.14,C(CCC(=O)O)CC(=O)O,confirmed_organic,organic_reagent,research,Fardad Shimi | TamadKala,Iranian online lab-chemical shop | Iranian online wholesale/lab shop,product_page_listed_not_current_stock_verified,https://tamadkala.com/product/154899/%D8%A7%D8%B3%DB%8C%D8%AF-%D8%A2%D8%AF%DB%8C%D9%BE%DB%8C%DA%A9-%D8%A7%D9%85%D8%B1%D8%AA%D8%A7%D8%AA-%D8%B4%DB%8C%D9%85%DB%8C-%DA%AF%D8%B1%DB%8C%D8%AF-extra-pure,آدیپیک اسید مرک MERCK | اسید آدیپیک امرتات شیمی گرید extra pure,router_title_normalization,verified_catalogue,2026-08-23
hexanoic acid,Hexanoic Acid,142-62-1,8892,FUZZWVXGSFPDMH-UHFFFAOYSA-N,C6H12O2,116.16,CCCCCC(=O)O,confirmed_organic,organic_reagent,research,Telegram: ChemIranSanat | Telegram: minatajhiz,Iranian supplier Telegram catalogue,listed_not_current_stock_verified,https://t.me/ChemIranSanat/1384 | https://t.me/minatajhiz/989,hexanoic acid,existing skill export,verified_catalogue,2026-08-23
magnesium bis(octadecanoate),Magnesium stearate,557-04-0,11177,HQKMJHAJHXVSDF-UHFFFAOYSA-L,C36H70MgO4,591.2,CCCCCCCCCCCCCCCCCC(=O)[O-].CCCCCCCCCCCCCCCCCC(=O)[O-].[Mg+2],confirmed_organic,pharmaceutical_or_api,research,TamadKala | Telegram: Ch_Chemical_leaders | Telegram: fanchem,Iranian online wholesale/lab shop | Iranian supplier Telegram catalogue,listed_not_current_stock_verified | product_page_listed_not_current_stock_verified,https://t.me/Ch_Chemical_leaders/255 | https://t.me/fanchem/199 | https://t.me/fanchem/400 | https://t.me/fanchem/422 | https://t.me/fanchem/438 | https://t.me/fanchem/447 | https://t.me/fanchem/460 | https://tamadkala.com/product/87729/%D8%A7%D8%B3%D8%AA%D8%A6%D8%A7%D8%B1%D8%A7%D8%AA-%D9%85%D9%86%DB%8C%D8%B2%DB%8C%D9%85-%D8%AE%D9%88%D8%B1%D8%A7%DA%A9%DB%8C | https://tamadkala.com/product/99055/%D8%A7%D8%B3%D8%AA%D8%A6%D8%A7%D8%B1%D8%A7%D8%AA-%D9%85%D9%86%DB%8C%D8%B2%DB%8C%D9%85-extra-pure-%D9%86%D9%88%D8%AA%D8%B1%D9%88%D9%86,magnesium bis(octadecanoate) | استئارات منیزیم extra pure نوترون | استئارات منیزیم خوراکی,existing skill export | router_title_normalization,verified_catalogue,2026-08-23
methane,methane,74-82-8,297,VNWKTOKETHGBQD-UHFFFAOYSA-N,CH4,16.043,,confirmed_organic,organic_reagent,research,DigiShimi | Telegram: ChemIranSanat | telegram:ChemIranSanat,Iranian online chemical shops | Iranian supplier Telegram catalogue | telegram:ChemIranSanat,listed_not_current_stock_verified | product_page_listed_not_current_stock_verified,https://digishimii.ir/Product/دوده/ | https://digishimii.ir/Product/کربن-اکتیو/ | https://t.me/ChemIranSanat/1596,methane | دوده | کربن اکتیو | کربن اکتیو,existing skill export | router_title_normalization | cid_reverified_pubchem_2026-08-24 | structured_pubchem,verified_catalogue | verified_telegram_listing,2026-08-23
methanol,Methanol,67-56-1,887,OKKJLVBELUTLKV-UHFFFAOYSA-N,CH4O,32.042,CO,confirmed_organic,organic_reagent,research,DigiShimi | Fardad Shimi | Isatis Shimi | ShimiMan | TamadKala | Telegram: Ch_Chemical_leaders | Telegram: ChemIranSanat | Telegram: IranChemicals | Telegram: chemgroup | Telegram: minatajhiz,Iranian online chemical shop | Iranian online chemical shops | Iranian online lab-chemical shop | Iranian online wholesale/lab shop | Iranian supplier Telegram catalogue,listed_not_current_stock_verified | product_page_listed_not_current_stock_verified,https://fardadshimi.com/product/6199149/ | https://fardadshimi.com/product/6378782/ | https://shimiman.com/product/methanol-grade-usp/ | https://shimiman.com/product/price-buy-sell-methanol/ | https://t.me/Ch_Chemical_leaders/485 | https://t.me/ChemIranSanat/1486 | https://t.me/ChemIranSanat/1749 | https://t.me/ChemIranSanat/1877 | https://t.me/ChemIranSanat/2005 | https://t.me/IranChemicals/29025 | https://t.me/IranChemicals/31790 | https://t.me/chemgroup/3548 | https://t.me/minatajhiz/180 | https://t.me/minatajhiz/506 | https://t.me/minatajhiz/708 | https://t.me/minatajhiz/714 | https://t.me/minatajhiz/807 | https://tamadkala.com/product/15422/%D9%85%D8%AA%D8%A7%D9%86%D9%88%D9%84 | https://tamadkala.com/product/154294/%D9%85%D8%AA%D8%A7%D9%86%D9%88%D9%84-%D8%A7%D9%85%D8%B1%D8%AA%D8%A7%D8%AA-%D8%B4%DB%8C%D9%85%DB%8C-%DA%AF%D8%B1%DB%8C%D8%AF-for-spectroscopy | https://tamadkala.com/product/154295/%D9%85%D8%AA%D8%A7%D9%86%D9%88%D9%84-%D8%A7%D9%85%D8%B1%D8%AA%D8%A7%D8%AA-%D8%B4%DB%8C%D9%85%DB%8C-%DA%AF%D8%B1%DB%8C%D8%AF-gradient-grade-for-liquid-chromatography | https://tamadkala.com/product/154298/%D9%85%D8%AA%D8%A7%D9%86%D9%88%D9%84-%D8%A7%D9%85%D8%B1%D8%AA%D8%A7%D8%AA-%D8%B4%DB%8C%D9%85%DB%8C-%DA%AF%D8%B1%DB%8C%D8%AF-extra-pure | https://tamadkala.com/product/154300/%D9%85%D8%AA%D8%A7%D9%86%D9%88%D9%84-%D8%A7%D9%85%D8%B1%D8%AA%D8%A7%D8%AA-%D8%B4%DB%8C%D9%85%DB%8C-%DA%AF%D8%B1%DB%8C%D8%AF-for-cleaning | https://tamadkala.com/product/154301/%D9%85%D8%AA%D8%A7%D9%86%D9%88%D9%84-%D8%A7%D9%85%D8%B1%D8%AA%D8%A7%D8%AA-%D8%B4%DB%8C%D9%85%DB%8C-dried-max-0-01-h2o | https://tamadkala.com/product/154305/%D9%85%D8%AA%D8%A7%D9%86%D9%88%D9%84-%D8%A7%D9%85%D8%B1%D8%AA%D8%A7%D8%AA-%D8%B4%DB%8C%D9%85%DB%8C-%DA%AF%D8%B1%DB%8C%D8%AF-for-liquid-chromatography | https://tamadkala.com/product/154306/%D9%85%D8%AA%D8%A7%D9%86%D9%88%D9%84-%D8%A7%D9%85%D8%B1%D8%AA%D8%A7%D8%AA-%D8%B4%DB%8C%D9%85%DB%8C-%DA%AF%D8%B1%DB%8C%D8%AF-gr-for-analysis | https://tamadkala.com/product/154307/%D9%85%D8%AA%D8%A7%D9%86%D9%88%D9%84-%D8%A7%D9%85%D8%B1%D8%AA%D8%A7%D8%AA-%D8%B4%DB%8C%D9%85%DB%8C-%DA%AF%D8%B1%DB%8C%D8%AF-preparative-chromatography | https://tamadkala.com/product/154308/%D9%85%D8%AA%D8%A7%D9%86%D9%88%D9%84-%D8%A7%D9%85%D8%B1%D8%AA%D8%A7%D8%AA-%D8%B4%DB%8C%D9%85%DB%8C-%DA%AF%D8%B1%DB%8C%D8%AF-for-gas-chromatography | https://tamadkala.com/product/154309/%D9%85%D8%AA%D8%A7%D9%86%D9%88%D9%84-%D8%A7%D9%85%D8%B1%D8%AA%D8%A7%D8%AA-%D8%B4%DB%8C%D9%85%DB%8C-%DA%AF%D8%B1%DB%8C%D8%AF-for-synthesis | https://tamadkala.com/product/19578/%D9%85%D8%AA%D8%A7%D9%86%D9%88%D9%84-dried-%D8%AF%DA%A9%D8%AA%D8%B1-%D9%85%D8%AC%D9%84%D9%84%DB%8C | https://tamadkala.com/product/19581/%D9%85%D8%AA%D8%A7%D9%86%D9%88%D9%84-gc-%D8%AF%DA%A9%D8%AA%D8%B1-%D9%85%D8%AC%D9%84%D9%84%DB%8C | https://tamadkala.com/product/19585/%D9%85%D8%AA%D8%A7%D9%86%D9%88%D9%84-gradient-hplc-%D8%AF%DA%A9%D8%AA%D8%B1-%D9%85%D8%AC%D9%84%D9%84%DB%8C | https://tamadkala.com/product/19593/%D9%85%D8%AA%D8%A7%D9%86%D9%88%D9%84-isocratic-hplc-%D8%AF%DA%A9%D8%AA%D8%B1-%D9%85%D8%AC%D9%84%D9%84%DB%8C,https://shimiman.com/product/methanol-grade-usp/ | https://shimiman.com/product/price-buy-sell-methanol/ | methanol | الکل متانول | متانول | متانول 99 85 u s p extra pure پارس شیمی | متانول 99 99 g r p a پارس شیمی | متانول acs دکتر مجللی | متانول dried دکتر مجللی | متانول dry نوت,existing skill export | router_title_normalization | sitemap_title,verified_catalogue,2026-08-23
"methyl (1R,2S,9R,10R,11S,14R,15S,17R)-2,15-dimethyl-5,5'-dioxospiro[18-oxapentacyclo[8.8.0.01,17.02,7.011,15]octadec-6-ene-14,2'-oxolane]-9-carboxylate",Eplerenone,,443872,JUKPWJGBANNWMW-VWBFHTRKSA-N,C24H30O6,414.5,C[C@]12CCC(=O)C=C1C[C@H]([C@@H]3[C@]24[C@H](O4)C[C@]5([C@H]3CC[C@@]56CCC(=O)O6)C)C(=O)OC,confirmed_organic,pharmaceutical_or_api,research,BehChin Chemi Pharmed,Iranian supplier API/intermediate catalogue,supplier_catalogue_listed_not_current_stock_verified,https://www.behchinchemi.ir/en/our-products/active-pharmaceutical-ingredient,Eplerenone,supplier_table,verified_catalogue,2026-08-23
methyl 2-[3-oxo-2-[(E)-pent-2-enyl]cyclopentyl]acetate,Methyl 2-(3-Oxo-2-((E)-Pent-2-Enyl)Cyclopentyl)Acetate,39924-52-2,5367719,GEWDNTWNSAZUDX-SNAWJCMRSA-N,C13H20O3,224.30,CC/C=C/CC1C(CCC1=O)CC(=O)OC,confirmed_organic,organic_reagent,research,Telegram: minatajhiz,Iranian supplier Telegram catalogue,listed_not_current_stock_verified,https://t.me/minatajhiz/78,methyl 2-[3-oxo-2-[(E)-pent-2-enyl]cyclopentyl]acetate,existing skill export,verified_catalogue,2026-08-23
methyl 2-methylprop-2-enoate,Methyl methacrylate,80-62-6,6658,VVQNEPGJFQJSBK-UHFFFAOYSA-N,C5H8O2,100.12,CC(=C)C(=O)OC,confirmed_organic,organic_reagent,research,Fardad Shimi | Telegram: Boof_company | Telegram: Maran_Tejarat_Eshen,Iranian online lab-chemical shop | Iranian supplier Telegram catalogue,listed_not_current_stock_verified | product_page_listed_not_current_stock_verified,https://fardadshimi.com/product/%d9%85%d8%aa%db%8c%d9%84-%d9%85%d8%aa%d8%a7%da%a9%d8%b1%db%8c%d9%84%d8%a7%d8%aa-merck/ | https://t.me/Boof_company/26 | https://t.me/Boof_company/31 | https://t.me/Boof_company/37 | https://t.me/Boof_company/45 | https://t.me/Boof_company/50 | https://t.me/Maran_Tejarat_Eshen/130 | https://t.me/Maran_Tejarat_Eshen/177 | https://t.me/Maran_Tejarat_Eshen/326 | https://t.me/Maran_Tejarat_Eshen/332 | https://t.me/Maran_Tejarat_Eshen/338 | https://t.me/Maran_Tejarat_Eshen/341 | https://t.me/Maran_Tejarat_Eshen/343 | https://t.me/Maran_Tejarat_Eshen/345 | https://t.me/Maran_Tejarat_Eshen/347 | https://t.me/Maran_Tejarat_Eshen/352 | https://t.me/Maran_Tejarat_Eshen/354 | https://t.me/Maran_Tejarat_Eshen/359 | https://t.me/Maran_Tejarat_Eshen/361 | https://t.me/Maran_Tejarat_Eshen/362 | https://t.me/Maran_Tejarat_Eshen/364 | https://t.me/Maran_Tejarat_Eshen/365 | https://t.me/Maran_Tejarat_Eshen/367 | https://t.me/Maran_Tejarat_Eshen/370 | https://t.me/Maran_Tejarat_Eshen/372 | https://t.me/Maran_Tejarat_Eshen/373 | https://t.me/Maran_Tejarat_Eshen/374 | https://t.me/Maran_Tejarat_Eshen/376 | https://t.me/Maran_Tejarat_Eshen/379 | https://t.me/Maran_Tejarat_Eshen/381 | https://t.me/Maran_Tejarat_Eshen/396 | https://t.me/Maran_Tejarat_Eshen/399 | https://t.me/Maran_Tejarat_Eshen/402 | https://t.me/Maran_Tejarat_Eshen/404 | https://t.me/Maran_Tejarat_Eshen/407 | https://t.me/Maran_Tejarat_Eshen/409 | https://t.me/Maran_Tejarat_Eshen/413 | https://t.me/Maran_Tejarat_Eshen/418 | https://t.me/Maran_Tejarat_Eshen/424 | https://t.me/Maran_Tejarat_Eshen/427 | https://t.me/Maran_Tejarat_Eshen/428 | https://t.me/Maran_Tejarat_Eshen/441 | https://t.me/Maran_Tejarat_Eshen/443 | https://t.me/Maran_Tejarat_Eshen/450 | https://t.me/Maran_Tejarat_Eshen/485 | https://t.me/Maran_Tejarat_Eshen/487 | https://t.me/Maran_Tejarat_Eshen/489 | https://t.me/Maran_Tejarat_Eshen/490 | https://t.me/Maran_Tejarat_Eshen/497 | https://t.me/Maran_Tejarat_Eshen/498 | https://t.me/Maran_Tejarat_Eshen/499 | https://t.me/Maran_Tejarat_Eshen/503 | https://t.me/Maran_Tejarat_Eshen/505 | https://t.me/Maran_Tejarat_Eshen/508 | https://t.me/Maran_Tejarat_Eshen/509,methyl 2-methylprop-2-enoate | متیل متاکریلات مرک MERCK,existing skill export | router_title_normalization,verified_catalogue,2026-08-23
methyl 4-carbonochloridoylbenzoate,Methyl 4-(chlorocarbonyl)benzoate,7377-26-6,81850,CVXXHXPNTZBZEL-UHFFFAOYSA-N,C9H7ClO3,198.6,COC(=O)C1=CC=C(C=C1)C(=O)Cl,confirmed_organic,organic_reagent,,Telegram: ChemIranSanat,Iranian supplier Telegram catalogue,listed_not_current_stock_verified,,methyl 4-carbonochloridoylbenzoate,existing skill export,verified_catalogue,2026-08-23
methyl 4-hydroxybenzoate,Methylparaben,99-76-3,7456,LXCFILQKKLGQFO-UHFFFAOYSA-N,C8H8O3,152.15,COC(=O)C1=CC=C(C=C1)O,confirmed_organic,cosmetic_raw_material,research,TamadKala,Iranian online research/chemical shop | Iranian online wholesale/lab shop,product_page_listed_not_current_stock_verified,https://tamadkala.com/product/166777/%D9%85%D8%AA%DB%8C%D9%84-%D9%BE%D8%A7%D8%B1%D8%A7%D8%A8%D9%86-extra-pure-%D9%86%D9%88%D8%AA%D8%B1%D9%88%D9%86,متیل پارابن extra pure نوترون,explicit_category_supplement | router_title_normalization,verified_catalogue,2026-08-23
methyl acetate,methyl acetate,,6584,KXKVLQRXCPHEJC-UHFFFAOYSA-N,C3H6O2,74.08,CC(=O)OC,confirmed_organic,fragrance_or_aroma,,Chemical Iran,Iranian online research/chemical shop,product_page_listed_not_current_stock_verified,https://www.chemicaliran.com/,Methyl Acetate,explicit_category_supplement,verified_catalogue,2026-08-23
methyl prop-2-enoate,Methyl acrylate,96-33-3,7294,BAPJBEWLBFYGME-UHFFFAOYSA-N,C4H6O2,86.09,COC(=O)C=C,confirmed_organic,organic_reagent,,TamadKala,Iranian online wholesale/lab shop,product_page_listed_not_current_stock_verified,https://tamadkala.com/product/19586/%D9%85%D8%AA%DB%8C%D9%84-%D8%A7%DA%A9%D8%B1%DB%8C%D9%84%D8%A7%D8%AA,متیل اکریلات,router_title_normalization,verified_catalogue,2026-08-23
methyl propanoate,Lithium carbonate,554-12-1,11124,RJUFJBKOKNCXHH-UHFFFAOYSA-N,C4H8O2,88.11,CCC(=O)OC,confirmed_organic,organic_reagent,,Fardad Shimi,Iranian online lab-chemical shop,product_page_listed_not_current_stock_verified,,لیتیم کربنات MERCK | ...,router_title_normalization,verified_catalogue,2026-08-23
methylsulfinylmethane,Dimethyl sulfoxide,67-68-5,679,IAZDPXIOMUYVGZ-UHFFFAOYSA-N,C2H6OS,78.14,CS(=O)C,confirmed_organic,organic_reagent,research,Fardad Shimi | TamadKala | Telegram: ChemIranSanat | Telegram: minatajhiz,Iranian online lab-chemical shop | Iranian online wholesale/lab shop | Iranian supplier Telegram catalogue,listed_not_current_stock_verified | product_page_listed_not_current_stock_verified,https://fardadshimi.com/product/6199252/ | https://t.me/ChemIranSanat/1078 | https://t.me/ChemIranSanat/1665 | https://t.me/ChemIranSanat/1987 | https://t.me/ChemIranSanat/2021 | https://t.me/ChemIranSanat/536 | https://t.me/ChemIranSanat/552 | https://t.me/ChemIranSanat/611 | https://t.me/minatajhiz/744 | https://tamadkala.com/product/1504/%D9%81%D8%B1%D9%88%D8%B4-%D8%AF%DB%8C-%D9%85%D8%AA%DB%8C%D9%84-%D8%B3%D9%88%D9%84%D9%81%D9%88%DA%A9%D8%B3%DB%8C%D8%AF | https://tamadkala.com/product/168008/%D8%AF%DB%8C-%D9%85%D8%AA%DB%8C%D9%84-%D8%B3%D9%88%D9%84%D9%81%D9%88%DA%A9%D8%B3%DB%8C%D8%AF-extra-pure-%D8%AF%DA%A9%D8%AA%D8%B1-%D9%85%D8%AC%D9%84%D9%84%DB%8C | https://tamadkala.com/product/75782/%D8%AF%DB%8C-%D9%85%D8%AA%DB%8C%D9%84-%D8%B3%D9%88%D9%84%D9%81%D9%88%DA%A9%D8%B3%D8%A7%DB%8C%D8%AF-%D8%AF%DA%A9%D8%AA%D8%B1-%D9%85%D8%AC%D9%84%D9%84%DB%8C,methylsulfinylmethane | دی متیل سولفوکساید دکتر مجللی | دی متیل سولفوکسید extra pure دکتر مجللی | فروش دی متیل سولفوکسید,existing skill export | router_title_normalization,verified_catalogue,2026-08-23
"N'-(2-aminoethyl)ethane-1,2-diamine",Diethylenetriamine,111-40-0,8111,RPNUMPOLZDHAAY-UHFFFAOYSA-N,C4H13N3,103.17,C(CNCCN)N,confirmed_organic,organic_reagent,research,Telegram: minatajhiz,Iranian supplier Telegram catalogue,listed_not_current_stock_verified,https://t.me/minatajhiz/976,"N'-(2-aminoethyl)ethane-1,2-diamine",existing skill export,verified_catalogue,2026-08-23
"N'-[2-[2-(2-aminoethylamino)ethylamino]ethyl]ethane-1,2-diamine",Tetraethylenepentamine,112-57-2,8197,FAGUFWYHJQFNRV-UHFFFAOYSA-N,C8H23N5,189.30,C(CNCCNCCNCCN)N,confirmed_organic,organic_reagent,research,Telegram: ChemIranSanat | Telegram: minatajhiz,Iranian supplier Telegram catalogue,listed_not_current_stock_verified,https://t.me/ChemIranSanat/392 | https://t.me/minatajhiz/70,"N'-[2-[2-(2-aminoethylamino)ethylamino]ethyl]ethane-1,2-diamine",existing skill export,verified_catalogue,2026-08-23
"N,N,4-trimethylaniline",Dimethyl-p-toluidine,,7471,GYVGXEWAOAAJEU-UHFFFAOYSA-N,C9H13N,135.21,CC1=CC=C(C=C1)N(C)C,confirmed_organic,organic_reagent,research,Telegram: minatajhiz,Iranian supplier Telegram catalogue,listed_not_current_stock_verified,https://t.me/minatajhiz/1079,"N,N,4-trimethylaniline",existing skill export,verified_catalogue,2026-08-23
"N,N,N',N'-tetramethylethane-1,2-diamine","N,N,N',N'-Tetramethylethylenediamine",,8037,KWYHDKDOAIKMQN-UHFFFAOYSA-N,C6H16N2,116.20,CN(C)CCN(C)C,confirmed_organic,organic_reagent,research,Telegram: ChemIranSanat,Iranian supplier Telegram catalogue,listed_not_current_stock_verified,https://t.me/ChemIranSanat/1374 | https://t.me/ChemIranSanat/1680,"N,N,N',N'-tetramethylethane-1,2-diamine",existing skill export,verified_catalogue,2026-08-23
"N,N-diethyl-3-methylbenzamide",Diethyl Toluamide,,4284,MMOXZBCLCQITDF-UHFFFAOYSA-N,C12H17NO,191.27,CCN(CC)C(=O)C1=CC=CC(=C1)C,confirmed_organic,cosmetic_raw_material,,BehChin Chemi Pharmed,Iranian supplier API/intermediate catalogue,supplier_catalogue_listed_not_current_stock_verified,https://www.behchinchemi.ir/en/our-products/cosmetic-materials,Diethyl Toluamide,supplier_table,verified_catalogue,2026-08-23
"N,N-diethylaniline","N,N-Diethylaniline",,7061,GGSUCNLOZRCGPQ-UHFFFAOYSA-N,C10H15N,149.23,CCN(CC)C1=CC=CC=C1,confirmed_organic,organic_reagent,research,Telegram: minatajhiz,Iranian supplier Telegram catalogue,listed_not_current_stock_verified,https://t.me/minatajhiz/1016,"N,N-diethylaniline",existing skill export,verified_catalogue,2026-08-23
"N,N-diethylethanamine;hydrochloride",Triethylamine hydrochloride,,11130,ILWRPSCZWQJDMK-UHFFFAOYSA-N,C6H16ClN,137.65,CCN(CC)CC.Cl,confirmed_organic,organic_reagent,,TamadKala,Iranian online wholesale/lab shop,product_page_listed_not_current_stock_verified,https://tamadkala.com/product/54766/%D8%AA%D8%B1%DB%8C-%D8%A7%D8%AA%DB%8C%D9%84-%D8%A2%D9%85%DB%8C%D9%86-%D9%87%DB%8C%D8%AF%D8%B1%D9%88%DA%A9%D9%84%D8%B1%D8%A7%DB%8C%D8%AF,تری اتیل آمین هیدروکلراید,router_title_normalization,verified_catalogue,2026-08-23
"N,N-dimethyl-4-phenyldiazenylaniline",Dimethyl yellow,60-11-7,6053,JCYPECIVGRXBMO-UHFFFAOYSA-N,C14H15N3,225.29,CN(C)C1=CC=C(C=C1)N=NC2=CC=CC=C2,confirmed_organic,colorant_or_indicator,,Fardad Shimi,Iranian online lab-chemical shop,product_page_listed_not_current_stock_verified,,دی متیل یلو مرک MERCK,router_title_normalization,verified_catalogue,2026-08-23
"N,N-dimethylacetamide","N,N-Dimethylacetamide",127-19-5,31374,FXHOOIRPVKKKFG-UHFFFAOYSA-N,C4H9NO,87.12,CC(=O)N(C)C,confirmed_organic,organic_reagent,research,TamadKala,Iranian online wholesale/lab shop,product_page_listed_not_current_stock_verified,,nn دی متیل استامید extra pure نوترون | ... | nn دی متیل استامید gc نوترون | ...,router_title_normalization,verified_catalogue,2026-08-23
"N,N-dimethylaniline",Dimethylaniline,121-69-7,949,JLTDJTHDQAWBAV-UHFFFAOYSA-N,C8H11N,121.18,CN(C)C1=CC=CC=C1,confirmed_organic,organic_reagent,,Fardad Shimi | Telegram: Maran_Tejarat_Eshen,Iranian online lab-chemical shop | Iranian supplier Telegram catalogue,listed_not_current_stock_verified | product_page_listed_not_current_stock_verified,https://fardadshimi.com/product/6468367/,"N,N-dimethylaniline | دی متیل آنیلین MERCK",existing skill export | router_title_normalization,verified_catalogue,2026-08-23
"N,N-dimethylformamide",Dimethylformamide,68-12-2,6228,ZMXDDKWLCZADIW-UHFFFAOYSA-N,C3H7NO,73.09,CN(C)C=O,confirmed_organic,organic_reagent,research,Fardad Shimi | TamadKala | Telegram: IranChemicals,Iranian online lab-chemical shop | Iranian online wholesale/lab shop | Iranian supplier Telegram catalogue,listed_not_current_stock_verified | product_page_listed_not_current_stock_verified,https://fardadshimi.com/product/6199366/ | https://t.me/IranChemicals/29753 | https://tamadkala.com/product/1527/%D9%81%D8%B1%D9%88%D8%B4-%D8%AF%DB%8C-%D9%85%D8%AA%DB%8C%D9%84-%D9%81%D8%B1%D9%85%D8%A7%D9%85%DB%8C%D8%AF | https://tamadkala.com/product/168014/%D8%AF%DB%8C-%D9%85%D8%AA%DB%8C%D9%84-%D9%81%D8%B1%D9%85%D8%A7%D9%85%DB%8C%D8%AF-gc-%D8%AF%DA%A9%D8%AA%D8%B1-%D9%85%D8%AC%D9%84%D9%84%DB%8C | https://tamadkala.com/product/168017/%D8%AF%DB%8C-%D9%85%D8%AA%DB%8C%D9%84-%D9%81%D8%B1%D9%85%D8%A7%D9%85%DB%8C%D8%AF-extra-pure-%D8%AF%DA%A9%D8%AA%D8%B1-%D9%85%D8%AC%D9%84%D9%84%DB%8C | https://tamadkala.com/product/52665/%D8%AF%DB%8C-%D9%85%D8%AA%DB%8C%D9%84-%D9%81%D8%B1%D9%85%D8%A7%D9%85%DB%8C%D8%AF-%D9%86%D9%88%D8%AA%D8%B1%D9%88%D9%86 | https://tamadkala.com/product/92891/%D8%AF%DB%8C-%D9%85%D8%AA%DB%8C%D9%84-%D9%81%D8%B1%D9%85%D8%A7%D9%85%DB%8C%D8%AF-hplc-%D9%86%D9%88%D8%AA%D8%B1%D9%88%D9%86,"N,N-dimethylformamide | دی متیل فرمامید dry نوترون | ... | دی متیل فرمامید extra pure دکتر مجللی | دی متیل فرمامید extra pure دکتر مجللی 2 | ... | دی متیل فرمامید gc دکتر مجللی | دی متیل فرمامید gc نوترون | ... | دی متیل فرمامید hplc نوترون | دی متیل فرمامید دکتر مجللی | دی متیل ",existing skill export | router_title_normalization,verified_catalogue,2026-08-23
"N,N-dimethylmethanamine",Trimethylamine,,1146,GETQZCLCWQTVFV-UHFFFAOYSA-N,C3H9N,59.11,CN(C)C,confirmed_organic,organic_reagent,research,Telegram: minatajhiz,Iranian supplier Telegram catalogue,listed_not_current_stock_verified,https://t.me/minatajhiz/994,"N,N-dimethylmethanamine",existing skill export,verified_catalogue,2026-08-23
N-(3-hydroxyiminobutan-2-ylidene)hydroxylamine,Dimethylglyoxime,,135459645,JGUQDUKBUKFFRO-UHFFFAOYSA-N,C4H8N2O2,116.12,CC(=NO)C(=NO)C,confirmed_organic,organic_reagent,,Fardad Shimi,Iranian online lab-chemical shop,product_page_listed_not_current_stock_verified,,دی متیل گلی اکسیم MERCK | ...,router_title_normalization,verified_catalogue,2026-08-23
N-(4-hydroxyphenyl)acetamide,Paracetamol,,1983,RZVAJINKPMORJF-UHFFFAOYSA-N,C8H9NO2,151.16,CC(=O)NC1=CC=C(C=C1)O,confirmed_organic,pharmaceutical_or_api,research,BehChin Chemi Pharmed | Rooz Darou,Iranian supplier API/intermediate catalogue | Iranian pharmaceutical product catalogue,supplier_catalogue_listed_not_current_stock_verified,https://www.behchinchemi.ir/en/our-products/active-pharmaceutical-ingredient | http://rouzdarou.com/products/%D9%82%D8%B1%D8%B5-%D8%A7%D8%B3%D8%AA%D8%A7%D9%85%DB%8C%D9%86%D9%88%D9%81%D9%86-325,Paracetamol | قرص استامینوفن 325,supplier_table,verified_catalogue,2026-08-23
N-(cyanomethyl)-4-(trifluoromethyl)pyridine-3-carboxamide,Flonicamid,158062-67-0,9834513,RLQJEEJISHYWON-UHFFFAOYSA-N,C9H6F3N3O,229.16,C1=CN=CC(=C1C(F)(F)F)C(=O)NCC#N,confirmed_organic,organic_reagent,,Telegram: jahaneshimicom,Iranian supplier Telegram catalogue,listed_not_current_stock_verified,,N-(cyanomethyl)-4-(trifluoromethyl)pyridine-3-carboxamide,existing skill export,verified_catalogue,2026-08-23
N-[2-(octadecanoylamino)ethyl]octadecanamide,Ethylenebis(stearamide),,8044,RKISUIUJZGSLEV-UHFFFAOYSA-N,C38H76N2O2,593.0,CCCCCCCCCCCCCCCCCC(=O)NCCNC(=O)CCCCCCCCCCCCCCCCC,confirmed_organic,organic_reagent,,Telegram: chemgroup,Iranian supplier Telegram catalogue,listed_not_current_stock_verified,https://t.me/chemgroup/1498,N-[2-(octadecanoylamino)ethyl]octadecanamide,existing skill export,verified_catalogue,2026-08-23
N-butylbutan-1-amine,Dibutylamine,,8148,JQVDAXLFBXTEQA-UHFFFAOYSA-N,C8H19N,129.24,CCCCNCCCC,confirmed_organic,organic_reagent,research,Telegram: minatajhiz,Iranian supplier Telegram catalogue,listed_not_current_stock_verified,https://t.me/minatajhiz/1007 | https://t.me/minatajhiz/799,N-butylbutan-1-amine,existing skill export,verified_catalogue,2026-08-23
N-ethylethanamine,Diethylamine,109-89-7,8021,HPNMFZURTQLUMO-UHFFFAOYSA-N,C4H11N,73.14,CCNCC,confirmed_organic,organic_reagent,,TamadKala,Iranian online wholesale/lab shop,product_page_listed_not_current_stock_verified,https://tamadkala.com/product/18302/%D8%AF%DB%8C-%D8%A7%D8%AA%DB%8C%D9%84-%D8%A2%D9%85%DB%8C%D9%86,دی اتیل آمین,router_title_normalization,verified_catalogue,2026-08-23
N-ethylethanamine;hydrobromide,Diethylammonium Bromide,536-69-6,10986453,AATGHKSFEUVOPF-UHFFFAOYSA-N,C4H12BrN,154.05,CCNCC.Br,confirmed_organic,organic_reagent,,TamadKala,Iranian online wholesale/lab shop,product_page_listed_not_current_stock_verified,https://tamadkala.com/product/18318/%D8%AF%DB%8C-%D8%A7%D8%AA%DB%8C%D9%84-%D8%A2%D9%85%D9%88%D9%86%DB%8C%D9%88%D9%85-%D8%A8%D8%B1%D9%88%D9%85%D8%A7%DB%8C%D8%AF,دی اتیل آمونیوم بروماید,router_title_normalization,verified_catalogue,2026-08-23
N-ethylethanamine;hydrochloride,Diethylammonium Chloride,993-36-2,10197650,HDITUCONWLWUJR-UHFFFAOYSA-N,C4H12ClN,109.60,CCNCC.Cl,confirmed_organic,organic_reagent,,TamadKala,Iranian online wholesale/lab shop,product_page_listed_not_current_stock_verified,https://tamadkala.com/product/18306/%D8%AF%DB%8C-%D8%A7%D8%AA%DB%8C%D9%84-%D8%A2%D9%85%D9%88%D9%86%DB%8C%D9%88%D9%85-%DA%A9%D9%84%D8%B1%D8%A7%DB%8C%D8%AF,دی اتیل آمونیوم کلراید,router_title_normalization,verified_catalogue,2026-08-23
N-methyl-3-phenyl-3-[4-(trifluoromethyl)phenoxy]propan-1-amine;hydrochloride,Fluoxetine HCL,,62857,GIYXAJPCNFJEHY-UHFFFAOYSA-N,C17H19ClF3NO,345.8,CNCCC(C1=CC=CC=C1)OC2=CC=C(C=C2)C(F)(F)F.Cl,confirmed_organic,pharmaceutical_or_api,research,BehChin Chemi Pharmed,Iranian supplier API/intermediate catalogue,supplier_catalogue_listed_not_current_stock_verified,https://www.behchinchemi.ir/en/our-products/active-pharmaceutical-ingredient,Fluoxetine HCL,supplier_table,verified_catalogue,2026-08-23
N-phenylaniline,Diphenylamine,92-67-1,11487,DMBHHRLKUKUOEG-UHFFFAOYSA-N,C12H11N,169.22,C1=CC=C(C=C1)NC2=CC=CC=C2,confirmed_organic,organic_reagent,,TamadKala,Iranian online wholesale/lab shop,product_page_listed_not_current_stock_verified,https://tamadkala.com/product/146363/%D8%AF%DB%8C-%D9%81%D9%86%DB%8C%D9%84-%D8%A2%D9%85%DB%8C%D9%86-%D8%B3%DB%8C%DA%AF%D9%85%D8%A7-820528,دی فنیل آمین سیگما 820528,router_title_normalization,verified_catalogue,2026-08-23
N-propan-2-ylprop-2-enamide,N-Isopropylacrylamide,,16637,QNILTEGFHQSKFF-UHFFFAOYSA-N,C6H11NO,113.16,CC(C)NC(=O)C=C,confirmed_organic,organic_reagent,research,Telegram: ChemIranSanat,Iranian supplier Telegram catalogue,listed_not_current_stock_verified,https://t.me/ChemIranSanat/752 | https://t.me/ChemIranSanat/754,N-propan-2-ylprop-2-enamide,existing skill export,verified_catalogue,2026-08-23
N-propan-2-ylpropan-2-amine,Diisopropylamine,108-18-9,7912,UAOMVDZJSHZZME-UHFFFAOYSA-N,C6H15N,101.19,CC(C)NC(C)C,confirmed_organic,organic_reagent,,TamadKala,Iranian online wholesale/lab shop,product_page_listed_not_current_stock_verified,https://tamadkala.com/product/18509/%D8%AF%DB%8C-%D8%A7%DB%8C%D8%B2%D9%88-%D9%BE%D8%B1%D9%88%D9%BE%DB%8C%D9%84-%D8%A2%D9%85%DB%8C%D9%86,دی ایزو پروپیل آمین,router_title_normalization,verified_catalogue,2026-08-23
naphthalen-1-amine,Alpha-naphthylamine,,8640,RUFPHBVGCFYCNW-UHFFFAOYSA-N,C10H9N,143.18,C1=CC=C2C(=C1)C=CC=C2N,confirmed_organic,organic_reagent,,TamadKala,Iranian online wholesale/lab shop,product_page_listed_not_current_stock_verified,https://tamadkala.com/product/149112/%D8%A2%D9%84%D9%81%D8%A7-%D9%86%D9%81%D8%AA%DB%8C%D9%84-%D8%A2%D9%85%DB%8C%D9%86,آلفا نفتیل آمین,router_title_normalization,verified_catalogue,2026-08-23
naphthalene,Naphthalene,91-20-3,931,UFWIBTONFRDIAS-UHFFFAOYSA-N,C10H8,128.17,C1=CC=C2C=CC=CC2=C1,confirmed_organic,organic_reagent,,Fardad Shimi,Iranian online lab-chemical shop,product_page_listed_not_current_stock_verified,,نفتالین MERCK | ...,router_title_normalization,verified_catalogue,2026-08-23
"naphthalene-1,4-dicarboxylic acid","1,4-Naphthalenedicarboxylic acid",,69065,ABMFBCRYHDZLRD-UHFFFAOYSA-N,C12H8O4,216.19,C1=CC=C2C(=C1)C(=CC=C2C(=O)O)C(=O)O,confirmed_organic,organic_reagent,research,Telegram: ChemIranSanat,Iranian supplier Telegram catalogue,listed_not_current_stock_verified,https://t.me/ChemIranSanat/1873,"naphthalene-1,4-dicarboxylic acid",existing skill export,verified_catalogue,2026-08-23
"naphthalene-2,6-dicarboxylic acid","2,6-Naphthalenedicarboxylic acid",,14357,RXOHFPCZGPKIRD-UHFFFAOYSA-N,C12H8O4,216.19,C1=CC2=C(C=CC(=C2)C(=O)O)C=C1C(=O)O,confirmed_organic,organic_reagent,research,Telegram: ChemIranSanat,Iranian supplier Telegram catalogue,listed_not_current_stock_verified,https://t.me/ChemIranSanat/1632,"naphthalene-2,6-dicarboxylic acid",existing skill export,verified_catalogue,2026-08-23
nickel(2+);bis((Z)-4-oxopent-2-en-2-olate),Nickel(II) acetylacetonate,,9834912,BMGNSKKZFQMGDH-FDGPNNRMSA-L,C10H14NiO4,256.91,C/C(=C/C(=O)C)/[O-].C/C(=C/C(=O)C)/[O-].[Ni+2],confirmed_organic,organic_reagent,,TamadKala,Iranian online wholesale/lab shop,product_page_listed_not_current_stock_verified,,فروش نیکلii استیل استونات | ...,router_title_normalization,verified_catalogue,2026-08-23
octadec-1-ene,1-Octadecene,112-88-9,8217,CCCMONHAUSKTEQ-UHFFFAOYSA-N,C18H36,252.5,CCCCCCCCCCCCCCCCC=C,confirmed_organic,organic_reagent,research,Telegram: minatajhiz,Iranian supplier Telegram catalogue,listed_not_current_stock_verified,https://t.me/minatajhiz/986,octadec-1-ene,existing skill export,verified_catalogue,2026-08-23
octadecan-1-ol,Stearyl Alcohol,112-92-5,8221,GLDOVTGHNKAZLK-UHFFFAOYSA-N,C18H38O,270.5,CCCCCCCCCCCCCCCCCCO,confirmed_organic,organic_reagent,,Isatis Shimi | TamadKala,Iranian online chemical shops | Iranian online wholesale/lab shop,product_page_listed_not_current_stock_verified,https://isatisshimi.com/en/product/stearyl-alcohol-2/ | https://tamadkala.com/product/177560/%D8%B3%D8%AA%D9%88-%D8%A7%D8%B3%D8%AA%D8%A6%D8%A7%D8%B1%DB%8C%D9%84-%D8%A7%D9%84%DA%A9%D9%84 | https://tamadkala.com/product/18408/%D8%B3%D8%AA%DB%8C%D9%84-%D8%A7%D9%84%DA%A9%D9%84,Stearyl Alcohol | ستو استئاریل الکل | ستیل الکل,router_title_normalization,verified_catalogue,2026-08-23
octadecanoic acid,Stearic acid,57-11-4,5281,QIQXTHQIDYTFRH-UHFFFAOYSA-N,C18H36O2,284.5,CCCCCCCCCCCCCCCCCC(=O)O,confirmed_organic,organic_reagent,research,Fardad Shimi | TamadKala | Telegram: Ch_Chemical_leaders | Telegram: fanchem | Telegram: jahaneshimicom,Iranian online lab-chemical shop | Iranian online wholesale/lab shop | Iranian supplier Telegram catalogue,listed_not_current_stock_verified | product_page_listed_not_current_stock_verified,https://fardadshimi.com/product/6197450/ | https://t.me/Ch_Chemical_leaders/161 | https://t.me/Ch_Chemical_leaders/169 | https://t.me/Ch_Chemical_leaders/185 | https://t.me/Ch_Chemical_leaders/203 | https://t.me/Ch_Chemical_leaders/257 | https://t.me/Ch_Chemical_leaders/271 | https://t.me/Ch_Chemical_leaders/279 | https://t.me/Ch_Chemical_leaders/288 | https://t.me/Ch_Chemical_leaders/308 | https://t.me/Ch_Chemical_leaders/311 | https://t.me/Ch_Chemical_leaders/328 | https://t.me/Ch_Chemical_leaders/330 | https://t.me/Ch_Chemical_leaders/347 | https://t.me/Ch_Chemical_leaders/363 | https://t.me/Ch_Chemical_leaders/365 | https://t.me/Ch_Chemical_leaders/372 | https://t.me/Ch_Chemical_leaders/402 | https://t.me/Ch_Chemical_leaders/424 | https://t.me/Ch_Chemical_leaders/451 | https://t.me/Ch_Chemical_leaders/65 | https://t.me/Ch_Chemical_leaders/93 | https://t.me/fanchem/131 | https://t.me/fanchem/292 | https://t.me/jahaneshimicom/23 | https://tamadkala.com/product/1486/%D9%81%D8%B1%D9%88%D8%B4-%D8%A7%D8%B3%DB%8C%D8%AF-%D8%A7%D8%B3%D8%AA%D8%A6%D8%A7%D8%B1%DB%8C%DA%A9,octadecanoic acid | استئاریک اسید 50 lab دکتر مجللی | ... | استئاریک اسید MERCK | فروش اسید استئاریک,existing skill export | router_title_normalization,verified_catalogue,2026-08-23
octan-1-ol,Octanol,111-87-5,957,KBPLFHHGFOOTCA-UHFFFAOYSA-N,C8H18O,130.23,CCCCCCCCO,confirmed_organic,organic_reagent,,TamadKala,Iranian online wholesale/lab shop,product_page_listed_not_current_stock_verified,https://tamadkala.com/product/5622/%D9%81%D8%B1%D9%88%D8%B4-%D8%A7%DA%A9%D8%AA%D8%A7%D9%86%D9%88%D9%84,فروش اکتانول,router_title_normalization,verified_catalogue,2026-08-23
octane,n-Octane,111-65-9,356,TVMXDCGIABBOFY-UHFFFAOYSA-N,C8H18,114.23,CCCCCCCC,confirmed_organic,organic_reagent,research,Fardad Shimi | TamadKala,Iranian online lab-chemical shop | Iranian online wholesale/lab shop,product_page_listed_not_current_stock_verified,https://fardadshimi.com/product/6199238/,ان اکتان laboratory دکتر مجللی | ... | ان اکتان دکتر مجللی,router_title_normalization,verified_catalogue,2026-08-23
octanoic acid,Octanoic Acid,,379,WWZKQHOCKIZLMA-UHFFFAOYSA-N,C8H16O2,144.21,CCCCCCCC(=O)O,confirmed_organic,organic_reagent,research,Telegram: minatajhiz,Iranian supplier Telegram catalogue,listed_not_current_stock_verified,https://t.me/minatajhiz/1065,octanoic acid,existing skill export,verified_catalogue,2026-08-23
oxalic acid,Oxalic acid,144-62-7,971,MUBZPKHOEPUJKR-UHFFFAOYSA-N,C2H2O4,90.03,C(=O)(C(=O)O)O,confirmed_organic,organic_reagent,research,DigiShimi | Fardad Shimi | TamadKala | Telegram: Ch_Chemical_leaders | Telegram: ChemIranSanat,Iranian online chemical shops | Iranian online lab-chemical shop | Iranian online wholesale/lab shop | Iranian supplier Telegram catalogue,listed_not_current_stock_verified | product_page_listed_not_current_stock_verified,https://digishimii.ir/Product/%d8%a7%da%af%d8%b2%d8%a7%d9%84%db%8c%da%a9-%d8%a7%d8%b3%db%8c%d8%af/ | https://fardadshimi.com/product/%d8%a7%da%af%d8%b2%d8%a7%d9%84%db%8c%da%a9-%d8%a7%d8%b3%db%8c%d8%af-2-%d8%a2%d8%a8%d9%87-1-%da%a9%db%8c%d9%84%d9%88%db%8c%db%8c-%d9%be%d8%a7%d8%b1%d8%b3-%d8%b4%db%8c%d9%85%db%8c/ | https://t.me/Ch_Chemical_leaders/14 | https://t.me/ChemIranSanat/217 | https://tamadkala.com/product/1497/%D9%81%D8%B1%D9%88%D8%B4-%D8%A7%D8%B3%DB%8C%D8%AF-%D8%A7%DA%AF%D8%B2%D8%A7%D9%84%DB%8C%DA%A9,oxalic acid | اسید اگزالیک 2 آبه extra pure دکتر مجللی | ... | اسید اگزالیک صنعتی | ... | اسید اگزالیک ۲ آبه ۱ کیلویی دکتر مجللی | ... | اگزالیک اسید | اگزالیک اسید قطران شیمی | ... | اگزالیک اسید ۲ آبه ۱ کیلویی پارس شیمی | فروش اسید اگزالیک,existing skill export | router_title_normalization,verified_catalogue,2026-08-23
oxalic acid;dihydrate,Oxalic acid dihydrate,6153-56-6,61373,GEVPUGOOGXGPIO-UHFFFAOYSA-N,C2H6O6,126.07,C(=O)(C(=O)O)O.O.O,confirmed_organic,organic_reagent,,TamadKala,Iranian online wholesale/lab shop,product_page_listed_not_current_stock_verified,https://tamadkala.com/product/15501/%D8%A7%D8%B3%DB%8C%D8%AF-%D8%A7%DA%AF%D8%B2%D8%A7%D9%84%DB%8C%DA%A9-%D8%AF%D9%88-%D8%A2%D8%A8%D9%87,اسید اگزالیک دو آبه,router_title_normalization,verified_catalogue,2026-08-23
oxalyl dichloride,Oxalyl chloride,79-37-8,65578,CTSLXHKWHWQRSH-UHFFFAOYSA-N,C2Cl2O2,126.92,C(=O)(C(=O)Cl)Cl,confirmed_organic,organic_reagent,research,Telegram: ChemIranSanat,Iranian supplier Telegram catalogue,listed_not_current_stock_verified,https://t.me/ChemIranSanat/271,oxalyl dichloride,existing skill export,verified_catalogue,2026-08-23
"oxathiane 2,2-dioxide","1,4-Butane sultone",,15411,MHYFEEDKONKGEB-UHFFFAOYSA-N,C4H8O3S,136.17,C1CCS(=O)(=O)OC1,confirmed_organic,organic_reagent,research,Telegram: ChemIranSanat,Iranian supplier Telegram catalogue,listed_not_current_stock_verified,https://t.me/ChemIranSanat/1728,"oxathiane 2,2-dioxide",existing skill export,verified_catalogue,2026-08-23
oxiran-2-ylmethanol,Glycidol,556-52-5,11164,CTKINSOISVBQLD-UHFFFAOYSA-N,C3H6O2,74.08,C1C(O1)CO,confirmed_organic,organic_reagent,research,Telegram: minatajhiz,Iranian supplier Telegram catalogue,listed_not_current_stock_verified,,oxiran-2-ylmethanol,existing skill export,verified_catalogue,2026-08-23
oxiran-2-ylmethyl 2-methylprop-2-enoate,Glycidyl methacrylate,,7837,VOZRXNHHFUQHIL-UHFFFAOYSA-N,C7H10O3,142.15,CC(=C)C(=O)OCC1CO1,confirmed_organic,organic_reagent,research,Telegram: ChemIranSanat,Iranian supplier Telegram catalogue,listed_not_current_stock_verified,https://t.me/ChemIranSanat/1812,oxiran-2-ylmethyl 2-methylprop-2-enoate,existing skill export,verified_catalogue,2026-08-23
oxirane,Ethylene oxide,75-21-8,6354,IAYPIBMASNFSPL-UHFFFAOYSA-N,C2H4O,44.05,C1CO1,confirmed_organic,organic_reagent,,TamadKala,Iranian online wholesale/lab shop,product_page_listed_not_current_stock_verified,https://tamadkala.com/product/1500/%D9%81%D8%B1%D9%88%D8%B4-%D8%A7%D8%AA%DB%8C%D9%84%D9%86-%D8%A7%DA%A9%D8%B3%DB%8C%D8%AF,فروش اتیلن اکسید,router_title_normalization,verified_catalogue,2026-08-23
oxolane,tetrahydrofuran,109-99-9,8028,WYURNTSHIVDZCO-UHFFFAOYSA-N,C4H8O,72.11,C1CCOC1,confirmed_organic,organic_reagent,research,Fardad Shimi | TamadKala | Telegram: Boof_company | Telegram: LabTel | Telegram: fanchem | Telegram: jahaneshimicom,Iranian online lab-chemical shop | Iranian online wholesale/lab shop | Iranian supplier Telegram catalogue,listed_not_current_stock_verified | product_page_listed_not_current_stock_verified,https://fardadshimi.com/product/6199372/ | https://fardadshimi.com/product/tetrahydrofuran-merck/ | https://t.me/Boof_company/49 | https://t.me/LabTel/75209 | https://t.me/fanchem/428 | https://t.me/jahaneshimicom/65 | https://tamadkala.com/product/1525/%D9%81%D8%B1%D9%88%D8%B4-%D8%AA%D8%AA%D8%B1%D8%A7%D9%87%DB%8C%D8%AF%D8%B1%D9%88%D9%81%D9%88%D8%B1%D8%A7%D9%86 | https://tamadkala.com/product/168011/%D8%AA%D8%AA%D8%B1%D8%A7-%D9%87%DB%8C%D8%AF%D8%B1%D9%88-%D9%81%D9%88%D8%B1%D8%A7%D9%86-extra-pure-%D8%AF%DA%A9%D8%AA%D8%B1-%D9%85%D8%AC%D9%84%D9%84%DB%8C,tetrahydrofuran | تترا هیدرو فوران extra pure دکتر مجللی | تترا هیدروفوران دکتر مجللی | تتراهیدروفوران صنعتی | ... | تتراهیدروفوران مرک MERCK | فروش تتراهیدروفوران,existing skill export | router_title_normalization,verified_catalogue,2026-08-23
pentan-1-ol,1-Pentanol,71-41-0,6276,AMQJEAYHLZJPGS-UHFFFAOYSA-N,C5H12O,88.15,CCCCCO,confirmed_organic,organic_reagent,research,Telegram: ChemIranSanat | Telegram: minatajhiz,Iranian supplier Telegram catalogue,listed_not_current_stock_verified,https://t.me/ChemIranSanat/367 | https://t.me/minatajhiz/1013,amyl alcohol,existing skill export,verified_catalogue,2026-08-23
pentane,n-Pentane,109-66-0,8003,OFBQJSOFQDEBGM-UHFFFAOYSA-N,C5H12,72.15,CCCCC,confirmed_organic,organic_reagent,research,Fardad Shimi | TamadKala | Telegram: minatajhiz,Iranian online lab-chemical shop | Iranian online wholesale/lab shop | Iranian supplier Telegram catalogue,listed_not_current_stock_verified | product_page_listed_not_current_stock_verified,https://fardadshimi.com/product/6199240/ | https://tamadkala.com/product/54108/%D9%BE%D9%86%D8%AA%D8%A7%D9%86-%D9%86%D8%B1%D9%85%D8%A7%D9%84,pentane | ان پنتان laboratory دکتر مجللی | ... | ان پنتان دکتر مجللی | پنتان نرمال,existing skill export | router_title_normalization,verified_catalogue,2026-08-23
pentanedial,Glutaraldehyde,111-30-8,3485,SXRSQZLOMIGNAQ-UHFFFAOYSA-N,C5H8O2,100.12,C(CC=O)CC=O,confirmed_organic,organic_reagent,research,Telegram: minatajhiz,Iranian supplier Telegram catalogue,listed_not_current_stock_verified,,pentanedial,existing skill export,verified_catalogue,2026-08-23
phenol,Phenol,108-95-2,996,ISWSIDIOOBJBQZ-UHFFFAOYSA-N,C6H6O,94.11,C1=CC=C(C=C1)O,confirmed_organic,organic_reagent,research,TamadKala | Telegram: Boof_company | Telegram: ChemIranSanat | Telegram: IranChemicals | Telegram: minatajhiz,Iranian online wholesale/lab shop | Iranian supplier Telegram catalogue,listed_not_current_stock_verified | product_page_listed_not_current_stock_verified,https://t.me/Boof_company/52 | https://t.me/Boof_company/53 | https://t.me/Boof_company/54 | https://t.me/ChemIranSanat/689 | https://t.me/IranChemicals/28159 | https://t.me/IranChemicals/28163 | https://t.me/IranChemicals/30297 | https://t.me/IranChemicals/30441 | https://t.me/IranChemicals/31018 | https://t.me/minatajhiz/1006 | https://t.me/minatajhiz/1038,phenol | فنل extra pure دکتر مجللی | ...,existing skill export | router_title_normalization,verified_catalogue,2026-08-23
phenylhydrazine;hydrochloride,Phenylhydrazine hydrochloride,,60962,JOVOSQBPPZZESK-UHFFFAOYSA-N,C6H9ClN2,144.60,C1=CC=C(C=C1)NN.Cl,confirmed_organic,organic_reagent,,TamadKala,Iranian online wholesale/lab shop,product_page_listed_not_current_stock_verified,,فنیل هیدرازین هیدروکلراید کد 114715 سیگما | ...,router_title_normalization,verified_catalogue,2026-08-23
phenylmethanol,Benzyl alcohol,100-51-6,244,WVDDGKGOMKODPV-UHFFFAOYSA-N,C7H8O,108.14,C1=CC=C(C=C1)CO,confirmed_organic,organic_reagent,research,Fardad Shimi | TamadKala,Iranian online lab-chemical shop | Iranian online wholesale/lab shop,product_page_listed_not_current_stock_verified,https://fardadshimi.com/product/6199375/,بنزیل الکل extra pure دکتر مجللی | ... | بنزیل الکل دکتر مجللی,router_title_normalization,verified_catalogue,2026-08-23
phthalic acid,Phthalic acid,,1017,XNGIFLGASWRNHJ-UHFFFAOYSA-N,C8H6O4,166.13,C1=CC=C(C(=C1)C(=O)O)C(=O)O,confirmed_organic,organic_reagent,,TamadKala,Iranian online wholesale/lab shop,product_page_listed_not_current_stock_verified,,فتالیک اسید کد 402915 سیگما آلدریچ | ...,router_title_normalization,verified_catalogue,2026-08-23
"potassium (2E,4E)-hexa-2,4-dienoate",Potassium sorbate,590-00-1,23676745,CHHHXKFHOYLYRE-STWYSWDKSA-M,C6H7KO2,150.22,C/C=C/C=C/C(=O)[O-].[K+],confirmed_organic,organic_reagent,,TamadKala,Iranian online wholesale/lab shop,product_page_listed_not_current_stock_verified,https://tamadkala.com/product/56503/%D9%BE%D8%AA%D8%A7%D8%B3%DB%8C%D9%85-%D8%B3%D9%88%D8%B1%D8%A8%D8%A7%D8%AA,پتاسیم سوربات,router_title_normalization,verified_catalogue,2026-08-23
potassium acetate,Sodium acetate,127-09-3,517044,SCVFZCLFOSHCOH-UHFFFAOYSA-M,C2H3NaO2,98.14,CC(=O)[O-].[K+],confirmed_organic,organic_reagent,research,DigiShimi | Fardad Shimi | TamadKala,Iranian online chemical shops | Iranian online lab-chemical shop | Iranian online wholesale/lab shop,product_page_listed_not_current_stock_verified,https://digishimii.ir/Product/%d8%a7%d8%b3%d8%aa%d8%a7%d8%aa-%d8%b3%d8%af%db%8c%d9%85/ | https://tamadkala.com/product/72525/%D8%B3%D8%AF%DB%8C%D9%85-%D8%A7%D8%B3%D8%AA%D8%A7%D8%AA-%D9%82%D8%B7%D8%B1%D8%A7%D9%86-%D8%B4%DB%8C%D9%85%DB%8C,استات سدیم | سدیم استات خشک extra pure دکتر مجللی | ... | سدیم استات خشک laboratory دکتر مجللی | ... | سدیم استات خشک usp دکتر مجللی | ... | سدیم استات قطران شیمی | فروش استات سدیم | ... | پتاسیم استات extra pure دکتر مجللی | ... | پتاسیم استات قطران شیمی | ... | پتاسیم استات ۱ ک,router_title_normalization,verified_catalogue,2026-08-23
"potassium;sodium;(2R,3R)-2,3-dihydroxybutanedioate",Potassium sodium tartrate,,9357,LJCNRYVRMXRIQR-OLXYHTOASA-L,C4H4KNaO6,210.16,[C@@H]([C@H](C(=O)[O-])O)(C(=O)[O-])O.[Na+].[K+],confirmed_organic,organic_reagent,,Fardad Shimi,Iranian online lab-chemical shop,product_page_listed_not_current_stock_verified,,پتاسیم سدیم تارتارات ۴ آبه (نمک راشل) ۱ کیلویی دکتر مجللی | ...,router_title_normalization,verified_catalogue,2026-08-23
"potassium;sodium;2,3-dihydroxybutanedioate;tetrahydrate",Sodium potassium tartrate tetrahydrate,10124-69-3,2724148,VZOPRCCTKLAGPN-UHFFFAOYSA-L,C4H12KNaO10,282.22,C(C(C(=O)[O-])O)(C(=O)[O-])O.O.O.O.O.[Na+].[K+],confirmed_organic,organic_reagent,,TamadKala,Iranian online wholesale/lab shop,product_page_listed_not_current_stock_verified,,فروش سدیم پتاسیم تارتارات 4 آبه | ...,router_title_normalization,verified_catalogue,2026-08-23
prop-2-enamide,Acrylamide,,6579,HRPVXLWXLXDGHG-UHFFFAOYSA-N,C3H5NO,71.08,C=CC(=O)N,confirmed_organic,organic_reagent,research,Telegram: ChemIranSanat,Iranian supplier Telegram catalogue,listed_not_current_stock_verified,https://t.me/ChemIranSanat/2017 | https://t.me/ChemIranSanat/356,prop-2-enamide,existing skill export,verified_catalogue,2026-08-23
prop-2-enenitrile,Acrylonitrile,107-13-1,7855,NLHHRLWOUZZQLW-UHFFFAOYSA-N,C3H3N,53.06,C=CC#N,confirmed_organic,organic_reagent,research,Telegram: ChemIranSanat,Iranian supplier Telegram catalogue,listed_not_current_stock_verified,,prop-2-enenitrile,existing skill export,verified_catalogue,2026-08-23
prop-2-enoic acid,Acrylic acid,79-10-7,6581,NIXOWILDQLNWCW-UHFFFAOYSA-N,C3H4O2,72.06,C=CC(=O)O,confirmed_organic,organic_reagent,research,TamadKala | Telegram: Maran_Tejarat_Eshen | Telegram: minatajhiz,Iranian online wholesale/lab shop | Iranian supplier Telegram catalogue,listed_not_current_stock_verified | product_page_listed_not_current_stock_verified,https://t.me/Maran_Tejarat_Eshen/216 | https://t.me/Maran_Tejarat_Eshen/220 | https://t.me/Maran_Tejarat_Eshen/222 | https://t.me/Maran_Tejarat_Eshen/226 | https://t.me/Maran_Tejarat_Eshen/228 | https://t.me/Maran_Tejarat_Eshen/232 | https://t.me/Maran_Tejarat_Eshen/235 | https://t.me/Maran_Tejarat_Eshen/237 | https://t.me/Maran_Tejarat_Eshen/238 | https://t.me/Maran_Tejarat_Eshen/239 | https://t.me/Maran_Tejarat_Eshen/241 | https://t.me/Maran_Tejarat_Eshen/244 | https://t.me/Maran_Tejarat_Eshen/247 | https://t.me/Maran_Tejarat_Eshen/248 | https://t.me/Maran_Tejarat_Eshen/249 | https://t.me/Maran_Tejarat_Eshen/250 | https://t.me/Maran_Tejarat_Eshen/251 | https://t.me/Maran_Tejarat_Eshen/252 | https://t.me/Maran_Tejarat_Eshen/253 | https://t.me/Maran_Tejarat_Eshen/255 | https://t.me/Maran_Tejarat_Eshen/635 | https://t.me/minatajhiz/1011 | https://tamadkala.com/product/154879/%D8%A7%D8%B3%DB%8C%D8%AF-%D8%A7%DA%A9%D8%B1%DB%8C%D9%84%DB%8C%DA%A9-%D8%A7%D9%85%D8%B1%D8%AA%D8%A7%D8%AA-%D8%B4%DB%8C%D9%85%DB%8C-%DA%AF%D8%B1%DB%8C%D8%AF-extra-pure | https://tamadkala.com/product/173457/%D8%A2%DA%A9%D8%B1%DB%8C%D9%84%DB%8C%DA%A9-%D8%A7%D8%B3%DB%8C%D8%AF-%D8%A8%D8%B1%D9%86%D8%AF-%D8%B3%D8%AA%D9%84%D8%A7%DB%8C%D8%AA-%DA%86%DB%8C%D9%86%DB%8C-%D8%B5%D9%86%D8%B9%D8%AA%DB%8C | https://tamadkala.com/product/7979/%D8%A7%DA%A9%D8%B1%DB%8C%D9%84%DB%8C%DA%A9-%D8%A7%D8%B3%DB%8C%D8%AF,prop-2-enoic acid | آکریلیک اسید برند ستلایت چینی صنعتی | اسید اکریلیک امرتات شیمی گرید extra pure | اکریلیک اسید,existing skill export | router_title_normalization,verified_catalogue,2026-08-23
propan-1-amine,Propylamine,,7852,WGYKZJWCGVVSQN-UHFFFAOYSA-N,C3H9N,59.11,CCCN,confirmed_organic,organic_reagent,,TamadKala,Iranian online wholesale/lab shop,product_page_listed_not_current_stock_verified,,پروپیل آمین | ...,router_title_normalization,verified_catalogue,2026-08-23
propan-1-ol,Propanol,71-23-8,1031,BDERNNFJNOPAEC-UHFFFAOYSA-N,C3H8O,60.10,CCCO,confirmed_organic,organic_reagent,,Fardad Shimi | TamadKala,Iranian online lab-chemical shop | Iranian online wholesale/lab shop,product_page_listed_not_current_stock_verified,https://fardadshimi.com/product/6378785/,1 پروپانول | ... | پروپانول پارس شیمی,router_title_normalization,verified_catalogue,2026-08-23
propan-2-amine,Isopropylamine,,6363,JJWLVOIRVHMVIS-UHFFFAOYSA-N,C3H9N,59.11,CC(C)N,confirmed_organic,organic_reagent,,TamadKala,Iranian online wholesale/lab shop,product_page_listed_not_current_stock_verified,,فروش ایزو پروپیل آمین | ...,router_title_normalization,verified_catalogue,2026-08-23
propan-2-ol,2-propanol,67-63-0,3776,KFZMGEQAYNKOFK-UHFFFAOYSA-N,C3H8O,60.10,CC(C)O,confirmed_organic,organic_reagent,research,DigiShimi | Fardad Shimi | Isatis Shimi | TamadKala | Telegram: ChemIranSanat | Telegram: IranChemicals | Telegram: minatajhiz,Iranian online chemical shops | Iranian online lab-chemical shop | Iranian online wholesale/lab shop | Iranian supplier Telegram catalogue,listed_not_current_stock_verified | product_page_listed_not_current_stock_verified,https://fardadshimi.com/product/6199217/ | https://isatisshimi.com/en/product/isopropyl-alcohol-3/ | https://isatisshimi.com/product/%d8%a7%db%8c%d8%b2%d9%88-%d9%be%d8%b1%d9%88%d9%be%db%8c%d9%84-%d8%a7%d9%84%da%a9%d9%84/ | https://t.me/ChemIranSanat/1808 | https://t.me/ChemIranSanat/1890 | https://t.me/ChemIranSanat/1902 | https://t.me/IranChemicals/28403 | https://t.me/IranChemicals/28727 | https://t.me/minatajhiz/615 | https://tamadkala.com/product/32091/%D8%A7%DB%8C%D8%B2%D9%88%D9%BE%D8%B1%D9%88%D9%BE%DB%8C%D9%84-%D8%A7%D9%84%DA%A9%D9%84-99-5-%D9%BE%D8%A7%D8%B1%D8%B3-%D8%B4%DB%8C%D9%85%DB%8C,2 پروپانول acs دکتر مجللی | ... | 2 پروپانول extra pure دکتر مجللی | ... | 2 پروپانول gc دکتر مجللی | ... | 2 پروپانول gradient hplc دکتر مجللی | ... | 2 پروپانول isocratic hplc دکتر مجللی | ... | 2 پروپانول usp دکتر مجللی | ... | 2 پروپانول uv spectroscopy دکتر مجللی | ... | Iso,existing skill export | router_title_normalization,verified_catalogue,2026-08-23
propan-2-one,Acetone,67-64-1,180,CSCPPACGZOOCGX-UHFFFAOYSA-N,C3H6O,58.08,CC(=O)C,confirmed_organic,organic_reagent,research,DigiShimi | Fardad Shimi | Isatis Shimi | TamadKala | Telegram: Boof_company | Telegram: ChemIranSanat | Telegram: minatajhiz,Iranian online chemical shops | Iranian online lab-chemical shop | Iranian online wholesale/lab shop | Iranian supplier Telegram catalogue,listed_not_current_stock_verified | product_page_listed_not_current_stock_verified,https://digishimii.ir/Product/%d8%a7%d8%b3%d8%aa%d9%88%d9%86-%d8%af%d8%a7%d8%b1%d9%88%db%8c%db%8c/ | https://digishimii.ir/Product/%d8%a7%d8%b3%d8%aa%d9%88%d9%86-%d8%b5%d9%86%d8%b9%d8%aa%db%8c/ | https://fardadshimi.com/product/6199220/ | https://fardadshimi.com/product/6378772/ | https://isatisshimi.com/en/product/acetone/ | https://isatisshimi.com/product/%d8%a7%d8%b3%d8%aa%d9%88%d9%86/ | https://t.me/Boof_company/39 | https://t.me/Boof_company/40 | https://t.me/ChemIranSanat/1746 | https://t.me/minatajhiz/764 | https://tamadkala.com/product/32734/%D8%A7%D8%B3%D8%AA%D9%88%D9%86-99-u-s-p-%D9%BE%D8%A7%D8%B1%D8%B3-%D8%B4%DB%8C%D9%85%DB%8C | https://tamadkala.com/product/32743/%D8%A7%D8%B3%D8%AA%D9%88%D9%86-99-5-p-a-%D9%BE%D8%A7%D8%B1%D8%B3-%D8%B4%DB%8C%D9%85%DB%8C,Acetone | propan-2-one | استون | استون 99 5 p a پارس شیمی | استون 99 u s p پارس شیمی | استون دارویی | استون دکتر مجللی | استون صنعتی | استون پارس شیمی,existing skill export | router_title_normalization,verified_catalogue,2026-08-23
propan-2-yl tetradecanoate,Isopropyl Myristate,,8042,AXISYYRBXTVTFY-UHFFFAOYSA-N,C17H34O2,270.5,CCCCCCCCCCCCCC(=O)OC(C)C,confirmed_organic,cosmetic_raw_material,,BehChin Chemi Pharmed,Iranian supplier API/intermediate catalogue,supplier_catalogue_listed_not_current_stock_verified,https://www.behchinchemi.ir/en/our-products/cosmetic-materials,Isopropyl Myristate,supplier_table,verified_catalogue,2026-08-23
"propane-1,2,3-triol",Glycerin,56-81-5,753,PEDCQBHIVMGVHV-UHFFFAOYSA-N,C3H8O3,92.09,C(C(CO)O)O,confirmed_organic,pharmaceutical_or_api,research,DigiShimi | Fardad Shimi | Isatis Shimi | TamadKala | Telegram: Ch_Chemical_leaders | Telegram: chemgroup | Telegram: minatajhiz,Iranian online chemical shops | Iranian online lab-chemical shop | Iranian online wholesale/lab shop | Iranian supplier Telegram catalogue,listed_not_current_stock_verified | product_page_listed_not_current_stock_verified,https://digishimii.ir/Product/%da%af%d9%84%db%8c%d8%b3%db%8c%d8%b1%db%8c%d9%86/ | https://fardadshimi.com/product/6199335/ | https://isatisshimi.com/en/product/cosmetic-and-industrial-glycerin/ | https://isatisshimi.com/en/product/glycerin-hygienic-grade/ | https://isatisshimi.com/en/product/glycerin-pharmaceutical-and-industrial-grade/ | https://t.me/Ch_Chemical_leaders/214 | https://t.me/chemgroup/1414 | https://t.me/minatajhiz/988 | https://tamadkala.com/product/12730/%DA%AF%D9%84%DB%8C%D8%B3%DB%8C%D8%B1%DB%8C%D9%86-%D8%B5%D9%86%D8%B9%D8%AA%DB%8C-%D8%AC%D8%A7%D9%85%D8%AF | https://tamadkala.com/product/164277/%DA%AF%DB%8C%D9%84%DB%8C%D8%B3%DB%8C%D8%B1%DB%8C%D9%86-%D8%B5%D9%86%D8%B9%D8%AA%DB%8C,"Cosmetic and Industrial Glycerin | Glycerin (Hygienic Grade) | Glycerin (Pharmaceutical and Industrial Grade) | propane-1,2,3-triol | گلیسیرین | گلیسیرین دکتر مجللی | گلیسیرین صنعتی جامد | گلیسیرین صنعتی مایع | ... | گیلیسیرین صنعتی",existing skill export | router_title_normalization,verified_catalogue,2026-08-23
"propane-1,2-diol",Propylene glycol,57-55-6,1030,DNIAPMSPPWPWGF-UHFFFAOYSA-N,C3H8O2,76.09,CC(CO)O,confirmed_organic,organic_reagent,research,Fardad Shimi | TamadKala,Iranian online lab-chemical shop | Iranian online wholesale/lab shop,product_page_listed_not_current_stock_verified,https://fardadshimi.com/product/6199354/ | https://tamadkala.com/product/177561/%D9%BE%D8%B1%D9%88%D9%BE%DB%8C%D9%84%D9%86-%DA%AF%D9%84%DB%8C%DA%A9%D9%88%D9%84 | https://tamadkala.com/product/76314/%D9%BE%D8%B1%D9%88%D9%BE%DB%8C%D9%84%D9%86-%DA%AF%D9%84%D8%A7%DB%8C%DA%A9%D9%88%D9%84-extra-pure-%D8%AF%DA%A9%D8%AA%D8%B1-%D9%85%D8%AC%D9%84%D9%84%DB%8C | https://tamadkala.com/product/92888/%D9%BE%D8%B1%D9%88%D9%BE%DB%8C%D9%84%D9%86-%DA%AF%D9%84%D8%A7%DB%8C%DA%A9%D9%88%D9%84-usp-%D9%86%D9%88%D8%AA%D8%B1%D9%88%D9%86,پروپیلن گلایکول extra pure دکتر مجللی | پروپیلن گلایکول laboratory دکتر مجللی | ... | پروپیلن گلایکول usp نوترون | پروپیلن گلایکول دکتر مجللی | پروپیلن گلیکول,router_title_normalization,verified_catalogue,2026-08-23
propanedinitrile,Malononitrile,109-77-3,8010,CUONGYYJJVDODC-UHFFFAOYSA-N,C3H2N2,66.06,C(C#N)C#N,confirmed_organic,organic_reagent,research,Telegram: minatajhiz,Iranian supplier Telegram catalogue,listed_not_current_stock_verified,https://t.me/minatajhiz/995,propanedinitrile,existing skill export,verified_catalogue,2026-08-23
propyl 4-hydroxybenzoate,Propylparaben,,7175,QELSKZZBTMNZEB-UHFFFAOYSA-N,C10H12O3,180.20,CCCOC(=O)C1=CC=C(C=C1)O,confirmed_organic,cosmetic_raw_material,research,BehChin Chemi Pharmed | TamadKala,Iranian online wholesale/lab shop | Iranian supplier API/intermediate catalogue,product_page_listed_not_current_stock_verified | supplier_catalogue_listed_not_current_stock_verified,https://tamadkala.com/product/147144/%D9%BE%D8%B1%D9%88%D9%BE%DB%8C%D9%84-%D9%BE%D8%A7%D8%B1%D8%A7%D8%A8%D9%86-%D8%B3%DB%8C%DA%AF%D9%85%D8%A7-usp-%DA%A9%D8%AF-1577008 | https://tamadkala.com/product/88559/%D9%BE%D8%B1%D9%88%D9%BE%DB%8C%D9%84-%D9%BE%D8%A7%D8%B1%D8%A7%D8%A8%D9%86-%D8%B5%D9%86%D8%B9%D8%AA%DB%8C | https://www.behchinchemi.ir/en/our-products/cosmetic-materials,Propylparaben | پروپیل پارابن usp نوترون | ... | پروپیل پارابن سیگما usp کد 1577008 | پروپیل پارابن صنعتی,router_title_normalization | supplier_table,verified_catalogue,2026-08-23
pyridine,Pyridine,110-86-1,1049,JUJWROOIHBZHMG-UHFFFAOYSA-N,C5H5N,79.10,C1=CC=NC=C1,confirmed_organic,organic_reagent,research,Fardad Shimi | TamadKala | Telegram: ChemIranSanat | Telegram: minatajhiz,Iranian online lab-chemical shop | Iranian online wholesale/lab shop | Iranian supplier Telegram catalogue,listed_not_current_stock_verified | product_page_listed_not_current_stock_verified,https://fardadshimi.com/product/6199293/ | https://fardadshimi.com/product/6468373/ | https://t.me/ChemIranSanat/1455 | https://t.me/ChemIranSanat/1548 | https://t.me/ChemIranSanat/1573 | https://t.me/ChemIranSanat/1583 | https://t.me/ChemIranSanat/1586 | https://t.me/ChemIranSanat/1589 | https://t.me/ChemIranSanat/1687 | https://t.me/ChemIranSanat/1781 | https://t.me/ChemIranSanat/1866 | https://t.me/ChemIranSanat/1870 | https://t.me/ChemIranSanat/1932 | https://t.me/ChemIranSanat/2014 | https://t.me/ChemIranSanat/630 | https://t.me/ChemIranSanat/69 | https://t.me/minatajhiz/61 | https://t.me/minatajhiz/998 | https://tamadkala.com/product/18391/%D9%BE%DB%8C%D8%B1%DB%8C%D8%AF%DB%8C%D9%86 | https://tamadkala.com/product/18518/%D9%BE%DB%8C%D8%B1%D9%88%D9%84%DB%8C%D8%AF%DB%8C%D9%86 | https://tamadkala.com/product/76052/%D9%BE%DB%8C%D8%B1%DB%8C%D8%AF%DB%8C%D9%86-%D8%AF%DA%A9%D8%AA%D8%B1-%D9%85%D8%AC%D9%84%D9%84%DB%8C | https://tamadkala.com/product/92893/%D9%BE%DB%8C%D8%B1%DB%8C%D8%AF%DB%8C%D9%86-extra-pure-%D9%86%D9%88%D8%AA%D8%B1%D9%88%D9%86 | https://tamadkala.com/product/92894/%D9%BE%DB%8C%D8%B1%DB%8C%D8%AF%DB%8C%D9%86-dry-%D9%86%D9%88%D8%AA%D8%B1%D9%88%D9%86,pyridine | پیرولیدین | پیریدین | پیریدین MERCK | پیریدین dry نوترون | پیریدین extra pure دکتر مجللی | ... | پیریدین extra pure نوترون | پیریدین دکتر مجللی,existing skill export | router_title_normalization,verified_catalogue,2026-08-23
pyridine-4-carboxamide,Isonicotinamide,,15074,VFQXVTODMYMSMJ-UHFFFAOYSA-N,C6H6N2O,122.12,C1=CN=CC=C1C(=O)N,confirmed_organic,organic_reagent,research,Telegram: ChemIranSanat,Iranian supplier Telegram catalogue,listed_not_current_stock_verified,https://t.me/ChemIranSanat/1695,pyridine-4-carboxamide,existing skill export,verified_catalogue,2026-08-23
"pyrrolidine-2,5-dione",Succinimide,,11439,KZNICNPSHKQLFF-UHFFFAOYSA-N,C4H5NO2,99.09,C1CC(=O)NC1=O,confirmed_organic,organic_reagent,research,Telegram: minatajhiz,Iranian supplier Telegram catalogue,listed_not_current_stock_verified,https://t.me/minatajhiz/1015,"pyrrolidine-2,5-dione",existing skill export,verified_catalogue,2026-08-23
"sodium (2R,3S,4R,5R)-2,3,4,5,6-pentahydroxyhexanoate",Sodium gluconate,,23672301,UPMFZISCCZSDND-JJKGCWMISA-M,C6H11NaO7,218.14,C([C@H]([C@H]([C@@H]([C@H](C(=O)[O-])O)O)O)O)O.[Na+],confirmed_organic,organic_reagent,,TamadKala,Iranian online wholesale/lab shop,product_page_listed_not_current_stock_verified,,سدیم گلوکونات کد 822058 | ...,router_title_normalization,verified_catalogue,2026-08-23
"sodium (2S,5R,6R)-6-[[(2R)-2-amino-2-phenylacetyl]amino]-3,3-dimethyl-7-oxo-4-thia-1-azabicyclo[3.2.0]heptane-2-carboxylate",Ampicillin,69-52-3,23663979,KLOHDWPABZXLGI-YWUHCJSESA-M,C16H18N3NaO4S,371.4,CC1([C@@H](N2[C@H](S1)[C@@H](C2=O)NC(=O)[C@@H](C3=CC=CC=C3)N)C(=O)[O-])C.[Na+],confirmed_organic,pharmaceutical_or_api,research,TamadKala,Iranian online wholesale/lab shop,product_page_listed_not_current_stock_verified,,آمپیسیلین سیگما usp کد 1033000 | ...,router_title_normalization,verified_catalogue,2026-08-23
"sodium 1,1-dioxo-1,2-benzothiazol-2-id-3-one",Sodium saccharin,,656582,WINXNKPZLFISPD-UHFFFAOYSA-M,C7H4NNaO3S,205.17,C1=CC=C2C(=C1)C(=O)[N-]S2(=O)=O.[Na+],confirmed_organic,pharmaceutical_or_api,research,DigiShimi | Fardad Shimi | TamadKala,Iranian online chemical shops | Iranian online lab-chemical shop | Iranian online wholesale/lab shop,product_page_listed_not_current_stock_verified,https://digishimii.ir/Product/%d8%b3%d8%af%db%8c%d9%85-%d8%b3%d8%a7%d8%ae%d8%a7%d8%b1%db%8c%d9%86/ | https://fardadshimi.com/product/saccharin-sodium-merck/ | https://tamadkala.com/product/96652/%D8%B3%D8%AF%DB%8C%D9%85-%D8%B3%D8%A7%D8%AE%D8%A7%D8%B1%DB%8C%D9%86-extra-pure-%D9%86%D9%88%D8%AA%D8%B1%D9%88%D9%86,سدیم ساخارین | سدیم ساخارین extra pure نوترون | سدیم ساخارین خوراکی | ... | سدیم ساخارین ۲ آبه مرک MERCK,router_title_normalization,verified_catalogue,2026-08-23
sodium 2-dodecylbenzenesulfonate,Sodium dodecylbenzenesulfonate,25155-30-0,23662403,HFQQZARZPUDIFP-UHFFFAOYSA-M,C18H29NaO3S,348.5,CCCCCCCCCCCCC1=CC=CC=C1S(=O)(=O)[O-].[Na+],confirmed_organic,organic_reagent,,TamadKala,Iranian online wholesale/lab shop,product_page_listed_not_current_stock_verified,https://tamadkala.com/product/30052/%D8%B3%D8%AF%DB%8C%D9%85-%D8%AF%D9%88%D8%AF%D8%B3%DB%8C%D9%84-%D8%A8%D9%86%D8%B2%D9%86-%D8%B3%D9%88%D9%84%D9%81%D9%88%D9%86%D8%A7%D8%AA,سدیم دودسیل بنزن سولفونات,router_title_normalization,verified_catalogue,2026-08-23
sodium 2-hydroxybenzoate,Sodium Salicylate,54-21-7,16760658,ABBQHOQBGMUPJH-UHFFFAOYSA-M,C7H5NaO3,160.10,C1=CC=C(C(=C1)C(=O)[O-])O.[Na+],confirmed_organic,organic_reagent,,Fardad Shimi,Iranian online lab-chemical shop,product_page_listed_not_current_stock_verified,https://fardadshimi.com/product/6197526/,سدیم سالیسیلات MERCK,router_title_normalization,verified_catalogue,2026-08-23
sodium 2-hydroxypropanoate,Sodium lactate,72-17-3,23666456,NGSFWBMYFKHRBD-UHFFFAOYSA-M,C3H5NaO3,112.06,CC(C(=O)[O-])O.[Na+],confirmed_organic,organic_reagent,,TamadKala,Iranian online wholesale/lab shop,product_page_listed_not_current_stock_verified,https://tamadkala.com/product/55642/%D9%84%D8%A7%DA%A9%D8%AA%D8%A7%D8%AA-%D8%B3%D8%AF%DB%8C%D9%85-%D8%B5%D9%86%D8%B9%D8%AA%DB%8C,لاکتات سدیم صنعتی,router_title_normalization,verified_catalogue,2026-08-23
"sodium 3-[[4-[[4-(4-ethoxyanilino)phenyl]-[4-[ethyl-[(3-sulfonatophenyl)methyl]azaniumylidene]-2-methylcyclohexa-2,5-dien-1-ylidene]methyl]-N-ethyl-3-methylanilino]methyl]benzenesulfonate",Coomassie Brilliant Blue,6104-59-2,61363,RWVGQQGBQSJDQV-UHFFFAOYSA-M,C47H48N3NaO7S2,854.0,CCN(CC1=CC(=CC=C1)S(=O)(=O)[O-])C2=CC(=C(C=C2)C(=C3C=CC(=[N+](CC)CC4=CC(=CC=C4)S(=O)(=O)[O-])C=C3C)C5=CC=C(C=C5)NC6=CC=C(C=C6)OCC)C.[Na+],confirmed_organic,colorant_or_indicator,,TamadKala,Iranian online wholesale/lab shop,product_page_listed_not_current_stock_verified,https://tamadkala.com/product/6408/coomassie-brilliant-blue,coomassie brilliant blue,router_title_normalization,verified_catalogue,2026-08-23
sodium 3-hydroxy-4-[(1-hydroxynaphthalen-2-yl)diazenyl]-7-nitronaphthalene-1-sulfonate,Eriochrome Black T,1787-61-7,135465089,AMMWFYKTZVIRFN-UHFFFAOYSA-M,C20H12N3NaO7S,461.4,C1=CC=C2C(=C1)C=CC(=C2O)N=NC3=C4C=CC(=CC4=C(C=C3O)S(=O)(=O)[O-])[N+](=O)[O-].[Na+],confirmed_organic,organic_reagent,research,Fardad Shimi | TamadKala,Iranian online lab-chemical shop | Iranian online wholesale/lab shop,product_page_listed_not_current_stock_verified,https://tamadkala.com/product/23452/%D8%A7%D8%B1%DB%8C%D9%88-%DA%A9%D8%B1%D9%88%D9%85-%D8%A8%D9%84%DA%A9-%D8%AA%DB%8C-acs-%D8%AF%DA%A9%D8%AA%D8%B1-%D9%85%D8%AC%D9%84%D9%84%DB%8C,آریو کروم بلک تی مرک MERCK | اریو کروم بلک تی acs دکتر مجللی,router_title_normalization,verified_catalogue,2026-08-23
sodium 4-[[4-(dimethylamino)phenyl]diazenyl]benzenesulfonate,Methyl orange,547-58-0,23673835,STZCRXQWRGQSJD-UHFFFAOYSA-M,C14H14N3NaO3S,327.34,CN(C)C1=CC=C(C=C1)N=NC2=CC=C(C=C2)S(=O)(=O)[O-].[Na+],confirmed_organic,colorant_or_indicator,research,Fardad Shimi | TamadKala,Iranian online lab-chemical shop | Iranian online wholesale/lab shop,product_page_listed_not_current_stock_verified,https://fardadshimi.com/product/6392026/ | https://tamadkala.com/product/24564/%D9%85%D8%AA%DB%8C%D9%84-%D8%A7%D9%88%D8%B1%D9%86%DA%98-acs-%D8%AF%DA%A9%D8%AA%D8%B1-%D9%85%D8%AC%D9%84%D9%84%DB%8C,متیل اورنج هندی | متیل اورنژ acs دکتر مجللی,router_title_normalization,verified_catalogue,2026-08-23
sodium 4-methoxycarbonylphenolate,Sodium Methylparaben,,23663626,PESXGULMKCKJCC-UHFFFAOYSA-M,C8H7NaO3,174.13,COC(=O)C1=CC=C(C=C1)[O-].[Na+],confirmed_organic,cosmetic_raw_material,,BehChin Chemi Pharmed,Iranian supplier API/intermediate catalogue,supplier_catalogue_listed_not_current_stock_verified,https://www.behchinchemi.ir/en/our-products/cosmetic-materials,Sodium Methylparaben,supplier_table,verified_catalogue,2026-08-23
"sodium 6-[6-[6-[5-acetamido-4,6-dihydroxy-2-(sulfooxymethyl)oxan-3-yl]oxy-2-carboxy-4-hydroxy-5-sulfooxyoxan-3-yl]oxy-2-(hydroxymethyl)-5-(sulfoamino)-4-sulfooxyoxan-3-yl]oxy-3,4-dihydroxy-5-sulfooxyoxane-2-carboxylic acid",Heparin Sodium,,92044406,JRTRSJGZMRQDHI-UHFFFAOYSA-N,C26H42N2NaO37S5+,1157.9,CC(=O)NC1C(C(C(OC1O)COS(=O)(=O)O)OC2C(C(C(C(O2)C(=O)O)OC3C(C(C(C(O3)CO)OC4C(C(C(C(O4)C(=O)O)O)O)OS(=O)(=O)O)OS(=O)(=O)O)NS(=O)(=O)O)O)OS(=O)(=O)O)O.[Na+],confirmed_organic,pharmaceutical_or_api,research,BehChin Chemi Pharmed,Iranian supplier API/intermediate catalogue,supplier_catalogue_listed_not_current_stock_verified,https://www.behchinchemi.ir/en/our-products/active-pharmaceutical-ingredient,Heparin Sodium,supplier_table,verified_catalogue,2026-08-23
sodium benzoate,Sodium benzoate,540-16-9,517055,WXMKPNITSTVMEF-UHFFFAOYSA-M,C7H5NaO2,144.10,C1=CC=C(C=C1)C(=O)[O-].[Na+],confirmed_organic,organic_reagent,research,ShimiMan | TamadKala,Iranian online chemical shop | Iranian online wholesale/lab shop,product_page_listed_not_current_stock_verified,https://shimiman.com/product/sodium-benzoate-grade-extra-pure/ | https://shimiman.com/product/sodium-benzoate-grade-laboratory/ | https://tamadkala.com/product/146471/%D8%B3%D8%AF%DB%8C%D9%85-%D8%A8%D9%86%D8%B2%D9%88%D8%A7%D8%AA-extra-pure-%DA%A9%D8%AF-05785-%D8%A8%D8%B1%D9%86%D8%AF-%D9%84%D9%88%D8%A8%D8%A7%DA%A9%D9%85%DB%8C-%D9%87%D9%86%D8%AF | https://tamadkala.com/product/174257/%D8%A8%D9%86%D8%B2%D9%88%D8%A7%D8%AA-%D8%B3%D8%AF%DB%8C%D9%85-%D8%B5%D9%86%D8%B9%D8%AA%DB%8C,https://shimiman.com/product/sodium-benzoate-grade-extra-pure/ | https://shimiman.com/product/sodium-benzoate-grade-laboratory/ | بنزوات سدیم صنعتی | سدیم بنزوات extra pure دکتر مجللی | ... | سدیم بنزوات extra pure کد 05785 برند لوباکمی هند | سدیم بنزوات laboratory دکتر مجللی | .,router_title_normalization | sitemap_title,verified_catalogue,2026-08-23
sodium formate,Sodium Formate,,2723810,HLBBKKJFGFRGMU-UHFFFAOYSA-M,CHNaO2,68.007,C(=O)[O-].[Na+],confirmed_organic,organic_reagent,,TamadKala,Iranian online wholesale/lab shop,product_page_listed_not_current_stock_verified,https://tamadkala.com/product/9531/%D8%B3%D8%AF%DB%8C%D9%85-%D9%81%D8%B1%D9%85%D8%A7%D8%AA,سدیم فرمات,router_title_normalization,verified_catalogue,2026-08-23
sodium methanolate,Sodium Methoxide,,10942334,WQDUMFSSJAZKTM-UHFFFAOYSA-N,CH3NaO,54.024,C[O-].[Na+],confirmed_organic,organic_reagent,research,Telegram: minatajhiz,Iranian supplier Telegram catalogue,listed_not_current_stock_verified,https://t.me/minatajhiz/1093,sodium methanolate,existing skill export,verified_catalogue,2026-08-23
sodium octadecanoate,Sodium stearate,822-16-2,2724691,RYYKJJJTJZKILX-UHFFFAOYSA-M,C18H35NaO2,306.5,CCCCCCCCCCCCCCCCCC(=O)[O-].[Na+],confirmed_organic,organic_reagent,,DigiShimi | Fardad Shimi | TamadKala | Telegram: fanchem,Iranian online chemical shops | Iranian online lab-chemical shop | Iranian online wholesale/lab shop | Iranian supplier Telegram catalogue,listed_not_current_stock_verified | product_page_listed_not_current_stock_verified,https://digishimii.ir/Product/%d8%a7%d8%b3%d8%aa%d8%a6%d8%a7%d8%b1%d8%a7%d8%aa-%d8%b3%d8%af%db%8c%d9%85/ | https://fardadshimi.com/product/6195720/ | https://t.me/fanchem/207 | https://t.me/fanchem/278 | https://t.me/fanchem/280 | https://t.me/fanchem/401 | https://t.me/fanchem/444,sodium octadecanoate | استئارات سدیم | استئارات سدیم صنعتی | ... | سدیم استئارات ۹۹% MERCK,existing skill export | router_title_normalization,verified_catalogue,2026-08-23
sodium;(4S)-4-amino-5-hydroxy-5-oxopentanoate;hydrate,Monosodium glutamate,,23689119,GJBHGUUFMNITCI-QTNFYWBSSA-M,C5H10NNaO5,187.13,C(CC(=O)[O-])[C@@H](C(=O)O)N.O.[Na+],confirmed_organic,organic_reagent,,TamadKala,Iranian online wholesale/lab shop,product_page_listed_not_current_stock_verified,https://tamadkala.com/product/74875/%D9%85%D9%88%D9%86%D9%88%D8%B3%D8%AF%DB%8C%D9%85-%DA%AF%D9%84%D9%88%D8%AA%D8%A7%D9%85%D8%A7%D8%AA-%D8%AE%D9%88%D8%B1%D8%A7%DA%A9%DB%8C,مونوسدیم گلوتامات خوراکی,router_title_normalization,verified_catalogue,2026-08-23
sodium;acetate;trihydrate,Sodium acetate trihydrate,,23665404,AYRVGWHSXIMRAB-UHFFFAOYSA-M,C2H9NaO5,136.08,CC(=O)[O-].O.O.O.[Na+],confirmed_organic,organic_reagent,research,Fardad Shimi | ShimiMan | TamadKala,Iranian online chemical shop | Iranian online lab-chemical shop | Iranian online wholesale/lab shop,product_page_listed_not_current_stock_verified,https://fardadshimi.com/product/6195765/ | https://shimiman.com/product/sodium-acetate-trihydrate-grade-usp/,https://shimiman.com/product/sodium-acetate-trihydrate-grade-usp/ | سدیم استات تری هیدرات extra pure دکتر مجللی | ... | سدیم استات تری هیدرات laboratory دکتر مجللی | ... | سدیم استات تری هیدرات usp دکتر مجللی | ... | سدیم استات ۳ آبه MERCK,router_title_normalization | sitemap_title,verified_catalogue,2026-08-23
terephthalaldehyde,Terephthalaldehyde,,12173,KUCOHFSKRZZVRO-UHFFFAOYSA-N,C8H6O2,134.13,C1=CC(=CC=C1C=O)C=O,confirmed_organic,organic_reagent,research,Telegram: ChemIranSanat,Iranian supplier Telegram catalogue,listed_not_current_stock_verified,https://t.me/ChemIranSanat/618,terephthalaldehyde,existing skill export,verified_catalogue,2026-08-23
terephthalic acid,Terephthalic acid,100-21-0,7489,KKEYFWRCBNTPAC-UHFFFAOYSA-N,C8H6O4,166.13,C1=CC(=CC=C1C(=O)O)C(=O)O,confirmed_organic,organic_reagent,research,Fardad Shimi | Telegram: ChemIranSanat | Telegram: minatajhiz,Iranian online lab-chemical shop | Iranian supplier Telegram catalogue,listed_not_current_stock_verified | product_page_listed_not_current_stock_verified,https://t.me/ChemIranSanat/1381 | https://t.me/ChemIranSanat/1393 | https://t.me/ChemIranSanat/1699 | https://t.me/ChemIranSanat/1724 | https://t.me/ChemIranSanat/1843 | https://t.me/ChemIranSanat/1862 | https://t.me/ChemIranSanat/1911 | https://t.me/ChemIranSanat/1926 | https://t.me/ChemIranSanat/1939 | https://t.me/ChemIranSanat/507 | https://t.me/minatajhiz/267,terephthalic acid | ترفتالیک اسید MERCK | ...,existing skill export | router_title_normalization,verified_catalogue,2026-08-23
tetrachloromethane,Carbon tetrachloride,56-23-5,5943,VZGDMQKNWNREIO-UHFFFAOYSA-N,CCl4,153.8,C(Cl)(Cl)(Cl)Cl,confirmed_organic,organic_reagent,,TamadKala,Iranian online wholesale/lab shop,product_page_listed_not_current_stock_verified,https://tamadkala.com/product/164265/%D8%AA%D8%AA%D8%B1%D8%A7-%DA%A9%D9%84%D8%B1%DB%8C%D8%AF-%DA%A9%D8%B1%D8%A8%D9%86-%DA%A9%D8%AF-319961-%D8%B3%DB%8C%DA%AF%D9%85%D8%A7,تترا کلرید کربن کد 319961 سیگما | تتراكلريد كربن قطران شیمی | ...,router_title_normalization,verified_catalogue,2026-08-23
tetrakis(propan-2-olate);titanium(4+),Titanium(IV) isopropoxide,,11026,VXUYXOFXAQZZMF-UHFFFAOYSA-N,C12H28O4Ti,284.22,CC(C)[O-].CC(C)[O-].CC(C)[O-].CC(C)[O-].[Ti+4],confirmed_organic,organic_reagent,research,Fardad Shimi | TamadKala | Telegram: ChemIranSanat,Iranian online lab-chemical shop | Iranian online wholesale/lab shop | Iranian supplier Telegram catalogue,listed_not_current_stock_verified | product_page_listed_not_current_stock_verified,https://fardadshimi.com/product/6468370/ | https://t.me/ChemIranSanat/1497,tetrakis(propan-2-olate);titanium(4+) | تیتانیوم (IV) ایزوپروپوکسید MERCK | فروش تیتانیوم iv ایزوپروپوکسید | ...,existing skill export | router_title_normalization,verified_catalogue,2026-08-23
"thiolane 1,1-dioxide",Sulfolane,126-33-0,31347,HXJUTPCZVOIRIF-UHFFFAOYSA-N,C4H8O2S,120.17,C1CCS(=O)(=O)C1,confirmed_organic,organic_reagent,,Telegram: jahaneshimicom,Iranian supplier Telegram catalogue,listed_not_current_stock_verified,,"thiolane 1,1-dioxide",existing skill export,verified_catalogue,2026-08-23
thiourea,Thiourea,62-56-6,2723790,UMGDCJDMYOKAJW-UHFFFAOYSA-N,CH4N2S,76.12,C(=S)(N)N,confirmed_organic,organic_reagent,,Fardad Shimi | TamadKala,Iranian online lab-chemical shop | Iranian online wholesale/lab shop,product_page_listed_not_current_stock_verified,https://tamadkala.com/product/176678/%D8%AA%DB%8C%D9%88-%D8%A7%D9%88%D8%B1%D9%87-%D8%B5%D9%86%D8%B9%D8%AA%DB%8C,تیو اوره صنعتی | تیواوره MERCK | ... | تیواوره | ...,router_title_normalization,verified_catalogue,2026-08-23
toluene,Toluene,108-88-3,1140,YXFVVABEGXRONW-UHFFFAOYSA-N,C7H8,92.14,CC1=CC=CC=C1,confirmed_organic,organic_reagent,research,DigiShimi | Fardad Shimi | Isatis Shimi | ShimiMan | TamadKala | Telegram: ChemIranSanat | Telegram: IranChemicals | Telegram: Maran_Tejarat_Eshen,Iranian online chemical shop | Iranian online chemical shops | Iranian online lab-chemical shop | Iranian online wholesale/lab shop | Iranian supplier Telegram catalogue,listed_not_current_stock_verified | product_page_listed_not_current_stock_verified,https://digishimii.ir/Product/%d8%aa%d9%88%d9%84%d9%88%d8%a6%d9%86/ | https://fardadshimi.com/product/6199285/ | https://isatisshimi.com/en/product/toluene/ | https://shimiman.com/product/toluene-grade-acs/ | https://shimiman.com/product/toluene-grade-extra-pure/ | https://t.me/ChemIranSanat/1400 | https://t.me/ChemIranSanat/2087 | https://t.me/IranChemicals/29072 | https://t.me/Maran_Tejarat_Eshen/109 | https://t.me/Maran_Tejarat_Eshen/117 | https://t.me/Maran_Tejarat_Eshen/121 | https://t.me/Maran_Tejarat_Eshen/122 | https://t.me/Maran_Tejarat_Eshen/128 | https://t.me/Maran_Tejarat_Eshen/135 | https://t.me/Maran_Tejarat_Eshen/138 | https://t.me/Maran_Tejarat_Eshen/144 | https://t.me/Maran_Tejarat_Eshen/148 | https://t.me/Maran_Tejarat_Eshen/149 | https://t.me/Maran_Tejarat_Eshen/151 | https://t.me/Maran_Tejarat_Eshen/153 | https://t.me/Maran_Tejarat_Eshen/155 | https://t.me/Maran_Tejarat_Eshen/158 | https://t.me/Maran_Tejarat_Eshen/160 | https://t.me/Maran_Tejarat_Eshen/161 | https://t.me/Maran_Tejarat_Eshen/162 | https://t.me/Maran_Tejarat_Eshen/164 | https://t.me/Maran_Tejarat_Eshen/165 | https://t.me/Maran_Tejarat_Eshen/166 | https://t.me/Maran_Tejarat_Eshen/170 | https://t.me/Maran_Tejarat_Eshen/172 | https://t.me/Maran_Tejarat_Eshen/173 | https://t.me/Maran_Tejarat_Eshen/178 | https://t.me/Maran_Tejarat_Eshen/179 | https://t.me/Maran_Tejarat_Eshen/180 | https://t.me/Maran_Tejarat_Eshen/90 | https://tamadkala.com/product/32788/%D8%AA%D9%88%D9%84%D9%88%D8%A6%D9%86-99-7-extra-pure-%D9%BE%D8%A7%D8%B1%D8%B3-%D8%B4%DB%8C%D9%85%DB%8C,Toluene | https://shimiman.com/product/toluene-grade-acs/ | https://shimiman.com/product/toluene-grade-extra-pure/ | toluene | تولوئن | تولوئن 99 7 extra pure پارس شیمی | تولوئن acs دکتر مجللی | ... | تولوئن extra pure امرتات شیمی کد amt108323 | ... | تولوئن extra pure دکتر مجللی,existing skill export | router_title_normalization | sitemap_title,verified_catalogue,2026-08-23
trichloromethyl carbonochloridate,Diphosgene,,10426,HCUYBXPSSCRKRF-UHFFFAOYSA-N,C2Cl4O2,197.8,C(=O)(OC(Cl)(Cl)Cl)Cl,confirmed_organic,organic_reagent,,Telegram: chemgroup,Iranian supplier Telegram catalogue,listed_not_current_stock_verified,https://t.me/chemgroup/912,trichloromethyl carbonochloridate,existing skill export,verified_catalogue,2026-08-23
triethoxy(octyl)silane,Octyltriethoxysilane,2943-75-1,76262,MSRJTTSHWYDFIU-UHFFFAOYSA-N,C14H32O3Si,276.49,CCCCCCCC[Si](OCC)(OCC)OCC,confirmed_organic,organic_reagent,research,Telegram: minatajhiz,Iranian supplier Telegram catalogue,listed_not_current_stock_verified,https://t.me/minatajhiz/791,triethoxy(octyl)silane,existing skill export,verified_catalogue,2026-08-23
"triethyl 2-hydroxypropane-1,2,3-tricarboxylate",Triethyl citrate,,6506,DOOTYTYQINUNNV-UHFFFAOYSA-N,C12H20O7,276.28,CCOC(=O)CC(CC(=O)OCC)(C(=O)OCC)O,confirmed_organic,organic_reagent,,TamadKala,Iranian online wholesale/lab shop,product_page_listed_not_current_stock_verified,https://tamadkala.com/product/16225/%D8%AA%D8%B1%DB%8C-%D8%A7%D8%AA%DB%8C%D9%84-%D8%B3%DB%8C%D8%AA%D8%B1%D8%A7%D8%AA,تری اتیل سیترات | تری اتیل سیترات صنعتی | ...,router_title_normalization,verified_catalogue,2026-08-23
triethylalumane,Triethylaluminium,,16682930,VOITXYVAKOUIBA-UHFFFAOYSA-N,C6H15Al,114.16,CC[Al](CC)CC,confirmed_organic,organic_reagent,,TamadKala,Iranian online wholesale/lab shop,product_page_listed_not_current_stock_verified,,تری اتیل آلومینیوم سیگما | ...,router_title_normalization,verified_catalogue,2026-08-23
trimethoxy(methyl)silane,Methyltrimethoxysilane,1185-55-3,14456,BFXIKLCIZHOAAZ-UHFFFAOYSA-N,C4H12O3Si,136.22,CO[Si](C)(OC)OC,confirmed_organic,organic_reagent,research,Telegram: minatajhiz,Iranian supplier Telegram catalogue,listed_not_current_stock_verified,https://t.me/minatajhiz/12,trimethoxy(methyl)silane,existing skill export,verified_catalogue,2026-08-23
trimethyl(trimethylsilyloxy)silane,Hexamethyldisiloxane,107-46-0,24764,UQEAIHBTYFGYIE-UHFFFAOYSA-N,C6H18OSi2,162.38,C[Si](C)(C)O[Si](C)(C)C,confirmed_organic,organic_reagent,,TamadKala,Iranian online wholesale/lab shop,product_page_listed_not_current_stock_verified,https://tamadkala.com/product/12414/%D9%87%DA%AF%D8%B2%D8%A7%D9%85%D8%AA%DB%8C%D9%84-%D8%AF%DB%8C-%D8%B3%DB%8C%D9%84%D9%88%DA%A9%D8%B3%D8%A7%D9%86,هگزامتیل دی سیلوکسان,router_title_normalization,verified_catalogue,2026-08-23
trioctylphosphane,Trioctylphosphine,,20851,RMZAYIKUYWXQPB-UHFFFAOYSA-N,C24H51P,370.6,CCCCCCCCP(CCCCCCCC)CCCCCCCC,confirmed_organic,organic_reagent,research,Telegram: minatajhiz,Iranian supplier Telegram catalogue,listed_not_current_stock_verified,https://t.me/minatajhiz/666,trioctylphosphane,existing skill export,verified_catalogue,2026-08-23
"tripotassium;2-hydroxypropane-1,2,3-tricarboxylate;hydrate",Potassium citrate,6132-04-3,2735208,PJAHUDTUZRZBKM-UHFFFAOYSA-K,C6H7K3O8,324.41,C(C(=O)[O-])C(CC(=O)[O-])(C(=O)[O-])O.O.[K+].[K+].[K+],confirmed_organic,organic_reagent,,DigiShimi | Fardad Shimi,Iranian online chemical shops | Iranian online lab-chemical shop,product_page_listed_not_current_stock_verified,https://digishimii.ir/Product/%d8%b3%db%8c%d8%aa%d8%b1%d8%a7%d8%aa-%d9%be%d8%aa%d8%a7%d8%b3%db%8c%d9%85/,سیترات پتاسیم | پتاسیم سیترات ۱ آبه DAE JUNG کره | ...,router_title_normalization,verified_catalogue,2026-08-23
"trisodium;2-hydroxypropane-1,2,3-tricarboxylate",Trisodium citrate,,6224,HRXKRNGNAMMEHJ-UHFFFAOYSA-K,C6H5Na3O7,258.07,C(C(=O)[O-])C(CC(=O)[O-])(C(=O)[O-])O.[Na+].[Na+].[Na+],confirmed_organic,organic_reagent,research,Isatis Shimi | TamadKala,Iranian online chemical shops | Iranian online wholesale/lab shop,product_page_listed_not_current_stock_verified,https://isatisshimi.com/en/product/trisodium-citrate/ | https://isatisshimi.com/product/%d8%aa%d8%b1%db%8c-%d8%b3%d8%af%db%8c%d9%85-%d8%b3%db%8c%d8%aa%d8%b1%d8%a7%d8%aa/,Trisodium Citrate | تری سدیم سیترات | تری سدیم سیترات 2 آبه laboratory دکتر مجللی | ...,router_title_normalization,verified_catalogue,2026-08-23
"trisodium;2-hydroxypropane-1,2,3-tricarboxylate;dihydrate",Trisodium citrate dihydrate,,71474,NLJMYIDDQXHKNR-UHFFFAOYSA-K,C6H9Na3O9,294.10,C(C(=O)[O-])C(CC(=O)[O-])(C(=O)[O-])O.O.O.[Na+].[Na+].[Na+],confirmed_organic,organic_reagent,research,TamadKala,Iranian online wholesale/lab shop,product_page_listed_not_current_stock_verified,,تری سدیم سیترات 2 آبه extra pure دکتر مجللی | ...,router_title_normalization,verified_catalogue,2026-08-23
"trisodium;3-hydroxy-4-[(2-hydroxy-4-sulfonatonaphthalen-1-yl)diazenyl]naphthalene-2,7-disulfonate",Hydroxy Naphthol Blue,63451-35-4,113232,AUIINJJXRXMPGT-UHFFFAOYSA-K,C20H11N2Na3O11S3,620.5,C1=CC=C2C(=C1)C(=CC(=C2N=NC3=C4C=CC(=CC4=CC(=C3O)S(=O)(=O)[O-])S(=O)(=O)[O-])O)S(=O)(=O)[O-].[Na+].[Na+].[Na+],confirmed_organic,colorant_or_indicator,,TamadKala,Iranian online wholesale/lab shop,product_page_listed_not_current_stock_verified,https://tamadkala.com/product/173616/%D9%87%DB%8C%D8%AF%D8%B1%D9%88%DA%A9%D8%B3%DB%8C-%D9%86%D9%81%D8%AA%D9%88%D9%84-%D8%A8%D9%84%D9%88-indicator-%D8%AF%DA%A9%D8%AA%D8%B1%D9%85%D8%AC%D9%84%D9%84%DB%8C,هیدروکسی نفتول بلو indicator دکترمجللی,router_title_normalization,verified_catalogue,2026-08-23
trisodium;5-oxo-1-(4-sulfonatophenyl)-4-[(4-sulfonatophenyl)diazenyl]-4H-pyrazole-3-carboxylate,Tartrazine,1934-21-0,164825,UJMBCXLDXJUMFB-UHFFFAOYSA-K,C16H9N4Na3O9S2,534.4,C1=CC(=CC=C1N=NC2C(=NN(C2=O)C3=CC=C(C=C3)S(=O)(=O)[O-])C(=O)[O-])S(=O)(=O)[O-].[Na+].[Na+].[Na+],confirmed_organic,colorant_or_indicator,,TamadKala,Iranian online research/chemical shop | Iranian online wholesale/lab shop,product_page_listed_not_current_stock_verified,https://tamadkala.com/product/57968/%D8%B1%D9%86%DA%AF-%D8%AE%D9%88%D8%B1%D8%A7%DA%A9%DB%8C-%D8%AA%D8%A7%D8%B1%D8%AA%D8%B1%D8%A7%D8%B2%DB%8C%D9%86%D8%B2%D8%B1%D8%AF,رنگ خوراکی تارترازین زرد | رنگ خوراکی تارترازینزرد,explicit_category_supplement | router_title_normalization,verified_catalogue,2026-08-23
urea,Urea,57-13-6,1176,XSQUKJJJFZCRTK-UHFFFAOYSA-N,CH4N2O,60.056,C(=O)(N)N,confirmed_organic,organic_reagent,research,DigiShimi | Fardad Shimi | Isatis Shimi | TamadKala | Telegram: Boof_company | Telegram: Ch_Chemical_leaders | Telegram: ChemIranSanat | Telegram: IranChemicals | Telegram: LabTel | Telegram: Maran_Tejarat_Eshen | Telegram: chemgroup | Telegram: jahaneshimicom,Iranian online chemical shops | Iranian online lab-chemical shop | Iranian online wholesale/lab shop | Iranian supplier Telegram catalogue,listed_not_current_stock_verified | product_page_listed_not_current_stock_verified,https://digishimii.ir/Product/%d8%a7%d9%88%d8%b1%d9%87/ | https://fardadshimi.com/product/6200695/ | https://isatisshimi.com/en/product/urea-2/ | https://t.me/Boof_company/19 | https://t.me/Boof_company/24 | https://t.me/Boof_company/25 | https://t.me/Boof_company/30 | https://t.me/Boof_company/35 | https://t.me/Boof_company/36 | https://t.me/Boof_company/47 | https://t.me/Boof_company/48 | https://t.me/Boof_company/56 | https://t.me/Boof_company/57 | https://t.me/Boof_company/64 | https://t.me/Ch_Chemical_leaders/151 | https://t.me/Ch_Chemical_leaders/158 | https://t.me/Ch_Chemical_leaders/166 | https://t.me/Ch_Chemical_leaders/173 | https://t.me/Ch_Chemical_leaders/177 | https://t.me/Ch_Chemical_leaders/180 | https://t.me/Ch_Chemical_leaders/184 | https://t.me/Ch_Chemical_leaders/188 | https://t.me/Ch_Chemical_leaders/208 | https://t.me/Ch_Chemical_leaders/211 | https://t.me/Ch_Chemical_leaders/219 | https://t.me/Ch_Chemical_leaders/233 | https://t.me/Ch_Chemical_leaders/235 | https://t.me/Ch_Chemical_leaders/239 | https://t.me/Ch_Chemical_leaders/241 | https://t.me/Ch_Chemical_leaders/243 | https://t.me/Ch_Chemical_leaders/246 | https://t.me/Ch_Chemical_leaders/248 | https://t.me/Ch_Chemical_leaders/291 | https://t.me/Ch_Chemical_leaders/422 | https://t.me/Ch_Chemical_leaders/466 | https://t.me/Ch_Chemical_leaders/483 | https://t.me/Ch_Chemical_leaders/63 | https://t.me/Ch_Chemical_leaders/64 | https://t.me/ChemIranSanat/1669 | https://t.me/IranChemicals/27665 | https://t.me/IranChemicals/27668 | https://t.me/IranChemicals/28201 | https://t.me/IranChemicals/28327 | https://t.me/IranChemicals/28643 | https://t.me/IranChemicals/28765 | https://t.me/IranChemicals/28780 | https://t.me/IranChemicals/28853 | https://t.me/IranChemicals/29197 | https://t.me/IranChemicals/29680 | https://t.me/IranChemicals/29724 | https://t.me/IranChemicals/29729 | https://t.me/IranChemicals/29742 | https://t.me/IranChemicals/29768 | https://t.me/IranChemicals/29789 | https://t.me/IranChemicals/30232 | https://t.me/IranChemicals/30555 | https://t.me/IranChemicals/30693 | https://t.me/IranChemicals/30717 | https://t.me/IranChemicals/30821 | https://t.me/IranChemicals/30947 | https://t.me/IranChemicals/31199 | https://t.me/IranChemicals/31684 | https://t.me/IranChemicals/31736 | https://t.me/LabTel/73204 | https://t.me/LabTel/73207 | https://t.me/LabTel/73284 | https://t.me/LabTel/73313 | https://t.me/LabTel/73376 | https://t.me/LabTel/73393 | https://t.me/LabTel/73492 | https://t.me/LabTel/73568 | https://t.me/LabTel/73673 | https://t.me/LabTel/73726 | https://t.me/LabTel/73727 | https://t.me/LabTel/73849 | https://t.me/LabTel/73867 | https://t.me/LabTel/73872 | https://t.me/LabTel/73976 | https://t.me/LabTel/74140 | https://t.me/LabTel/74146 | https://t.me/LabTel/74171 | https://t.me/LabTel/74199 | https://t.me/LabTel/74200 | https://t.me/LabTel/74206 | https://t.me/LabTel/74221 | https://t.me/LabTel/74264 | https://t.me/LabTel/74271 | https://t.me/LabTel/74280 | https://t.me/LabTel/74291 | https://t.me/LabTel/74334 | https://t.me/LabTel/74485 | https://t.me/LabTel/74508 | https://t.me/LabTel/74597 | https://t.me/LabTel/74607 | https://t.me/LabTel/74673 | https://t.me/LabTel/74814 | https://t.me/LabTel/74825 | https://t.me/LabTel/74830 | https://t.me/LabTel/74854 | https://t.me/LabTel/74863 | https://t.me/LabTel/74908 | https://t.me/LabTel/75047 | https://t.me/LabTel/75071 | https://t.me/LabTel/75115 | https://t.me/LabTel/75160 | https://t.me/LabTel/75186 | https://t.me/LabTel/75246 | https://t.me/LabTel/75348 | https://t.me/LabTel/75516 | https://t.me/LabTel/75556 | https://t.me/LabTel/75594 | https://t.me/LabTel/75659 | https://t.me/LabTel/75770 | https://t.me/LabTel/75932 | https://t.me/LabTel/76154 | https://t.me/LabTel/76200 | https://t.me/LabTel/76256 | https://t.me/LabTel/76302 | https://t.me/LabTel/76308 | https://t.me/LabTel/76365 | https://t.me/LabTel/76426 | https://t.me/LabTel/76535 | https://t.me/LabTel/76539 | https://t.me/LabTel/76583 | https://t.me/LabTel/76611 | https://t.me/LabTel/76639 | https://t.me/LabTel/76648 | https://t.me/LabTel/76659 | https://t.me/LabTel/76669 | https://t.me/LabTel/76708 | https://t.me/LabTel/76775 | https://t.me/LabTel/76801 | https://t.me/LabTel/76833 | https://t.me/LabTel/76874 | https://t.me/LabTel/76940 | https://t.me/LabTel/76962 | https://t.me/LabTel/77002 | https://t.me/LabTel/77150 | https://t.me/LabTel/77206 | https://t.me/LabTel/77244 | https://t.me/LabTel/77264 | https://t.me/LabTel/77274 | https://t.me/LabTel/77292 | https://t.me/LabTel/77311 | https://t.me/LabTel/77391 | https://t.me/LabTel/77402 | https://t.me/Maran_Tejarat_Eshen/567 | https://t.me/Maran_Tejarat_Eshen/569 | https://t.me/Maran_Tejarat_Eshen/590 | https://t.me/Maran_Tejarat_Eshen/591 | https://t.me/Maran_Tejarat_Eshen/592 | https://t.me/Maran_Tejarat_Eshen/607 | https://t.me/Maran_Tejarat_Eshen/614 | https://t.me/Maran_Tejarat_Eshen/615 | https://t.me/Maran_Tejarat_Eshen/644 | https://t.me/Maran_Tejarat_Eshen/645 | https://t.me/Maran_Tejarat_Eshen/646 | https://t.me/Maran_Tejarat_Eshen/649 | https://t.me/Maran_Tejarat_Eshen/653 | https://t.me/Maran_Tejarat_Eshen/655 | https://t.me/Maran_Tejarat_Eshen/656 | https://t.me/Maran_Tejarat_Eshen/657 | https://t.me/chemgroup/3550 | https://t.me/chemgroup/3600 | https://t.me/chemgroup/3936 | https://t.me/chemgroup/3960 | https://t.me/jahaneshimicom/60 | https://tamadkala.com/product/5628/%D9%81%D8%B1%D9%88%D8%B4-%D8%A7%D9%88%D8%B1%D9%87-2 | https://tamadkala.com/product/73015/%D8%A7%D9%88%D8%B1%D9%87-%D9%82%D8%B7%D8%B1%D8%A7%D9%86-%D8%B4%DB%8C%D9%85%DB%8C | https://tamadkala.com/product/76300/%D8%A7%D9%88%D8%B1%D9%87-%D8%AF%DA%A9%D8%AA%D8%B1-%D9%85%D8%AC%D9%84%D9%84%DB%8C,Urea | urea | اوره | اوره MERCK | ... | اوره دکتر مجللی | اوره قطران شیمی | اوره ۸۰۰ گرمی دکتر مجللی | فروش اوره 2,existing skill export | router_title_normalization,verified_catalogue,2026-08-23
zinc bis(octadecanoate),Zinc Stearate,557-05-1,11178,XOOUIPVCVHRTMJ-UHFFFAOYSA-L,C36H70O4Zn,632.3,CCCCCCCCCCCCCCCCCC(=O)[O-].CCCCCCCCCCCCCCCCCC(=O)[O-].[Zn+2],confirmed_organic,organic_reagent,research,Telegram: fanchem,Iranian supplier Telegram catalogue,listed_not_current_stock_verified,https://t.me/fanchem/115 | https://t.me/fanchem/152 | https://t.me/fanchem/154 | https://t.me/fanchem/156 | https://t.me/fanchem/202 | https://t.me/fanchem/277 | https://t.me/fanchem/336 | https://t.me/fanchem/352 | https://t.me/fanchem/378 | https://t.me/fanchem/397 | https://t.me/fanchem/413 | https://t.me/fanchem/427 | https://t.me/fanchem/456 | https://t.me/fanchem/97,zinc bis(octadecanoate),existing skill export,verified_catalogue,2026-08-23
zinc diacetate,Zinc Acetate,557-34-6,11192,DJWUNCQRNNEAKC-UHFFFAOYSA-L,C4H6O4Zn,183.5,CC(=O)[O-].CC(=O)[O-].[Zn+2],confirmed_organic,organic_reagent,research,Telegram: ChemIranSanat,Iranian supplier Telegram catalogue,listed_not_current_stock_verified,https://t.me/ChemIranSanat/1881 | https://t.me/ChemIranSanat/1882,zinc diacetate,existing skill export,verified_catalogue,2026-08-23
"(1S,3Z)-3-[(2E)-2-[(1R,3aS,7aR)-7a-methyl-1-[(2R)-6-methylheptan-2-yl]-2,3,3a,5,6,7-hexahydro-1H-inden-4-ylidene]ethylidene]-4-methylidenecyclohexan-1-ol",cholecalciferol,,5280795,QYSXJUFSXHHAJI-YRZJJWOYSA-N,C27H44O,384.6,C[C@H](CCCC(C)C)[C@H]1CC[C@@H]\2[C@@]1(CCC/C2=C\C=C/3\C[C@H](CCC3=C)O)C,confirmed_organic,vitamin,,Rooz Darou,Iranian pharmaceutical product catalogue,product_page_listed_not_current_stock_verified,http://rouzdarou.com/products/%DA%A9%D9%BE%D8%B3%D9%88%D9%84-%D9%88%DB%8C%D8%AA%D8%A7%D9%85%DB%8C%D9%86-%D8%AF-3,کپسول ویتامین د 3,PubChem name validation from supplier product title,verified_catalogue,2026-08-23
(3R)-3-hydroxy-4-(trimethylazaniumyl)butanoate,levocarnitine,,10917,PHIQHXFUZVPYII-ZCFIWIBFSA-N,C7H15NO3,161.20,C[N+](C)(C)C[C@@H](CC(=O)[O-])O,confirmed_organic,supplement_active,,Rooz Darou,Iranian pharmaceutical product catalogue,product_page_listed_not_current_stock_verified,http://rouzdarou.com/products/%D9%82%D8%B1%D8%B5-%D8%A7%D9%84-%DA%A9%D9%80%D8%A7%D8%B1%D9%86%D9%80%DB%8C%D8%AA%DB%8C%D9%86-1000-%D9%85%DB%8C%D9%84%DB%8C-%DA%AF%D8%B1%D9%85-%D8%B1%D8%B2%D8%A7%D9%88%DB%8C%D8%AA,قرص ال-کـارنـیتین 1000 میلی گرم رزاویت,PubChem name validation from supplier product title,verified_catalogue,2026-08-23
2-[4-(2-methylpropyl)phenyl]propanoic acid,ibuprofen,,3672,HEFNNWSXXWATRW-UHFFFAOYSA-N,C13H18O2,206.28,CC(C)CC1=CC=C(C=C1)C(C)C(=O)O,confirmed_organic,pharmaceutical_or_api,,Rooz Darou,Iranian pharmaceutical product catalogue,product_page_listed_not_current_stock_verified,http://rouzdarou.com/products/%DA%A9%D9%BE%D8%B3%D9%88%D9%84-%DA%98%D9%84%D8%A7%D8%AA%DB%8C%D9%86%DB%8C-%D9%86%D8%B1%D9%85-%D8%A7%DB%8C%D9%80%D9%80%D8%A8%D9%88%D9%81%D9%80%DB%8C%D9%86-400,کپسول ژلاتینی نرم ایــبوفـین 400,PubChem name validation from supplier product title,verified_catalogue,2026-08-23
N-[2-(5-methoxy-1H-indol-3-yl)ethyl]acetamide,melatonin,,896,DRLFMBDRBRZALE-UHFFFAOYSA-N,C13H16N2O2,232.28,CC(=O)NCCC1=CNC2=C1C=C(C=C2)OC,confirmed_organic,supplement_active,,Rooz Darou,Iranian pharmaceutical product catalogue,product_page_listed_not_current_stock_verified,http://rouzdarou.com/products/%D9%82%D8%B1%D8%B5-%D9%85%D9%84%D8%A7%D8%AA%D9%88%D9%86%DB%8C%D9%86-3-%D9%85%DB%8C%D9%84%DB%8C-%DA%AF%D8%B1%D9%85-%D8%A7%D9%84-%D8%AA%D8%A6%D8%A7%D9%86%DB%8C%D9%86-%D8%B1%D8%B2%D8%A7%D9%88%DB%8C%D8%AA,قرص ملاتونین 3 میلی گرم + ال تئانین رزاویت,PubChem name validation from supplier product title,verified_catalogue,2026-08-23
"2-butan-2-yl-4-[4-[4-[4-[[(2R,4S)-2-(2,4-dichlorophenyl)-2-(1,2,4-triazol-1-ylmethyl)-1,3-dioxolan-4-yl]methoxy]phenyl]piperazin-1-yl]phenyl]-1,2,4-triazol-3-one",itraconazole,,55283,VHVPQPYKVGDNFY-ZPGVKDDISA-N,C35H38Cl2N8O4,705.6,CCC(C)N1C(=O)N(C=N1)C2=CC=C(C=C2)N3CCN(CC3)C4=CC=C(C=C4)OC[C@H]5CO[C@](O5)(CN6C=NC=N6)C7=C(C=C(C=C7)Cl)Cl,confirmed_organic,pharmaceutical_or_api,,Rooz Darou,Iranian pharmaceutical product catalogue,product_page_listed_not_current_stock_verified,http://rouzdarou.com/products/%DA%A9%D9%BE%D8%B3%D9%88%D9%84-%D8%A7%DB%8C%D8%AA%D8%B1%D8%A7%DA%A9%D9%88%D9%86%D8%A7%D8%B2%D9%88%D9%84,کپسول ایتراکونازول,PubChem name validation from supplier product title,verified_catalogue,2026-08-23
"1-[4-[4-[[(2S,4R)-2-(2,4-dichlorophenyl)-2-(imidazol-1-ylmethyl)-1,3-dioxolan-4-yl]methoxy]phenyl]piperazin-1-yl]ethanone",ketoconazole,,47576,XMAYWYJOQHXEEK-ZEQKJWHPSA-N,C26H28Cl2N4O4,531.4,CC(=O)N1CCN(CC1)C2=CC=C(C=C2)OC[C@@H]3CO[C@@](O3)(CN4C=CN=C4)C5=C(C=C(C=C5)Cl)Cl,confirmed_organic,pharmaceutical_or_api,,Rooz Darou,Iranian pharmaceutical product catalogue,product_page_listed_not_current_stock_verified,http://rouzdarou.com/products/%DA%A9%D8%AA%D9%88%DA%A9%D9%88%D9%86%D9%80%D9%80%D9%80%D8%A7%D8%B2%D9%88%D9%84-200,کتوکونـــازول 200,PubChem name validation from supplier product title,verified_catalogue,2026-08-23
"6-(2,3-dichlorophenyl)-1,2,4-triazine-3,5-diamine",lamotrigine,,3878,PYZRQGJRPPTADH-UHFFFAOYSA-N,C9H7Cl2N5,256.09,C1=CC(=C(C(=C1)Cl)Cl)C2=C(N=C(N=N2)N)N,confirmed_organic,pharmaceutical_or_api,,Rooz Darou,Iranian pharmaceutical product catalogue,product_page_listed_not_current_stock_verified,http://rouzdarou.com/products/%D9%82%D8%B1%D8%B5-%D9%84%D8%A7%D9%85%D9%88%D8%AA%D8%B1%DB%8C%DA%98%DB%8C%D9%86-100,قرص لاموتریژین 100,PubChem name validation from supplier product title,verified_catalogue,2026-08-23
"6-methoxy-2-[(4-methoxy-3,5-dimethyl-2-pyridinyl)methylsulfinyl]-1H-benzimidazole",omeprazole,,4594,SUBDBMMJDZJVOS-UHFFFAOYSA-N,C17H19N3O3S,345.4,CC1=CN=C(C(=C1OC)C)CS(=O)C2=NC3=C(N2)C=C(C=C3)OC,confirmed_organic,pharmaceutical_or_api,,Rooz Darou,Iranian pharmaceutical product catalogue,product_page_listed_not_current_stock_verified,http://rouzdarou.com/products/%DA%A9%D9%BE%D8%B3%D9%88%D9%84-%D8%B1%D8%B2%D8%A7%D9%BE%D8%B1%D8%A7%D8%B2%D9%88%D9%84-20,کپسول رزاپرازول 20,PubChem name validation from supplier product title,verified_catalogue,2026-08-23
"(2S)-7-fluoro-2-methyl-6-(4-methylpiperazin-1-yl)-10-oxo-4-oxa-1-azatricyclo[7.3.1.05,13]trideca-5(13),6,8,11-tetraene-11-carboxylic acid",levofloxacin,,149096,GSDSWSVVBLHKDQ-JTQLQIEISA-N,C18H20FN3O4,361.4,C[C@H]1COC2=C3N1C=C(C(=O)C3=CC(=C2N4CCN(CC4)C)F)C(=O)O,confirmed_organic,pharmaceutical_or_api,,Rooz Darou,Iranian pharmaceutical product catalogue,product_page_listed_not_current_stock_verified,http://rouzdarou.com/products/%D9%82%D8%B1%D8%B5-%D9%84%D9%88%D9%88%D9%81%D9%84%D9%88%DA%A9%D8%B3%D8%A7%D8%B3%DB%8C%D9%86-500,قرص لووفلوکساسین 500,PubChem name validation from supplier product title,verified_catalogue,2026-08-23
"(2R,3S,4R,5R,8R,10R,11R,12S,13S,14R)-11-[(2S,3R,4S,6R)-4-(dimethylamino)-3-hydroxy-6-methyloxan-2-yl]oxy-2-ethyl-3,4,10-trihydroxy-13-[(2R,4R,5S,6S)-5-hydroxy-4-methoxy-4,6-dimethyloxan-2-yl]oxy-3,5,6,8,10,12,14-heptamethyl-1-oxa-6-azacyclopentadecan-15-one",azithromycin,,447043,MQTOSJVFKKJCRP-BICOPXKESA-N,C38H72N2O12,749.0,CC[C@@H]1[C@@]([C@@H]([C@H](N(C[C@@H](C[C@@]([C@@H]([C@H]([C@@H]([C@H](C(=O)O1)C)O[C@H]2C[C@@]([C@H]([C@@H](O2)C)O)(C)OC)C)O[C@H]3[C@@H]([C@H](C[C@H](O3)C)N(C)C)O)(C)O)C)C)C)O)(C)O,confirmed_organic,pharmaceutical_or_api,,Rooz Darou,Iranian pharmaceutical product catalogue,product_page_listed_not_current_stock_verified,http://rouzdarou.com/products/%D9%82%D8%B1%D8%B5-%D8%A2%D8%B2%DB%8C%D8%AA%D8%B1%D9%88%D9%85%D8%A7%DB%8C%D8%B3%DB%8C%D9%86-250,قرص آزیترومایسین 250,PubChem name validation from supplier product title,verified_catalogue,2026-08-23
"2-(3,4-dimethoxyphenyl)-5-[2-(3,4-dimethoxyphenyl)ethyl-methylamino]-2-propan-2-ylpentanenitrile",verapamil,,2520,SGTNSNPWRIOYBX-UHFFFAOYSA-N,C27H38N2O4,454.6,CC(C)C(CCCN(C)CCC1=CC(=C(C=C1)OC)OC)(C#N)C2=CC(=C(C=C2)OC)OC,confirmed_organic,pharmaceutical_or_api,,Rooz Darou,Iranian pharmaceutical product catalogue,product_page_listed_not_current_stock_verified,http://rouzdarou.com/products/%D9%82%D8%B1%D8%B5-%D9%88%D8%B1%D8%A7%D9%BE%D8%A7%D9%85%DB%8C%D9%84-40,قرص وراپامیل 40,PubChem name validation from supplier product title,verified_catalogue,2026-08-23
1-[2-(dimethylamino)-1-(4-methoxyphenyl)ethyl]cyclohexan-1-ol,venlafaxine,,5656,PNVNVHUZROJLTJ-UHFFFAOYSA-N,C17H27NO2,277.4,CN(C)CC(C1=CC=C(C=C1)OC)C2(CCCCC2)O,confirmed_organic,pharmaceutical_or_api,,Rooz Darou,Iranian pharmaceutical product catalogue,product_page_listed_not_current_stock_verified,http://rouzdarou.com/products/%DA%A9%D9%BE%D8%B3%D9%88%D9%84-%D9%88%D9%86%D9%84%D8%A7%D9%81%D8%A7%DA%A9%D8%B3%DB%8C%D9%86-75,کپسول ونلافاکسین 75,PubChem name validation from supplier product title,verified_catalogue,2026-08-23
sodium 2-propylpentanoate,sodium valproate,,16760703,AEQFSUDEHCCHBT-UHFFFAOYSA-M,C8H15NaO2,166.19,CCCC(CCC)C(=O)[O-].[Na+],confirmed_organic,pharmaceutical_or_api,,Rooz Darou,Iranian pharmaceutical product catalogue,product_page_listed_not_current_stock_verified,http://rouzdarou.com/products/%D9%82%D8%B1%D8%B5-%D9%88%D8%A7%D9%84%D9%BE%D8%B1%D9%88%D8%A7%D8%AA-%D8%B3%D8%AF%DB%8C%D9%85-200,قرص والپروات سدیم 200,PubChem name validation from supplier product title,verified_catalogue,2026-08-23
"(2R,8R)-2-(1,3-benzodioxol-5-yl)-6-methyl-3,6,17-triazatetracyclo[8.7.0.03,8.011,16]heptadeca-1(10),11,13,15-tetraene-4,7-dione",tadalafil,,110635,WOXKDUGGOYFFRN-IIBYNOLFSA-N,C22H19N3O4,389.4,CN1CC(=O)N2[C@@H](C1=O)CC3=C([C@H]2C4=CC5=C(C=C4)OCO5)NC6=CC=CC=C36,confirmed_organic,pharmaceutical_or_api,,Rooz Darou,Iranian pharmaceutical product catalogue,product_page_listed_not_current_stock_verified,http://rouzdarou.com/products/%D9%82%D8%B1%D8%B5-%D8%AA%D8%A7%D8%AF%D8%A7%D9%84%D8%A7%D9%81%DB%8C%D9%84-20-%D8%AA%D8%A7%D8%AF%D8%A7%D8%B1%DA%A9%D8%AA%DB%8C%D9%84,قرص تادالافیل 20 ( تادارکتیل ),PubChem name validation from supplier product title,verified_catalogue,2026-08-23
"5-[2-ethoxy-5-(4-methylpiperazin-1-yl)sulfonylphenyl]-1-methyl-3-propyl-6H-pyrazolo[4,5-d]pyrimidin-7-one",sildenafil,,135398744,BNRNXUUZRGQAQC-UHFFFAOYSA-N,C22H30N6O4S,474.6,CCCC1=NN(C2=C1N=C(NC2=O)C3=C(C=CC(=C3)S(=O)(=O)N4CCN(CC4)C)OCC)C,confirmed_organic,pharmaceutical_or_api,,Rooz Darou,Iranian pharmaceutical product catalogue,product_page_listed_not_current_stock_verified,http://rouzdarou.com/products/%D9%82%D8%B1%D8%B5-%D8%B3%DB%8C%D9%84%D8%AF%D9%86%D8%A7%D9%81%DB%8C%D9%84-100,قرص سیلدنافیل 100,PubChem name validation from supplier product title,verified_catalogue,2026-08-23
"(1S,4S)-4-(3,4-dichlorophenyl)-N-methyl-1,2,3,4-tetrahydronaphthalen-1-amine",sertraline,,68617,VGKDLMBJGBXTGI-SJCJKPOMSA-N,C17H17Cl2N,306.2,CN[C@H]1CC[C@H](C2=CC=CC=C12)C3=CC(=C(C=C3)Cl)Cl,confirmed_organic,pharmaceutical_or_api,,Rooz Darou,Iranian pharmaceutical product catalogue,product_page_listed_not_current_stock_verified,http://rouzdarou.com/products/%D9%82%D8%B1%D8%B5-%D8%B3%D8%B1%D8%AA%D8%B1%D8%A7%D9%84%D9%8A%D9%86-50,قرص سرترالين 50,PubChem name validation from supplier product title,verified_catalogue,2026-08-23
"3-[2-[4-(6-fluoro-1,2-benzoxazol-3-yl)piperidin-1-yl]ethyl]-2-methyl-6,7,8,9-tetrahydropyrido[1,2-a]pyrimidin-4-one",risperidone,,5073,RAPZEAPATHNIPO-UHFFFAOYSA-N,C23H27FN4O2,410.5,CC1=C(C(=O)N2CCCCC2=N1)CCN3CCC(CC3)C4=NOC5=C4C=CC(=C5)F,confirmed_organic,pharmaceutical_or_api,,Rooz Darou,Iranian pharmaceutical product catalogue,product_page_listed_not_current_stock_verified,http://rouzdarou.com/products/%D9%82%D8%B1%D8%B5-%D8%B1%DB%8C%D8%B3%D9%BE%D8%B1%DB%8C%D8%AF%D9%88%D9%86-4,قرص ریسپریدون 4,PubChem name validation from supplier product title,verified_catalogue,2026-08-23
"(E)-1-N'-[2-[[5-[(dimethylamino)methyl]furan-2-yl]methylsulfanyl]ethyl]-1-N-methyl-2-nitroethene-1,1-diamine",ranitidine,,3001055,VMXUWOKSQNHOCA-UKTHLTGXSA-N,C13H22N4O3S,314.41,CN/C(=C\[N+](=O)[O-])/NCCSCC1=CC=C(O1)CN(C)C,confirmed_organic,pharmaceutical_or_api,,Rooz Darou,Iranian pharmaceutical product catalogue,product_page_listed_not_current_stock_verified,http://rouzdarou.com/products/%D9%82%D8%B1%D8%B5-%D8%B1%D8%A7%D9%86%DB%8C%D8%AA%DB%8C%D8%AF%DB%8C%D9%86-150,قرص رانیتیدین 150,PubChem name validation from supplier product title,verified_catalogue,2026-08-23
1-naphthalen-1-yloxy-3-(propan-2-ylamino)propan-2-ol,propranolol,,4946,AQHHHDLHHXJYJD-UHFFFAOYSA-N,C16H21NO2,259.34,CC(C)NCC(COC1=CC=CC2=CC=CC=C21)O,confirmed_organic,pharmaceutical_or_api,,Rooz Darou,Iranian pharmaceutical product catalogue,product_page_listed_not_current_stock_verified,http://rouzdarou.com/products/%D9%82%D8%B1%D8%B5-%D9%BE%D8%B1%D9%88%D9%BE%D8%B1%D8%A7%D9%86%D9%88%D9%84%D9%88%D9%84-40,قرص پروپرانولول 40,PubChem name validation from supplier product title,verified_catalogue,2026-08-23
"6-(difluoromethoxy)-2-[(3,4-dimethoxy-2-pyridinyl)methylsulfinyl]-1H-benzimidazole",pantoprazole,,4679,IQPSEEYGBUAQFF-UHFFFAOYSA-N,C16H15F2N3O4S,383.4,COC1=C(C(=NC=C1)CS(=O)C2=NC3=C(N2)C=C(C=C3)OC(F)F)OC,confirmed_organic,pharmaceutical_or_api,,Rooz Darou,Iranian pharmaceutical product catalogue,product_page_listed_not_current_stock_verified,http://rouzdarou.com/products/%D9%82%D8%B1%D8%B5-%D9%BE%D9%86%D8%AA%D9%88%D9%BE%D8%B1%D8%A7%D8%B2%D9%88%D9%84-20,قرص پنتوپرازول 20,PubChem name validation from supplier product title,verified_catalogue,2026-08-23
"2-methyl-4-(4-methylpiperazin-1-yl)-10H-thieno[2,3-b][1,5]benzodiazepine",olanzapine,,135398745,KVWDHTXUZHCGIO-UHFFFAOYSA-N,C17H20N4S,312.4,CC1=CC2=C(S1)NC3=CC=CC=C3N=C2N4CCN(CC4)C,confirmed_organic,pharmaceutical_or_api,,Rooz Darou,Iranian pharmaceutical product catalogue,product_page_listed_not_current_stock_verified,http://rouzdarou.com/products/%D9%82%D8%B1%D8%B5-%D8%A7%D9%84%D8%A7%D9%86%D8%B2%D8%A7%D9%BE%DB%8C%D9%86-5,قرص الانزاپین 5,PubChem name validation from supplier product title,verified_catalogue,2026-08-23
"7-fluoro-2-methyl-6-(4-methylpiperazin-1-yl)-10-oxo-4-oxa-1-azatricyclo[7.3.1.05,13]trideca-5(13),6,8,11-tetraene-11-carboxylic acid",ofloxacin,,4583,GSDSWSVVBLHKDQ-UHFFFAOYSA-N,C18H20FN3O4,361.4,CC1COC2=C3N1C=C(C(=O)C3=CC(=C2N4CCN(CC4)C)F)C(=O)O,confirmed_organic,pharmaceutical_or_api,,Rooz Darou,Iranian pharmaceutical product catalogue,product_page_listed_not_current_stock_verified,http://rouzdarou.com/products/%D9%82%D8%B1%D8%B5-%D8%A7%D9%81%D9%84%D9%88%DA%A9%D8%B3%D8%A7%D8%B3%DB%8C%D9%86-300,قرص افلوکساسین 300,PubChem name validation from supplier product title,verified_catalogue,2026-08-23
"N-methyl-3-(2-tricyclo[9.4.0.03,8]pentadeca-1(15),3,5,7,11,13-hexaenylidene)propan-1-amine",nortriptyline,,4543,PHVGLTMQBUFIQQ-UHFFFAOYSA-N,C19H21N,263.4,CNCCC=C1C2=CC=CC=C2CCC3=CC=CC=C31,confirmed_organic,pharmaceutical_or_api,,Rooz Darou,Iranian pharmaceutical product catalogue,product_page_listed_not_current_stock_verified,http://rouzdarou.com/products/%D9%82%D8%B1%D8%B5-%D9%86%D9%88%D8%B1%D8%AA%D8%B1%DB%8C%D9%BE%D8%AA%DB%8C%D9%84%DB%8C%D9%86-10,قرص نورتریپتیلین 10,PubChem name validation from supplier product title,verified_catalogue,2026-08-23
(2S)-2-(6-methoxynaphthalen-2-yl)propanoic acid,naproxen,,156391,CMWTZPSULFXXJA-VIFPVBQESA-N,C14H14O3,230.26,C[C@@H](C1=CC2=C(C=C1)C=C(C=C2)OC)C(=O)O,confirmed_organic,pharmaceutical_or_api,,Rooz Darou,Iranian pharmaceutical product catalogue,product_page_listed_not_current_stock_verified,http://rouzdarou.com/products/%D9%82%D8%B1%D8%B5-%D9%86%D8%A7%D9%BE%D8%B1%D9%88%DA%A9%D8%B3%D9%86-500,قرص ناپروکسن 500,PubChem name validation from supplier product title,verified_catalogue,2026-08-23
"1-ethyl-7-methyl-4-oxo-1,8-naphthyridine-3-carboxylic acid",nalidixic acid,,4421,MHWLWQUZZRMNGJ-UHFFFAOYSA-N,C12H12N2O3,232.23,CCN1C=C(C(=O)C2=C1N=C(C=C2)C)C(=O)O,confirmed_organic,pharmaceutical_or_api,,Rooz Darou,Iranian pharmaceutical product catalogue,product_page_listed_not_current_stock_verified,http://rouzdarou.com/products/%D9%82%D8%B1%D8%B5-%D9%86%D8%A7%D9%84%DB%8C%D8%AF%DB%8C%DA%A9%D8%B3%DB%8C%DA%A9-%D8%A7%D8%B3%DB%8C%D8%AF-500,قرص نالیدیکسیک اسید 500,PubChem name validation from supplier product title,verified_catalogue,2026-08-23
"3,5-dimethyladamantan-1-amine",memantine,,4054,BUGYDGFZZOZRHP-UHFFFAOYSA-N,C12H21N,179.30,CC12CC3CC(C1)(CC(C3)(C2)N)C,confirmed_organic,pharmaceutical_or_api,,Rooz Darou,Iranian pharmaceutical product catalogue,product_page_listed_not_current_stock_verified,http://rouzdarou.com/products/%D9%85%D9%85%D8%A7%D9%86%D8%AA%DB%8C%D9%86-%D9%85%D9%85%D9%88%DA%A9%D8%B3%D8%A7-5,ممانتین ( مموکسا ) 5,PubChem name validation from supplier product title,verified_catalogue,2026-08-23
"2-(2,3-dimethylanilino)benzoic acid",mefenamic acid,,4044,HYYBABOKPJLUIN-UHFFFAOYSA-N,C15H15NO2,241.28,CC1=C(C(=CC=C1)NC2=CC=CC=C2C(=O)O)C,confirmed_organic,pharmaceutical_or_api,,Rooz Darou,Iranian pharmaceutical product catalogue,product_page_listed_not_current_stock_verified,http://rouzdarou.com/products/%D9%83%D9%BE%D8%B3%D9%88%D9%84-%D9%85%D9%81%D9%86%D8%A7%D9%85%DB%8C%DA%A9-%D8%A7%D8%B3%DB%8C%D8%AF-250,كپسول مفنامیک اسید 250,PubChem name validation from supplier product title,verified_catalogue,2026-08-23
methyl N-(6-benzoyl-1H-benzimidazol-2-yl)carbamate,mebendazole,,4030,OPXLLQIJSORQAM-UHFFFAOYSA-N,C16H13N3O3,295.29,COC(=O)NC1=NC2=C(N1)C=C(C=C2)C(=O)C3=CC=CC=C3,confirmed_organic,pharmaceutical_or_api,,Rooz Darou,Iranian pharmaceutical product catalogue,product_page_listed_not_current_stock_verified,http://rouzdarou.com/products/%D9%82%D8%B1%D8%B5-%D9%85%D8%A8%D9%86%D8%AF%D8%A7%D8%B2%D9%88%D9%84-100,قرص مبندازول 100,PubChem name validation from supplier product title,verified_catalogue,2026-08-23
"(6S)-6-phenyl-2,3,5,6-tetrahydroimidazo[2,1-b][1,3]thiazole",levamisole,,26879,HLFSDGLLUJUHTE-SNVBAGLBSA-N,C11H12N2S,204.29,C1CSC2=N[C@H](CN21)C3=CC=CC=C3,confirmed_organic,pharmaceutical_or_api,,Rooz Darou,Iranian pharmaceutical product catalogue,product_page_listed_not_current_stock_verified,http://rouzdarou.com/products/%D9%82%D8%B1%D8%B5-%D9%84%D9%88%D8%A7%D9%85%DB%8C%D8%B2%D9%88%D9%84-50,قرص لوامیزول 50,PubChem name validation from supplier product title,verified_catalogue,2026-08-23
2-[4-[(7-chloroquinolin-4-yl)amino]pentyl-ethylamino]ethanol,hydroxychloroquine,,3652,XXSMGPRMXLTPCZ-UHFFFAOYSA-N,C18H26ClN3O,335.9,CCN(CCCC(C)NC1=C2C=CC(=CC2=NC=C1)Cl)CCO,confirmed_organic,pharmaceutical_or_api,,Rooz Darou,Iranian pharmaceutical product catalogue,product_page_listed_not_current_stock_verified,http://rouzdarou.com/products/%D9%87%DB%8C%D8%AF%D8%B1%D9%88%DA%A9%D8%B3%DB%8C-%DA%A9%D9%84%D8%B1%D9%88%DA%A9%DB%8C%D9%86-%D8%B3%D9%88%D9%84%D9%81%D8%A7%D8%AA-200,هیدروکسی کلروکین سولفات 200,PubChem name validation from supplier product title,verified_catalogue,2026-08-23
"5-(2,5-dimethylphenoxy)-2,2-dimethylpentanoic acid",gemfibrozil,,3463,HEMJJKBWTPKOJG-UHFFFAOYSA-N,C15H22O3,250.33,CC1=CC(=C(C=C1)C)OCCCC(C)(C)C(=O)O,confirmed_organic,pharmaceutical_or_api,,Rooz Darou,Iranian pharmaceutical product catalogue,product_page_listed_not_current_stock_verified,http://rouzdarou.com/products/%D9%83%D9%BE%D8%B3%D9%88%D9%84-%D8%AC%D9%85-%D9%81%DB%8C%D8%A8%D8%B1%D9%88%D8%B2%DB%8C%D9%84-300,كپسول جم فیبروزیل 300,PubChem name validation from supplier product title,verified_catalogue,2026-08-23
(2S)-2-[[4-[(2-amino-4-oxo-3H-pteridin-6-yl)methylamino]benzoyl]amino]pentanedioic acid,folic acid,,135398658,OVBPIULPVIDEAO-LBPRGKRZSA-N,C19H19N7O6,441.4,C1=CC(=CC=C1C(=O)N[C@@H](CCC(=O)O)C(=O)O)NCC2=CN=C3C(=N2)C(=O)NC(=N3)N,confirmed_organic,vitamin,,Rooz Darou,Iranian pharmaceutical product catalogue,product_page_listed_not_current_stock_verified,http://rouzdarou.com/products/%D9%82%D8%B1%D8%B5-%D9%81%D9%88%D9%84%D9%8A%D9%83%D9%88%D9%81%D8%B1-%D8%A2%D9%87%D9%86-%D9%81%D9%88%D9%84%DB%8C%DA%A9-%D8%A7%D8%B3%DB%8C%D8%AF,قرص فوليكوفر ( آهن / فولیک اسید ),PubChem name validation from supplier product title,verified_catalogue,2026-08-23
"2-(2,4-difluorophenyl)-1,3-bis(1,2,4-triazol-1-yl)propan-2-ol",fluconazole,,3365,RFHAOTPXVQNOHP-UHFFFAOYSA-N,C13H12F2N6O,306.27,C1=CC(=C(C=C1F)F)C(CN2C=NC=N2)(CN3C=NC=N3)O,confirmed_organic,pharmaceutical_or_api,,Rooz Darou,Iranian pharmaceutical product catalogue,product_page_listed_not_current_stock_verified,http://rouzdarou.com/products/%D9%83%D9%BE%D8%B3%D9%88%D9%84-%D9%81%D9%84%D9%88%DA%A9%D9%88%D9%86%D8%A7%D8%B2%D9%88%D9%84-100,كپسول فلوکونازول 100,PubChem name validation from supplier product title,verified_catalogue,2026-08-23
"(3R,4S,5S,6R,7R,9R,11R,12R,13S,14R)-6-[(2S,3R,4S,6R)-4-(dimethylamino)-3-hydroxy-6-methyloxan-2-yl]oxy-14-ethyl-7,12,13-trihydroxy-4-[(2R,4R,5S,6S)-5-hydroxy-4-methoxy-4,6-dimethyloxan-2-yl]oxy-3,5,7,9,11,13-hexamethyl-oxacyclotetradecane-2,10-dione",erythromycin,,12560,ULGZDMOVFRHVEP-RWJQBGPGSA-N,C37H67NO13,733.9,CC[C@@H]1[C@@]([C@@H]([C@H](C(=O)[C@@H](C[C@@]([C@@H]([C@H]([C@@H]([C@H](C(=O)O1)C)O[C@H]2C[C@@]([C@H]([C@@H](O2)C)O)(C)OC)C)O[C@H]3[C@@H]([C@H](C[C@H](O3)C)N(C)C)O)(C)O)C)C)O)(C)O,confirmed_organic,pharmaceutical_or_api,,Rooz Darou,Iranian pharmaceutical product catalogue,product_page_listed_not_current_stock_verified,http://rouzdarou.com/products/%D9%82%D8%B1%D8%B5-%D8%A7%D8%B1%DB%8C%D8%AA%D8%B1%D9%88%D9%85%D8%A7%DB%8C%D8%B3%DB%8C%D9%86-200,قرص اریترومایسین 200,PubChem name validation from supplier product title,verified_catalogue,2026-08-23
(2S)-1-[(2S)-2-[[(2S)-1-ethoxy-1-oxo-4-phenylbutan-2-yl]amino]propanoyl]pyrrolidine-2-carboxylic acid,enalapril,,5388962,GBXSMTUPTTWBMN-XIRDDKMYSA-N,C20H28N2O5,376.4,CCOC(=O)[C@H](CCC1=CC=CC=C1)N[C@@H](C)C(=O)N2CCC[C@H]2C(=O)O,confirmed_organic,pharmaceutical_or_api,,Rooz Darou,Iranian pharmaceutical product catalogue,product_page_listed_not_current_stock_verified,http://rouzdarou.com/products/%D9%82%D8%B1%D8%B5-%D8%A7%D9%86%D8%A7%D9%84%D8%A7%D9%BE%D8%B1%DB%8C%D9%84-20,قرص انالاپریل 20,PubChem name validation from supplier product title,verified_catalogue,2026-08-23
6-chloro-3-[1-[3-(2-oxo-3H-benzimidazol-1-yl)propyl]piperidin-4-yl]-1H-benzimidazol-2-one,domperidone,,3151,FGXWKSZFVQUSTL-UHFFFAOYSA-N,C22H24ClN5O2,425.9,C1CN(CCC1N2C3=C(C=C(C=C3)Cl)NC2=O)CCCN4C5=CC=CC=C5NC4=O,confirmed_organic,pharmaceutical_or_api,,Rooz Darou,Iranian pharmaceutical product catalogue,product_page_listed_not_current_stock_verified,http://rouzdarou.com/products/%D9%82%D8%B1%D8%B5-%D8%AF%D9%85%D9%BE%D8%B1%DB%8C%D8%AF%D9%88%D9%86-10,قرص دمپریدون 10,PubChem name validation from supplier product title,verified_catalogue,2026-08-23
sodium;2-propylpentanoate;2-propylpentanoic acid,divalproex sodium,,23663956,MSRILKIQRXUYCT-UHFFFAOYSA-M,C16H31NaO4,310.40,CCCC(CCC)C(=O)O.CCCC(CCC)C(=O)[O-].[Na+],confirmed_organic,pharmaceutical_or_api,,Rooz Darou,Iranian pharmaceutical product catalogue,product_page_listed_not_current_stock_verified,http://rouzdarou.com/products/%D9%82%D8%B1%D8%B5-%D8%AF%DB%8C-%D9%88%D8%A7%D9%84%D9%BE%D8%B1%D9%88%D8%A6%DA%A9%D8%B3-500,قرص دی والپروئکس 500,PubChem name validation from supplier product title,verified_catalogue,2026-08-23
"(3R,4S,5S,6R,7R,9R,11R,12R,13S,14R)-6-[(2S,3R,4S,6R)-4-(dimethylamino)-3-hydroxy-6-methyloxan-2-yl]oxy-14-ethyl-12,13-dihydroxy-4-[(2R,4R,5S,6S)-5-hydroxy-4-methoxy-4,6-dimethyloxan-2-yl]oxy-7-methoxy-3,5,7,9,11,13-hexamethyl-oxacyclotetradecane-2,10-dione",clarithromycin,,84029,AGOYDEPGAOXOCK-KCBOHYOISA-N,C38H69NO13,748.0,CC[C@@H]1[C@@]([C@@H]([C@H](C(=O)[C@@H](C[C@@]([C@@H]([C@H]([C@@H]([C@H](C(=O)O1)C)O[C@H]2C[C@@]([C@H]([C@@H](O2)C)O)(C)OC)C)O[C@H]3[C@@H]([C@H](C[C@H](O3)C)N(C)C)O)(C)OC)C)C)O)(C)O,confirmed_organic,pharmaceutical_or_api,,Rooz Darou,Iranian pharmaceutical product catalogue,product_page_listed_not_current_stock_verified,http://rouzdarou.com/products/%D9%82%D8%B1%D8%B5-%DA%A9%D9%84%D8%A7%D8%B1%DB%8C%D8%AA%D8%B1%D9%88%D9%85%D8%A7%DB%8C%D8%B3%DB%8C%D9%86-500,قرص کلاریترومایسین 500,PubChem name validation from supplier product title,verified_catalogue,2026-08-23
1-cyclopropyl-6-fluoro-4-oxo-7-piperazin-1-ylquinoline-3-carboxylic acid,ciprofloxacin,,2764,MYSWGUAQZAJSOK-UHFFFAOYSA-N,C17H18FN3O3,331.34,C1CC1N2C=C(C(=O)C3=CC(=C(C=C32)N4CCNCC4)F)C(=O)O,confirmed_organic,pharmaceutical_or_api,,Rooz Darou,Iranian pharmaceutical product catalogue,product_page_listed_not_current_stock_verified,http://rouzdarou.com/products/%D9%82%D8%B1%D8%B5-%D8%B3%DB%8C%D9%BE%D8%B1%D9%88%D9%81%D9%84%D9%88%DA%A9%D8%B3%D8%A7%D8%B3%DB%8C%D9%86-500,قرص سیپروفلوکساسین 500,PubChem name validation from supplier product title,verified_catalogue,2026-08-23
4-[5-(4-methylphenyl)-3-(trifluoromethyl)pyrazol-1-yl]benzenesulfonamide,celecoxib,,2662,RZEKVGVHFLEQIL-UHFFFAOYSA-N,C17H14F3N3O2S,381.4,CC1=CC=C(C=C1)C2=CC(=NN2C3=CC=C(C=C3)S(=O)(=O)N)C(F)(F)F,confirmed_organic,pharmaceutical_or_api,,Rooz Darou,Iranian pharmaceutical product catalogue,product_page_listed_not_current_stock_verified,http://rouzdarou.com/products/%D9%83%D9%BE%D8%B3%D9%88%D9%84-%D8%B3%D9%84%DA%A9%D9%88%DA%A9%D8%B3%DB%8C%D8%A8-100,كپسول سلکوکسیب 100,PubChem name validation from supplier product title,verified_catalogue,2026-08-23
benzo[b][1]benzazepine-11-carboxamide,carbamazepine,,2554,FFGPTBGBLSHEPO-UHFFFAOYSA-N,C15H12N2O,236.27,C1=CC=C2C(=C1)C=CC3=CC=CC=C3N2C(=O)N,confirmed_organic,pharmaceutical_or_api,,Rooz Darou,Iranian pharmaceutical product catalogue,product_page_listed_not_current_stock_verified,http://rouzdarou.com/products/%D9%82%D8%B1%D8%B5-%DA%A9%D8%A7%D8%B1%D8%A8%D8%A7%D9%85%D8%A7%D8%B2%D9%BE%DB%8C%D9%86-200,قرص کاربامازپین 200,PubChem name validation from supplier product title,verified_catalogue,2026-08-23
(2S)-1-[(2S)-2-methyl-3-sulfanylpropanoyl]pyrrolidine-2-carboxylic acid,captopril,,44093,FAKRSMQSSFJEIM-RQJHMYQMSA-N,C9H15NO3S,217.29,C[C@H](CS)C(=O)N1CCC[C@H]1C(=O)O,confirmed_organic,pharmaceutical_or_api,,Rooz Darou,Iranian pharmaceutical product catalogue,product_page_listed_not_current_stock_verified,http://rouzdarou.com/products/%D9%82%D8%B1%D8%B5-%DA%A9%D8%A7%D9%BE%D8%AA%D9%88%D9%BE%D8%B1%DB%8C%D9%84-50,قرص کاپتوپریل 50,PubChem name validation from supplier product title,verified_catalogue,2026-08-23
"(3R,5R)-7-[2-(4-fluorophenyl)-3-phenyl-4-(phenylcarbamoyl)-5-propan-2-ylpyrrol-1-yl]-3,5-dihydroxyheptanoic acid",atorvastatin,,60823,XUKUURHRXDUEBC-KAYWLYCHSA-N,C33H35FN2O5,558.6,CC(C)C1=C(C(=C(N1CC[C@H](C[C@H](CC(=O)O)O)O)C2=CC=C(C=C2)F)C3=CC=CC=C3)C(=O)NC4=CC=CC=C4,confirmed_organic,pharmaceutical_or_api,,Rooz Darou,Iranian pharmaceutical product catalogue,product_page_listed_not_current_stock_verified,http://rouzdarou.com/products/%D9%82%D8%B1%D8%B5-%D8%A2%D8%AA%D9%88%D8%B1%D9%88%D8%A7%D8%B3%D8%AA%D8%A7%D8%AA%DB%8C%D9%86-40,قرص آتورواستاتین 40,PubChem name validation from supplier product title,verified_catalogue,2026-08-23
2-[4-[2-hydroxy-3-(propan-2-ylamino)propoxy]phenyl]acetamide,atenolol,,2249,METKIMKYRPQLGS-UHFFFAOYSA-N,C14H22N2O3,266.34,CC(C)NCC(COC1=CC=C(C=C1)CC(=O)N)O,confirmed_organic,pharmaceutical_or_api,,Rooz Darou,Iranian pharmaceutical product catalogue,product_page_listed_not_current_stock_verified,http://rouzdarou.com/products/%D9%82%D8%B1%D8%B5-%D8%A2%D8%AA%D9%86%D9%88%D9%84%D9%88%D9%84-100,قرص آتنولول 100,PubChem name validation from supplier product title,verified_catalogue,2026-08-23
"3-O-ethyl 5-O-methyl 2-(2-aminoethoxymethyl)-4-(2-chlorophenyl)-6-methyl-1,4-dihydropyridine-3,5-dicarboxylate",amlodipine,,2162,HTIQEAQVCYTUBX-UHFFFAOYSA-N,C20H25ClN2O5,408.9,CCOC(=O)C1=C(NC(=C(C1C2=CC=CC=C2Cl)C(=O)OC)C)COCCN,confirmed_organic,pharmaceutical_or_api,,Rooz Darou,Iranian pharmaceutical product catalogue,product_page_listed_not_current_stock_verified,http://rouzdarou.com/products/%D9%82%D8%B1%D8%B5-%D8%A2%D9%85%D9%84%D9%88%D8%AF%DB%8C%D9%BE%DB%8C%D9%86-5,قرص آملودیپین 5,PubChem name validation from supplier product title,verified_catalogue,2026-08-23
"8-chloro-1-methyl-6-phenyl-4H-[1,2,4]triazolo[4,3-a][1,4]benzodiazepine",alprazolam,,2118,VREFGVBLTWBCJP-UHFFFAOYSA-N,C17H13ClN4,308.8,CC1=NN=C2N1C3=C(C=C(C=C3)Cl)C(=NC2)C4=CC=CC=C4,confirmed_organic,pharmaceutical_or_api,,Rooz Darou,Iranian pharmaceutical product catalogue,product_page_listed_not_current_stock_verified,http://rouzdarou.com/products/%D9%82%D8%B1%D8%B5-%D8%A2%D9%84%D9%BE%D8%B1%D8%A7%D8%B2%D9%88%D9%84%D8%A7%D9%85-05,قرص آلپرازولام 0.5,PubChem name validation from supplier product title,verified_catalogue,2026-08-23
2-amino-9-(2-hydroxyethoxymethyl)-1H-purin-6-one,acyclovir,,135398513,MKUXAQIIEYXACX-UHFFFAOYSA-N,C8H11N5O3,225.20,C1=NC2=C(N1COCCO)N=C(NC2=O)N,confirmed_organic,pharmaceutical_or_api,,Rooz Darou,Iranian pharmaceutical product catalogue,product_page_listed_not_current_stock_verified,http://rouzdarou.com/products/%D9%82%D8%B1%D8%B5-%D8%A2%D8%B3%DB%8C%DA%A9%D9%84%D9%88%D9%88%DB%8C%D8%B1-800,قرص آسیکلوویر 800,PubChem name validation from supplier product title,verified_catalogue,2026-08-23
L-Aspartic Acid,L-Aspartic Acid,,5960,CKLJMWTZIZZHCS-REOHCLBHSA-N,C4H7NO4,,,confirmed_organic,organic_reagent,research,telegram:ChemIranSanat,telegram:ChemIranSanat,telegram_listing_evidence,,,structured_pubchem,verified_telegram_listing,2026-08-23
Triethylene Glycol,Triethylene Glycol,,8172,ZIBGPFATKBEMQZ-UHFFFAOYSA-N,C6H14O4,150.17,C(COCCOCCO)O,confirmed_organic,organic_reagent,,Chemical Iran,telegram:Chemical Iran,telegram_listing_evidence,,,structured_pubchem(over_alias),verified_telegram_listing,2026-08-23
"3,5-dinitrobenzoyl chloride","3,5-dinitrobenzoyl chloride",,7432,NNOHXABAQAGKRZ-UHFFFAOYSA-N,C7H3ClN2O5,,C1=C(C=C(C=C1[N+](=O)[O-])[N+](=O)[O-])C(=O)Cl,confirmed_organic,organic_reagent,research,telegram:ChemIranSanat,telegram:ChemIranSanat,telegram_listing_evidence,,,structured_pubchem,verified_telegram_listing,2026-08-23
Bis(2-ethylhexyl) phosphate,Bis(2-ethylhexyl) phosphate,,9275,SEGLCEQVOFDUPX-UHFFFAOYSA-N,C16H35O4P,,CCCCC(CC)COP(=O)(O)OCC(CC)CCCC,confirmed_organic,organic_reagent,research,telegram:minatajhiz,telegram:minatajhiz,telegram_listing_evidence,,,structured_pubchem,verified_telegram_listing,2026-08-23
Triphosgene,Triphosgene,,94429,UCPYLLCMEDAXFR-UHFFFAOYSA-N,C3Cl6O3,,C(=O)(OC(Cl)(Cl)Cl)OC(Cl)(Cl)Cl,confirmed_organic,organic_reagent,research,telegram:minatajhiz,telegram:minatajhiz,telegram_listing_evidence,,,structured_pubchem,verified_telegram_listing,2026-08-23
choline chloride,choline chloride,67-48-1,6209,SGMZJAMFUVOLNK-UHFFFAOYSA-M,C5H14ClNO,,C[N+](C)(C)CCO.[Cl-],confirmed_organic,organic_reagent,research,telegram:ChemIranSanat; telegram:jahaneshimicom,telegram:ChemIranSanat; jahaneshimicom,telegram_listing_evidence,https://t.me/ChemIranSanat/1283 | https://t.me/jahaneshimicom/19,,alias+pubchem,verified_telegram_listing,2026-08-23
Diethyl Pyrocarbonate,Diethyl Pyrocarbonate,,3051,FFYPMLJYZAEMQB-UHFFFAOYSA-N,C6H10O5,,CCOC(=O)OC(=O)OCC,confirmed_organic,organic_reagent,research,telegram:minatajhiz,telegram:minatajhiz,telegram_listing_evidence,,,structured_pubchem,verified_telegram_listing,2026-08-23
Guanidine Hydrochloride,Guanidine Hydrochloride,,5742,PJJJBBJSCAKJQF-UHFFFAOYSA-N,CH6ClN3,,C(=N)(N)N.Cl,confirmed_organic,organic_reagent,research,telegram:labshop,telegram:labshop,telegram_listing_evidence,,,structured_pubchem,verified_telegram_listing,2026-08-23
Hexadecyltrimethylammonium chloride,Hexadecyltrimethylammonium chloride,,8154,WOWHHFRSBJGXCM-UHFFFAOYSA-M,C19H42ClN,,CCCCCCCCCCCCCCCC[N+](C)(C)C.[Cl-],confirmed_organic,organic_reagent,research,telegram:minatajhiz,telegram:minatajhiz,telegram_listing_evidence,https://t.me/minatajhiz/643,,structured_pubchem,verified_telegram_listing,2026-08-23
Isonicotinoyl chloride hydrochloride,Isonicotinoyl chloride hydrochloride,,12262826,BNTRVUUJBGBGLZ-UHFFFAOYSA-N,C6H5Cl2NO,,C1=CN=CC=C1C(=O)Cl.Cl,confirmed_organic,organic_reagent,research,telegram:ChemIranSanat,telegram:ChemIranSanat,telegram_listing_evidence,https://t.me/ChemIranSanat/1554 | https://t.me/ChemIranSanat/1775,,structured_pubchem,verified_telegram_listing,2026-08-23
sodium bicarbonate,sodium bicarbonate,144-55-8,516892,UIIMBOGNXHQVGW-UHFFFAOYSA-M,CHNaO3,84.007,C(=O)(O)[O-].[Na+],confirmed_organic,organic_reagent,research,telegram:ChemIranSanat; telegram:chemgroup; Chemical Iran,telegram:ChemIranSanat; chemgroup; Chemical Iran,telegram_listing_evidence,https://t.me/chemgroup/2838 | https://www.chemicaliran.com/products/sodium-bicarbonate-feed-grade/ | https://www.chemicaliran.com/products/sodium-bicarbonate-food-grade/,,alias+pubchem,verified_telegram_listing,2026-08-23
Sodium Lauryl Sulfate,Sodium Lauryl Sulfate,151-21-3,3423265,DBMJMQXJHONAFJ-UHFFFAOYSA-M,C12H25NaO4S,,CCCCCCCCCCCCOS(=O)(=O)[O-].[Na+],confirmed_organic,organic_reagent,research,telegram:IranChemicals,telegram:IranChemicals,telegram_listing_evidence,https://t.me/IranChemicals/30984 | https://t.me/IranChemicals/31051 | https://t.me/IranChemicals/31113,,alias+pubchem,verified_telegram_listing,2026-08-23
tetraethoxysilane,tetraethoxysilane,78-10-4,6517,BOTDANWDWHJENH-UHFFFAOYSA-N,C8H20O4Si,,CCO[Si](OCC)(OCC)OCC,confirmed_organic,organic_reagent,research,telegram:minatajhiz,telegram:minatajhiz,telegram_listing_evidence,https://t.me/minatajhiz/682,,cas_anchor+pubchem,verified_telegram_listing,2026-08-23
Tetrakis(hydroxymethyl)phosphonium chloride,Tetrakis(hydroxymethyl)phosphonium chloride,,31298,AKXUUJCMWZFYMV-UHFFFAOYSA-M,C4H12ClO4P,,C(O)[P+](CO)(CO)CO.[Cl-],confirmed_organic,organic_reagent,research,telegram:ChemIranSanat,telegram:ChemIranSanat,telegram_listing_evidence,,,structured_pubchem,verified_telegram_listing,2026-08-23
Tetramethylammonium Hydroxide Pentahydrate,Tetramethylammonium Hydroxide Pentahydrate,,82620,MYXKPFMQWULLOH-UHFFFAOYSA-M,C4H23NO6,,C[N+](C)(C)C.O.O.O.O.O.[OH-],confirmed_organic,organic_reagent,research,telegram:ChemIranSanat,telegram:ChemIranSanat,telegram_listing_evidence,,,structured_pubchem,verified_telegram_listing,2026-08-23
Copper Sulfate,copper sulfate,,24462,ARUVKPQLZAKDPS-UHFFFAOYSA-L,CuO4S,159.61,,inorganic,organic_reagent,unknown,chemgroup,telegram,listing_evidence_crawled_2026-08-23,https://t.me/chemgroup/4550,⚗ محصول واکنش سولفات مس(II) با پتاسیم سولفیت #ارسالی_کاربران @ChemGroup,cas_anchor+pubchem | organic_status_corrected_2026-08-24,verified_telegram_listing,2026-08-23
Sodium Carbonate,sodium carbonate,,10340,CDBYLPFSWZWCQE-UHFFFAOYSA-L,CNa2O3,105.988,,confirmed_organic,organic_reagent,,Mojallali Group,web_catalogue,listing_evidence_crawled_2026-08-23,https://drm-chem.com/en/product/sodium-carbonate-extra-pure-en/,Sodium carbonate,cas_anchor+pubchem,verified_web_catalogue,2026-08-23
Hydrochloric Acid,hydrochloric acid,,313,VEXZGXHMUGYJMC-UHFFFAOYSA-N,ClH,36.46,,inorganic,organic_reagent,,Mojallali Group,web_catalogue,listing_evidence_crawled_2026-08-23,https://drm-chem.com/en/product/hydrochloric-acid-0-1n-en/,Hydrochloric acid 0.1N,cas_anchor+pubchem | organic_status_corrected_2026-08-24,verified_web_catalogue,2026-08-23
Sodium Hypochlorite,sodium hypochlorite,,23665760,SUKJFIGYRHOWBL-UHFFFAOYSA-N,ClNaO,74.44,,inorganic,organic_reagent,,Mojallali Group,web_catalogue,listing_evidence_crawled_2026-08-23,https://drm-chem.com/en/product/sodium-hypochlorite-solution-en/,Sodium hypochlorite solution,cas_anchor+pubchem | organic_status_corrected_2026-08-24,verified_web_catalogue,2026-08-23
Calcium Carbonate,calcium carbonate,,10112,VTYYLEPIZMXCLO-UHFFFAOYSA-L,CCaO3,100.09,C(=O)([O-])[O-].[Ca+2],confirmed_organic,organic_reagent,industrial,ChemIranSanat,telegram,listing_evidence_crawled_2026-08-23,https://t.me/ChemIranSanat/45,⭕️ استفاده از پوست میگو برای ساخت كیسه‌های پلاستیكی دوستدار طبیعت 🔹 تیمی از محققان دانشگاه ناتینگهام و دانشگاهی در مصر در حال بررسی روشی برای جایگزینی کیسه‌های پلاستیکی با استفاده از پوسته میگو هستند. این جایگزین برای کیسه های پلی‌اتیلن که از سوخت‌های فسیلی بدست می‌آیند، برای محی,pubchem_direct,verified_telegram_listing,2026-08-23
Calcium Chloride,calcium chloride,,5284359,UXVMQQNJUSDDNG-UHFFFAOYSA-L,CaCl2,110.98,,inorganic,organic_reagent,research,ChemIranSanat,telegram,listing_evidence_crawled_2026-08-23,https://t.me/ChemIranSanat/1929,040300 Exir Calcium chloride dihydrate 1kg 🔜 موجود و آماده تحویل ✅ شیمیران صنعت فقط اصلی ♾ موجودی و تنوع بی نظیر از برندهای معتبر 📦 ارسال رایگان 📱 سفارش کالا 👇 📞 0938-648-9001 🆔 @ChemIranAdmin 🆔 @ChemIran1,pubchem_direct | organic_status_corrected_2026-08-24,verified_telegram_listing,2026-08-23
Disodium chromotropate dihydrate,Chromotropic acid disodium salt dihydrate,,2723846,QUEAKWJKJBFNEG-UHFFFAOYSA-L,C10H10Na2O10S2,400.3,C1=C2C=C(C=C(C2=C(C=C1S(=O)(=O)[O-])O)O)S(=O)(=O)[O-].O.O.[Na+].[Na+],confirmed_organic,organic_reagent,,Mojallali Group,web_catalogue,listing_evidence_crawled_2026-08-23,https://drm-chem.com/en/product/chromotropic-acid-disodium-salt-dihydrate-lab-en/,Chromotropic acid disodium salt dihydrate,pubchem_direct,verified_web_catalogue,2026-08-23
Sulfanilic acid,Sulfanilic Acid,,8479,HVBSAKJJOYLTQU-UHFFFAOYSA-N,C6H7NO3S,173.19,C1=CC(=CC=C1N)S(=O)(=O)O,confirmed_organic,organic_reagent,,Mojallali Group,web_catalogue,listing_evidence_crawled_2026-08-23,https://drm-chem.com/en/product/sulfanilic-acid-lab-en/,Sulfanilic Acid,pubchem_direct,verified_web_catalogue,2026-08-23
Sodium Thioglycolate,Sodium thioglycolate,,23690444,GNBVPFITFYNRCN-UHFFFAOYSA-M,C2H3NaO2S,114.10,C(C(=O)[O-])S.[Na+],confirmed_organic,organic_reagent,,Mojallali Group,web_catalogue,listing_evidence_crawled_2026-08-23,https://drm-chem.com/en/product/sodium-thioglycolate-lab-en/,Sodium thioglycolate,pubchem_direct,verified_web_catalogue,2026-08-23
Potassium ferrocyanide trihydrate,Potassium ferrocyanide trihydrate,,161067,UTYXJYFJPBYDKY-UHFFFAOYSA-N,C6H6FeK4N6O3,422.39,[C-]#N.[C-]#N.[C-]#N.[C-]#N.[C-]#N.[C-]#N.O.O.O.[K+].[K+].[K+].[K+].[Fe+2],confirmed_organic,organic_reagent,,Mojallali Group,web_catalogue,listing_evidence_crawled_2026-08-23,https://drm-chem.com/en/product/potassium-ferrocyanide-trihydrate-lab-en/,Potassium ferrocyanide trihydrate,pubchem_direct,verified_web_catalogue,2026-08-23
m-Cresol Purple,m-cresol purple,,73030,OLQIKGSZDTXODA-UHFFFAOYSA-N,C21H18O5S,382.4,CC1=C(C=CC(=C1)O)C2(C3=CC=CC=C3S(=O)(=O)O2)C4=C(C=C(C=C4)O)C,confirmed_organic,colorant_or_indicator,,Mojallali Group,web_catalogue,listing_evidence_crawled_2026-08-23,https://drm-chem.com/en/product/m-cresol-purple-indicator-en/,m-cresol purple,pubchem_direct,verified_web_catalogue,2026-08-23
Sodium Fluorescein,Fluorescein sodium,,10608,NJDNXYGOVLYJHP-UHFFFAOYSA-L,C20H10Na2O5,376.3,C1=CC=C(C(=C1)C2=C3C=CC(=O)C=C3OC4=C2C=CC(=C4)[O-])C(=O)[O-].[Na+].[Na+],confirmed_organic,colorant_or_indicator,,Mojallali Group,web_catalogue,listing_evidence_crawled_2026-08-23,https://drm-chem.com/en/product/fluorescein-sodium-indicator-en/,Fluorescein sodium,pubchem_direct,verified_web_catalogue,2026-08-23
(Phenylazo)thioformic acid 2-phenylhydrazide,Dithizone,,657262,UOFGSWVZMUXXIY-UHFFFAOYSA-N,C13H12N4S,256.33,C1=CC=C(C=C1)NNC(=S)N=NC2=CC=CC=C2,confirmed_organic,organic_reagent,,Mojallali Group,web_catalogue,listing_evidence_crawled_2026-08-23,https://drm-chem.com/en/product/dithizone-indicator-en/,Dithizone,pubchem_direct,verified_web_catalogue,2026-08-23
Sodium saccharin dihydrate,Saccharin sodium dihydrate,,517320,AYGJDUHQRFKLBG-UHFFFAOYSA-M,C7H8NNaO5S,241.20,C1=CC=C2C(=C1)C(=O)[N-]S2(=O)=O.O.O.[Na+],confirmed_organic,organic_reagent,,Mojallali Group,web_catalogue,listing_evidence_crawled_2026-08-23,https://drm-chem.com/en/product/saccharin-sodium-dihydrate/,Saccharin sodium dihydrate,pubchem_direct,verified_web_catalogue,2026-08-23
Cupric chloride dihydrate,Copper(II) chloride dihydrate,,61482,MPTQRFCYZCXJFQ-UHFFFAOYSA-L,Cl2CuH4O2,170.48,,inorganic,organic_reagent,,Mojallali Group,web_catalogue,listing_evidence_crawled_2026-08-23,https://drm-chem.com/en/product/copperii-chloride-dihydrate-en/,Copper(II) chloride dihydrate,pubchem_direct | organic_status_corrected_2026-08-24,verified_web_catalogue,2026-08-23
Methylene Blue,Methylene blue,,6099,CXKWCBBOMKCUKX-UHFFFAOYSA-M,C16H18ClN3S,319.9,CN(C)C1=CC2=C(C=C1)N=C3C=CC(=[N+](C)C)C=C3S2.[Cl-],confirmed_organic,colorant_or_indicator,,Mojallali Group,web_catalogue,listing_evidence_crawled_2026-08-23,https://drm-chem.com/en/product/methylene-blue-en/,Methylene blue,pubchem_direct,verified_web_catalogue,2026-08-23
Methyl Green,Light green,,6727,DWCZIOOZPIDHAB-UHFFFAOYSA-L,C26H33Cl2N3,458.5,CN(C)C1=CC=C(C=C1)C(=C2C=CC(=[N+](C)C)C=C2)C3=CC=C(C=C3)[N+](C)(C)C.[Cl-].[Cl-],confirmed_organic,colorant_or_indicator,,Mojallali Group,web_catalogue,listing_evidence_crawled_2026-08-23,https://drm-chem.com/en/product/light-green-en/,Light green,pubchem_direct,verified_web_catalogue,2026-08-23
Crystal Violet,Crystal Violet,,11057,ZXJXZNDDNMQXFV-UHFFFAOYSA-M,C25H30ClN3,408.0,CN(C)C1=CC=C(C=C1)C(=C2C=CC(=[N+](C)C)C=C2)C3=CC=C(C=C3)N(C)C.[Cl-],confirmed_organic,colorant_or_indicator,,Mojallali Group,web_catalogue,listing_evidence_crawled_2026-08-23,https://drm-chem.com/en/product/crystal-violet-en/,Crystal Violet,pubchem_direct,verified_web_catalogue,2026-08-23
Phenolphthalein,Phenolphthalein,,4764,KJFMBFZCATUALV-UHFFFAOYSA-N,C20H14O4,318.3,C1=CC=C2C(=C1)C(=O)OC2(C3=CC=C(C=C3)O)C4=CC=C(C=C4)O,confirmed_organic,colorant_or_indicator,,Mojallali Group,web_catalogue,listing_evidence_crawled_2026-08-23,https://drm-chem.com/en/product/phenolphthalein-en/,Phenolphthalein,pubchem_direct,verified_web_catalogue,2026-08-23
C.I. Basic Red 2,Safranine,,2723800,OARRHUQTFTUEOS-UHFFFAOYSA-N,C20H19ClN4,350.8,CC1=CC2=C(C=C1N)[N+](=C3C=C(C(=CC3=N2)C)N)C4=CC=CC=C4.[Cl-],confirmed_organic,colorant_or_indicator,,Mojallali Group,web_catalogue,listing_evidence_crawled_2026-08-23,https://drm-chem.com/en/product/safranine-en/,Safranine,pubchem_direct,verified_web_catalogue,2026-08-23
Xylenol Orange tetrasodium salt,Xylenol orange tetrasodium salt,,2724221,YIIQUYHVWRJXEM-UHFFFAOYSA-J,C31H28N2Na4O13S,760.6,CC1=CC(=CC(=C1O)CN(CC(=O)[O-])CC(=O)[O-])C2(C3=CC=CC=C3S(=O)(=O)O2)C4=CC(=C(C(=C4)C)O)CN(CC(=O)[O-])CC(=O)[O-].[Na+].[Na+].[Na+].[Na+],confirmed_organic,colorant_or_indicator,,Mojallali Group,web_catalogue,listing_evidence_crawled_2026-08-23,https://drm-chem.com/en/product/xylenol-orange-tetrasodium-salt-en/,Xylenol orange tetrasodium salt,pubchem_direct,verified_web_catalogue,2026-08-23
Potassium Chromate,Potassium chromate,,24597,XMXNVYPJWBTAHN-UHFFFAOYSA-N,CrK2O4,194.190,,inorganic,organic_reagent,,Mojallali Group,web_catalogue,listing_evidence_crawled_2026-08-23,https://drm-chem.com/en/product/potassium-chromate-en/,Potassium chromate,pubchem_direct | organic_status_corrected_2026-08-24,verified_web_catalogue,2026-08-23
C.I. Basic Brown 1,Bismarck Brown Y,,13981,BDFZFGDTHFGWRQ-UHFFFAOYSA-N,C18H18N8,346.4,C1=CC(=CC(=C1)N=NC2=C(C=C(C=C2)N)N)N=NC3=C(C=C(C=C3)N)N,confirmed_organic,colorant_or_indicator,,Mojallali Group,web_catalogue,listing_evidence_crawled_2026-08-23,https://drm-chem.com/en/product/bismarck-brown-y-en/,Bismarck Brown Y,pubchem_direct,verified_web_catalogue,2026-08-23
Amaranth,Amaranth,,13506,WLDHEUZGFKACJH-UHFFFAOYSA-K,C20H11N2Na3O10S3,604.5,C1=CC=C2C(=C1)C(=CC=C2S(=O)(=O)[O-])N=NC3=C4C=CC(=CC4=CC(=C3O)S(=O)(=O)[O-])S(=O)(=O)[O-].[Na+].[Na+].[Na+],confirmed_organic,colorant_or_indicator,,Mojallali Group,web_catalogue,listing_evidence_crawled_2026-08-23,https://drm-chem.com/en/product/amaranth-en/,Amaranth,pubchem_direct,verified_web_catalogue,2026-08-23
"N,N-Dimethyl-7-(methylamino)-3H-phenothiazin-3-iminium chloride",Azure B,,68275,DNDJEIWCTMMZBX-UHFFFAOYSA-N,C15H16ClN3S,305.8,CNC1=CC2=C(C=C1)N=C3C=CC(=[N+](C)C)C=C3S2.[Cl-],confirmed_organic,organic_reagent,,Mojallali Group,web_catalogue,listing_evidence_crawled_2026-08-23,https://drm-chem.com/en/product/azure-b-en/,Azure B,pubchem_direct,verified_web_catalogue,2026-08-23
Sodium Acetate,Sodium acetate anhydrous,,517045,VMHLLURERBWHNL-UHFFFAOYSA-M,C2H3NaO2,82.03,CC(=O)[O-].[Na+],confirmed_organic,organic_reagent,,Mojallali Group,web_catalogue,listing_evidence_crawled_2026-08-23,https://drm-chem.com/en/product/sodium-acetate-anhydrous-bp-en/,Sodium acetate anhydrous,pubchem_direct,verified_web_catalogue,2026-08-23
Sodium Chloride,Sodium chloride,,5234,FAPWRFPIFSIZLT-UHFFFAOYSA-M,ClNa,58.44,,inorganic,organic_reagent,,Mojallali Group,web_catalogue,listing_evidence_crawled_2026-08-23,https://drm-chem.com/en/product/sodium-chloride-laboratory-en/,Sodium chloride,pubchem_direct | organic_status_corrected_2026-08-24,verified_web_catalogue,2026-08-23
Lead chloride,Lead (II) chloride,,24459,HWSZZLVAJGOAAY-UHFFFAOYSA-L,Cl2Pb,278,,inorganic,organic_reagent,,Mojallali Group,web_catalogue,listing_evidence_crawled_2026-08-23,https://drm-chem.com/en/product/lead-ii-chloride-en/,Lead (II) chloride,pubchem_direct | organic_status_corrected_2026-08-24,verified_web_catalogue,2026-08-23
Cobaltous sulfate heptahydrate,Cobalt(II) sulfate heptahydrate,,61444,MEYVLGVRTYSQHI-UHFFFAOYSA-L,CoH14O11S,281.11,,inorganic,organic_reagent,,Mojallali Group,web_catalogue,listing_evidence_crawled_2026-08-23,https://drm-chem.com/en/product/cobaltii-sulfate-heptahydrate-laboratory-en/,Cobalt(II) sulfate heptahydrate,pubchem_direct | organic_status_corrected_2026-08-24,verified_web_catalogue,2026-08-23
Calcium Oxide,Calcium oxide,,14778,ODINCKMPIJJUCX-UHFFFAOYSA-N,CaO,56.08,,inorganic,organic_reagent,,Mojallali Group,web_catalogue,listing_evidence_crawled_2026-08-23,https://drm-chem.com/en/product/calcium-oxide-en/,Calcium oxide,pubchem_direct | organic_status_corrected_2026-08-24,verified_web_catalogue,2026-08-23
Copper oxide,Copper (II) oxide,,14829,QPLDLSVMHZLSFG-UHFFFAOYSA-N,CuO,79.55,,inorganic,organic_reagent,,Mojallali Group,web_catalogue,listing_evidence_crawled_2026-08-23,https://drm-chem.com/en/product/copper-ii-oxide-en/,Copper (II) oxide,pubchem_direct | organic_status_corrected_2026-08-24,verified_web_catalogue,2026-08-23
Magnesium chloride hexahydrate,Magnesium chloride hexahydrate,,24644,DHRRIBDTHFBPNG-UHFFFAOYSA-L,Cl2H12MgO6,203.30,,inorganic,organic_reagent,,Mojallali Group,web_catalogue,listing_evidence_crawled_2026-08-23,https://drm-chem.com/en/product/magnesium-chloride-hexahydrate-laboratory-en/,Magnesium chloride hexahydrate,pubchem_direct | organic_status_corrected_2026-08-24,verified_web_catalogue,2026-08-23
Cyclohexanone,Cyclohexanone,,7967,JHIVVAPYMSGYDF-UHFFFAOYSA-N,C6H10O,98.14,C1CCC(=O)CC1,confirmed_organic,organic_reagent,,Mojallali Group,web_catalogue,listing_evidence_crawled_2026-08-23,https://drm-chem.com/en/product/cyclohexanone-en/,Cyclohexanone,pubchem_direct,verified_web_catalogue,2026-08-23
Mercuric Chloride,Mercury (II) chloride,,24085,LWJROJCJINYWOX-UHFFFAOYSA-L,Cl2Hg,271.50,,inorganic,organic_reagent,,Mojallali Group,web_catalogue,listing_evidence_crawled_2026-08-23,https://drm-chem.com/en/product/mercury-ii-chloride/,Mercury (II) chloride,pubchem_direct | organic_status_corrected_2026-08-24,verified_web_catalogue,2026-08-23
Tin tetrachloride,Tin (IV) chloride anhydrous,,24287,HPGGPRDJHPYFRM-UHFFFAOYSA-J,Cl4Sn,260.5,,inorganic,organic_reagent,,Mojallali Group,web_catalogue,listing_evidence_crawled_2026-08-23,https://drm-chem.com/en/product/tin-iv-chloride-en/,Tin (IV) chloride anhydrous,pubchem_direct | organic_status_corrected_2026-08-24,verified_web_catalogue,2026-08-23
Potassium Carbonate,Potassium carbonate,,11430,BWHMMNNQKKPAPP-UHFFFAOYSA-L,CK2O3,138.205,C(=O)([O-])[O-].[K+].[K+],confirmed_organic,organic_reagent,,Mojallali Group,web_catalogue,listing_evidence_crawled_2026-08-23,https://drm-chem.com/en/product/potassium-carbonate-en/,Potassium carbonate,pubchem_direct,verified_web_catalogue,2026-08-23
Potassium Dichromate,Potassium dichromate,,24502,KMUONIBRACKNSN-UHFFFAOYSA-N,Cr2K2O7,294.18,,inorganic,organic_reagent,,Mojallali Group,web_catalogue,listing_evidence_crawled_2026-08-23,https://drm-chem.com/en/product/potassium-dichromate-laboratory-en/,Potassium dichromate,pubchem_direct | organic_status_corrected_2026-08-24,verified_web_catalogue,2026-08-23
Potassium thiocyanate,Potassium thiocyanate,,516872,ZNNZYHKDIALBAK-UHFFFAOYSA-M,CKNS,97.18,C(#N)[S-].[K+],confirmed_organic,organic_reagent,,Mojallali Group,web_catalogue,listing_evidence_crawled_2026-08-23,https://drm-chem.com/en/product/potassium-thiocyanate-en/,Potassium thiocyanate,pubchem_direct,verified_web_catalogue,2026-08-23
Hydroxyamine hydrochloride,Hydroxylammonium chloride,,443297,WTDHULULXKLSOZ-UHFFFAOYSA-N,ClH4NO,69.49,,inorganic,organic_reagent,,Mojallali Group,web_catalogue,listing_evidence_crawled_2026-08-23,https://drm-chem.com/en/product/hydroxylammonium-chloride-en/,Hydroxylammonium chloride,pubchem_direct | organic_status_corrected_2026-08-24,verified_web_catalogue,2026-08-23
Ammonium Chloride,Ammonium Chloride,,25517,NLXLAEXVIDQMFP-UHFFFAOYSA-N,ClH4N,53.49,,inorganic,organic_reagent,,Mojallali Group,web_catalogue,listing_evidence_crawled_2026-08-23,https://drm-chem.com/en/product/ammonium-chloride/,Ammonium Chloride,pubchem_direct | organic_status_corrected_2026-08-24,verified_web_catalogue,2026-08-23
Edetate Disodium,Edetate Disodium,,636371,OVBJJZOQPCKUOR-UHFFFAOYSA-L,C10H18N2Na2O10,372.24,C(CN(CC(=O)O)CC(=O)[O-])N(CC(=O)O)CC(=O)[O-].O.O.[Na+].[Na+],confirmed_organic,organic_reagent,,Mojallali Group,web_catalogue,listing_evidence_crawled_2026-08-23,https://drm-chem.com/en/product/edetate-disodium/,Edetate Disodium,pubchem_direct,verified_web_catalogue,2026-08-23
Pantoprazole sodium sesquihydrate,Pantoprazole Sodium Sesquihydrate,,67047490,RJRBTVMZZGMTQI-UHFFFAOYSA-N,C16H17F2N3NaO5S,424.4,COC1=C(C(=NC=C1)CS(=O)C2=NC3=C(N2)C=C(C=C3)OC(F)F)OC.O.[Na],confirmed_organic,pharmaceutical_or_api,,Temad,web_catalogue,listing_evidence_crawled_2026-08-23,https://www.temad.com/product/dapoxetine-hcl-2/,Pantoprazole Sodium Sesquihydrate,pubchem_direct,verified_web_catalogue,2026-08-23
Sitagliptin Phosphate Monohydrate,Sitagliptin Phosphate Monohydrate,,11591741,GQPYTJVDPQTBQC-KLQYNRQASA-N,C16H20F6N5O6P,523.32,C1CN2C(=NN=C2C(F)(F)F)CN1C(=O)C[C@@H](CC3=CC(=C(C=C3F)F)F)N.O.OP(=O)(O)O,confirmed_organic,pharmaceutical_or_api,,Temad,web_catalogue,listing_evidence_crawled_2026-08-23,https://www.temad.com/product/pholcodine-monohydrate-2/,Sitagliptin Phosphate Monohydrate,pubchem_direct,verified_web_catalogue,2026-08-23
Triamcinolone Acetonide,Triamcinolone Acetonide,,6436,YNDXUCZADRHECN-JNQJZLCISA-N,C24H31FO6,434.5,C[C@]12C[C@@H]([C@]3([C@H]([C@@H]1C[C@@H]4[C@]2(OC(O4)(C)C)C(=O)CO)CCC5=CC(=O)C=C[C@@]53C)F)O,confirmed_organic,pharmaceutical_or_api,,Temad,web_catalogue,listing_evidence_crawled_2026-08-23,https://www.temad.com/product/opium-powder-2/,Triamcinolone Acetonide,pubchem_direct,verified_web_catalogue,2026-08-23
Pioglitazone Hydrochloride,Pioglitazone HCL,,60560,GHUUBYQTCDQWRA-UHFFFAOYSA-N,C19H21ClN2O3S,392.9,CCC1=CN=C(C=C1)CCOC2=CC=C(C=C2)CC3C(=O)NC(=O)S3.Cl,confirmed_organic,pharmaceutical_or_api,,Temad,web_catalogue,listing_evidence_crawled_2026-08-23,https://www.temad.com/product/erythromycin-ethylsuccinate/,Pioglitazone HCL,pubchem_direct,verified_web_catalogue,2026-08-23
Metformin Hydrochloride,Metformin HCL,,14219,OETHQSJEHLVLGH-UHFFFAOYSA-N,C4H12ClN5,165.62,CN(C)C(=N)N=C(N)N.Cl,confirmed_organic,pharmaceutical_or_api,,Temad,web_catalogue,listing_evidence_crawled_2026-08-23,https://www.temad.com/product/carbamazepine-2/,Metformin HCL,pubchem_direct,verified_web_catalogue,2026-08-23
Hydrocortisone Acetate,Hydrocortisone Acetate,,5744,ALEXXDVDDISNDU-JZYPGELDSA-N,C23H32O6,404.5,CC(=O)OCC(=O)[C@]1(CC[C@@H]2[C@@]1(C[C@@H]([C@H]3[C@H]2CCC4=CC(=O)CC[C@]34C)O)C)O,confirmed_organic,pharmaceutical_or_api,,Temad,web_catalogue,listing_evidence_crawled_2026-08-23,https://www.temad.com/product/risperidone-2/,Hydrocortisone Acetate,pubchem_direct,verified_web_catalogue,2026-08-23
Cyproterone Acetate,Cyproterone Acetate,,9880,UWFYSQMTEOIJJG-FDTZYFLXSA-N,C24H29ClO4,416.9,CC(=O)[C@]1(CC[C@@H]2[C@@]1(CC[C@H]3[C@H]2C=C(C4=CC(=O)[C@@H]5C[C@@H]5[C@]34C)Cl)C)OC(=O)C,confirmed_organic,pharmaceutical_or_api,,Temad,web_catalogue,listing_evidence_crawled_2026-08-23,https://www.temad.com/product/quetiapine-hemifumarate-2/,Cyproterone Acetate,pubchem_direct,verified_web_catalogue,2026-08-23
Tamsulosin Hydrochloride,Tamsulosin HCL,,5362376,ZZIZZTHXZRDOFM-XFULWGLBSA-N,C20H29ClN2O5S,445.0,CCOC1=CC=CC=C1OCCN[C@H](C)CC2=CC(=C(C=C2)OC)S(=O)(=O)N.Cl,confirmed_organic,pharmaceutical_or_api,,Temad,web_catalogue,listing_evidence_crawled_2026-08-23,https://www.temad.com/product/oxycodone-hcl/,Tamsulosin HCL,pubchem_direct,verified_web_catalogue,2026-08-23
Atorvastatin Calcium,Atorvastatin Calcium,,60822,FQCKMBLVYCEXJB-MNSAWQCASA-L,C66H68CaF2N4O10,1155.3,CC(C)C1=C(C(=C(N1CC[C@H](C[C@H](CC(=O)[O-])O)O)C2=CC=C(C=C2)F)C3=CC=CC=C3)C(=O)NC4=CC=CC=C4.CC(C)C1=C(C(=C(N1CC[C@H](C[C@H](CC(=O)[O-])O)O)C2=CC=C(C=C2)F)C3=CC=CC=C3)C(=O)NC4=CC=CC=C4.[Ca+2],confirmed_organic,pharmaceutical_or_api,,Temad,web_catalogue,listing_evidence_crawled_2026-08-23,https://www.temad.com/product/thebaine-2/,Atorvastatin Calcium,pubchem_direct,verified_web_catalogue,2026-08-23
Ciprofloxacin hydrochloride monohydrate,Ciprofloxacin HCL,,62998,ARPUHYJMCVWYCZ-UHFFFAOYSA-N,C17H21ClFN3O4,385.8,C1CC1N2C=C(C(=O)C3=CC(=C(C=C32)N4CCNCC4)F)C(=O)O.O.Cl,confirmed_organic,pharmaceutical_or_api,,Temad,web_catalogue,listing_evidence_crawled_2026-08-23,https://www.temad.com/product/ketorolac-tromethamine/,Ciprofloxacin HCL,pubchem_direct,verified_web_catalogue,2026-08-23
Dextromethorphan Hydrobromide,Dextromethorphan Hydrobromide,,5464025,MISZALMBODQYFT-URVXVIKDSA-N,C18H26BrNO,352.3,CN1CC[C@@]23CCCC[C@@H]2[C@@H]1CC4=C3C=C(C=C4)OC.Br,confirmed_organic,pharmaceutical_or_api,,Temad,web_catalogue,listing_evidence_crawled_2026-08-23,https://www.temad.com/product/pioglitazone-hcl/,Dextromethorphan Hydrobromide,pubchem_direct,verified_web_catalogue,2026-08-23
Pholcodine monohydrate,Pholcodine Monohydrate,,86278131,VOMHFFCEDKOLBR-RNFKYSJUSA-N,C23H32N2O5,416.5,CN1CC[C@]23[C@@H]4[C@H]1CC5=C2C(=C(C=C5)OCCN6CCOCC6)O[C@H]3[C@H](C=C4)O.O,confirmed_organic,pharmaceutical_or_api,,Temad,web_catalogue,listing_evidence_crawled_2026-08-23,https://www.temad.com/product/methadone-hcl-2/,Pholcodine Monohydrate,pubchem_direct,verified_web_catalogue,2026-08-23
Phenobarbital,Phenobarbital,,4763,DDBREPKUVSBGFI-UHFFFAOYSA-N,C12H12N2O3,232.23,CCC1(C(=O)NC(=O)NC1=O)C2=CC=CC=C2,confirmed_organic,pharmaceutical_or_api,,Temad,web_catalogue,listing_evidence_crawled_2026-08-23,https://www.temad.com/product/cyproterone-acetate-2/,Phenobarbital,pubchem_direct,verified_web_catalogue,2026-08-23
Quetiapine Fumarate,Quetiapine Hemifumarate,,5281025,ZTHJULTYCAQOIJ-WXXKFALUSA-N,C46H54N6O8S2,883.1,C1CN(CCN1CCOCCO)C2=NC3=CC=CC=C3SC4=CC=CC=C42.C1CN(CCN1CCOCCO)C2=NC3=CC=CC=C3SC4=CC=CC=C42.C(=C/C(=O)O)\C(=O)O,confirmed_organic,pharmaceutical_or_api,,Temad,web_catalogue,listing_evidence_crawled_2026-08-23,https://www.temad.com/product/dexamethasone-sodium-phosphate-2/,Quetiapine Hemifumarate,pubchem_direct,verified_web_catalogue,2026-08-23
Fluvoxamine Maleate,Fluvoxamine Maleate,,9560989,LFMYNZPAVPMEGP-PIDGMYBPSA-N,C19H25F3N2O6,434.4,COCCCC/C(=N\OCCN)/C1=CC=C(C=C1)C(F)(F)F.C(=C\C(=O)O)\C(=O)O,confirmed_organic,pharmaceutical_or_api,,Temad,web_catalogue,listing_evidence_crawled_2026-08-23,https://www.temad.com/product/tamsulosin-hcl-2/,Fluvoxamine Maleate,pubchem_direct,verified_web_catalogue,2026-08-23
Ketorolac Tromethamine,Ketorolac Tromethamine,,84003,BWHLPLXXIDYSNW-UHFFFAOYSA-N,C19H24N2O6,376.4,C1CN2C(=CC=C2C(=O)C3=CC=CC=C3)C1C(=O)O.C(C(CO)(CO)N)O,confirmed_organic,pharmaceutical_or_api,,Temad,web_catalogue,listing_evidence_crawled_2026-08-23,https://www.temad.com/product/prazosin-hcl/,Ketorolac Tromethamine,pubchem_direct,verified_web_catalogue,2026-08-23
Oxymorphone Hydrochloride,Oxymorphone HCL,,5359390,BCGJBQBWUGVESK-KCTCKCTRSA-N,C17H20ClNO4,337.8,CN1CC[C@]23[C@@H]4C(=O)CC[C@]2([C@H]1CC5=C3C(=C(C=C5)O)O4)O.Cl,confirmed_organic,pharmaceutical_or_api,,Temad,web_catalogue,listing_evidence_crawled_2026-08-23,https://www.temad.com/product/rosuvastatin-calcium-2/,Oxymorphone HCL,pubchem_direct,verified_web_catalogue,2026-08-23
Morphine Sulfate,Morphine Sulfate,,16051935,USAHOPJHPJHUNS-IFCNUISUSA-N,C34H40N2O10S,668.8,CN1CC[C@]23[C@@H]4[C@H]1CC5=C2C(=C(C=C5)O)O[C@H]3[C@H](C=C4)O.CN1CC[C@]23[C@@H]4[C@H]1CC5=C2C(=C(C=C5)O)O[C@H]3[C@H](C=C4)O.OS(=O)(=O)O,confirmed_organic,pharmaceutical_or_api,,Temad,web_catalogue,listing_evidence_crawled_2026-08-23,https://www.temad.com/product/methadone-base/,Morphine Sulfate,pubchem_direct,verified_web_catalogue,2026-08-23
Methadone Hydrochloride,Methadone HCL,,14184,FJQXCDYVZAHXNS-UHFFFAOYSA-N,C21H28ClNO,345.9,CCC(=O)C(CC(C)N(C)C)(C1=CC=CC=C1)C2=CC=CC=C2.Cl,confirmed_organic,pharmaceutical_or_api,,Temad,web_catalogue,listing_evidence_crawled_2026-08-23,https://www.temad.com/product/metformin-hcl/,Methadone HCL,pubchem_direct,verified_web_catalogue,2026-08-23
Thebaine,Thebaine,,5324289,FQXXSQDCDRQNQE-VMDGZTHMSA-N,C19H21NO3,311.4,CN1CC[C@]23[C@@H]4C(=CC=C2[C@H]1CC5=C3C(=C(C=C5)OC)O4)OC,confirmed_organic,pharmaceutical_or_api,,Temad,web_catalogue,listing_evidence_crawled_2026-08-23,https://www.temad.com/product/fluvoxamine-maleate-2/,Thebaine,pubchem_direct,verified_web_catalogue,2026-08-23
Tramadol Hydrochloride,Tramadol HCL,,63013,PPKXEPBICJTCRU-XMZRARIVSA-N,C16H26ClNO2,299.83,CN(C)C[C@H]1CCCC[C@@]1(C2=CC(=CC=C2)OC)O.Cl,confirmed_organic,pharmaceutical_or_api,,Temad,web_catalogue,listing_evidence_crawled_2026-08-23,https://www.temad.com/product/methadone-hcl/,Tramadol HCL,pubchem_direct,verified_web_catalogue,2026-08-23
(-)-Codeine phosphate,Codeine Phosphate,,5359227,WUXLCJZUUHIXFY-FFHNEAJVSA-N,C18H24NO7P,397.4,CN1CC[C@]23[C@@H]4[C@H]1CC5=C2C(=C(C=C5)OC)O[C@H]3[C@H](C=C4)O.OP(=O)(O)O,confirmed_organic,pharmaceutical_or_api,,Temad,web_catalogue,listing_evidence_crawled_2026-08-23,https://www.temad.com/product/ciprofloxacin-hcl/,Codeine Phosphate,pubchem_direct,verified_web_catalogue,2026-08-23
Hydrocodone Bitartrate,Hydrocodone Bitartrate,,23724881,JMBRWJAVUIITGV-LNNMZZBZSA-N,C44H64N2O23,989.0,CN1CC[C@]23[C@@H]4[C@H]1CC5=C2C(=C(C=C5)OC)O[C@H]3C(=O)CC4.CN1CC[C@]23[C@@H]4[C@H]1CC5=C2C(=C(C=C5)OC)O[C@H]3C(=O)CC4.[C@@H]([C@H](C(=O)O)O)(C(=O)O)O.[C@@H]([C@H](C(=O)O)O)(C(=O)O)O.O.O.O.O.O,confirmed_organic,pharmaceutical_or_api,,Temad,web_catalogue,listing_evidence_crawled_2026-08-23,https://www.temad.com/product/morphine-hcl/,Hydrocodone Bitartrate,pubchem_direct,verified_web_catalogue,2026-08-23
Naltrexone Base,Naltrexone Base,,21159611,DQCKKXVULJGBQN-UWFFTQNDSA-N,C20H23NO4,341.4,C1CC1CN2CC[C@]34C5C(=O)CC[C@]3([C@H]2CC6=C4C(=C(C=C6)O)O5)O,confirmed_organic,pharmaceutical_or_api,,Temad,web_catalogue,listing_evidence_crawled_2026-08-23,https://www.temad.com/product/dextromethorphan-hydrobromide-veterinary/,Naltrexone Base,pubchem_direct,verified_web_catalogue,2026-08-23
Buprenorphine Hydrochloride,Buprenorphine HCL,,3033050,UAIXRPCCYXNJMQ-RZIPZOSSSA-N,C29H42ClNO4,504.1,C[C@]([C@H]1C[C@@]23CC[C@@]1([C@H]4[C@@]25CCN([C@@H]3CC6=C5C(=C(C=C6)O)O4)CC7CC7)OC)(C(C)(C)C)O.Cl,confirmed_organic,pharmaceutical_or_api,,Temad,web_catalogue,listing_evidence_crawled_2026-08-23,https://www.temad.com/product/gemfibrozil-veterinary/,Buprenorphine HCL,pubchem_direct,verified_web_catalogue,2026-08-23
(-)-Noroxymorphone,Noroxymorphone,,5497189,HLMSIZPQBSYUNL-IPOQPSJVSA-N,C16H17NO4,287.31,C1C[C@]2([C@H]3CC4=C5[C@@]2(CCN3)[C@H](C1=O)OC5=C(C=C4)O)O,confirmed_organic,pharmaceutical_or_api,,Temad,web_catalogue,listing_evidence_crawled_2026-08-23,https://www.temad.com/product/noroxymorphone/,Noroxymorphone,pubchem_direct,verified_web_catalogue,2026-08-23
Hydrocodone,Hydrocodone,,5284569,LLPOLZWFYMWNKH-CMKMFDCUSA-N,C18H21NO3,299.4,CN1CC[C@]23[C@@H]4[C@H]1CC5=C2C(=C(C=C5)OC)O[C@H]3C(=O)CC4,confirmed_organic,pharmaceutical_or_api,,Temad,web_catalogue,listing_evidence_crawled_2026-08-23,https://www.temad.com/product/hydrocodone/,Hydrocodone,pubchem_direct,verified_web_catalogue,2026-08-23
Oxymorphone,Oxymorphone,,5284604,UQCNKQCJZOAFTQ-ISWURRPUSA-N,C17H19NO4,301.34,CN1CC[C@]23[C@@H]4C(=O)CC[C@]2([C@H]1CC5=C3C(=C(C=C5)O)O4)O,confirmed_organic,pharmaceutical_or_api,,Temad,web_catalogue,listing_evidence_crawled_2026-08-23,https://www.temad.com/product/oxymorphone-2/,Oxymorphone,pubchem_direct,verified_web_catalogue,2026-08-23
Demecolcine,Colcemid,,220401,NNJPGOLRFBJNIW-HNNXBMFYSA-N,C21H25NO5,371.4,CN[C@H]1CCC2=CC(=C(C(=C2C3=CC=C(C(=O)C=C13)OC)OC)OC)OC,confirmed_organic,pharmaceutical_or_api,,merckmillipore,telegram,listing_evidence_crawled_2026-08-23,https://t.me/merckmillipore/305,تعداد محدودی colsemid گیبکو موجود میباشد 09121161187,ai_resolved+pubchem,verified_telegram_listing,2026-08-23
"1-[5-(Diaminomethylideneamino)-2-[3-[4,5-dihydroxy-6-(hydroxymethyl)-3-(methylamino)oxan-2-yl]oxy-4-formyl-4-hydroxy-5-methyloxolan-2-yl]oxy-3,4,6-trihydroxycyclohexyl]guanidine;3,3-dimethyl-7-oxo-6-[(2-phenylacetyl)amino]-4-thia-1-azabicyclo[3.2.0]heptane-2-carboxylic acid",Penicillin-Streptomycin,,176540074,YVSHCKXUFJPXCX-UHFFFAOYSA-N,C37H57N9O16S,916.0,CC1C(C(C(O1)OC2C(C(C(C(C2O)O)N=C(N)N)O)NC(=N)N)OC3C(C(C(C(O3)CO)O)O)NC)(C=O)O.CC1(C(N2C(S1)C(C2=O)NC(=O)CC3=CC=CC=C3)C(=O)O)C,confirmed_organic,pharmaceutical_or_api,,merckmillipore,telegram,listing_evidence_crawled_2026-08-23,https://t.me/merckmillipore/309,تعداد محدودی penicillin-stereptomycin موجود میباشد 09121161187,ai_resolved+pubchem,verified_telegram_listing,2026-08-23
Syringaldazine,Syringaldazine,,84422,YARKTHNUMGKMGS-UHFFFAOYSA-N,C18H20N2O6,360.4,COC1=CC(=CC(=C1O)OC)C=NN=CC2=CC(=C(C(=C2)OC)O)OC,confirmed_organic,organic_reagent,,minatajhiz,telegram,listing_evidence_crawled_2026-08-23,https://t.me/minatajhiz/40,Syringaldazine-500mg-sigma aldrich-290000واردات جدید-تومان,ai_resolved+pubchem,verified_telegram_listing,2026-08-23
4-Nitrobenzoic Acid,4-Nitrobenzoic acid,,6108,OTLNPYWUJOZPPA-UHFFFAOYSA-N,C7H5NO4,167.12,C1=CC(=CC=C1C(=O)O)[N+](=O)[O-],confirmed_organic,organic_reagent,,minatajhiz,telegram,listing_evidence_crawled_2026-08-23,https://t.me/minatajhiz/109,4-نیترو بنزوئیک اسید 99% مرک فروش و واردات انواع مواد شیمیایی آزمایشکاهی از معتبرترین کمپانی های دنیا,ai_resolved+pubchem,verified_telegram_listing,2026-08-23
Zirconium chloride,Zirconium chloride,,24817,DUNKXUFBGCUVQW-UHFFFAOYSA-J,Cl4Zr,233.0,,inorganic,organic_reagent,,minatajhiz,telegram,listing_evidence_crawled_2026-08-23,https://t.me/minatajhiz/223,فروش محلول زیرکونیوم کلراید از کمپانی مرک کد محصول: 808913 پکیج: 250gr برای کسب اطلاعات بیشتر با ما در ارتباط باشید @minatajhiz_aria Tell:66900058,ai_resolved+pubchem | organic_status_corrected_2026-08-24,verified_telegram_listing,2026-08-23
Benzimidazole,Benzimidazole,,5798,HYZJCKYKOHLVJF-UHFFFAOYSA-N,C7H6N2,118.14,C1=CC=C2C(=C1)NC=N2,confirmed_organic,organic_reagent,,minatajhiz,telegram,listing_evidence_crawled_2026-08-23,https://t.me/minatajhiz/225,فروش ماده شیمیایی بنزایمیدازول واردات جدید از کمپانی مرک کد محصول: 821956 پکیج: 100gr برای کسب اطلاعات بیشتر با ما در ارتباط باشید @minatajhiz_aria Tell:66900058,ai_resolved+pubchem,verified_telegram_listing,2026-08-23
N-vinyl-2-pyrrolidone,Polyvinylpyrrolidone (PVP),,6917,WHNWPMSKXPGLAX-UHFFFAOYSA-N,C6H9NO,111.14,C=CN1CCCC1=O,confirmed_organic,organic_reagent,,minatajhiz,telegram,listing_evidence_crawled_2026-08-23,https://t.me/minatajhiz/291,سلام و عرض ادب خدمت اعضای محترم کانال احتراما به استحضار می رسانیم PVP با وزن مولکولی 1،300،000 محصول کمپانی سیگما واردات جدید موجود می باشد .دانشجویان و اساتید محترمی که این کالا را درخواست داشتند میتوانند جهت سفارش اقدام نمایند.,ai_resolved+pubchem,verified_telegram_listing,2026-08-23
Hydroxyquinone,2-hydroxy-p-benzoquinone,,151011,GPLIMIJPIZGPIF-UHFFFAOYSA-N,C6H4O3,124.09,C1=CC(=O)C(=CC1=O)O,confirmed_organic,organic_reagent,,minatajhiz,telegram,listing_evidence_crawled_2026-08-23,https://t.me/minatajhiz/511,واردات جدید 👆 👆 👆 2-هیدروکسی پارا نفتوکینون #اکروس,ai_resolved+pubchem,verified_telegram_listing,2026-08-23
Triphenylphosphine,triphenylphosphine,,11776,RIOQSEWOXXDEQQ-UHFFFAOYSA-N,C18H15P,262.3,C1=CC=C(C=C1)P(C2=CC=CC=C2)C3=CC=CC=C3,confirmed_organic,organic_reagent,,minatajhiz,telegram,listing_evidence_crawled_2026-08-23,https://t.me/minatajhiz/662,Triphenylphosphine 808270 250gr #merck,ai_resolved+pubchem,verified_telegram_listing,2026-08-23
Pyromellitic dianhydride,Pyromellitic dianhydride,,6966,ANSXAPJVJOKRDJ-UHFFFAOYSA-N,C10H2O6,218.12,C1=C2C(=CC3=C1C(=O)OC3=O)C(=O)OC2=O,confirmed_organic,organic_reagent,,minatajhiz,telegram,listing_evidence_crawled_2026-08-23,https://t.me/minatajhiz/679,Pyromellitic dianhydride 807516 #merck,ai_resolved+pubchem,verified_telegram_listing,2026-08-23
Dithioerythritol,"1,4-Dithioerythritol",,439352,VHJLVAABSRFDPM-ZXZARUISSA-N,C4H10O2S2,154.3,C([C@H]([C@H](CS)O)O)S,confirmed_organic,organic_reagent,,minatajhiz,telegram,listing_evidence_crawled_2026-08-23,https://t.me/minatajhiz/690,"1,4-Dithioerythritol for biochemistry 124511 #merck",ai_resolved+pubchem,verified_telegram_listing,2026-08-23
2-Aminoterephthalic acid,2-Aminoterephthalic acid,,2724822,GPNNOCMCNFXRAO-UHFFFAOYSA-N,C8H7NO4,181.15,C1=CC(=C(C=C1C(=O)O)N)C(=O)O,confirmed_organic,organic_reagent,,minatajhiz,telegram,listing_evidence_crawled_2026-08-23,https://t.me/minatajhiz/712,2-Aminoterephthalic 99% #sigma ✨ با توجه به درخواست متعدد شما اساتید و دانشجویان گرامی این کالا مجددا موجود شد,ai_resolved+pubchem,verified_telegram_listing,2026-08-23
Sulfuryl chloride,Sulfuryl chloride,,24648,YBBRCQOCSYXUOC-UHFFFAOYSA-N,Cl2O2S,134.97,,inorganic,organic_reagent,,minatajhiz,telegram,listing_evidence_crawled_2026-08-23,https://t.me/minatajhiz/786,Sulfuryl chloride for synthesis 807997 واردات جدید مرک,ai_resolved+pubchem | organic_status_corrected_2026-08-24,verified_telegram_listing,2026-08-23
Sulfur monochloride,Disulfur dichloride,,24807,PXJJSXABGXMUSU-UHFFFAOYSA-N,Cl2S2,135.0,,inorganic,organic_reagent,,minatajhiz,telegram,listing_evidence_crawled_2026-08-23,https://t.me/minatajhiz/992,نام فارسی: دی سولفور دی کلراید نام ماده: Disulfur dichloride کد محصول مرک: 814179 واردات جدید مرک,ai_resolved+pubchem | organic_status_corrected_2026-08-24,verified_telegram_listing,2026-08-23
Aluminum isopropoxide,Aluminium isopropoxide,,11143,SMZOGRDCAXLAAR-UHFFFAOYSA-N,C9H21AlO3,204.24,CC(C)[O-].CC(C)[O-].CC(C)[O-].[Al+3],confirmed_organic,organic_reagent,,minatajhiz,telegram,listing_evidence_crawled_2026-08-23,https://t.me/minatajhiz/996,نام فارسی: آلومینیوم تری ایزو پروپیلات Aluminium triisopropylate کد محصول مرک: 801079 واردات جدید مرک,ai_resolved+pubchem,verified_telegram_listing,2026-08-23
(Dimethylamino)ethyl methacrylate,2-(Dimethylamino)ethyl methacrylate,,17869,JKNCOURZONDCGV-UHFFFAOYSA-N,C8H15NO2,157.21,CC(=C)C(=O)OCCN(C)C,confirmed_organic,organic_reagent,,minatajhiz,telegram,listing_evidence_crawled_2026-08-23,https://t.me/minatajhiz/1008,2-دی متیل آمینو اتیل متا اکریلات (2-Dimethylaminoethyl) methacrylate کد محصول مرک: 840083 واردات جدید سیگما آلدریچ,ai_resolved+pubchem,verified_telegram_listing,2026-08-23
Chromium chloride (crcl3),Chromium(III) chloride,,24808,QSWDMMVNRMROPK-UHFFFAOYSA-K,Cl3Cr,158.35,,inorganic,organic_reagent,,minatajhiz,telegram,listing_evidence_crawled_2026-08-23,https://t.me/minatajhiz/1041,کلرید کروم خشک Chromium(III) chloride کد محصول مرک: 818090 واردات جدید مرک,ai_resolved+pubchem | organic_status_corrected_2026-08-24,verified_telegram_listing,2026-08-23
Pararosaniline,Pararosaniline,,11293,AFAIELJLZYUNPW-UHFFFAOYSA-N,C19H17N3,287.4,C1=CC(=N)C=CC1=C(C2=CC=C(C=C2)N)C3=CC=C(C=C3)N,confirmed_organic,colorant_or_indicator,,minatajhiz,telegram,listing_evidence_crawled_2026-08-23,https://t.me/minatajhiz/1050,پارا رزانیلین Pararosaniline (chloride) (C.I. 42500) کد محصول مرک: 107509 واردات جدید مرک,ai_resolved+pubchem,verified_telegram_listing,2026-08-23
Nonanal,Nonanal,,31289,GYHFUZHODSMOHU-UHFFFAOYSA-N,C9H18O,142.24,CCCCCCCCC=O,confirmed_organic,organic_reagent,,minatajhiz,telegram,listing_evidence_crawled_2026-08-23,https://t.me/minatajhiz/1052,نونانال ( پلارگون آلدهید) Nonanal کد محصول مرک: 807166 واردات جدید مرک,ai_resolved+pubchem,verified_telegram_listing,2026-08-23
Hexachlorocyclotriphosphazene,Phosphonitrilic chloride trimer,,220225,UBIJTWDKTYCPMQ-UHFFFAOYSA-N,Cl6N3P3,347.7,,inorganic,organic_reagent,,ChemIranSanat,telegram,listing_evidence_crawled_2026-08-23,https://t.me/ChemIranSanat/83,Phosphonitrilic chloride trimer واردات به سفارش مشتری از کمپانی Sigma-Aldrich 🆔 @ChemIran1,ai_resolved+pubchem | organic_status_corrected_2026-08-24,verified_telegram_listing,2026-08-23
4-(Dimethylamino)Benzaldehyde,4-(Dimethylamino)benzaldehyde,,7479,BGNGWHSBYQYVRX-UHFFFAOYSA-N,C9H11NO,149.19,CN(C)C1=CC=C(C=C1)C=O,confirmed_organic,organic_reagent,,ChemIranSanat,telegram,listing_evidence_crawled_2026-08-23,https://t.me/ChemIranSanat/360,803057 | Merck 4-(Dimethylamino)benzaldehyde 100 g موجود و آماده تحویل می باشد. این محصول خرده فروشی نیز دارد. @ChemIranAdmin 🆔 @ChemIran1,ai_resolved+pubchem,verified_telegram_listing,2026-08-23
2-Aminothiazole,2-Aminothiazole,,2155,RAIPHJJURHTUIC-UHFFFAOYSA-N,C3H4N2S,100.14,C1=CSC(=N1)N,confirmed_organic,organic_reagent,,ChemIranSanat,telegram,listing_evidence_crawled_2026-08-23,https://t.me/ChemIranSanat/449,"2-Aminothiazole, 97% 4-Amino-4H-1,2,4-triazole, 99% موجود و آماده تحویل به دلیل سواستفاده شرکتهای ارائه کننده مواد تقلبی، لات نامبر (Lot) پاک شده است. @ChemIranAdmin 🆔 @ChemIran1",ai_resolved+pubchem,verified_telegram_listing,2026-08-23
(-)-Zingiberene,zingiberene,,92776,KKOXKGNSUHTUBV-LSDHHAIUSA-N,C15H24,204.35,CC1=CC[C@@H](C=C1)[C@@H](C)CCC=C(C)C,confirmed_organic,fragrance_or_aroma,,ChemIranSanat,telegram,listing_evidence_crawled_2026-08-23,https://t.me/ChemIranSanat/973,شیمی زنجبیل ترکیب zingibirene یک نوع روغن و عامل اصلی بوی زنجبیل است. اکثر مواد موجود در زنجبیل برای سلامتی انسان بسیار سودمند هستند. 🆔 @ChemIran1,ai_resolved+pubchem,verified_telegram_listing,2026-08-23
Phenylmethylsulfonyl Fluoride,Phenylmethanesulfonyl fluoride,,4784,YBYRMVIVWMBXKQ-UHFFFAOYSA-N,C7H7FO2S,174.19,C1=CC=C(C=C1)CS(=O)(=O)F,confirmed_organic,organic_reagent,,ChemIranSanat,telegram,listing_evidence_crawled_2026-08-23,https://t.me/ChemIranSanat/1444,P7626 Sigma Phenylmethanesulfonyl floride 5g موجود و آماده تحویل ✅ شیمیران صنعت فقط اصلی ❓ قیمت و سفارش 👇 Admin 🆔 @ChemIranAdmin 🆔 @ChemIran1,ai_resolved+pubchem,verified_telegram_listing,2026-08-23
"Peonidin 3,5-diglucoside",Peonin,,5488811,IPVSUYLZIAYTOK-DPOJTEBASA-O,C28H33O16+,625.6,COC1=C(C=CC(=C1)C2=C(C=C3C(=CC(=CC3=[O+]2)O)O[C@H]4[C@@H]([C@H]([C@@H]([C@H](O4)CO)O)O)O)O[C@H]5[C@@H]([C@H]([C@@H]([C@H](O5)CO)O)O)O)O,confirmed_organic,organic_reagent,,ChemIranSanat,telegram,listing_evidence_crawled_2026-08-23,https://t.me/ChemIranSanat/1472,شیمی گل صد تومانی مولکول موجود (Peonin) در این گل در pHهای مختلف رنگ های متفاوتی دارد بنابراین رنگ گلبرگها نیز متغیر خواهد بود. 🆔 @ChemIran1,ai_resolved+pubchem,verified_telegram_listing,2026-08-23
"2-Propenoic acid, 2-methyl-, trimethylsilyl ester",(Trimethylsilyl)methacrylate,,2733839,PGQNYIRJCLTTOJ-UHFFFAOYSA-N,C7H14O2Si,158.27,CC(=C)C(=O)O[Si](C)(C)C,confirmed_organic,organic_reagent,,ChemIranSanat,telegram,listing_evidence_crawled_2026-08-23,https://t.me/ChemIranSanat/1635,"347493 Aldrich (Trimethylsilyl)methacrylate, 98% 25g 🔜 موجود و آماده تحویل ✅ شیمیران صنعت فقط اصلی ❓ قیمت و سفارش 👇 0938-648-9001 Admin 🆔 @ChemIranAdmin 🆔 @ChemIran1",ai_resolved+pubchem,verified_telegram_listing,2026-08-23
Aminotetrazole,5-Aminotetrazole,,20467,ULRPISSMEBPJLN-UHFFFAOYSA-N,CH3N5,85.07,C1(=NNN=N1)N,confirmed_organic,organic_reagent,,ChemIranSanat,telegram,listing_evidence_crawled_2026-08-23,https://t.me/ChemIranSanat/1697,A80602 Sigma-Aldrich 5-Aminotetrazole 5G 🔜 موجود و آماده تحویل ✅ شیمیران صنعت فقط اصلی 📱 دریافت قیمت یا سفارش کالا 👇 🆔 @ChemIranAdmin 🆔 @ChemIran1,ai_resolved+pubchem,verified_telegram_listing,2026-08-23
Aluminum Chloride,Aluminium chloride,,24012,VSCWAEJMTAWNJL-UHFFFAOYSA-K,AlCl3,133.34,,inorganic,organic_reagent,,ChemIranSanat,telegram,listing_evidence_crawled_2026-08-23,https://t.me/ChemIranSanat/1732,801081 Merck Aluminium chloride anhydrous 1kg و 294713 Sigma-Aldrich Aluminum chloride 99.99% trace metals basis 100g 🔜 موجود و آماده تحویل ✅ شیمیران صنعت فقط اصلی 📱 دریافت قیمت یا سفارش کالا 👇 🆔 @ChemIranAdmin 🆔 @ChemIran1,ai_resolved+pubchem | organic_status_corrected_2026-08-24,verified_telegram_listing,2026-08-23
Oleylamine,Oleylamine,,5356789,QGLWBTPVKHMVHM-KTKRTIGZSA-N,C18H37N,267.5,CCCCCCCC/C=C\CCCCCCCCN,confirmed_organic,organic_reagent,,ChemIranSanat,telegram,listing_evidence_crawled_2026-08-23,https://t.me/ChemIranSanat/1742,"12954 Acros Oleylamine, approximate C18-content 80-90% 100ml 🔜 موجود و آماده تحویل ✅ شیمیران صنعت فقط اصلی 📱 دریافت قیمت یا سفارش کالا 👇 🆔 @ChemIranAdmin 🆔 @ChemIran1",ai_resolved+pubchem,verified_telegram_listing,2026-08-23
"(1,1'-Biphenyl)-4,4'-dicarboxylic acid","4,4′-Biphenyldicarboxylic acid",,13084,NEQFBGHQPUXOFH-UHFFFAOYSA-N,C14H10O4,242.23,C1=CC(=CC=C1C2=CC=C(C=C2)C(=O)O)C(=O)O,confirmed_organic,organic_reagent,,ChemIranSanat,telegram,listing_evidence_crawled_2026-08-23,https://t.me/ChemIranSanat/1795,"091522 Fluorochem 4,4′-Biphenyldicarboxylic acid 25g 🔜 موجود و آماده تحویل ✅ شیمیران صنعت فقط اصلی ♾ موجودی و تنوع بی نظیر از برندهای معتبر 📱 سفارش کالا 👇 🆔 @ChemIranAdmin 🆔 @ChemIran1",ai_resolved+pubchem,verified_telegram_listing,2026-08-23
"4,4'-Oxybis(benzoic acid)","4,4'-Oxybis(benzoic acid)",,75183,WVDRSXGPQWNUBN-UHFFFAOYSA-N,C14H10O5,258.23,C1=CC(=CC=C1C(=O)O)OC2=CC=C(C=C2)C(=O)O,confirmed_organic,organic_reagent,,ChemIranSanat,telegram,listing_evidence_crawled_2026-08-23,https://t.me/ChemIranSanat/1820,"022353 Exir 4,4'-Oxybis(benzoic acid) 25g 🔜 موجود و آماده تحویل ✅ شیمیران صنعت فقط اصلی ♾ موجودی و تنوع بی نظیر از برندهای معتبر 📱 سفارش کالا 👇 🆔 @ChemIranAdmin 🆔 @ChemIran1",ai_resolved+pubchem,verified_telegram_listing,2026-08-23
"Benzophenone-4,4'-dicarboxylic Acid","4,4'-Carbonyldibenzoic acid",,590830,LFEWXDOYPCWFHR-UHFFFAOYSA-N,C15H10O5,270.24,C1=CC(=CC=C1C(=O)C2=CC=C(C=C2)C(=O)O)C(=O)O,confirmed_organic,organic_reagent,,ChemIranSanat,telegram,listing_evidence_crawled_2026-08-23,https://t.me/ChemIranSanat/1823,"235885 Fluorochem 4,4'-Carbonyldibenzoic acid 25g 🔜 موجود و آماده تحویل ✅ شیمیران صنعت فقط اصلی ♾ موجودی و تنوع بی نظیر از برندهای معتبر 📱 سفارش کالا 👇 🆔 @ChemIranAdmin 🆔 @ChemIran1",ai_resolved+pubchem,verified_telegram_listing,2026-08-23
alpha-Tocopherol succinate,D-alpha-Tocopherol succinate,,20353,IELOKBJPULMYRW-NJQVLOCASA-N,C33H54O5,530.8,CC1=C(C(=C(C2=C1O[C@](CC2)(C)CCC[C@H](C)CCC[C@H](C)CCCC(C)C)C)OC(=O)CCC(=O)O)C,confirmed_organic,vitamin,,ChemIranSanat,telegram,listing_evidence_crawled_2026-08-23,https://t.me/ChemIranSanat/1852,016654 Exir D-alpha-Tocopherol Succinate (Vitamin E succinate) 2g 5g 10g 🔜 موجود و آماده تحویل ✅ شیمیران صنعت فقط اصلی ♾ موجودی و تنوع بی نظیر از برندهای معتبر 📱 سفارش کالا 👇 🆔 @ChemIranAdmin 🆔 @ChemIran1,ai_resolved+pubchem,verified_telegram_listing,2026-08-23
2-Hydroxypropyl methacrylate,2-hydroxypropyl methacrylate,,13539,VHSHLMUCYSAUQU-UHFFFAOYSA-N,C7H12O3,144.17,CC(COC(=O)C(=C)C)O,confirmed_organic,organic_reagent,,Maran_Tejarat_Eshen,telegram,listing_evidence_crawled_2026-08-23,https://t.me/Maran_Tejarat_Eshen/538,✅ مونومر هیدروکسی پروپیل متااکریلات (HPMA) ✅ برند (JIN DUN) چین ✅ موجود در انبار شورآباد 👤 برای استعلام قیمت و کسب اطلاعات بیشتر با ما در تماس باشید 🏢 بازرگانی ماران تجارت اشن ☎️ 021-26378323 📱 09102296278 📱 09108066146 📱 09912064037 Instagram: @marantejarat Telegram: https://t.m,ai_resolved+pubchem,verified_telegram_listing,2026-08-23
Lithium Chloride,lithium chloride,,433294,KWGKDLIKAYFUFQ-UHFFFAOYSA-M,ClLi,42.4,,inorganic,organic_reagent,,jahaneshimicom,telegram,listing_evidence_crawled_2026-08-23,https://t.me/jahaneshimicom/42,سلام لیتیم کلرید خشک بدونه آب صنعتی قیمت بفرمائید؟ 09162054633,ai_resolved+pubchem | organic_status_corrected_2026-08-24,verified_telegram_listing,2026-08-23
di-N-Octyl Phthalate,Dioctyl phthalate,,8346,MQIUGAXCHLFZKX-UHFFFAOYSA-N,C24H38O4,390.6,CCCCCCCCOC(=O)C1=CC=CC=C1C(=O)OCCCCCCCC,confirmed_organic,organic_reagent,,jahaneshimicom,telegram,listing_evidence_crawled_2026-08-23,https://t.me/jahaneshimicom/57,سلام یک بشکه روغن DOP برای رنگ زیره کفش نیاز داریم 09191138854,ai_resolved+pubchem,verified_telegram_listing,2026-08-23
Sucralose,Sucralose,,71485,BAQAVOSOZGMPRM-QBMZZYIRSA-N,C12H19Cl3O8,397.6,C([C@@H]1[C@@H]([C@@H]([C@H]([C@H](O1)O[C@]2([C@H]([C@@H]([C@H](O2)CCl)O)O)CCl)O)O)Cl)O,confirmed_organic,supplement_active,,jahaneshimicom,telegram,listing_evidence_crawled_2026-08-23,https://t.me/jahaneshimicom/72,🟢 🟢 شرکت بازرگانی اکسیر گستر رازی وارد کننده مواد اولیه غذایی و دارویی 🟠 🟡 سوکرالوز کانبو چین بسته بندی ۱۰ کیلویی 🟡 ویتامین D3 پودری صد هزار برند fbl هند 🟡 ویتامینE50% پودری برندZmc 🟡 آسکوربیک اسید برند زیبو 🟡 کافئین آرتی هند 🟡 بتاکاروتن پودری محلول در آب ۱۰٪ برندBasf آلمان 🟡 کلا,ai_resolved+pubchem,verified_telegram_listing,2026-08-23
Chlorhexidine Gluconate,Chlorhexidine gluconate,,9552081,YZIYKJHYYHPJIB-UUPCJSQJSA-N,C34H54Cl2N10O14,897.8,C1=CC(=CC=C1N/C(=N/C(=NCCCCCCN=C(/N=C(/NC2=CC=C(C=C2)Cl)\N)N)N)/N)Cl.C(O)[C@@H](O)[C@@H](O)[C@H](O)[C@@H](O)C(=O)O.C(O)[C@@H](O)[C@@H](O)[C@H](O)[C@@H](O)C(=O)O,confirmed_organic,pharmaceutical_or_api,,jahaneshimicom,telegram,listing_evidence_crawled_2026-08-23,https://t.me/jahaneshimicom/79,سلام محلول ساولن موجود دارین؟ 09126382937,ai_resolved+pubchem,verified_telegram_listing,2026-08-23
Maltose,Maltose,,439186,GUBGYTABKSRVRQ-PICCSMPSSA-N,C12H22O11,342.30,C([C@@H]1[C@H]([C@@H]([C@H]([C@H](O1)O[C@@H]2[C@H](OC([C@@H]([C@H]2O)O)O)CO)O)O)O)O,confirmed_organic,organic_reagent,,jahaneshimicom,telegram,listing_evidence_crawled_2026-08-23,https://t.me/jahaneshimicom/80,سلام گلوتن گندم هیدرولیز شده و آب پنیر دلاکتوز شده و پروتئین سویا و مالتوز از هرکدام ١٠٠ کیلو میخواستم 09134469010,ai_resolved+pubchem,verified_telegram_listing,2026-08-23
Malachite Green,Malachite green,,11294,FDZZZRQASAIRJF-UHFFFAOYSA-M,C23H25ClN2,364.9,CN(C)C1=CC=C(C=C1)C(=C2C=CC(=[N+](C)C)C=C2)C3=CC=CC=C3.[Cl-],confirmed_organic,colorant_or_indicator,,jahaneshimicom,telegram,listing_evidence_crawled_2026-08-23,https://t.me/jahaneshimicom/90,سلام رنگ مالاشیت گرین دارید؟ 09195743545,ai_resolved+pubchem,verified_telegram_listing,2026-08-23
Calcium Dihydrogen Phosphate,Monocalcium phosphate,,24454,YYRMJZQKEFZXMX-UHFFFAOYSA-L,CaH4O8P2,234.05,,inorganic,organic_reagent,,jahaneshimicom,telegram,listing_evidence_crawled_2026-08-23,https://t.me/jahaneshimicom/101,سلام مونو کلسیم فسفات دامی موجود دارید؟ 09162669047,ai_resolved+pubchem | organic_status_corrected_2026-08-24,verified_telegram_listing,2026-08-23
Cobalt hydroxide,Cobalt(II) hydroxide,,10129900,ASKVAEGIVYSGNY-UHFFFAOYSA-L,CoH2O2,92.948,,inorganic,organic_reagent,,jahaneshimicom,telegram,listing_evidence_crawled_2026-08-23,https://t.me/jahaneshimicom/113,سلام هیدروکسید کبالت قیمت لطف کنید 09129640927,ai_resolved+pubchem | organic_status_corrected_2026-08-24,verified_telegram_listing,2026-08-23
Sorbitan trioctadecanoate,sorbitan tristearate,,15181202,IJCWFDPJFXGQBN-RYNSOKOISA-N,C60H114O8,963.5,CCCCCCCCCCCCCCCCCC(=O)OC[C@H]([C@@H]1[C@@H]([C@H](CO1)O)OC(=O)CCCCCCCCCCCCCCCCC)OC(=O)CCCCCCCCCCCCCCCCC,confirmed_organic,organic_reagent,,jahaneshimicom,telegram,listing_evidence_crawled_2026-08-23,https://t.me/jahaneshimicom/135,سلام کمالی از مشهد هستم سوربیتان تری استئارات غذایی پودری میخواستم 09367065792,ai_resolved+pubchem,verified_telegram_listing,2026-08-23
Tert-Butylhydroquinone,Tert-butylhydroquinone,,16043,BGNXCDMCOKJUMV-UHFFFAOYSA-N,C10H14O2,166.22,CC(C)(C)C1=C(C=CC(=C1)O)O,confirmed_organic,organic_reagent,,jahaneshimicom,telegram,listing_evidence_crawled_2026-08-23,https://t.me/jahaneshimicom/143,سلام ترت بوتیل هیدروکینون موجود دارید؟ نباتی شرکت ایستا تحکیم 09351397699,ai_resolved+pubchem,verified_telegram_listing,2026-08-23
Monostearin,Glyceryl monostearate,,24699,VBICKXHEKHSIBG-UHFFFAOYSA-N,C21H42O4,358.6,CCCCCCCCCCCCCCCCCC(=O)OCC(CO)O,confirmed_organic,cosmetic_raw_material,,Ch_Chemical_leaders,telegram,listing_evidence_crawled_2026-08-23,https://t.me/Ch_Chemical_leaders/388,#تبلیغات 📢 عرضه مستقیم GMS جینکو – JINQIAO TECHNOLOGY محصول GMS (Glyceryl Monostearate) برند جینکو (JINQIAO TECHNOLOGY) توسط پلی زون تأمین و آماده ارائه به تولیدکنندگان محترم است. پلی زون، تأمین‌کننده تخصصی مواد اولیه شیمیایی و غذایی، این محصول را با کیفیت تضمین‌شده و شرایط رقابت,ai_resolved+pubchem,verified_telegram_listing,2026-08-23
Copper,Copper,,23978,RYGMFSIKBFXOCR-UHFFFAOYSA-N,Cu,63.55,,inorganic,organic_reagent,,IranChemicals,telegram,listing_evidence_crawled_2026-08-23,https://t.me/IranChemicals/30032,🔴 #فرآیندها #صنعت #جدول_مندلیف 🟩 تولید فلز مس و فراورده های مسی از سنگ معدن 🔴 مس فلزی کلیدی و پر مصرف از عصر فلز تا کنون ...! 🔬 فلز واسطه با عدد اتمی ۲۹ 🏭 🏭 🏭 https://youtu.be/z3JqiTgDOg8?si=fN3YyX2zpYiAcD_E,ai_resolved+pubchem | organic_status_corrected_2026-08-24,verified_telegram_listing,2026-08-23
Semaglutide,Semaglutide,,56843331,DLSWIYLPEUIQAV-CCUURXOWSA-N,C187H291N45O59,4114,CC[C@H](C)[C@@H](C(=O)N[C@@H](C)C(=O)N[C@@H](CC1=CNC2=CC=CC=C21)C(=O)N[C@@H](CC(C)C)C(=O)N[C@@H](C(C)C)C(=O)N[C@@H](CCCNC(=N)N)C(=O)NCC(=O)N[C@@H](CCCNC(=N)N)C(=O)NCC(=O)O)NC(=O)[C@H](CC3=CC=CC=C3)NC(=O)[C@H](CCC(=O)O)NC(=O)[C@H](CCCCNC(=O)COCCOCCNC(=O)COCCOCCNC(=O)CC[C@H](C(=O)O)NC(=O)CCCCCCCCCCCCCCCCC(=O)O)NC(=O)[C@H](C)NC(=O)[C@H](C)NC(=O)[C@H](CCC(=O)N)NC(=O)CNC(=O)[C@H](CCC(=O)O)NC(=O)[C@H](CC(C)C)NC(=O)[C@H](CC4=CC=C(C=C4)O)NC(=O)[C@H](CO)NC(=O)[C@H](CO)NC(=O)[C@H](C(C)C)NC(=O)[C@H](CC(=O)O)NC(=O)[C@H](CO)NC(=O)[C@H]([C@@H](C)O)NC(=O)[C@H](CC5=CC=CC=C5)NC(=O)[C@H]([C@@H](C)O)NC(=O)CNC(=O)[C@H](CCC(=O)O)NC(=O)C(C)(C)NC(=O)[C@H](CC6=CN=CN6)N,confirmed_organic,pharmaceutical_or_api,,IranChemicals,telegram,listing_evidence_crawled_2026-08-23,https://t.me/IranChemicals/31774,🆘 🍀 🆘 🔴 #بهداشت 🟩 آمپول اوزمپیک ؛ داروی دیابت یا لاغری ؟ 🔴 آمپول‌های لاغری چقدر موثرند و عوارض جانبی‌شان چیست؟ https://youtu.be/kIEr-eK86fU?si=SbT5RuOixAAjOLFy,ai_resolved+pubchem,verified_telegram_listing,2026-08-23
Ceric sulfate tetrahydrate,Cerium(IV) sulfate tetrahydrate,,22723557,MEXSQFDSPVYJOM-UHFFFAOYSA-J,CeH8O12S2,404.3,,inorganic,organic_reagent,,Mojallali Group,web_catalogue,listing_evidence_crawled_2026-08-23,https://drm-chem.com/en/product/cerium-iv-sulfate-tetrahydrate-lab-en/,Cerium (IV) sulfate tetrahydrate,ai_resolved+pubchem | organic_status_corrected_2026-08-24,verified_web_catalogue,2026-08-23
Sodium tartrate dihydrate,Disodium tartrate dihydrate,,12598458,FGJLAJMGHXGFDE-DGFHWNFOSA-L,C4H8Na2O8,230.08,[C@@H]([C@H](C(=O)[O-])O)(C(=O)[O-])O.O.O.[Na+].[Na+],confirmed_organic,organic_reagent,,Mojallali Group,web_catalogue,listing_evidence_crawled_2026-08-23,https://drm-chem.com/en/product/di-sodium-tartarate-dihydrate-en/,di-sodium tartarate dihydrate,ai_resolved+pubchem,verified_web_catalogue,2026-08-23
Sodium Oxalate,Disodium oxalate,,6125,ZNCPFRVNHGOPAG-UHFFFAOYSA-L,C2Na2O4,134.00,C(=O)(C(=O)[O-])[O-].[Na+].[Na+],confirmed_organic,organic_reagent,,Mojallali Group,web_catalogue,listing_evidence_crawled_2026-08-23,https://drm-chem.com/en/product/di-sodium-oxalate-laboratory-en/,Di-Sodium oxalate,ai_resolved+pubchem,verified_web_catalogue,2026-08-23
Lead diacetate trihydrate,Lead(II) acetate trihydrate,,22456,MCEUZMYFCCOOQO-UHFFFAOYSA-L,C4H12O7Pb,379,CC(=O)[O-].CC(=O)[O-].O.O.O.[Pb+2],confirmed_organic,organic_reagent,,Mojallali Group,web_catalogue,listing_evidence_crawled_2026-08-23,https://drm-chem.com/en/product/lead-ii-acetate-trihydrate-en/,Lead (II) acetate trihydrate,ai_resolved+pubchem,verified_web_catalogue,2026-08-23
Cobaltous chloride hexahydrate,Cobalt (II) chloride hexahydrate,,24643,GFHNAMRJFCEERV-UHFFFAOYSA-L,Cl2CoH12O6,237.93,,inorganic,organic_reagent,,Mojallali Group,web_catalogue,listing_evidence_crawled_2026-08-23,https://drm-chem.com/en/product/cobalt-ii-chloride-hexahydrate-en/,Cobalt (II) chloride hexahydrate,ai_resolved+pubchem | organic_status_corrected_2026-08-24,verified_web_catalogue,2026-08-23
Magnesium carbonate hydroxide,magnesium carbonate hydroxide,,73415762,UOVKYUCEFPSRIJ-UHFFFAOYSA-D,C4H12Mg6O19+2,509.96,C(=O)([O-])[O-].C(=O)([O-])[O-].C(=O)([O-])[O-].C(=O)([O-])[O-].O.O.O.O.O.[OH-].[OH-].[Mg+2].[Mg+2].[Mg+2].[Mg+2].[Mg+2].[Mg+2],confirmed_organic,organic_reagent,,Mojallali Group,web_catalogue,listing_evidence_crawled_2026-08-23,https://drm-chem.com/en/product/magnesium-carbonate-basic-light-en/,Magnesium carbonate basic light,ai_resolved+pubchem,verified_web_catalogue,2026-08-23
Tromethamine hydrochloride,tris(hydroxymethyl)aminomethane hydrochloride,,93573,QKNYBSVHEMOAJP-UHFFFAOYSA-N,C4H12ClNO3,157.59,C(C(CO)(CO)N)O.Cl,confirmed_organic,organic_reagent,,Mojallali Group,web_catalogue,listing_evidence_crawled_2026-08-23,https://drm-chem.com/en/product/tris-hydrochloride-en/,Tris hydrochloride,ai_resolved+pubchem,verified_web_catalogue,2026-08-23
Norepinephrine,Norepinephrine,,439260,SFLSHLFXELFNJZ-QMMMGPOBSA-N,C8H11NO3,169.18,C1=CC(=C(C=C1[C@H](CN)O)O)O,confirmed_organic,pharmaceutical_or_api,,Exir Pharmaceutical Co.,web_catalogue,listing_evidence_crawled_2026-08-23,https://exir.co.ir/product/norepinephrine-4-2/,امپول نوراپی نفرین 10 میلی لیتری,ai_resolved+pubchem,verified_web_catalogue,2026-08-23
Methadone,Methadone,,4095,USSIQXCVUWKGNF-UHFFFAOYSA-N,C21H27NO,309.4,CCC(=O)C(CC(C)N(C)C)(C1=CC=CC=C1)C2=CC=CC=C2,confirmed_organic,pharmaceutical_or_api,,Exir Pharmaceutical Co.,web_catalogue,listing_evidence_crawled_2026-08-23,https://exir.co.ir/product/methadone-5-20-40/,متادون 5-20-40 میلی‌گرم,ai_resolved+pubchem,verified_web_catalogue,2026-08-23
Gabapentin,Gabapentin,,3446,UGJMXCAKCUNAIE-UHFFFAOYSA-N,C9H17NO2,171.24,C1CCC(CC1)(CC(=O)O)CN,confirmed_organic,pharmaceutical_or_api,,Exir Pharmaceutical Co.,web_catalogue,listing_evidence_crawled_2026-08-23,https://exir.co.ir/product/gabapantin-400-2/,گاباپنتین 400,ai_resolved+pubchem,verified_web_catalogue,2026-08-23
Cyclophosphamide,Endoxan,,2907,CMSMOCZEIVJLDB-UHFFFAOYSA-N,C7H15Cl2N2O2P,261.08,C1CNP(=O)(OC1)N(CCCl)CCCl,confirmed_organic,pharmaceutical_or_api,,Exir Pharmaceutical Co.,web_catalogue,listing_evidence_crawled_2026-08-23,https://exir.co.ir/product/ondansetron-syrup/,اندانسترون 4 میلی گرم,ai_resolved+pubchem,verified_web_catalogue,2026-08-23
Metformin,Metformin,,4091,XZWYZXLIPXDOLR-UHFFFAOYSA-N,C4H11N5,129.16,CN(C)C(=N)N=C(N)N,confirmed_organic,pharmaceutical_or_api,,Exir Pharmaceutical Co.,web_catalogue,listing_evidence_crawled_2026-08-23,https://exir.co.ir/product/metformin-er/,متفورمین 500 ER,ai_resolved+pubchem,verified_web_catalogue,2026-08-23
Nitroglycerin,Nitroglycerin,,4510,SNIOPGDIGTZGOP-UHFFFAOYSA-N,C3H5N3O9,227.09,C(C(CO[N+](=O)[O-])O[N+](=O)[O-])O[N+](=O)[O-],confirmed_organic,organic_reagent,,Exir Pharmaceutical Co.,web_catalogue,listing_evidence_crawled_2026-08-23,https://exir.co.ir/product/nitroglycerin-2-6/,نیتروگلیسرین 2.6,ai_resolved+pubchem,verified_web_catalogue,2026-08-23
Sodium Picosulfate,Sodium picosulfate,,68654,GOZDTZWAMGHLDY-UHFFFAOYSA-L,C18H13NNa2O8S2,481.4,C1=CC=NC(=C1)C(C2=CC=C(C=C2)OS(=O)(=O)[O-])C3=CC=C(C=C3)OS(=O)(=O)[O-].[Na+].[Na+],confirmed_organic,organic_reagent,,Exir Pharmaceutical Co.,web_catalogue,listing_evidence_crawled_2026-08-23,https://exir.co.ir/product/colistim-1000000/,کلیستیمتات سدیم 1000000,ai_resolved+pubchem,verified_web_catalogue,2026-08-23
Closantel sodium,Closantel sodium,,23683671,LREGMDNUOGTSIK-UHFFFAOYSA-M,C22H13Cl2I2N2NaO2,685.1,CC1=CC(=C(C=C1NC(=O)C2=C(C(=CC(=C2)I)I)[O-])Cl)C(C#N)C3=CC=C(C=C3)Cl.[Na+],confirmed_organic,pharmaceutical_or_api,,Temad,web_catalogue,listing_evidence_crawled_2026-08-23,https://www.temad.com/product/thiamine-hcl-vitamin-b1-veterinary/,Closantel sodium-Veterinary,ai_resolved+pubchem,verified_web_catalogue,2026-08-23
Thiamine Hydrochloride,Thiamine hydrochloride,,6202,DPJRMOMPQZCRJU-UHFFFAOYSA-M,C12H18Cl2N4OS,337.3,CC1=C(SC=[N+]1CC2=CN=C(N=C2N)C)CCO.Cl.[Cl-],confirmed_organic,pharmaceutical_or_api,,Temad,web_catalogue,listing_evidence_crawled_2026-08-23,https://www.temad.com/product/12/,Thiamine HCL (vitamin B1) Veterinary,ai_resolved+pubchem,verified_web_catalogue,2026-08-23
Florfenicol,Florfenicol,,114811,AYIRNRDRBQJXIF-NXEZZACHSA-N,C12H14Cl2FNO4S,358.2,CS(=O)(=O)C1=CC=C(C=C1)[C@H]([C@@H](CF)NC(=O)C(Cl)Cl)O,confirmed_organic,pharmaceutical_or_api,,Temad,web_catalogue,listing_evidence_crawled_2026-08-23,https://www.temad.com/product/noroxymorphone-base-veterinary/,Florfenicol-Veterinary,ai_resolved+pubchem,verified_web_catalogue,2026-08-23
Enrofloxacin,Enrofloxacin,,71188,SPFYMRJSYKOXGV-UHFFFAOYSA-N,C19H22FN3O3,359.4,CCN1CCN(CC1)C2=C(C=C3C(=C2)N(C=C(C3=O)C(=O)O)C4CC4)F,confirmed_organic,pharmaceutical_or_api,,Temad,web_catalogue,listing_evidence_crawled_2026-08-23,https://www.temad.com/product/fluoxetine-hcl-veterinary/,Enrofloxacin-Veterinary,ai_resolved+pubchem,verified_web_catalogue,2026-08-23
Betamethasone Valerate,betamethasone valerate,,16533,SNHRLVCMMWUAJD-SUYDQAKGSA-N,C27H37FO6,476.6,CCCCC(=O)O[C@@]1([C@H](C[C@@H]2[C@@]1(C[C@@H]([C@]3([C@H]2CCC4=CC(=O)C=C[C@@]43C)F)O)C)C)C(=O)CO,confirmed_organic,pharmaceutical_or_api,,Temad,web_catalogue,listing_evidence_crawled_2026-08-23,https://www.temad.com/product/hydrocodone-bitartrate-2/,Betamethasone Valerate,ai_resolved+pubchem,verified_web_catalogue,2026-08-23
Betamethasone Sodium Phosphate,betamethasone sodium phosphate,,65478,PLCQGRYPOISRTQ-LWCNAHDDSA-L,C22H28FNa2O8P,516.4,C[C@H]1C[C@H]2[C@@H]3CCC4=CC(=O)C=C[C@@]4([C@]3([C@H](C[C@@]2([C@]1(C(=O)COP(=O)([O-])[O-])O)C)O)F)C.[Na+].[Na+],confirmed_organic,pharmaceutical_or_api,,Temad,web_catalogue,listing_evidence_crawled_2026-08-23,https://www.temad.com/product/gliclazide-2/,Betamethasone Sodium Phosphate,ai_resolved+pubchem,verified_web_catalogue,2026-08-23
Dexamethasone Sodium Phosphate,dexamethasone sodium phosphate,,16961,PLCQGRYPOISRTQ-FCJDYXGNSA-L,C22H28FNa2O8P,516.4,C[C@@H]1C[C@H]2[C@@H]3CCC4=CC(=O)C=C[C@@]4([C@]3([C@H](C[C@@]2([C@]1(C(=O)COP(=O)([O-])[O-])O)C)O)F)C.[Na+].[Na+],confirmed_organic,pharmaceutical_or_api,,Temad,web_catalogue,listing_evidence_crawled_2026-08-23,https://www.temad.com/product/oxymorphone-hcl/,Dexamethasone Sodium Phosphate,ai_resolved+pubchem,verified_web_catalogue,2026-08-23
Rosuvastatin Calcium,rosuvastatin calcium,,5282455,LALFOYNTGMUKGG-BGRFNVSISA-L,C44H54CaF2N6O12S2,1001.1,CC(C1=NC(=NC(=C1/C=C/[C@@H](O)C[C@@H](O)CC(=O)[O-])C2=CC=C(C=C2)F)N(S(=O)(=O)C)C)C.CC(C1=NC(=NC(=C1/C=C/[C@@H](O)C[C@@H](O)CC(=O)[O-])C2=CC=C(C=C2)F)N(S(=O)(=O)C)C)C.[Ca+2],confirmed_organic,pharmaceutical_or_api,,Temad,web_catalogue,listing_evidence_crawled_2026-08-23,https://www.temad.com/product/morphine-sulfate/,Rosuvastatin Calcium,ai_resolved+pubchem,verified_web_catalogue,2026-08-23
Prazosin Hydrochloride,prazosin hydrochloride,,68546,WFXFYZULCQKPIP-UHFFFAOYSA-N,C19H22ClN5O4,419.9,COC1=C(C=C2C(=C1)C(=NC(=N2)N3CCN(CC3)C(=O)C4=CC=CO4)N)OC.Cl,confirmed_organic,pharmaceutical_or_api,,Temad,web_catalogue,listing_evidence_crawled_2026-08-23,https://www.temad.com/product/noscapine-base-2/,Prazosin HCL,ai_resolved+pubchem,verified_web_catalogue,2026-08-23
Noscapine Hydrochloride,noscapine hydrochloride,,9933439,MFLVZFXCSKVCSH-URBRKQAFSA-N,C22H24ClNO7,449.9,CN1CCC2=CC3=C(C(=C2[C@@H]1[C@@H]4C5=C(C(=C(C=C5)OC)OC)C(=O)O4)OC)OCO3.Cl,confirmed_organic,pharmaceutical_or_api,,Temad,web_catalogue,listing_evidence_crawled_2026-08-23,https://www.temad.com/product/levofloxacin-2/,Noscapine HCL,ai_resolved+pubchem,verified_web_catalogue,2026-08-23
Oxycodone Hydrochloride,oxycodone hydrochloride,,5462350,MUZQPDBAOYKNLO-RKXJKUSZSA-N,C18H22ClNO4,351.8,CN1CC[C@]23[C@@H]4C(=O)CC[C@]2([C@H]1CC5=C3C(=C(C=C5)OC)O4)O.Cl,confirmed_organic,pharmaceutical_or_api,,Temad,web_catalogue,listing_evidence_crawled_2026-08-23,https://www.temad.com/product/acyclovir-2/,Oxycodone HCL,ai_resolved+pubchem,verified_web_catalogue,2026-08-23
Naloxone Hydrochloride,naloxone hydrochloride,,5464092,RGPDIGOSVORSAK-STHHAXOLSA-N,C19H22ClNO4,363.8,C=CCN1CC[C@]23[C@@H]4C(=O)CC[C@]2([C@H]1CC5=C3C(=C(C=C5)O)O4)O.Cl,confirmed_organic,pharmaceutical_or_api,,Temad,web_catalogue,listing_evidence_crawled_2026-08-23,https://www.temad.com/product/buprenorphine-hcl/,Naloxone HCL,ai_resolved+pubchem,verified_web_catalogue,2026-08-23
Naltrexone Hydrochloride,naltrexone hydrochloride,,5485201,RHBRMCOKKKZVRY-ITLPAZOVSA-N,C20H24ClNO4,377.9,C1CC1CN2CC[C@]34[C@@H]5C(=O)CC[C@]3([C@H]2CC6=C4C(=C(C=C6)O)O5)O.Cl,confirmed_organic,pharmaceutical_or_api,,Temad,web_catalogue,listing_evidence_crawled_2026-08-23,https://www.temad.com/product/vitamin-b1-veterinary-2/,Naltrexone HCL,ai_resolved+pubchem,verified_web_catalogue,2026-08-23
Buprenorphine,Buprenorphine,,644073,RMRJXGBAOAMLHD-IHFGGWKQSA-N,C29H41NO4,467.6,C[C@]([C@H]1C[C@@]23CC[C@@]1([C@H]4[C@@]25CCN([C@@H]3CC6=C5C(=C(C=C6)O)O4)CC7CC7)OC)(C(C)(C)C)O,confirmed_organic,pharmaceutical_or_api,,Temad,web_catalogue,listing_evidence_crawled_2026-08-23,https://www.temad.com/product/buprenorphine-base/,Buprenorphine Base,ai_resolved+pubchem,verified_web_catalogue,2026-08-23
14-Hydroxycodeine,14-Hydroxycodeine,,14261327,YPZPXTZKBNWUTF-QMVVXIJUSA-N,C18H21NO4,315.4,CN1CC[C@]23[C@@H]4[C@H](C=C[C@]2([C@H]1CC5=C3C(=C(C=C5)OC)O4)O)O,confirmed_organic,pharmaceutical_or_api,,Temad,web_catalogue,listing_evidence_crawled_2026-08-23,https://www.temad.com/product/hydroxycodeine-14/,Hydroxycodeine &#8211; 14,ai_resolved+pubchem,verified_web_catalogue,2026-08-23
Naloxone,Naloxone,,5284596,UZHSEJADLWPNLE-GRGSLBFTSA-N,C19H21NO4,327.4,C=CCN1CC[C@]23[C@@H]4C(=O)CC[C@]2([C@H]1CC5=C3C(=C(C=C5)O)O4)O,confirmed_organic,pharmaceutical_or_api,,Temad,web_catalogue,listing_evidence_crawled_2026-08-23,https://www.temad.com/product/naloxone-base/,Naloxone Base,ai_resolved+pubchem,verified_web_catalogue,2026-08-23
Lansoprazole,Lansoprazole,,3883,MJIHNNLFOKEZEW-UHFFFAOYSA-N,C16H14F3N3O2S,369.4,CC1=C(C=CN=C1CS(=O)C2=NC3=CC=CC=C3N2)OCC(F)(F)F,confirmed_organic,pharmaceutical_or_api,,Temad,web_catalogue,listing_evidence_crawled_2026-08-23,https://www.temad.com/product/capsule-lansoprazole-30-mg/,Capsule &#8211; Lansoprazole 30 mg,ai_resolved+pubchem,verified_web_catalogue,2026-08-23
Esomeprazole,Esomeprazole,,9568614,SUBDBMMJDZJVOS-DEOSSOPVSA-N,C17H19N3O3S,345.4,CC1=CN=C(C(=C1OC)C)C[S@](=O)C2=NC3=C(N2)C=C(C=C3)OC,confirmed_organic,pharmaceutical_or_api,,Temad,web_catalogue,listing_evidence_crawled_2026-08-23,https://www.temad.com/product/capsule-esomeprazole-40-mg/,Capsule &#8211; Esomeprazole 40 mg,ai_resolved+pubchem,verified_web_catalogue,2026-08-23
Guaifenesin,Guaifenesin,,3516,HSRJKNPTNIJEKV-UHFFFAOYSA-N,C10H14O4,198.22,COC1=CC=CC=C1OCC(CO)O,confirmed_organic,pharmaceutical_or_api,,Temad,web_catalogue,listing_evidence_crawled_2026-08-23,https://www.temad.com/product/syrup-guaicodin-guaifenesin-codeine-sulfate/,Syrup &#8211; Guaicodin (Guaifenesin / Codeine Sulfate),ai_resolved+pubchem,verified_web_catalogue,2026-08-23
Hydroxychloroquine Sulfate,Hydroxychloroquine sulfate,,12947,JCBIVZZPXRZKTI-UHFFFAOYSA-N,C18H28ClN3O5S,434.0,CCN(CCCC(C)NC1=C2C=CC(=CC2=NC=C1)Cl)CCO.OS(=O)(=O)O,confirmed_organic,pharmaceutical_or_api,,Temad,web_catalogue,listing_evidence_crawled_2026-08-23,https://www.temad.com/product/tablet-hydroxychloroquine-sulfate-200-mg/,Tablet &#8211; Hydroxychloroquine Sulfate 200 mg,ai_resolved+pubchem,verified_web_catalogue,2026-08-23
Calcium bicarbonate,Calcium bicarbonate,,10176262,NKWPZUCBCARRDP-UHFFFAOYSA-L,C2H2CaO6,162.11,C(=O)(O)[O-].C(=O)(O)[O-].[Ca+2],confirmed_organic,organic_reagent,,Fardad Shimi,web_catalogue,listing_evidence_crawled_2026-08-23,https://fardadshimi.com/product/6227857/,6227857,ai_resolved+pubchem,verified_web_catalogue,2026-08-23
Magnesium bicarbonate,Magnesium bicarbonate,,102204,QWDJLDTYWNBUKE-UHFFFAOYSA-L,C2H2MgO6,146.34,C(=O)(O)[O-].C(=O)(O)[O-].[Mg+2],confirmed_organic,organic_reagent,,Fardad Shimi,web_catalogue,listing_evidence_crawled_2026-08-23,https://fardadshimi.com/product/6227873/,6227873,ai_resolved+pubchem,verified_web_catalogue,2026-08-23
Allyl Alcohol,Allyl alcohol,,7858,XXROGKLTLUQVRX-UHFFFAOYSA-N,C3H6O,58.08,C=CCO,confirmed_organic,organic_reagent,,Fardad Shimi,web_catalogue,listing_evidence_crawled_2026-08-23,https://fardadshimi.com/product/allyl-alcohol-merck/,allyl alcohol merck,ai_resolved+pubchem,verified_web_catalogue,2026-08-23
Succinic Acid,succinic acid,,1110,KDYFGRWQOYBRFD-UHFFFAOYSA-N,C4H6O4,118.09,C(CC(=O)O)C(=O)O,confirmed_organic,organic_reagent,,Fardad Shimi,web_catalogue,listing_evidence_crawled_2026-08-23,https://fardadshimi.com/product/succinic-acid-merck/,succinic acid merck,ai_resolved+pubchem,verified_web_catalogue,2026-08-23
Donepezil,Donepezil,,3152,ADEBPBSSDYVVLD-UHFFFAOYSA-N,C24H29NO3,379.5,COC1=C(C=C2C(=C1)CC(C2=O)CC3CCN(CC3)CC4=CC=CC=C4)OC,confirmed_organic,pharmaceutical_or_api,,Akhbar_furii,telegram,listing_evidence_crawled_2026-08-23,https://t.me/Akhbar_furii/373939,🔴 افزایش نرخ ۸۲ قلم دارو و رشد ۱۲۰ درصدی میانگین قیمت آنتی‌بیوتیک‌ها ! در میان اقلام مشمول افزایش قیمت، قرص دنپزیل با افزایش نرخ حدود ۵۴۳ درصدی در صدر قرار دارد. همچنین نرخ کلاریترومایسین حدود ۳۰۸ درصد افزایش یافته است. 🆔 @Akhbar_furii,ai_resolved+pubchem,verified_telegram_listing,2026-08-23
(4R)-1-methyl-4-prop-1-en-2-ylcyclohexene,(+)-Limonene,5989-27-5,440917,XMGQYMWWDOXHJM-JTQLQIEISA-N,C10H16,136.23,CC1=CC[C@@H](CC1)C(=C)C,confirmed_organic,fragrance_or_aroma,,telegram:minatajhiz,Iranian supplier Telegram catalogue,listing_evidence_crawled_2026-08-24,https://t.me/minatajhiz/1043,,ai_normalised_listing+pubchem_confirmed,verified_telegram_listing,2023-06-24
"methyl 2-[(1R,2R)-3-oxo-2-[(Z)-pent-2-enyl]cyclopentyl]acetate",(-)-Methyl jasmonate,1211-29-6,5281929,GEWDNTWNSAZUDX-WQMVXFAESA-N,C13H20O3,224.30,CC/C=C\C[C@@H]1[C@H](CCC1=O)CC(=O)OC,confirmed_organic,secondary_metabolite_or_natural_product,,telegram:minatajhiz,Iranian supplier Telegram catalogue,listing_evidence_crawled_2026-08-24,https://t.me/minatajhiz/77,,ai_normalised_listing+pubchem_confirmed,verified_telegram_listing,2017-08-22
"(2,4-dinitrophenyl)hydrazine","(2,4-Dinitrophenyl)hydrazine",,3772977,HORQAOAYAYGIBM-UHFFFAOYSA-N,C6H6N4O4,198.14,C1=CC(=C(C=C1[N+](=O)[O-])[N+](=O)[O-])NN,confirmed_organic,organic_reagent,,telegram:minatajhiz,Iranian supplier Telegram catalogue,listing_evidence_crawled_2026-08-24,https://t.me/minatajhiz/428,,ai_normalised_listing+pubchem_confirmed,verified_telegram_listing,2018-07-30
trideuteriomethanol,(2H3)Methanol,1849-29-2,123132,OKKJLVBELUTLKV-FIBGUPNXSA-N,CH4O,35.060,[2H]C([2H])([2H])O,confirmed_organic,organic_reagent,,telegram:IranChemicals,Iranian supplier Telegram catalogue,listing_evidence_crawled_2026-08-24,https://t.me/Iranchemicals/29025,,ai_normalised_listing+pubchem_confirmed,verified_telegram_listing,2025-04-22
3-trimethoxysilylpropane-1-thiol,(3-Mercaptopropyl)trimethoxysilane,698-38-6,20473,UUEWCQRISZBELL-UHFFFAOYSA-N,C6H16O3SSi,196.34,CO[Si](CCCS)(OC)OC,confirmed_organic,organic_reagent,,telegram:minatajhiz,Iranian supplier Telegram catalogue,listing_evidence_crawled_2026-08-24,https://t.me/minatajhiz/8,,ai_normalised_listing+pubchem_confirmed,verified_telegram_listing,2016-04-30
di(imidazol-1-yl)methanone,"1,1'-Carbonyldiimidazole",530-62-1,68263,PFKFTWBEEFSNDU-UHFFFAOYSA-N,C7H6N4O,162.15,C1=CN(C=N1)C(=O)N2C=CN=C2,confirmed_organic,organic_reagent,,telegram:ChemIranSanat,Iranian supplier Telegram catalogue,listing_evidence_crawled_2026-08-24,https://t.me/ChemIranSanat/1535,,ai_normalised_listing+pubchem_confirmed,verified_telegram_listing,2018-09-22
"1,10-phenanthroline","1,10-Phenanthroline",66-71-7,1318,DGEZNRSVGBDHLK-UHFFFAOYSA-N,C12H8N2,180.20,C1=CC2=C(C3=C(C=CC=N3)C=C2)N=C1,confirmed_organic,organic_reagent,,telegram:ChemIranSanat,Iranian supplier Telegram catalogue,listing_evidence_crawled_2026-08-24,https://t.me/ChemIranSanat/219,,ai_normalised_listing+pubchem_confirmed,verified_telegram_listing,2017-06-14
"1,2-dichlorobenzene","1,2-Dichlorobenzene",95-50-1,7239,RFFLAFLAYFXFSW-UHFFFAOYSA-N,C6H4Cl2,147.00,C1=CC=C(C(=C1)Cl)Cl,confirmed_organic,organic_reagent,,telegram:minatajhiz,Iranian supplier Telegram catalogue,listing_evidence_crawled_2026-08-24,https://t.me/minatajhiz/142,,ai_normalised_listing+pubchem_confirmed,verified_telegram_listing,2017-10-19
dithiolane-4-carboxylic acid,"1,2-Dithiolane-4-carboxylic acid",2224-02-4,16682,AYGMEFRECNWRJC-UHFFFAOYSA-N,C4H6O2S2,150.2,C1C(CSS1)C(=O)O,confirmed_organic,organic_reagent,,telegram:ChemIranSanat,Iranian supplier Telegram catalogue,listing_evidence_crawled_2026-08-24,https://t.me/ChemIranSanat/989,,ai_normalised_listing+pubchem_confirmed,verified_telegram_listing,2017-11-08
2-nitroterephthalic acid,"1,4-Benzenedicarboxylic acid, 2-nitro-",610-29-7,69122,QUMITRDILMWWBC-UHFFFAOYSA-N,C8H5NO6,211.13,C1=CC(=C(C=C1C(=O)O)[N+](=O)[O-])C(=O)O,confirmed_organic,organic_reagent,,telegram:ChemIranSanat,Iranian supplier Telegram catalogue,listing_evidence_crawled_2026-08-24,https://t.me/ChemIranSanat/1862,,ai_normalised_listing+pubchem_confirmed,verified_telegram_listing,2019-11-05
"1,4-diethylbenzene","1,4-Diethylbenzene",105-05-5,7734,DSNHSQKRULAAEI-UHFFFAOYSA-N,C10H14,134.22,CCC1=CC=C(C=C1)CC,confirmed_organic,organic_reagent,,telegram:ChemIranSanat,Iranian supplier Telegram catalogue,listing_evidence_crawled_2026-08-24,https://t.me/ChemIranSanat/1439,,ai_normalised_listing+pubchem_confirmed,verified_telegram_listing,2018-05-06
"1,3,3-trimethyl-2-oxabicyclo[2.2.2]octane","1,8-Cineole",470-82-6,2758,WEEGYLXZBRQIMU-UHFFFAOYSA-N,C10H18O,154.25,CC1(C2CCC(O1)(CC2)C)C,confirmed_organic,fragrance_or_aroma,,telegram:chemgroup,Iranian supplier Telegram catalogue,listing_evidence_crawled_2026-08-24,https://t.me/chemgroup/3916,,ai_normalised_listing+pubchem_confirmed,verified_telegram_listing,2017-09-04
1-bromo-3-chlorobenzene,1-Bromo-3-chlorobenzene,590-79-8,7928,JRGGUPZKKTVKOV-UHFFFAOYSA-N,C6H4BrCl,191.45,C1=CC(=CC(=C1)Br)Cl,confirmed_organic,organic_reagent,,telegram:minatajhiz,Iranian supplier Telegram catalogue,listing_evidence_crawled_2026-08-24,https://t.me/minatajhiz/170,,ai_normalised_listing+pubchem_confirmed,verified_telegram_listing,2017-11-01
1-bromohexane,1-Bromohexane,,8101,MNDIARAMWBIKFW-UHFFFAOYSA-N,C6H13Br,165.07,CCCCCCBr,confirmed_organic,organic_reagent,,telegram:minatajhiz,Iranian supplier Telegram catalogue,listing_evidence_crawled_2026-08-24,https://t.me/minatajhiz/182,,ai_normalised_listing+pubchem_confirmed,verified_telegram_listing,2017-11-07
1-bromooctane,1-Bromooctane,,8140,VMKOFRJSULQZRM-UHFFFAOYSA-N,C8H17Br,193.12,CCCCCCCCBr,confirmed_organic,organic_reagent,,telegram:minatajhiz,Iranian supplier Telegram catalogue,listing_evidence_crawled_2026-08-24,https://t.me/minatajhiz/184,,ai_normalised_listing+pubchem_confirmed,verified_telegram_listing,2017-11-08
1-bromopropane,1-Bromopropane,106-94-5,7840,CYNYIHKIEHGYOZ-UHFFFAOYSA-N,C3H7Br,122.99,CCCBr,confirmed_organic,organic_reagent,,telegram:minatajhiz,Iranian supplier Telegram catalogue,listing_evidence_crawled_2026-08-24,https://t.me/minatajhiz/941,,ai_normalised_listing+pubchem_confirmed,verified_telegram_listing,2022-12-12
1-ethyl-4-methylbenzene,1-Ethyl-4-Methylbenzene,622-96-8,12160,JRLPEMVDPFPYPJ-UHFFFAOYSA-N,C9H12,120.19,CCC1=CC=C(C=C1)C,confirmed_organic,organic_reagent,,telegram:ChemIranSanat,Iranian supplier Telegram catalogue,listing_evidence_crawled_2026-08-24,https://t.me/ChemIranSanat/1400,,ai_normalised_listing+pubchem_confirmed,verified_telegram_listing,2018-04-22
hexan-1-ol,1-Hexanol,111-27-3,8103,ZSIAUFGUXNUGDI-UHFFFAOYSA-N,C6H14O,102.17,CCCCCCO,confirmed_organic,organic_reagent,,telegram:minatajhiz,Iranian supplier Telegram catalogue,listing_evidence_crawled_2026-08-24,https://t.me/minatajhiz/1051,,ai_normalised_listing+pubchem_confirmed,verified_telegram_listing,2023-07-25
nonan-1-ol,1-Nonanol,143-08-8,8914,ZWRUINPWMLAQRD-UHFFFAOYSA-N,C9H20O,144.25,CCCCCCCCCO,confirmed_organic,organic_reagent,,telegram:minatajhiz,Iranian supplier Telegram catalogue,listing_evidence_crawled_2026-08-24,https://t.me/minatajhiz/1093,,ai_normalised_listing+pubchem_confirmed,verified_telegram_listing,2024-02-14
1-ethenylimidazole,1-Vinylimidazole,,66171,OSSNTDFYBPYIEC-UHFFFAOYSA-N,C5H6N2,94.11,C=CN1C=CN=C1,confirmed_organic,organic_reagent,,telegram:minatajhiz,Iranian supplier Telegram catalogue,listing_evidence_crawled_2026-08-24,https://t.me/minatajhiz/850,,ai_normalised_listing+pubchem_confirmed,verified_telegram_listing,2022-03-02
2-[(1-amino-1-imino-2-methylpropan-2-yl)diazenyl]-2-methylpropanimidamide;dihydrochloride,"2,2'-Azobis(2-methylpropanimidamide) dihydrochloride",2997-92-4,76344,LXEKPEMOWBOYRF-UHFFFAOYSA-N,C8H20Cl2N6,271.19,CC(C)(C(=N)N)N=NC(C)(C)C(=N)N.Cl.Cl,confirmed_organic,organic_reagent,,telegram:minatajhiz,Iranian supplier Telegram catalogue,listing_evidence_crawled_2026-08-24,https://t.me/minatajhiz/776,,ai_normalised_listing+pubchem_confirmed,verified_telegram_listing,2020-12-06
"2,2,3,4,4,4-hexafluorobutyl prop-2-enoate","2,2,3,4,4,4-Hexafluorobutyl acrylate",,2774977,LMVLEDTVXAGBJV-UHFFFAOYSA-N,C7H6F6O2,236.11,C=CC(=O)OCC(C(C(F)(F)F)F)(F)F,confirmed_organic,organic_reagent,,telegram:ChemIranSanat,Iranian supplier Telegram catalogue,listing_evidence_crawled_2026-08-24,https://t.me/ChemIranSanat/595,,ai_normalised_listing+pubchem_confirmed,verified_telegram_listing,2017-08-21
"naphthalene-2,3-diol","2,3-Dihydroxynaphthalene",,7091,JRNGUTKWMSBIBF-UHFFFAOYSA-N,C10H8O2,160.17,C1=CC=C2C=C(C(=CC2=C1)O)O,confirmed_organic,organic_reagent,,telegram:minatajhiz,Iranian supplier Telegram catalogue,listing_evidence_crawled_2026-08-24,https://t.me/minatajhiz/60,,ai_normalised_listing+pubchem_confirmed,verified_telegram_listing,2017-05-11
"diphenylphosphoryl-(2,4,6-trimethylphenyl)methanone","2,4,6-Trimethylbenzoyl diphenylphosphine oxide",75980-60-8,166480,VFHVQBAGLAREND-UHFFFAOYSA-N,C22H21O2P,348.4,CC1=CC(=C(C(=C1)C)C(=O)P(=O)(C2=CC=CC=C2)C3=CC=CC=C3)C,confirmed_organic,organic_reagent,,telegram:IranChemicals,Iranian supplier Telegram catalogue,listing_evidence_crawled_2026-08-24,https://t.me/Iranchemicals/29783,,ai_normalised_listing+pubchem_confirmed,verified_telegram_listing,2025-09-12
"2,4-diaminobenzenesulfonic acid","2,4-Diaminobenzenesulfonic acid",,66623,JVMSQRAXNZPDHF-UHFFFAOYSA-N,C6H8N2O3S,188.21,C1=CC(=C(C=C1N)N)S(=O)(=O)O,confirmed_organic,organic_reagent,,telegram:minatajhiz,Iranian supplier Telegram catalogue,listing_evidence_crawled_2026-08-24,https://t.me/minatajhiz/168,,ai_normalised_listing+pubchem_confirmed,verified_telegram_listing,2017-11-01
"1-methyl-2,4-dinitrobenzene","2,4-Dinitrotoluene",121-14-2,8461,RMBFBMJGBANMMK-UHFFFAOYSA-N,C7H6N2O4,182.13,CC1=C(C=C(C=C1)[N+](=O)[O-])[N+](=O)[O-],confirmed_organic,organic_reagent,,telegram:ChemIranSanat,Iranian supplier Telegram catalogue,listing_evidence_crawled_2026-08-24,https://t.me/ChemIranSanat/1368,,ai_normalised_listing+pubchem_confirmed,verified_telegram_listing,2018-04-09
"2,5-dihydroxyterephthalic acid","2,5-Dihydroxyterephthalic acid",,69131,OYFRNYNHAZOYNF-UHFFFAOYSA-N,C8H6O6,198.13,C1=C(C(=CC(=C1O)C(=O)O)O)C(=O)O,confirmed_organic,organic_reagent,,telegram:ChemIranSanat,Iranian supplier Telegram catalogue,listing_evidence_crawled_2026-08-24,https://t.me/ChemIranSanat/507,,ai_normalised_listing+pubchem_confirmed,verified_telegram_listing,2017-08-03
2-(propan-2-yloxymethyl)oxirane,2-((1-Methylethoxy)methyl)oxirane,106-92-5,19920,NWLUZGJDEZBBRH-UHFFFAOYSA-N,C6H12O2,116.16,CC(C)OCC1CO1,confirmed_organic,organic_reagent,,telegram:minatajhiz,Iranian supplier Telegram catalogue,listing_evidence_crawled_2026-08-24,https://t.me/minatajhiz/187,,ai_normalised_listing+pubchem_confirmed,verified_telegram_listing,2017-11-11
pyridin-2-amine,2-Aminopyridine,504-29-0,10439,ICSNLGPSRYBMBD-UHFFFAOYSA-N,C5H6N2,94.11,C1=CC=NC(=C1)N,confirmed_organic,organic_reagent,,telegram:minatajhiz,Iranian supplier Telegram catalogue,listing_evidence_crawled_2026-08-24,https://t.me/minatajhiz/61,,ai_normalised_listing+pubchem_confirmed,verified_telegram_listing,2017-05-11
N-butan-2-ylidenehydroxylamine,2-Butanone oxime,96-29-7,7292,WHIVNJATOVLWBW-UHFFFAOYSA-N,C4H9NO,87.12,CCC(=NO)C,confirmed_organic,organic_reagent,,telegram:Maran_Tejarat_Eshen,Iranian supplier Telegram catalogue,listing_evidence_crawled_2026-08-24,https://t.me/Maran_Tejarat_Eshen/649,,ai_normalised_listing+pubchem_confirmed,verified_telegram_listing,2026-01-05
2-ethylhexan-1-ol,2-Ethylhexanol,104-76-7,7720,YIWUKEYIRIRTPP-UHFFFAOYSA-N,C8H18O,130.23,CCCCC(CC)CO,confirmed_organic,cosmetic_raw_material,,telegram:IranChemicals,Iranian supplier Telegram catalogue,listing_evidence_crawled_2026-08-24,https://t.me/Maran_Tejarat_Eshen/650,,ai_normalised_listing+pubchem_confirmed,verified_telegram_listing,2026-01-05
2-ethylhexyl prop-2-enoate,2-Ethylhexyl acrylate,,7636,GOXQRTZXKQZDDN-UHFFFAOYSA-N,C11H20O2,184.27,CCCCC(CC)COC(=O)C=C,confirmed_organic,cosmetic_raw_material,,telegram:Maran_Tejarat_Eshen,Iranian supplier Telegram catalogue,listing_evidence_crawled_2026-08-24,https://t.me/Maran_Tejarat_Eshen/266,,ai_normalised_listing+pubchem_confirmed,verified_telegram_listing,2019-05-06
2-fluoroaniline,2-Fluoroaniline,,9584,FTZQXOJYPFINKJ-UHFFFAOYSA-N,C6H6FN,111.12,C1=CC=C(C(=C1)N)F,confirmed_organic,organic_reagent,,telegram:minatajhiz,Iranian supplier Telegram catalogue,listing_evidence_crawled_2026-08-24,https://t.me/minatajhiz/114,,ai_normalised_listing+pubchem_confirmed,verified_telegram_listing,2017-10-08
furan-2-carbonyl chloride,2-Furancarbonyl chloride,,68242,OFTKFKYVSBNYEC-UHFFFAOYSA-N,C5H3ClO2,130.53,C1=COC(=C1)C(=O)Cl,confirmed_organic,organic_reagent,,telegram:minatajhiz,Iranian supplier Telegram catalogue,listing_evidence_crawled_2026-08-24,https://t.me/minatajhiz/200,,ai_normalised_listing+pubchem_confirmed,verified_telegram_listing,2017-11-16
"4-hydroxynaphthalene-1,2-dione","2-Hydroxy-1,4-naphthoquinone",83-72-7,6755,WVCHIGAIXREVNS-UHFFFAOYSA-N,C10H6O3,174.15,C1=CC=C2C(=C1)C(=CC(=O)C2=O)O,confirmed_organic,colorant_or_indicator,,telegram:minatajhiz,Iranian supplier Telegram catalogue,listing_evidence_crawled_2026-08-24,https://t.me/minatajhiz/499,,ai_normalised_listing+pubchem_confirmed,verified_telegram_listing,2019-01-14
2-hydroxynaphthalene-1-carbaldehyde,2-Hydroxy-1-naphthaldehyde,124-37-0,12819,NTCCNERMXRIPTR-UHFFFAOYSA-N,C11H8O2,172.18,C1=CC=C2C(=C1)C=CC(=C2C=O)O,confirmed_organic,organic_reagent,,telegram:minatajhiz,Iranian supplier Telegram catalogue,listing_evidence_crawled_2026-08-24,https://t.me/minatajhiz/608,,ai_normalised_listing+pubchem_confirmed,verified_telegram_listing,2019-06-02
2-hydroxyethyl prop-2-enoate,2-Hydroxyethyl acrylate,818-61-1,13165,OMIGHNLMNHATMP-UHFFFAOYSA-N,C5H8O3,116.11,C=CC(=O)OCCO,confirmed_organic,organic_reagent,,telegram:Maran_Tejarat_Eshen,Iranian supplier Telegram catalogue,listing_evidence_crawled_2026-08-24,https://t.me/Maran_Tejarat_Eshen/629,,ai_normalised_listing+pubchem_confirmed,verified_telegram_listing,2025-11-25
2-iodophenol,2-Iodophenol,59-26-4,10784,KQDJTBPASNJQFQ-UHFFFAOYSA-N,C6H5IO,220.01,C1=CC=C(C(=C1)O)I,confirmed_organic,organic_reagent,,telegram:minatajhiz,Iranian supplier Telegram catalogue,listing_evidence_crawled_2026-08-24,https://t.me/minatajhiz/1038,,ai_normalised_listing+pubchem_confirmed,verified_telegram_listing,2023-06-14
2-methylbut-1-ene,2-Methyl-1-butene,563-46-2,11240,MHNNAWXXUZQSNM-UHFFFAOYSA-N,C5H10,70.13,CCC(=C)C,confirmed_organic,organic_reagent,,telegram:ChemIranSanat,Iranian supplier Telegram catalogue,listing_evidence_crawled_2026-08-24,https://t.me/ChemIranSanat/1390,,ai_normalised_listing+pubchem_confirmed,verified_telegram_listing,2018-04-16
2-methylnaphthalene,2-Methylnaphthalene,91-57-6,7055,QIMMUPPBPVKWKM-UHFFFAOYSA-N,C11H10,142.20,CC1=CC2=CC=CC=C2C=C1,confirmed_organic,organic_reagent,,telegram:minatajhiz,Iranian supplier Telegram catalogue,listing_evidence_crawled_2026-08-24,https://t.me/minatajhiz/637,,ai_normalised_listing+pubchem_confirmed,verified_telegram_listing,2019-09-03
pyridine-2-carbaldehyde,2-Pyridinecarboxaldehyde,1121-60-4,14273,CSDSSGBPEUDDEE-UHFFFAOYSA-N,C6H5NO,107.11,C1=CC=NC(=C1)C=O,confirmed_organic,organic_reagent,,telegram:ChemIranSanat,Iranian supplier Telegram catalogue,listing_evidence_crawled_2026-08-24,https://t.me/ChemIranSanat/1870,,ai_normalised_listing+pubchem_confirmed,verified_telegram_listing,2019-11-30
thiophene-2-carbaldehyde,2-Thiophenecarboxaldehyde,,7364,CNUDBTRUORMMPA-UHFFFAOYSA-N,C5H4OS,112.15,C1=CSC(=C1)C=O,confirmed_organic,organic_reagent,,telegram:minatajhiz,Iranian supplier Telegram catalogue,listing_evidence_crawled_2026-08-24,https://t.me/minatajhiz/199,,ai_normalised_listing+pubchem_confirmed,verified_telegram_listing,2017-11-15
"7,18-dioxaheptacyclo[14.6.2.22,5.03,12.04,9.013,23.020,24]hexacosa-1(23),2,4,9,11,13,15,20(24),21,25-decaene-6,8,17,19-tetrone","3,4,9,10-Perylenetetracarboxylic dianhydride",191-22-2,67191,CLYVDMAATCIVBF-UHFFFAOYSA-N,C24H8O6,392.3,C1=CC2=C3C(=CC=C4C3=C1C5=C6C4=CC=C7C6=C(C=C5)C(=O)OC7=O)C(=O)OC2=O,confirmed_organic,colorant_or_indicator,,telegram:minatajhiz,Iranian supplier Telegram catalogue,listing_evidence_crawled_2026-08-24,https://t.me/minatajhiz/678,,ai_normalised_listing+pubchem_confirmed,verified_telegram_listing,2020-01-26
"3,4-dimethylaniline","3,4-Dimethylaniline",,7248,DOLQYFPDPKPQSS-UHFFFAOYSA-N,C8H11N,121.18,CC1=C(C=C(C=C1)N)C,confirmed_organic,organic_reagent,,telegram:minatajhiz,Iranian supplier Telegram catalogue,listing_evidence_crawled_2026-08-24,https://t.me/minatajhiz/113,,ai_normalised_listing+pubchem_confirmed,verified_telegram_listing,2017-10-08
3-chloropropyl(trimethoxy)silane,3-(Trimethoxysilyl)propyl chloride,,62449,OXYZDRAJMHGSMW-UHFFFAOYSA-N,C6H15ClO3Si,198.72,CO[Si](CCCCl)(OC)OC,confirmed_organic,organic_reagent,,telegram:ChemIranSanat,Iranian supplier Telegram catalogue,listing_evidence_crawled_2026-08-24,https://t.me/ChemIranSanat/1920,,ai_normalised_listing+pubchem_confirmed,verified_telegram_listing,2020-06-13
3-trimethoxysilylpropyl 2-methylprop-2-enoate,3-(Trimethoxysilyl)propyl methacrylate,,17318,XDLMVUHYZWKMMD-UHFFFAOYSA-N,C10H20O5Si,248.35,CC(=C)C(=O)OCCC[Si](OC)(OC)OC,confirmed_organic,organic_reagent,,telegram:minatajhiz,Iranian supplier Telegram catalogue,listing_evidence_crawled_2026-08-24,https://t.me/minatajhiz/804,,ai_normalised_listing+pubchem_confirmed,verified_telegram_listing,2021-08-07
1-pyridin-3-ylethanone,3-Acetylpyridine,350-03-8,9589,WEGYGNROSJDEIW-UHFFFAOYSA-N,C7H7NO,121.14,CC(=O)C1=CN=CC=C1,confirmed_organic,organic_reagent,,telegram:ChemIranSanat,Iranian supplier Telegram catalogue,listing_evidence_crawled_2026-08-24,https://t.me/ChemIranSanat/1586,,ai_normalised_listing+pubchem_confirmed,verified_telegram_listing,2018-11-01
pyridin-3-amine,3-Aminopyridine,462-08-2,10009,CUYKNJBYIJFRCU-UHFFFAOYSA-N,C5H6N2,94.11,C1=CC(=CN=C1)N,confirmed_organic,organic_reagent,,telegram:minatajhiz,Iranian supplier Telegram catalogue,listing_evidence_crawled_2026-08-24,https://t.me/minatajhiz/998,,ai_normalised_listing+pubchem_confirmed,verified_telegram_listing,2023-03-07
3-fluoroaniline,3-Fluoroaniline,,9742,QZVQQUVWFIZUBQ-UHFFFAOYSA-N,C6H6FN,111.12,C1=CC(=CC(=C1)F)N,confirmed_organic,organic_reagent,,telegram:minatajhiz,Iranian supplier Telegram catalogue,listing_evidence_crawled_2026-08-24,https://t.me/minatajhiz/112,,ai_normalised_listing+pubchem_confirmed,verified_telegram_listing,2017-10-05
3-hydroxypropyl nitrate,3-Nitrooxypropanol,,10011893,PTMLFFXFTRSBJW-UHFFFAOYSA-N,C3H7NO4,121.09,C(CO)CO[N+](=O)[O-],confirmed_organic,organic_reagent,,telegram:ChemIranSanat,Iranian supplier Telegram catalogue,listing_evidence_crawled_2026-08-24,https://t.me/ChemIranSanat/1315,,ai_normalised_listing+pubchem_confirmed,verified_telegram_listing,2018-03-11
6-bromo-2-(6-bromo-3-hydroxy-1H-indol-2-yl)indol-3-one,"3H-Indol-3-one, 6-bromo-2-(6-bromo-1,3-dihydro-3-oxo-2H-indol-2-ylidene)-1,2-dihydro-",120-24-5,177057,UOZOCOQLYQNHII-UHFFFAOYSA-N,C16H8Br2N2O2,420.05,C1=CC2=C(C=C1Br)NC(=C2O)C3=NC4=C(C3=O)C=CC(=C4)Br,confirmed_organic,colorant_or_indicator,,telegram:IranChemicals,Iranian supplier Telegram catalogue,listing_evidence_crawled_2026-08-24,https://t.me/Iranchemicals/22360,,ai_normalised_listing+pubchem_confirmed,verified_telegram_listing,2021-07-22
2-[4-(2-hydroxyethyl)piperazin-1-yl]ethanesulfonic acid,4-(2-Hydroxyethyl)-1-piperazineethanesulfonic acid,,23831,JKMHFZQWWAIEOD-UHFFFAOYSA-N,C8H18N2O4S,238.31,C1CN(CCN1CCO)CCS(=O)(=O)O,confirmed_organic,organic_reagent,,telegram:labshop,Iranian supplier Telegram catalogue,listing_evidence_crawled_2026-08-24,https://t.me/labshop/50,,ai_normalised_listing+pubchem_confirmed,verified_telegram_listing,2016-04-03
1-pyridin-4-ylethanone,4-Acetylpyridine,1122-54-9,14282,WMQUKDQWMMOHSA-UHFFFAOYSA-N,C7H7NO,121.14,CC(=O)C1=CC=NC=C1,confirmed_organic,organic_reagent,,telegram:ChemIranSanat,Iranian supplier Telegram catalogue,listing_evidence_crawled_2026-08-24,https://t.me/ChemIranSanat/1583,,ai_normalised_listing+pubchem_confirmed,verified_telegram_listing,2018-10-31
2-(4-aminophenyl)acetic acid,4-Aminophenylacetic acid,,14533,CSEWAUGPAQPMDC-UHFFFAOYSA-N,C8H9NO2,151.16,C1=CC(=CC=C1CC(=O)O)N,confirmed_organic,organic_reagent,,telegram:minatajhiz,Iranian supplier Telegram catalogue,listing_evidence_crawled_2026-08-24,https://t.me/minatajhiz/1034,,ai_normalised_listing+pubchem_confirmed,verified_telegram_listing,2023-05-31
pyridin-4-amine,4-Aminopyridine,504-24-5,1727,NUKYPUAOHBNCPY-UHFFFAOYSA-N,C5H6N2,94.11,C1=CN=CC=C1N,confirmed_organic,organic_reagent,,telegram:ChemIranSanat,Iranian supplier Telegram catalogue,listing_evidence_crawled_2026-08-24,https://t.me/ChemIranSanat/69,,ai_normalised_listing+pubchem_confirmed,verified_telegram_listing,2017-05-25
4-chlorobenzaldehyde,4-Chlorobenzaldehyde,104-88-1,7726,AVPYQKSLYISFPO-UHFFFAOYSA-N,C7H5ClO,140.56,C1=CC(=CC=C1C=O)Cl,confirmed_organic,organic_reagent,,telegram:Maran_Tejarat_Eshen,Iranian supplier Telegram catalogue,listing_evidence_crawled_2026-08-24,https://t.me/Maran_Tejarat_Eshen/554,,ai_normalised_listing+pubchem_confirmed,verified_telegram_listing,2023-11-12
pyridine-4-carbonitrile,4-Cyanopyridine,100-48-1,7506,GPHQHTOMRSGBNZ-UHFFFAOYSA-N,C6H4N2,104.11,C1=CN=CC=C1C#N,confirmed_organic,organic_reagent,,telegram:ChemIranSanat,Iranian supplier Telegram catalogue,listing_evidence_crawled_2026-08-24,https://t.me/ChemIranSanat/1455,,ai_normalised_listing+pubchem_confirmed,verified_telegram_listing,2018-05-17
4-fluorobenzaldehyde,4-Fluorobenzaldehyde,131-57-5,68023,UOQXIWFBQSVDPP-UHFFFAOYSA-N,C7H5FO,124.11,C1=CC(=CC=C1C=O)F,confirmed_organic,organic_reagent,,telegram:minatajhiz,Iranian supplier Telegram catalogue,listing_evidence_crawled_2026-08-24,https://t.me/minatajhiz/120,,ai_normalised_listing+pubchem_confirmed,verified_telegram_listing,2017-10-11
1-methoxy-4-methylbenzene,4-Methylanisole,104-93-8,7731,CHLICZRVGGXEOD-UHFFFAOYSA-N,C8H10O,122.16,CC1=CC=C(C=C1)OC,confirmed_organic,fragrance_or_aroma,,telegram:minatajhiz,Iranian supplier Telegram catalogue,listing_evidence_crawled_2026-08-24,https://t.me/minatajhiz/679,,ai_normalised_listing+pubchem_confirmed,verified_telegram_listing,2020-01-26
4-nitroaniline,4-Nitroaniline,100-01-6,7475,TYMLOMAKGOJONV-UHFFFAOYSA-N,C6H6N2O2,138.12,C1=CC(=CC=C1N)[N+](=O)[O-],confirmed_organic,organic_reagent,,telegram:chemgroup,Iranian supplier Telegram catalogue,listing_evidence_crawled_2026-08-24,https://t.me/chemgroup/2577,,ai_normalised_listing+pubchem_confirmed,verified_telegram_listing,2016-12-21
pyridine-4-carbaldehyde,4-Pyridinecarboxaldehyde,872-85-5,13389,BGUWFUQJCDRPTL-UHFFFAOYSA-N,C6H5NO,107.11,C1=CN=CC=C1C=O,confirmed_organic,organic_reagent,,telegram:ChemIranSanat,Iranian supplier Telegram catalogue,listing_evidence_crawled_2026-08-24,https://t.me/ChemIranSanat/1866,,ai_normalised_listing+pubchem_confirmed,verified_telegram_listing,2019-11-26
(4-ethenylphenyl)methyl acetate,4-Vinylbenzyl acetate,1592-12-7,2735161,LEIKPUSDAWATBV-UHFFFAOYSA-N,C11H12O2,176.21,CC(=O)OCC1=CC=C(C=C1)C=C,confirmed_organic,fragrance_or_aroma,,telegram:minatajhiz,Iranian supplier Telegram catalogue,listing_evidence_crawled_2026-08-24,https://t.me/minatajhiz/496,,ai_normalised_listing+pubchem_confirmed,verified_telegram_listing,2019-01-14
5-(hydroxymethyl)furan-2-carbaldehyde,5-(Hydroxymethyl)furfural,67-47-0,237332,NOEGNKMFWQHSLB-UHFFFAOYSA-N,C6H6O3,126.11,C1=C(OC(=C1)C=O)CO,confirmed_organic,secondary_metabolite_or_natural_product,,telegram:minatajhiz,Iranian supplier Telegram catalogue,listing_evidence_crawled_2026-08-24,https://t.me/minatajhiz/502,,ai_normalised_listing+pubchem_confirmed,verified_telegram_listing,2019-01-16
"5-bromo-1H-indole-2,3-dione",5-Bromoisatin,87-48-9,6889,MBVCESWADCIXJN-UHFFFAOYSA-N,C8H4BrNO2,226.03,C1=CC2=C(C=C1Br)C(=O)C(=O)N2,confirmed_organic,organic_reagent,,telegram:minatajhiz,Iranian supplier Telegram catalogue,listing_evidence_crawled_2026-08-24,https://t.me/minatajhiz/498,,ai_normalised_listing+pubchem_confirmed,verified_telegram_listing,2019-01-14
"5-cyanobenzene-1,3-dicarboxylic acid",5-Cyanoisophthalic acid,,90070,YKADUTAIRWMMFI-UHFFFAOYSA-N,C9H5NO4,191.14,C1=C(C=C(C=C1C(=O)O)C(=O)O)C#N,confirmed_organic,organic_reagent,,telegram:ChemIranSanat,Iranian supplier Telegram catalogue,listing_evidence_crawled_2026-08-24,https://t.me/ChemIranSanat/1774,,ai_normalised_listing+pubchem_confirmed,verified_telegram_listing,2019-08-17
"6-amino-1,3-dimethylpyrimidine-2,4-dione","6-Amino-1,3-dimethyluracil",,81152,VFGRNTYELNYSKJ-UHFFFAOYSA-N,C6H9N3O2,155.15,CN1C(=CC(=O)N(C1=O)C)N,confirmed_organic,organic_reagent,,telegram:minatajhiz,Iranian supplier Telegram catalogue,listing_evidence_crawled_2026-08-24,https://t.me/minatajhiz/117,,ai_normalised_listing+pubchem_confirmed,verified_telegram_listing,2017-10-09
"7,12-dimethylbenzo[a]anthracene","7,12-Dimethylbenz(a)anthracene",57-97-6,6001,ARSRBNBHOADGJU-UHFFFAOYSA-N,C20H16,256.3,CC1=C2C=CC3=CC=CC=C3C2=C(C4=CC=CC=C14)C,confirmed_organic,organic_reagent,,telegram:ChemIranSanat,Iranian supplier Telegram catalogue,listing_evidence_crawled_2026-08-24,https://t.me/ChemIranSanat/1714,,ai_normalised_listing+pubchem_confirmed,verified_telegram_listing,2019-06-01
N-phenylacetamide,Acetanilide,103-84-4,904,FZERHIULMFGESH-UHFFFAOYSA-N,C8H9NO,135.16,CC(=O)NC1=CC=CC=C1,confirmed_organic,pharmaceutical_or_api,,telegram:chemgroup,Iranian supplier Telegram catalogue,listing_evidence_crawled_2026-08-24,https://t.me/chemgroup/3590,,ai_normalised_listing+pubchem_confirmed,verified_telegram_listing,2017-07-19
"(2S,3R,4S,5S,6R)-6-(hydroxymethyl)oxane-2,3,4,5-tetrol;hydrate",alpha-D-Glucose monohydrate,14431-43-7,66370,OSNSWKAZFASRNG-WNFIKIDCSA-N,C6H14O7,198.17,C([C@@H]1[C@H]([C@@H]([C@H]([C@H](O1)O)O)O)O)O.O,confirmed_organic,secondary_metabolite_or_natural_product,,telegram:jahaneshimicom,Iranian supplier Telegram catalogue,listing_evidence_crawled_2026-08-24,https://t.me/jahaneshimicom/168,,ai_normalised_listing+pubchem_confirmed,verified_telegram_listing,2024-02-04
prop-1-en-2-ylbenzene,Alpha-Methylstyrene,,7407,XYLMUPLGERFSHI-UHFFFAOYSA-N,C9H10,118.18,CC(=C)C1=CC=CC=C1,confirmed_organic,organic_reagent,,telegram:minatajhiz,Iranian supplier Telegram catalogue,listing_evidence_crawled_2026-08-24,https://t.me/minatajhiz/482,,ai_normalised_listing+pubchem_confirmed,verified_telegram_listing,2018-12-20
2-piperazin-1-ylethanamine,Aminoethylpiperazine,,8795,IMUDHTPIFIBORV-UHFFFAOYSA-N,C6H15N3,129.20,C1CN(CCN1)CCN,confirmed_organic,organic_reagent,,telegram:minatajhiz,Iranian supplier Telegram catalogue,listing_evidence_crawled_2026-08-24,https://t.me/minatajhiz/1074,,ai_normalised_listing+pubchem_confirmed,verified_telegram_listing,2023-11-01
3-trimethoxysilylpropan-1-amine,Aminopropyltrimethoxysilane,,83756,SJECZPVISLOESU-UHFFFAOYSA-N,C6H17NO3Si,179.29,CO[Si](CCCN)(OC)OC,confirmed_organic,organic_reagent,,telegram:minatajhiz,Iranian supplier Telegram catalogue,listing_evidence_crawled_2026-08-24,https://t.me/minatajhiz/10,,ai_normalised_listing+pubchem_confirmed,verified_telegram_listing,2016-04-30
"1H-1,2,4-triazol-5-amine",Amitrole,124-71-0,1639,KLSJWNVTNUYHDU-UHFFFAOYSA-N,C2H4N4,84.08,C1=NNC(=N1)N,confirmed_organic,organic_reagent,,telegram:minatajhiz,Iranian supplier Telegram catalogue,listing_evidence_crawled_2026-08-24,https://t.me/minatajhiz/1017,,ai_normalised_listing+pubchem_confirmed,verified_telegram_listing,2023-05-01
azanium formate,Ammonium formate,540-69-2,2723923,VZTDIZULWFCMLS-UHFFFAOYSA-N,CH5NO2,63.056,C(=O)[O-].[NH4+],confirmed_organic,organic_reagent,,telegram:chemgroup,Iranian supplier Telegram catalogue,listing_evidence_crawled_2026-08-24,https://t.me/chemgroup/4130,,ai_normalised_listing+pubchem_confirmed,verified_telegram_listing,2017-10-25
"(1R,3S,5R,6R,9R,11R,15S,16R,17R,18S,19E,21E,23E,25E,27E,29E,31E,33R,35S,36R,37S)-33-[(2R,3S,4S,5S,6R)-4-amino-3,5-dihydroxy-6-methyloxan-2-yl]oxy-1,3,5,6,9,11,17,37-octahydroxy-15,16,18-trimethyl-13-oxo-14,39-dioxabicyclo[33.3.1]nonatriaconta-19,21,23,25,27,29,31-heptaene-36-carboxylic acid",Amphotericin B,9007-90-7,5280965,APKFDSVGJQXUKY-INPOYWNPSA-N,C47H73NO17,924.1,C[C@H]1/C=C/C=C/C=C/C=C/C=C/C=C/C=C/[C@@H](C[C@H]2[C@@H]([C@H](C[C@](O2)(C[C@H](C[C@H]([C@@H](CC[C@H](C[C@H](CC(=O)O[C@H]([C@@H]([C@@H]1O)C)C)O)O)O)O)O)O)O)C(=O)O)O[C@H]3[C@H]([C@H]([C@@H]([C@H](O3)C)O)N)O,confirmed_organic,pharmaceutical_or_api,,telegram:labshop,Iranian supplier Telegram catalogue,listing_evidence_crawled_2026-08-24,https://t.me/labshop/87,,ai_normalised_listing+pubchem_confirmed,verified_telegram_listing,2016-04-09
aniline,Aniline,62-53-3,6115,PAYRUJLWNCNPSJ-UHFFFAOYSA-N,C6H7N,93.13,C1=CC=C(C=C1)N,confirmed_organic,organic_reagent,,telegram:IranChemicals,Iranian supplier Telegram catalogue,listing_evidence_crawled_2026-08-24,https://t.me/Iranchemicals/26636,,ai_normalised_listing+pubchem_confirmed,verified_telegram_listing,2024-04-09
2-phenylchromenylium,Anthocyanins,,145858,NWKFECICNXDNOQ-UHFFFAOYSA-N,C15H11O+,207.25,C1=CC=C(C=C1)C2=[O+]C3=CC=CC=C3C=C2,confirmed_organic,colorant_or_indicator,,telegram:IranChemicals,Iranian supplier Telegram catalogue,listing_evidence_crawled_2026-08-24,https://t.me/Iranchemicals/22646,,ai_normalised_listing+pubchem_confirmed,verified_telegram_listing,2021-08-17
"[3-[3-(3,5-ditert-butyl-4-hydroxyphenyl)propanoyloxy]-2,2-bis[3-(3,5-ditert-butyl-4-hydroxyphenyl)propanoyloxymethyl]propyl] 3-(3,5-ditert-butyl-4-hydroxyphenyl)propanoate",Antioxidant 1010,101-84-0,64819,BGYHLZZASRKEJE-UHFFFAOYSA-N,C73H108O12,1177.6,CC(C)(C)C1=CC(=CC(=C1O)C(C)(C)C)CCC(=O)OCC(COC(=O)CCC2=CC(=C(C(=C2)C(C)(C)C)O)C(C)(C)C)(COC(=O)CCC3=CC(=C(C(=C3)C(C)(C)C)O)C(C)(C)C)COC(=O)CCC4=CC(=C(C(=C4)C(C)(C)C)O)C(C)(C)C,confirmed_organic,organic_reagent,,telegram:Ch_Chemical_leaders,Iranian supplier Telegram catalogue,listing_evidence_crawled_2026-08-24,https://t.me/Ch_Chemical_leaders/293,,ai_normalised_listing+pubchem_confirmed,verified_telegram_listing,2025-08-09
"(1R,4S,5R,8S,9R,12S,13R)-1,5,9-trimethyl-11,14,15,16-tetraoxatetracyclo[10.3.1.04,13.08,13]hexadecan-10-one",Artemisinin,,68827,BLUAFEHZUWYNDE-NNWCWBAJSA-N,C15H22O5,282.33,C[C@@H]1CC[C@H]2[C@H](C(=O)O[C@H]3[C@@]24[C@H]1CC[C@](O3)(OO4)C)C,confirmed_organic,secondary_metabolite_or_natural_product,,telegram:chemgroup,Iranian supplier Telegram catalogue,listing_evidence_crawled_2026-08-24,https://t.me/chemgroup/3261,,ai_normalised_listing+pubchem_confirmed,verified_telegram_listing,2017-06-06
tricopper;dicarbonate;dihydroxide,Azurite,1302-38-5,9884557,GWBUNZLLLLDXMD-UHFFFAOYSA-H,C2H2Cu3O8,344.67,C(=O)([O-])[O-].C(=O)([O-])[O-].[OH-].[OH-].[Cu+2].[Cu+2].[Cu+2],confirmed_organic,colorant_or_indicator,,telegram:IranChemicals,Iranian supplier Telegram catalogue,listing_evidence_crawled_2026-08-24,https://t.me/Iranchemicals/22577,,ai_normalised_listing+pubchem_confirmed,verified_telegram_listing,2021-08-09
4-chlorobut-2-ynyl N-(3-chlorophenyl)carbamate,Barban,,7551,MCOQHIWZJUDQIC-UHFFFAOYSA-N,C11H9Cl2NO2,258.10,C1=CC(=CC(=C1)Cl)NC(=O)OCC#CCCl,confirmed_organic,pharmaceutical_or_api,,telegram:chemgroup,Iranian supplier Telegram catalogue,listing_evidence_crawled_2026-08-24,https://t.me/chemgroup/1516,,ai_normalised_listing+pubchem_confirmed,verified_telegram_listing,2016-04-17
"[(1S)-1-[(1R,5R,6S,9R,11S,12R,14R)-9,12-dihydroxy-6,16-dimethyl-10,19-dioxa-16-azahexacyclo[12.5.3.15,9.01,14.02,11.06,11]tricosa-2,21-dien-22-yl]ethyl] 2,4-dimethyl-1H-pyrrole-3-carboxylate",Batrachotoxin,23509-32-6,6324647,ISNYUQWBWALXEY-OMIQOYQYSA-N,C31H42N2O6,538.7,CC1=CNC(=C1C(=O)O[C@@H](C)C2=CC[C@@]34[C@@]2(C[C@H]([C@@]56C3=CC[C@H]7[C@@]5(CC[C@](C7)(O6)O)C)O)CN(CCO4)C)C,confirmed_organic,secondary_metabolite_or_natural_product,,telegram:ChemIranSanat,Iranian supplier Telegram catalogue,listing_evidence_crawled_2026-08-24,https://t.me/ChemIranSanat/944,,ai_normalised_listing+pubchem_confirmed,verified_telegram_listing,2017-10-22
"6-phenyl-1,3,5-triazine-2,4-diamine",Benzoguanamine,91-76-9,7064,GZVHEAJQGPRDLQ-UHFFFAOYSA-N,C9H9N5,187.20,C1=CC=C(C=C1)C2=NC(=NC(=N2)N)N,confirmed_organic,organic_reagent,,telegram:ChemIranSanat,Iranian supplier Telegram catalogue,listing_evidence_crawled_2026-08-24,https://t.me/ChemIranSanat/648,,ai_normalised_listing+pubchem_confirmed,verified_telegram_listing,2017-09-03
3-aminopropanoic acid,Beta-Alanine,107-95-9,239,UCMIRNVEIXFBKS-UHFFFAOYSA-N,C3H7NO2,89.09,C(CN)C(=O)O,confirmed_organic,supplement_active,,telegram:minatajhiz,Iranian supplier Telegram catalogue,listing_evidence_crawled_2026-08-24,https://t.me/minatajhiz/1020,,ai_normalised_listing+pubchem_confirmed,verified_telegram_listing,2023-05-04
"(2S)-4-[(E)-2-[(2S)-2-carboxy-6-hydroxy-5-[(2S,3R,4S,5S,6R)-3,4,5-trihydroxy-6-(hydroxymethyl)oxan-2-yl]oxy-2,3-dihydroindol-1-yl]ethenyl]-2,3-dihydropyridine-2,6-dicarboxylic acid",Betanin,483-50-5,6540685,CTMLKIKAUFEMLE-FTNGGYTGSA-N,C24H26N2O13,550.5,C1[C@H](N=C(C=C1/C=C/N2[C@@H](CC3=CC(=C(C=C32)O)O[C@H]4[C@@H]([C@H]([C@@H]([C@H](O4)CO)O)O)O)C(=O)O)C(=O)O)C(=O)O,confirmed_organic,colorant_or_indicator,,telegram:ChemIranSanat,Iranian supplier Telegram catalogue,listing_evidence_crawled_2026-08-24,https://t.me/ChemIranSanat/1157,,ai_normalised_listing+pubchem_confirmed,verified_telegram_listing,2018-01-15
2-bromoacetic acid,Bromoacetic Acid,79-08-3,6227,KDPAWGWELVVRCH-UHFFFAOYSA-N,C2H3BrO2,138.95,C(C(=O)O)Br,confirmed_organic,organic_reagent,,telegram:ChemIranSanat,Iranian supplier Telegram catalogue,listing_evidence_crawled_2026-08-24,https://t.me/ChemIranSanat/1452,,ai_normalised_listing+pubchem_confirmed,verified_telegram_listing,2018-05-14
2-bromoterephthalic acid,Bromoterephthalic acid,128-07-8,68513,QPBGNSFASPVGTP-UHFFFAOYSA-N,C8H5BrO4,245.03,C1=CC(=C(C=C1C(=O)O)Br)C(=O)O,confirmed_organic,organic_reagent,,telegram:minatajhiz,Iranian supplier Telegram catalogue,listing_evidence_crawled_2026-08-24,https://t.me/minatajhiz/601,,ai_normalised_listing+pubchem_confirmed,verified_telegram_listing,2019-05-26
butane,Butane,106-97-8,7843,IJDNQMDRQITEOD-UHFFFAOYSA-N,C4H10,58.12,CCCC,confirmed_organic,organic_reagent,,telegram:Boof_company,Iranian supplier Telegram catalogue,listing_evidence_crawled_2026-08-24,https://t.me/Boof_company/61,,ai_normalised_listing+pubchem_confirmed,verified_telegram_listing,2026-05-19
"butane-1,4-diol;dimethyl benzene-1,4-dicarboxylate","Butane-1,4-diol; dimethyl benzene-1,4-dicarboxylate",,93143,DHQLHXKTPYFDCS-UHFFFAOYSA-N,C14H20O6,284.30,COC(=O)C1=CC=C(C=C1)C(=O)OC.C(CCO)CO,confirmed_organic,organic_reagent,,telegram:chemgroup,Iranian supplier Telegram catalogue,listing_evidence_crawled_2026-08-24,https://t.me/chemgroup/904,,ai_normalised_listing+pubchem_confirmed,verified_telegram_listing,2016-01-12
Butyllithium,Butyllithium,109-72-2,53627823,MZRVEZGGRBJDDB-UHFFFAOYSA-N,C4H9Li,64.1,[Li].CCC[CH2],confirmed_organic,organic_reagent,,telegram:minatajhiz,Iranian supplier Telegram catalogue,listing_evidence_crawled_2026-08-24,https://t.me/minatajhiz/664,,ai_normalised_listing+pubchem_confirmed,verified_telegram_listing,2019-11-26
azepan-2-one,Caprolactam,105-60-2,7768,JBKVHLHDHHXQEQ-UHFFFAOYSA-N,C6H11NO,113.16,C1CCC(=O)NCC1,confirmed_organic,organic_reagent,,telegram:minatajhiz,Iranian supplier Telegram catalogue,listing_evidence_crawled_2026-08-24,https://t.me/minatajhiz/953,,ai_normalised_listing+pubchem_confirmed,verified_telegram_listing,2023-01-02
(E)-N-[(4-hydroxy-3-methoxyphenyl)methyl]-8-methylnon-6-enamide,Capsaicin,,1548943,YKPUWZUDDOIDPM-SOFGYWHQSA-N,C18H27NO3,305.4,CC(C)/C=C/CCCCC(=O)NCC1=CC(=C(C=C1)O)OC,confirmed_organic,secondary_metabolite_or_natural_product,,telegram:chemgroup,Iranian supplier Telegram catalogue,listing_evidence_crawled_2026-08-24,https://t.me/chemgroup/3856,,ai_normalised_listing+pubchem_confirmed,verified_telegram_listing,2017-08-20
carbane,Carbon-14,14762-75-5,26873,VNWKTOKETHGBQD-NJFSPNSNSA-N,CH4,18.035,[14CH4],confirmed_organic,organic_reagent,,telegram:IranChemicals,Iranian supplier Telegram catalogue,listing_evidence_crawled_2026-08-24,https://t.me/Iranchemicals/28972,,ai_normalised_listing+pubchem_confirmed,verified_telegram_listing,2025-04-14
"3,5,6,8-tetrahydroxy-1-methyl-9,10-dioxo-7-[(2R,3R,4R,5S,6R)-3,4,5-trihydroxy-6-(hydroxymethyl)oxan-2-yl]anthracene-2-carboxylic acid",Carmine,,14749,DGQLVPJVXFOQEV-NGOCYOHBSA-N,C22H20O13,492.4,CC1=C2C(=CC(=C1C(=O)O)O)C(=O)C3=C(C2=O)C(=C(C(=C3O)O)[C@@H]4[C@@H]([C@H]([C@@H]([C@H](O4)CO)O)O)O)O,confirmed_organic,colorant_or_indicator,,telegram:chemgroup,Iranian supplier Telegram catalogue,listing_evidence_crawled_2026-08-24,https://t.me/chemgroup/4415,,ai_normalised_listing+pubchem_confirmed,verified_telegram_listing,2018-01-18
2-methyl-5-propan-2-ylphenol,Carvacrol,25771-52-2,10364,RECUKUPTGUEGMW-UHFFFAOYSA-N,C10H14O,150.22,CC1=C(C=C(C=C1)C(C)C)O,confirmed_organic,fragrance_or_aroma,,telegram:minatajhiz,Iranian supplier Telegram catalogue,listing_evidence_crawled_2026-08-24,https://t.me/minatajhiz/1006,,ai_normalised_listing+pubchem_confirmed,verified_telegram_listing,2023-04-09
"magnesium methyl (3R,22S)-16-ethenyl-11-ethyl-4-hydroxy-12,17,21,26-tetramethyl-22-[3-oxo-3-[(E,7R,11R)-3,7,11,15-tetramethylhexadec-2-enoxy]propyl]-23,25-diazonia-7,24-diazanidahexacyclo[18.2.1.15,8.110,13.115,18.02,6]hexacosa-1(23),2(6),4,8(26),9,11,13(25),14,16,18,20-undecaene-3-carboxylate",Chlorophyll,,156620228,KPJIJGZVAWIZMG-LEGXGVPYSA-P,C55H74MgN4O5+2,895.5,CCC\1=C(C\2=[NH+]/C1=C\C3=C(C4=C([C@@H](C(=C4[N-]3)C5=[NH+]C(=C([C@@H]5CCC(=O)OC/C=C(\C)/CCC[C@H](C)CCC[C@H](C)CCCC(C)C)C)/C=C\6/C(=C(/C(=C2)/[N-]6)C=C)C)C(=O)OC)O)C)C.[Mg+2],confirmed_organic,colorant_or_indicator,,telegram:chemgroup,Iranian supplier Telegram catalogue,listing_evidence_crawled_2026-08-24,https://t.me/chemgroup/3178,,ai_normalised_listing+pubchem_confirmed,verified_telegram_listing,2017-05-17
"(S)-[(2R,4S,5R)-5-ethenyl-1-azabicyclo[2.2.2]octan-2-yl]-quinolin-4-ylmethanol",Cinchonine,118-10-5,90454,KMPWYEUPVWOPIM-QAMTZSDWSA-N,C19H22N2O,294.4,C=C[C@H]1CN2CC[C@H]1C[C@@H]2[C@H](C3=CC=NC4=CC=CC=C34)O,confirmed_organic,secondary_metabolite_or_natural_product,,telegram:minatajhiz,Iranian supplier Telegram catalogue,listing_evidence_crawled_2026-08-24,https://t.me/minatajhiz/1015,,ai_normalised_listing+pubchem_confirmed,verified_telegram_listing,2023-04-29
"holmium(3+);2-hydroxypropane-1,2,3-tricarboxylate","Citric acid, holmium(3+) salt(1:1)",,26032,XWNIZLSRPNZMLP-UHFFFAOYSA-K,C6H5HoO7,354.03,C(C(=O)[O-])C(CC(=O)[O-])(C(=O)[O-])O.[Ho+3],confirmed_organic,organic_reagent,,telegram:chemgroup,Iranian supplier Telegram catalogue,listing_evidence_crawled_2026-08-24,https://t.me/chemgroup/2096,,ai_normalised_listing+pubchem_confirmed,verified_telegram_listing,2016-09-16
"N-[(7S)-1,2,3,10-tetramethoxy-9-oxo-6,7-dihydro-5H-benzo[a]heptalen-7-yl]acetamide",Colchicine,64-86-8,6167,IAKHMKGGTNLKSZ-INIZCTEOSA-N,C22H25NO6,399.4,CC(=O)N[C@H]1CCC2=CC(=C(C(=C2C3=CC=C(C(=O)C=C13)OC)OC)OC)OC,confirmed_organic,secondary_metabolite_or_natural_product,,telegram:labshop,Iranian supplier Telegram catalogue,listing_evidence_crawled_2026-08-24,https://t.me/labshop/9,,ai_normalised_listing+pubchem_confirmed,verified_telegram_listing,2016-03-06
chromen-2-one,Coumarin,,323,ZYGHJZDHTFUPRJ-UHFFFAOYSA-N,C9H6O2,146.14,C1=CC=C2C(=C1)C=CC(=O)O2,confirmed_organic,fragrance_or_aroma,,telegram:minatajhiz,Iranian supplier Telegram catalogue,listing_evidence_crawled_2026-08-24,https://t.me/minatajhiz/1028,,ai_normalised_listing+pubchem_confirmed,verified_telegram_listing,2023-05-20
"(1E,6E)-1,7-bis(4-hydroxy-3-methoxyphenyl)hepta-1,6-diene-3,5-dione",Curcumin,458-37-7,969516,VFLDPWHFBUODDF-FCXRPNKRSA-N,C21H20O6,368.4,COC1=C(C=CC(=C1)/C=C/C(=O)CC(=O)/C=C/C2=CC(=C(C=C2)O)OC)O,confirmed_organic,secondary_metabolite_or_natural_product,,telegram:IranChemicals,Iranian supplier Telegram catalogue,listing_evidence_crawled_2026-08-24,https://t.me/chemgroup/4420,,ai_normalised_listing+pubchem_confirmed,verified_telegram_listing,2018-01-19
"3-acetyl-6-methylpyran-2,4-dione",Dehydroacetic acid,,122903,PGRHXDWITVMQBC-UHFFFAOYSA-N,C8H8O4,168.15,CC1=CC(=O)C(C(=O)O1)C(=O)C,confirmed_organic,organic_reagent,,telegram:minatajhiz,Iranian supplier Telegram catalogue,listing_evidence_crawled_2026-08-24,https://t.me/minatajhiz/1030,,ai_normalised_listing+pubchem_confirmed,verified_telegram_listing,2023-05-24
"benzyl-[2-(2,6-dimethylanilino)-2-oxoethyl]-diethylazanium benzoate",Denatonium Benzoate,139-97-1,19518,VWTINHYPRWEBQY-UHFFFAOYSA-N,C28H34N2O3,446.6,CC[N+](CC)(CC1=CC=CC=C1)CC(=O)NC2=C(C=CC=C2C)C.C1=CC=C(C=C1)C(=O)[O-],confirmed_organic,organic_reagent,,telegram:chemgroup,Iranian supplier Telegram catalogue,listing_evidence_crawled_2026-08-24,https://t.me/chemgroup/2342,,ai_normalised_listing+pubchem_confirmed,verified_telegram_listing,2016-10-25
1-butylsulfanylbutane,Dibutyl sulfide,,11002,HTIRHQRTDBPHNZ-UHFFFAOYSA-N,C8H18S,146.30,CCCCSCCCC,confirmed_organic,organic_reagent,,telegram:minatajhiz,Iranian supplier Telegram catalogue,listing_evidence_crawled_2026-08-24,https://t.me/minatajhiz/146,,ai_normalised_listing+pubchem_confirmed,verified_telegram_listing,2017-10-23
"4-(3,5-dichloro-4-hydroxyphenyl)iminocyclohexa-2,5-dien-1-one",Dichlorophenol Indophenol,,13726,FBWADIKARMIWNM-UHFFFAOYSA-N,C12H7Cl2NO2,268.09,C1=CC(=O)C=CC1=NC2=CC(=C(C(=C2)Cl)O)Cl,confirmed_organic,colorant_or_indicator,,telegram:chemgroup,Iranian supplier Telegram catalogue,listing_evidence_crawled_2026-08-24,https://t.me/chemgroup/2107,,ai_normalised_listing+pubchem_confirmed,verified_telegram_listing,2016-09-17
"2-(2,4-dichlorophenoxy)propanoic acid",Dichlorprop,120-36-5,8427,MZHCENGPTKEIGP-UHFFFAOYSA-N,C9H8Cl2O3,235.06,CC(C(=O)O)OC1=C(C=C(C=C1)Cl)Cl,confirmed_organic,organic_reagent,,telegram:minatajhiz,Iranian supplier Telegram catalogue,listing_evidence_crawled_2026-08-24,https://t.me/minatajhiz/991,,ai_normalised_listing+pubchem_confirmed,verified_telegram_listing,2023-03-02
"N,N'-dicyclohexylmethanediimine",Dicyclohexylcarbodiimide,,10868,QOSSAOTZNIDXMA-UHFFFAOYSA-N,C13H22N2,206.33,C1CCC(CC1)N=C=NC2CCCCC2,confirmed_organic,organic_reagent,,telegram:minatajhiz,Iranian supplier Telegram catalogue,listing_evidence_crawled_2026-08-24,https://t.me/minatajhiz/183,,ai_normalised_listing+pubchem_confirmed,verified_telegram_listing,2017-11-08
didecyl(dimethyl)azanium chloride,Didecyldimethylammonium Chloride,,23558,RUPBZQFQVRMKDG-UHFFFAOYSA-M,C22H48ClN,362.1,CCCCCCCCCC[N+](C)(C)CCCCCCCCCC.[Cl-],confirmed_organic,cosmetic_raw_material,,telegram:minatajhiz,Iranian supplier Telegram catalogue,listing_evidence_crawled_2026-08-24,https://t.me/minatajhiz/475,,ai_normalised_listing+pubchem_confirmed,verified_telegram_listing,2018-12-03
2-(2-butoxyethoxy)ethanol,Diethylene Glycol Monobutyl Ether,111-30-2,8177,OAYXUHPQHDHDDZ-UHFFFAOYSA-N,C8H18O3,162.23,CCCCOCCOCCO,confirmed_organic,organic_reagent,,telegram:Boof_company,Iranian supplier Telegram catalogue,listing_evidence_crawled_2026-08-24,https://t.me/Boof_company/31,,ai_normalised_listing+pubchem_confirmed,verified_telegram_listing,2025-12-08
Diethylzinc,Diethylzinc,557-20-0,101667988,HQWPLXHWEZZGKY-UHFFFAOYSA-N,C4H10Zn,123.5,C[CH2].C[CH2].[Zn],confirmed_organic,organic_reagent,,telegram:fanchem,Iranian supplier Telegram catalogue,listing_evidence_crawled_2026-08-24,https://t.me/fanchem/277,,ai_normalised_listing+pubchem_confirmed,verified_telegram_listing,2023-06-24
"3-[(3S,5R,8R,9S,10S,12R,13S,14S,17R)-3-[(2R,4S,5S,6R)-5-[(2S,4S,5S,6R)-5-[(2S,4S,5S,6R)-4,5-dihydroxy-6-methyloxan-2-yl]oxy-4-hydroxy-6-methyloxan-2-yl]oxy-4-hydroxy-6-methyloxan-2-yl]oxy-12,14-dihydroxy-10,13-dimethyl-1,2,3,4,5,6,7,8,9,11,12,15,16,17-tetradecahydrocyclopenta[a]phenanthren-17-yl]-2H-furan-5-one",Digoxin,2088-75-5,2724385,LTMHDMANZUZIPE-PUGKRICDSA-N,C41H64O14,780.9,C[C@@H]1[C@H]([C@H](C[C@@H](O1)O[C@@H]2[C@H](O[C@H](C[C@@H]2O)O[C@@H]3[C@H](O[C@H](C[C@@H]3O)O[C@H]4CC[C@]5([C@@H](C4)CC[C@@H]6[C@@H]5C[C@H]([C@]7([C@@]6(CC[C@@H]7C8=CC(=O)OC8)O)C)O)C)C)C)O)O,confirmed_organic,pharmaceutical_or_api,,telegram:ChemIranSanat,Iranian supplier Telegram catalogue,listing_evidence_crawled_2026-08-24,https://t.me/ChemIranSanat/1096,,ai_normalised_listing+pubchem_confirmed,verified_telegram_listing,2017-12-19
"5,5-dimethylcyclohexane-1,3-dione",Dimedone,126-81-8,31358,BADXJIPKFRBFOT-UHFFFAOYSA-N,C8H12O2,140.18,CC1(CC(=O)CC(=O)C1)C,confirmed_organic,organic_reagent,,telegram:ChemIranSanat,Iranian supplier Telegram catalogue,listing_evidence_crawled_2026-08-24,https://t.me/ChemIranSanat/1600,,ai_normalised_listing+pubchem_confirmed,verified_telegram_listing,2018-11-14
"2-chloro-N-(2,4-dimethylthiophen-3-yl)-N-[(2S)-1-methoxypropan-2-yl]acetamide",Dimethenamid-P,163515-14-8,13633097,JLYFCTQDENRSOL-VIFPVBQESA-N,C12H18ClNO2S,275.80,CC1=CSC(=C1N([C@@H](C)COC)C(=O)CCl)C,confirmed_organic,organic_reagent,,telegram:jahaneshimicom,Iranian supplier Telegram catalogue,listing_evidence_crawled_2026-08-24,https://t.me/jahaneshimicom/53,,ai_normalised_listing+pubchem_confirmed,verified_telegram_listing,2023-12-19
dimethoxymethane,Dimethoxymethane,109-88-8,8020,NKDDWNXOKDWJAK-UHFFFAOYSA-N,C3H8O2,76.09,COCOC,confirmed_organic,organic_reagent,,telegram:minatajhiz,Iranian supplier Telegram catalogue,listing_evidence_crawled_2026-08-24,https://t.me/minatajhiz/1087,,ai_normalised_listing+pubchem_confirmed,verified_telegram_listing,2024-01-08
"dimethyl 5-aminobenzene-1,3-dicarboxylate",Dimethyl 5-aminoisophthalate,99-27-4,66831,DEKPYXUDJRABNK-UHFFFAOYSA-N,C10H11NO4,209.20,COC(=O)C1=CC(=CC(=C1)N)C(=O)OC,confirmed_organic,organic_reagent,,telegram:ChemIranSanat,Iranian supplier Telegram catalogue,listing_evidence_crawled_2026-08-24,https://t.me/ChemIranSanat/1979,,ai_normalised_listing+pubchem_confirmed,verified_telegram_listing,2021-04-12
dimethyl carbonate,Dimethyl Carbonate,616-38-6,12021,IEJIGPNLZYLLBP-UHFFFAOYSA-N,C3H6O3,90.08,COC(=O)OC,confirmed_organic,organic_reagent,,telegram:minatajhiz,Iranian supplier Telegram catalogue,listing_evidence_crawled_2026-08-24,https://t.me/minatajhiz/121,,ai_normalised_listing+pubchem_confirmed,verified_telegram_listing,2017-10-11
Dimethylamine-borane,Dimethylamine-borane,1238-37-2,6328035,RJTANRZEWTUVMA-UHFFFAOYSA-N,C2H7BN,55.90,[B].CNC,confirmed_organic,organic_reagent,,telegram:minatajhiz,Iranian supplier Telegram catalogue,listing_evidence_crawled_2026-08-24,https://t.me/minatajhiz/993,,ai_normalised_listing+pubchem_confirmed,verified_telegram_listing,2023-03-04
"1,2-diphenylguanidine",Diphenylguanidine,104-87-8,7594,OWRCNXZUPFZXOS-UHFFFAOYSA-N,C13H13N3,211.26,C1=CC=C(C=C1)NC(=NC2=CC=CC=C2)N,confirmed_organic,organic_reagent,,telegram:minatajhiz,Iranian supplier Telegram catalogue,listing_evidence_crawled_2026-08-24,https://t.me/minatajhiz/172,,ai_normalised_listing+pubchem_confirmed,verified_telegram_listing,2017-11-01
"4-(2-aminoethyl)benzene-1,2-diol;hydrochloride",Dopamine Hydrochloride,62-70-7,65340,CTENFNNZBMHDDG-UHFFFAOYSA-N,C8H12ClNO2,189.64,C1=CC(=C(C=C1CCN)O)O.Cl,confirmed_organic,pharmaceutical_or_api,,telegram:ChemIranSanat,Iranian supplier Telegram catalogue,listing_evidence_crawled_2026-08-24,https://t.me/ChemIranSanat/1994,,ai_normalised_listing+pubchem_confirmed,verified_telegram_listing,2021-04-18
2-(chloromethyl)oxirane;4-[2-(4-hydroxyphenyl)propan-2-yl]phenol;prop-2-enoic acid,Epoxy Resin,9004-05-7,169944,RYSXGWPNVZQNNB-UHFFFAOYSA-N,C21H25ClO5,392.9,CC(C)(C1=CC=C(C=C1)O)C2=CC=C(C=C2)O.C=CC(=O)O.C1C(O1)CCl,confirmed_organic,organic_reagent,,telegram:IranChemicals,Iranian supplier Telegram catalogue,listing_evidence_crawled_2026-08-24,https://t.me/Iranchemicals/25620,,ai_normalised_listing+pubchem_confirmed,verified_telegram_listing,2023-11-07
"3',6'-dihydroxy-2',4',5',7'-tetraiodospiro[2-benzofuran-3,9'-xanthene]-1-one",Erythrosine,16423-68-0,3259,OALHHIHQOFIMEF-UHFFFAOYSA-N,C20H8I4O5,835.9,C1=CC=C2C(=C1)C(=O)OC23C4=CC(=C(C(=C4OC5=C(C(=C(C=C35)I)O)I)I)O)I,confirmed_organic,colorant_or_indicator,,telegram:IranChemicals,Iranian supplier Telegram catalogue,listing_evidence_crawled_2026-08-24,https://t.me/Iranchemicals/28509,,ai_normalised_listing+pubchem_confirmed,verified_telegram_listing,2025-01-16
"[(3S,8S,9S,10R,13R,14S,17R)-10,13-dimethyl-17-[(2R)-6-methylheptan-2-yl]-2,3,4,7,8,9,11,12,14,15,16,17-dodecahydro-1H-cyclopenta[a]phenanthren-3-yl] formate",Ester,,165217,YEYCQJVCAMFWCO-PXBBAZSNSA-N,C28H46O2,414.7,C[C@H](CCCC(C)C)[C@H]1CC[C@@H]2[C@@]1(CC[C@H]3[C@H]2CC=C4[C@@]3(CC[C@@H](C4)OC=O)C)C,confirmed_organic,organic_reagent,,telegram:IranChemicals,Iranian supplier Telegram catalogue,listing_evidence_crawled_2026-08-24,https://t.me/Iranchemicals/25622,,ai_normalised_listing+pubchem_confirmed,verified_telegram_listing,2023-11-07
ethyl carbonochloridate,Ethyl chloroformate,541-41-3,10928,RIFGWPKJUGCATF-UHFFFAOYSA-N,C3H5ClO2,108.52,CCOC(=O)Cl,confirmed_organic,organic_reagent,,telegram:minatajhiz,Iranian supplier Telegram catalogue,listing_evidence_crawled_2026-08-24,https://t.me/minatajhiz/1071,,ai_normalised_listing+pubchem_confirmed,verified_telegram_listing,2023-09-19
ethene,Ethylene,,6325,VGGSQFUCUMXWEO-UHFFFAOYSA-N,C2H4,28.05,C=C,confirmed_organic,organic_reagent,,telegram:minatajhiz,Iranian supplier Telegram catalogue,listing_evidence_crawled_2026-08-24,https://t.me/minatajhiz/92,,ai_normalised_listing+pubchem_confirmed,verified_telegram_listing,2017-09-13
ethylurea,Ethylurea,9009-54-5,12254,RYECOJGRJDOGPP-UHFFFAOYSA-N,C3H8N2O,88.11,CCNC(=O)N,confirmed_organic,organic_reagent,,telegram:IranChemicals,Iranian supplier Telegram catalogue,listing_evidence_crawled_2026-08-24,https://t.me/Iranchemicals/28918,,ai_normalised_listing+pubchem_confirmed,verified_telegram_listing,2025-04-03
2-methoxy-4-prop-2-enylphenol,Eugenol,97-53-0,3314,RRAFCDWBNXTKKO-UHFFFAOYSA-N,C10H12O2,164.20,COC1=C(C=CC(=C1)CC=C)O,confirmed_organic,fragrance_or_aroma,,telegram:ChemIranSanat,Iranian supplier Telegram catalogue,listing_evidence_crawled_2026-08-24,https://t.me/ChemIranSanat/982,,ai_normalised_listing+pubchem_confirmed,verified_telegram_listing,2017-11-04
5-fluoro-2-oxo-1H-pyrazine-3-carboxamide,Favipiravir,259793-96-3,492405,ZCGNOVWYSGBHAU-UHFFFAOYSA-N,C5H4FN3O2,157.10,C1=C(N=C(C(=O)N1)C(=O)N)F,confirmed_organic,pharmaceutical_or_api,,telegram:IranChemicals,Iranian supplier Telegram catalogue,listing_evidence_crawled_2026-08-24,https://t.me/Iranchemicals/18894,,ai_normalised_listing+pubchem_confirmed,verified_telegram_listing,2020-09-12
Ferrocene,Ferrocene,102-54-6,10219726,DFRHTHSZMBROSH-UHFFFAOYSA-N,C10H10Fe,186.03,C1=C[CH]C=C1.C1=C[CH]C=C1.[Fe],confirmed_organic,organic_reagent,,telegram:chemgroup,Iranian supplier Telegram catalogue,listing_evidence_crawled_2026-08-24,https://t.me/chemgroup/1128,,ai_normalised_listing+pubchem_confirmed,verified_telegram_listing,2016-02-01
iron(2+);oxalate,Ferrous Oxalate,,10589,OWZIYWAUNZMLRT-UHFFFAOYSA-L,C2FeO4,143.86,C(=O)(C(=O)[O-])[O-].[Fe+2],confirmed_organic,organic_reagent,,telegram:chemgroup,Iranian supplier Telegram catalogue,listing_evidence_crawled_2026-08-24,https://t.me/chemgroup/2758,,ai_normalised_listing+pubchem_confirmed,verified_telegram_listing,2017-01-22
"3',6'-dihydroxyspiro[2-benzofuran-3,9'-xanthene]-1-one",Fluorescein,,16850,GNBHRKFJIUUOQI-UHFFFAOYSA-N,C20H12O5,332.3,C1=CC=C2C(=C1)C(=O)OC23C4=C(C=C(C=C4)O)OC5=C3C=CC(=C5)O,confirmed_organic,colorant_or_indicator,,telegram:chemgroup,Iranian supplier Telegram catalogue,listing_evidence_crawled_2026-08-24,https://t.me/chemgroup/2134,,ai_normalised_listing+pubchem_confirmed,verified_telegram_listing,2016-09-20
"(C60-Ih)[5,6]fullerene",Fullerenes,99685-96-8,123591,XMWRBQBLMFGWIX-UHFFFAOYSA-N,C60,720.6,C12=C3C4=C5C6=C1C7=C8C9=C1C%10=C%11C(=C29)C3=C2C3=C4C4=C5C5=C9C6=C7C6=C7C8=C1C1=C8C%10=C%10C%11=C2C2=C3C3=C4C4=C5C5=C%11C%12=C(C6=C95)C7=C1C1=C%12C5=C%11C4=C3C3=C5C(=C81)C%10=C23,confirmed_organic,organic_reagent,,telegram:chemgroup,Iranian supplier Telegram catalogue,listing_evidence_crawled_2026-08-24,https://t.me/chemgroup/1124,,ai_normalised_listing+pubchem_confirmed,verified_telegram_listing,2016-02-01
furan-2-carbaldehyde,Furfural,98-01-1,7362,HYBBIBNJHNGZAN-UHFFFAOYSA-N,C5H4O2,96.08,C1=COC(=C1)C=O,confirmed_organic,organic_reagent,,telegram:minatajhiz,Iranian supplier Telegram catalogue,listing_evidence_crawled_2026-08-24,https://t.me/minatajhiz/640,,ai_normalised_listing+pubchem_confirmed,verified_telegram_listing,2019-10-08
4-aminobutanoic acid,Gamma-Aminobutyric Acid,,119,BTCSSZJGUNDROE-UHFFFAOYSA-N,C4H9NO2,103.12,C(CC(=O)O)CN,confirmed_organic,pharmaceutical_or_api,,telegram:chemgroup,Iranian supplier Telegram catalogue,listing_evidence_crawled_2026-08-24,https://t.me/chemgroup/2991,,ai_normalised_listing+pubchem_confirmed,verified_telegram_listing,2017-03-28
oxiran-2-ylmethyl prop-2-enoate,Glycidyl acrylate,2225-24-8,7836,RPQRDASANLAFCM-UHFFFAOYSA-N,C6H8O3,128.13,C=CC(=O)OCC1CO1,confirmed_organic,organic_reagent,research,telegram:Maran_Tejarat_Eshen,Iranian supplier catalogue,listing_evidence_crawled_2026-08-24,,,ai_normalised_listing+pubchem_confirmed,verified_catalogue,2026-08-24
2-aminoacetic acid nitrate,Glycine Nitrate,,22315836,GVZLGFXZMYVTAC-UHFFFAOYSA-N,C2H5N2O5-,137.07,C(C(=O)O)N.[N+](=O)([O-])[O-],confirmed_organic,organic_reagent,,telegram:ChemIranSanat,Iranian supplier Telegram catalogue,listing_evidence_crawled_2026-08-24,https://t.me/ChemIranSanat/195,,ai_normalised_listing+pubchem_confirmed,verified_telegram_listing,2017-06-10
2-ethoxyethanol,Glycol monoethyl ether,110-80-5,8076,ZNQVEEAIQZEUHB-UHFFFAOYSA-N,C4H10O2,90.12,CCOCCO,confirmed_organic,organic_reagent,,telegram:Boof_company,Iranian supplier Telegram catalogue,listing_evidence_crawled_2026-08-24,https://t.me/Boof_company/38,,ai_normalised_listing+pubchem_confirmed,verified_telegram_listing,2026-02-14
2-hydroxyethyl octadecanoate,Glycol monostearate,111-60-4,24762,RFVNOJDQRGSOEL-UHFFFAOYSA-N,C20H40O3,328.5,CCCCCCCCCCCCCCCCCC(=O)OCCO,confirmed_organic,cosmetic_raw_material,,telegram:Ch_Chemical_leaders,Iranian supplier Telegram catalogue,listing_evidence_crawled_2026-08-24,https://t.me/Ch_Chemical_leaders/477,,ai_normalised_listing+pubchem_confirmed,verified_telegram_listing,2026-08-08
oxaldehyde,Glyoxal,107-22-2,7860,LEQAOMBKQFMDFZ-UHFFFAOYSA-N,C2H2O2,58.04,C(=O)C=O,confirmed_organic,organic_reagent,,telegram:minatajhiz,Iranian supplier Telegram catalogue,listing_evidence_crawled_2026-08-24,https://t.me/minatajhiz/851,,ai_normalised_listing+pubchem_confirmed,verified_telegram_listing,2022-03-02
heptan-1-ol,Heptanol,111-70-6,8129,BBMCTIGTTCKYKF-UHFFFAOYSA-N,C7H16O,116.20,CCCCCCCO,confirmed_organic,organic_reagent,,telegram:minatajhiz,Iranian supplier Telegram catalogue,listing_evidence_crawled_2026-08-24,https://t.me/minatajhiz/98,,ai_normalised_listing+pubchem_confirmed,verified_telegram_listing,2017-09-18
hexadecane,Hexadecane,544-76-3,11006,DCAYPVUWAIABOU-UHFFFAOYSA-N,C16H34,226.44,CCCCCCCCCCCCCCCC,confirmed_organic,organic_reagent,,telegram:minatajhiz,Iranian supplier Telegram catalogue,listing_evidence_crawled_2026-08-24,https://t.me/minatajhiz/149,,ai_normalised_listing+pubchem_confirmed,verified_telegram_listing,2017-10-25
"hexane-1,6-diamine",Hexamethylenediamine,124-09-4,16402,NAQMVNRVTILPCV-UHFFFAOYSA-N,C6H16N2,116.20,C(CCCN)CCN,confirmed_organic,organic_reagent,,telegram:IranChemicals,Iranian supplier Telegram catalogue,listing_evidence_crawled_2026-08-24,https://t.me/Iranchemicals/23752,,ai_normalised_listing+pubchem_confirmed,verified_telegram_listing,2022-03-01
"1-[[3,4,5-tris(2-hydroxypropoxy)-6-[4,5,6-tris(2-hydroxypropoxy)-2-(2-hydroxypropoxymethyl)oxan-3-yl]oxyoxan-2-yl]methoxy]propan-2-ol",Hydroxyethyl cellulose,9004-62-0,4327536,DFJVHKAPIXJTSC-UHFFFAOYSA-N,C36H70O19,806.9,CC(COCC1C(C(C(C(O1)OC2C(OC(C(C2OCC(C)O)OCC(C)O)OCC(C)O)COCC(C)O)OCC(C)O)OCC(C)O)OCC(C)O)O,confirmed_organic,cosmetic_raw_material,,telegram:IranChemicals,Iranian supplier Telegram catalogue,listing_evidence_crawled_2026-08-24,https://t.me/Iranchemicals/30555,,ai_normalised_listing+pubchem_confirmed,verified_telegram_listing,2025-11-30
1-hydroxypropan-2-yl 2-methylprop-2-enoate,Hydroxypropyl Methacrylate,,34023,ZMARGGQEAJXRFP-UHFFFAOYSA-N,C7H12O3,144.17,CC(CO)OC(=O)C(=C)C,confirmed_organic,organic_reagent,,telegram:Maran_Tejarat_Eshen,Iranian supplier Telegram catalogue,listing_evidence_crawled_2026-08-24,https://t.me/Maran_Tejarat_Eshen/628,,ai_normalised_listing+pubchem_confirmed,verified_telegram_listing,2025-11-25
"(4S)-4-[[2-[[(1R,6R,12S,15S,18S,21S,24S,27S,30S,33S,36S,39S,42R,47R,50S,53S,56S,59S,62S,65S,68S,71S,74S,77S,80S,83S,88R)-88-[[(2S)-5-amino-2-[[(2S)-2-[[(2S)-2-[[(2S,3R)-2-[(2-aminoacetyl)amino]-3-methylpentanoyl]amino]-3-methylbutanoyl]amino]-4-carboxybutanoyl]amino]-5-oxopentanoyl]amino]-6-[[(2S)-2-[[(2S)-2-[[(2S)-5-amino-2-[[(2S)-3-amino-2-[[(2S)-2-[[(2S)-2-amino-3-phenylpropanoyl]amino]-3-methylbutanoyl]amino]-3-oxopropanoyl]amino]-5-oxopentanoyl]amino]-3-(1H-imidazol-4-yl)propanoyl]amino]-4-methylpentanoyl]amino]-47-[[(1S)-3-amino-1-carboxy-3-oxopropyl]carbamoyl]-53-(2-amino-2-oxoethyl)-62-(3-amino-3-oxopropyl)-77-[(2R)-butan-2-yl]-24,56-bis(2-carboxyethyl)-83-[(1S)-1-hydroxyethyl]-12,71,80-tris(hydroxymethyl)-33,50,65-tris[(4-hydroxyphenyl)methyl]-15-(1H-imidazol-4-ylmethyl)-27-methyl-18,30,36,59,68-pentakis(2-methylpropyl)-7,10,13,16,19,22,25,28,31,34,37,40,49,52,55,58,61,64,67,70,73,76,79,82,85,87-hexacosaoxo-21,39-di(propan-2-yl)-3,4,44,45,90,91-hexathia-8,11,14,17,20,23,26,29,32,35,38,41,48,51,54,57,60,63,66,69,72,75,78,81,84,86-hexacosazabicyclo[72.11.7]dononacontane-42-carbonyl]amino]acetyl]amino]-5-[[(2S)-1-[[2-[[(2S)-1-[[(2S)-1-[[(2S)-1-[[(2S,3S)-1-[(2S)-2-[[(2S)-6-amino-1-[[(1S,2S)-1-carboxy-2-hydroxypropyl]amino]-1-oxohexan-2-yl]carbamoyl]pyrrolidin-1-yl]-3-hydroxy-1-oxobutan-2-yl]amino]-3-(4-hydroxyphenyl)-1-oxopropan-2-yl]amino]-1-oxo-3-phenylpropan-2-yl]amino]-1-oxo-3-phenylpropan-2-yl]amino]-2-oxoethyl]amino]-5-carbamimidamido-1-oxopentan-2-yl]amino]-5-oxopentanoic acid",Insulin,70-92-6,70678557,YAJCHEVQCOHZDC-QMMNLEPNSA-N,C256H381N65O77S6,5794,CC[C@@H](C)[C@H]1C(=O)N[C@@H]2CSSC[C@@H](C(=O)N[C@@H](CSSC[C@@H](C(=O)NCC(=O)N[C@H](C(=O)N[C@H](C(=O)N[C@H](C(=O)N[C@H](C(=O)N[C@H](C(=O)N[C@H](C(=O)N[C@H](C(=O)N[C@H](C(=O)N[C@H](C(=O)N[C@H](C(=O)N[C@@H](CSSC[C@H](NC(=O)[C@@H](NC(=O)[C@@H](NC(=O)[C@@H](NC(=O)[C@@H](NC(=O)[C@@H](NC(=O)[C@@H](NC(=O)[C@@H](NC(=O)[C@@H](NC2=O)CO)CC(C)C)CC3=CC=C(C=C3)O)CCC(=O)N)CC(C)C)CCC(=O)O)CC(=O)N)CC4=CC=C(C=C4)O)C(=O)N[C@@H](CC(=O)N)C(=O)O)C(=O)NCC(=O)N[C@@H](CCC(=O)O)C(=O)N[C@@H](CCCNC(=N)N)C(=O)NCC(=O)N[C@@H](CC5=CC=CC=C5)C(=O)N[C@@H](CC6=CC=CC=C6)C(=O)N[C@@H](CC7=CC=C(C=C7)O)C(=O)N[C@@H]([C@H](C)O)C(=O)N8CCC[C@H]8C(=O)N[C@@H](CCCCN)C(=O)N[C@@H]([C@H](C)O)C(=O)O)C(C)C)CC(C)C)CC9=CC=C(C=C9)O)CC(C)C)C)CCC(=O)O)C(C)C)CC(C)C)CC2=CNC=N2)CO)NC(=O)[C@H](CC(C)C)NC(=O)[C@H](CC2=CNC=N2)NC(=O)[C@H](CCC(=O)N)NC(=O)[C@H](C(=O)N)NC(=O)[C@H](C(C)C)NC(=O)[C@H](CC2=CC=CC=C2)N)C(=O)N[C@H](C(=O)N[C@H](C(=O)N1)CO)[C@H](C)O)NC(=O)[C@H](CCC(=O)N)NC(=O)[C@H](CCC(=O)O)NC(=O)[C@H](C(C)C)NC(=O)[C@H]([C@H](C)CC)NC(=O)CN,confirmed_organic,pharmaceutical_or_api,,telegram:IranChemicals,Iranian supplier Telegram catalogue,listing_evidence_crawled_2026-08-24,https://t.me/Iranchemicals/23122,,ai_normalised_listing+pubchem_confirmed,verified_telegram_listing,2021-11-13
3-methylbutyl acetate,Isoamyl Acetate,123-92-2,31276,MLFHJEHSLIIPHL-UHFFFAOYSA-N,C7H14O2,130.18,CC(C)CCOC(=O)C,confirmed_organic,fragrance_or_aroma,,telegram:IranChemicals,Iranian supplier Telegram catalogue,listing_evidence_crawled_2026-08-24,https://t.me/Iranchemicals/19842,,ai_normalised_listing+pubchem_confirmed,verified_telegram_listing,2020-11-20
2-methylpropyl (E)-3-phenylprop-2-enoate,Isobutyl Cinnamate,122-67-8,778574,IQZUZPKOFSOVET-CMDGGOBGSA-N,C13H16O2,204.26,CC(C)COC(=O)/C=C/C1=CC=CC=C1,confirmed_organic,fragrance_or_aroma,,telegram:minatajhiz,Iranian supplier Telegram catalogue,listing_evidence_crawled_2026-08-24,https://t.me/minatajhiz/1016,,ai_normalised_listing+pubchem_confirmed,verified_telegram_listing,2023-04-30
2-methylpropyl 2-methylprop-2-enoate,Isobutyl Methacrylate,97-86-9,7352,RUMACXVDVNRZJZ-UHFFFAOYSA-N,C8H14O2,142.20,CC(C)COC(=O)C(=C)C,confirmed_organic,organic_reagent,,telegram:ChemIranSanat,Iranian supplier Telegram catalogue,listing_evidence_crawled_2026-08-24,https://t.me/ChemIranSanat/1945,,ai_normalised_listing+pubchem_confirmed,verified_telegram_listing,2020-10-07
(2R)-2-amino-3-sulfanylpropanoic acid;hydrate;hydrochloride,L-Cysteine hydrochloride monohydrate,16873-86-2,23462,QIJRTFXNRTXDIP-JIZZDEOASA-N,C3H10ClNO3S,175.64,C([C@@H](C(=O)O)N)S.O.Cl,confirmed_organic,organic_reagent,,telegram:ChemIranSanat,Iranian supplier Telegram catalogue,listing_evidence_crawled_2026-08-24,https://t.me/ChemIranSanat/340,,ai_normalised_listing+pubchem_confirmed,verified_telegram_listing,2017-07-01
L-Valine,L-Valine,72-19-5,6288,AYFVYJQAPQTCCC-GBXIJSLDSA-N,C4H9NO3,119.12,C[C@H]([C@@H](C(=O)O)N)O,confirmed_organic,supplement_active,,TamadKala,Iranian supplier catalogue,listing_evidence_crawled_2026-08-24,https://tamadkala.com/product/164592/%D8%A7%D9%84-%D9%88%D8%A7%D9%84%DB%8C%D9%86-%D8%A8%D8%B1%D9%86%D8%AF-%D9%84%D9%88%D8%A8%D8%A7-%D9%87%D9%86%D8%AF,,ai_normalised_listing+pubchem_confirmed,verified_catalogue,2026-08-24
"5-amino-2,3-dihydrophthalazine-1,4-dione",Luminol,521-31-3,10638,HWYHZTIRURJOHG-UHFFFAOYSA-N,C8H7N3O2,177.16,C1=CC2=C(C(=C1)N)C(=O)NNC2=O,confirmed_organic,colorant_or_indicator,,telegram:ChemIranSanat,Iranian supplier Telegram catalogue,listing_evidence_crawled_2026-08-24,https://t.me/ChemIranSanat/1080,,ai_normalised_listing+pubchem_confirmed,verified_telegram_listing,2017-12-14
dicopper;carbonate;dihydroxide,Malachite,,25503,ZMMDPCMYTCRWFF-UHFFFAOYSA-J,CH2Cu2O5,221.12,C(=O)([O-])[O-].[OH-].[OH-].[Cu+2].[Cu+2],confirmed_organic,colorant_or_indicator,,telegram:chemgroup,Iranian supplier Telegram catalogue,listing_evidence_crawled_2026-08-24,https://t.me/chemgroup/3596,,ai_normalised_listing+pubchem_confirmed,verified_telegram_listing,2017-07-20
2-methylprop-2-enoic acid,Methacrylic Acid,79-41-4,4093,CERQOIWHTDAKMF-UHFFFAOYSA-N,C4H6O2,86.09,CC(=C)C(=O)O,confirmed_organic,organic_reagent,,telegram:Maran_Tejarat_Eshen,Iranian supplier Telegram catalogue,listing_evidence_crawled_2026-08-24,https://t.me/Maran_Tejarat_Eshen/216,,ai_normalised_listing+pubchem_confirmed,verified_telegram_listing,2019-03-11
(2S)-N-methyl-1-phenylpropan-2-amine,Methamphetamine,537-46-2,10836,MYWUZJCMWCOHBA-VIFPVBQESA-N,C10H15N,149.23,C[C@@H](CC1=CC=CC=C1)NC,confirmed_organic,pharmaceutical_or_api,,telegram:IranChemicals,Iranian supplier Telegram catalogue,listing_evidence_crawled_2026-08-24,https://t.me/chemgroup/4231,,ai_normalised_listing+pubchem_confirmed,verified_telegram_listing,2017-11-20
methane;tricosahydrate,Methane clathrate,,85782665,NMJORVOYSJLJGU-UHFFFAOYSA-N,C4H62O23,478.52,C.C.C.C.O.O.O.O.O.O.O.O.O.O.O.O.O.O.O.O.O.O.O.O.O.O.O,confirmed_organic,organic_reagent,,telegram:chemgroup,Iranian supplier Telegram catalogue,listing_evidence_crawled_2026-08-24,https://t.me/chemgroup/2396,,ai_normalised_listing+pubchem_confirmed,verified_telegram_listing,2016-11-04
methyl carbonochloridate,Methyl chloroformate,79-22-1,6586,XMJHPCRAQCTCFT-UHFFFAOYSA-N,C2H3ClO2,94.50,COC(=O)Cl,confirmed_organic,organic_reagent,,telegram:minatajhiz,Iranian supplier Telegram catalogue,listing_evidence_crawled_2026-08-24,https://t.me/minatajhiz/676,,ai_normalised_listing+pubchem_confirmed,verified_telegram_listing,2020-01-01
methyl 2-cyanoprop-2-enoate,Methyl cyanoacrylate,123-96-0,8711,MWCLLHOVUTZFKS-UHFFFAOYSA-N,C5H5NO2,111.10,COC(=O)C(=C)C#N,confirmed_organic,organic_reagent,,telegram:chemgroup,Iranian supplier Telegram catalogue,listing_evidence_crawled_2026-08-24,https://t.me/chemgroup/1519,,ai_normalised_listing+pubchem_confirmed,verified_telegram_listing,2016-04-19
2-hydroperoxy-2-(2-hydroperoxybutan-2-ylperoxy)butane,Methyl ethyl ketone peroxide,103-37-3,3672772,WFUGQJXVXHBTEM-UHFFFAOYSA-N,C8H18O6,210.22,CCC(C)(OO)OOC(C)(CC)OO,confirmed_organic,organic_reagent,,telegram:IranChemicals,Iranian supplier Telegram catalogue,listing_evidence_crawled_2026-08-24,https://t.me/Iranchemicals/21551,,ai_normalised_listing+pubchem_confirmed,verified_telegram_listing,2021-04-02
iodomethane,Methyl iodide,7646-30-6,6328,INQOMBQAUSQDDS-UHFFFAOYSA-N,CH3I,141.939,CI,confirmed_organic,organic_reagent,,telegram:minatajhiz,Iranian supplier Telegram catalogue,listing_evidence_crawled_2026-08-24,https://t.me/minatajhiz/44,,ai_normalised_listing+pubchem_confirmed,verified_telegram_listing,2017-02-16
magnesium;carbanide;bromide,Methyl magnesium bromide,1390-83-5,6349,NXPHGHWWQRMDIA-UHFFFAOYSA-M,CH3BrMg,119.24,[CH3-].[Mg+2].[Br-],confirmed_organic,organic_reagent,,telegram:minatajhiz,Iranian supplier Telegram catalogue,listing_evidence_crawled_2026-08-24,https://t.me/minatajhiz/332,,ai_normalised_listing+pubchem_confirmed,verified_telegram_listing,2018-03-26
methyl 2-phenylacetate,Methyl phenylacetate,101-41-7,7559,CRZQGDNQQAALAY-UHFFFAOYSA-N,C9H10O2,150.17,COC(=O)CC1=CC=CC=C1,confirmed_organic,fragrance_or_aroma,,telegram:Ch_Chemical_leaders,Iranian supplier Telegram catalogue,listing_evidence_crawled_2026-08-24,https://t.me/Ch_Chemical_leaders/241,,ai_normalised_listing+pubchem_confirmed,verified_telegram_listing,2025-07-13
N-[(prop-2-enoylamino)methyl]prop-2-enamide,Methylenebisacrylamide,,8041,ZIUHHBKFKCYYJD-UHFFFAOYSA-N,C7H10N2O2,154.17,C=CC(=O)NCNC(=O)C=C,confirmed_organic,organic_reagent,,telegram:minatajhiz,Iranian supplier Telegram catalogue,listing_evidence_crawled_2026-08-24,https://t.me/minatajhiz/981,,ai_normalised_listing+pubchem_confirmed,verified_telegram_listing,2023-02-21
"2-methyl-1,2-thiazol-3-one",Methylisothiazolinone,2682-20-4,39800,BEGLCMHJXHIJLR-UHFFFAOYSA-N,C4H5NOS,115.16,CN1C(=O)C=CS1,confirmed_organic,cosmetic_raw_material,,telegram:Maran_Tejarat_Eshen,Iranian supplier Telegram catalogue,listing_evidence_crawled_2026-08-24,https://t.me/Maran_Tejarat_Eshen/529,,ai_normalised_listing+pubchem_confirmed,verified_telegram_listing,2020-09-01
"[(2R,3S,4R,5R)-3,4-dihydroxy-5-[4-(hydroxyamino)-2-oxopyrimidin-1-yl]oxolan-2-yl]methyl 2-methylpropanoate",Molnupiravir,2349386-89-4,145996610,HTNPEHXGEKVIHG-QCNRFFRDSA-N,C13H19N3O7,329.31,CC(C)C(=O)OC[C@@H]1[C@H]([C@H]([C@@H](O1)N2C=CC(=NC2=O)NO)O)O,confirmed_organic,pharmaceutical_or_api,,telegram:IranChemicals,Iranian supplier Telegram catalogue,listing_evidence_crawled_2026-08-24,https://t.me/Iranchemicals/22600,,ai_normalised_listing+pubchem_confirmed,verified_telegram_listing,2021-08-12
"2-(2,4-dihydroxyphenyl)-3,5,7-trihydroxychromen-4-one;dihydrate",Morin hydrate,528-04-9,18542136,AEVKYFNHIADTEI-UHFFFAOYSA-N,C15H14O9,338.27,C1=CC(=C(C=C1O)O)C2=C(C(=O)C3=C(C=C(C=C3O2)O)O)O.O.O,confirmed_organic,secondary_metabolite_or_natural_product,,telegram:minatajhiz,Iranian supplier Telegram catalogue,listing_evidence_crawled_2026-08-24,https://t.me/minatajhiz/175,,ai_normalised_listing+pubchem_confirmed,verified_telegram_listing,2017-11-05
"4-methoxy-6-prop-2-enyl-1,3-benzodioxole",Myristicin,,4276,BNWJOHGLIBDBOB-UHFFFAOYSA-N,C11H12O3,192.21,COC1=CC(=CC2=C1OCO2)CC=C,confirmed_organic,secondary_metabolite_or_natural_product,,telegram:ChemIranSanat,Iranian supplier Telegram catalogue,listing_evidence_crawled_2026-08-24,https://t.me/ChemIranSanat/1180,,ai_normalised_listing+pubchem_confirmed,verified_telegram_listing,2018-01-19
"4-N,4-N-dimethylbenzene-1,4-diamine","N,N-dimethyl-p-phenylenediamine",621-92-9,7472,BZORFPDSXLZWJF-UHFFFAOYSA-N,C8H12N2,136.19,CN(C)C1=CC=C(C=C1)N,confirmed_organic,organic_reagent,,telegram:chemgroup,Iranian supplier Telegram catalogue,listing_evidence_crawled_2026-08-24,https://t.me/chemgroup/1204,,ai_normalised_listing+pubchem_confirmed,verified_telegram_listing,2016-02-09
3-[(2S)-1-methylpyrrolidin-2-yl]pyridine,Nicotine,54-11-5,89594,SNICXCGAKADSCV-JTQLQIEISA-N,C10H14N2,162.23,CN1CCC[C@H]1C2=CN=CC=C2,confirmed_organic,secondary_metabolite_or_natural_product,,telegram:chemgroup,Iranian supplier Telegram catalogue,listing_evidence_crawled_2026-08-24,https://t.me/chemgroup/502,,ai_normalised_listing+pubchem_confirmed,verified_telegram_listing,2015-12-27
9-(diethylamino)benzo[a]phenoxazin-5-one,Nile Red,7385-81-5,65182,VOFUROIFQGPCGE-UHFFFAOYSA-N,C20H18N2O2,318.4,CCN(CC)C1=CC2=C(C=C1)N=C3C4=CC=CC=C4C(=O)C=C3O2,confirmed_organic,colorant_or_indicator,,telegram:chemgroup,Iranian supplier Telegram catalogue,listing_evidence_crawled_2026-08-24,https://t.me/chemgroup/2214,,ai_normalised_listing+pubchem_confirmed,verified_telegram_listing,2016-10-02
2-nonylphenol,Nonylphenol,25154-52-5,67296,SNQQPOLDUKLAAF-UHFFFAOYSA-N,C15H24O,220.35,CCCCCCCCCC1=CC=CC=C1O,confirmed_organic,organic_reagent,,telegram:IranChemicals,Iranian supplier Telegram catalogue,listing_evidence_crawled_2026-08-24,https://t.me/Iranchemicals/23430,,ai_normalised_listing+pubchem_confirmed,verified_telegram_listing,2022-01-04
"octadecyl 3-(3,5-ditert-butyl-4-hydroxyphenyl)propanoate",Octadecyl DI-tert-butyl-4-hydroxyhydrocinnamate,27583-95-9,16386,SSDSCDGVMJFTEQ-UHFFFAOYSA-N,C35H62O3,530.9,CCCCCCCCCCCCCCCCCCOC(=O)CCC1=CC(=C(C(=C1)C(C)(C)C)O)C(C)(C)C,confirmed_organic,cosmetic_raw_material,,telegram:Ch_Chemical_leaders,Iranian supplier Telegram catalogue,listing_evidence_crawled_2026-08-24,https://t.me/Ch_Chemical_leaders/248,,ai_normalised_listing+pubchem_confirmed,verified_telegram_listing,2025-07-19
[(Z)-octadec-9-enyl] acetate,Oleyl acetate,693-80-1,5363289,GYGAZRPDUOHMAF-KHPPLWFESA-N,C20H38O2,310.5,CCCCCCCC/C=C\CCCCCCCCOC(=O)C,confirmed_organic,fragrance_or_aroma,,telegram:ChemIranSanat,Iranian supplier Telegram catalogue,listing_evidence_crawled_2026-08-24,https://t.me/ChemIranSanat/1897,,ai_normalised_listing+pubchem_confirmed,verified_telegram_listing,2020-04-20
"(2S)-1-[(4R,7S,10S,13S,16S,19R)-19-amino-7-(2-amino-2-oxoethyl)-10-(3-amino-3-oxopropyl)-13-[(2S)-butan-2-yl]-16-[(4-hydroxyphenyl)methyl]-6,9,12,15,18-pentaoxo-1,2-dithia-5,8,11,14,17-pentazacycloicosane-4-carbonyl]-N-[(2S)-1-[(2-amino-2-oxoethyl)amino]-4-methyl-1-oxopentan-2-yl]pyrrolidine-2-carboxamide",Oxytocin,50-56-6,439302,XNOPRXBHLZRZKH-DSZYJQQASA-N,C43H66N12O12S2,1007.2,CC[C@H](C)[C@H]1C(=O)N[C@H](C(=O)N[C@H](C(=O)N[C@@H](CSSC[C@@H](C(=O)N[C@H](C(=O)N1)CC2=CC=C(C=C2)O)N)C(=O)N3CCC[C@H]3C(=O)N[C@@H](CC(C)C)C(=O)NCC(=O)N)CC(=O)N)CCC(=O)N,confirmed_organic,pharmaceutical_or_api,,telegram:chemgroup,Iranian supplier Telegram catalogue,listing_evidence_crawled_2026-08-24,https://t.me/chemgroup/1818,,ai_normalised_listing+pubchem_confirmed,verified_telegram_listing,2016-08-02
2-[4-(carboxymethyl)phenyl]acetic acid,p-Phenylenediacetic acid,,81760,SLWIPPZWFZGHEU-UHFFFAOYSA-N,C10H10O4,194.18,C1=CC(=CC=C1CC(=O)O)CC(=O)O,confirmed_organic,organic_reagent,,telegram:ChemIranSanat,Iranian supplier Telegram catalogue,listing_evidence_crawled_2026-08-24,https://t.me/ChemIranSanat/1805,,ai_normalised_listing+pubchem_confirmed,verified_telegram_listing,2019-09-07
"[(1S,2S,3R,4S,7R,9S,10S,12R,15S)-4,12-diacetyloxy-15-[(2R,3S)-3-benzamido-2-hydroxy-3-phenylpropanoyl]oxy-1,9-dihydroxy-10,14,17,17-tetramethyl-11-oxo-6-oxatetracyclo[11.3.1.03,10.04,7]heptadec-13-en-2-yl] benzoate",Paclitaxel,33069-62-4,36314,RCINICONZNJXQF-MZXODVADSA-N,C47H51NO14,853.9,CC1=C2[C@H](C(=O)[C@@]3([C@H](C[C@@H]4[C@]([C@H]3[C@@H]([C@@](C2(C)C)(C[C@@H]1OC(=O)[C@@H]([C@H](C5=CC=CC=C5)NC(=O)C6=CC=CC=C6)O)O)OC(=O)C7=CC=CC=C7)(CO4)OC(=O)C)O)C)OC(=O)C,confirmed_organic,pharmaceutical_or_api,,telegram:chemgroup,Iranian supplier Telegram catalogue,listing_evidence_crawled_2026-08-24,https://t.me/chemgroup/990,,ai_normalised_listing+pubchem_confirmed,verified_telegram_listing,2016-01-19
"4-[(4-aminophenyl)-(4-iminocyclohexa-2,5-dien-1-ylidene)methyl]aniline;hydrochloride",Pararosaniline Hydrochloride,569-61-9,11292,JUQPZRLQQYSMEQ-UHFFFAOYSA-N,C19H18ClN3,323.8,C1=CC(=N)C=CC1=C(C2=CC=C(C=C2)N)C3=CC=C(C=C3)N.Cl,confirmed_organic,colorant_or_indicator,,telegram:minatajhiz,Iranian supplier Telegram catalogue,listing_evidence_crawled_2026-08-24,https://t.me/minatajhiz/1050,,ai_normalised_listing+pubchem_confirmed,verified_telegram_listing,2023-07-11
"3,3-dimethyl-7-oxo-6-[(2-phenylacetyl)amino]-4-thia-1-azabicyclo[3.2.0]heptane-2-carboxylic acid",Penicillins,,2349,JGSARLDLIJGVTE-UHFFFAOYSA-N,C16H18N2O4S,334.4,CC1(C(N2C(S1)C(C2=O)NC(=O)CC3=CC=CC=C3)C(=O)O)C,confirmed_organic,pharmaceutical_or_api,,telegram:minatajhiz,Iranian supplier Telegram catalogue,listing_evidence_crawled_2026-08-24,https://t.me/minatajhiz/90,,ai_normalised_listing+pubchem_confirmed,verified_telegram_listing,2017-09-13
"2,2,3,3,4,4,5,5,6,6,7,7,8,8,8-pentadecafluorooctanoic acid",Perfluorooctanoic acid,335-67-1,9554,SNGREZUHAYWORS-UHFFFAOYSA-N,C8HF15O2,414.07,C(=O)(C(C(C(C(C(C(C(F)(F)F)(F)F)(F)F)(F)F)(F)F)(F)F)(F)F)O,confirmed_organic,organic_reagent,,telegram:chemgroup,Iranian supplier Telegram catalogue,listing_evidence_crawled_2026-08-24,https://t.me/chemgroup/177,,ai_normalised_listing+pubchem_confirmed,verified_telegram_listing,2015-12-03
2-phenylethanamine,Phenethylamine,64-04-0,1001,BHHGXPLMPWCGHP-UHFFFAOYSA-N,C8H11N,121.18,C1=CC=C(C=C1)CCN,confirmed_organic,organic_reagent,,telegram:chemgroup,Iranian supplier Telegram catalogue,listing_evidence_crawled_2026-08-24,https://t.me/chemgroup/133,,ai_normalised_listing+pubchem_confirmed,verified_telegram_listing,2015-11-16
phenyl carbonochloridate,Phenyl chloroformate,682-96-6,15891,AHWALFGBDFAJAI-UHFFFAOYSA-N,C7H5ClO2,156.56,C1=CC=C(C=C1)OC(=O)Cl,confirmed_organic,organic_reagent,,telegram:minatajhiz,Iranian supplier Telegram catalogue,listing_evidence_crawled_2026-08-24,https://t.me/minatajhiz/1001,,ai_normalised_listing+pubchem_confirmed,verified_telegram_listing,2023-03-15
2-phenylacetonitrile,Phenylacetonitrile,,8794,SUSQOBVLVYHIEX-UHFFFAOYSA-N,C8H7N,117.15,C1=CC=C(C=C1)CC#N,confirmed_organic,organic_reagent,,telegram:minatajhiz,Iranian supplier Telegram catalogue,listing_evidence_crawled_2026-08-24,https://t.me/minatajhiz/808,,ai_normalised_listing+pubchem_confirmed,verified_telegram_listing,2021-08-22
ethynylbenzene,Phenylacetylene,536-74-3,10821,UEXCJVNBTNXOEH-UHFFFAOYSA-N,C8H6,102.13,C#CC1=CC=CC=C1,confirmed_organic,organic_reagent,,telegram:minatajhiz,Iranian supplier Telegram catalogue,listing_evidence_crawled_2026-08-24,https://t.me/minatajhiz/788,,ai_normalised_listing+pubchem_confirmed,verified_telegram_listing,2021-02-22
phenylmercury;hydrate,Phenylmercuric hydroxide,100-57-2,7512,MSYUMXXVCSLXMR-UHFFFAOYSA-N,C6H7HgO,295.71,C1=CC=C(C=C1)[Hg].O,confirmed_organic,organic_reagent,,telegram:minatajhiz,Iranian supplier Telegram catalogue,listing_evidence_crawled_2026-08-24,https://t.me/minatajhiz/327,,ai_normalised_listing+pubchem_confirmed,verified_telegram_listing,2018-03-18
2-hydroxypropanoyloxy(phenyl)mercury,Phenylmercuric lactate,122-64-5,16683023,RRFGSWMKSSCUSU-UHFFFAOYSA-M,C9H10HgO3,366.77,CC(C(=O)O[Hg]C1=CC=CC=C1)O,confirmed_organic,organic_reagent,,telegram:minatajhiz,Iranian supplier Telegram catalogue,listing_evidence_crawled_2026-08-24,https://t.me/minatajhiz/165,,ai_normalised_listing+pubchem_confirmed,verified_telegram_listing,2017-10-31
N-[2-[ethoxy(methyl)phosphoryl]sulfanylethyl]-N-propan-2-ylpropan-2-amine,"Phosphonothioic acid, methyl-, S-(2-(bis(1-methylethyl)amino)ethyl) O-ethyl ester",,39793,JJIUCEJQJXNMHV-UHFFFAOYSA-N,C11H26NO2PS,267.37,CCOP(=O)(C)SCCN(C(C)C)C(C)C,confirmed_organic,organic_reagent,,telegram:chemgroup,Iranian supplier Telegram catalogue,listing_evidence_crawled_2026-08-24,https://t.me/chemgroup/513,,ai_normalised_listing+pubchem_confirmed,verified_telegram_listing,2015-12-27
"(2E,4E)-5-(1,3-benzodioxol-5-yl)-1-piperidin-1-ylpenta-2,4-dien-1-one",Piperine,94-62-2,638024,MXXWOMGUGJBKIW-YPCIICBESA-N,C17H19NO3,285.34,C1CCN(CC1)C(=O)/C=C/C=C/C2=CC3=C(C=C2)OCO3,confirmed_organic,secondary_metabolite_or_natural_product,,telegram:ChemIranSanat,Iranian supplier Telegram catalogue,listing_evidence_crawled_2026-08-24,https://t.me/ChemIranSanat/1349,,ai_normalised_listing+pubchem_confirmed,verified_telegram_listing,2018-04-03
2-[2-(2-hydroxyethoxy)propoxy]ethanol,"Poly(oxy-1,2-ethanediyl) alpha,alpha-(1-methyl-1,2-ethanediyl)bis(omega-hydroxy-",9003-11-6,10154203,OQNWUUGFAWNUME-UHFFFAOYSA-N,C7H16O4,164.20,CC(COCCO)OCCO,confirmed_organic,cosmetic_raw_material,,telegram:ChemIranSanat,Iranian supplier Telegram catalogue,listing_evidence_crawled_2026-08-24,https://t.me/ChemIranSanat/2028,,ai_normalised_listing+pubchem_confirmed,verified_telegram_listing,2021-04-27
(5E)-5-[[3-methoxy-5-(1H-pyrrol-2-yl)-1H-pyrrol-2-yl]methylidene]-2-methyl-3-pentylpyrrole,Prodigiosin,,172897611,SZXDNGVQRDTJSD-FOWTUZBSSA-N,C20H25N3O,323.4,CCCCCC1=C/C(=C\C2=C(C=C(N2)C3=CC=CN3)OC)/N=C1C,confirmed_organic,secondary_metabolite_or_natural_product,,telegram:LabTel,Iranian supplier Telegram catalogue,listing_evidence_crawled_2026-08-24,https://t.me/LabTel/65530,,ai_normalised_listing+pubchem_confirmed,verified_telegram_listing,2024-10-03
prop-1-ene,Propylene,127-37-1,8252,QQONPFPTGQHPMA-UHFFFAOYSA-N,C3H6,42.08,CC=C,confirmed_organic,organic_reagent,,telegram:IranChemicals,Iranian supplier Telegram catalogue,listing_evidence_crawled_2026-08-24,https://t.me/Iranchemicals/30721,,ai_normalised_listing+pubchem_confirmed,verified_telegram_listing,2025-12-18
1H-pyrrole,Pyrrole,,8027,KAESVJOAVNADME-UHFFFAOYSA-N,C4H5N,67.09,C1=CNC=C1,confirmed_organic,organic_reagent,,telegram:minatajhiz,Iranian supplier Telegram catalogue,listing_evidence_crawled_2026-08-24,https://t.me/minatajhiz/65,,ai_normalised_listing+pubchem_confirmed,verified_telegram_listing,2017-05-27
"trans-(1R,2R)-2-methoxycyclohexan-1-ol","rel-(1R,2R)-2-Methoxycyclohexanol",7429-40-5,11051680,DCQQZLGQRIVCNH-RNFRBKRXSA-N,C7H14O2,130.18,CO[C@@H]1CCCC[C@H]1O,confirmed_organic,organic_reagent,,telegram:chemgroup,Iranian supplier Telegram catalogue,listing_evidence_crawled_2026-08-24,https://t.me/chemgroup/1780,,ai_normalised_listing+pubchem_confirmed,verified_telegram_listing,2016-07-24
"2-ethylbutyl (2S)-2-[[[(2R,3S,4R,5R)-5-(4-aminopyrrolo[2,1-f][1,2,4]triazin-7-yl)-5-cyano-3,4-dihydroxyoxolan-2-yl]methoxy-phenoxyphosphoryl]amino]propanoate",Remdesivir,1809249-37-3,121304016,RWWYLEGWBNMMLJ-YSOARWBDSA-N,C27H35N6O8P,602.6,CCC(CC)COC(=O)[C@H](C)N[P@](=O)(OC[C@@H]1[C@H]([C@H]([C@](O1)(C#N)C2=CC=C3N2N=CN=C3N)O)O)OC4=CC=CC=C4,confirmed_organic,pharmaceutical_or_api,,telegram:IranChemicals,Iranian supplier Telegram catalogue,listing_evidence_crawled_2026-08-24,https://t.me/Iranchemicals/20027,,ai_normalised_listing+pubchem_confirmed,verified_telegram_listing,2020-11-30
"5-[(E)-2-(4-hydroxyphenyl)ethenyl]benzene-1,3-diol",Resveratrol,501-36-0,445154,LUKBXSAWLPMMSZ-OWOJBTEDSA-N,C14H12O3,228.24,C1=CC(=CC=C1/C=C/C2=CC(=CC(=C2)O)O)O,confirmed_organic,secondary_metabolite_or_natural_product,,telegram:minatajhiz,Iranian supplier Telegram catalogue,listing_evidence_crawled_2026-08-24,https://t.me/minatajhiz/470,,ai_normalised_listing+pubchem_confirmed,verified_telegram_listing,2018-11-11
"1-[(2R,3R,4S,5R)-3,4-dihydroxy-5-(hydroxymethyl)oxolan-2-yl]-1,2,4-triazole-3-carboxamide",Ribavirin,137196-78-6,37542,IWUCXVSUMQZMFG-AFCXAGJDSA-N,C8H12N4O5,244.20,C1=NC(=NN1[C@H]2[C@@H]([C@@H]([C@H](O2)CO)O)O)C(=O)N,confirmed_organic,pharmaceutical_or_api,,telegram:ChemIranSanat,Iranian supplier Telegram catalogue,listing_evidence_crawled_2026-08-24,https://t.me/ChemIranSanat/1197,,ai_normalised_listing+pubchem_confirmed,verified_telegram_listing,2018-01-22
2-[fluoro(methyl)phosphoryl]oxypropane,Sarin,107-44-8,7871,DYAHQFWOVKZOOW-UHFFFAOYSA-N,C4H10FO2P,140.09,CC(C)OP(=O)(C)F,confirmed_organic,organic_reagent,,telegram:ChemIranSanat,Iranian supplier Telegram catalogue,listing_evidence_crawled_2026-08-24,https://t.me/ChemIranSanat/562,,ai_normalised_listing+pubchem_confirmed,verified_telegram_listing,2017-08-14
"sodium 2,4-dinitrobenzenesulfonate","Sodium 2,4-dinitrobenzenesulfonate",,70168,GSBYVRKLPCSLNV-UHFFFAOYSA-M,C6H3N2NaO7S,270.15,C1=CC(=C(C=C1[N+](=O)[O-])[N+](=O)[O-])S(=O)(=O)[O-].[Na+],confirmed_organic,colorant_or_indicator,,telegram:minatajhiz,Iranian supplier Telegram catalogue,listing_evidence_crawled_2026-08-24,https://t.me/minatajhiz/476,,ai_normalised_listing+pubchem_confirmed,verified_telegram_listing,2018-12-08
Sodium carboxymethyl cellulose,Sodium carboxymethyl cellulose,9004-32-4,6328154,DPXJVFZANSGRMM-UHFFFAOYSA-N,C8H16NaO8,263.20,CC(=O)O.C(C(C(C(C(C=O)O)O)O)O)O.[Na],confirmed_organic,cosmetic_raw_material,,telegram:minatajhiz,Iranian supplier Telegram catalogue,listing_evidence_crawled_2026-08-24,https://t.me/minatajhiz/240,,ai_normalised_listing+pubchem_confirmed,verified_telegram_listing,2017-12-27
sodium 2-chloroacetate,Sodium chloroacetate,2907-22-5,23665759,FDRCDNZGSXJAFP-UHFFFAOYSA-M,C2H2ClNaO2,116.48,C(C(=O)[O-])Cl.[Na+],confirmed_organic,organic_reagent,research,telegram:minatajhiz,Iranian supplier catalogue,listing_evidence_crawled_2026-08-24,,,ai_normalised_listing+pubchem_confirmed,verified_catalogue,2026-08-24
sodium hydroxymethanesulfinate,Sodium Formaldehyde Sulfoxylate,1316-58-5,23689980,XWGJFPHUCFXLBL-UHFFFAOYSA-M,CH3NaO3S,118.09,C(O)S(=O)[O-].[Na+],confirmed_organic,organic_reagent,,telegram:Boof_company,Iranian supplier Telegram catalogue,listing_evidence_crawled_2026-08-24,https://t.me/Boof_company/66,,ai_normalised_listing+pubchem_confirmed,verified_telegram_listing,2026-06-16
"(2R,3R,4R,5R,6S)-2-[(2R,3R,4S,5S,6R)-5-hydroxy-6-(hydroxymethyl)-2-[[(1S,2S,7S,10R,11S,14S,15R,16S,17R,20S,23S)-10,14,16,20-tetramethyl-22-azahexacyclo[12.10.0.02,11.05,10.015,23.017,22]tetracos-4-en-7-yl]oxy]-4-[(2S,3R,4S,5S,6R)-3,4,5-trihydroxy-6-(hydroxymethyl)oxan-2-yl]oxyoxan-3-yl]oxy-6-methyloxane-3,4,5-triol",Solanine,20562-02-1,30185,ZGVSETXHNHBTRK-OTYSSXIJSA-N,C45H73NO15,868.1,C[C@H]1CC[C@@H]2[C@H]([C@H]3[C@@H](N2C1)C[C@@H]4[C@@]3(CC[C@H]5[C@H]4CC=C6[C@@]5(CC[C@@H](C6)O[C@H]7[C@@H]([C@H]([C@H]([C@H](O7)CO)O)O[C@H]8[C@@H]([C@H]([C@@H]([C@H](O8)CO)O)O)O)O[C@@H]9[C@@H]([C@@H]([C@H]([C@@H](O9)C)O)O)O)C)C)C,confirmed_organic,secondary_metabolite_or_natural_product,,telegram:ChemIranSanat,Iranian supplier Telegram catalogue,listing_evidence_crawled_2026-08-24,https://t.me/ChemIranSanat/602,,ai_normalised_listing+pubchem_confirmed,verified_telegram_listing,2017-08-22
"[(2R)-2-[(2R,3R,4S)-3,4-dihydroxyoxolan-2-yl]-2-hydroxyethyl] octadecanoate",Sorbitan monooctadecanoate,1338-41-6,16218600,HVUMOYIDDBPOLL-XWVZOOPGSA-N,C24H46O6,430.6,CCCCCCCCCCCCCCCCCC(=O)OC[C@H]([C@@H]1[C@@H]([C@H](CO1)O)O)O,confirmed_organic,cosmetic_raw_material,,telegram:jahaneshimicom,Iranian supplier Telegram catalogue,listing_evidence_crawled_2026-08-24,https://t.me/jahaneshimicom/135,,ai_normalised_listing+pubchem_confirmed,verified_telegram_listing,2024-01-14
"N'-(3-aminopropyl)butane-1,4-diamine",Spermidine,124-20-9,1102,ATHGHQPFGPMSJY-UHFFFAOYSA-N,C7H19N3,145.25,C(CCNCCCN)CN,confirmed_organic,organic_reagent,,telegram:minatajhiz,Iranian supplier Telegram catalogue,listing_evidence_crawled_2026-08-24,https://t.me/minatajhiz/163,,ai_normalised_listing+pubchem_confirmed,verified_telegram_listing,2017-10-30
"bis(2-[(1R,2R,3S,4R,5R,6S)-3-(diaminomethylideneamino)-4-[(2R,3R,4R,5S)-3-[(2S,3S,4S,5R,6S)-4,5-dihydroxy-6-(hydroxymethyl)-3-(methylamino)oxan-2-yl]oxy-4-formyl-4-hydroxy-5-methyloxolan-2-yl]oxy-2,5,6-trihydroxycyclohexyl]guanidine);sulfuric acid",Streptomycin Sulfate,11055-58-0,19648,QTENRWWVYAAPBI-YCRXJPFRSA-N,C42H84N14O36S3,1457.4,C[C@H]1[C@@]([C@H]([C@@H](O1)O[C@@H]2[C@H]([C@@H]([C@H]([C@@H]([C@H]2O)O)N=C(N)N)O)N=C(N)N)O[C@H]3[C@H]([C@@H]([C@H]([C@@H](O3)CO)O)O)NC)(C=O)O.C[C@H]1[C@@]([C@H]([C@@H](O1)O[C@@H]2[C@H]([C@@H]([C@H]([C@@H]([C@H]2O)O)N=C(N)N)O)N=C(N)N)O[C@H]3[C@H]([C@@H]([C@H]([C@@H](O3)CO)O)O)NC)(C=O)O.OS(=O)(=O)O.OS(=O)(=O)O.OS(=O)(=O)O,confirmed_organic,pharmaceutical_or_api,,telegram:labshop,Iranian supplier Telegram catalogue,listing_evidence_crawled_2026-08-24,https://t.me/labshop/140,,ai_normalised_listing+pubchem_confirmed,verified_telegram_listing,2016-04-26
1-isothiocyanato-4-methylsulfinylbutane,Sulforaphane,4478-93-7,5350,SUVMJBTUFCVSAD-UHFFFAOYSA-N,C6H11NOS2,177.3,CS(=O)CCCCN=C=S,confirmed_organic,secondary_metabolite_or_natural_product,,telegram:ChemIranSanat,Iranian supplier Telegram catalogue,listing_evidence_crawled_2026-08-24,https://t.me/ChemIranSanat/1165,,ai_normalised_listing+pubchem_confirmed,verified_telegram_listing,2018-01-16
1-chloro-2-(2-chloroethylsulfanyl)ethane,Sulfur Mustard,505-60-2,10461,QKSKPIVNLNLAAV-UHFFFAOYSA-N,C4H8Cl2S,159.08,C(CCl)SCCCl,confirmed_organic,organic_reagent,,telegram:chemgroup,Iranian supplier Telegram catalogue,listing_evidence_crawled_2026-08-24,https://t.me/chemgroup/913,,ai_normalised_listing+pubchem_confirmed,verified_telegram_listing,2016-01-13
"(2R)-N-[(2R,3S)-1-[[(2S,3S)-1-[[(2S)-1-[[(3S,6S,9S,12R,13S)-6-[[(5S)-2-amino-4,5-dihydro-1H-imidazol-5-yl]methyl]-3-[(2S)-butan-2-yl]-9,13-dimethyl-2,5,8,11-tetraoxo-1-oxa-4,7,10-triazacyclotridec-12-yl]amino]-3-hydroxy-1-oxopropan-2-yl]amino]-3-methyl-1-oxopentan-2-yl]amino]-3-methyl-1-oxopentan-2-yl]-2-[[(2S)-3-hydroxy-2-[[(2S,3S)-3-methyl-2-[[(2R)-2-(methylamino)-3-phenylpropanoyl]amino]pentanoyl]amino]propanoyl]amino]pentanediamide",Teixobactin,,86341926,LMBFAGIMSUYTBN-MPZNNTNKSA-N,C58H95N15O15,1242.5,CC[C@H](C)[C@H]1C(=O)O[C@H]([C@H](C(=O)N[C@H](C(=O)N[C@H](C(=O)N1)C[C@H]2CN=C(N2)N)C)NC(=O)[C@H](CO)NC(=O)[C@H]([C@@H](C)CC)NC(=O)[C@@H]([C@@H](C)CC)NC(=O)[C@@H](CCC(=O)N)NC(=O)[C@H](CO)NC(=O)[C@H]([C@@H](C)CC)NC(=O)[C@@H](CC3=CC=CC=C3)NC)C,confirmed_organic,secondary_metabolite_or_natural_product,,telegram:ChemIranSanat,Iranian supplier Telegram catalogue,listing_evidence_crawled_2026-08-24,https://t.me/ChemIranSanat/1142,,ai_normalised_listing+pubchem_confirmed,verified_telegram_listing,2018-01-01
2-methoxy-2-methylpropane,tert-Butyl methyl ether,1634-04-4,15413,BZLVMXJERCGZMT-UHFFFAOYSA-N,C5H12O,88.15,CC(C)(C)OC,confirmed_organic,organic_reagent,,telegram:IranChemicals,Iranian supplier Telegram catalogue,listing_evidence_crawled_2026-08-24,https://t.me/Iranchemicals/30673,,ai_normalised_listing+pubchem_confirmed,verified_telegram_listing,2025-12-14
tert-butyl benzenecarboperoxoate,tert-Butyl peroxybenzoate,,11966,GJBRNHKUVLOCEB-UHFFFAOYSA-N,C11H14O3,194.23,CC(C)(C)OOC(=O)C1=CC=CC=C1,confirmed_organic,organic_reagent,,telegram:Maran_Tejarat_Eshen,Iranian supplier Telegram catalogue,listing_evidence_crawled_2026-08-24,https://t.me/Maran_Tejarat_Eshen/330,,ai_normalised_listing+pubchem_confirmed,verified_telegram_listing,2019-06-15
"(8R,9S,10R,13S,14S,17S)-17-hydroxy-10,13-dimethyl-1,2,6,7,8,9,11,12,14,15,16,17-dodecahydrocyclopenta[a]phenanthren-3-one",Testosterone,58-22-0,6013,MUMGGOZAMZWBJJ-DYKIIFRCSA-N,C19H28O2,288.4,C[C@]12CC[C@H]3[C@H]([C@@H]1CC[C@@H]2O)CCC4=CC(=O)CC[C@]34C,confirmed_organic,pharmaceutical_or_api,,telegram:minatajhiz,Iranian supplier Telegram catalogue,listing_evidence_crawled_2026-08-24,https://t.me/minatajhiz/396,,ai_normalised_listing+pubchem_confirmed,verified_telegram_listing,2018-05-29
"(6aR,10aR)-6,6,9-trimethyl-3-pentyl-6a,7,8,10a-tetrahydrobenzo[c]chromen-1-ol",Tetrahydrocannabinol,1972-08-3,16078,CYQFCXCEBYINGO-IAGOWNOFSA-N,C21H30O2,314.5,CCCCCC1=CC(=C2[C@@H]3C=C(CC[C@H]3C(OC2=C1)(C)C)C)O,confirmed_organic,pharmaceutical_or_api,,telegram:ChemIranSanat,Iranian supplier Telegram catalogue,listing_evidence_crawled_2026-08-24,https://t.me/ChemIranSanat/1205,,ai_normalised_listing+pubchem_confirmed,verified_telegram_listing,2018-01-24
thiolane,Tetrahydrothiophene,110-01-0,1127,RAOIDOHSFRTOEL-UHFFFAOYSA-N,C4H8S,88.17,C1CCSC1,confirmed_organic,organic_reagent,,telegram:minatajhiz,Iranian supplier Telegram catalogue,listing_evidence_crawled_2026-08-24,https://t.me/minatajhiz/1092,,ai_normalised_listing+pubchem_confirmed,verified_telegram_listing,2024-02-13
tetramethylazanium hydroxide,Tetramethylammonium hydroxide,75-59-2,60966,WGTYBPLFGIVFAS-UHFFFAOYSA-M,C4H13NO,91.15,C[N+](C)(C)C.[OH-],confirmed_organic,organic_reagent,,telegram:ChemIranSanat,Iranian supplier Telegram catalogue,listing_evidence_crawled_2026-08-24,https://t.me/ChemIranSanat/1961,,ai_normalised_listing+pubchem_confirmed,verified_telegram_listing,2021-04-06
tetrapropylazanium hydroxide,Tetrapropylammonium hydroxide,141-69-5,20586,LPSKDVINWQNWFE-UHFFFAOYSA-M,C12H29NO,203.36,CCC[N+](CCC)(CCC)CCC.[OH-],confirmed_organic,organic_reagent,,telegram:minatajhiz,Iranian supplier Telegram catalogue,listing_evidence_crawled_2026-08-24,https://t.me/minatajhiz/204,,ai_normalised_listing+pubchem_confirmed,verified_telegram_listing,2017-11-22
"4-benzyl-2-naphthalen-1-yl-1,2,4-thiadiazolidine-3,5-dione",Tideglusib,865854-05-3,11313622,PMJIHLSCWIDGMD-UHFFFAOYSA-N,C19H14N2O2S,334.4,C1=CC=C(C=C1)CN2C(=O)N(SC2=O)C3=CC=CC4=CC=CC=C43,confirmed_organic,pharmaceutical_or_api,,telegram:ChemIranSanat,Iranian supplier Telegram catalogue,listing_evidence_crawled_2026-08-24,https://t.me/ChemIranSanat/245,,ai_normalised_listing+pubchem_confirmed,verified_telegram_listing,2017-06-18
"2-[[1,3-dihydroxy-2-(hydroxymethyl)propan-2-yl]amino]acetic acid",Tricine,5704-04-1,79784,SEQKRHFRPICQDD-UHFFFAOYSA-N,C6H13NO5,179.17,C(C(=O)O)NC(CO)(CO)CO,confirmed_organic,organic_reagent,,telegram:ChemIranSanat,Iranian supplier Telegram catalogue,listing_evidence_crawled_2026-08-24,https://t.me/ChemIranSanat/39,,ai_normalised_listing+pubchem_confirmed,verified_telegram_listing,2017-05-23
"5-chloro-2-(2,4-dichlorophenoxy)phenol",Triclosan,3380-34-5,5564,XEFQLINVKFYRCS-UHFFFAOYSA-N,C12H7Cl3O2,289.5,C1=CC(=C(C=C1Cl)O)OC2=C(C=C(C=C2)Cl)Cl,confirmed_organic,cosmetic_raw_material,,telegram:ChemIranSanat,Iranian supplier Telegram catalogue,listing_evidence_crawled_2026-08-24,https://t.me/ChemIranSanat/1211,,ai_normalised_listing+pubchem_confirmed,verified_telegram_listing,2018-01-25
triethyl phosphate,Triethyl Phosphate,78-40-0,6535,DQWPFSLDHJDLRL-UHFFFAOYSA-N,C6H15O4P,182.15,CCOP(=O)(OCC)OCC,confirmed_organic,organic_reagent,,telegram:minatajhiz,Iranian supplier Telegram catalogue,listing_evidence_crawled_2026-08-24,https://t.me/minatajhiz/186,,ai_normalised_listing+pubchem_confirmed,verified_telegram_listing,2017-11-08
"N,N-diethylethanamine",Triethylamine,121-44-8,8471,ZMANZCXQSJIPKH-UHFFFAOYSA-N,C6H15N,101.19,CCN(CC)CC,confirmed_organic,organic_reagent,,telegram:minatajhiz,Iranian supplier Telegram catalogue,listing_evidence_crawled_2026-08-24,https://t.me/minatajhiz/196,,ai_normalised_listing+pubchem_confirmed,verified_telegram_listing,2017-11-14
trifluoromethanesulfonic acid,Trifluoromethanesulfonic acid,1493-13-6,62406,ITMCEJHCFYSIIV-UHFFFAOYSA-N,CHF3O3S,150.08,C(F)(F)(F)S(=O)(=O)O,confirmed_organic,organic_reagent,,telegram:minatajhiz,Iranian supplier Telegram catalogue,listing_evidence_crawled_2026-08-24,https://t.me/minatajhiz/159,,ai_normalised_listing+pubchem_confirmed,verified_telegram_listing,2017-10-29
trimethyl borate,Trimethyl borate,1670-88-5,8470,WRECIMRULFAWHA-UHFFFAOYSA-N,C3H9BO3,103.92,B(OC)(OC)OC,confirmed_organic,organic_reagent,,telegram:chemgroup,Iranian supplier Telegram catalogue,listing_evidence_crawled_2026-08-24,https://t.me/chemgroup/2305,,ai_normalised_listing+pubchem_confirmed,verified_telegram_listing,2016-10-18
"2,2-bis(2-methylprop-2-enoyloxymethyl)butyl 2-methylprop-2-enoate",Trimethylolpropane Trimethacrylate,,18689,OKKRPWIIYQTPQF-UHFFFAOYSA-N,C18H26O6,338.4,CCC(COC(=O)C(=C)C)(COC(=O)C(=C)C)COC(=O)C(=C)C,confirmed_organic,organic_reagent,,telegram:minatajhiz,Iranian supplier Telegram catalogue,listing_evidence_crawled_2026-08-24,https://t.me/minatajhiz/835,,ai_normalised_listing+pubchem_confirmed,verified_telegram_listing,2021-12-29
methyl(trioctyl)azanium chloride,Trioctylmethylammonium chloride,5137-55-8,21218,XKBGEWXEAPTVCK-UHFFFAOYSA-M,C25H54ClN,404.2,CCCCCCCC[N+](C)(CCCCCCCC)CCCCCCCC.[Cl-],confirmed_organic,organic_reagent,,telegram:minatajhiz,Iranian supplier Telegram catalogue,listing_evidence_crawled_2026-08-24,https://t.me/minatajhiz/404,,ai_normalised_listing+pubchem_confirmed,verified_telegram_listing,2018-06-13
triphenyl phosphate,Triphenyl Phosphate,115-86-6,8289,XZZNDPSIHUTMOC-UHFFFAOYSA-N,C18H15O4P,326.3,C1=CC=C(C=C1)OP(=O)(OC2=CC=CC=C2)OC3=CC=CC=C3,confirmed_organic,organic_reagent,,telegram:chemgroup,Iranian supplier Telegram catalogue,listing_evidence_crawled_2026-08-24,https://t.me/chemgroup/615,,ai_normalised_listing+pubchem_confirmed,verified_telegram_listing,2015-12-30
tris(trimethylsilyl) phosphite,Tris(trimethylsilyl) phosphite,10475-02-2,137213,VMZOBROUFBEGAR-UHFFFAOYSA-N,C9H27O3PSi3,298.54,C[Si](C)(C)OP(O[Si](C)(C)C)O[Si](C)(C)C,confirmed_organic,organic_reagent,,telegram:ChemIranSanat,Iranian supplier Telegram catalogue,listing_evidence_crawled_2026-08-24,https://t.me/ChemIranSanat/1725,,ai_normalised_listing+pubchem_confirmed,verified_telegram_listing,2019-06-12
"2-[4-(2,4,4-trimethylpentan-2-yl)phenoxy]ethanol",Triton X 100,,5590,JYCQQPHGFMYQCF-UHFFFAOYSA-N,C16H26O2,250.38,CC(C)(C)CC(C)(C)C1=CC=C(C=C1)OCCO,confirmed_organic,cosmetic_raw_material,,telegram:minatajhiz,Iranian supplier Telegram catalogue,listing_evidence_crawled_2026-08-24,https://t.me/minatajhiz/670,,ai_normalised_listing+pubchem_confirmed,verified_telegram_listing,2019-12-01
