# export_metadata: {"exported_at": "2026-08-24T11:55:00Z", "rows": 1068, "scope": "best-effort index of public Iranian supplier catalogues", "skill": "iran-chem-database@2.17.2 (parallel-AI run)", "sources": "live-telegram-mirror+seed-baseline+ai-normalization", "ai": "all-8-providers-parallel, pubchem-verified, cid-deduped"}
molecule,name_variants,cas_number,inchi_key,pubchem_cid,molecular_formula,organic_status,identity_method,vendors,offerings,brand,pack,price,price_currency,availability,evidence_text,evidence_url,evidence_by,sources,provenance_hash
"(1R,2R,5S,8S,9S,10R,11S,12S)-5,12-dihydroxy-11-methyl-6-methylidene-16-oxo-15-oxapentacyclo[9.3.2.15,8.01,10.02,8]heptadec-13-ene-9-carboxylic acid","(1R,2R,5S,8S,9S,10R,11S,12S)-5,12-dihydroxy-11-methyl-6-methylidene-16-oxo-15-oxapentacyclo[9.3.2.15,8.01,10.02,8]heptadec-13-ene-9-carboxylic acid",50-15-7,,6466,C19H22O6,true,seed,TamadKala,1,,,,,,,,,seed,29212346330ca03a
"(1S,3Z)-3-[(2E)-2-[(1R,3aS,7aR)-1-[(E,2R,5R)-5,6-dimethylhept-3-en-2-yl]-7a-methyl-2,3,3a,5,6,7-hexahydro-1H-inden-4-ylidene]ethylidene]-4-methylidenecyclohexan-1-ol","(1S,3Z)-3-[(2E)-2-[(1R,3aS,7aR)-1-[(E,2R,5R)-5,6-dimethylhept-3-en-2-yl]-7a-methyl-2,3,3a,5,6,7-hexahydro-1H-inden-4-ylidene]ethylidene]-4-methylidenecyclohexan-1-ol | Vitamin D",50-14-6,MECHNRXZTMCUDQ-RKHKHRCZSA-N,5280793,C28H44O,true,ai_verified,LabTel; TamadKala,2,,,,,,,t.me/LabTel,cohere+cohere,ai_verified+seed,f242ce54eca0e1ec
"(2,2-dimethyl-1,3-dihydroperimidin-6-yl)-(4-phenyldiazenylnaphthalen-1-yl)diazene","(2,2-dimethyl-1,3-dihydroperimidin-6-yl)-(4-phenyldiazenylnaphthalen-1-yl)diazene",4197-25-5,,61336,C29H24N6,true,seed,TamadKala,1,,,,,,,,,seed,95f2753beb2a4355
"(2,5-dioxoimidazolidin-4-yl)urea","(2,5-dioxoimidazolidin-4-yl)urea",,,204,C4H6N4O3,true,seed,BehChin Chemi Pharmed,1,,,,,,,,,seed,a986c39827ff35fd
(2-hydroxy-4-methoxyphenyl)-phenylmethanone,(2-hydroxy-4-methoxyphenyl)-phenylmethanone,,,4632,C14H12O3,true,seed,BehChin Chemi Pharmed,1,,,,,,,,,seed,245de7bd3dd5ecbc
"(2E,4E)-hexa-2,4-dienoic acid","(2E,4E)-hexa-2,4-dienoic acid",110-44-1,,643460,C6H8O2,true,seed,Fardad Shimi,1,,,,,,,,,seed,a7505488929628f2
"(2R)-2-[(1S)-1,2-dihydroxyethyl]-3,4-dihydroxy-2H-furan-5-one","(2R)-2-[(1S)-1,2-dihydroxyethyl]-3,4-dihydroxy-2H-furan-5-one | Ascorbic acid",50-81-7,CIWBSHSKHKDKBQ-JLAZNSOCSA-N,54670067,C6H8O6,true,ai_verified,DigiShimi; Fardad Shimi; IranChemicals; Isatis Shimi; TamadKala; Telegram: ChemIranSanat,6,,,,,,,t.me/IranChemicals,gemini,ai_verified+seed,159aec4f654fca92
(2R)-2-amino-3-sulfanylpropanoic acid,(2R)-2-amino-3-sulfanylpropanoic acid | L-Cysteine,52-90-4,XUJNEKJLAYXESH-REOHCLBHSA-N,5862,C3H7NO2S,true,ai_verified,TamadKala; labshop,2,,,,,,,t.me/labshop,mistral,ai_verified+seed,6cf5cc9b1d57addc
"(2R,3R,4R,5S)-hexane-1,2,3,4,5,6-hexol","(2R,3R,4R,5S)-hexane-1,2,3,4,5,6-hexol | Sorbitol",50-70-4,FBPFZTCFMRRESA-JGWLITMVSA-N,5780,C6H14O6,true,ai_verified,DigiShimi; Fardad Shimi; IranChemicals; TamadKala; Telegram: IranChemicals,5,,,,,,,t.me/IranChemicals,cohere,ai_verified+seed,80cd1f8b6d479633
"(2R,3R,4S,5R,6S)-2-(hydroxymethyl)-6-[(2R,3S,4R,5R,6R)-4,5,6-trihydroxy-2-(hydroxymethyl)oxan-3-yl]oxyoxane-3,4,5-triol","(2R,3R,4S,5R,6S)-2-(hydroxymethyl)-6-[(2R,3S,4R,5R,6R)-4,5,6-trihydroxy-2-(hydroxymethyl)oxan-3-yl]oxyoxane-3,4,5-triol",63-42-3,,6134,C12H22O11,true,seed,TamadKala,1,,,,,,,,,seed,af148bb2a512a792
"(2R,3R,4S,5R,6S)-2-(hydroxymethyl)-6-[(2R,3S,4R,5R,6S)-4,5,6-trihydroxy-2-(hydroxymethyl)oxan-3-yl]oxyoxane-3,4,5-triol;hydrate","(2R,3R,4S,5R,6S)-2-(hydroxymethyl)-6-[(2R,3S,4R,5R,6S)-4,5,6-trihydroxy-2-(hydroxymethyl)oxan-3-yl]oxyoxane-3,4,5-triol;hydrate",64044-51-5,,104938,C12H24O12,true,seed,TamadKala,1,,,,,,,,,seed,61bf590819b26a92
"(2R,3R,4S,5S,6R)-2-[(2S,3S,4S,5R)-3,4-dihydroxy-2,5-bis(hydroxymethyl)oxolan-2-yl]oxy-6-(hydroxymethyl)oxane-3,4,5-triol","(2R,3R,4S,5S,6R)-2-[(2S,3S,4S,5R)-3,4-dihydroxy-2,5-bis(hydroxymethyl)oxolan-2-yl]oxy-6-(hydroxymethyl)oxane-3,4,5-triol | Sucrose",57-50-1,CZMRCDWAGMRECN-UGDNZRGBSA-N,5988,C12H22O11,true,ai_verified,DigiShimi; Fardad Shimi; IranChemicals; TamadKala; Telegram: jahaneshimicom,5,,,,,,,t.me/IranChemicals,llm7,ai_verified+seed,3cefda04e2426e4a
"(2R,3S,4R,5R)-2,3,4,5,6-pentahydroxyhexanal;hydrate","(2R,3S,4R,5R)-2,3,4,5,6-pentahydroxyhexanal;hydrate",,,22814120,C6H14O7,true,seed,TamadKala,1,,,,,,,,,seed,0f135f32a7252a75
"(2R,4S)-pentane-1,2,3,4,5-pentol","(2R,4S)-pentane-1,2,3,4,5-pentol",87-99-0,,6912,C5H12O5,true,seed,TamadKala,1,,,,,,,,,seed,eb85da429ee2cf77
"(2S)-2,4-diamino-4-oxobutanoic acid;hydrate","(2S)-2,4-diamino-4-oxobutanoic acid;hydrate",5794-13-8,,170358,C4H10N2O4,true,seed,TamadKala,1,,,,,,,,,seed,ad7c17ad214144e1
"(2S)-2,5-diamino-5-oxopentanoic acid","(2S)-2,5-diamino-5-oxopentanoic acid | 4-Aminobutyric acid",56-85-9,ZDXPYRJPNDTMRX-VKHMYHEASA-N,5961,C5H10N2O3,true,ai_verified,ChemIranSanat; TamadKala,2,,,,,,,t.me/ChemIranSanat,llm7,ai_verified+seed,74522178d2f5c939
"(2S)-2,6-diaminohexanoic acid","(2S)-2,6-diaminohexanoic acid",56-87-1,,5962,C6H14N2O2,true,seed,TamadKala,1,,,,,,,,,seed,4fdc81fefa2d5af3
(2S)-2-amino-3-(1H-imidazol-5-yl)propanoic acid,(2S)-2-amino-3-(1H-imidazol-5-yl)propanoic acid,71-00-1,,6274,C6H9N3O2,true,seed,TamadKala,1,,,,,,,,,seed,353e580b7f8cf6b6
(2S)-2-amino-3-(1H-indol-3-yl)propanoic acid,(2S)-2-amino-3-(1H-indol-3-yl)propanoic acid,73-22-3,,6305,C11H12N2O2,true,seed,TamadKala,1,,,,,,,,,seed,f4887eda3b6469fe
(2S)-2-amino-3-(4-hydroxyphenyl)propanoic acid,(2S)-2-amino-3-(4-hydroxyphenyl)propanoic acid,,,6057,C9H11NO3,true,seed,Fardad Shimi; TamadKala,2,,,,,,,,,seed,ab2e2d7b1b24b7a8
(2S)-2-amino-3-hydroxypropanoic acid,(2S)-2-amino-3-hydroxypropanoic acid,56-45-1,,5951,C3H7NO3,true,seed,TamadKala,1,,,,,,,,,seed,fb476c6077378857
(2S)-2-amino-3-methylbutanoic acid,(2S)-2-amino-3-methylbutanoic acid,72-18-4,,6287,C5H11NO2,true,seed,TamadKala,1,,,,,,,,,seed,2ec584f306bb4796
(2S)-2-amino-3-phenylpropanoic acid,(2S)-2-amino-3-phenylpropanoic acid,63-91-2,,6140,C9H11NO2,true,seed,TamadKala,1,,,,,,,,,seed,f6cd1895ca52da53
(2S)-2-amino-4-methylpentanoic acid,(2S)-2-amino-4-methylpentanoic acid,61-90-5,,6106,C6H13NO2,true,seed,TamadKala,1,,,,,,,,,seed,3269a7be7caaea36
(2S)-2-amino-5-(diaminomethylideneamino)pentanoic acid,(2S)-2-amino-5-(diaminomethylideneamino)pentanoic acid,74-79-3,,6322,C6H14N4O2,true,seed,Rooz Darou; TamadKala,2,,,,,,,,,seed,c6bc4570e5a4368d
(2S)-2-amino-5-[[(2R)-1-(carboxymethylamino)-1-oxo-3-sulfanylpropan-2-yl]amino]-5-oxopentanoic acid,(2S)-2-amino-5-[[(2R)-1-(carboxymethylamino)-1-oxo-3-sulfanylpropan-2-yl]amino]-5-oxopentanoic acid,,,124886,C10H17N3O6S,true,seed,Telegram: ChemIranSanat,1,,,,,,,,,seed,c23509158c21cdff
(2S)-2-aminopentanedioic acid,(2S)-2-aminopentanedioic acid,56-84-8,,33032,C5H9NO4,true,seed,TamadKala; Telegram: ChemIranSanat,2,,,,,,,,,seed,29d459e60f68eb14
(2S)-2-aminopropanoic acid,(2S)-2-aminopropanoic acid,56-41-7,,5950,C3H7NO2,true,seed,TamadKala,1,,,,,,,,,seed,253771a8dec6bb44
(2S)-pyrrolidine-2-carboxylic acid,(2S)-pyrrolidine-2-carboxylic acid,147-85-3,,145742,C5H9NO2,true,seed,TamadKala,1,,,,,,,,,seed,caa6b7371c7c5c87
"(2S,3R,4S,5R,6R)-3,4,5,6-tetrahydroxyoxane-2-carboxylic acid","(2S,3R,4S,5R,6R)-3,4,5,6-tetrahydroxyoxane-2-carboxylic acid | pectin",9000-69-5,AEMOLEFTQBMNLQ-DTEWXJGMSA-N,441476,C6H10O7,true,ai_verified,Telegram: jahaneshimicom; jahaneshimicom,2,,,,,,,t.me/jahaneshimicom,mistral,ai_verified+seed,2ef7f3c610fae51a
"(2S,3S)-2-amino-3-methylpentanoic acid","(2S,3S)-2-amino-3-methylpentanoic acid",73-32-5,,6306,C6H13NO2,true,seed,TamadKala,1,,,,,,,,,seed,71c3eed37311c9ef
"(2S,4R)-N-[(1S,2S)-2-chloro-1-[(2R,3R,4S,5R,6R)-3,4,5-trihydroxy-6-methylsulfanyloxan-2-yl]propyl]-1-methyl-4-propylpyrrolidine-2-carboxamide;hydrochloride","(2S,4R)-N-[(1S,2S)-2-chloro-1-[(2R,3R,4S,5R,6R)-3,4,5-trihydroxy-6-methylsulfanyloxan-2-yl]propyl]-1-methyl-4-propylpyrrolidine-2-carboxamide;hydrochloride",,,16051951,C18H34Cl2N2O5S,true,seed,BehChin Chemi Pharmed,1,,,,,,,,,seed,3b1598e04a10ccab
"(3-hydroxy-2,2,4-trimethylpentyl) 2-methylpropanoate","(3-hydroxy-2,2,4-trimethylpentyl) 2-methylpropanoate | 2,2,4-trimethyl-1,3-pentanediol monoisobutyrate | Texanol",25265-77-4,DAFHKNAQFPVRKR-UHFFFAOYSA-N,6490,C12H24O3,true,ai_verified,IranChemicals; Maran_Tejarat_Eshen; Telegram: Maran_Tejarat_Eshen,3,,,,,,,t.me/Maran_Tejarat_Eshen,gemini,ai_verified+seed,e3f2989e494c9f6d
"(3R)-3-amino-1-[3-(trifluoromethyl)-6,8-dihydro-5H-[1,2,4]triazolo[4,3-a]pyrazin-7-yl]-4-(2,4,5-trifluorophenyl)butan-1-one","(3R)-3-amino-1-[3-(trifluoromethyl)-6,8-dihydro-5H-[1,2,4]triazolo[4,3-a]pyrazin-7-yl]-4-(2,4,5-trifluorophenyl)butan-1-one",,,4369359,C16H15F6N5O,true,seed,BehChin Chemi Pharmed,1,,,,,,,,,seed,6b35d49af98174fc
"(3R,4S,5S,6R)-6-(hydroxymethyl)oxane-2,3,4,5-tetrol","(3R,4S,5S,6R)-6-(hydroxymethyl)oxane-2,3,4,5-tetrol",50-99-7,,5793,C6H12O6,true,seed,DigiShimi; Fardad Shimi; TamadKala,3,,,,,,,,,seed,51e461b0f518204b
"(3S,4R,5R)-2-(hydroxymethyl)oxane-2,3,4,5-tetrol","(3S,4R,5R)-2-(hydroxymethyl)oxane-2,3,4,5-tetrol",57-48-7,,2723872,C6H12O6,true,seed,Fardad Shimi,1,,,,,,,,,seed,ae9e78f5453b1d27
"(3S,8S,9S,10R,13R,14S,17R)-10,13-dimethyl-17-[(2R)-6-methylheptan-2-yl]-2,3,4,7,8,9,11,12,14,15,16,17-dodecahydro-1H-cyclopenta[a]phenanthren-3-ol","(3S,8S,9S,10R,13R,14S,17R)-10,13-dimethyl-17-[(2R)-6-methylheptan-2-yl]-2,3,4,7,8,9,11,12,14,15,16,17-dodecahydro-1H-cyclopenta[a]phenanthren-3-ol",57-88-5,,5997,C27H46O,true,seed,TamadKala,1,,,,,,,,,seed,b4b03da69cceff35
"(4R,5S,6S)-3-[(3S,5S)-5-(dimethylcarbamoyl)pyrrolidin-3-yl]sulfanyl-6-[(1R)-1-hydroxyethyl]-4-methyl-7-oxo-1-azabicyclo[3.2.0]hept-2-ene-2-carboxylic acid","(4R,5S,6S)-3-[(3S,5S)-5-(dimethylcarbamoyl)pyrrolidin-3-yl]sulfanyl-6-[(1R)-1-hydroxyethyl]-4-methyl-7-oxo-1-azabicyclo[3.2.0]hept-2-ene-2-carboxylic acid",,,441130,C17H25N3O5S,true,seed,BehChin Chemi Pharmed,1,,,,,,,,,seed,c866913869dd9abf
"(6'-acetyloxy-4',5'-dichloro-3-oxospiro[2-benzofuran-1,9'-xanthene]-3'-yl) acetate","(6'-acetyloxy-4',5'-dichloro-3-oxospiro[2-benzofuran-1,9'-xanthene]-3'-yl) acetate",76-54-0,,101615877,C24H14Cl2O7,true,seed,TamadKala,1,,,,,,,,,seed,09f72f3306b54c3f
"(6aS,11bR)-7,11b-dihydro-6H-indeno[2,1-c]chromene-3,4,6a,9,10-pentol","(6aS,11bR)-7,11b-dihydro-6H-indeno[2,1-c]chromene-3,4,6a,9,10-pentol",517-28-2,,442514,C16H14O6,true,seed,TamadKala,1,,,,,,,,,seed,372613d59fc6a78c
"(8R,9S,13S,14S,16R,17R)-13-methyl-6,7,8,9,11,12,14,15,16,17-decahydrocyclopenta[a]phenanthrene-3,16,17-triol","(8R,9S,13S,14S,16R,17R)-13-methyl-6,7,8,9,11,12,14,15,16,17-decahydrocyclopenta[a]phenanthrene-3,16,17-triol",50-27-1,,5756,C18H24O3,true,seed,Telegram: merckmillipore,1,,,,,,,,,seed,42426651dd9916af
(benzyldisulfanyl)methylbenzene,(benzyldisulfanyl)methylbenzene,150-60-7,,9012,C14H14S2,true,seed,TamadKala,1,,,,,,,,,seed,701e46cc7c0bf140
(E)-3-phenylprop-2-enal,(E)-3-phenylprop-2-enal,104-55-2,,637511,C9H8O,true,seed,Telegram: ChemIranSanat,1,,,,,,,,,seed,8f72b1e1ab6608f2
(E)-but-2-enedioic acid,(E)-but-2-enedioic acid,,,444972,C4H4O4,true,seed,TamadKala,1,,,,,,,,,seed,44b52647b9cee924
"(E)-but-2-enedioic acid;2-(1-methylpiperidin-4-ylidene)-6-thiatricyclo[8.4.0.03,7]tetradeca-1(14),3(7),4,10,12-pentaen-8-one","(E)-but-2-enedioic acid;2-(1-methylpiperidin-4-ylidene)-6-thiatricyclo[8.4.0.03,7]tetradeca-1(14),3(7),4,10,12-pentaen-8-one",,,5282408,C23H23NO5S,true,seed,BehChin Chemi Pharmed,1,,,,,,,,,seed,474a65b313fbb1c2
(phenyldisulfanyl)benzene,(phenyldisulfanyl)benzene,,,13436,C12H10S2,true,seed,Telegram: minatajhiz,1,,,,,,,,,seed,17cb32b3298df15a
(Z)-but-2-enedioic acid,(Z)-but-2-enedioic acid,110-16-7,,444266,C4H4O4,true,seed,Fardad Shimi; TamadKala,2,,,,,,,,,seed,c0ec1b36a9922da1
(Z)-but-2-enedioic acid;(2S)-1-[(2S)-2-[[(2S)-1-ethoxy-1-oxo-4-phenylbutan-2-yl]amino]propanoyl]pyrrolidine-2-carboxylic acid,(Z)-but-2-enedioic acid;(2S)-1-[(2S)-2-[[(2S)-1-ethoxy-1-oxo-4-phenylbutan-2-yl]amino]propanoyl]pyrrolidine-2-carboxylic acid,,,5388961,C24H32N2O9,true,seed,BehChin Chemi Pharmed,1,,,,,,,,,seed,b157d1ee00d7b158
(Z)-octadec-9-enoic acid,(Z)-octadec-9-enoic acid,112-80-1,,445639,C18H34O2,true,seed,Isatis Shimi; TamadKala,2,,,,,,,,,seed,7bb75c90194e40f7
"1,1,2,2-tetrachloroethene","1,1,2,2-tetrachloroethene",127-18-4,,31373,C2Cl4,true,seed,DigiShimi; TamadKala,2,,,,,,,,,seed,7914f3c8eb3d2ccf
"1,1-dioxo-1,2-benzothiazol-3-one","1,1-dioxo-1,2-benzothiazol-3-one",81-07-2,,5143,C7H5NO3S,true,seed,TamadKala,1,,,,,,,,,seed,8fe2747607c14f8a
"1,10-phenanthroline;hydrate","1,10-phenanthroline;hydrate",5144-89-8,,21226,C12H10N2O,true,seed,Fardad Shimi; TamadKala,2,,,,,,,,,seed,dd32d4d0a906af4a
"1,2-dimethoxy-4-[(E)-prop-1-enyl]benzene","1,2-dimethoxy-4-[(E)-prop-1-enyl]benzene",,,637776,C11H14O2,true,seed,Telegram: minatajhiz,1,,,,,,,,,seed,4899b32f16efb73b
"1,3,5,7-tetrazatricyclo[3.3.1.13,7]decane","1,3,5,7-tetrazatricyclo[3.3.1.13,7]decane",100-97-0,,4101,C6H12N4,true,seed,DigiShimi,1,,,,,,,,,seed,6c84a7235b3f8a5b
"1,3,5-triazine-2,4,6-triamine","1,3,5-triazine-2,4,6-triamine | melamine",108-78-1,JDSHMPZPIAZGSV-UHFFFAOYSA-N,7955,C3H6N6,true,ai_verified,Fardad Shimi; Telegram: ChemIranSanat; jahaneshimicom,3,,,,,,,t.me/jahaneshimicom,mistral+cohere+mistral,ai_verified+seed,11f7855a02e661b6
"1,3,7-trimethylpurine-2,6-dione","1,3,7-trimethylpurine-2,6-dione",58-08-2,,2519,C8H10N4O2,true,seed,TamadKala; Telegram: ChemIranSanat,2,,,,,,,,,seed,e7dd672c3618df47
"1,3-bis(hydroxymethyl)-5,5-dimethylimidazolidine-2,4-dione","1,3-bis(hydroxymethyl)-5,5-dimethylimidazolidine-2,4-dione",,,22947,C7H12N2O4,true,seed,BehChin Chemi Pharmed,1,,,,,,,,,seed,b605be5785d22868
"1,3-diphenylpropane-1,3-dione","1,3-diphenylpropane-1,3-dione",,,8433,C15H12O2,true,seed,Telegram: minatajhiz,1,,,,,,,,,seed,e9c9629d9ec39f70
"1,4-diazabicyclo[2.2.2]octane","1,4-diazabicyclo[2.2.2]octane | 1,4-Diazabicyclo[2.2.2]octane | Triethylenediamine",280-57-9,IMNIMPAHZVJRPE-UHFFFAOYSA-N,9237,C6H12N2,true,ai_verified,ChemIranSanat; IranChemicals; Telegram: ChemIranSanat; Telegram: IranChemicals,4,,,,,,,t.me/ChemIranSanat,mistral,ai_verified+seed,40cdeeaf1683c81a
"1,4-dioxane","1,4-dioxane",123-91-1,,31275,C4H8O2,true,seed,TamadKala,1,,,,,,,,,seed,1e3d69d81d6821de
"1,6-diisocyanatohexane","1,6-diisocyanatohexane",822-06-0,RRAMGCGOFNQTLD-UHFFFAOYSA-N,13192,C8H12N2O2,true,structured_pubchem,Telegram: minatajhiz; minatajhiz,2,Merck,,,,,"ماده شیمیایی هگزا متیلن دی ایزوسیانات محصول کمپانی مرک آلمان که جزء واردات شرکت مینا تجهیز آریا می باشد. نام های دیگر این محصول : 1,6-Diisocyanatohexane می باشد. CAS: 822-06-0 EC Number: 212-485-8 @minatajhiz_aria",https://t.me/minatajhiz/74,rules+ai-audit,seed+structured_pubchem,443257faba0bd35b
"1-(3,3a,4,5,6,6a-hexahydro-1H-cyclopenta[c]pyrrol-2-yl)-3-(4-methylphenyl)sulfonylurea","1-(3,3a,4,5,6,6a-hexahydro-1H-cyclopenta[c]pyrrol-2-yl)-3-(4-methylphenyl)sulfonylurea",,,3475,C15H21N3O3S,true,seed,BehChin Chemi Pharmed,1,,,,,,,,,seed,c63672fae5a2a0ec
1-(9H-carbazol-4-yloxy)-3-[2-(2-methoxyphenoxy)ethylamino]propan-2-ol,1-(9H-carbazol-4-yloxy)-3-[2-(2-methoxyphenoxy)ethylamino]propan-2-ol,,,2585,C24H26N2O4,true,seed,BehChin Chemi Pharmed,1,,,,,,,,,seed,54822a93ebadc2ef
1-(bromomethyl)-2-phenylbenzene,1-(bromomethyl)-2-phenylbenzene,,,263365,C13H11Br,true,seed,Telegram: ChemIranSanat,1,,,,,,,,,seed,e576d48d4cb9fc53
1-(chloromethyl)-4-ethenylbenzene,1-(chloromethyl)-4-ethenylbenzene | 4-vinylbenzyl chloride,1592-20-7,ZRZHXNCATOYMJH-UHFFFAOYSA-N,74126,C9H9Cl,true,ai_verified,Telegram: minatajhiz; minatajhiz,2,,,,,,,t.me/minatajhiz,mistral,ai_verified+seed,d73e2f450b75ce06
1-[chloro(ethoxy)phosphoryl]oxyethane,1-[chloro(ethoxy)phosphoryl]oxyethane | Diethyl chlorophosphate,814-49-3,LGTLXDJOAJDFLR-UHFFFAOYSA-N,13139,C4H10ClO3P,true,ai_verified,ChemIranSanat; Telegram: ChemIranSanat,2,,,,,,,t.me/ChemIranSanat,mistral,ai_verified+seed,45c504d349980255
1-bromobutane,1-bromobutane,109-65-9,MPPPKRYCTPRNTB-UHFFFAOYSA-N,8002,C4H9Br,true,ai_verified,Telegram: minatajhiz; minatajhiz,2,,,,,,,t.me/minatajhiz,mistral,ai_verified+seed,534b9c01a641c4e7
"1-bromopyrrolidine-2,5-dione","1-bromopyrrolidine-2,5-dione",,,67184,C4H4BrNO2,true,seed,TamadKala,1,,,,,,,,,seed,6af52ac7081b42a8
1-chloro-4-(4-chlorophenyl)sulfonylbenzene,1-chloro-4-(4-chlorophenyl)sulfonylbenzene | Bis(4-chlorophenyl) sulfone,80-07-9,GPAPPPVRLPGFEQ-UHFFFAOYSA-N,6625,C12H8Cl2O2S,true,ai_verified,ChemIranSanat; Telegram: ChemIranSanat,2,,,,,,,t.me/ChemIranSanat,mistral,ai_verified+seed,6c891fab943514c8
1-chlorobutane,1-chlorobutane,109-69-3,,8005,C4H9Cl,true,seed,TamadKala,1,,,,,,,,,seed,69c9427810e1f1a1
"1-hydroxypyrrolidine-2,5-dione","1-hydroxypyrrolidine-2,5-dione | N-Hydroxysuccinimide",6066-82-6,NQTADLQHYWFPDB-UHFFFAOYSA-N,80170,C4H5NO3,true,ai_verified,ChemIranSanat; Telegram: ChemIranSanat,2,,,,,,,t.me/ChemIranSanat,mistral,ai_verified+seed,f81b28926625b0a5
1-methyl-4-prop-1-en-2-ylcyclohexene,1-methyl-4-prop-1-en-2-ylcyclohexene,,,22311,C10H16,true,seed,Telegram: minatajhiz,1,,,,,,,,,seed,54e3b8d948826b8b
1-methylimidazole,1-methylimidazole,616-47-7,,1390,C4H6N2,true,seed,Fardad Shimi,1,,,,,,,,,seed,f9d4ad09af81491f
1-methylpiperazine,1-methylpiperazine,,,53167,C5H12N2,true,seed,Telegram: ChemIranSanat,1,,,,,,,,,seed,60a5475075a9ec5e
1-methylpyrrolidin-2-one,1-methylpyrrolidin-2-one,872-50-4,,13387,C5H9NO,true,seed,TamadKala,1,,,,,,,,,seed,c91c1abf306ad559
10H-anthracen-9-one,10H-anthracen-9-one,90-44-8,,7018,C14H10O,true,seed,Fardad Shimi,1,,,,,,,,,seed,7ba8fa2404fe451a
10H-phenothiazine,10H-phenothiazine,,,7108,C12H9NS,true,seed,Telegram: ChemIranSanat; Telegram: minatajhiz,2,,,,,,,,,seed,da1cff983935ed38
"1H-1,2,4-triazole","1H-1,2,4-triazole",288-88-0,,9257,C2H3N3,true,seed,Telegram: minatajhiz,1,,,,,,,,,seed,7674465c2bf44586
"1H-3,1-benzoxazine-2,4-dione","1H-3,1-benzoxazine-2,4-dione",,,8359,C8H5NO3,true,seed,Telegram: ChemIranSanat,1,,,,,,,,,seed,68a1892ece4c4d5e
1H-imidazole,1H-imidazole,288-32-4,,795,C3H4N2,true,seed,Fardad Shimi; TamadKala,2,,,,,,,,,seed,d9e6b83cffacfb15
1H-pyrazole,1H-pyrazole,,,1048,C3H4N2,true,seed,TamadKala,1,,,,,,,,,seed,f6c0185834bc54cd
1H-pyrrole-2-carbaldehyde,1H-pyrrole-2-carbaldehyde,,,13854,C5H5NO,true,seed,Telegram: minatajhiz,1,,,,,,,,,seed,a5e802ae2356ce56
"2,2,2-trichloroacetic acid","2,2,2-trichloroacetic acid",76-03-9,,6421,C2HCl3O2,true,seed,Fardad Shimi; TamadKala,2,,,,,,,,,seed,566f0b3435398515
"2,2,2-trifluoro-N-methyl-N-trimethylsilylacetamide","2,2,2-trifluoro-N-methyl-N-trimethylsilylacetamide",,,32510,C6H12F3NOSi,true,seed,Telegram: minatajhiz,1,,,,,,,,,seed,2efb993b3bbe2f80
"2,2,2-trifluoroacetic acid","2,2,2-trifluoroacetic acid",76-05-1,,6422,C2HF3O2,true,seed,TamadKala,1,,,,,,,,,seed,aa8dc07cd08aa2d6
"2,2,3,3,4,4,4-heptafluorobutanoic acid","2,2,3,3,4,4,4-heptafluorobutanoic acid | Heptafluorobutyric acid",375-66-2,YPJUNDFVDDCYIH-UHFFFAOYSA-N,9777,C4HF7O2,true,ai_verified,ChemIranSanat; Telegram: ChemIranSanat,2,,,,,,,t.me/ChemIranSanat,llm7,ai_verified+seed,ffbdbcf396954373
"2,2,4-trimethylpentan-1-ol","2,2,4-trimethylpentan-1-ol",123-44-4,,31258,C8H18O,true,seed,Telegram: chemgroup,1,,,,,,,,,seed,85f7a8af0170a97f
"2,2,4-trimethylpentane","2,2,4-trimethylpentane",540-84-1,NHTMVDHEPJAVLT-UHFFFAOYSA-N,10907,C8H18,true,ai_verified,Telegram: minatajhiz; minatajhiz,2,,,,,,,t.me/minatajhiz,mistral,ai_verified+seed,e47e5e5991230be1
"2,2-dihydroxyindene-1,3-dione","2,2-dihydroxyindene-1,3-dione",,,10236,C9H6O4,true,seed,Fardad Shimi,1,,,,,,,,,seed,dc7bf30d09edbe1e
"2,2-dimethylpropane-1,3-diol","2,2-dimethylpropane-1,3-diol | Neopentyl glycol",126-30-7,SLCVBVWXLSEKPL-UHFFFAOYSA-N,31344,C5H12O2,true,ai_verified,Maran_Tejarat_Eshen; Telegram: Maran_Tejarat_Eshen,2,,,,,,,t.me/Maran_Tejarat_Eshen,gemini,ai_verified+seed,145459cb6e9a985f
"2,2-Diphenyl-1-picrylhydrazyl","2,2-Diphenyl-1-picrylhydrazyl",1898-66-4,,2735032,C18H12N5O6,true,seed,TamadKala,1,,,,,,,,,seed,f7b665942e845bc6
"2,3,4,5-tetrafluoroaniline","2,3,4,5-tetrafluoroaniline | 2,3,4,5-Tetrafluoroaniline",1082-83-5,BEECAQIHCYTZHC-UHFFFAOYSA-N,21757,C6H3F4N,true,ai_verified,ChemIranSanat; Telegram: ChemIranSanat,2,,,,,,,t.me/ChemIranSanat,mistral,ai_verified+seed,6fb6f9477121bfb1
"2,3,4,6,7,8,9,10-octahydropyrimido[1,2-a]azepine","2,3,4,6,7,8,9,10-octahydropyrimido[1,2-a]azepine",,,81184,C9H16N2,true,seed,Telegram: minatajhiz,1,,,,,,,,,seed,06fae6c17095a6c9
"2,3-dimethylphenol","2,3-dimethylphenol",,,10687,C8H10O,true,seed,TamadKala,1,,,,,,,,,seed,39c597ad1d9bd3d8
"2,4,4-trimethylpent-2-ene","2,4,4-trimethylpent-2-ene",107-40-4,,7869,C8H16,true,seed,Telegram: minatajhiz,1,,,,,,,,,seed,9fdb94b466a37eb9
"2,4,6-trinitrobenzenesulfonic acid","2,4,6-trinitrobenzenesulfonic acid",,,11045,C6H3N3O9S,true,seed,Telegram: ChemIranSanat,1,,,,,,,,,seed,808290a2a9862c86
"2,4,6-trinitrophenol","2,4,6-trinitrophenol | Picrylsulfonic acid",88-89-1,OXNIZHLAWKMVMX-UHFFFAOYSA-N,6954,C6H3N3O7,true,ai_verified,ChemIranSanat; Fardad Shimi,2,,,,,,,t.me/ChemIranSanat,mistral,ai_verified+seed,bd8cc812e33ecdd7
"2,4-dibromoaniline","2,4-dibromoaniline",615-57-6,,12004,C6H5Br2N,true,seed,Fardad Shimi,1,,,,,,,,,seed,f0c952dee8834843
"2,4-dihydroxybenzoic acid","2,4-dihydroxybenzoic acid",,,1491,C7H6O4,true,seed,Telegram: minatajhiz,1,,,,,,,,,seed,e8d395faddb86b31
"2,6-dibromo-4-[3-(3,5-dibromo-4-hydroxyphenyl)-1,1-dioxo-2,1lambda6-benzoxathiol-3-yl]phenol","2,6-dibromo-4-[3-(3,5-dibromo-4-hydroxyphenyl)-1,1-dioxo-2,1lambda6-benzoxathiol-3-yl]phenol",115-39-9,,8272,C19H10Br4O5S,true,seed,Fardad Shimi; TamadKala,2,,,,,,,,,seed,b4d998862558d925
"2,6-ditert-butyl-4-methylphenol","2,6-ditert-butyl-4-methylphenol",128-37-0,,31404,C15H24O,true,seed,Telegram: jahaneshimicom,1,,,,,,,,,seed,c0a9aa48b0b4c4ec
"2,7,8-trimethyl-2-(4,8,12-trimethyltridecyl)-3,4-dihydrochromen-6-ol","2,7,8-trimethyl-2-(4,8,12-trimethyltridecyl)-3,4-dihydrochromen-6-ol",,,14986,C28H48O2,true,seed,Rooz Darou; TamadKala,2,,,,,,,,,seed,524bab297806ddf8
"2-(2-bromoethyl)isoindole-1,3-dione","2-(2-bromoethyl)isoindole-1,3-dione",574-98-1,,11325,C10H8BrNO2,true,seed,Telegram: minatajhiz,1,,,,,,,,,seed,80beb1ff692f329f
2-(2-cyanopropan-2-yldiazenyl)-2-methylpropanenitrile,2-(2-cyanopropan-2-yldiazenyl)-2-methylpropanenitrile,78-67-1,,6547,C8H12N4,true,seed,TamadKala,1,,,,,,,,,seed,45b24e409344e6a3
2-(2-hydroxyethoxy)ethanol,2-(2-hydroxyethoxy)ethanol,111-46-6,,8117,C4H10O3,true,seed,Chemical Iran; DigiShimi; Isatis Shimi,3,,,,,,,,,seed,d99af2a642ae5ec9
2-(2-hydroxyethylamino)ethanol,2-(2-hydroxyethylamino)ethanol | Diethanolamine,111-42-2,ZBCBWPMODOFKDW-UHFFFAOYSA-N,8113,C4H11NO2,true,seed,Chemical Iran; DigiShimi; Fardad Shimi; Isatis Shimi; TamadKala; minatajhiz,6,Merck,,,,,Diethanolamine 803116 @merck,https://t.me/minatajhiz/508,ai_corrected:cohere,ai_corrected+seed,83c265458c915212
2-(2-methoxyethoxy)ethanol,2-(2-methoxyethoxy)ethanol,109-86-4,,8134,C5H12O3,true,seed,Fardad Shimi; TamadKala,2,,,,,,,,,seed,291e679e208357c3
2-(2-oxopyrrolidin-1-yl)acetamide,2-(2-oxopyrrolidin-1-yl)acetamide,,,4843,C6H10N2O2,true,seed,BehChin Chemi Pharmed,1,,,,,,,,,seed,decdb0a88d765d5e
2-(dimethylamino)ethanol,2-(dimethylamino)ethanol,108-01-0,,7902,C4H11NO,true,seed,TamadKala,1,,,,,,,,,seed,91893911039c14d7
2-(trimethylazaniumyl)acetate,2-(trimethylazaniumyl)acetate,107-43-7,,247,C5H11NO2,true,seed,Isatis Shimi; Telegram: jahaneshimicom,2,,,,,,,,,seed,b8baf4901e435a89
"2-[2-(2,6-dichloroanilino)phenyl]acetic acid","2-[2-(2,6-dichloroanilino)phenyl]acetic acid",,,3033,C14H11Cl2NO2,true,seed,Pishgaman Shimi (IR Chem); Rooz Darou,2,,,,,,,,,seed,ba843c9a3060cd3d
2-[2-(2-hydroxyethoxy)ethoxy]ethanol,2-[2-(2-hydroxyethoxy)ethoxy]ethanol,112-27-6,,8146,C6H14O3,true,seed,Chemical Iran; DigiShimi; Fardad Shimi; Isatis Shimi; TamadKala,5,,,,,,,,,seed,91ea94c6c3089b70
2-[2-[bis(carboxymethyl)amino]ethyl-(carboxymethyl)amino]acetic acid,2-[2-[bis(carboxymethyl)amino]ethyl-(carboxymethyl)amino]acetic acid,60-00-4,,6049,C10H16N2O8,true,seed,DigiShimi; Fardad Shimi; TamadKala; Telegram: IranChemicals,4,,,,,,,,,seed,801e2feeee5b5c5d
2-[[4-(dimethylamino)phenyl]diazenyl]benzoic acid,2-[[4-(dimethylamino)phenyl]diazenyl]benzoic acid,,,10303,C15H15N3O2,true,seed,Fardad Shimi; TamadKala,2,,,,,,,,,seed,622119db2aa7e5e6
2-[[4-[2-[4-(oxiran-2-ylmethoxy)phenyl]propan-2-yl]phenoxy]methyl]oxirane,2-[[4-[2-[4-(oxiran-2-ylmethoxy)phenyl]propan-2-yl]phenoxy]methyl]oxirane,,,2286,C21H24O4,true,seed,TamadKala,1,,,,,,,,,seed,b210c5d7e09aa1e2
"2-[[5-[3-[3-[[bis(carboxymethyl)amino]methyl]-4-hydroxy-5-methylphenyl]-1,1-dioxo-2,1lambda6-benzoxathiol-3-yl]-2-hydroxy-3-methylphenyl]methyl-(carboxymethyl)amino]acetic acid","2-[[5-[3-[3-[[bis(carboxymethyl)amino]methyl]-4-hydroxy-5-methylphenyl]-1,1-dioxo-2,1lambda6-benzoxathiol-3-yl]-2-hydroxy-3-methylphenyl]methyl-(carboxymethyl)amino]acetic acid",,,73041,C31H32N2O13S,true,seed,TamadKala,1,,,,,,,,,seed,35283f8201d75d45
2-[bis(2-hydroxyethyl)amino]ethanol,2-[bis(2-hydroxyethyl)amino]ethanol,102-71-6,,7618,C6H15NO3,true,seed,Chemical Iran; DigiShimi; Fardad Shimi; Isatis Shimi; TamadKala,5,,,,,,,,,seed,5b75cd9c32899a44
2-acetyloxybenzoic acid,2-acetyloxybenzoic acid | Aspirin,50-78-2,BSYNRYMUTXBXSQ-UHFFFAOYSA-N,2244,C9H8O4,true,ai_verified,IranChemicals; TamadKala,2,,,,,,,t.me/IranChemicals,cohere,ai_verified+seed,0277427d3f317718
"2-amino-2-(hydroxymethyl)propane-1,3-diol","2-amino-2-(hydroxymethyl)propane-1,3-diol",77-86-1,,6503,C4H11NO3,true,seed,Fardad Shimi; TamadKala; Telegram: ChemIranSanat; telegram:ChemIranSanat,4,,,,,,,,,seed,8212b8ab09fcfc9b
2-aminoacetic acid,2-aminoacetic acid | glycine,56-40-6,DHMQDGOQFOQNFH-UHFFFAOYSA-N,750,C2H5NO2,true,ai_verified,Fardad Shimi; TamadKala; Telegram: merckmillipore; merckmillipore,4,,,,,,,t.me/merckmillipore,mistral,ai_verified+seed,2d40546d35012851
2-aminoethanol,2-aminoethanol,141-43-5,,700,C2H7NO,true,seed,DigiShimi; Fardad Shimi; Isatis Shimi; TamadKala,4,,,,,,,,,seed,e1d2c35573b8cb05
"2-benzofuran-1,3-dione","2-benzofuran-1,3-dione | phthalic anhydride",85-44-9,LGRFSURHDFAFJT-UHFFFAOYSA-N,6811,C8H4O3,true,ai_verified,Fardad Shimi; IranChemicals,2,,,,,,,t.me/IranChemicals,mistral,ai_verified+seed,604bada9eacedfe0
"2-bromo-4-[3-(3-bromo-4-hydroxy-2-methyl-5-propan-2-ylphenyl)-1,1-dioxo-2,1lambda6-benzoxathiol-3-yl]-3-methyl-6-propan-2-ylphenol","2-bromo-4-[3-(3-bromo-4-hydroxy-2-methyl-5-propan-2-ylphenyl)-1,1-dioxo-2,1lambda6-benzoxathiol-3-yl]-3-methyl-6-propan-2-ylphenol",,,6450,C27H28Br2O5S,true,seed,TamadKala,1,,,,,,,,,seed,1054a68ff6e1c325
"2-bromo-4-[3-(3-bromo-4-hydroxy-5-methylphenyl)-1,1-dioxo-2,1lambda6-benzoxathiol-3-yl]-6-methylphenol","2-bromo-4-[3-(3-bromo-4-hydroxy-5-methylphenyl)-1,1-dioxo-2,1lambda6-benzoxathiol-3-yl]-6-methylphenol",,,8273,C21H16Br2O5S,true,seed,Fardad Shimi; TamadKala,2,,,,,,,,,seed,78581d050a79e889
2-bromoethenylbenzene,2-bromoethenylbenzene,103-64-0,,7667,C8H7Br,true,seed,TamadKala,1,,,,,,,,,seed,a68f14f337c9652a
2-butoxyethanol,2-butoxyethanol | Butyl Glycol | 2-Butoxyethanol,111-76-2,POAOYUHQDCAZBD-UHFFFAOYSA-N,8133,C6H14O2,true,ai_verified,Boof_company; Maran_Tejarat_Eshen; Telegram: Maran_Tejarat_Eshen,3,,185 کیلو,,,,🔰 محصول (Butyl Glycol) بوتیل گلیکول ➖️ نام علمی : (Butyl Glycol) بوتیل گلیکول ➖️ فرمول شیمیایی : BuOC₂H₄OH ➖️ ماده پایه : اتر ➖️ برند : (Metron) مترون ➖️ کشور : عربستان سعودی (Saudi Arabia) ➖️ وزن : 185 کیلو گرم ➖️ پالت : 720 کیلو گرم (4 بشکه) ➖️ قیمت : ☎️ جهت مشاوره خرید، استعلام قیمت و ثبت سفارش ب,https://t.me/Boof_company/30,ai_corrected:cohere,ai_corrected+ai_verified+seed,2bf3bf1d48521f66
2-fluorobenzoic acid,2-fluorobenzoic acid | 2-Fluorobenzoic acid,,NSTREUWFTAOOKS-UHFFFAOYSA-N,9935,C7H5FO2,true,ai_verified,ChemIranSanat; Telegram: ChemIranSanat,2,,,,,,,t.me/ChemIranSanat,mistral,ai_verified+seed,ed43c39539cf79a4
"2-hydroxy-3,5-dinitrobenzoic acid","2-hydroxy-3,5-dinitrobenzoic acid | 3,5-Dinitrosalicylic acid",,LWFUFLREGJMOIZ-UHFFFAOYSA-N,11873,C7H4N2O7,true,ai_verified,ChemIranSanat; Telegram: ChemIranSanat,2,,,,,,,t.me/ChemIranSanat,mistral,ai_verified+seed,6d1cf45daff2d4dd
2-hydroxy-5-[(4-nitrophenyl)diazenyl]benzoic acid,2-hydroxy-5-[(4-nitrophenyl)diazenyl]benzoic acid,2243-76-7,,15588,C13H9N3O5,true,seed,TamadKala,1,,,,,,,,,seed,59f2ddab50cab5dc
2-hydroxy-5-sulfobenzoic acid,2-hydroxy-5-sulfobenzoic acid,,,7322,C7H6O6S,true,seed,TamadKala,1,,,,,,,,,seed,98d706d2a7bf9984
2-hydroxybenzoic acid,2-hydroxybenzoic acid,69-72-7,,338,C7H6O3,true,seed,Fardad Shimi; TamadKala,2,,,,,,,,,seed,badbbdce51bd55d6
2-hydroxybutanedioic acid,2-hydroxybutanedioic acid,6915-15-7,,525,C4H6O5,true,seed,DigiShimi; TamadKala,2,,,,,,,,,seed,a2b58c56734f9b18
2-hydroxyethyl 2-methylprop-2-enoate,2-hydroxyethyl 2-methylprop-2-enoate | 2-Hydroxyethyl methacrylate,868-77-9,WOBHKFSMXKNTIM-UHFFFAOYSA-N,13360,C6H10O3,true,ai_verified,Maran_Tejarat_Eshen; Telegram: Maran_Tejarat_Eshen,4,,,,,in_stock,#مونومر_اکریلاتی 2-هیدروکسی اتیل متاکریلات(HEMA) : مونومری آبگریز است که از طریق واکنش بین اتیلن گلایکول و متاکرلیک اسید تولید می‌شود. مزایای کاربردی استفاده از HEMA شامل: • ایجاد مقاومت به نور UV • ایجاد مقاومت مناسب محیطی و شیمیایی در رزین تولیدی • ایجاد پایداری هیدرولیکی در پلیمر تولیدی • بهبود خ,https://t.me/Maran_Tejarat_Eshen/626,ai_corrected:gemini,ai_corrected+ai_verified+seed,9374e5c6267ef7fc
"2-hydroxypropane-1,2,3-tricarboxylic acid","2-hydroxypropane-1,2,3-tricarboxylic acid | citric acid",77-92-9,KRKNYBCHXYNGOX-UHFFFAOYSA-N,311,C6H8O7,true,structured_pubchem,Ch_Chemical_leaders; TamadKala; Telegram: Ch_Chemical_leaders; Telegram: chemgroup; Telegram: minatajhiz; minatajhiz,6,Merck,,,,in_stock,💡 اسید سیتریک یا جوهر لیمو اسید سیتریک در دو نوع مونوهیدرات و آن هیدروز بصورت پودر کریستالی محصول کمپانی مرک آلمان به فروش میرسد. @minatajhiz,https://t.me/minatajhiz/22,rules+ai-audit,seed+structured_pubchem,dd9c5d825b0bcb3b
"2-hydroxypropane-1,2,3-tricarboxylic acid;hydrate","2-hydroxypropane-1,2,3-tricarboxylic acid;hydrate | Citric acid",5949-29-1,YASYEJJMZJALEJ-UHFFFAOYSA-N,22230,C6H10O8,true,ai_verified,ChemIranSanat; DigiShimi; Fardad Shimi; ShimiMan; TamadKala,5,,,,,,,t.me/ChemIranSanat,llm7,ai_verified+seed,dc7a735f1be98a17
2-hydroxypropanoic acid,2-hydroxypropanoic acid,50-21-5,,612,C3H6O3,true,seed,DigiShimi; Isatis Shimi,2,,,,,,,,,seed,df31f3f6898fc6a9
2-methoxyethanol,2-methoxyethanol,,,8019,C3H8O2,true,seed,TamadKala,1,,,,,,,,,seed,2811ef3ac3187686
2-methyl-1H-imidazole,2-methyl-1H-imidazole | 2-methylimidazole,693-98-1,LXBGSDVWAMZHDD-UHFFFAOYSA-N,12749,C4H6N2,true,structured_pubchem,ChemIranSanat; Fardad Shimi; Telegram: ChemIranSanat,6,Sigma-Aldrich,100g,,,in_stock,"M50850 Sigma-Aldrich, 100g 2-Methylimidazole موجود و آماده تحویل ✅ شیمیران صنعت فقط اصلی 09386489001 🆔 @ChemIran1",https://t.me/ChemIranSanat/1319,rules+ai-audit,seed+structured_pubchem,46ccb50b71205a83
2-methylaniline,2-methylaniline,95-53-4,,7242,C7H9N,true,seed,TamadKala,1,,,,,,,,,seed,0a19f03d0857c81a
2-methylbut-2-ene,2-methylbut-2-ene | 2-Methyl-2-butene,513-35-9,BKOOMYPCSUNDGP-UHFFFAOYSA-N,10553,C5H10,true,ai_verified,ChemIranSanat; Telegram: ChemIranSanat,2,,,,,,,t.me/ChemIranSanat,mistral,ai_verified+seed,7a99116f1519ed9b
2-methyloxirane,"2-methyloxirane | 1,2-Propylene oxide",75-56-9,GOOHAUXETOMSMM-UHFFFAOYSA-N,6378,C3H6O,true,ai_verified,Telegram: minatajhiz; minatajhiz,2,,,,,,,t.me/minatajhiz,mistral,ai_verified+seed,0bc7df81cc0b5548
2-methylpropan-1-ol,2-methylpropan-1-ol,78-83-1,,6560,C4H10O,true,seed,TamadKala,1,,,,,,,,,seed,73231858e1d83e5d
2-methylpropan-2-ol,2-methylpropan-2-ol,75-65-0,,6386,C4H10O,true,seed,TamadKala,1,,,,,,,,,seed,5c272c4c64d71f75
2-methylpropane,2-methylpropane,,,6360,C4H10,true,seed,TamadKala,1,,,,,,,,,seed,a97c2cfef69c6762
2-nitrophenol,2-nitrophenol,88-75-5,,6947,C6H5NO3,true,seed,TamadKala,1,,,,,,,,,seed,79add36542590fc3
2-octadecanoyloxyethyl octadecanoate,2-octadecanoyloxyethyl octadecanoate,,,61174,C38H74O4,true,seed,BehChin Chemi Pharmed,1,,,,,,,,,seed,4399d5847c3cf3fc
2-sulfanylacetic acid,2-sulfanylacetic acid,,,1133,C2H4O2S,true,seed,Pishgaman Shimi (IR Chem); TamadKala,2,,,,,,,,,seed,08a1ec34ea393626
2H-benzotriazole,2H-benzotriazole,95-14-7,,7220,C6H5N3,true,seed,Telegram: ChemIranSanat,1,,,,,,,,,seed,9f559a2be808fa0f
"3,3-bis(4-hydroxy-2-methyl-5-propan-2-ylphenyl)-2-benzofuran-1-one","3,3-bis(4-hydroxy-2-methyl-5-propan-2-ylphenyl)-2-benzofuran-1-one",125-20-2,,31316,C28H30O4,true,seed,TamadKala,1,,,,,,,,,seed,66ebc91423611267
"3,3-bis(4-hydroxyphenyl)-2-benzofuran-1-one","3,3-bis(4-hydroxyphenyl)-2-benzofuran-1-one",77-09-8,,6623,C15H16O2,true,seed,TamadKala; Telegram: minatajhiz,2,,,,,,,,,seed,2368d95c76e08744
"3,4,5-trihydroxy-5-(hydroxymethyl)-2-methoxycyclohex-2-en-1-one","3,4,5-trihydroxy-5-(hydroxymethyl)-2-methoxycyclohex-2-en-1-one",,,195955,C8H12O6,true,seed,Telegram: ChemIranSanat,1,,,,,,,,,seed,c1a799525a474746
"3,4,5-trihydroxybenzoic acid","3,4,5-trihydroxybenzoic acid",149-91-7,,370,C7H6O5,true,seed,TamadKala,1,,,,,,,,,seed,c490a80d67bf3290
"3,4,5-trimethoxyaniline","3,4,5-trimethoxyaniline",,,32285,C9H13NO3,true,seed,Telegram: minatajhiz,1,,,,,,,,,seed,edd00ec1b106f1a7
"3,5,5-trimethylhexan-1-ol","3,5,5-trimethylhexan-1-ol",3452-97-9,,18938,C9H20O,true,seed,TamadKala,1,,,,,,,,,seed,c5bd939daaa652cd
"3,5,7-trihydroxy-2-(4-hydroxyphenyl)chromen-4-one","3,5,7-trihydroxy-2-(4-hydroxyphenyl)chromen-4-one",,,5280863,C15H10O6,true,seed,TamadKala,1,,,,,,,,,seed,6fcf2b7f78abb212
"3,7-dimethylpurine-2,6-dione","3,7-dimethylpurine-2,6-dione",,,5429,C7H8N4O2,true,seed,Telegram: ChemIranSanat,1,,,,,,,,,seed,f7af3f33f1cecec4
"3-(3,8-diamino-6-phenylphenanthridin-5-ium-5-yl)propyl-diethyl-methylazanium diiodide","3-(3,8-diamino-6-phenylphenanthridin-5-ium-5-yl)propyl-diethyl-methylazanium diiodide | propidium iodide",25535-16-4,XJMOSONTPMZWPB-UHFFFAOYSA-M,104981,C27H34I2N4,true,ai_verified,ChemIranSanat; Telegram: ChemIranSanat,2,,,,,,,t.me/ChemIranSanat,mistral,ai_verified+seed,ce6c176286621d7e
"3-[[(2R)-2,4-dihydroxy-3,3-dimethylbutanoyl]amino]propanoic acid","3-[[(2R)-2,4-dihydroxy-3,3-dimethylbutanoyl]amino]propanoic acid",,,6613,C9H17NO5,true,seed,TamadKala,1,,,,,,,,,seed,9b070827fbedfbda
3-aminobenzoic acid,3-aminobenzoic acid,,,7419,C7H7NO2,true,seed,Telegram: minatajhiz,1,,,,,,,,,seed,8bf19b816983a347
"3-aminopropane-1,2-diol","3-aminopropane-1,2-diol",,,73561,C3H9NO2,true,seed,Telegram: minatajhiz,1,,,,,,,,,seed,5abd359afa08390e
3-bromoprop-1-ene,3-bromoprop-1-ene,,,7841,C3H5Br,true,seed,Telegram: minatajhiz,1,,,,,,,,,seed,359a6f07d9333b29
3-bromoprop-1-yne,3-bromoprop-1-yne | propargyl bromide,106-96-7,YORCIIVHUBAYBQ-UHFFFAOYSA-N,7842,C3H3Br,true,structured_pubchem,Telegram: minatajhiz; minatajhiz,2,,,,,,✅ پروپارژیل بروماید بار جدید برند ترموفیشر,https://t.me/minatajhiz/941,rules+ai-audit,seed+structured_pubchem,1d41185714b6840d
3-ethoxy-4-hydroxybenzaldehyde,3-ethoxy-4-hydroxybenzaldehyde,,,8467,C9H10O3,true,seed,Telegram: ChemIranSanat,1,,,,,,,,,seed,ae4998c05377da76
3-isothiocyanatoprop-1-ene,3-isothiocyanatoprop-1-ene,,,5971,C4H5NS,true,seed,Telegram: minatajhiz,1,,,,,,,,,seed,c211c142291c97dd
3-methylbutan-1-ol,3-methylbutan-1-ol | Isoamyl alcohol,123-51-3,PHTQWCKDNZKARW-UHFFFAOYSA-N,31260,C5H12O,true,seed,TamadKala; minatajhiz,2,Merck,,,,,ایزو آمیل الکل Isoamyl alcohol کد محصول مرک: 822255 واردات جدید مرک,https://t.me/minatajhiz/1013,ai_corrected:mistral,ai_corrected+seed,09059c04a701b76f
3-methylphenol,3-methylphenol,,,342,C7H8O,true,seed,TamadKala,1,,,,,,,,,seed,dea84e12d4c1fd02
3-phenylphthalic acid,3-phenylphthalic acid,,,13074915,C14H10O4,true,seed,Telegram: ChemIranSanat,1,,,,,,,,,seed,536851378f8b86a4
3-sulfanylpropanoic acid,3-sulfanylpropanoic acid,,,6514,C3H6O2S,true,seed,Telegram: minatajhiz,1,,,,,,,,,seed,bb9281bd9ac27bff
3-triethoxysilylpropan-1-amine,3-triethoxysilylpropan-1-amine,,,13521,C9H23NO3Si,true,seed,Telegram: minatajhiz,1,,,,,,,,,seed,9a310b75174ef7af
"4,5-bis(hydroxymethyl)-2-methylpyridin-3-ol","4,5-bis(hydroxymethyl)-2-methylpyridin-3-ol",65-23-6,,1054,C8H11NO3,true,seed,TamadKala,1,,,,,,,,,seed,8faa04662da182c4
4-(4-aminophenoxy)aniline,4-(4-aminophenoxy)aniline,,,7579,C12H12N2O,true,seed,Telegram: minatajhiz,1,,,,,,,,,seed,4c5d2b313bfc4e16
4-(4-aminophenyl)sulfonylaniline,4-(4-aminophenyl)sulfonylaniline | Divinylbenzene,80-08-0,MQJKPEGWNLWLTK-UHFFFAOYSA-N,2955,C12H12N2O2S,true,seed,TamadKala; minatajhiz,2,Sigma-Aldrich,,,,,Divinylbenzene 803598 sigma,https://t.me/minatajhiz/801,ai_corrected:cohere,ai_corrected+seed,d9e588f505ffe01a
"4-[(4-aminophenyl)-(4-imino-3-methylcyclohexa-2,5-dien-1-ylidene)methyl]aniline;hydrochloride","4-[(4-aminophenyl)-(4-imino-3-methylcyclohexa-2,5-dien-1-ylidene)methyl]aniline;hydrochloride",569-61-9,,12447,C20H20ClN3,true,seed,TamadKala,1,,,,,,,,,seed,66d508e97349009a
"4-[3-(4-hydroxy-2-methyl-5-propan-2-ylphenyl)-1,1-dioxo-2,1lambda6-benzoxathiol-3-yl]-5-methyl-2-propan-2-ylphenol","4-[3-(4-hydroxy-2-methyl-5-propan-2-ylphenyl)-1,1-dioxo-2,1lambda6-benzoxathiol-3-yl]-5-methyl-2-propan-2-ylphenol",,,65565,C21H14Br4O5S,true,seed,TamadKala,1,,,,,,,,,seed,e4d6f36d34a1ab41
"4-[3-(4-hydroxyphenyl)-1,1-dioxo-2,1lambda6-benzoxathiol-3-yl]phenol","4-[3-(4-hydroxyphenyl)-1,1-dioxo-2,1lambda6-benzoxathiol-3-yl]phenol",143-74-8,,4766,C19H14O5S,true,seed,Fardad Shimi; TamadKala,2,,,,,,,,,seed,f8331c97243e116c
4-amino-3-hydroxybenzoic acid,4-amino-3-hydroxybenzoic acid,,,137566,C7H7NO3,true,seed,Telegram: ChemIranSanat,1,,,,,,,,,seed,227f30ab6be5758b
"4-amino-N-(4,6-dimethylpyrimidin-2-yl)benzenesulfonamide","4-amino-N-(4,6-dimethylpyrimidin-2-yl)benzenesulfonamide",57-68-1,,5327,C12H14N4O2S,true,seed,TamadKala,1,,,,,,,,,seed,1b56ec96e22fee7a
4-amino-N-(6-methoxypyridazin-3-yl)benzenesulfonamide,4-amino-N-(6-methoxypyridazin-3-yl)benzenesulfonamide,80-35-3,,5330,C11H12N4O3S,true,seed,TamadKala,1,,,,,,,,,seed,0e40b2615628b025
4-aminobenzenesulfonamide,4-aminobenzenesulfonamide,,,5333,C6H8N2O2S,true,seed,Telegram: merckmillipore,1,,,,,,,,,seed,44ab79a63d12bf9e
4-aminobenzoic acid,4-aminobenzoic acid,99-96-7,,978,C7H7NO2,true,seed,TamadKala,1,,,,,,,,,seed,a05239b1e8998a85
4-aminopentanoic acid,4-aminopentanoic acid,,,223130,C5H11NO2,true,seed,Telegram: ChemIranSanat,1,,,,,,,,,seed,8ea4a49990f6496e
4-aminophenol,4-aminophenol,123-30-8,,403,C6H7NO,true,seed,BehChin Chemi Pharmed; TamadKala,2,,,,,,,,,seed,a738a795a9f2239e
4-chloro-2-phenylquinazoline,4-chloro-2-phenylquinazoline | 4-Chloro-2-phenylquinazoline,,OBHKONRNYCDRKM-UHFFFAOYSA-N,80977,C14H9ClN2,true,ai_verified,ChemIranSanat; Telegram: ChemIranSanat,2,,,,,,,t.me/ChemIranSanat,mistral+mistral,ai_verified+seed,cea7cc6151dc8533
4-chlorobenzoic acid,4-chlorobenzoic acid,,,6318,C7H5ClO2,true,seed,Telegram: minatajhiz,1,,,,,,,,,seed,d87bda2983d03386
4-cyanobenzoic acid,4-cyanobenzoic acid | 4-Cyanobenzoic acid,619-65-8,ADCUEPOHPCPMCE-UHFFFAOYSA-N,12087,C8H5NO2,true,ai_verified,ChemIranSanat; Telegram: ChemIranSanat,2,,,,,,,t.me/ChemIranSanat,mistral,ai_verified+seed,0689e5a71b7a315d
4-formylbenzoic acid,4-formylbenzoic acid | 4-Carboxybenzaldehyde | 4-Formylbenzoic acid,619-66-9,GOUHYARYYWKXHS-UHFFFAOYSA-N,12088,C8H6O3,true,ai_verified,ChemIranSanat; Telegram: ChemIranSanat,3,,,,,,,t.me/ChemIranSanat,mistral+mistral,ai_verified+seed,67f36feaf4d09115
4-hydrazinylbenzoic acid,4-hydrazinylbenzoic acid,,,12089,C7H8N2O2,true,seed,Telegram: ChemIranSanat,1,,,,,,,,,seed,4e082e34c20e39e4
4-hydroxy-3-methoxybenzaldehyde,4-hydroxy-3-methoxybenzaldehyde,,,1183,C8H8O3,true,seed,TamadKala,1,,,,,,,,,seed,0ab8bfe8c29a5c91
4-hydroxy-3-methoxybenzoic acid,4-hydroxy-3-methoxybenzoic acid | vanillic acid,121-34-6,WKOLLVMJNQIZCI-UHFFFAOYSA-N,8468,C8H8O4,true,structured_pubchem,ChemIranSanat; Telegram: ChemIranSanat,3,Sigma-Aldrich,10g,,,in_stock,"Sigma-Aldrich, Cat. Number: 94770 Vanillic acid, HPLC, 10g موجود و آماده تحویل ✅ شیمیران صنعت فقط اصلی ❓ قیمت و سفارش 👇 Admin 🆔 @ChemIranAdmin 🆔 @ChemIran1",https://t.me/ChemIranSanat/1370,rules+ai-audit,seed+structured_pubchem,ea7e7aef234746ce
"4-methyl-1,3-dioxolan-2-one","4-methyl-1,3-dioxolan-2-one | Propylene carbonate",108-32-7,RUOJZAUFBMNUDX-UHFFFAOYSA-N,7924,C4H6O3,true,ai_verified,IranChemicals; TamadKala; Telegram: minatajhiz,3,,,,,,,t.me/IranChemicals,gemini,ai_verified+seed,9f4d25d2ee38b7a9
4-methylbenzenesulfonic acid,4-methylbenzenesulfonic acid,104-15-4,,6101,C7H8O3S,true,seed,Fardad Shimi,1,,,,,,,,,seed,f5a6558f55fd911d
4-methylpent-1-ene,4-methylpent-1-ene | 4-Methyl-1-pentene,68510-54-7,WSSSPWUEQFSQQG-UHFFFAOYSA-N,12724,C6H12,true,ai_verified,ChemIranSanat; Telegram: ChemIranSanat,2,,,,,,,t.me/ChemIranSanat,llm7,ai_verified+seed,2f12b6b23eefb900
4-methylpentan-2-ol,4-methylpentan-2-ol,,,7910,C6H14O,true,seed,Telegram: minatajhiz,1,,,,,,,,,seed,f370da4a2994835b
4-methylpentan-2-one,4-methylpentan-2-one,,,7909,C6H12O,true,seed,TamadKala,1,,,,,,,,,seed,f297d07c94e92a95
4-nitrobenzaldehyde,4-nitrobenzaldehyde,,,541,C7H5NO3,true,seed,Telegram: minatajhiz,1,,,,,,,,,seed,c4321353c7266893
4-pyridin-4-ylpyridine,"4-pyridin-4-ylpyridine | 4,4'-Dipyridyl (4,4'-Bipyridine) | 4,4'-Bipyridine",100-42-5,MWVTWFVJZLCBMC-UHFFFAOYSA-N,11107,C10H8N2,true,seed,ChemIranSanat; TamadKala; Telegram: Boof_company; Telegram: Ch_Chemical_leaders; Telegram: chemgroup; Telegram: minatajhiz,7,Fluorochem,100g,,,in_stock,"068344 Fluorochem 4,4'-Dipyridyl (4,4'-Bipyridine) 100g 🔜 موجود و آماده تحویل ✅ شیمیران صنعت فقط اصلی ♾ موجودی و تنوع بی نظیر از برندهای معتبر 📱 سفارش کالا 👇 🆔 @ChemIranAdmin 🆔 @ChemIran1",https://t.me/ChemIranSanat/1781,ai_corrected:mistral,ai_corrected+seed,eb69c0c8500b09e5
"5-[(3aS,4S,6aR)-2-oxo-1,3,3a,4,6,6a-hexahydrothieno[3,4-d]imidazol-4-yl]pentanoic acid","5-[(3aS,4S,6aR)-2-oxo-1,3,3a,4,6,6a-hexahydrothieno[3,4-d]imidazol-4-yl]pentanoic acid",56-57-5,,171548,C10H16N2O3S,true,seed,Rooz Darou; TamadKala,2,,,,,,,,,seed,a135788bba111a25
"5-[2-(1,3-dioxo-2-benzofuran-5-yl)-1,1,1,3,3,3-hexafluoropropan-2-yl]-2-benzofuran-1,3-dione","5-[2-(1,3-dioxo-2-benzofuran-5-yl)-1,1,1,3,3,3-hexafluoropropan-2-yl]-2-benzofuran-1,3-dione | 4,4'-(Hexafluoroisopropylidene)diphthalic anhydride",,QHHKLPCQTTWFSS-UHFFFAOYSA-N,70677,C19H6F6O6,true,ai_verified,ChemIranSanat; Telegram: ChemIranSanat,2,,,,,,,t.me/ChemIranSanat,mistral+mistral,ai_verified+seed,dbadaea2191bc189
"5-aminobenzene-1,3-dicarboxylic acid","5-aminobenzene-1,3-dicarboxylic acid | 5-Aminoisophthalic acid",801246-01-7,KBZFDRWPMZESDI-UHFFFAOYSA-N,66833,C8H7NO4,true,ai_verified,ChemIranSanat; Telegram: ChemIranSanat; minatajhiz,3,,,,,,,t.me/minatajhiz,mistral,ai_verified+seed,e0407d4e410b0503
5-bromo-2-hydroxybenzaldehyde,5-bromo-2-hydroxybenzaldehyde | 5-Bromosalicylaldehyde,118-96-3,MKKSTJKBKNCMRV-UHFFFAOYSA-N,72863,C7H5BrO2,true,ai_verified,ChemIranSanat; Telegram: ChemIranSanat,2,,,,,,,t.me/ChemIranSanat,cohere,ai_verified+seed,0aa4e7e8cebe25eb
"5-chloro-N-[[(5S)-2-oxo-3-[4-(3-oxomorpholin-4-yl)phenyl]-1,3-oxazolidin-5-yl]methyl]thiophene-2-carboxamide","5-chloro-N-[[(5S)-2-oxo-3-[4-(3-oxomorpholin-4-yl)phenyl]-1,3-oxazolidin-5-yl]methyl]thiophene-2-carboxamide",,,9875401,C19H18ClN3O5S,true,seed,BehChin Chemi Pharmed,1,,,,,,,,,seed,703d5920769928f1
5-methyl-2-propan-2-ylcyclohexan-1-ol,5-methyl-2-propan-2-ylcyclohexan-1-ol,89-78-1,,1254,C10H20O,true,seed,BehChin Chemi Pharmed; TamadKala,2,,,,,,,,,seed,7233268471490daa
5-methyl-2-propan-2-ylphenol,5-methyl-2-propan-2-ylphenol,,,6989,C10H14O,true,seed,TamadKala,1,,,,,,,,,seed,5707d8023895e2ea
5-methylhexan-2-one,5-methylhexan-2-one,123-92-2,,8034,C7H14O,true,seed,TamadKala,1,,,,,,,,,seed,bd315b838454a6a1
"5-nitrobenzene-1,3-dicarboxylic acid","5-nitrobenzene-1,3-dicarboxylic acid | 5-Nitroisophthalic acid",554-38-7,NBDAHKQJXVLAID-UHFFFAOYSA-N,12069,C8H5NO6,true,ai_verified,ChemIranSanat; Telegram: ChemIranSanat,2,,,,,,,t.me/ChemIranSanat,llm7,ai_verified+seed,741503ff69bd540e
"6,7,13,14-tetrahydroxy-2,9-dioxatetracyclo[6.6.2.04,16.011,15]hexadeca-1(15),4,6,8(16),11,13-hexaene-3,10-dione","6,7,13,14-tetrahydroxy-2,9-dioxatetracyclo[6.6.2.04,16.011,15]hexadeca-1(15),4,6,8(16),11,13-hexaene-3,10-dione",,,5281855,C14H6O8,true,seed,TamadKala,1,,,,,,,,,seed,f29b412ec08fc16c
"6-methyl-1,3,5-triazine-2,4-diamine","6-methyl-1,3,5-triazine-2,4-diamine | 6-Methyl-1,3,5-triazine-2,4-diamine",6484-78-5,NJYZCEFQAIUHSD-UHFFFAOYSA-N,10949,C4H7N5,true,ai_verified,ChemIranSanat; Telegram: ChemIranSanat,2,,,,,,,t.me/ChemIranSanat,cohere,ai_verified+seed,4117ca8283c55716
"7,8-dimethyl-10-[(2S,3S,4R)-2,3,4,5-tetrahydroxypentyl]benzo[g]pteridine-2,4-dione","7,8-dimethyl-10-[(2S,3S,4R)-2,3,4,5-tetrahydroxypentyl]benzo[g]pteridine-2,4-dione",,,493570,C17H20N4O6,true,seed,TamadKala,1,,,,,,,,,seed,a683e110cc1631f1
"8-N,8-N,3-trimethylphenazine-2,8-diamine;hydrochloride","8-N,8-N,3-trimethylphenazine-2,8-diamine;hydrochloride",553-24-2,,11105,C15H17ClN4,true,seed,TamadKala,1,,,,,,,,,seed,8ffc6b4f92b81bfa
"[(1S,5R)-8-methyl-8-azabicyclo[3.2.1]octan-3-yl] 3-hydroxy-2-phenylpropanoate","[(1S,5R)-8-methyl-8-azabicyclo[3.2.1]octan-3-yl] 3-hydroxy-2-phenylpropanoate",51-55-8,,174174,C17H23NO3,true,seed,TamadKala,1,,,,,,,,,seed,78fb3d79df1996ca
"[2,3-dihydroxy-5-[[(2R,3R,4S,5R,6S)-3,4,5,6-tetrakis[[3,4-dihydroxy-5-(3,4,5-trihydroxybenzoyl)oxybenzoyl]oxy]oxan-2-yl]methoxycarbonyl]phenyl] 3,4,5-trihydroxybenzoate","[2,3-dihydroxy-5-[[(2R,3R,4S,5R,6S)-3,4,5,6-tetrakis[[3,4-dihydroxy-5-(3,4,5-trihydroxybenzoyl)oxybenzoyl]oxy]oxan-2-yl]methoxycarbonyl]phenyl] 3,4,5-trihydroxybenzoate",,,16129778,C76H52O46,true,seed,Fardad Shimi,1,,,,,,,,,seed,b5892f511d76e453
"[2-oxo-3-(2,4,6-trimethylphenyl)-1-oxaspiro[4.4]non-3-en-4-yl] 3,3-dimethylbutanoate","[2-oxo-3-(2,4,6-trimethylphenyl)-1-oxaspiro[4.4]non-3-en-4-yl] 3,3-dimethylbutanoate",283594-90-1,,9907412,C23H30O4,true,seed,TamadKala,1,,,,,,,,,seed,a93bb7af6fd4bf31
acetamide,acetamide,60-35-5,,178,C2H5NO,true,seed,Fardad Shimi,1,,,,,,,,,seed,afe5c1c7ae1df99d
acetic acid,acetic acid,64-19-7,QTBSBXVTEAMEQO-UHFFFAOYSA-N,176,C2H4O2,true,structured_pubchem,ChemIranSanat; Fardad Shimi; TamadKala; Telegram: Ch_Chemical_leaders; Telegram: ChemIranSanat; Telegram: minatajhiz,6,Honeywell,,,,in_stock,"Acetic acid, 99.8% Honeywell | Fluka موجود و آماده تحویل (محدود) ✅ شیمیران صنعت فقط اصلی ❓ درخواست قیمت یا سفارش کالا 👇 ADMIN 🆔 @ChemIranAdmin 🆔 @ChemIran1",https://t.me/ChemIranSanat/1645,rules+ai-audit,seed+structured_pubchem,62b2aa69ceec8b4a
acetic acid;zinc;hydrate,acetic acid;zinc;hydrate,,,24212194,C2H6O3Zn,true,seed,TamadKala,1,,,,,,,,,seed,3f4a4acefd3712bf
acetonitrile,acetonitrile,75-05-8,WEVYAHXRMPXWCK-UHFFFAOYSA-N,6342,C2H3N,true,structured_pubchem,ChemIranSanat; Fardad Shimi; TamadKala; Telegram: ChemIranSanat; Telegram: chemgroup,8,Merck,4لیتری,,,in_stock,استونیتریل hplc واحد 4لیتری با کیفیت عالی و قیمت مناسب 1.5 لیتر بیشتر از مرک با همان قیمت @ChemIranAdmin 🆔 @ChemIran1,https://t.me/ChemIranSanat/142,rules+ai-audit,seed+structured_pubchem,04aaab8218ecb140
acetyl acetate,acetyl acetate,108-24-7,,7918,C4H6O3,true,seed,TamadKala,1,,,,,,,,,seed,c975fdeff19082c3
acetylene,acetylene,74-86-2,,6326,C2H2,true,seed,Telegram: chemgroup,1,,,,,,,,,seed,1051e838a0e53984
aluminum tris(octadecanoate),aluminum tris(octadecanoate) | aluminium stearate,637-12-7,CEGOLXSVJUTHNZ-UHFFFAOYSA-K,12496,C54H105AlO6,true,structured_pubchem,TamadKala; Telegram: Ch_Chemical_leaders; Telegram: fanchem; fanchem,7,Zarrin,,,,in_stock,🔍 استئارات آلومینیوم؛ افزودنی مؤثر در بهبود خواص سطحی رنگ‌ها استئارات آلومینیوم (Aluminum Stearate) یکی از افزودنی‌های کلیدی در فرمولاسیون رنگ‌ها و پوشش‌های صنعتی است که با ترکیبی از ویژگی‌های رئولوژیکی، ضد ته‌نشینی و آب‌گریزی، نقش مهمی در افزایش کیفیت و زیبایی نهایی رنگ ایفا می‌کند. ✅ نکات کاربردی:,https://t.me/fanchem/421,rules+ai-audit,seed+structured_pubchem,a608a52b842893af
anthracene-9-carbaldehyde,anthracene-9-carbaldehyde,,,69504,C15H10O,true,seed,Telegram: ChemIranSanat,1,,,,,,,,,seed,3c63a6ffc51bc50c
"azane;2-hydroxypropane-1,2,3-tricarboxylic acid;iron(3+)","azane;2-hydroxypropane-1,2,3-tricarboxylic acid;iron(3+)",,,118984355,C6H11FeNO7+3,true,seed,Fardad Shimi; TamadKala,2,,,,,,,,,seed,92c8614a75ad3157
"azanium 2,4-dioxo-5-[(2,4,6-trioxo-1,3-diazinan-5-ylidene)amino]-1H-pyrimidin-6-olate","azanium 2,4-dioxo-5-[(2,4,6-trioxo-1,3-diazinan-5-ylidene)amino]-1H-pyrimidin-6-olate",3051-09-0,,18275,C8H8N6O6,true,seed,Fardad Shimi,1,,,,,,,,,seed,5b355af859704561
azanium acetate,azanium acetate,631-61-8,,517165,C2H7NO2,true,seed,DigiShimi; Fardad Shimi; ShimiMan; TamadKala,4,,,,,,,,,seed,44a5b0f87727b2be
benzaldehyde,benzaldehyde,100-52-7,,240,C7H6O,true,seed,TamadKala,1,,,,,,,,,seed,a620a19070685cdb
benzene,benzene,71-43-2,,241,C6H6,true,seed,TamadKala; Telegram: ChemIranSanat; Telegram: chemgroup; Telegram: minatajhiz,4,,,,,,,,,seed,dcfea5d6047ac5c6
"benzene-1,3-diamine","benzene-1,3-diamine | Melamine powder",108-45-2,WZCQRUWWHSTZEM-UHFFFAOYSA-N,7935,C6H8N2,true,ai_verified,Telegram: minatajhiz; jahaneshimicom,2,,,,,,,t.me/jahaneshimicom,llm7,ai_verified+seed,6d7f161e72675e16
"benzene-1,3-dicarboxylic acid","benzene-1,3-dicarboxylic acid | Isophthalic acid",121-91-5,QQVIHTHCMHWDBS-UHFFFAOYSA-N,8496,C8H6O4,true,ai_verified,Maran_Tejarat_Eshen; Telegram: Maran_Tejarat_Eshen,2,,,,,,,t.me/Maran_Tejarat_Eshen,gemini,ai_verified+seed,7ac4b26f6d79f96f
"benzene-1,3-diol","benzene-1,3-diol",108-46-3,,5054,C6H6O2,true,seed,Fardad Shimi,1,,,,,,,,,seed,5867d4b32409d085
"benzene-1,4-diol","benzene-1,4-diol",123-31-9,,785,C6H6O2,true,seed,TamadKala; Telegram: minatajhiz,2,,,,,,,,,seed,af9e8f5624e4a983
benzoic acid,benzoic acid | Benzoic acid,65-85-0,WPYMKLBDIGXBTP-UHFFFAOYSA-N,243,C7H6O2,true,ai_verified,DigiShimi; TamadKala; Telegram: ChemIranSanat; Telegram: jahaneshimicom; jahaneshimicom,5,,,,,,,t.me/jahaneshimicom,mistral,ai_verified+seed,46afced47de0801e
"benzoic acid;N,N-dimethyl-2-[5-(1,2,4-triazol-1-ylmethyl)-1H-indol-3-yl]ethanamine","benzoic acid;N,N-dimethyl-2-[5-(1,2,4-triazol-1-ylmethyl)-1H-indol-3-yl]ethanamine",,,77997,C22H25N5O2,true,seed,BehChin Chemi Pharmed,1,,,,,,,,,seed,78369b4345222520
benzoyl benzenecarboperoxoate,benzoyl benzenecarboperoxoate,94-36-0,,7187,C14H10O4,true,seed,Fardad Shimi; Telegram: Maran_Tejarat_Eshen,2,,,,,,,,,seed,cdb26c6cc3bdf909
benzyl benzoate,benzyl benzoate,120-51-4,,2345,C14H12O2,true,seed,TamadKala,1,,,,,,,,,seed,dcfe0324897d2f31
bis((Z)-4-hydroxypent-3-en-2-one);oxovanadium,bis((Z)-4-hydroxypent-3-en-2-one);oxovanadium,,,11821519,C10H16O5V,true,seed,Telegram: minatajhiz,1,,,,,,,,,seed,bc689a8fdded81ed
"bis(2-ethylhexyl) benzene-1,2-dicarboxylate","bis(2-ethylhexyl) benzene-1,2-dicarboxylate | Dioctyl phthalate",117-81-7,BJQHLKABXJIVAM-UHFFFAOYSA-N,8343,C24H38O4,true,ai_verified,Telegram: jahaneshimicom; jahaneshimicom,2,,,,,,,t.me/jahaneshimicom,mistral+gemini,ai_verified+seed,1e26264f275f3b1c
"bis(2-methylpropyl) benzene-1,2-dicarboxylate","bis(2-methylpropyl) benzene-1,2-dicarboxylate | Diisobutyl phthalate",84-69-5,MGWAVDBGNNKXQV-UHFFFAOYSA-N,6782,C16H22O4,true,ai_verified,IranChemicals; Telegram: IranChemicals,2,,,,,,,t.me/IranChemicals,gemini,ai_verified+seed,d17c003cc6511a3b
"bis([4-[[4-(dimethylamino)phenyl]-phenylmethylidene]cyclohexa-2,5-dien-1-ylidene]-dimethylazanium);bis(2-hydroxy-2-oxoacetate);oxalic acid","bis([4-[[4-(dimethylamino)phenyl]-phenylmethylidene]cyclohexa-2,5-dien-1-ylidene]-dimethylazanium);bis(2-hydroxy-2-oxoacetate);oxalic acid",2437-29-8,,2724411,C52H54N4O12,true,seed,Fardad Shimi; TamadKala,2,,,,,,,,,seed,7ea2c4c720d62dc2
bromoethane,bromoethane | Ethyl bromide,74-96-4,RDHPKYGYEGBMSE-UHFFFAOYSA-N,6332,C2H5Br,true,ai_verified,Telegram: jahaneshimicom; jahaneshimicom,2,,,,,,,t.me/jahaneshimicom,gemini,ai_verified+seed,e6233acac2a91913
butan-1-amine,butan-1-amine,109-73-9,,8007,C4H11N,true,seed,TamadKala,1,,,,,,,,,seed,7dc28f775c8f6c74
butan-1-ol,butan-1-ol,71-36-3,,263,C4H10O,true,seed,Fardad Shimi; TamadKala,2,,,,,,,,,seed,d624042f5c882ffe
butan-2-ol,butan-2-ol,78-92-2,,6568,C4H10O,true,seed,TamadKala,1,,,,,,,,,seed,53539e56ef357402
butan-2-one,butan-2-one,78-93-3,,6569,C4H8O,true,seed,Fardad Shimi; TamadKala,2,,,,,,,,,seed,b6a198aefb0c265d
"butane-1,2,3,4-tetracarboxylic acid","butane-1,2,3,4-tetracarboxylic acid",,,15560,C8H10O8,true,seed,Telegram: minatajhiz,1,,,,,,,,,seed,ef6b071e298f9893
"butane-1,3-diol","butane-1,3-diol | 1,3-Butanediol",107-89-5,PUPZLCDOIYMWBV-UHFFFAOYSA-N,7896,C4H10O2,true,ai_verified,Telegram: minatajhiz; minatajhiz,2,,,,,,,t.me/minatajhiz,cohere+cohere,ai_verified+seed,593af3bc1b8473b5
"butane-1,4-diol","butane-1,4-diol",,,8064,C4H10O2,true,seed,Telegram: minatajhiz,1,,,,,,,,,seed,11780033b9903c77
butanedioic acid;bis(1-[4-(2-methoxyethyl)phenoxy]-3-(propan-2-ylamino)propan-2-ol),butanedioic acid;bis(1-[4-(2-methoxyethyl)phenoxy]-3-(propan-2-ylamino)propan-2-ol),,,62937,C34H56N2O10,true,seed,BehChin Chemi Pharmed,1,,,,,,,,,seed,befdd1608b8c2dee
butanoic acid,butanoic acid,107-92-6,,264,C4H8O2,true,seed,TamadKala,1,,,,,,,,,seed,ccba87b127d72a55
butyl acetate,butyl acetate,123-86-4,,31272,C6H12O2,true,seed,DigiShimi; Fardad Shimi; Isatis Shimi; TamadKala; Telegram: IranChemicals; Telegram: chemgroup,6,,,,,,,,,seed,6f1592a9ba772260
butyl prop-2-enoate,"butyl prop-2-enoate | 2,2,3,4,4,4-hexafluorobutyl acrylate | butyl acrylate | Butyl acrylate",141-32-2,CQEYYJKEWSMYFG-UHFFFAOYSA-N,8846,C7H12O2,true,structured_pubchem,Boof_company; ChemIranSanat; Maran_Tejarat_Eshen; Telegram: Boof_company; Telegram: ChemIranSanat; Telegram: IranChemicals; Telegram: Maran_Tejarat_Eshen,27,Sigma-Aldrich,25ML,,,in_stock,"474452 Aldrich 2,2,3,4,4,4-Hexafluorobutyl acrylate 25ML موجود و آماده تحویل 09386489001 @ChemIranAdmin 🆔 @ChemIran1",https://t.me/ChemIranSanat/595,ai_corrected:llm7,ai_corrected+ai_verified+seed+structured_pubchem,ea78ce336b3774c9
cadmium(2+);bis(octadecanoate),cadmium(2+);bis(octadecanoate),,,16681,C36H70CdO4,true,seed,Fardad Shimi,1,,,,,,,,,seed,e972d90848d69fdb
calcium bis(octadecanoate),calcium bis(octadecanoate) | calcium stearate,1592-23-0,CJZGTCYPCWQAJB-UHFFFAOYSA-L,15324,C36H70CaO4,true,structured_pubchem,Ch_Chemical_leaders; Telegram: Ch_Chemical_leaders; Telegram: fanchem; fanchem,13,Zarrin,,,,,🔹 فروش ویژه کلسیم استئارات (Calcium Stearate) در فروشگاه پلی زون! 🔹 کلسیم استئارات یکی از مواد شیمیایی پرکاربرد است که به دلیل ویژگی‌های منحصربه‌فرد خود در صنایع مختلف مورد استفاده قرار می‌گیرد. این ماده به عنوان روان‌کننده، عامل جداکننده و پایدارکننده حرارتی در تولید محصولات پلاستیکی و لاستیکی نقش ,https://t.me/Ch_Chemical_leaders/55,rules+ai-audit,seed+structured_pubchem,c0fb82cacba920f0
calcium diacetate,calcium diacetate,,,6116,C4H6CaO4,true,seed,Fardad Shimi,1,,,,,,,,,seed,9d69c706d8ee4b7f
calcium diformate,calcium diformate | calcium formate,544-17-2,CBOCVOKPQGJKKJ-UHFFFAOYSA-L,10997,C2H2CaO4,true,seed,Telegram: Maran_Tejarat_Eshen; Telegram: jahaneshimicom; jahaneshimicom,3,,,,,,سلام کلسیم فرمات نیاز داریم 09121850567,https://t.me/jahaneshimicom/162,ai_corrected:mistral,ai_corrected+seed,205424c8ceebb60e
calcium propanoate,calcium propanoate,4075-81-4,,19999,C6H10CaO4,true,seed,DigiShimi,1,,,,,,,,,seed,d9b1ef5e6e3a946d
chloro(diethyl)alumane,chloro(diethyl)alumane,,,7277,C4H10AlCl,true,seed,TamadKala,1,,,,,,,,,seed,136e661923b19d50
chloro(trimethyl)silane,chloro(trimethyl)silane,75-77-4,,6397,C3H9ClSi,true,seed,Telegram: minatajhiz,1,,,,,,,,,seed,07c3c9264887d4b5
chloroform,chloroform,67-66-3,,6212,CHCl3,true,seed,Fardad Shimi; TamadKala; Telegram: ChemIranSanat; Telegram: minatajhiz,4,,,,,,,,,seed,427849c1066a6ff5
chloromethane,chloromethane,74-87-3,,6327,CH3Cl,true,seed,Telegram: IranChemicals,1,,,,,,,,,seed,68390da1b05fbce6
chloromethylbenzene,chloromethylbenzene | benzyl chloride,100-44-7,KCXMKQUNVWSEMD-UHFFFAOYSA-N,7503,C7H7Cl,true,ai_verified,Telegram: minatajhiz; minatajhiz,2,,,,,,,t.me/minatajhiz,mistral,ai_verified+seed,97e2a455234d15d3
"cis-(1R,2R)-2-[(dimethylamino)methyl]-1-(3-methoxyphenyl)cyclohexan-1-ol","cis-(1R,2R)-2-[(dimethylamino)methyl]-1-(3-methoxyphenyl)cyclohexan-1-ol",,,33741,C16H25NO2,true,seed,Rooz Darou; TamadKala,2,,,,,,,,,seed,789f8aee2147da86
cobalt(2+) diacetate,cobalt(2+) diacetate,13493-47-5,,6277,C4H6CoO4,true,seed,Fardad Shimi,1,,,,,,,,,seed,e70d5c12e55998f3
copper diacetate,copper diacetate,,,8895,C4H6CuO4,true,seed,TamadKala,1,,,,,,,,,seed,0f3d2758625c35a2
"copper;[dimethylamino-[[15,24,34-tris[[dimethylamino(dimethylazaniumylidene)methyl]sulfanylmethyl]-2,11,20,29,37,38-hexaza-39,40-diazanidanonacyclo[28.6.1.13,10.112,19.121,28.04,9.013,18.022,27.031,36]tetraconta-1,4(9),5,7,11,13(18),14,16,19,21(38),22(27),23,25,28,30(37),31(36),32,34-octadecaen-6-yl]methylsulfanyl]methylidene]-dimethylazanium;tetrachloride","copper;[dimethylamino-[[15,24,34-tris[[dimethylamino(dimethylazaniumylidene)methyl]sulfanylmethyl]-2,11,20,29,37,38-hexaza-39,40-diazanidanonacyclo[28.6.1.13,10.112,19.121,28.04,9.013,18.022,27.031,36]tetraconta-1,4(9),5,7,11,13(18),14,16,19,21(38),22(27),23,25,28,30(37),31(36),32,34-octadecaen-6-yl]methylsulfanyl]methylidene]-dimethylazanium;tetrachloride",75851-12-6,,76418923,C56H70Cl4CuN16S4,true,seed,TamadKala,1,,,,,,,,,seed,3cf214368a42230c
cyanocobalamin,cyanocobalamin,,,166596686,C63H88CoN14O14P,true,seed,TamadKala,1,,,,,,,,,seed,9d62bc739c179c98
cyclohexane,cyclohexane | Cyclohexane,110-82-7,XDTMQSROBMDMFD-UHFFFAOYSA-N,8078,C6H12,true,seed,Fardad Shimi; TamadKala; minatajhiz,3,,,,,,"سیکلو هگزان Cyclohexane, p.a., ACS Reagent, >99.5% (GC)",https://t.me/minatajhiz/763,ai_corrected:cohere,ai_corrected+seed,70cf2c56ab355c1d
"cyclohexane-1,2,3,4,5,6-hexol","cyclohexane-1,2,3,4,5,6-hexol",,,892,C6H12O6,true,seed,TamadKala,1,,,,,,,,,seed,377e34d09b7443cf
dibenzothiophene,dibenzothiophene,,,3023,C12H8S,true,seed,Telegram: minatajhiz,1,,,,,,,,,seed,ca460ab126af4f64
dibutyl(oxo)tin,dibutyl(oxo)tin | Dibutyltin oxide,818-08-6,JGFBRKRYDCGYKD-UHFFFAOYSA-N,61221,C8H18OSn,true,ai_verified,IranChemicals; Telegram: minatajhiz,2,,,,,,,t.me/IranChemicals,mistral,ai_verified+seed,320ff7af84c1a982
dichloromethane,dichloromethane,75-09-2,YMWUJEATGCHHMB-UHFFFAOYSA-N,6344,CH2Cl2,true,structured_pubchem,ChemIranSanat; Fardad Shimi; IranChemicals; TamadKala; Telegram: ChemIranSanat,5,Honeywell,,,,in_stock,Dichloromethane Honeywell | Riedel موجود و آماده تحویل ✅ شیمیران صنعت فقط اصلی ❓ درخواست قیمت یا سفارش کالا 👇 ADMIN 🆔 @ChemIranAdmin 🆔 @ChemIran1,https://t.me/ChemIranSanat/1489,rules+ai-audit,ai_verified+seed+structured_pubchem,b05364aecc9a7aec
diiodomethane,diiodomethane,75-11-6,,6346,CH2I2,true,seed,TamadKala,1,,,,,,,,,seed,737a4703decfcf39
dimethyl (Z)-but-2-enedioate,dimethyl (Z)-but-2-enedioate,,,5271565,C6H8O4,true,seed,Telegram: minatajhiz,1,,,,,,,,,seed,f0c327cd3812826e
dimethyl decanedioate,dimethyl decanedioate,106-79-6,,7829,C12H22O4,true,seed,TamadKala,1,,,,,,,,,seed,64e34db600316e7a
diphenylmethanone,diphenylmethanone | Benzophenone,119-61-9,RWCCWEUUXYIKHB-UHFFFAOYSA-N,3102,C13H10O,true,ai_verified,TamadKala; Telegram: minatajhiz; minatajhiz,3,,,,,,,t.me/minatajhiz,cohere+cohere+cohere,ai_verified+seed,113113db9a8205a3
"disodium;(3Z)-3-[(4-amino-3-sulfonatophenyl)-(4-amino-3-sulfophenyl)methylidene]-6-imino-5-methylcyclohexa-1,4-diene-1-sulfonate","disodium;(3Z)-3-[(4-amino-3-sulfonatophenyl)-(4-amino-3-sulfophenyl)methylidene]-6-imino-5-methylcyclohexa-1,4-diene-1-sulfonate",3244-88-0,,5464362,C20H17N3Na2O9S3,true,seed,TamadKala,1,,,,,,,,,seed,7a303c500983a9c8
"disodium;2-(2,4,5,7-tetrabromo-3-oxido-6-oxoxanthen-9-yl)benzoate","disodium;2-(2,4,5,7-tetrabromo-3-oxido-6-oxoxanthen-9-yl)benzoate",15086-94-9,,11048,C20H6Br4Na2O5,true,seed,TamadKala,1,,,,,,,,,seed,64223ff18e87c470
disodium;2-(3-hydroxy-5-sulfonato-1H-indol-2-yl)-3-oxoindole-5-sulfonate,disodium;2-(3-hydroxy-5-sulfonato-1H-indol-2-yl)-3-oxoindole-5-sulfonate,860-22-0,,2723854,C16H8N2Na2O8S2,true,seed,TamadKala,1,,,,,,,,,seed,28ee506825d39a6c
disodium;2-[2-[carboxylatomethyl(carboxymethyl)amino]ethyl-(carboxymethyl)amino]acetate,disodium;2-[2-[carboxylatomethyl(carboxymethyl)amino]ethyl-(carboxymethyl)amino]acetate,6381-92-6,,13020083,C10H18N2Na2O10,true,seed,Fardad Shimi; Isatis Shimi; TamadKala,3,,,,,,,,,seed,5f603fb04ee52e83
"disodium;2-[[4-[ethyl-[(3-sulfonatophenyl)methyl]amino]phenyl]-[4-[ethyl-[(3-sulfonatophenyl)methyl]azaniumylidene]cyclohexa-2,5-dien-1-ylidene]methyl]-5-hydroxybenzenesulfonate","disodium;2-[[4-[ethyl-[(3-sulfonatophenyl)methyl]amino]phenyl]-[4-[ethyl-[(3-sulfonatophenyl)methyl]azaniumylidene]cyclohexa-2,5-dien-1-ylidene]methyl]-5-hydroxybenzenesulfonate",2353-45-9,,16887,C37H34N2Na2O10S3,true,seed,TamadKala,1,,,,,,,,,seed,54da058f525ece04
"disodium;2-[[4-[ethyl-[(3-sulfonatophenyl)methyl]amino]phenyl]-[4-[ethyl-[(3-sulfonatophenyl)methyl]azaniumylidene]cyclohexa-2,5-dien-1-ylidene]methyl]benzenesulfonate","disodium;2-[[4-[ethyl-[(3-sulfonatophenyl)methyl]amino]phenyl]-[4-[ethyl-[(3-sulfonatophenyl)methyl]azaniumylidene]cyclohexa-2,5-dien-1-ylidene]methyl]benzenesulfonate",3844-45-9,,19700,C37H34N2Na2O9S3,true,seed,TamadKala,1,,,,,,,,,seed,6f89cd78fe0a3ac7
"disodium;3-[[N-ethyl-4-[[4-[ethyl-[(3-sulfonatophenyl)methyl]azaniumylidene]cyclohexa-2,5-dien-1-ylidene]-(4-sulfonatophenyl)methyl]anilino]methyl]benzenesulfonate","disodium;3-[[N-ethyl-4-[[4-[ethyl-[(3-sulfonatophenyl)methyl]azaniumylidene]cyclohexa-2,5-dien-1-ylidene]-(4-sulfonatophenyl)methyl]anilino]methyl]benzenesulfonate",5141-20-8,,21223,C37H34N2Na2O9S3,true,seed,TamadKala,1,,,,,,,,,seed,33dd0282d1829cfc
"disodium;4',5'-dibromo-2',7'-dinitro-3-oxospiro[2-benzofuran-1,9'-xanthene]-3',6'-diolate","disodium;4',5'-dibromo-2',7'-dinitro-3-oxospiro[2-benzofuran-1,9'-xanthene]-3',6'-diolate",548-24-3,,12961637,C20H6Br2N2Na2O9,true,seed,TamadKala,1,,,,,,,,,seed,f60386e2ff41ca96
disodium;4-amino-3-[[4-[4-[(1-amino-4-sulfonatonaphthalen-2-yl)diazenyl]phenyl]phenyl]diazenyl]naphthalene-1-sulfonate,disodium;4-amino-3-[[4-[4-[(1-amino-4-sulfonatonaphthalen-2-yl)diazenyl]phenyl]phenyl]diazenyl]naphthalene-1-sulfonate,573-58-0,,11313,C32H22N6Na2O6S2,true,seed,Fardad Shimi,1,,,,,,,,,seed,2e5ba294870c6aff
disodium;4-hydroxy-3-[(4-sulfonatonaphthalen-1-yl)diazenyl]naphthalene-1-sulfonate,disodium;4-hydroxy-3-[(4-sulfonatonaphthalen-1-yl)diazenyl]naphthalene-1-sulfonate,3567-69-9,,19118,C20H12N2Na2O7S2,true,seed,TamadKala,1,,,,,,,,,seed,4f03661d2fcc1b43
disodium;6-hydroxy-5-[(4-sulfonatophenyl)diazenyl]naphthalene-2-sulfonate,disodium;6-hydroxy-5-[(4-sulfonatophenyl)diazenyl]naphthalene-2-sulfonate,2783-94-0,,17730,C16H10N2Na2O7S2,true,seed,TamadKala,1,,,,,,,,,seed,9be4c2f98d90df64
"disodium;7-hydroxy-8-phenyldiazenylnaphthalene-1,3-disulfonate","disodium;7-hydroxy-8-phenyldiazenylnaphthalene-1,3-disulfonate",1936-15-8,,16015,C16H10N2Na2O7S2,true,seed,TamadKala,1,,,,,,,,,seed,56a876937b46bf85
dodecane-1-thiol,dodecane-1-thiol,,,8195,C12H26S,true,seed,TamadKala,1,,,,,,,,,seed,0a8663cb6e687fd2
"ethane-1,2-diamine","ethane-1,2-diamine",107-15-3,,3301,C2H8N2,true,seed,Fardad Shimi,1,,,,,,,,,seed,05daa0eb0caf3179
"ethane-1,2-diol","ethane-1,2-diol",107-21-1,,174,C2H6O2,true,seed,Chemical Iran; DigiShimi; Fardad Shimi; Isatis Shimi; TamadKala; Telegram: Boof_company; Telegram: Ch_Chemical_leaders; Telegram: IranChemicals; Telegram: Maran_Tejarat_Eshen,9,,,,,,,,,seed,1f7cec00fcd528aa
ethanol,ethanol | Ethanol,64-17-5,LFQSCWFLJHTTHZ-UHFFFAOYSA-N,702,C2H6O,true,ai_verified,Fardad Shimi; IranChemicals; Pishgaman Shimi (IR Chem); TamadKala; Telegram: ChemIranSanat; Telegram: IranChemicals; Telegram: chemgroup; Telegram: minatajhiz,8,,,,,,,t.me/IranChemicals,cohere+gemini+gemini+mistral+gemini+mistral,ai_verified+seed,f481055cf02028b4
ethenyl acetate,ethenyl acetate,108-05-4,,7904,C4H6O2,true,seed,TamadKala; Telegram: Maran_Tejarat_Eshen,2,,,,,,,,,seed,be683bc1ca2a732a
ethoxyethane,ethoxyethane,60-29-7,,3283,C4H10O,true,seed,TamadKala; Telegram: chemgroup; Telegram: minatajhiz,3,,,,,,,,,seed,452cde7587feadd7
ethyl 2-cyanoprop-2-enoate,ethyl 2-cyanoprop-2-enoate,7085-85-0,,81530,C6H7NO2,true,seed,TamadKala,1,,,,,,,,,seed,b24e6e7a0c126a02
ethyl 2-hydroxypropanoate,ethyl 2-hydroxypropanoate,97-64-3,,7344,C5H10O3,true,seed,Telegram: Maran_Tejarat_Eshen,1,,,,,,,,,seed,8be73513828601b6
ethyl 3-[acetyl(butyl)amino]propanoate,ethyl 3-[acetyl(butyl)amino]propanoate,52304-36-6,,104150,C11H21NO3,true,seed,TamadKala,1,,,,,,,,,seed,8d712d6ea55ab714
ethyl 3-oxobutanoate,ethyl 3-oxobutanoate | ethyl acetoacetate,141-97-9,XYIBRDXRRQCHLP-UHFFFAOYSA-N,8868,C6H10O3,true,ai_verified,Telegram: minatajhiz; minatajhiz,3,Merck,130.14g,,,,"اتیل استو استات محصول کمپانی مرک آلمان که جزء واردات جدید شرکت مینا تجهیز آریا می باشد. نام های دیگر این محصول: EAA, Acetoacetic acid ethyl ester می باشد. cas: 141-97-9 molar mass:130.14g/mol @minatajhiz_aria",https://t.me/minatajhiz/72,ai_corrected:mistral,ai_corrected+ai_verified+seed,1e91f80434145d84
ethyl 4-hydroxybenzoate,ethyl 4-hydroxybenzoate,120-61-6,,8434,C9H10O3,true,seed,TamadKala,1,,,,,,,,,seed,bc2ffb4ffdc2eb01
ethyl 4-methyl-3-oxopentanoate,ethyl 4-methyl-3-oxopentanoate,,,81583,C8H14O3,true,seed,Telegram: ChemIranSanat,1,,,,,,,,,seed,5392a82ebeea88c6
ethyl formate,ethyl formate,109-94-4,WBJINCZRORDGAQ-UHFFFAOYSA-N,8025,C3H6O2,true,structured_pubchem,ChemIranSanat; Telegram: ChemIranSanat,2,,,,,in_stock,شیمی تمشک بوی تمشک مربوط به یک کتون معروف به کتون تمشک می باشد. اتیل فرمات موجود در تمشک در دل کهکشان شیری نیز یافت شده است! 🆔 @ChemIran1,https://t.me/ChemIranSanat/1005,rules+ai-audit,seed+structured_pubchem,3aa7f151edf92832
ethyl prop-2-enoate,ethyl prop-2-enoate | Ethyl Acrylate | Ethyl acrylate | ethyl acrylate,140-88-5,JIGUQPWFLRLWPJ-UHFFFAOYSA-N,8821,C5H8O2,true,ai_verified,Boof_company; Telegram: Boof_company,7,,180 کیلو,,,,بار جدید اتیل آکریلات Ethyl Acrylate (EA) برند ستلایت (Satellite) بازرگانی بوف رسید ⚡️ فروش ویژه بدون هزینه انبار داری ⚡️ ☎️ جهت مشاوره خرید، استعلام قیمت و ثبت سفارش با شماره های زیر تماس بگیرید : 🔹️ ثابت : (+98) 02188211234 🔸️ همراه : (+98) 09120430486 @Boof_company,https://t.me/Boof_company/35,ai_corrected:cohere,ai_corrected+ai_verified+seed,c4b1cfe44b3294c4
formaldehyde,formaldehyde,50-00-0,,712,CH2O,true,seed,TamadKala; Telegram: Boof_company; Telegram: IranChemicals; Telegram: minatajhiz,4,,,,,,,,,seed,66664451f69442fa
formamide,formamide,75-12-7,ZHNUHDYFZUAESO-UHFFFAOYSA-N,713,CH3NO,true,structured_pubchem,ChemIranSanat; Telegram: ChemIranSanat,2,Honeywell,,,,in_stock,"N,N-dimethylformamide Honeywell | Riedel موجود و آماده تحویل ✅ شیمیران صنعت فقط اصلی ❓ درخواست قیمت یا سفارش کالا 👇 ADMIN 🆔 @ChemIranAdmin 🆔 @ChemIran1",https://t.me/ChemIranSanat/1505,rules+ai-audit,seed+structured_pubchem,eacc5cbb684f173b
formic acid,formic acid,64-18-6,,284,CH2O2,true,seed,DigiShimi; Fardad Shimi; Isatis Shimi; TamadKala,4,,,,,,,,,seed,d0fcc6add31715d9
"furan-2,5-dione","furan-2,5-dione | Maleic anhydride",108-31-6,FPYJFEHAWHCUMM-UHFFFAOYSA-N,7923,C4H2O3,true,ai_verified,IranChemicals; Telegram: minatajhiz,2,,,,,,,t.me/IranChemicals,gemini+gemini,ai_verified+seed,37ee06fafd4621a8
guanidine;thiocyanic acid,guanidine;thiocyanic acid | Guanidine thiocyanate,593-84-0,ZJYYHGLJYGJLLN-UHFFFAOYSA-N,65046,C2H6N4S,true,ai_verified,TamadKala; Telegram: ChemIranSanat; labshop,3,,,,,,,t.me/labshop,mistral,ai_verified+seed,1e7e0239d2b8a803
heptane,heptane | n-heptane,142-82-5,IMNFDUFMRHMDMM-UHFFFAOYSA-N,8900,C7H16,true,ai_verified,Fardad Shimi; TamadKala; Telegram: jahaneshimicom; jahaneshimicom,4,,,,,,,t.me/jahaneshimicom,mistral,ai_verified+seed,ee86fb449df25d4b
hexadecan-1-ol,hexadecan-1-ol,36653-82-4,,2682,C16H34O,true,seed,Isatis Shimi,1,,,,,,,,,seed,1c687d5206930ccd
hexadecyl(trimethoxy)silane,hexadecyl(trimethoxy)silane | hexadecyltrimethoxysilane,16411-93-1,RSKGMYDENCAJEN-UHFFFAOYSA-N,85406,C19H42O3Si,true,ai_verified,Telegram: minatajhiz; minatajhiz,2,,,,,,,t.me/minatajhiz,mistral,ai_verified+seed,c17d196a1057a7ff
hexane,hexane,110-54-3,VLKZOEOYAKHREP-UHFFFAOYSA-N,8058,C6H14,true,structured_pubchem,ChemIranSanat; Fardad Shimi; TamadKala; Telegram: ChemIranSanat; Telegram: chemgroup; Telegram: minatajhiz,6,Sigma-Aldrich,50g,,,in_stock,"38490 Sigma-Aldrich 5,5-Dimethyl-1,3-cyclohexanedione (Dimedone) 50g ×1 🛩 واردات مسافری 🔜 موجود و آماده تحویل ✅ شیمیران صنعت فقط اصلی ❓ قیمت و سفارش 👇 Admin 🆔 @ChemIranAdmin 🆔 @ChemIran1",https://t.me/ChemIranSanat/1600,rules+ai-audit,seed+structured_pubchem,2c91931159b4bac3
hexanedihydrazide,hexanedihydrazide,,,66117,C6H14N4O2,true,seed,Telegram: minatajhiz,1,,,,,,,,,seed,fd1c8f2b1a63e94c
hexanedioic acid,hexanedioic acid | adipic acid,124-04-9,WNLRTRBMVRJNCN-UHFFFAOYSA-N,196,C6H10O4,true,seed,Ch_Chemical_leaders; Fardad Shimi; TamadKala,3,,,,,,#تبلیغات شرکت 💎 الماس صدر امیران 💎 تامین کننده تخصصی مواد اولیه شیمیایی و پلیمری فروش ویژه ادیپیک اسید هایلی فروش ویژه متیلن کلراید شاندونگ بار اورجینال و تضمینی بدون هزینه انبار داری تحویل تهران زیر قیمت بازار فقط نقدی ☎️ شماره شرکت: 04134416546 📱 مدیریت: 09148602445 📱 مشاوره فروش: 09145718682,https://t.me/Ch_Chemical_leaders/158,ai_corrected:mistral,ai_corrected+seed,f9a57009dbf6ea89
hexanoic acid,hexanoic acid,142-62-1,FUZZWVXGSFPDMH-UHFFFAOYSA-N,8892,C6H12O2,true,structured_pubchem,ChemIranSanat; Telegram: ChemIranSanat; Telegram: minatajhiz; minatajhiz,4,Sigma-Aldrich,2.5g,,,in_stock,"153745, 2.5g Aldrich Hexanoic acid موجود و آماده تحویل ✅ شیمیران صنعت فقط اصلی ❓ قیمت و سفارش 👇 Admin 🆔 @ChemIranAdmin 🆔 @ChemIran1",https://t.me/ChemIranSanat/1384,rules+ai-audit,seed+structured_pubchem,38e7b5d443687f2d
magnesium bis(octadecanoate),magnesium bis(octadecanoate) | magnesium stearate,557-04-0,HQKMJHAJHXVSDF-UHFFFAOYSA-L,11177,C36H70MgO4,true,structured_pubchem,Ch_Chemical_leaders; TamadKala; Telegram: Ch_Chemical_leaders; Telegram: fanchem; fanchem,9,Zarrin,,,,,#تبلیغات 🌐 معرفی شرکت فن‌آوران شیمی – پیشگام تولید افزودنی‌های پلیمری در ایران 🎯 پلی‌زون به‌عنوان نماینده فروش رسمی، تأمین‌کننده محصولات تخصصی این برند معتبر است. 🏭 فن‌آوران شیمی با بیش از ۲۰ سال تجربه و ۲ واحد تولیدی فعال، به تولید استئارات‌های فلزی با کیفیت بالا، مطابق با استانداردهای بین‌المللی م,https://t.me/Ch_Chemical_leaders/255,rules+ai-audit,seed+structured_pubchem,bef060f9e7e792d7
methane,methane | natural gas | graphene oxide | Natural gas | Graphene oxide,74-82-8,VNWKTOKETHGBQD-UHFFFAOYSA-N,297,CH4,true,ai_verified,ChemIranSanat; DigiShimi; IranChemicals; Telegram: ChemIranSanat; chemgroup; telegram:ChemIranSanat,7,,,,,,,t.me/chemgroup,mistral+mistral,ai_verified+seed,b9c212dbba31be8a
methanol,methanol | Methanol,67-56-1,OKKJLVBELUTLKV-UHFFFAOYSA-N,887,CH4O,true,structured_pubchem,Ch_Chemical_leaders; ChemIranSanat; DigiShimi; Fardad Shimi; IranChemicals; Isatis Shimi; ShimiMan; TamadKala; Telegram: Ch_Chemical_leaders; Telegram: ChemIranSanat; Telegram: IranChemicals; Telegram: chemgroup; Telegram: minatajhiz; minatajhiz,20,Honeywell,2.5L,,,in_stock,Methanol HPLC grade Honeywell | Riedel موجود و آماده تحویل ✅ شیمیران صنعت فقط اصلی ❓ درخواست قیمت یا سفارش کالا 👇 ADMIN 🆔 @ChemIranAdmin 🆔 @ChemIran1,https://t.me/ChemIranSanat/1486,rules+ai-audit,ai_verified+seed+structured_pubchem,1cbbfc751408d86e
"methyl (1R,2S,9R,10R,11S,14R,15S,17R)-2,15-dimethyl-5,5'-dioxospiro[18-oxapentacyclo[8.8.0.01,17.02,7.011,15]octadec-6-ene-14,2'-oxolane]-9-carboxylate","methyl (1R,2S,9R,10R,11S,14R,15S,17R)-2,15-dimethyl-5,5'-dioxospiro[18-oxapentacyclo[8.8.0.01,17.02,7.011,15]octadec-6-ene-14,2'-oxolane]-9-carboxylate",,,443872,C24H30O6,true,seed,BehChin Chemi Pharmed,1,,,,,,,,,seed,eaacc56c7bf25dfe
methyl 2-[3-oxo-2-[(E)-pent-2-enyl]cyclopentyl]acetate,methyl 2-[3-oxo-2-[(E)-pent-2-enyl]cyclopentyl]acetate,39924-52-2,,5367719,C13H20O3,true,seed,Telegram: minatajhiz,1,,,,,,,,,seed,5df0d73826c93b99
methyl 2-methylprop-2-enoate,methyl 2-methylprop-2-enoate | methyl methacrylate,80-62-6,VVQNEPGJFQJSBK-UHFFFAOYSA-N,6658,C5H8O2,true,structured_pubchem,Boof_company; Fardad Shimi; Maran_Tejarat_Eshen; Telegram: Boof_company; Telegram: Maran_Tejarat_Eshen,35,,180 کیلو,,,in_stock,🔰 محصول (Methyl Methacrylate) متیل متاکریلات MMA ➖️ نام علمی : (Methyl methacrylate) بوتیل آکریلات ➖️ فرمول شیمیایی : C5H8O2 ➖️ ماده پایه : استر ➖️ برند : داو (Dow) ➖️ کشور : آلمان (Germany) ➖️ وزن : 180 کیلو گرم ➖️ پالت : 720 کیلو گرم (4 بشکه) ➖️ قیمت : ☎️ جهت مشاوره خرید، استعلام قیمت و ثبت سفارش ,https://t.me/Boof_company/26,ai_corrected:mistral,ai_corrected+ai_verified+seed+structured_pubchem,959c9195caffabfa
methyl 4-carbonochloridoylbenzoate,methyl 4-carbonochloridoylbenzoate | methyl acetate,7377-26-6,CVXXHXPNTZBZEL-UHFFFAOYSA-N,81850,C9H7ClO3,true,seed,ChemIranSanat; Telegram: ChemIranSanat,2,TCI,25 گرمی,,,in_stock,✅ TCI chemicals JAPAN T0283 Methyl 4-(Chloroformyl)benzoate Purity/Analysis Method >95.0%(GC) CAS Number 7377-26-6 ✔ پکیج 25 گرمی موجود و آماده تحویل 0938-648-9001 🆔 @ChemIranAdmin 🆔 @ChemIran1,https://t.me/ChemIranSanat/1050,ai_corrected:llm7,ai_corrected+seed,6e3093d9aaab1be1
methyl 4-hydroxybenzoate,methyl 4-hydroxybenzoate,99-76-3,,7456,C8H8O3,true,seed,TamadKala,1,,,,,,,,,seed,30001f6e38667dcd
methyl acetate,methyl acetate,,,6584,C3H6O2,true,seed,Chemical Iran,1,,,,,,,,,seed,42577e499ca6d804
methyl prop-2-enoate,methyl prop-2-enoate,96-33-3,,7294,C4H6O2,true,seed,TamadKala,1,,,,,,,,,seed,754a2e4b3a793fd9
methyl propanoate,methyl propanoate,554-12-1,,11124,C4H8O2,true,seed,Fardad Shimi,1,,,,,,,,,seed,bad66585481fd5a9
methylsulfinylmethane,methylsulfinylmethane | dimethyl sulfoxide | Dimethyl sulfoxide,67-68-5,IAZDPXIOMUYVGZ-UHFFFAOYSA-N,679,C2H6OS,true,structured_pubchem,ChemIranSanat; Fardad Shimi; TamadKala; Telegram: ChemIranSanat; Telegram: minatajhiz; minatajhiz,10,Daejung,2.5lit,,,in_stock,لیست حلال های موجود برند Daejung کره جنوبی و مرک آلمان هگزان اتیل استات استونیتریل متانول اتانول پروپانول بوتانول کلروفرم دی کلرو متان استون 1،2-دی کلرو اتان دی متیل فرمامید دی متیل سولفوکساید تولوئن بنزن و حلال های دیگر درخواست قیمت و سفارش 0938-648-9001 Admin: @ChemIranAdmin 🆔 @ChemIran1,https://t.me/ChemIranSanat/536,rules+ai-audit,ai_verified+seed+structured_pubchem,5b3b1e27321e93f1
"N'-(2-aminoethyl)ethane-1,2-diamine","N'-(2-aminoethyl)ethane-1,2-diamine",111-40-0,,8111,C4H13N3,true,seed,Telegram: minatajhiz,1,,,,,,,,,seed,60ed39a92669e048
"N'-[2-[2-(2-aminoethylamino)ethylamino]ethyl]ethane-1,2-diamine","N'-[2-[2-(2-aminoethylamino)ethylamino]ethyl]ethane-1,2-diamine | tetraethylene pentamine",112-57-2,FAGUFWYHJQFNRV-UHFFFAOYSA-N,8197,C8H23N5,true,structured_pubchem,ChemIranSanat; Telegram: ChemIranSanat; Telegram: minatajhiz; minatajhiz,4,Merck,,,,in_stock,Tetraethylene pentamine Merck موجود و آماده تحویل @ChemIranAdmin 🆔 @ChemIran1,https://t.me/ChemIranSanat/392,rules+ai-audit,seed+structured_pubchem,3acc572046c0f53a
"N,N,4-trimethylaniline","N,N,4-trimethylaniline | N,N-dimethyl-p-toluidine",99-97-8,GYVGXEWAOAAJEU-UHFFFAOYSA-N,7471,C9H13N,true,ai_verified,Maran_Tejarat_Eshen; Telegram: minatajhiz,2,,,,,,,t.me/Maran_Tejarat_Eshen,mistral,ai_verified+seed,8535c0f31847a6b0
"N,N,N',N'-tetramethylethane-1,2-diamine","N,N,N',N'-tetramethylethane-1,2-diamine | N,N,N′,N′-Tetramethylethylenediamine",110-18-9,KWYHDKDOAIKMQN-UHFFFAOYSA-N,8037,C6H16N2,true,ai_verified,ChemIranSanat; Telegram: ChemIranSanat,2,,,,,,,t.me/ChemIranSanat,mistral+mistral,ai_verified+seed,41eb598b9cf7ffc6
"N,N-diethyl-3-methylbenzamide","N,N-diethyl-3-methylbenzamide",,,4284,C12H17NO,true,seed,BehChin Chemi Pharmed,1,,,,,,,,,seed,69b169a192333849
"N,N-diethylaniline","N,N-diethylaniline",,,7061,C10H15N,true,seed,Telegram: minatajhiz,1,,,,,,,,,seed,889acadc03c655e8
"N,N-diethylethanamine;hydrochloride","N,N-diethylethanamine;hydrochloride",,,11130,C6H16ClN,true,seed,TamadKala,1,,,,,,,,,seed,f5b915be1df8f4c5
"N,N-dimethyl-4-phenyldiazenylaniline","N,N-dimethyl-4-phenyldiazenylaniline",60-11-7,,6053,C14H15N3,true,seed,Fardad Shimi,1,,,,,,,,,seed,bf8d48f0c3dd7e60
"N,N-dimethylacetamide","N,N-dimethylacetamide | N,N-Dimethylacetamide",127-19-5,FXHOOIRPVKKKFG-UHFFFAOYSA-N,31374,C4H9NO,true,ai_verified,ChemIranSanat; TamadKala,2,,,,,,,t.me/ChemIranSanat,mistral,ai_verified+seed,b68a00ea16ffc8d3
"N,N-dimethylaniline","N,N-dimethylaniline | N,N-Dimethylaniline",121-69-7,JLTDJTHDQAWBAV-UHFFFAOYSA-N,949,C8H11N,true,ai_verified,Fardad Shimi; Maran_Tejarat_Eshen; Telegram: Maran_Tejarat_Eshen,3,,,,,,,t.me/Maran_Tejarat_Eshen,gemini,ai_verified+seed,ccaa067fa510e4e5
"N,N-dimethylformamide","N,N-dimethylformamide | N,N-Dimethylformamide",68-12-2,ZMXDDKWLCZADIW-UHFFFAOYSA-N,6228,C3H7NO,true,seed,ChemIranSanat; Fardad Shimi; TamadKala; Telegram: IranChemicals,4,Exir,2.5L,,,in_stock,"024834 Exir N,N-Dimethylformamide, >99% 2.5L 🔜 موجود و آماده تحویل ✅ شیمیران صنعت فقط اصلی ♾ موجودی و تنوع بی نظیر از برندهای معتبر 📦 ارسال رایگان 📱 سفارش کالا 👇 📱 0938 648 9001 ☎️ 77 88 18 08 🆔 @ChemIranAdmin 🆔 @ChemIran1",https://t.me/ChemIranSanat/1976,ai_corrected:gemini,ai_corrected+seed,b82d2fcefda85cae
"N,N-dimethylmethanamine","N,N-dimethylmethanamine",,,1146,C3H9N,true,seed,Telegram: minatajhiz,1,,,,,,,,,seed,f42d6653a3f8329b
N-(3-hydroxyiminobutan-2-ylidene)hydroxylamine,N-(3-hydroxyiminobutan-2-ylidene)hydroxylamine,,,135459645,C4H8N2O2,true,seed,Fardad Shimi,1,,,,,,,,,seed,416cf1665465133d
N-(4-hydroxyphenyl)acetamide,N-(4-hydroxyphenyl)acetamide,,,1983,C8H9NO2,true,seed,BehChin Chemi Pharmed; Rooz Darou,2,,,,,,,,,seed,7f59d235d1bed6f4
N-(cyanomethyl)-4-(trifluoromethyl)pyridine-3-carboxamide,N-(cyanomethyl)-4-(trifluoromethyl)pyridine-3-carboxamide,158062-67-0,,9834513,C9H6F3N3O,true,seed,Telegram: jahaneshimicom,1,,,,,,,,,seed,336d2533729e3f95
N-[2-(octadecanoylamino)ethyl]octadecanamide,N-[2-(octadecanoylamino)ethyl]octadecanamide | ethylene bis-stearamide | Ethylene bis stearamide,110-30-5,RKISUIUJZGSLEV-UHFFFAOYSA-N,8044,C38H76N2O2,true,seed,Ch_Chemical_leaders; Telegram: chemgroup,3,,,,,,#تبلیغات 🌟 اتیلن بیس استئارامید (EBS) – روان‌کننده و افزودنی مطمئن برای PVC و ترموپلاستیک‌ها 🎯 اتیلن بیس استئارامید یا EBS یک وکس سنتزی سفید و مومی شکل است که از ترکیب اسید استئاریک و اتیلن دی‌آمین حاصل می‌شود. این ماده غیر سمی، بی‌بو و کارآمد، به عنوان روان‌کننده داخلی و خارجی، عامل آزادکننده و افز,https://t.me/Ch_Chemical_leaders/311,ai_corrected:mistral,ai_corrected+seed,73c12587a3109ddd
N-butylbutan-1-amine,N-butylbutan-1-amine | dibutylamine,111-92-2,JQVDAXLFBXTEQA-UHFFFAOYSA-N,8148,C8H19N,true,ai_verified,Telegram: minatajhiz; minatajhiz,2,,,,,,,t.me/minatajhiz,mistral,ai_verified+seed,eea73738398fc620
N-ethylethanamine,N-ethylethanamine,109-89-7,,8021,C4H11N,true,seed,TamadKala,1,,,,,,,,,seed,6682f9a80b419bb7
N-ethylethanamine;hydrobromide,N-ethylethanamine;hydrobromide,536-69-6,,10986453,C4H12BrN,true,seed,TamadKala,1,,,,,,,,,seed,0f726e05dd173e7f
N-ethylethanamine;hydrochloride,N-ethylethanamine;hydrochloride,993-36-2,,10197650,C4H12ClN,true,seed,TamadKala,1,,,,,,,,,seed,7d18e077a7250a8b
N-methyl-3-phenyl-3-[4-(trifluoromethyl)phenoxy]propan-1-amine;hydrochloride,N-methyl-3-phenyl-3-[4-(trifluoromethyl)phenoxy]propan-1-amine;hydrochloride,,,62857,C17H19ClF3NO,true,seed,BehChin Chemi Pharmed,1,,,,,,,,,seed,55c21636846e8912
N-phenylaniline,N-phenylaniline,92-67-1,,11487,C12H11N,true,seed,TamadKala,1,,,,,,,,,seed,cbcc3c29337279e8
N-propan-2-ylprop-2-enamide,N-propan-2-ylprop-2-enamide | N-Isopropylacrylamide,2210-25-5,QNILTEGFHQSKFF-UHFFFAOYSA-N,16637,C6H11NO,true,ai_verified,ChemIranSanat; Telegram: ChemIranSanat,2,,,,,,,t.me/ChemIranSanat,mistral+mistral,ai_verified+seed,74dc182f0557d78b
N-propan-2-ylpropan-2-amine,N-propan-2-ylpropan-2-amine,108-18-9,,7912,C6H15N,true,seed,TamadKala,1,,,,,,,,,seed,d530e55383a5b454
naphthalen-1-amine,naphthalen-1-amine,,,8640,C10H9N,true,seed,TamadKala,1,,,,,,,,,seed,f3d23d01577746c6
naphthalene,naphthalene,91-20-3,,931,C10H8,true,seed,Fardad Shimi,1,,,,,,,,,seed,7747ae78bbc0e42f
"naphthalene-1,4-dicarboxylic acid","naphthalene-1,4-dicarboxylic acid | Naphthalene-1,4-dicarboxylic acid",,ABMFBCRYHDZLRD-UHFFFAOYSA-N,69065,C12H8O4,true,ai_verified,ChemIranSanat; Telegram: ChemIranSanat,2,,,,,,,t.me/ChemIranSanat,mistral,ai_verified+seed,a5c90250ad4f9cb9
"naphthalene-2,6-dicarboxylic acid","naphthalene-2,6-dicarboxylic acid | 2,6-Naphthalenedicarboxylic acid",1141-38-4,RXOHFPCZGPKIRD-UHFFFAOYSA-N,14357,C12H8O4,true,ai_verified,ChemIranSanat; Telegram: ChemIranSanat,2,,,,,,,t.me/ChemIranSanat,mistral,ai_verified+seed,a4ae4ca8665c42ef
nickel(2+);bis((Z)-4-oxopent-2-en-2-olate),nickel(2+);bis((Z)-4-oxopent-2-en-2-olate),,,9834912,C10H14NiO4,true,seed,TamadKala,1,,,,,,,,,seed,3395a9b99e53a05f
octadec-1-ene,octadec-1-ene,112-88-9,,8217,C18H36,true,seed,Telegram: minatajhiz,1,,,,,,,,,seed,f8f62702395cb9e1
octadecan-1-ol,octadecan-1-ol,112-92-5,,8221,C18H38O,true,seed,Isatis Shimi; TamadKala,2,,,,,,,,,seed,ae60766d8f02177f
octadecanoic acid,octadecanoic acid | stearic acid | Stearic Acid,57-11-4,QIQXTHQIDYTFRH-UHFFFAOYSA-N,5281,C18H36O2,true,structured_pubchem,Ch_Chemical_leaders; Fardad Shimi; IranChemicals; TamadKala; Telegram: Ch_Chemical_leaders; Telegram: fanchem; Telegram: jahaneshimicom; fanchem; jahaneshimicom,17,,,,,in_stock,#تبلیغات 🔹 پلی زون: تأمین‌کننده معتبر اسید استئاریک 🔹 🔸 اسید استئاریک 1802 : محصولی با کیفیت عالی، مناسب برای صنایع مختلف از جمله تولید مواد شوینده، صنایع آرایشی و بهداشتی، پلاستیک و لاستیک. این گرید به دلیل ویژگی‌های خاص خود، انتخاب اول بسیاری از کارخانجات و تولیدکنندگان است. 🔸 اسید استئاریک 1801 و,https://t.me/Ch_Chemical_leaders/93,rules+ai-audit,ai_corrected+ai_verified+seed+structured_pubchem,1b45d6202b82e872
octan-1-ol,octan-1-ol,111-87-5,,957,C8H18O,true,seed,TamadKala,1,,,,,,,,,seed,e0435af0cb38e6c5
octane,octane,111-65-9,,356,C8H18,true,seed,Fardad Shimi; TamadKala,2,,,,,,,,,seed,89680822d0f7d4ec
octanoic acid,octanoic acid,,,379,C8H16O2,true,seed,Telegram: minatajhiz,1,,,,,,,,,seed,bf75c81c88fdc6e6
oxalic acid,oxalic acid,144-62-7,MUBZPKHOEPUJKR-UHFFFAOYSA-N,971,C2H2O4,true,structured_pubchem,Ch_Chemical_leaders; DigiShimi; Fardad Shimi; TamadKala; Telegram: Ch_Chemical_leaders; Telegram: ChemIranSanat,6,,,,,,"اسید اگزالیک کیسه طوسی چین مقدار محدود با قیمت استثنائی پُلی زون، وارد کننده انواع مواد شیمیایی و پلیمری 09221256828 02166902820 https://polyzone.ir/ Polyzone, Your partner in chemistry solutions به روز باشید... بهترین کیفیت و قیمت برای انواع مواد شیمیایی و افزودنی های پلیمری را از ما بخواهید. عضویت",https://t.me/Ch_Chemical_leaders/14,rules+ai-audit,seed+structured_pubchem,0eb8c2647db58a43
oxalic acid;dihydrate,oxalic acid;dihydrate,6153-56-6,,61373,C2H6O6,true,seed,TamadKala,1,,,,,,,,,seed,dd6ffc5d3d0ff332
oxalyl dichloride,oxalyl dichloride | oxalyl chloride,79-37-8,CTSLXHKWHWQRSH-UHFFFAOYSA-N,65578,C2Cl2O2,true,structured_pubchem,ChemIranSanat; Telegram: ChemIranSanat,2,Acros,,,,,"Oxalyl chloride, 98% Acros Store between 2°C and 8°C واردات مواد با شرایط نگهداری خاص @ChemIranAdmin 🆔 @ChemIran1",https://t.me/ChemIranSanat/271,rules+ai-audit,seed+structured_pubchem,7269f6ae12326cd6
"oxathiane 2,2-dioxide","oxathiane 2,2-dioxide",,,15411,C4H8O3S,true,seed,Telegram: ChemIranSanat,1,,,,,,,,,seed,2b382c655835de03
oxiran-2-ylmethanol,oxiran-2-ylmethanol | glycidol,556-52-5,CTKINSOISVBQLD-UHFFFAOYSA-N,11164,C3H6O2,true,ai_verified,Telegram: minatajhiz; minatajhiz,2,,,,,,,t.me/minatajhiz,mistral,ai_verified+seed,d2ea93850d271149
oxiran-2-ylmethyl 2-methylprop-2-enoate,oxiran-2-ylmethyl 2-methylprop-2-enoate | Glycidyl methacrylate,97-66-7,VOZRXNHHFUQHIL-UHFFFAOYSA-N,7837,C7H10O3,true,ai_verified,ChemIranSanat; Telegram: ChemIranSanat,2,,,,,,,t.me/ChemIranSanat,llm7,ai_verified+seed,55306193a6e615a9
oxirane,oxirane,75-21-8,,6354,C2H4O,true,seed,TamadKala,1,,,,,,,,,seed,e1d4b7bd10a32663
oxolane,oxolane | Tetrahydrofuran | tetrahydrofuran,109-99-9,WYURNTSHIVDZCO-UHFFFAOYSA-N,8028,C4H8O,true,structured_pubchem,Boof_company; ChemIranSanat; Fardad Shimi; TamadKala; Telegram: Boof_company; Telegram: LabTel; Telegram: fanchem; Telegram: jahaneshimicom; jahaneshimicom,10,,180 کیلو,,,,🔰 محصول تترا هیدرو فوران Tetrahydrofuran (THF) ➖️ نام علمی : Tetrahydrofuran (تترا هیدرو فوران) ➖️ فرمول شیمیایی : C₄H₈O ➖️ ماده پایه : حلال (اتر حلقوی) ➖️ برند : مترون (Metron) ➖️ کشور : امارات (UAE) ➖️ وزن بسته : 180 کیلو گرم ➖️ پالت : 720 کیلو گرم (4 بشکه) ➖️ قیمت : ☎️ جهت مشاوره خرید، استعلام قی,https://t.me/Boof_company/48,ai_corrected:gemini,ai_corrected+ai_verified+seed+structured_pubchem,732371aab5b1ca6f
pentan-1-ol,pentan-1-ol | amyl alcohol,71-41-0,AMQJEAYHLZJPGS-UHFFFAOYSA-N,6276,C5H12O,true,structured_pubchem,ChemIranSanat; Telegram: ChemIranSanat; Telegram: minatajhiz,3,Merck,,,,in_stock,807500 | n-Amyl alcohol Merck موجود و آماده تحویل. این محصول خرده فروشی نیز دارد Admin: @ChemIranAdmin 🆔 @ChemIran1,https://t.me/ChemIranSanat/367,rules+ai-audit,seed+structured_pubchem,751211cee6239232
pentane,pentane,109-66-0,,8003,C5H12,true,seed,Fardad Shimi; TamadKala; Telegram: minatajhiz,3,,,,,,,,,seed,cedddb8c7551a4e8
pentanedial,pentanedial | Glutaraldehyde,111-30-8,SXRSQZLOMIGNAQ-UHFFFAOYSA-N,3485,C5H8O2,true,ai_verified,Telegram: minatajhiz; minatajhiz,2,,,,,,,t.me/minatajhiz,mistral,ai_verified+seed,a80c73d1678c5430
phenol,phenol | Phenol,108-95-2,ISWSIDIOOBJBQZ-UHFFFAOYSA-N,996,C6H6O,true,structured_pubchem,Boof_company; Maran_Tejarat_Eshen; TamadKala; Telegram: Boof_company; Telegram: ChemIranSanat; Telegram: IranChemicals; Telegram: minatajhiz,9,,225 کیلو,,,,🔰 محصول فنول Phenol ➖️ نام علمی : Phenol (فنول) ➖️ فرمول شیمیایی : C₆H₆O ➖️ ماده پایه : مونومر (پیش‌ ساز رزین‌ های فنولیک) ➖️ برند : ساهاسترا (Sahastraa) ➖️ کشور : هند (India) ➖️ وزن بسته : 225 کیلو گرم ➖️ پالت : 900 کیلو گرم (4 بشکه) ➖️ قیمت : ☎️ جهت مشاوره خرید، استعلام قیمت و ثبت سفارش با شماره ه,https://t.me/Boof_company/52,rules+ai-audit,ai_verified+seed+structured_pubchem,318eb35f880f838c
phenylhydrazine;hydrochloride,phenylhydrazine;hydrochloride,,,60962,C6H9ClN2,true,seed,TamadKala,1,,,,,,,,,seed,2cc8cdc7f752e402
phenylmethanol,phenylmethanol,100-51-6,,244,C7H8O,true,seed,Fardad Shimi; TamadKala,2,,,,,,,,,seed,3f96cc00821a5733
phthalic acid,phthalic acid,,,1017,C8H6O4,true,seed,TamadKala,1,,,,,,,,,seed,26a7de24a01dd54a
"potassium (2E,4E)-hexa-2,4-dienoate","potassium (2E,4E)-hexa-2,4-dienoate",590-00-1,,23676745,C6H7KO2,true,seed,TamadKala,1,,,,,,,,,seed,d28fed6d9488c65e
potassium acetate,potassium acetate,127-09-3,,517044,C2H3NaO2,true,seed,DigiShimi; Fardad Shimi; TamadKala,3,,,,,,,,,seed,5abeb0e2fccd87c9
"potassium;sodium;(2R,3R)-2,3-dihydroxybutanedioate","potassium;sodium;(2R,3R)-2,3-dihydroxybutanedioate",,,9357,C4H4KNaO6,true,seed,Fardad Shimi,1,,,,,,,,,seed,603d48748e50aa0e
"potassium;sodium;2,3-dihydroxybutanedioate;tetrahydrate","potassium;sodium;2,3-dihydroxybutanedioate;tetrahydrate",10124-69-3,,2724148,C4H12KNaO10,true,seed,TamadKala,1,,,,,,,,,seed,2583953861388f78
prop-2-enamide,prop-2-enamide | acrylamide,79-06-1,HRPVXLWXLXDGHG-UHFFFAOYSA-N,6579,C3H5NO,true,ai_verified,ChemIranSanat; Telegram: ChemIranSanat,2,,,,,,,t.me/ChemIranSanat,mistral,ai_verified+seed,102827d0c431c5e7
prop-2-enenitrile,prop-2-enenitrile | Acrylonitrile,107-13-1,NLHHRLWOUZZQLW-UHFFFAOYSA-N,7855,C3H3N,true,ai_verified,ChemIranSanat; Telegram: ChemIranSanat,2,,,,,,,t.me/ChemIranSanat,mistral,ai_verified+seed,15c9e630e24e850c
prop-2-enoic acid,prop-2-enoic acid | acrylic acid | methacrylic acid | acrylic resin,79-10-7,NIXOWILDQLNWCW-UHFFFAOYSA-N,6581,C3H4O2,true,structured_pubchem,IranChemicals; Maran_Tejarat_Eshen; TamadKala; Telegram: Maran_Tejarat_Eshen; Telegram: minatajhiz; minatajhiz,16,Merck,,,,in_stock,متااکریلیک اسید Methacrylic acid کد محصول مرک: 800578 واردات جدید مرک,https://t.me/minatajhiz/1011,rules+ai-audit,ai_corrected+ai_verified+seed+structured_pubchem,5074567c6c588a23
propan-1-amine,propan-1-amine,,,7852,C3H9N,true,seed,TamadKala,1,,,,,,,,,seed,0f5ac652f5f186bc
propan-1-ol,propan-1-ol,71-23-8,,1031,C3H8O,true,seed,Fardad Shimi; TamadKala,2,,,,,,,,,seed,8bdd9a66fe715850
propan-2-amine,propan-2-amine,,,6363,C3H9N,true,seed,TamadKala,1,,,,,,,,,seed,c95640f16caff7ab
propan-2-ol,propan-2-ol | 2-Propanol | ThinPrep Preservative Fluid | Isopropyl alcohol,67-63-0,KFZMGEQAYNKOFK-UHFFFAOYSA-N,3776,C3H8O,true,ai_verified,ChemIranSanat; DigiShimi; Fardad Shimi; Isatis Shimi; LabTel; TamadKala; Telegram: ChemIranSanat; Telegram: IranChemicals; Telegram: minatajhiz,10,,,,,,,t.me/ChemIranSanat,llm7+mistral,ai_verified+seed,b4ab82c9b2db7744
propan-2-one,propan-2-one | acetone,67-64-1,CSCPPACGZOOCGX-UHFFFAOYSA-N,180,C3H6O,true,structured_pubchem,Boof_company; ChemIranSanat; DigiShimi; Fardad Shimi; Isatis Shimi; TamadKala; Telegram: Boof_company; Telegram: ChemIranSanat; Telegram: minatajhiz; minatajhiz,11,Merck,2.5L,,,in_stock,"Biochem (France) Acetone, 2.5L Analytical Reagent 🔜 موجود و آماده تحویل ✅ شیمیران صنعت فقط اصلی 📱 دریافت قیمت یا سفارش کالا 👇 🆔 @ChemIranAdmin 🆔 @ChemIran1",https://t.me/ChemIranSanat/1746,rules+ai-audit,seed+structured_pubchem,2a085332f7c24325
propan-2-yl tetradecanoate,propan-2-yl tetradecanoate,,,8042,C17H34O2,true,seed,BehChin Chemi Pharmed,1,,,,,,,,,seed,0ecba5866b38f1e0
"propane-1,2,3-triol","propane-1,2,3-triol | Glutathione | Glycerol",56-81-5,PEDCQBHIVMGVHV-UHFFFAOYSA-N,753,C3H8O3,true,ai_verified,ChemIranSanat; DigiShimi; Fardad Shimi; Isatis Shimi; TamadKala; Telegram: Ch_Chemical_leaders; Telegram: chemgroup; Telegram: minatajhiz; jahaneshimicom,9,,,,,,,t.me/ChemIranSanat,llm7,ai_verified+seed,c75d87279c2fc846
"propane-1,2-diol","propane-1,2-diol",57-55-6,,1030,C3H8O2,true,seed,Fardad Shimi; TamadKala,2,,,,,,,,,seed,3024fff64d2894e3
propanedinitrile,propanedinitrile | malononitrile,109-77-3,CUONGYYJJVDODC-UHFFFAOYSA-N,8010,C3H2N2,true,structured_pubchem,Telegram: minatajhiz; minatajhiz,2,Merck,,,,,نام فارسی: مالونو نیتریل نام ماده: Malononitrile کد محصول مرک: 806189 واردات جدید مرک,https://t.me/minatajhiz/995,rules+ai-audit,seed+structured_pubchem,a167de08608d49f5
propyl 4-hydroxybenzoate,propyl 4-hydroxybenzoate,,,7175,C10H12O3,true,seed,BehChin Chemi Pharmed; TamadKala,2,,,,,,,,,seed,acb8c84b578e8381
pyridine,pyridine | 4-aminopyridine,110-86-1,JUJWROOIHBZHMG-UHFFFAOYSA-N,1049,C5H5N,true,structured_pubchem,ChemIranSanat; Fardad Shimi; TamadKala; Telegram: ChemIranSanat; Telegram: minatajhiz,10,Merck,25g,,,in_stock,801111 | MERCK 4-Aminopyridine موجود و آماده تحویل 0938-648-9001 Admin 🆔 @ChemIranAdmin 🆔 @ChemIran1,https://t.me/ChemIranSanat/630,ai_corrected:llm7,ai_corrected+seed+structured_pubchem,9a50e55dc8ae174e
pyridine-4-carboxamide,pyridine-4-carboxamide | Isonicotinamide,1453-82-3,VFQXVTODMYMSMJ-UHFFFAOYSA-N,15074,C6H6N2O,true,ai_verified,ChemIranSanat; Telegram: ChemIranSanat,2,,,,,,,t.me/ChemIranSanat,mistral,ai_verified+seed,76b23647bbb85148
"pyrrolidine-2,5-dione","pyrrolidine-2,5-dione",,,11439,C4H5NO2,true,seed,Telegram: minatajhiz,1,,,,,,,,,seed,84c4e9ea4acaf2e2
"sodium (2R,3S,4R,5R)-2,3,4,5,6-pentahydroxyhexanoate","sodium (2R,3S,4R,5R)-2,3,4,5,6-pentahydroxyhexanoate",,,23672301,C6H11NaO7,true,seed,TamadKala,1,,,,,,,,,seed,055d802d293fc3ee
"sodium (2S,5R,6R)-6-[[(2R)-2-amino-2-phenylacetyl]amino]-3,3-dimethyl-7-oxo-4-thia-1-azabicyclo[3.2.0]heptane-2-carboxylate","sodium (2S,5R,6R)-6-[[(2R)-2-amino-2-phenylacetyl]amino]-3,3-dimethyl-7-oxo-4-thia-1-azabicyclo[3.2.0]heptane-2-carboxylate",69-52-3,,23663979,C16H18N3NaO4S,true,seed,TamadKala,1,,,,,,,,,seed,056c489635708031
"sodium 1,1-dioxo-1,2-benzothiazol-2-id-3-one","sodium 1,1-dioxo-1,2-benzothiazol-2-id-3-one",,,656582,C7H4NNaO3S,true,seed,DigiShimi; Fardad Shimi; TamadKala,3,,,,,,,,,seed,edd89c0dbe3ca026
sodium 2-dodecylbenzenesulfonate,sodium 2-dodecylbenzenesulfonate,25155-30-0,,23662403,C18H29NaO3S,true,seed,TamadKala,1,,,,,,,,,seed,b987a4177d23c697
sodium 2-hydroxybenzoate,sodium 2-hydroxybenzoate,54-21-7,,16760658,C7H5NaO3,true,seed,Fardad Shimi,1,,,,,,,,,seed,f80904321f2a6cef
sodium 2-hydroxypropanoate,sodium 2-hydroxypropanoate,72-17-3,,23666456,C3H5NaO3,true,seed,TamadKala,1,,,,,,,,,seed,a03853c9fe3a7e80
"sodium 3-[[4-[[4-(4-ethoxyanilino)phenyl]-[4-[ethyl-[(3-sulfonatophenyl)methyl]azaniumylidene]-2-methylcyclohexa-2,5-dien-1-ylidene]methyl]-N-ethyl-3-methylanilino]methyl]benzenesulfonate","sodium 3-[[4-[[4-(4-ethoxyanilino)phenyl]-[4-[ethyl-[(3-sulfonatophenyl)methyl]azaniumylidene]-2-methylcyclohexa-2,5-dien-1-ylidene]methyl]-N-ethyl-3-methylanilino]methyl]benzenesulfonate",6104-59-2,,61363,C47H48N3NaO7S2,true,seed,TamadKala,1,,,,,,,,,seed,2af7c079018e93d0
sodium 3-hydroxy-4-[(1-hydroxynaphthalen-2-yl)diazenyl]-7-nitronaphthalene-1-sulfonate,sodium 3-hydroxy-4-[(1-hydroxynaphthalen-2-yl)diazenyl]-7-nitronaphthalene-1-sulfonate,1787-61-7,,135465089,C20H12N3NaO7S,true,seed,Fardad Shimi; TamadKala,2,,,,,,,,,seed,15359e6cbe1b3a8f
sodium 4-[[4-(dimethylamino)phenyl]diazenyl]benzenesulfonate,sodium 4-[[4-(dimethylamino)phenyl]diazenyl]benzenesulfonate,547-58-0,,23673835,C14H14N3NaO3S,true,seed,Fardad Shimi; TamadKala,2,,,,,,,,,seed,0f414063b9703fe0
sodium 4-methoxycarbonylphenolate,sodium 4-methoxycarbonylphenolate,,,23663626,C8H7NaO3,true,seed,BehChin Chemi Pharmed,1,,,,,,,,,seed,9e76f7ea317edfda
"sodium 6-[6-[6-[5-acetamido-4,6-dihydroxy-2-(sulfooxymethyl)oxan-3-yl]oxy-2-carboxy-4-hydroxy-5-sulfooxyoxan-3-yl]oxy-2-(hydroxymethyl)-5-(sulfoamino)-4-sulfooxyoxan-3-yl]oxy-3,4-dihydroxy-5-sulfooxyoxane-2-carboxylic acid","sodium 6-[6-[6-[5-acetamido-4,6-dihydroxy-2-(sulfooxymethyl)oxan-3-yl]oxy-2-carboxy-4-hydroxy-5-sulfooxyoxan-3-yl]oxy-2-(hydroxymethyl)-5-(sulfoamino)-4-sulfooxyoxan-3-yl]oxy-3,4-dihydroxy-5-sulfooxyoxane-2-carboxylic acid",,,92044406,C26H42N2NaO37S5+,true,seed,BehChin Chemi Pharmed,1,,,,,,,,,seed,ea505910c242bf40
sodium benzoate,sodium benzoate,540-16-9,,517055,C7H5NaO2,true,seed,ShimiMan; TamadKala,2,,,,,,,,,seed,7b0bfd85a1287d1c
sodium formate,sodium formate,,,2723810,CHNaO2,true,seed,TamadKala,1,,,,,,,,,seed,837a0d256720a800
sodium methanolate,sodium methanolate,,,10942334,CH3NaO,true,seed,Telegram: minatajhiz,1,,,,,,,,,seed,dc6645b9244b8bc2
sodium octadecanoate,sodium octadecanoate | sodium stearate,822-16-2,RYYKJJJTJZKILX-UHFFFAOYSA-M,2724691,C18H35NaO2,true,structured_pubchem,DigiShimi; Fardad Shimi; TamadKala; Telegram: fanchem; fanchem,8,,,,,,⚜️ استئارات سدیم 🏭 فن آوران شیمی ☎️ تلفن : 02166565700 🔶 فروش: داخلی های 1 الی 4 🌐 اطلاعات بیشتر: http://fanchem.ir/products/sodium-stearate-ksn1016 🔛 Join 👉 @Fanchem,https://t.me/fanchem/207,rules+ai-audit,seed+structured_pubchem,c1cc4bc628639383
sodium;(4S)-4-amino-5-hydroxy-5-oxopentanoate;hydrate,sodium;(4S)-4-amino-5-hydroxy-5-oxopentanoate;hydrate,,,23689119,C5H10NNaO5,true,seed,TamadKala,1,,,,,,,,,seed,802bb500d7d6b04d
sodium;acetate;trihydrate,sodium;acetate;trihydrate,,,23665404,C2H9NaO5,true,seed,Fardad Shimi; ShimiMan; TamadKala,3,,,,,,,,,seed,83af52298c5bbca3
terephthalaldehyde,terephthalaldehyde | Terephthaldialdehyde,133-43-4,KUCOHFSKRZZVRO-UHFFFAOYSA-N,12173,C8H6O2,true,ai_verified,ChemIranSanat; Telegram: ChemIranSanat,2,,,,,,,t.me/ChemIranSanat,cohere,ai_verified+seed,17d570f5f3b396c5
terephthalic acid,terephthalic acid,100-21-0,KKEYFWRCBNTPAC-UHFFFAOYSA-N,7489,C8H6O4,true,structured_pubchem,ChemIranSanat; Fardad Shimi; Telegram: ChemIranSanat; Telegram: minatajhiz,8,Sigma-Aldrich,500g,,,in_stock,"2,5-Dihydroxyterephthalic acid 382132 Aldrich موجود و آماده تحویل 09386489001 @ChemIranAdmin 🆔 @ChemIran1",https://t.me/ChemIranSanat/507,rules+ai-audit,seed+structured_pubchem,646ff22f7a10b1b4
tetrachloromethane,tetrachloromethane,56-23-5,,5943,CCl4,true,seed,TamadKala,1,,,,,,,,,seed,b959d7a3a4c90bcd
tetrakis(propan-2-olate);titanium(4+),tetrakis(propan-2-olate);titanium(4+) | Tetraisopropyl orthotitanate,546-68-9,VXUYXOFXAQZZMF-UHFFFAOYSA-N,11026,C12H28O4Ti,true,ai_verified,ChemIranSanat; Fardad Shimi; TamadKala; Telegram: ChemIranSanat,4,,,,,,,t.me/ChemIranSanat,mistral,ai_verified+seed,34a65c00900f0835
"thiolane 1,1-dioxide","thiolane 1,1-dioxide",126-33-0,,31347,C4H8O2S,true,seed,Telegram: jahaneshimicom,1,,,,,,,,,seed,68ed11b2ac26c216
thiourea,thiourea,62-56-6,UMGDCJDMYOKAJW-UHFFFAOYSA-N,2723790,CH4N2S,true,seed,ChemIranSanat; Fardad Shimi; TamadKala,3,Sigma-Aldrich,50G,,,in_stock,T8656 Sigma-Aldrich Thiourea >99% 50G قیمت: 333.000 تومان 🔜 موجود و آماده تحویل ✅ شیمیران صنعت فقط اصلی 📱 سفارش کالا 👇 🆔 @ChemIranAdmin 🆔 @ChemIran1,https://t.me/ChemIranSanat/1669,ai_corrected:mistral,ai_corrected+seed,4c2dd8a32d6275cf
toluene,toluene,108-88-3,YXFVVABEGXRONW-UHFFFAOYSA-N,1140,C7H8,true,structured_pubchem,DigiShimi; Fardad Shimi; Isatis Shimi; Maran_Tejarat_Eshen; ShimiMan; TamadKala; Telegram: ChemIranSanat; Telegram: IranChemicals; Telegram: Maran_Tejarat_Eshen,19,,,,,in_stock,"تولوئن اصفهان و زایلین مخلوط بندر امام به صورت بشکه شده و با قیمت رقابتی به فروش می رسد. #ماران_تجارت_اشن 021-22799285,95 09128066375",https://t.me/Maran_Tejarat_Eshen/122,rules+ai-audit,seed+structured_pubchem,53e1902905d2da30
trichloromethyl carbonochloridate,trichloromethyl carbonochloridate,,,10426,C2Cl4O2,true,seed,Telegram: chemgroup,1,,,,,,,,,seed,d5fbcc04360db3db
triethoxy(octyl)silane,triethoxy(octyl)silane,2943-75-1,,76262,C14H32O3Si,true,seed,Telegram: minatajhiz,1,,,,,,,,,seed,c0c31e8d1f2767b5
"triethyl 2-hydroxypropane-1,2,3-tricarboxylate","triethyl 2-hydroxypropane-1,2,3-tricarboxylate",,,6506,C12H20O7,true,seed,TamadKala,1,,,,,,,,,seed,36550f7e0766f426
triethylalumane,triethylalumane,,,16682930,C6H15Al,true,seed,TamadKala,1,,,,,,,,,seed,a115f63b8ccb2686
trimethoxy(methyl)silane,trimethoxy(methyl)silane,1185-55-3,,14456,C4H12O3Si,true,seed,Telegram: minatajhiz,1,,,,,,,,,seed,ccc21f05dd73e154
trimethyl(trimethylsilyloxy)silane,trimethyl(trimethylsilyloxy)silane | Hexamethyldisiloxane,107-46-0,UQEAIHBTYFGYIE-UHFFFAOYSA-N,24764,C6H18OSi2,true,ai_verified,TamadKala; minatajhiz,2,,,,,,,t.me/minatajhiz,mistral,ai_verified+seed,bf5c9ea8e9b4a643
trioctylphosphane,trioctylphosphane | Trioctylphosphine,4731-53-7,RMZAYIKUYWXQPB-UHFFFAOYSA-N,20851,C24H51P,true,ai_verified,Telegram: minatajhiz; minatajhiz,2,,,,,,,t.me/minatajhiz,mistral,ai_verified+seed,d2279fd1bd4d8720
"tripotassium;2-hydroxypropane-1,2,3-tricarboxylate;hydrate","tripotassium;2-hydroxypropane-1,2,3-tricarboxylate;hydrate",6132-04-3,,2735208,C6H7K3O8,true,seed,DigiShimi; Fardad Shimi,2,,,,,,,,,seed,b9bd49008270e23a
"trisodium;2-hydroxypropane-1,2,3-tricarboxylate","trisodium;2-hydroxypropane-1,2,3-tricarboxylate | Sodium citrate",68-04-2,HRXKRNGNAMMEHJ-UHFFFAOYSA-K,6224,C6H5Na3O7,true,ai_verified,Isatis Shimi; LabTel; TamadKala,3,,,,,,,t.me/LabTel,gemini+gemini+mistral+gemini,ai_verified+seed,edbc9dd2dab4dc6d
"trisodium;2-hydroxypropane-1,2,3-tricarboxylate;dihydrate","trisodium;2-hydroxypropane-1,2,3-tricarboxylate;dihydrate",,,71474,C6H9Na3O9,true,seed,TamadKala,1,,,,,,,,,seed,0fb46dcf03832b3f
"trisodium;3-hydroxy-4-[(2-hydroxy-4-sulfonatonaphthalen-1-yl)diazenyl]naphthalene-2,7-disulfonate","trisodium;3-hydroxy-4-[(2-hydroxy-4-sulfonatonaphthalen-1-yl)diazenyl]naphthalene-2,7-disulfonate",63451-35-4,,113232,C20H11N2Na3O11S3,true,seed,TamadKala,1,,,,,,,,,seed,2eae0f4d41ed964d
trisodium;5-oxo-1-(4-sulfonatophenyl)-4-[(4-sulfonatophenyl)diazenyl]-4H-pyrazole-3-carboxylate,trisodium;5-oxo-1-(4-sulfonatophenyl)-4-[(4-sulfonatophenyl)diazenyl]-4H-pyrazole-3-carboxylate,1934-21-0,,164825,C16H9N4Na3O9S2,true,seed,TamadKala,1,,,,,,,,,seed,79263e8ce2db9cde
urea,urea,57-13-6,XSQUKJJJFZCRTK-UHFFFAOYSA-N,1176,CH4N2O,true,structured_pubchem,Ch_Chemical_leaders; DigiShimi; Fardad Shimi; Isatis Shimi; TamadKala; Telegram: Boof_company; Telegram: Ch_Chemical_leaders; Telegram: ChemIranSanat; Telegram: IranChemicals; Telegram: LabTel; Telegram: Maran_Tejarat_Eshen; Telegram: chemgroup; Telegram: jahaneshimicom; jahaneshimicom,14,,,,,in_stock,#تبلیغات 🎯 پیشنهاد ویژه پلی‌زون برای تولیدکنندگان حرفه‌ای! 🔥 پودرفوکو AC7000DB (KUMYANG) – راه‌حلی برای پوشش‌های مقاوم و با دوام 💥 افزایش چشمگیر کیفیت رنگ و پوشش در صنایع خودروسازی، لوازم خانگی، الکترونیک و رنگ ✅ مقاومت بالا در برابر حرارت و سایش ✅ پایداری شیمیایی ویژه در محیط‌های سخت ✅ انعطاف‌پذیری,https://t.me/Ch_Chemical_leaders/291,ai_corrected:mistral,ai_corrected+seed+structured_pubchem,9b706673f9fd5b6c
zinc bis(octadecanoate),zinc bis(octadecanoate) | zinc stearate,557-05-1,XOOUIPVCVHRTMJ-UHFFFAOYSA-L,11178,C36H70O4Zn,true,structured_pubchem,Telegram: fanchem; fanchem,12,Zarrin,,,,,⚜️ محصول جدید فن آوران شیمی تجزیه ✅ استئارات روی گرید 5012 ✳️ مخصوص پلیمر ،پلاستیک،مستربچ و کامپاند ☎️ تلفن : 02166565702 ➕ ادامه در لینک زیر: https://goo.gl/ui3S1U 🔛 Join 👉 @Fanchem,https://t.me/fanchem/97,rules+ai-audit,seed+structured_pubchem,70bde79bcdb4c11f
zinc diacetate,zinc diacetate,557-34-6,,11192,C4H6O4Zn,true,seed,Telegram: ChemIranSanat,1,,,,,,,,,seed,b900fe3e2d780980
"(1S,3Z)-3-[(2E)-2-[(1R,3aS,7aR)-7a-methyl-1-[(2R)-6-methylheptan-2-yl]-2,3,3a,5,6,7-hexahydro-1H-inden-4-ylidene]ethylidene]-4-methylidenecyclohexan-1-ol","(1S,3Z)-3-[(2E)-2-[(1R,3aS,7aR)-7a-methyl-1-[(2R)-6-methylheptan-2-yl]-2,3,3a,5,6,7-hexahydro-1H-inden-4-ylidene]ethylidene]-4-methylidenecyclohexan-1-ol | Vitamin D | Vitamin D3 | Cholecalciferol | Vitamin D3 (cholecalciferol)",67-97-0,QYSXJUFSXHHAJI-YRZJJWOYSA-N,5280795,C27H44O,true,ai_verified,LabTel; Rooz Darou,5,,,,,,,t.me/LabTel,gemini+gemini+gemini+gemini+gemini+gemini+gemini+gemini+gemini+gemini+gemini,ai_verified+seed,e7397ce5741d9c47
(3R)-3-hydroxy-4-(trimethylazaniumyl)butanoate,(3R)-3-hydroxy-4-(trimethylazaniumyl)butanoate,,,10917,C7H15NO3,true,seed,Rooz Darou,1,,,,,,,,,seed,431538cbd27df82c
2-[4-(2-methylpropyl)phenyl]propanoic acid,2-[4-(2-methylpropyl)phenyl]propanoic acid,,,3672,C13H18O2,true,seed,Rooz Darou,1,,,,,,,,,seed,caba56b6bcacbf97
N-[2-(5-methoxy-1H-indol-3-yl)ethyl]acetamide,N-[2-(5-methoxy-1H-indol-3-yl)ethyl]acetamide,,,896,C13H16N2O2,true,seed,Rooz Darou,1,,,,,,,,,seed,9f6c0aa9edcb21b8
"2-butan-2-yl-4-[4-[4-[4-[[(2R,4S)-2-(2,4-dichlorophenyl)-2-(1,2,4-triazol-1-ylmethyl)-1,3-dioxolan-4-yl]methoxy]phenyl]piperazin-1-yl]phenyl]-1,2,4-triazol-3-one","2-butan-2-yl-4-[4-[4-[4-[[(2R,4S)-2-(2,4-dichlorophenyl)-2-(1,2,4-triazol-1-ylmethyl)-1,3-dioxolan-4-yl]methoxy]phenyl]piperazin-1-yl]phenyl]-1,2,4-triazol-3-one",,,55283,C35H38Cl2N8O4,true,seed,Rooz Darou,1,,,,,,,,,seed,4e5f0c7a03610e6b
"1-[4-[4-[[(2S,4R)-2-(2,4-dichlorophenyl)-2-(imidazol-1-ylmethyl)-1,3-dioxolan-4-yl]methoxy]phenyl]piperazin-1-yl]ethanone","1-[4-[4-[[(2S,4R)-2-(2,4-dichlorophenyl)-2-(imidazol-1-ylmethyl)-1,3-dioxolan-4-yl]methoxy]phenyl]piperazin-1-yl]ethanone",,,47576,C26H28Cl2N4O4,true,seed,Rooz Darou,1,,,,,,,,,seed,73ab6232033efac0
"6-(2,3-dichlorophenyl)-1,2,4-triazine-3,5-diamine","6-(2,3-dichlorophenyl)-1,2,4-triazine-3,5-diamine",,,3878,C9H7Cl2N5,true,seed,Rooz Darou,1,,,,,,,,,seed,1361e134592536ba
"6-methoxy-2-[(4-methoxy-3,5-dimethyl-2-pyridinyl)methylsulfinyl]-1H-benzimidazole","6-methoxy-2-[(4-methoxy-3,5-dimethyl-2-pyridinyl)methylsulfinyl]-1H-benzimidazole",,,4594,C17H19N3O3S,true,seed,Rooz Darou,1,,,,,,,,,seed,81f10aeea3cbeb48
"(2S)-7-fluoro-2-methyl-6-(4-methylpiperazin-1-yl)-10-oxo-4-oxa-1-azatricyclo[7.3.1.05,13]trideca-5(13),6,8,11-tetraene-11-carboxylic acid","(2S)-7-fluoro-2-methyl-6-(4-methylpiperazin-1-yl)-10-oxo-4-oxa-1-azatricyclo[7.3.1.05,13]trideca-5(13),6,8,11-tetraene-11-carboxylic acid",,,149096,C18H20FN3O4,true,seed,Rooz Darou,1,,,,,,,,,seed,d0ef0321812cd5fa
"(2R,3S,4R,5R,8R,10R,11R,12S,13S,14R)-11-[(2S,3R,4S,6R)-4-(dimethylamino)-3-hydroxy-6-methyloxan-2-yl]oxy-2-ethyl-3,4,10-trihydroxy-13-[(2R,4R,5S,6S)-5-hydroxy-4-methoxy-4,6-dimethyloxan-2-yl]oxy-3,5,6,8,10,12,14-heptamethyl-1-oxa-6-azacyclopentadecan-15-one","(2R,3S,4R,5R,8R,10R,11R,12S,13S,14R)-11-[(2S,3R,4S,6R)-4-(dimethylamino)-3-hydroxy-6-methyloxan-2-yl]oxy-2-ethyl-3,4,10-trihydroxy-13-[(2R,4R,5S,6S)-5-hydroxy-4-methoxy-4,6-dimethyloxan-2-yl]oxy-3,5,6,8,10,12,14-heptamethyl-1-oxa-6-azacyclopentadecan-15-one",,,447043,C38H72N2O12,true,seed,Rooz Darou,1,,,,,,,,,seed,0936855646d6df12
"2-(3,4-dimethoxyphenyl)-5-[2-(3,4-dimethoxyphenyl)ethyl-methylamino]-2-propan-2-ylpentanenitrile","2-(3,4-dimethoxyphenyl)-5-[2-(3,4-dimethoxyphenyl)ethyl-methylamino]-2-propan-2-ylpentanenitrile",,,2520,C27H38N2O4,true,seed,Rooz Darou,1,,,,,,,,,seed,ba0a474fdfcfd6b4
1-[2-(dimethylamino)-1-(4-methoxyphenyl)ethyl]cyclohexan-1-ol,1-[2-(dimethylamino)-1-(4-methoxyphenyl)ethyl]cyclohexan-1-ol,,,5656,C17H27NO2,true,seed,Rooz Darou,1,,,,,,,,,seed,b3b98857ea0065f0
sodium 2-propylpentanoate,sodium 2-propylpentanoate,,,16760703,C8H15NaO2,true,seed,Rooz Darou,1,,,,,,,,,seed,da4e4fe39d11d9bf
"(2R,8R)-2-(1,3-benzodioxol-5-yl)-6-methyl-3,6,17-triazatetracyclo[8.7.0.03,8.011,16]heptadeca-1(10),11,13,15-tetraene-4,7-dione","(2R,8R)-2-(1,3-benzodioxol-5-yl)-6-methyl-3,6,17-triazatetracyclo[8.7.0.03,8.011,16]heptadeca-1(10),11,13,15-tetraene-4,7-dione",,,110635,C22H19N3O4,true,seed,Rooz Darou,1,,,,,,,,,seed,10619bc159f484a0
"5-[2-ethoxy-5-(4-methylpiperazin-1-yl)sulfonylphenyl]-1-methyl-3-propyl-6H-pyrazolo[4,5-d]pyrimidin-7-one","5-[2-ethoxy-5-(4-methylpiperazin-1-yl)sulfonylphenyl]-1-methyl-3-propyl-6H-pyrazolo[4,5-d]pyrimidin-7-one",,,135398744,C22H30N6O4S,true,seed,Rooz Darou,1,,,,,,,,,seed,802f29fc20cd4673
"(1S,4S)-4-(3,4-dichlorophenyl)-N-methyl-1,2,3,4-tetrahydronaphthalen-1-amine","(1S,4S)-4-(3,4-dichlorophenyl)-N-methyl-1,2,3,4-tetrahydronaphthalen-1-amine",,,68617,C17H17Cl2N,true,seed,Rooz Darou,1,,,,,,,,,seed,50130167897bb742
"3-[2-[4-(6-fluoro-1,2-benzoxazol-3-yl)piperidin-1-yl]ethyl]-2-methyl-6,7,8,9-tetrahydropyrido[1,2-a]pyrimidin-4-one","3-[2-[4-(6-fluoro-1,2-benzoxazol-3-yl)piperidin-1-yl]ethyl]-2-methyl-6,7,8,9-tetrahydropyrido[1,2-a]pyrimidin-4-one",,,5073,C23H27FN4O2,true,seed,Rooz Darou,1,,,,,,,,,seed,684872591efb65e4
"(E)-1-N'-[2-[[5-[(dimethylamino)methyl]furan-2-yl]methylsulfanyl]ethyl]-1-N-methyl-2-nitroethene-1,1-diamine","(E)-1-N'-[2-[[5-[(dimethylamino)methyl]furan-2-yl]methylsulfanyl]ethyl]-1-N-methyl-2-nitroethene-1,1-diamine",,,3001055,C13H22N4O3S,true,seed,Rooz Darou,1,,,,,,,,,seed,f5ab3a5e6d20adec
1-naphthalen-1-yloxy-3-(propan-2-ylamino)propan-2-ol,1-naphthalen-1-yloxy-3-(propan-2-ylamino)propan-2-ol,,,4946,C16H21NO2,true,seed,Rooz Darou,1,,,,,,,,,seed,6fa31194b9c0eee4
"6-(difluoromethoxy)-2-[(3,4-dimethoxy-2-pyridinyl)methylsulfinyl]-1H-benzimidazole","6-(difluoromethoxy)-2-[(3,4-dimethoxy-2-pyridinyl)methylsulfinyl]-1H-benzimidazole",,,4679,C16H15F2N3O4S,true,seed,Rooz Darou,1,,,,,,,,,seed,6895753ee8206999
"2-methyl-4-(4-methylpiperazin-1-yl)-10H-thieno[2,3-b][1,5]benzodiazepine","2-methyl-4-(4-methylpiperazin-1-yl)-10H-thieno[2,3-b][1,5]benzodiazepine",,,135398745,C17H20N4S,true,seed,Rooz Darou,1,,,,,,,,,seed,44e32921c475d60e
"7-fluoro-2-methyl-6-(4-methylpiperazin-1-yl)-10-oxo-4-oxa-1-azatricyclo[7.3.1.05,13]trideca-5(13),6,8,11-tetraene-11-carboxylic acid","7-fluoro-2-methyl-6-(4-methylpiperazin-1-yl)-10-oxo-4-oxa-1-azatricyclo[7.3.1.05,13]trideca-5(13),6,8,11-tetraene-11-carboxylic acid",,,4583,C18H20FN3O4,true,seed,Rooz Darou,1,,,,,,,,,seed,fb28c1506d8f7a35
"N-methyl-3-(2-tricyclo[9.4.0.03,8]pentadeca-1(15),3,5,7,11,13-hexaenylidene)propan-1-amine","N-methyl-3-(2-tricyclo[9.4.0.03,8]pentadeca-1(15),3,5,7,11,13-hexaenylidene)propan-1-amine",,,4543,C19H21N,true,seed,Rooz Darou,1,,,,,,,,,seed,4b689a53e8876b53
(2S)-2-(6-methoxynaphthalen-2-yl)propanoic acid,(2S)-2-(6-methoxynaphthalen-2-yl)propanoic acid,,,156391,C14H14O3,true,seed,Rooz Darou,1,,,,,,,,,seed,6a578322a0042bd8
"1-ethyl-7-methyl-4-oxo-1,8-naphthyridine-3-carboxylic acid","1-ethyl-7-methyl-4-oxo-1,8-naphthyridine-3-carboxylic acid",,,4421,C12H12N2O3,true,seed,Rooz Darou,1,,,,,,,,,seed,25fbdd31273c3a3d
"3,5-dimethyladamantan-1-amine","3,5-dimethyladamantan-1-amine",,,4054,C12H21N,true,seed,Rooz Darou,1,,,,,,,,,seed,399a1055fbcd7c2b
"2-(2,3-dimethylanilino)benzoic acid","2-(2,3-dimethylanilino)benzoic acid",,,4044,C15H15NO2,true,seed,Rooz Darou,1,,,,,,,,,seed,028b800698c91c6d
methyl N-(6-benzoyl-1H-benzimidazol-2-yl)carbamate,methyl N-(6-benzoyl-1H-benzimidazol-2-yl)carbamate,,,4030,C16H13N3O3,true,seed,Rooz Darou,1,,,,,,,,,seed,9fad5394611d00b7
"(6S)-6-phenyl-2,3,5,6-tetrahydroimidazo[2,1-b][1,3]thiazole","(6S)-6-phenyl-2,3,5,6-tetrahydroimidazo[2,1-b][1,3]thiazole",,,26879,C11H12N2S,true,seed,Rooz Darou,1,,,,,,,,,seed,9ce8bc2f00f8b1c3
2-[4-[(7-chloroquinolin-4-yl)amino]pentyl-ethylamino]ethanol,2-[4-[(7-chloroquinolin-4-yl)amino]pentyl-ethylamino]ethanol,,,3652,C18H26ClN3O,true,seed,Rooz Darou,1,,,,,,,,,seed,7290e00bfcf2493c
"5-(2,5-dimethylphenoxy)-2,2-dimethylpentanoic acid","5-(2,5-dimethylphenoxy)-2,2-dimethylpentanoic acid",,,3463,C15H22O3,true,seed,Rooz Darou,1,,,,,,,,,seed,222af4202a627618
(2S)-2-[[4-[(2-amino-4-oxo-3H-pteridin-6-yl)methylamino]benzoyl]amino]pentanedioic acid,(2S)-2-[[4-[(2-amino-4-oxo-3H-pteridin-6-yl)methylamino]benzoyl]amino]pentanedioic acid,,,135398658,C19H19N7O6,true,seed,Rooz Darou,1,,,,,,,,,seed,d7f3a91e44ce6379
"2-(2,4-difluorophenyl)-1,3-bis(1,2,4-triazol-1-yl)propan-2-ol","2-(2,4-difluorophenyl)-1,3-bis(1,2,4-triazol-1-yl)propan-2-ol",,,3365,C13H12F2N6O,true,seed,Rooz Darou,1,,,,,,,,,seed,c414c338a9df75cf
"(3R,4S,5S,6R,7R,9R,11R,12R,13S,14R)-6-[(2S,3R,4S,6R)-4-(dimethylamino)-3-hydroxy-6-methyloxan-2-yl]oxy-14-ethyl-7,12,13-trihydroxy-4-[(2R,4R,5S,6S)-5-hydroxy-4-methoxy-4,6-dimethyloxan-2-yl]oxy-3,5,7,9,11,13-hexamethyl-oxacyclotetradecane-2,10-dione","(3R,4S,5S,6R,7R,9R,11R,12R,13S,14R)-6-[(2S,3R,4S,6R)-4-(dimethylamino)-3-hydroxy-6-methyloxan-2-yl]oxy-14-ethyl-7,12,13-trihydroxy-4-[(2R,4R,5S,6S)-5-hydroxy-4-methoxy-4,6-dimethyloxan-2-yl]oxy-3,5,7,9,11,13-hexamethyl-oxacyclotetradecane-2,10-dione",,,12560,C37H67NO13,true,seed,Rooz Darou,1,,,,,,,,,seed,250e8a25902d2b7a
(2S)-1-[(2S)-2-[[(2S)-1-ethoxy-1-oxo-4-phenylbutan-2-yl]amino]propanoyl]pyrrolidine-2-carboxylic acid,(2S)-1-[(2S)-2-[[(2S)-1-ethoxy-1-oxo-4-phenylbutan-2-yl]amino]propanoyl]pyrrolidine-2-carboxylic acid,,,5388962,C20H28N2O5,true,seed,Rooz Darou,1,,,,,,,,,seed,57ff3a51a8213630
6-chloro-3-[1-[3-(2-oxo-3H-benzimidazol-1-yl)propyl]piperidin-4-yl]-1H-benzimidazol-2-one,6-chloro-3-[1-[3-(2-oxo-3H-benzimidazol-1-yl)propyl]piperidin-4-yl]-1H-benzimidazol-2-one,,,3151,C22H24ClN5O2,true,seed,Rooz Darou,1,,,,,,,,,seed,cfc873ef21b2c013
sodium;2-propylpentanoate;2-propylpentanoic acid,sodium;2-propylpentanoate;2-propylpentanoic acid,,,23663956,C16H31NaO4,true,seed,Rooz Darou,1,,,,,,,,,seed,38524d9c457c1e02
"(3R,4S,5S,6R,7R,9R,11R,12R,13S,14R)-6-[(2S,3R,4S,6R)-4-(dimethylamino)-3-hydroxy-6-methyloxan-2-yl]oxy-14-ethyl-12,13-dihydroxy-4-[(2R,4R,5S,6S)-5-hydroxy-4-methoxy-4,6-dimethyloxan-2-yl]oxy-7-methoxy-3,5,7,9,11,13-hexamethyl-oxacyclotetradecane-2,10-dione","(3R,4S,5S,6R,7R,9R,11R,12R,13S,14R)-6-[(2S,3R,4S,6R)-4-(dimethylamino)-3-hydroxy-6-methyloxan-2-yl]oxy-14-ethyl-12,13-dihydroxy-4-[(2R,4R,5S,6S)-5-hydroxy-4-methoxy-4,6-dimethyloxan-2-yl]oxy-7-methoxy-3,5,7,9,11,13-hexamethyl-oxacyclotetradecane-2,10-dione",,,84029,C38H69NO13,true,seed,Rooz Darou,1,,,,,,,,,seed,0f317c474819e959
1-cyclopropyl-6-fluoro-4-oxo-7-piperazin-1-ylquinoline-3-carboxylic acid,1-cyclopropyl-6-fluoro-4-oxo-7-piperazin-1-ylquinoline-3-carboxylic acid,,,2764,C17H18FN3O3,true,seed,Rooz Darou,1,,,,,,,,,seed,efa0af8508457595
4-[5-(4-methylphenyl)-3-(trifluoromethyl)pyrazol-1-yl]benzenesulfonamide,4-[5-(4-methylphenyl)-3-(trifluoromethyl)pyrazol-1-yl]benzenesulfonamide,,,2662,C17H14F3N3O2S,true,seed,Rooz Darou,1,,,,,,,,,seed,5aff6c62a209a33c
benzo[b][1]benzazepine-11-carboxamide,benzo[b][1]benzazepine-11-carboxamide,,,2554,C15H12N2O,true,seed,Rooz Darou,1,,,,,,,,,seed,95008320d0d5e83c
(2S)-1-[(2S)-2-methyl-3-sulfanylpropanoyl]pyrrolidine-2-carboxylic acid,(2S)-1-[(2S)-2-methyl-3-sulfanylpropanoyl]pyrrolidine-2-carboxylic acid,,,44093,C9H15NO3S,true,seed,Rooz Darou,1,,,,,,,,,seed,fbba131da1b46b46
"(3R,5R)-7-[2-(4-fluorophenyl)-3-phenyl-4-(phenylcarbamoyl)-5-propan-2-ylpyrrol-1-yl]-3,5-dihydroxyheptanoic acid","(3R,5R)-7-[2-(4-fluorophenyl)-3-phenyl-4-(phenylcarbamoyl)-5-propan-2-ylpyrrol-1-yl]-3,5-dihydroxyheptanoic acid",,,60823,C33H35FN2O5,true,seed,Rooz Darou,1,,,,,,,,,seed,2004600a9fc6a9b2
2-[4-[2-hydroxy-3-(propan-2-ylamino)propoxy]phenyl]acetamide,2-[4-[2-hydroxy-3-(propan-2-ylamino)propoxy]phenyl]acetamide,,,2249,C14H22N2O3,true,seed,Rooz Darou,1,,,,,,,,,seed,763857ec6cffbe9d
"3-O-ethyl 5-O-methyl 2-(2-aminoethoxymethyl)-4-(2-chlorophenyl)-6-methyl-1,4-dihydropyridine-3,5-dicarboxylate","3-O-ethyl 5-O-methyl 2-(2-aminoethoxymethyl)-4-(2-chlorophenyl)-6-methyl-1,4-dihydropyridine-3,5-dicarboxylate",,,2162,C20H25ClN2O5,true,seed,Rooz Darou,1,,,,,,,,,seed,eba2f30a1a995f23
"8-chloro-1-methyl-6-phenyl-4H-[1,2,4]triazolo[4,3-a][1,4]benzodiazepine","8-chloro-1-methyl-6-phenyl-4H-[1,2,4]triazolo[4,3-a][1,4]benzodiazepine",,,2118,C17H13ClN4,true,seed,Rooz Darou,1,,,,,,,,,seed,9bfca204acf519d5
2-amino-9-(2-hydroxyethoxymethyl)-1H-purin-6-one,2-amino-9-(2-hydroxyethoxymethyl)-1H-purin-6-one,,,135398513,C8H11N5O3,true,seed,Rooz Darou,1,,,,,,,,,seed,3e8ce5bf17955164
L-Aspartic Acid,L-Aspartic Acid | L-Aspartic acid,56-84-8,CKLJMWTZIZZHCS-REOHCLBHSA-N,5960,C4H7NO4,true,ai_verified,ChemIranSanat; telegram:ChemIranSanat,2,,,,,,,t.me/ChemIranSanat,mistral,ai_verified+seed,42c1354e6aad655f
Triethylene Glycol,Triethylene Glycol,,,8172,C6H14O4,true,seed,Chemical Iran,1,,,,,,,,,seed,d914c6fa52aeeefc
"3,5-dinitrobenzoyl chloride","3,5-dinitrobenzoyl chloride | 3,5-Dinitrobenzoyl chloride",554-52-5,NNOHXABAQAGKRZ-UHFFFAOYSA-N,7432,C7H3ClN2O5,true,ai_verified,ChemIranSanat; telegram:ChemIranSanat,2,,,,,,,t.me/ChemIranSanat,llm7,ai_verified+seed,634ed79be95d67c0
Bis(2-ethylhexyl) phosphate,Bis(2-ethylhexyl) phosphate,,,9275,C16H35O4P,true,seed,telegram:minatajhiz,1,,,,,,,,,seed,eae8149d51650bca
Triphosgene,Triphosgene,,,94429,C3Cl6O3,true,seed,telegram:minatajhiz,1,,,,,,,,,seed,92f22be6f41251e1
choline chloride,choline chloride,67-48-1,SGMZJAMFUVOLNK-UHFFFAOYSA-M,6209,C5H14ClNO,true,structured_pubchem,ChemIranSanat; jahaneshimicom; telegram:ChemIranSanat; telegram:jahaneshimicom,5,Daejung,,,,in_stock,کولین کلراید واردات از آلفاایسر @ChemIranAdmin 🆔 @ChemIran1,https://t.me/ChemIranSanat/143,rules+ai-audit,seed+structured_pubchem,d2df3e0ce389e1eb
Diethyl Pyrocarbonate,Diethyl Pyrocarbonate,,,3051,C6H10O5,true,seed,telegram:minatajhiz,1,,,,,,,,,seed,411f1d81fdce1a93
Guanidine Hydrochloride,Guanidine Hydrochloride,,,5742,CH6ClN3,true,seed,telegram:labshop,1,,,,,,,,,seed,73d818e4078f260f
Hexadecyltrimethylammonium chloride,Hexadecyltrimethylammonium chloride,,,8154,C19H42ClN,true,seed,telegram:minatajhiz,1,,,,,,,,,seed,63924fff66f61a89
Isonicotinoyl chloride hydrochloride,Isonicotinoyl chloride hydrochloride,118-00-7,BNTRVUUJBGBGLZ-UHFFFAOYSA-N,12262826,C6H5Cl2NO,true,ai_verified,ChemIranSanat; telegram:ChemIranSanat,3,,,,,,,t.me/ChemIranSanat,llm7,ai_verified+seed,c0a3bf3c371cd26f
sodium bicarbonate,sodium bicarbonate | Sodium bicarbonate,144-55-8,UIIMBOGNXHQVGW-UHFFFAOYSA-M,516892,CHNaO3,true,structured_pubchem,ChemIranSanat; Chemical Iran; jahaneshimicom; telegram:ChemIranSanat; telegram:chemgroup,5,Sigma-Aldrich,500g,,,in_stock,S5761-500g Sigma Sodium bicarbonate 500G قیمت: 555.000 تومان 🔜 موجود و آماده تحویل ✅ شیمیران صنعت فقط اصلی 📱 سفارش کالا 👇 🆔 @ChemIranAdmin 🆔 @ChemIran1,https://t.me/ChemIranSanat/1672,rules+ai-audit,ai_verified+seed+structured_pubchem,965632428a3b4e28
Sodium Lauryl Sulfate,Sodium Lauryl Sulfate,151-21-3,,3423265,C12H25NaO4S,true,seed,telegram:IranChemicals,1,,,,,,,,,seed,4b44eca3af1ce91e
tetraethoxysilane,tetraethoxysilane | tetraethyl orthosilicate,78-10-4,BOTDANWDWHJENH-UHFFFAOYSA-N,6517,C8H20O4Si,true,structured_pubchem,minatajhiz; telegram:minatajhiz,4,Merck,,,,,Tetraethyl orthosilicate Furmola:C8H20O4Si Molar mass:208.33 Cas number:78-10-4 Merck @minatajhiz,https://t.me/minatajhiz/11,rules+ai-audit,ai_verified+seed+structured_pubchem,a4726a473868b41d
Tetrakis(hydroxymethyl)phosphonium chloride,Tetrakis(hydroxymethyl)phosphonium chloride,,,31298,C4H12ClO4P,true,seed,telegram:ChemIranSanat,1,,,,,,,,,seed,841e64df8e143efd
Tetramethylammonium Hydroxide Pentahydrate,Tetramethylammonium Hydroxide Pentahydrate | Tetramethylammonium hydroxide pentahydrate,10424-65-4,MYXKPFMQWULLOH-UHFFFAOYSA-M,82620,C4H23NO6,true,ai_verified,ChemIranSanat; telegram:ChemIranSanat,2,,,,,,,t.me/ChemIranSanat,mistral,ai_verified+seed,a320824ca9d3fb25
Copper Sulfate,Copper Sulfate,,,24462,CuO4S,true,seed,chemgroup,1,,,,,,,,,seed,7c767bad0e25d81f
Sodium Carbonate,Sodium Carbonate,,,10340,CNa2O3,true,seed,Mojallali Group,1,,,,,,,,,seed,0f6fdf04289149f9
Hydrochloric Acid,Hydrochloric Acid | hydrochloric acid,7647-01-0,VEXZGXHMUGYJMC-UHFFFAOYSA-N,313,ClH,true,ai_verified,Mojallali Group; chemgroup,2,,,,,,,t.me/chemgroup,mistral,ai_verified+seed,19385a4742310d93
Sodium Hypochlorite,Sodium Hypochlorite | sodium hypochlorite,7681-52-9,SUKJFIGYRHOWBL-UHFFFAOYSA-N,23665760,ClNaO,true,ai_verified,IranChemicals; Mojallali Group,2,,,,,,,t.me/IranChemicals,mistral,ai_verified+seed,84bac760beec4beb
Calcium Carbonate,Calcium Carbonate | Calcium carbonate | Calcium carbonate (nano),471-34-1,VTYYLEPIZMXCLO-UHFFFAOYSA-L,10112,CCaO3,true,ai_verified,ChemIranSanat; IranChemicals,3,,,,,,,t.me/IranChemicals,gemini+llm7+gemini+gemini+mistral+gemini,ai_verified+seed,f004d9cf903a74ec
Calcium Chloride,Calcium Chloride | calcium chloride | Calcium chloride,10043-52-4,UXVMQQNJUSDDNG-UHFFFAOYSA-L,5284359,CaCl2,true,structured_pubchem,ChemIranSanat; LabTel,3,Exir,1kg,,,in_stock,040300 Exir Calcium chloride dihydrate 1kg 🔜 موجود و آماده تحویل ✅ شیمیران صنعت فقط اصلی ♾ موجودی و تنوع بی نظیر از برندهای معتبر 📦 ارسال رایگان 📱 سفارش کالا 👇 📞 0938-648-9001 🆔 @ChemIranAdmin 🆔 @ChemIran1,https://t.me/ChemIranSanat/1929,rules+ai-audit,ai_verified+seed+structured_pubchem,f227fc9cd0116e67
Disodium chromotropate dihydrate,Disodium chromotropate dihydrate,,,2723846,C10H10Na2O10S2,true,seed,Mojallali Group,1,,,,,,,,,seed,02621487980bed8b
Sulfanilic acid,Sulfanilic acid,,,8479,C6H7NO3S,true,seed,Mojallali Group,1,,,,,,,,,seed,567a4ff98a27b065
Sodium Thioglycolate,Sodium Thioglycolate,,,23690444,C2H3NaO2S,true,seed,Mojallali Group,1,,,,,,,,,seed,c788c2778c9b9268
Potassium ferrocyanide trihydrate,Potassium ferrocyanide trihydrate,,,161067,C6H6FeK4N6O3,true,seed,Mojallali Group,1,,,,,,,,,seed,570fce3a8960dcbf
m-Cresol Purple,m-Cresol Purple,,,73030,C21H18O5S,true,seed,Mojallali Group,1,,,,,,,,,seed,be9b3c600f79a609
Sodium Fluorescein,Sodium Fluorescein,,,10608,C20H10Na2O5,true,seed,Mojallali Group,1,,,,,,,,,seed,32a822ffdbf91197
(Phenylazo)thioformic acid 2-phenylhydrazide,(Phenylazo)thioformic acid 2-phenylhydrazide,,,657262,C13H12N4S,true,seed,Mojallali Group,1,,,,,,,,,seed,d9a92993fdd3e4f9
Sodium saccharin dihydrate,Sodium saccharin dihydrate,,,517320,C7H8NNaO5S,true,seed,Mojallali Group,1,,,,,,,,,seed,56d6174117c6c07c
Cupric chloride dihydrate,Cupric chloride dihydrate,,,61482,Cl2CuH4O2,true,seed,Mojallali Group,1,,,,,,,,,seed,edce786c634af53a
Methylene Blue,Methylene Blue,,,6099,C16H18ClN3S,true,seed,Mojallali Group,1,,,,,,,,,seed,b2fcd31ae870748f
Methyl Green,Methyl Green,,,6727,C26H33Cl2N3,true,seed,Mojallali Group,1,,,,,,,,,seed,bcab172ee2544b2f
Crystal Violet,Crystal Violet,,,11057,C25H30ClN3,true,seed,Mojallali Group,1,,,,,,,,,seed,e35f33317b6c2606
Phenolphthalein,Phenolphthalein,,,4764,C20H14O4,true,seed,Mojallali Group,1,,,,,,,,,seed,fc332548ce826f7e
C.I. Basic Red 2,C.I. Basic Red 2,,,2723800,C20H19ClN4,true,seed,Mojallali Group,1,,,,,,,,,seed,23219a56396940ca
Xylenol Orange tetrasodium salt,Xylenol Orange tetrasodium salt,,,2724221,C31H28N2Na4O13S,true,seed,Mojallali Group,1,,,,,,,,,seed,0ae9f52a8a531bbe
Potassium Chromate,Potassium Chromate,,,24597,CrK2O4,true,seed,Mojallali Group,1,,,,,,,,,seed,4d3d7c7d9ada9cf9
C.I. Basic Brown 1,C.I. Basic Brown 1,,,13981,C18H18N8,true,seed,Mojallali Group,1,,,,,,,,,seed,c8efd041407df70f
Amaranth,Amaranth,,,13506,C20H11N2Na3O10S3,true,seed,Mojallali Group,1,,,,,,,,,seed,2c5e470dbae1777e
"N,N-Dimethyl-7-(methylamino)-3H-phenothiazin-3-iminium chloride","N,N-Dimethyl-7-(methylamino)-3H-phenothiazin-3-iminium chloride",,,68275,C15H16ClN3S,true,seed,Mojallali Group,1,,,,,,,,,seed,7e2edff8c0ff4ae4
Sodium Acetate,Sodium Acetate,,,517045,C2H3NaO2,true,seed,Mojallali Group,1,,,,,,,,,seed,28c37cdbadc53541
Sodium Chloride,Sodium Chloride | Sodium chloride | Phosphate buffered saline | Saline solution,7647-14-5,FAPWRFPIFSIZLT-UHFFFAOYSA-M,5234,ClNa,true,ai_verified,LabTel; Mojallali Group; chemgroup; jahaneshimicom,4,,,,,,,t.me/chemgroup,mistral,ai_verified+seed,f237dd9a0b114aa7
Lead chloride,Lead chloride,,,24459,Cl2Pb,true,seed,Mojallali Group,1,,,,,,,,,seed,f8338555701833bb
Cobaltous sulfate heptahydrate,Cobaltous sulfate heptahydrate,,,61444,CoH14O11S,true,seed,Mojallali Group,1,,,,,,,,,seed,554c862c1e07a2ef
Calcium Oxide,Calcium Oxide,,,14778,CaO,true,seed,Mojallali Group,1,,,,,,,,,seed,cf40ab3014fe2296
Copper oxide,Copper oxide,,,14829,CuO,true,seed,Mojallali Group,1,,,,,,,,,seed,35c38f276edb07f7
Magnesium chloride hexahydrate,Magnesium chloride hexahydrate,,,24644,Cl2H12MgO6,true,seed,Mojallali Group,1,,,,,,,,,seed,caf7b768717c9047
Cyclohexanone,Cyclohexanone,,,7967,C6H10O,true,seed,Mojallali Group,1,,,,,,,,,seed,79d25923e2e55cc4
Mercuric Chloride,Mercuric Chloride,,,24085,Cl2Hg,true,seed,Mojallali Group,1,,,,,,,,,seed,af5b5faec2fe19a7
Tin tetrachloride,Tin tetrachloride,,,24287,Cl4Sn,true,seed,Mojallali Group,1,,,,,,,,,seed,0246626dcd654c12
Potassium Carbonate,Potassium Carbonate,,,11430,CK2O3,true,seed,Mojallali Group,1,,,,,,,,,seed,282a4e551b7405e7
Potassium Dichromate,Potassium Dichromate | Potassium dichromate,7778-50-9,KMUONIBRACKNSN-UHFFFAOYSA-N,24502,Cr2K2O7,true,ai_verified,LabTel; Mojallali Group,2,,,,,,,t.me/LabTel,mistral,ai_verified+seed,c221709a47c4fe06
Potassium thiocyanate,Potassium thiocyanate,,,516872,CKNS,true,seed,Mojallali Group,1,,,,,,,,,seed,b472f5ca182c4725
Hydroxyamine hydrochloride,Hydroxyamine hydrochloride,,,443297,ClH4NO,true,seed,Mojallali Group,1,,,,,,,,,seed,ae4fe2c0a4a2cb5f
Ammonium Chloride,Ammonium Chloride,,,25517,ClH4N,true,seed,Mojallali Group,1,,,,,,,,,seed,a4dc51e3d023651c
Edetate Disodium,Edetate Disodium,,,636371,C10H18N2Na2O10,true,seed,Mojallali Group,1,,,,,,,,,seed,7885e94e8a4bee30
Pantoprazole sodium sesquihydrate,Pantoprazole sodium sesquihydrate,,,67047490,C16H17F2N3NaO5S,true,seed,Temad,1,,,,,,,,,seed,bc1926743ce7e57a
Sitagliptin Phosphate Monohydrate,Sitagliptin Phosphate Monohydrate,,,11591741,C16H20F6N5O6P,true,seed,Temad,1,,,,,,,,,seed,b586b51b2c425131
Triamcinolone Acetonide,Triamcinolone Acetonide,,,6436,C24H31FO6,true,seed,Temad,1,,,,,,,,,seed,e36c1b11badaf455
Pioglitazone Hydrochloride,Pioglitazone Hydrochloride,,,60560,C19H21ClN2O3S,true,seed,Temad,1,,,,,,,,,seed,51d51ceb39057e94
Metformin Hydrochloride,Metformin Hydrochloride,,,14219,C4H12ClN5,true,seed,Temad,1,,,,,,,,,seed,d68fd10d4dfd25cd
Hydrocortisone Acetate,Hydrocortisone Acetate,,,5744,C23H32O6,true,seed,Temad,1,,,,,,,,,seed,2fe2416145771ffd
Cyproterone Acetate,Cyproterone Acetate,,,9880,C24H29ClO4,true,seed,Temad,1,,,,,,,,,seed,4a773a2f75d5a3d6
Tamsulosin Hydrochloride,Tamsulosin Hydrochloride,,,5362376,C20H29ClN2O5S,true,seed,Temad,1,,,,,,,,,seed,691521ffab4c8a24
Atorvastatin Calcium,Atorvastatin Calcium,,,60822,C66H68CaF2N4O10,true,seed,Temad,1,,,,,,,,,seed,8e53b08b54d6eef8
Ciprofloxacin hydrochloride monohydrate,Ciprofloxacin hydrochloride monohydrate,,,62998,C17H21ClFN3O4,true,seed,Temad,1,,,,,,,,,seed,96a31e41f3e10353
Dextromethorphan Hydrobromide,Dextromethorphan Hydrobromide,,,5464025,C18H26BrNO,true,seed,Temad,1,,,,,,,,,seed,131574d71fbeada3
Pholcodine monohydrate,Pholcodine monohydrate,,,86278131,C23H32N2O5,true,seed,Temad,1,,,,,,,,,seed,1d61e36a230b81ae
Phenobarbital,Phenobarbital,,,4763,C12H12N2O3,true,seed,Temad,1,,,,,,,,,seed,fa7e45e4735c1707
Quetiapine Fumarate,Quetiapine Fumarate,,,5281025,C46H54N6O8S2,true,seed,Temad,1,,,,,,,,,seed,d33f9110f618ef5a
Fluvoxamine Maleate,Fluvoxamine Maleate,,,9560989,C19H25F3N2O6,true,seed,Temad,1,,,,,,,,,seed,bee840e75776a0bb
Ketorolac Tromethamine,Ketorolac Tromethamine,,,84003,C19H24N2O6,true,seed,Temad,1,,,,,,,,,seed,e47749788175ce5c
Oxymorphone Hydrochloride,Oxymorphone Hydrochloride,,,5359390,C17H20ClNO4,true,seed,Temad,1,,,,,,,,,seed,f9751692034082fa
Morphine Sulfate,Morphine Sulfate,,,16051935,C34H40N2O10S,true,seed,Temad,1,,,,,,,,,seed,f2080096d2e4b988
Methadone Hydrochloride,Methadone Hydrochloride,,,14184,C21H28ClNO,true,seed,Temad,1,,,,,,,,,seed,16d72ea3f02c0d1a
Thebaine,Thebaine,,,5324289,C19H21NO3,true,seed,Temad,1,,,,,,,,,seed,a065ec88f8289876
Tramadol Hydrochloride,Tramadol Hydrochloride,,,63013,C16H26ClNO2,true,seed,Temad,1,,,,,,,,,seed,5e65e706a0f664ff
(-)-Codeine phosphate,(-)-Codeine phosphate,,,5359227,C18H24NO7P,true,seed,Temad,1,,,,,,,,,seed,10ab3af9437b3d42
Hydrocodone Bitartrate,Hydrocodone Bitartrate,,,23724881,C44H64N2O23,true,seed,Temad,1,,,,,,,,,seed,c2e817c1ee933360
Naltrexone Base,Naltrexone Base,,,21159611,C20H23NO4,true,seed,Temad,1,,,,,,,,,seed,b8bbbe074d7e4f61
Buprenorphine Hydrochloride,Buprenorphine Hydrochloride,,,3033050,C29H42ClNO4,true,seed,Temad,1,,,,,,,,,seed,a3dab4220f0c68b0
(-)-Noroxymorphone,(-)-Noroxymorphone,,,5497189,C16H17NO4,true,seed,Temad,1,,,,,,,,,seed,182c5784537d0b2e
Hydrocodone,Hydrocodone,,,5284569,C18H21NO3,true,seed,Temad,1,,,,,,,,,seed,c197760b17087162
Oxymorphone,Oxymorphone,,,5284604,C17H19NO4,true,seed,Temad,1,,,,,,,,,seed,d3c179d4699fbf42
Demecolcine,Demecolcine | Colcemid,477-30-5,NNJPGOLRFBJNIW-HNNXBMFYSA-N,220401,C21H25NO5,true,ai_verified,ChemIranSanat; merckmillipore,2,,,,,,,t.me/ChemIranSanat,mistral+mistral,ai_verified+seed,24e49b30edce3783
"1-[5-(Diaminomethylideneamino)-2-[3-[4,5-dihydroxy-6-(hydroxymethyl)-3-(methylamino)oxan-2-yl]oxy-4-formyl-4-hydroxy-5-methyloxolan-2-yl]oxy-3,4,6-trihydroxycyclohexyl]guanidine;3,3-dimethyl-7-oxo-6-[(2-phenylacetyl)amino]-4-thia-1-azabicyclo[3.2.0]heptane-2-carboxylic acid","1-[5-(Diaminomethylideneamino)-2-[3-[4,5-dihydroxy-6-(hydroxymethyl)-3-(methylamino)oxan-2-yl]oxy-4-formyl-4-hydroxy-5-methyloxolan-2-yl]oxy-3,4,6-trihydroxycyclohexyl]guanidine;3,3-dimethyl-7-oxo-6-[(2-phenylacetyl)amino]-4-thia-1-azabicyclo[3.2.0]heptane-2-carboxylic acid",,,176540074,C37H57N9O16S,true,seed,merckmillipore,1,,,,,,,,,seed,00caa9bd38977019
Syringaldazine,Syringaldazine,,,84422,C18H20N2O6,true,seed,minatajhiz,1,,,,,,,,,seed,b1d6cb2751326b2d
4-Nitrobenzoic Acid,4-Nitrobenzoic Acid,,,6108,C7H5NO4,true,seed,minatajhiz,1,,,,,,,,,seed,621ac6472194f2fd
Zirconium chloride,Zirconium chloride,,,24817,Cl4Zr,true,seed,minatajhiz,1,,,,,,,,,seed,274ef9e37d930395
Benzimidazole,Benzimidazole,,,5798,C7H6N2,true,seed,minatajhiz,1,,,,,,,,,seed,8a53bc6e2622f353
N-vinyl-2-pyrrolidone,N-vinyl-2-pyrrolidone,,,6917,C6H9NO,true,seed,minatajhiz,1,,,,,,,,,seed,cb3ef28c5a3880cd
Hydroxyquinone,Hydroxyquinone,,,151011,C6H4O3,true,seed,minatajhiz,1,,,,,,,,,seed,65f3c08cdd455063
Triphenylphosphine,Triphenylphosphine,603-35-0,RIOQSEWOXXDEQQ-UHFFFAOYSA-N,11776,C18H15P,true,ai_verified,minatajhiz,2,,,,,,,t.me/minatajhiz,mistral,ai_verified+seed,936ff9a6e5185157
Pyromellitic dianhydride,Pyromellitic dianhydride | pyromellitic dianhydride,89-32-7,ANSXAPJVJOKRDJ-UHFFFAOYSA-N,6966,C10H2O6,true,seed,minatajhiz,2,Merck,100gr,,,,"پیروملیتیک انیدرید 1,2,4,5 Benzenetetracarboxylic 100gr کد محصول : 807516 برند مرک واردات جدید",https://t.me/minatajhiz/971,ai_corrected:mistral,ai_corrected+seed,98d43149238632e4
Dithioerythritol,Dithioerythritol,,,439352,C4H10O2S2,true,seed,minatajhiz,1,,,,,,,,,seed,dfbefb5be6abd4fe
2-Aminoterephthalic acid,2-Aminoterephthalic acid | 2-aminoterephthalic acid,10312-55-7,GPNNOCMCNFXRAO-UHFFFAOYSA-N,2724822,C8H7NO4,true,ai_verified,ChemIranSanat; minatajhiz,6,Alfa Aesar,25g,,,in_stock,"Alfa Aesar Cat. Number: B24441, 25g 2-Aminoterephthalic acid موجود و آماده تحویل ✅ شیمیران صنعت فقط اصلی ❓ قیمت و سفارش 👇 Admin 🆔 @ChemIranAdmin 🆔 @ChemIran1",https://t.me/ChemIranSanat/1393,ai_corrected:mistral,ai_corrected+ai_verified+seed,54c22753c983eae5
Sulfuryl chloride,Sulfuryl chloride,,,24648,Cl2O2S,true,seed,minatajhiz,1,,,,,,,,,seed,ac47def8b2e97dbc
Sulfur monochloride,Sulfur monochloride,,,24807,Cl2S2,true,seed,minatajhiz,1,,,,,,,,,seed,54ec9103e5945951
Aluminum isopropoxide,Aluminum isopropoxide,,,11143,C9H21AlO3,true,seed,minatajhiz,1,,,,,,,,,seed,5fbe683a2865d462
(Dimethylamino)ethyl methacrylate,(Dimethylamino)ethyl methacrylate,,,17869,C8H15NO2,true,seed,minatajhiz,1,,,,,,,,,seed,b192da26acc4b527
Chromium chloride (crcl3),Chromium chloride (crcl3),,,24808,Cl3Cr,true,seed,minatajhiz,1,,,,,,,,,seed,47c50ed97c9e44cc
Pararosaniline,Pararosaniline,,,11293,C19H17N3,true,seed,minatajhiz,1,,,,,,,,,seed,7ee274d0241cc2c3
Nonanal,Nonanal,,,31289,C9H18O,true,seed,minatajhiz,1,,,,,,,,,seed,e082ff45441e51f1
Hexachlorocyclotriphosphazene,Hexachlorocyclotriphosphazene | Phosphonitrilic chloride trimer,10025-88-4,UBIJTWDKTYCPMQ-UHFFFAOYSA-N,220225,Cl6N3P3,true,ai_verified,ChemIranSanat,2,,,,,,,t.me/ChemIranSanat,llm7,ai_verified+seed,f01241962157d81a
4-(Dimethylamino)Benzaldehyde,4-(Dimethylamino)Benzaldehyde | 4-(dimethylamino)benzaldehyde,100-10-7,BGNGWHSBYQYVRX-UHFFFAOYSA-N,7479,C9H11NO,true,ai_verified,ChemIranSanat,2,,,,,,,t.me/ChemIranSanat,mistral,ai_verified+seed,e3c460058c7810a7
2-Aminothiazole,2-Aminothiazole,96-50-4,RAIPHJJURHTUIC-UHFFFAOYSA-N,2155,C3H4N2S,true,ai_verified,ChemIranSanat,2,,,,,,,t.me/ChemIranSanat,mistral+mistral,ai_verified+seed,283e0a3f2ed88e44
(-)-Zingiberene,(-)-Zingiberene | zingiberene,,KKOXKGNSUHTUBV-LSDHHAIUSA-N,92776,C15H24,true,ai_verified,ChemIranSanat,2,,,,,,,t.me/ChemIranSanat,mistral,ai_verified+seed,e7e734cb17c51fa3
Phenylmethylsulfonyl Fluoride,Phenylmethylsulfonyl Fluoride | Phenylmethanesulfonyl fluoride,329-98-6,YBYRMVIVWMBXKQ-UHFFFAOYSA-N,4784,C7H7FO2S,true,ai_verified,ChemIranSanat,2,,,,,,,t.me/ChemIranSanat,mistral,ai_verified+seed,ed97392fb16c11e7
"Peonidin 3,5-diglucoside","Peonidin 3,5-diglucoside | Peonin",,IPVSUYLZIAYTOK-DPOJTEBASA-O,5488811,C28H33O16+,true,ai_verified,ChemIranSanat,2,,,,,,,t.me/ChemIranSanat,mistral,ai_verified+seed,3cf21c4fe636dfc0
"2-Propenoic acid, 2-methyl-, trimethylsilyl ester","2-Propenoic acid, 2-methyl-, trimethylsilyl ester | (Trimethylsilyl)methacrylate",21715-94-0,PGQNYIRJCLTTOJ-UHFFFAOYSA-N,2733839,C7H14O2Si,true,ai_verified,ChemIranSanat,2,,,,,,,t.me/ChemIranSanat,mistral,ai_verified+seed,fa4cf303b242c18f
Aminotetrazole,Aminotetrazole | 5-Aminotetrazole,4418-61-5,ULRPISSMEBPJLN-UHFFFAOYSA-N,20467,CH3N5,true,ai_verified,ChemIranSanat,2,,,,,,,t.me/ChemIranSanat,mistral,ai_verified+seed,07e78cd32d48e02a
Aluminum Chloride,Aluminum Chloride,,,24012,AlCl3,true,seed,ChemIranSanat,1,,,,,,,,,seed,bd8e1cc97410cd61
Oleylamine,Oleylamine,,,5356789,C18H37N,true,seed,ChemIranSanat,1,,,,,,,,,seed,878d4af9020ec2c4
"(1,1'-Biphenyl)-4,4'-dicarboxylic acid","(1,1'-Biphenyl)-4,4'-dicarboxylic acid",,,13084,C14H10O4,true,seed,ChemIranSanat,1,,,,,,,,,seed,a4b1ca4490fbe9b2
"4,4'-Oxybis(benzoic acid)","4,4'-Oxybis(benzoic acid) | 4,4'-Dicarboxydiphenyl ether",2215-89-6,WVDRSXGPQWNUBN-UHFFFAOYSA-N,75183,C14H10O5,true,ai_verified,ChemIranSanat,3,,,,,,,t.me/ChemIranSanat,mistral,ai_verified+seed,a6148f0f763c0401
"Benzophenone-4,4'-dicarboxylic Acid","Benzophenone-4,4'-dicarboxylic Acid | 4,4'-Carbonyldibenzoic acid",,LFEWXDOYPCWFHR-UHFFFAOYSA-N,590830,C15H10O5,true,ai_verified,ChemIranSanat,2,,,,,,,t.me/ChemIranSanat,mistral,ai_verified+seed,bc2dff3bebff8a94
alpha-Tocopherol succinate,alpha-Tocopherol succinate | D-alpha-Tocopherol Succinate,,IELOKBJPULMYRW-NJQVLOCASA-N,20353,C33H54O5,true,ai_verified,ChemIranSanat,2,,,,,,,t.me/ChemIranSanat,mistral,ai_verified+seed,90ced33ee4965dab
2-Hydroxypropyl methacrylate,2-Hydroxypropyl methacrylate,,,13539,C7H12O3,true,seed,Maran_Tejarat_Eshen,1,,,,,,,,,seed,4e8930e0a672fed5
Lithium Chloride,Lithium Chloride | Lithium chloride,7447-41-8,KWGKDLIKAYFUFQ-UHFFFAOYSA-M,433294,ClLi,true,ai_verified,jahaneshimicom,2,,,,,,,t.me/jahaneshimicom,gemini+mistral+mistral,ai_verified+seed,6ce59fda64368ebb
di-N-Octyl Phthalate,di-N-Octyl Phthalate,,,8346,C24H38O4,true,seed,jahaneshimicom,1,,,,,,,,,seed,c7f3b46b0fae046e
Sucralose,Sucralose,,,71485,C12H19Cl3O8,true,seed,jahaneshimicom,1,,,,,,,,,seed,0bc959c4fb758bf8
Chlorhexidine Gluconate,Chlorhexidine Gluconate,,,9552081,C34H54Cl2N10O14,true,seed,jahaneshimicom,1,,,,,,,,,seed,2126e47f639f343d
Maltose,Maltose,,,439186,C12H22O11,true,seed,jahaneshimicom,1,,,,,,,,,seed,ca9d24bbaf5f09fb
Malachite Green,Malachite Green | Malachite green,569-64-2,FDZZZRQASAIRJF-UHFFFAOYSA-M,11294,C23H25ClN2,true,ai_verified,jahaneshimicom,2,,,,,,,t.me/jahaneshimicom,gemini,ai_verified+seed,f03676a0ecf93bcb
Calcium Dihydrogen Phosphate,Calcium Dihydrogen Phosphate | monocalcium phosphate,7758-23-8,YYRMJZQKEFZXMX-UHFFFAOYSA-L,24454,CaH4O8P2,true,ai_verified,jahaneshimicom,2,,,,,,,t.me/jahaneshimicom,mistral,ai_verified+seed,ecda1ae2c4a318f0
Cobalt hydroxide,Cobalt hydroxide | cobalt(II) hydroxide,21041-93-0,ASKVAEGIVYSGNY-UHFFFAOYSA-L,10129900,CoH2O2,true,ai_verified,jahaneshimicom,2,,,,,,,t.me/jahaneshimicom,mistral,ai_verified+seed,21e08fd491c30416
Sorbitan trioctadecanoate,Sorbitan trioctadecanoate | sorbitan tristearate,26658-19-5,IJCWFDPJFXGQBN-RYNSOKOISA-N,15181202,C60H114O8,true,ai_verified,jahaneshimicom,2,,,,,,,t.me/jahaneshimicom,mistral,ai_verified+seed,cb9d90096ddc2b98
Tert-Butylhydroquinone,Tert-Butylhydroquinone | TBHQ | t-Butylhydroquinone,1948-33-0,BGNXCDMCOKJUMV-UHFFFAOYSA-N,16043,C10H14O2,true,ai_verified,jahaneshimicom,3,,,,,,,t.me/jahaneshimicom,cohere,ai_verified+seed,55d15d2fd3f63e9b
Monostearin,Monostearin,,,24699,C21H42O4,true,seed,Ch_Chemical_leaders,1,,,,,,,,,seed,1c5bef863c49abc8
Copper,Copper,7440-50-8,RYGMFSIKBFXOCR-UHFFFAOYSA-N,23978,Cu,true,ai_verified,IranChemicals; chemgroup,2,,,,,,,t.me/chemgroup,gemini+llm7+llm7+gemini+mistral,ai_verified+seed,07424889a1b95bbe
Semaglutide,Semaglutide,910463-68-2,DLSWIYLPEUIQAV-CCUURXOWSA-N,56843331,C187H291N45O59,true,ai_verified,IranChemicals,2,,,,,,,t.me/IranChemicals,gemini,ai_verified+seed,bb1675c9e435fe28
Ceric sulfate tetrahydrate,Ceric sulfate tetrahydrate,,,22723557,CeH8O12S2,true,seed,Mojallali Group,1,,,,,,,,,seed,c8acda0af86e6eb7
Sodium tartrate dihydrate,Sodium tartrate dihydrate,,,12598458,C4H8Na2O8,true,seed,Mojallali Group,1,,,,,,,,,seed,a0d738f965cecdcb
Sodium Oxalate,Sodium Oxalate,,,6125,C2Na2O4,true,seed,Mojallali Group,1,,,,,,,,,seed,129c1e9200f5137e
Lead diacetate trihydrate,Lead diacetate trihydrate,,,22456,C4H12O7Pb,true,seed,Mojallali Group,1,,,,,,,,,seed,2bf35af00761648c
Cobaltous chloride hexahydrate,Cobaltous chloride hexahydrate,,,24643,Cl2CoH12O6,true,seed,Mojallali Group,1,,,,,,,,,seed,e414fb329f953993
Magnesium carbonate hydroxide,Magnesium carbonate hydroxide,,,73415762,C4H12Mg6O19+2,true,seed,Mojallali Group,1,,,,,,,,,seed,28b0ec3d80468d14
Tromethamine hydrochloride,Tromethamine hydrochloride,,,93573,C4H12ClNO3,true,seed,Mojallali Group,1,,,,,,,,,seed,ab5469178980ea9c
Norepinephrine,Norepinephrine,,,439260,C8H11NO3,true,seed,Exir Pharmaceutical Co.,1,,,,,,,,,seed,714d89e9c0a08656
Methadone,Methadone,,,4095,C21H27NO,true,seed,Exir Pharmaceutical Co.,1,,,,,,,,,seed,bea4291ff032951d
Gabapentin,Gabapentin,,,3446,C9H17NO2,true,seed,Exir Pharmaceutical Co.,1,,,,,,,,,seed,1b291d7a42fb1538
Cyclophosphamide,Cyclophosphamide,,,2907,C7H15Cl2N2O2P,true,seed,Exir Pharmaceutical Co.,1,,,,,,,,,seed,88dd18b2bf18a1f3
Metformin,Metformin,,,4091,C4H11N5,true,seed,Exir Pharmaceutical Co.,1,,,,,,,,,seed,5bce7cbfea434ffd
Nitroglycerin,Nitroglycerin,,,4510,C3H5N3O9,true,seed,Exir Pharmaceutical Co.,1,,,,,,,,,seed,21b345b8699f3442
Sodium Picosulfate,Sodium Picosulfate,,,68654,C18H13NNa2O8S2,true,seed,Exir Pharmaceutical Co.,1,,,,,,,,,seed,8ffdc3cdcd32e49f
Closantel sodium,Closantel sodium,,,23683671,C22H13Cl2I2N2NaO2,true,seed,Temad,1,,,,,,,,,seed,1c5bc938c1df98c4
Thiamine Hydrochloride,Thiamine Hydrochloride,,,6202,C12H18Cl2N4OS,true,seed,Temad,1,,,,,,,,,seed,8c74ec6ef9af9fcf
Florfenicol,Florfenicol,,,114811,C12H14Cl2FNO4S,true,seed,Temad,1,,,,,,,,,seed,29069d504f1b6fe6
Enrofloxacin,Enrofloxacin,,,71188,C19H22FN3O3,true,seed,Temad,1,,,,,,,,,seed,557de0d27ecb8e8d
Betamethasone Valerate,Betamethasone Valerate,,,16533,C27H37FO6,true,seed,Temad,1,,,,,,,,,seed,937d0cc7fba4ecb5
Betamethasone Sodium Phosphate,Betamethasone Sodium Phosphate,,,65478,C22H28FNa2O8P,true,seed,Temad,1,,,,,,,,,seed,137987df854fb3a4
Dexamethasone Sodium Phosphate,Dexamethasone Sodium Phosphate,,,16961,C22H28FNa2O8P,true,seed,Temad,1,,,,,,,,,seed,5702f21a62478f7c
Rosuvastatin Calcium,Rosuvastatin Calcium,,,5282455,C44H54CaF2N6O12S2,true,seed,Temad,1,,,,,,,,,seed,0fa3872b17cc1ea0
Prazosin Hydrochloride,Prazosin Hydrochloride,,,68546,C19H22ClN5O4,true,seed,Temad,1,,,,,,,,,seed,c87f0ff7498b48c3
Noscapine Hydrochloride,Noscapine Hydrochloride,,,9933439,C22H24ClNO7,true,seed,Temad,1,,,,,,,,,seed,5d19c9893730ad26
Oxycodone Hydrochloride,Oxycodone Hydrochloride,,,5462350,C18H22ClNO4,true,seed,Temad,1,,,,,,,,,seed,933a1e5f482024b5
Naloxone Hydrochloride,Naloxone Hydrochloride,,,5464092,C19H22ClNO4,true,seed,Temad,1,,,,,,,,,seed,13d6be3a8bb50ae3
Naltrexone Hydrochloride,Naltrexone Hydrochloride,,,5485201,C20H24ClNO4,true,seed,Temad,1,,,,,,,,,seed,1fbea2bebb794cbb
Buprenorphine,Buprenorphine,,,644073,C29H41NO4,true,seed,Temad,1,,,,,,,,,seed,9b7642e0e1ffd85d
14-Hydroxycodeine,14-Hydroxycodeine,,,14261327,C18H21NO4,true,seed,Temad,1,,,,,,,,,seed,6d9d4dd264806d7e
Naloxone,Naloxone,,,5284596,C19H21NO4,true,seed,Temad,1,,,,,,,,,seed,6660091f3d4d6b18
Lansoprazole,Lansoprazole,,,3883,C16H14F3N3O2S,true,seed,Temad,1,,,,,,,,,seed,d1bef9eecfd86bca
Esomeprazole,Esomeprazole,,,9568614,C17H19N3O3S,true,seed,Temad,1,,,,,,,,,seed,78af9121dfdde061
Guaifenesin,Guaifenesin,,,3516,C10H14O4,true,seed,Temad,1,,,,,,,,,seed,0e6867738406b63c
Hydroxychloroquine Sulfate,Hydroxychloroquine Sulfate,,,12947,C18H28ClN3O5S,true,seed,Temad,1,,,,,,,,,seed,f3d2955262c11bd5
Calcium bicarbonate,Calcium bicarbonate,,,10176262,C2H2CaO6,true,seed,Fardad Shimi,1,,,,,,,,,seed,11a4b39167e4526a
Magnesium bicarbonate,Magnesium bicarbonate,,,102204,C2H2MgO6,true,seed,Fardad Shimi,1,,,,,,,,,seed,31db87cff0636b61
Allyl Alcohol,Allyl Alcohol,,,7858,C3H6O,true,seed,Fardad Shimi,1,,,,,,,,,seed,13cea2989b7698fc
Succinic Acid,Succinic Acid,,,1110,C4H6O4,true,seed,Fardad Shimi,1,,,,,,,,,seed,41fdd04ad093bb2d
Donepezil,Donepezil,,,3152,C24H29NO3,true,seed,Akhbar_furii,1,,,,,,,,,seed,1b3fd47d5cc94910
(4R)-1-methyl-4-prop-1-en-2-ylcyclohexene,(4R)-1-methyl-4-prop-1-en-2-ylcyclohexene,5989-27-5,,440917,C10H16,true,seed,telegram:minatajhiz,1,,,,,,,,,seed,d21a4481b81ac155
"methyl 2-[(1R,2R)-3-oxo-2-[(Z)-pent-2-enyl]cyclopentyl]acetate","methyl 2-[(1R,2R)-3-oxo-2-[(Z)-pent-2-enyl]cyclopentyl]acetate",1211-29-6,,5281929,C13H20O3,true,seed,telegram:minatajhiz,1,,,,,,,,,seed,996f9841b0dea025
"(2,4-dinitrophenyl)hydrazine","(2,4-dinitrophenyl)hydrazine",,,3772977,C6H6N4O4,true,seed,telegram:minatajhiz,1,,,,,,,,,seed,118ca02cbfbc237b
trideuteriomethanol,trideuteriomethanol,1849-29-2,,123132,CH4O,true,seed,telegram:IranChemicals,1,,,,,,,,,seed,6d7b78c950b4440b
3-trimethoxysilylpropane-1-thiol,3-trimethoxysilylpropane-1-thiol,698-38-6,,20473,C6H16O3SSi,true,seed,telegram:minatajhiz,1,,,,,,,,,seed,036910b87e48e39b
di(imidazol-1-yl)methanone,"di(imidazol-1-yl)methanone | 1,1'-Carbonyldiimidazole",530-62-1,PFKFTWBEEFSNDU-UHFFFAOYSA-N,68263,C7H6N4O,true,ai_verified,ChemIranSanat; telegram:ChemIranSanat,2,,,,,,,t.me/ChemIranSanat,mistral,ai_verified+seed,c47fe9ede5ad0603
"1,10-phenanthroline","1,10-phenanthroline",66-71-7,DGEZNRSVGBDHLK-UHFFFAOYSA-N,1318,C12H8N2,true,ai_verified,ChemIranSanat; telegram:ChemIranSanat,2,,,,,,,t.me/ChemIranSanat,mistral,ai_verified+seed,ef87591df67b9f35
"1,2-dichlorobenzene","1,2-dichlorobenzene",95-50-1,,7239,C6H4Cl2,true,seed,telegram:minatajhiz,1,,,,,,,,,seed,9f540d53435b6a45
dithiolane-4-carboxylic acid,dithiolane-4-carboxylic acid,2224-02-4,,16682,C4H6O2S2,true,seed,telegram:ChemIranSanat,1,,,,,,,,,seed,3ade05201552687c
2-nitroterephthalic acid,2-nitroterephthalic acid | 2-Nitroterephthalic acid,610-29-7,QUMITRDILMWWBC-UHFFFAOYSA-N,69122,C8H5NO6,true,seed,ChemIranSanat; telegram:ChemIranSanat,2,Acros,25g,,,in_stock,"12900 Acros (2-)Nitroterephthalic acid, 99+% 25g & 011086 Exir Nitroterephthalic acid, 98% 5g 🔜 موجود و آماده تحویل ✅ شیمیران صنعت فقط اصلی ♾ موجودی و تنوع بی نظیر از برندهای معتبر 📱 سفارش کالا 👇 🆔 @ChemIranAdmin 🆔 @ChemIran1",https://t.me/ChemIranSanat/1862,ai_corrected:mistral,ai_corrected+seed,cf8e23d7b94474ed
"1,4-diethylbenzene","1,4-diethylbenzene",105-05-5,DSNHSQKRULAAEI-UHFFFAOYSA-N,7734,C10H14,true,seed,ChemIranSanat; telegram:ChemIranSanat,2,Sigma-Aldrich,,,,in_stock,"32018 Sigma-Aldrich 1,4-Diethylbenzene analytical standard موجود و آماده تحویل ✅ شیمیران صنعت فقط اصلی ❓ قیمت و سفارش 👇 Admin 🆔 @ChemIranAdmin 🆔 @ChemIran1",https://t.me/ChemIranSanat/1439,ai_corrected:mistral,ai_corrected+seed,af8618e991b6259c
"1,3,3-trimethyl-2-oxabicyclo[2.2.2]octane","1,3,3-trimethyl-2-oxabicyclo[2.2.2]octane",470-82-6,,2758,C10H18O,true,seed,telegram:chemgroup,1,,,,,,,,,seed,a46ca6eb049475c3
1-bromo-3-chlorobenzene,1-bromo-3-chlorobenzene,590-79-8,,7928,C6H4BrCl,true,seed,telegram:minatajhiz,1,,,,,,,,,seed,adab550f260a8661
1-bromohexane,1-bromohexane,,,8101,C6H13Br,true,seed,telegram:minatajhiz,1,,,,,,,,,seed,8c800256b6b2a4dd
1-bromooctane,1-bromooctane,,,8140,C8H17Br,true,seed,telegram:minatajhiz,1,,,,,,,,,seed,3056142f78745f04
1-bromopropane,1-bromopropane,106-94-5,,7840,C3H7Br,true,seed,telegram:minatajhiz,1,,,,,,,,,seed,1f99271c2c6ee144
1-ethyl-4-methylbenzene,1-ethyl-4-methylbenzene | 4-ethyltoluene,622-96-8,JRLPEMVDPFPYPJ-UHFFFAOYSA-N,12160,C9H12,true,seed,ChemIranSanat; telegram:ChemIranSanat,2,Sigma-Aldrich,,,,in_stock,Sigma-Aldrich Cat. Number:04943 4-Ethyltoluene موجود و آماده تحویل ✅ شیمیران صنعت فقط اصلی ❓ قیمت و سفارش 👇 Admin 🆔 @ChemIranAdmin 🆔 @ChemIran1,https://t.me/ChemIranSanat/1400,ai_corrected:mistral,ai_corrected+seed,09195df4519c5f6e
hexan-1-ol,hexan-1-ol | 1-hexanol,111-27-3,ZSIAUFGUXNUGDI-UHFFFAOYSA-N,8103,C6H14O,true,seed,minatajhiz; telegram:minatajhiz,2,Merck,,,,,1_هگزانول 1-Hexanol کد محصول مرک: 804393 واردات جدید مرک,https://t.me/minatajhiz/1051,ai_corrected:mistral,ai_corrected+seed,efe1ab205e4f9d57
nonan-1-ol,nonan-1-ol,143-08-8,,8914,C9H20O,true,seed,telegram:minatajhiz,1,,,,,,,,,seed,3d209654b41c2560
1-ethenylimidazole,1-ethenylimidazole,,,66171,C5H6N2,true,seed,telegram:minatajhiz,1,,,,,,,,,seed,f5e29d780aec94d3
2-[(1-amino-1-imino-2-methylpropan-2-yl)diazenyl]-2-methylpropanimidamide;dihydrochloride,2-[(1-amino-1-imino-2-methylpropan-2-yl)diazenyl]-2-methylpropanimidamide;dihydrochloride,2997-92-4,,76344,C8H20Cl2N6,true,seed,telegram:minatajhiz,1,,,,,,,,,seed,56df88f5b0848067
"2,2,3,4,4,4-hexafluorobutyl prop-2-enoate","2,2,3,4,4,4-hexafluorobutyl prop-2-enoate | 2,2,3,4,4,4-hexafluorobutyl acrylate",54052-90-3,LMVLEDTVXAGBJV-UHFFFAOYSA-N,2774977,C7H6F6O2,true,seed,ChemIranSanat; telegram:ChemIranSanat,3,Sigma-Aldrich,25ML,,,in_stock,"474452 Aldrich 2,2,3,4,4,4-Hexafluorobutyl acrylate, 25ML موجود و آماده تحویل ✅ شیمیران صنعت فقط اصلی ❓ قیمت و سفارش 👇 Admin 🆔 @ChemIranAdmin 🆔 @ChemIran1",https://t.me/ChemIranSanat/1410,ai_corrected:mistral,ai_corrected+seed,964df021006fc49b
"naphthalene-2,3-diol","naphthalene-2,3-diol",,,7091,C10H8O2,true,seed,telegram:minatajhiz,1,,,,,,,,,seed,9addd2d95c223915
"diphenylphosphoryl-(2,4,6-trimethylphenyl)methanone","diphenylphosphoryl-(2,4,6-trimethylphenyl)methanone",75980-60-8,,166480,C22H21O2P,true,seed,telegram:IranChemicals,1,,,,,,,,,seed,b39d29866cc97484
"2,4-diaminobenzenesulfonic acid","2,4-diaminobenzenesulfonic acid",,,66623,C6H8N2O3S,true,seed,telegram:minatajhiz,1,,,,,,,,,seed,db3addb7c5ab636e
"1-methyl-2,4-dinitrobenzene","1-methyl-2,4-dinitrobenzene",121-14-2,,8461,C7H6N2O4,true,seed,telegram:ChemIranSanat,1,,,,,,,,,seed,6cb9a49f1d475ffc
"2,5-dihydroxyterephthalic acid","2,5-dihydroxyterephthalic acid | 2,5-Dihydroxyterephthalic acid",610-92-4,OYFRNYNHAZOYNF-UHFFFAOYSA-N,69131,C8H6O6,true,seed,ChemIranSanat; telegram:ChemIranSanat,2,Fluorochem,25g,,,in_stock,"214986 Fluorochem 2,5-Dihydroxyterephthalic acid 25g 🔜 موجود و آماده تحویل ✅ شیمیران صنعت فقط اصلی ♾ موجودی و تنوع بی نظیر از برندهای معتبر 📦 ارسال رایگان 📱 سفارش کالا 👇 📞 0938-648-9001 🆔 @ChemIranAdmin 🆔 @ChemIran1",https://t.me/ChemIranSanat/1926,ai_corrected:gemini,ai_corrected+seed,4585ad4277de8520
2-(propan-2-yloxymethyl)oxirane,2-(propan-2-yloxymethyl)oxirane,106-92-5,,19920,C6H12O2,true,seed,telegram:minatajhiz,1,,,,,,,,,seed,9a8421f209022d48
pyridin-2-amine,pyridin-2-amine | 2-aminopyridine,504-29-0,ICSNLGPSRYBMBD-UHFFFAOYSA-N,10439,C5H6N2,true,seed,minatajhiz; telegram:minatajhiz,2,,,,,,فروش مواد شیمیایی از برند های معتبر جهانی ۲-آمینو پیریدین 2-aminopyridine پل ارتباطی ما: Email:minatajhiz_aria@yahoo.com Tell:66900058 Telegram: @minatajhiz_aria,https://t.me/minatajhiz/61,ai_corrected:gemini,ai_corrected+seed,64231120b038f655
N-butan-2-ylidenehydroxylamine,N-butan-2-ylidenehydroxylamine | Methyl ethyl ketoxime | methyl ethyl ketoxime,96-29-7,WHIVNJATOVLWBW-UHFFFAOYSA-N,7292,C4H9NO,true,ai_verified,Maran_Tejarat_Eshen; telegram:Maran_Tejarat_Eshen,3,,,,,,متیل اتیل کتوکسیم با نام اختصاری MEKO، مؤثرترین عامل «ضد رویه» (Anti-skinning agent) در فرمولاسیون رنگ‌ها و پوشش‌های پایه روغنی و لاتکسی شناخته می‌شود. علاوه بر این، در سیستم‌های پیشرفته پوشش‌دهی مانند الکترودیپوزیشن و آسترهای خودرویی، استفاده از عوامل مسدودکننده (Blocking agents) جهت کنترل فرآیند پ,https://t.me/Maran_Tejarat_Eshen/649,ai_corrected:gemini,ai_corrected+ai_verified+seed,208cf3a79f401767
2-ethylhexan-1-ol,2-ethylhexan-1-ol,104-76-7,YIWUKEYIRIRTPP-UHFFFAOYSA-N,7720,C8H18O,true,ai_verified,IranChemicals; telegram:IranChemicals,2,,,,,,,t.me/IranChemicals,mistral,ai_verified+seed,d21045eecd44f91c
2-ethylhexyl prop-2-enoate,2-ethylhexyl prop-2-enoate | 2-Ethylhexyl acrylate,103-11-7,GOXQRTZXKQZDDN-UHFFFAOYSA-N,7636,C11H20O2,true,ai_verified,Maran_Tejarat_Eshen; telegram:Maran_Tejarat_Eshen,2,,,,,,,t.me/Maran_Tejarat_Eshen,gemini+gemini+gemini+mistral+mistral+mistral+mistral+mistral+mistral+mistral+gemini+gemini+gemini+cohere+cohere+gemini+gemini,ai_verified+seed,f71c4e831191b6a8
2-fluoroaniline,2-fluoroaniline,,,9584,C6H6FN,true,seed,telegram:minatajhiz,1,,,,,,,,,seed,87e930bac0a6fe5e
furan-2-carbonyl chloride,furan-2-carbonyl chloride,,,68242,C5H3ClO2,true,seed,telegram:minatajhiz,1,,,,,,,,,seed,abbd60469b40ce9b
"4-hydroxynaphthalene-1,2-dione","4-hydroxynaphthalene-1,2-dione",83-72-7,,6755,C10H6O3,true,seed,telegram:minatajhiz,1,,,,,,,,,seed,f565851e8f678f64
2-hydroxynaphthalene-1-carbaldehyde,2-hydroxynaphthalene-1-carbaldehyde,124-37-0,,12819,C11H8O2,true,seed,telegram:minatajhiz,1,,,,,,,,,seed,c4f6236ada91ba82
2-hydroxyethyl prop-2-enoate,2-hydroxyethyl prop-2-enoate | 2-Hydroxyethyl acrylate,818-61-1,OMIGHNLMNHATMP-UHFFFAOYSA-N,13165,C5H8O3,true,ai_verified,Maran_Tejarat_Eshen; telegram:Maran_Tejarat_Eshen,2,,,,,,,t.me/Maran_Tejarat_Eshen,gemini,ai_verified+seed,54fb42548e5e9a48
2-iodophenol,2-iodophenol | 2-Iodophenol,59-26-4,KQDJTBPASNJQFQ-UHFFFAOYSA-N,10784,C6H5IO,true,seed,minatajhiz; telegram:minatajhiz,2,Merck,,,,,2 -یدوفنول 2-Iodophenol کد محصول مرک: 820741 واردات جدید مرک,https://t.me/minatajhiz/1038,ai_corrected:mistral,ai_corrected+seed,de8eb6b3b25b366b
2-methylbut-1-ene,2-methylbut-1-ene,563-46-2,,11240,C5H10,true,seed,telegram:ChemIranSanat,1,,,,,,,,,seed,bc57ad19a5711053
2-methylnaphthalene,2-methylnaphthalene | 2-Methylnaphthalene,91-57-6,QIMMUPPBPVKWKM-UHFFFAOYSA-N,7055,C11H10,true,ai_verified,minatajhiz; telegram:minatajhiz,2,,,,,,,t.me/minatajhiz,mistral,ai_verified+seed,f8a7c55f2aec93bc
pyridine-2-carbaldehyde,pyridine-2-carbaldehyde | 2-Pyridinecarboxaldehyde,1121-60-4,CSDSSGBPEUDDEE-UHFFFAOYSA-N,14273,C6H5NO,true,seed,ChemIranSanat; telegram:ChemIranSanat,2,Acros,25GR,,,in_stock,"13182 Acros 2-Pyridinecarboxaldehyde, 98% 25GR 🔜 موجود و آماده تحویل ✅ شیمیران صنعت فقط اصلی ♾ موجودی و تنوع بی نظیر از برندهای معتبر 📱 سفارش کالا 👇 🆔 @ChemIranAdmin 🆔 @ChemIran1",https://t.me/ChemIranSanat/1870,ai_corrected:gemini,ai_corrected+seed,4e213f6001b051a7
thiophene-2-carbaldehyde,thiophene-2-carbaldehyde,,,7364,C5H4OS,true,seed,telegram:minatajhiz,1,,,,,,,,,seed,47a3c791dc3493cc
"7,18-dioxaheptacyclo[14.6.2.22,5.03,12.04,9.013,23.020,24]hexacosa-1(23),2,4,9,11,13,15,20(24),21,25-decaene-6,8,17,19-tetrone","7,18-dioxaheptacyclo[14.6.2.22,5.03,12.04,9.013,23.020,24]hexacosa-1(23),2,4,9,11,13,15,20(24),21,25-decaene-6,8,17,19-tetrone",191-22-2,,67191,C24H8O6,true,seed,telegram:minatajhiz,1,,,,,,,,,seed,c21870c0d34aab17
"3,4-dimethylaniline","3,4-dimethylaniline",,,7248,C8H11N,true,seed,telegram:minatajhiz,1,,,,,,,,,seed,b16940187729d298
3-chloropropyl(trimethoxy)silane,3-chloropropyl(trimethoxy)silane | (3-Chloropropyl)trimethoxysilane,2530-87-2,OXYZDRAJMHGSMW-UHFFFAOYSA-N,62449,C6H15ClO3Si,true,ai_verified,ChemIranSanat; telegram:ChemIranSanat,2,,,,,,,t.me/ChemIranSanat,mistral,ai_verified+seed,b0679c5cace5f9c5
3-trimethoxysilylpropyl 2-methylprop-2-enoate,3-trimethoxysilylpropyl 2-methylprop-2-enoate,,,17318,C10H20O5Si,true,seed,telegram:minatajhiz,1,,,,,,,,,seed,de54f9116f3b3cc4
1-pyridin-3-ylethanone,1-pyridin-3-ylethanone,350-03-8,,9589,C7H7NO,true,seed,telegram:ChemIranSanat,1,,,,,,,,,seed,4d717691037f20a7
pyridin-3-amine,pyridin-3-amine,462-08-2,,10009,C5H6N2,true,seed,telegram:minatajhiz,1,,,,,,,,,seed,47a3f1949f44a07f
3-fluoroaniline,3-fluoroaniline,,,9742,C6H6FN,true,seed,telegram:minatajhiz,1,,,,,,,,,seed,8b1f206062fec0aa
3-hydroxypropyl nitrate,3-hydroxypropyl nitrate,,,10011893,C3H7NO4,true,seed,telegram:ChemIranSanat,1,,,,,,,,,seed,74b1968fbd1ba394
6-bromo-2-(6-bromo-3-hydroxy-1H-indol-2-yl)indol-3-one,"6-bromo-2-(6-bromo-3-hydroxy-1H-indol-2-yl)indol-3-one | 6,6'-dibromoindigo",120-24-5,UOZOCOQLYQNHII-UHFFFAOYSA-N,177057,C16H8Br2N2O2,true,ai_verified,IranChemicals; telegram:IranChemicals,2,,,,,,,t.me/IranChemicals,gemini,ai_verified+seed,ecbf5608025cf335
2-[4-(2-hydroxyethyl)piperazin-1-yl]ethanesulfonic acid,2-[4-(2-hydroxyethyl)piperazin-1-yl]ethanesulfonic acid,,,23831,C8H18N2O4S,true,seed,telegram:labshop,1,,,,,,,,,seed,e13cfefe5481641a
1-pyridin-4-ylethanone,1-pyridin-4-ylethanone | 4-Acetylpyridine,1122-54-9,WMQUKDQWMMOHSA-UHFFFAOYSA-N,14282,C7H7NO,true,seed,ChemIranSanat; telegram:ChemIranSanat,2,Sigma-Aldrich,10g,,,in_stock,A21401 Sigma-Aldrich 4-Acetylpyridine 10g 🔜 موجود و آماده تحویل ✅ شیمیران صنعت فقط اصلی ♾ موجودی و تنوع بی نظیر از برندهای معتبر 📦 ارسال رایگان 📱 سفارش کالا 👇 📞 0938-648-9001 🆔 @ChemIranAdmin 🆔 @ChemIran1,https://t.me/ChemIranSanat/1932,ai_corrected:gemini,ai_corrected+seed,71bad0aa570b5916
2-(4-aminophenyl)acetic acid,2-(4-aminophenyl)acetic acid,,,14533,C8H9NO2,true,seed,telegram:minatajhiz,1,,,,,,,,,seed,13e4fadacfe75459
pyridin-4-amine,pyridin-4-amine,504-24-5,,1727,C5H6N2,true,seed,telegram:ChemIranSanat,1,,,,,,,,,seed,1ee3b6113418a460
4-chlorobenzaldehyde,4-chlorobenzaldehyde,104-88-1,,7726,C7H5ClO,true,seed,telegram:Maran_Tejarat_Eshen,1,,,,,,,,,seed,82b7cf88f844ff35
pyridine-4-carbonitrile,pyridine-4-carbonitrile | 4-pyridinecarbonitrile,100-48-1,GPHQHTOMRSGBNZ-UHFFFAOYSA-N,7506,C6H4N2,true,seed,ChemIranSanat; telegram:ChemIranSanat,2,Sigma-Aldrich,100g,,,in_stock,C95005-100g Aldrich 4-Pyridinecarbonitrile موجود و آماده تحویل ✅ شیمیران صنعت فقط اصلی ❓ قیمت و سفارش 👇 Admin 🆔 @ChemIranAdmin ✔️ سفارش واردات از تمام برندها پذیرفته میشود. 🆔 @ChemIran1,https://t.me/ChemIranSanat/1455,ai_corrected:mistral,ai_corrected+seed,8a594be04f6f662d
4-fluorobenzaldehyde,4-fluorobenzaldehyde,131-57-5,,68023,C7H5FO,true,seed,telegram:minatajhiz,1,,,,,,,,,seed,fe42d936099f3bf9
1-methoxy-4-methylbenzene,1-methoxy-4-methylbenzene,104-93-8,,7731,C8H10O,true,seed,telegram:minatajhiz,1,,,,,,,,,seed,71dd170f2ae29d90
4-nitroaniline,4-nitroaniline,100-01-6,,7475,C6H6N2O2,true,seed,telegram:chemgroup,1,,,,,,,,,seed,2f8230f5d13f77b0
pyridine-4-carbaldehyde,pyridine-4-carbaldehyde | 4-Pyridinecarboxaldehyde,872-85-5,BGUWFUQJCDRPTL-UHFFFAOYSA-N,13389,C6H5NO,true,seed,ChemIranSanat; telegram:ChemIranSanat,2,Acros,25GR,,,in_stock,"13184 Acros 4-Pyridinecarboxaldehyde, 98% 25GR 🔜 موجود و آماده تحویل ✅ شیمیران صنعت فقط اصلی ♾ موجودی و تنوع بی نظیر از برندهای معتبر 📱 سفارش کالا 👇 🆔 @ChemIranAdmin 🆔 @ChemIran1",https://t.me/ChemIranSanat/1866,ai_corrected:mistral,ai_corrected+seed,ad90fb51cdf0356f
(4-ethenylphenyl)methyl acetate,(4-ethenylphenyl)methyl acetate,1592-12-7,,2735161,C11H12O2,true,seed,telegram:minatajhiz,1,,,,,,,,,seed,d3b2b402c988ba6e
5-(hydroxymethyl)furan-2-carbaldehyde,5-(hydroxymethyl)furan-2-carbaldehyde,67-47-0,,237332,C6H6O3,true,seed,telegram:minatajhiz,1,,,,,,,,,seed,5ea7c738a89aae4c
"5-bromo-1H-indole-2,3-dione","5-bromo-1H-indole-2,3-dione",87-48-9,,6889,C8H4BrNO2,true,seed,telegram:minatajhiz,1,,,,,,,,,seed,2f13ac75797039d4
"5-cyanobenzene-1,3-dicarboxylic acid","5-cyanobenzene-1,3-dicarboxylic acid | 5-Cyano-1,3-benzenedicarboxylic acid",13293-63-5,YKADUTAIRWMMFI-UHFFFAOYSA-N,90070,C9H5NO4,true,seed,ChemIranSanat; telegram:ChemIranSanat,2,Sigma-Aldrich,1G,,,in_stock,"714739 Sigma-Aldrich 5-Cyano-1,3-benzenedicarboxylic acid 1G 🔜 موجود و آماده تحویل ✅ شیمیران صنعت فقط اصلی ♾ موجودی و تنوع بی نظیر از برندهای معتبر 📱 سفارش کالا 👇 🆔 @ChemIranAdmin 🆔 @ChemIran1",https://t.me/ChemIranSanat/1774,ai_corrected:mistral,ai_corrected+seed,a2e87a4c32de9ddb
"6-amino-1,3-dimethylpyrimidine-2,4-dione","6-amino-1,3-dimethylpyrimidine-2,4-dione",,,81152,C6H9N3O2,true,seed,telegram:minatajhiz,1,,,,,,,,,seed,cb6fff0b61a61eec
"7,12-dimethylbenzo[a]anthracene","7,12-dimethylbenzo[a]anthracene",57-97-6,,6001,C20H16,true,seed,telegram:ChemIranSanat,1,,,,,,,,,seed,4dc9f0925ad4b016
N-phenylacetamide,N-phenylacetamide,103-84-4,,904,C8H9NO,true,seed,telegram:chemgroup,1,,,,,,,,,seed,5b90e8771e2caca9
"(2S,3R,4S,5S,6R)-6-(hydroxymethyl)oxane-2,3,4,5-tetrol;hydrate","(2S,3R,4S,5S,6R)-6-(hydroxymethyl)oxane-2,3,4,5-tetrol;hydrate | Dextrose monohydrate",14431-43-7,OSNSWKAZFASRNG-WNFIKIDCSA-N,66370,C6H14O7,true,ai_verified,jahaneshimicom; telegram:jahaneshimicom,2,,,,,,,t.me/jahaneshimicom,cohere,ai_verified+seed,805bb7da8acb4537
prop-1-en-2-ylbenzene,prop-1-en-2-ylbenzene | alpha-methylstyrene,98-83-9,XYLMUPLGERFSHI-UHFFFAOYSA-N,7407,C9H10,true,seed,minatajhiz; telegram:minatajhiz,2,Alfa Aesar,,,,,"alpha-Methylstyrene, 99% L03609 #Alfa_Aesar این کالا به دلیل اینکه شرایط نگهداری در جای خنک دارد کمپانی آلفا ایسر داخل قوطی های فلزی کالا را قرار داده که رطوبت را جذب نکند به همین دلیل ما مشخصات دقیق رو برای شما عزیزان روی بسته قرار دادیم که بتوانید دقیق بررسی بفرمایید چون اصل کالا داخل این بسته است",https://t.me/minatajhiz/482,ai_corrected:mistral,ai_corrected+seed,79eb83bc10fdc998
2-piperazin-1-ylethanamine,2-piperazin-1-ylethanamine,,,8795,C6H15N3,true,seed,telegram:minatajhiz,1,,,,,,,,,seed,3b5f6a83c22d2684
3-trimethoxysilylpropan-1-amine,3-trimethoxysilylpropan-1-amine,,,83756,C6H17NO3Si,true,seed,telegram:minatajhiz,1,,,,,,,,,seed,49dc18d22b789d7e
"1H-1,2,4-triazol-5-amine","1H-1,2,4-triazol-5-amine",124-71-0,,1639,C2H4N4,true,seed,telegram:minatajhiz,1,,,,,,,,,seed,d31a4b99fa86abc4
azanium formate,azanium formate,540-69-2,,2723923,CH5NO2,true,seed,telegram:chemgroup,1,,,,,,,,,seed,9089edb3cc93b4f4
"(1R,3S,5R,6R,9R,11R,15S,16R,17R,18S,19E,21E,23E,25E,27E,29E,31E,33R,35S,36R,37S)-33-[(2R,3S,4S,5S,6R)-4-amino-3,5-dihydroxy-6-methyloxan-2-yl]oxy-1,3,5,6,9,11,17,37-octahydroxy-15,16,18-trimethyl-13-oxo-14,39-dioxabicyclo[33.3.1]nonatriaconta-19,21,23,25,27,29,31-heptaene-36-carboxylic acid","(1R,3S,5R,6R,9R,11R,15S,16R,17R,18S,19E,21E,23E,25E,27E,29E,31E,33R,35S,36R,37S)-33-[(2R,3S,4S,5S,6R)-4-amino-3,5-dihydroxy-6-methyloxan-2-yl]oxy-1,3,5,6,9,11,17,37-octahydroxy-15,16,18-trimethyl-13-oxo-14,39-dioxabicyclo[33.3.1]nonatriaconta-19,21,23,25,27,29,31-heptaene-36-carboxylic acid",9007-90-7,,5280965,C47H73NO17,true,seed,telegram:labshop,1,,,,,,,,,seed,fca1fa32ee5303b9
aniline,aniline,62-53-3,PAYRUJLWNCNPSJ-UHFFFAOYSA-N,6115,C6H7N,true,ai_verified,IranChemicals; telegram:IranChemicals,2,,,,,,,t.me/IranChemicals,mistral,ai_verified+seed,eb61025a6fcf4d9e
2-phenylchromenylium,2-phenylchromenylium | Anthocyanins,,NWKFECICNXDNOQ-UHFFFAOYSA-N,145858,C15H11O+,true,ai_verified,IranChemicals; telegram:IranChemicals,2,,,,,,,t.me/IranChemicals,mistral,ai_verified+seed,569defff6115bd0a
"[3-[3-(3,5-ditert-butyl-4-hydroxyphenyl)propanoyloxy]-2,2-bis[3-(3,5-ditert-butyl-4-hydroxyphenyl)propanoyloxymethyl]propyl] 3-(3,5-ditert-butyl-4-hydroxyphenyl)propanoate","[3-[3-(3,5-ditert-butyl-4-hydroxyphenyl)propanoyloxy]-2,2-bis[3-(3,5-ditert-butyl-4-hydroxyphenyl)propanoyloxymethyl]propyl] 3-(3,5-ditert-butyl-4-hydroxyphenyl)propanoate | Pentaerythritol tetrakis(3-(3,5-di-tert-butyl-4-hydroxyphenyl)propionate) | Tetrakis(methylene(3,5-di-tert-butyl-4-hydroxyhydrocinnamate))methane",101-84-0,BGYHLZZASRKEJE-UHFFFAOYSA-N,64819,C73H108O12,true,ai_verified,Ch_Chemical_leaders; telegram:Ch_Chemical_leaders,3,,,,,,,t.me/Ch_Chemical_leaders,mistral,ai_verified+seed,0f42cfd3f6ddbc06
"(1R,4S,5R,8S,9R,12S,13R)-1,5,9-trimethyl-11,14,15,16-tetraoxatetracyclo[10.3.1.04,13.08,13]hexadecan-10-one","(1R,4S,5R,8S,9R,12S,13R)-1,5,9-trimethyl-11,14,15,16-tetraoxatetracyclo[10.3.1.04,13.08,13]hexadecan-10-one",,,68827,C15H22O5,true,seed,telegram:chemgroup,1,,,,,,,,,seed,7a98f4b701400e28
tricopper;dicarbonate;dihydroxide,tricopper;dicarbonate;dihydroxide,1302-38-5,,9884557,C2H2Cu3O8,true,seed,telegram:IranChemicals,1,,,,,,,,,seed,2e5f83d74cddb2e0
4-chlorobut-2-ynyl N-(3-chlorophenyl)carbamate,4-chlorobut-2-ynyl N-(3-chlorophenyl)carbamate,,,7551,C11H9Cl2NO2,true,seed,telegram:chemgroup,1,,,,,,,,,seed,242764aade8e0965
"[(1S)-1-[(1R,5R,6S,9R,11S,12R,14R)-9,12-dihydroxy-6,16-dimethyl-10,19-dioxa-16-azahexacyclo[12.5.3.15,9.01,14.02,11.06,11]tricosa-2,21-dien-22-yl]ethyl] 2,4-dimethyl-1H-pyrrole-3-carboxylate","[(1S)-1-[(1R,5R,6S,9R,11S,12R,14R)-9,12-dihydroxy-6,16-dimethyl-10,19-dioxa-16-azahexacyclo[12.5.3.15,9.01,14.02,11.06,11]tricosa-2,21-dien-22-yl]ethyl] 2,4-dimethyl-1H-pyrrole-3-carboxylate",23509-32-6,,6324647,C31H42N2O6,true,seed,telegram:ChemIranSanat,1,,,,,,,,,seed,6a82ce8a21e433d5
"6-phenyl-1,3,5-triazine-2,4-diamine","6-phenyl-1,3,5-triazine-2,4-diamine",91-76-9,,7064,C9H9N5,true,seed,telegram:ChemIranSanat,1,,,,,,,,,seed,8414d8a4099a8519
3-aminopropanoic acid,3-aminopropanoic acid,107-95-9,,239,C3H7NO2,true,seed,telegram:minatajhiz,1,,,,,,,,,seed,169d45bd6120fefd
"(2S)-4-[(E)-2-[(2S)-2-carboxy-6-hydroxy-5-[(2S,3R,4S,5S,6R)-3,4,5-trihydroxy-6-(hydroxymethyl)oxan-2-yl]oxy-2,3-dihydroindol-1-yl]ethenyl]-2,3-dihydropyridine-2,6-dicarboxylic acid","(2S)-4-[(E)-2-[(2S)-2-carboxy-6-hydroxy-5-[(2S,3R,4S,5S,6R)-3,4,5-trihydroxy-6-(hydroxymethyl)oxan-2-yl]oxy-2,3-dihydroindol-1-yl]ethenyl]-2,3-dihydropyridine-2,6-dicarboxylic acid",483-50-5,,6540685,C24H26N2O13,true,seed,telegram:ChemIranSanat,1,,,,,,,,,seed,6ea528ddfa90f5e1
2-bromoacetic acid,2-bromoacetic acid | bromoacetic acid,79-08-3,KDPAWGWELVVRCH-UHFFFAOYSA-N,6227,C2H3BrO2,true,seed,ChemIranSanat; telegram:ChemIranSanat,2,Sigma-Aldrich,100g,,,in_stock,B56307-100g Aldrich Bromoacetic acid موجود و آماده تحویل ✅ شیمیران صنعت فقط اصلی ❓ قیمت و سفارش 👇 ✔️ سفارش واردات از تمامی کمپانی های خارجی پذیرفته میشود. Admin 🆔 @ChemIranAdmin 🆔 @ChemIran1,https://t.me/ChemIranSanat/1452,ai_corrected:mistral,ai_corrected+seed,7f15d7a3193d8981
2-bromoterephthalic acid,2-bromoterephthalic acid,128-07-8,,68513,C8H5BrO4,true,seed,telegram:minatajhiz,1,,,,,,,,,seed,ce9cf53e4e97dfb7
butane,butane,106-97-8,,7843,C4H10,true,seed,telegram:Boof_company,1,,,,,,,,,seed,3a41f42c465e0644
"butane-1,4-diol;dimethyl benzene-1,4-dicarboxylate","butane-1,4-diol;dimethyl benzene-1,4-dicarboxylate",,,93143,C14H20O6,true,seed,telegram:chemgroup,1,,,,,,,,,seed,04e5c405e8bf4be5
Butyllithium,Butyllithium,109-72-2,,53627823,C4H9Li,true,seed,telegram:minatajhiz,1,,,,,,,,,seed,d33535e9edab50fa
azepan-2-one,azepan-2-one,105-60-2,,7768,C6H11NO,true,seed,telegram:minatajhiz,1,,,,,,,,,seed,75cc9356480ae391
(E)-N-[(4-hydroxy-3-methoxyphenyl)methyl]-8-methylnon-6-enamide,(E)-N-[(4-hydroxy-3-methoxyphenyl)methyl]-8-methylnon-6-enamide,,,1548943,C18H27NO3,true,seed,telegram:chemgroup,1,,,,,,,,,seed,1e506ff94481e8f6
carbane,carbane | Carbon-14,14762-75-5,VNWKTOKETHGBQD-NJFSPNSNSA-N,26873,CH4,true,ai_verified,IranChemicals; telegram:IranChemicals,2,,,,,,,t.me/IranChemicals,mistral+mistral,ai_verified+seed,bcefbd0aa8836916
"3,5,6,8-tetrahydroxy-1-methyl-9,10-dioxo-7-[(2R,3R,4R,5S,6R)-3,4,5-trihydroxy-6-(hydroxymethyl)oxan-2-yl]anthracene-2-carboxylic acid","3,5,6,8-tetrahydroxy-1-methyl-9,10-dioxo-7-[(2R,3R,4R,5S,6R)-3,4,5-trihydroxy-6-(hydroxymethyl)oxan-2-yl]anthracene-2-carboxylic acid",,,14749,C22H20O13,true,seed,telegram:chemgroup,1,,,,,,,,,seed,66c73c71dafbbd37
2-methyl-5-propan-2-ylphenol,2-methyl-5-propan-2-ylphenol | Carvacrol,25771-52-2,RECUKUPTGUEGMW-UHFFFAOYSA-N,10364,C10H14O,true,seed,minatajhiz; telegram:minatajhiz,2,Merck,,,,,5-ایزو پروپیل -2- متیل فنول 5-Isopropyl-2-methylphenol کد محصول مرک: 820258 که بنام کارواکرول نیز شناخته میشود,https://t.me/minatajhiz/1006,ai_corrected:mistral,ai_corrected+seed,b66c133f1f35344d
"magnesium methyl (3R,22S)-16-ethenyl-11-ethyl-4-hydroxy-12,17,21,26-tetramethyl-22-[3-oxo-3-[(E,7R,11R)-3,7,11,15-tetramethylhexadec-2-enoxy]propyl]-23,25-diazonia-7,24-diazanidahexacyclo[18.2.1.15,8.110,13.115,18.02,6]hexacosa-1(23),2(6),4,8(26),9,11,13(25),14,16,18,20-undecaene-3-carboxylate","magnesium methyl (3R,22S)-16-ethenyl-11-ethyl-4-hydroxy-12,17,21,26-tetramethyl-22-[3-oxo-3-[(E,7R,11R)-3,7,11,15-tetramethylhexadec-2-enoxy]propyl]-23,25-diazonia-7,24-diazanidahexacyclo[18.2.1.15,8.110,13.115,18.02,6]hexacosa-1(23),2(6),4,8(26),9,11,13(25),14,16,18,20-undecaene-3-carboxylate",,,156620228,C55H74MgN4O5+2,true,seed,telegram:chemgroup,1,,,,,,,,,seed,cfd5329b38298fbc
"(S)-[(2R,4S,5R)-5-ethenyl-1-azabicyclo[2.2.2]octan-2-yl]-quinolin-4-ylmethanol","(S)-[(2R,4S,5R)-5-ethenyl-1-azabicyclo[2.2.2]octan-2-yl]-quinolin-4-ylmethanol",118-10-5,,90454,C19H22N2O,true,seed,telegram:minatajhiz,1,,,,,,,,,seed,4634a4f61136893e
"holmium(3+);2-hydroxypropane-1,2,3-tricarboxylate","holmium(3+);2-hydroxypropane-1,2,3-tricarboxylate",,,26032,C6H5HoO7,true,seed,telegram:chemgroup,1,,,,,,,,,seed,14208fadb47f8ceb
"N-[(7S)-1,2,3,10-tetramethoxy-9-oxo-6,7-dihydro-5H-benzo[a]heptalen-7-yl]acetamide","N-[(7S)-1,2,3,10-tetramethoxy-9-oxo-6,7-dihydro-5H-benzo[a]heptalen-7-yl]acetamide | colchicine",64-86-8,IAKHMKGGTNLKSZ-INIZCTEOSA-N,6167,C22H25NO6,true,ai_verified,merckmillipore; telegram:labshop,2,,,,,,,t.me/merckmillipore,mistral,ai_verified+seed,9638675efe8cd87e
chromen-2-one,chromen-2-one,,,323,C9H6O2,true,seed,telegram:minatajhiz,1,,,,,,,,,seed,f118daa65c8fb053
"(1E,6E)-1,7-bis(4-hydroxy-3-methoxyphenyl)hepta-1,6-diene-3,5-dione","(1E,6E)-1,7-bis(4-hydroxy-3-methoxyphenyl)hepta-1,6-diene-3,5-dione | Curcumin",458-37-7,VFLDPWHFBUODDF-FCXRPNKRSA-N,969516,C21H20O6,true,ai_verified,IranChemicals; telegram:IranChemicals,2,,,,,,,t.me/IranChemicals,llm7,ai_verified+seed,897a0df1e12ed2f7
"3-acetyl-6-methylpyran-2,4-dione","3-acetyl-6-methylpyran-2,4-dione | Dehydroacetic acid",520-45-6,PGRHXDWITVMQBC-UHFFFAOYSA-N,122903,C8H8O4,true,seed,minatajhiz; telegram:minatajhiz,2,Merck,,,,,دی هیدرواستیک اسید Dehydroacetic acid کد محصول مرک: 822011 واردات جدید سیگما آلدریچ,https://t.me/minatajhiz/1030,ai_corrected:mistral,ai_corrected+seed,ba58fb80b4e3e272
"benzyl-[2-(2,6-dimethylanilino)-2-oxoethyl]-diethylazanium benzoate","benzyl-[2-(2,6-dimethylanilino)-2-oxoethyl]-diethylazanium benzoate | Denatonium benzoate",139-97-1,VWTINHYPRWEBQY-UHFFFAOYSA-N,19518,C28H34N2O3,true,seed,ChemIranSanat; telegram:chemgroup,2,,,,,,✳️ تلخ ترین ماده جهان دناتونیوم بنزوات 🔹 این ماده تلخ ترین ماده ای است که تا کنون توسط بشر کشف شده است. این ماده نخستین بار در هنگام کار روی مشتقات «لیدوکائین» در آزمایشگاه توسط شرکت Macfarlan smith‌سنتر شد و به لحاظ مزه بسیار تلخی که داشت به عنوان تلخ کننده برای اجتناب از خورده شدن تصادفی یا عمدی ب,https://t.me/ChemIranSanat/78,ai_corrected:llm7,ai_corrected+seed,ed92acb5507de496
1-butylsulfanylbutane,1-butylsulfanylbutane,,,11002,C8H18S,true,seed,telegram:minatajhiz,1,,,,,,,,,seed,23ce0384c1e7c732
"4-(3,5-dichloro-4-hydroxyphenyl)iminocyclohexa-2,5-dien-1-one","4-(3,5-dichloro-4-hydroxyphenyl)iminocyclohexa-2,5-dien-1-one",,,13726,C12H7Cl2NO2,true,seed,telegram:chemgroup,1,,,,,,,,,seed,d8ea2c6aa1fef643
"2-(2,4-dichlorophenoxy)propanoic acid","2-(2,4-dichlorophenoxy)propanoic acid",120-36-5,,8427,C9H8Cl2O3,true,seed,telegram:minatajhiz,1,,,,,,,,,seed,e77580af96248bcf
"N,N'-dicyclohexylmethanediimine","N,N'-dicyclohexylmethanediimine",,,10868,C13H22N2,true,seed,telegram:minatajhiz,1,,,,,,,,,seed,fe256722745c621e
didecyl(dimethyl)azanium chloride,didecyl(dimethyl)azanium chloride,,,23558,C22H48ClN,true,seed,telegram:minatajhiz,1,,,,,,,,,seed,9babc89aca4d7693
2-(2-butoxyethoxy)ethanol,2-(2-butoxyethoxy)ethanol,111-30-2,,8177,C8H18O3,true,seed,telegram:Boof_company,1,,,,,,,,,seed,038467ccc9dfd549
Diethylzinc,Diethylzinc,557-20-0,,101667988,C4H10Zn,true,seed,telegram:fanchem,1,,,,,,,,,seed,3e164de5b40d199b
"3-[(3S,5R,8R,9S,10S,12R,13S,14S,17R)-3-[(2R,4S,5S,6R)-5-[(2S,4S,5S,6R)-5-[(2S,4S,5S,6R)-4,5-dihydroxy-6-methyloxan-2-yl]oxy-4-hydroxy-6-methyloxan-2-yl]oxy-4-hydroxy-6-methyloxan-2-yl]oxy-12,14-dihydroxy-10,13-dimethyl-1,2,3,4,5,6,7,8,9,11,12,15,16,17-tetradecahydrocyclopenta[a]phenanthren-17-yl]-2H-furan-5-one","3-[(3S,5R,8R,9S,10S,12R,13S,14S,17R)-3-[(2R,4S,5S,6R)-5-[(2S,4S,5S,6R)-5-[(2S,4S,5S,6R)-4,5-dihydroxy-6-methyloxan-2-yl]oxy-4-hydroxy-6-methyloxan-2-yl]oxy-4-hydroxy-6-methyloxan-2-yl]oxy-12,14-dihydroxy-10,13-dimethyl-1,2,3,4,5,6,7,8,9,11,12,15,16,17-tetradecahydrocyclopenta[a]phenanthren-17-yl]-2H-furan-5-one",2088-75-5,,2724385,C41H64O14,true,seed,telegram:ChemIranSanat,1,,,,,,,,,seed,2b65da622da191e8
"5,5-dimethylcyclohexane-1,3-dione","5,5-dimethylcyclohexane-1,3-dione",126-81-8,,31358,C8H12O2,true,seed,telegram:ChemIranSanat,1,,,,,,,,,seed,438f75f24ea5ffc8
"2-chloro-N-(2,4-dimethylthiophen-3-yl)-N-[(2S)-1-methoxypropan-2-yl]acetamide","2-chloro-N-(2,4-dimethylthiophen-3-yl)-N-[(2S)-1-methoxypropan-2-yl]acetamide",163515-14-8,,13633097,C12H18ClNO2S,true,seed,telegram:jahaneshimicom,1,,,,,,,,,seed,805c7c1b585e7808
dimethoxymethane,dimethoxymethane | formaldehyde dimethyl acetal,109-88-8,NKDDWNXOKDWJAK-UHFFFAOYSA-N,8020,C3H8O2,true,seed,minatajhiz; telegram:minatajhiz,2,Merck,,,,,فرمالدهید دی متیل استال Formaldehyde dimethyl acetal کد محصول مرک 806017 واردات جدید مرک,https://t.me/minatajhiz/1087,ai_corrected:mistral,ai_corrected+seed,314e3f505fd53a42
"dimethyl 5-aminobenzene-1,3-dicarboxylate","dimethyl 5-aminobenzene-1,3-dicarboxylate",99-27-4,,66831,C10H11NO4,true,seed,telegram:ChemIranSanat,1,,,,,,,,,seed,27559fe524ef983d
dimethyl carbonate,dimethyl carbonate,616-38-6,,12021,C3H6O3,true,seed,telegram:minatajhiz,1,,,,,,,,,seed,c425cb2996707b74
Dimethylamine-borane,Dimethylamine-borane,1238-37-2,,6328035,C2H7BN,true,seed,telegram:minatajhiz,1,,,,,,,,,seed,f65a43c0683a0413
"1,2-diphenylguanidine","1,2-diphenylguanidine",104-87-8,,7594,C13H13N3,true,seed,telegram:minatajhiz,1,,,,,,,,,seed,a0ee2b6343310dac
"4-(2-aminoethyl)benzene-1,2-diol;hydrochloride","4-(2-aminoethyl)benzene-1,2-diol;hydrochloride | Dopamine hydrochloride",62-70-7,CTENFNNZBMHDDG-UHFFFAOYSA-N,65340,C8H12ClNO2,true,ai_verified,ChemIranSanat; telegram:ChemIranSanat,2,,,,,,,t.me/ChemIranSanat,mistral,ai_verified+seed,5d6f9f06e7a8186a
2-(chloromethyl)oxirane;4-[2-(4-hydroxyphenyl)propan-2-yl]phenol;prop-2-enoic acid,2-(chloromethyl)oxirane;4-[2-(4-hydroxyphenyl)propan-2-yl]phenol;prop-2-enoic acid | Epoxy resin | epoxy resin,9004-05-7,RYSXGWPNVZQNNB-UHFFFAOYSA-N,169944,C21H25ClO5,true,ai_verified,IranChemicals; telegram:IranChemicals,3,,,,,,,t.me/IranChemicals,gemini+gemini+gemini+gemini+cohere+cohere+cohere+cohere+gemini+cohere+gemini+cohere,ai_verified+seed,427bc2589f664bdb
"3',6'-dihydroxy-2',4',5',7'-tetraiodospiro[2-benzofuran-3,9'-xanthene]-1-one","3',6'-dihydroxy-2',4',5',7'-tetraiodospiro[2-benzofuran-3,9'-xanthene]-1-one",16423-68-0,,3259,C20H8I4O5,true,seed,telegram:IranChemicals,1,,,,,,,,,seed,9a67aa09fd8d692d
"[(3S,8S,9S,10R,13R,14S,17R)-10,13-dimethyl-17-[(2R)-6-methylheptan-2-yl]-2,3,4,7,8,9,11,12,14,15,16,17-dodecahydro-1H-cyclopenta[a]phenanthren-3-yl] formate","[(3S,8S,9S,10R,13R,14S,17R)-10,13-dimethyl-17-[(2R)-6-methylheptan-2-yl]-2,3,4,7,8,9,11,12,14,15,16,17-dodecahydro-1H-cyclopenta[a]phenanthren-3-yl] formate",,,165217,C28H46O2,true,seed,telegram:IranChemicals,1,,,,,,,,,seed,5731a5edf199d305
ethyl carbonochloridate,ethyl carbonochloridate | ethyl chloroformate,541-41-3,RIFGWPKJUGCATF-UHFFFAOYSA-N,10928,C3H5ClO2,true,seed,minatajhiz; telegram:minatajhiz,2,Merck,,,,,اتیل کلروفرمات Ethyl chloroformate کد محصول مرک: 800881 واردات جدید مرک,https://t.me/minatajhiz/1071,ai_corrected:mistral,ai_corrected+seed,8c272e4fa4452e7f
ethene,ethene | Ethylene,74-85-1,VGGSQFUCUMXWEO-UHFFFAOYSA-N,6325,C2H4,true,ai_verified,IranChemicals; telegram:minatajhiz,2,,,,,,,t.me/IranChemicals,gemini,ai_verified+seed,718efc05c3209261
ethylurea,ethylurea | Polyurethane | Polyurethane foam,9009-54-5,RYECOJGRJDOGPP-UHFFFAOYSA-N,12254,C3H8N2O,true,ai_verified,IranChemicals; jahaneshimicom; telegram:IranChemicals,3,,,,,,,t.me/IranChemicals,gemini+gemini+gemini,ai_verified+seed,0e7d10fbde70e1cb
2-methoxy-4-prop-2-enylphenol,2-methoxy-4-prop-2-enylphenol,97-53-0,,3314,C10H12O2,true,seed,telegram:ChemIranSanat,1,,,,,,,,,seed,df183871789cd6d2
5-fluoro-2-oxo-1H-pyrazine-3-carboxamide,5-fluoro-2-oxo-1H-pyrazine-3-carboxamide | Favipiravir,259793-96-3,ZCGNOVWYSGBHAU-UHFFFAOYSA-N,492405,C5H4FN3O2,true,ai_verified,IranChemicals; telegram:IranChemicals,3,,,,,,,t.me/IranChemicals,mistral,ai_verified+seed,dc50d908fe07ff53
Ferrocene,Ferrocene,102-54-6,,10219726,C10H10Fe,true,seed,telegram:chemgroup,1,,,,,,,,,seed,05d769c1402f4a8a
iron(2+);oxalate,iron(2+);oxalate,,,10589,C2FeO4,true,seed,telegram:chemgroup,1,,,,,,,,,seed,c25ba4540f1e44be
"3',6'-dihydroxyspiro[2-benzofuran-3,9'-xanthene]-1-one","3',6'-dihydroxyspiro[2-benzofuran-3,9'-xanthene]-1-one",,,16850,C20H12O5,true,seed,telegram:chemgroup,1,,,,,,,,,seed,1e8ccdf54cd813a7
"(C60-Ih)[5,6]fullerene","(C60-Ih)[5,6]fullerene",99685-96-8,,123591,C60,true,seed,telegram:chemgroup,1,,,,,,,,,seed,ff741c2f0bdf5d24
furan-2-carbaldehyde,furan-2-carbaldehyde,98-01-1,,7362,C5H4O2,true,seed,telegram:minatajhiz,1,,,,,,,,,seed,00666e0c038982f6
4-aminobutanoic acid,4-aminobutanoic acid,,,119,C4H9NO2,true,seed,telegram:chemgroup,1,,,,,,,,,seed,5d9acb82803f561f
oxiran-2-ylmethyl prop-2-enoate,oxiran-2-ylmethyl prop-2-enoate,2225-24-8,,7836,C6H8O3,true,seed,telegram:Maran_Tejarat_Eshen,1,,,,,,,,,seed,e5bac965fe261675
2-aminoacetic acid nitrate,2-aminoacetic acid nitrate,,,22315836,C2H5N2O5-,true,seed,telegram:ChemIranSanat,1,,,,,,,,,seed,0c5eb26005a251ef
2-ethoxyethanol,2-ethoxyethanol | Ethylene Glycol Monoethyl Ether,110-80-5,ZNQVEEAIQZEUHB-UHFFFAOYSA-N,8076,C4H10O2,true,seed,Boof_company; telegram:Boof_company,2,,180 کیلو,,,,🔰 محصول اتیلن گلیکول مونو اتیل اتر Ethylene Glycol Monoethyl Ether (EGME) ➖️ نام علمی : Ethylene Glycol Monoethyl Ether (اتیلن گلیکول مونو اتیل اتر) ➖️ فرمول شیمیایی : C₄H₁₀O₂ ➖️ ماده پایه : گلیکول اتر (حلال) ➖️ برند : اکسیتنو (Oxiteno) ➖️ کشور : برزیل (Brazil) ➖️ وزن بسته : 180 کیلو گرم ➖️ پالت : 7,https://t.me/Boof_company/38,ai_corrected:cohere,ai_corrected+seed,bd6d4ddd6ce56e8e
2-hydroxyethyl octadecanoate,2-hydroxyethyl octadecanoate | Ethylene glycol monostearate,111-60-4,RFVNOJDQRGSOEL-UHFFFAOYSA-N,24762,C20H40O3,true,seed,Ch_Chemical_leaders; telegram:Ch_Chemical_leaders,2,,,,,,#آگهی_فروش 🧪 اتیلن گلایکول مونو استئارات (EGMS) کیفیت مطلوب، مناسب مصارف صنعتی و تولیدی 📞 جهت سفارش و استعلام قیمت: ۰۲۱۶۶۵۶۵۷۰۰ داخلی ۱۰۳ 👤 خانم چگینی,https://t.me/Ch_Chemical_leaders/477,ai_corrected:gemini,ai_corrected+seed,fd14fd3a11691da8
oxaldehyde,oxaldehyde,107-22-2,,7860,C2H2O2,true,seed,telegram:minatajhiz,1,,,,,,,,,seed,126f0a44bcdc297d
heptan-1-ol,heptan-1-ol,111-70-6,,8129,C7H16O,true,seed,telegram:minatajhiz,1,,,,,,,,,seed,7a5cd238f6361750
hexadecane,hexadecane,544-76-3,,11006,C16H34,true,seed,telegram:minatajhiz,1,,,,,,,,,seed,bbed5bca32d74849
"hexane-1,6-diamine","hexane-1,6-diamine",124-09-4,,16402,C6H16N2,true,seed,telegram:IranChemicals,1,,,,,,,,,seed,52e4f2eb2f600ce0
"1-[[3,4,5-tris(2-hydroxypropoxy)-6-[4,5,6-tris(2-hydroxypropoxy)-2-(2-hydroxypropoxymethyl)oxan-3-yl]oxyoxan-2-yl]methoxy]propan-2-ol","1-[[3,4,5-tris(2-hydroxypropoxy)-6-[4,5,6-tris(2-hydroxypropoxy)-2-(2-hydroxypropoxymethyl)oxan-3-yl]oxyoxan-2-yl]methoxy]propan-2-ol | Hydroxyethyl cellulose | hydroxyethyl cellulose",9004-62-0,DFJVHKAPIXJTSC-UHFFFAOYSA-N,4327536,C36H70O19,true,ai_verified,IranChemicals; Maran_Tejarat_Eshen; telegram:IranChemicals,3,,,,,,کاربرد #هیدروکسی_اتیل_سلولز - پلیمریزاسیون امولسیونی - رنگ و پوشش‌های پایه آب - سیمان و ملات‌های خشک - #غلیظ_کننده برای فرمولاسیون آفت‌کش‌ها - گچ دیوار - بتونه گچی - چسب کاشی - مایعات حفاری - محصولات مراقبت شخصی - شوینده‌های مایع - تولید کاغذ - چاپ پارچه . . خواص کلیدی #HE C ✓ حل شدن آسان ✓ پایداری ,https://t.me/Maran_Tejarat_Eshen/656,ai_corrected:gemini,ai_corrected+ai_verified+seed,f1613451432d06ef
1-hydroxypropan-2-yl 2-methylprop-2-enoate,1-hydroxypropan-2-yl 2-methylprop-2-enoate | Hydroxypropyl methacrylate,27813-02-1,ZMARGGQEAJXRFP-UHFFFAOYSA-N,34023,C7H12O3,true,ai_verified,Maran_Tejarat_Eshen; telegram:Maran_Tejarat_Eshen,2,,,,,,,t.me/Maran_Tejarat_Eshen,gemini+gemini,ai_verified+seed,231628454177b823
"(4S)-4-[[2-[[(1R,6R,12S,15S,18S,21S,24S,27S,30S,33S,36S,39S,42R,47R,50S,53S,56S,59S,62S,65S,68S,71S,74S,77S,80S,83S,88R)-88-[[(2S)-5-amino-2-[[(2S)-2-[[(2S)-2-[[(2S,3R)-2-[(2-aminoacetyl)amino]-3-methylpentanoyl]amino]-3-methylbutanoyl]amino]-4-carboxybutanoyl]amino]-5-oxopentanoyl]amino]-6-[[(2S)-2-[[(2S)-2-[[(2S)-5-amino-2-[[(2S)-3-amino-2-[[(2S)-2-[[(2S)-2-amino-3-phenylpropanoyl]amino]-3-methylbutanoyl]amino]-3-oxopropanoyl]amino]-5-oxopentanoyl]amino]-3-(1H-imidazol-4-yl)propanoyl]amino]-4-methylpentanoyl]amino]-47-[[(1S)-3-amino-1-carboxy-3-oxopropyl]carbamoyl]-53-(2-amino-2-oxoethyl)-62-(3-amino-3-oxopropyl)-77-[(2R)-butan-2-yl]-24,56-bis(2-carboxyethyl)-83-[(1S)-1-hydroxyethyl]-12,71,80-tris(hydroxymethyl)-33,50,65-tris[(4-hydroxyphenyl)methyl]-15-(1H-imidazol-4-ylmethyl)-27-methyl-18,30,36,59,68-pentakis(2-methylpropyl)-7,10,13,16,19,22,25,28,31,34,37,40,49,52,55,58,61,64,67,70,73,76,79,82,85,87-hexacosaoxo-21,39-di(propan-2-yl)-3,4,44,45,90,91-hexathia-8,11,14,17,20,23,26,29,32,35,38,41,48,51,54,57,60,63,66,69,72,75,78,81,84,86-hexacosazabicyclo[72.11.7]dononacontane-42-carbonyl]amino]acetyl]amino]-5-[[(2S)-1-[[2-[[(2S)-1-[[(2S)-1-[[(2S)-1-[[(2S,3S)-1-[(2S)-2-[[(2S)-6-amino-1-[[(1S,2S)-1-carboxy-2-hydroxypropyl]amino]-1-oxohexan-2-yl]carbamoyl]pyrrolidin-1-yl]-3-hydroxy-1-oxobutan-2-yl]amino]-3-(4-hydroxyphenyl)-1-oxopropan-2-yl]amino]-1-oxo-3-phenylpropan-2-yl]amino]-1-oxo-3-phenylpropan-2-yl]amino]-2-oxoethyl]amino]-5-carbamimidamido-1-oxopentan-2-yl]amino]-5-oxopentanoic acid","(4S)-4-[[2-[[(1R,6R,12S,15S,18S,21S,24S,27S,30S,33S,36S,39S,42R,47R,50S,53S,56S,59S,62S,65S,68S,71S,74S,77S,80S,83S,88R)-88-[[(2S)-5-amino-2-[[(2S)-2-[[(2S)-2-[[(2S,3R)-2-[(2-aminoacetyl)amino]-3-methylpentanoyl]amino]-3-methylbutanoyl]amino]-4-carboxybutanoyl]amino]-5-oxopentanoyl]amino]-6-[[(2S)-2-[[(2S)-2-[[(2S)-5-amino-2-[[(2S)-3-amino-2-[[(2S)-2-[[(2S)-2-amino-3-phenylpropanoyl]amino]-3-methylbutanoyl]amino]-3-oxopropanoyl]amino]-5-oxopentanoyl]amino]-3-(1H-imidazol-4-yl)propanoyl]amino]-4-methylpentanoyl]amino]-47-[[(1S)-3-amino-1-carboxy-3-oxopropyl]carbamoyl]-53-(2-amino-2-oxoethyl)-62-(3-amino-3-oxopropyl)-77-[(2R)-butan-2-yl]-24,56-bis(2-carboxyethyl)-83-[(1S)-1-hydroxyethyl]-12,71,80-tris(hydroxymethyl)-33,50,65-tris[(4-hydroxyphenyl)methyl]-15-(1H-imidazol-4-ylmethyl)-27-methyl-18,30,36,59,68-pentakis(2-methylpropyl)-7,10,13,16,19,22,25,28,31,34,37,40,49,52,55,58,61,64,67,70,73,76,79,82,85,87-hexacosaoxo-21,39-di(propan-2-yl)-3,4,44,45,90,91-hexathia-8,11,14,17,20,23,26,29,32,35,38,41,48,51,54,57,60,63,66,69,72,75,78,81,84,86-hexacosazabicyclo[72.11.7]dononacontane-42-carbonyl]amino]acetyl]amino]-5-[[(2S)-1-[[2-[[(2S)-1-[[(2S)-1-[[(2S)-1-[[(2S,3S)-1-[(2S)-2-[[(2S)-6-amino-1-[[(1S,2S)-1-carboxy-2-hydroxypropyl]amino]-1-oxohexan-2-yl]carbamoyl]pyrrolidin-1-yl]-3-hydroxy-1-oxobutan-2-yl]amino]-3-(4-hydroxyphenyl)-1-oxopropan-2-yl]amino]-1-oxo-3-phenylpropan-2-yl]amino]-1-oxo-3-phenylpropan-2-yl]amino]-2-oxoethyl]amino]-5-carbamimidamido-1-oxopentan-2-yl]amino]-5-oxopentanoic acid",70-92-6,,70678557,C256H381N65O77S6,true,seed,telegram:IranChemicals,1,,,,,,,,,seed,f9da0c357a786801
3-methylbutyl acetate,3-methylbutyl acetate,123-92-2,,31276,C7H14O2,true,seed,telegram:IranChemicals,1,,,,,,,,,seed,415d63588c176fa9
2-methylpropyl (E)-3-phenylprop-2-enoate,2-methylpropyl (E)-3-phenylprop-2-enoate,122-67-8,,778574,C13H16O2,true,seed,telegram:minatajhiz,1,,,,,,,,,seed,fd93ec4129b1dd11
2-methylpropyl 2-methylprop-2-enoate,2-methylpropyl 2-methylprop-2-enoate,97-86-9,,7352,C8H14O2,true,seed,telegram:ChemIranSanat,1,,,,,,,,,seed,103cc7ec42b5e326
(2R)-2-amino-3-sulfanylpropanoic acid;hydrate;hydrochloride,(2R)-2-amino-3-sulfanylpropanoic acid;hydrate;hydrochloride | L-Cysteine hydrochloride monohydrate,16873-86-2,QIJRTFXNRTXDIP-JIZZDEOASA-N,23462,C3H10ClNO3S,true,ai_verified,ChemIranSanat; telegram:ChemIranSanat,2,,,,,,,t.me/ChemIranSanat,mistral,ai_verified+seed,04e9d1dc2f44fbc1
L-Valine,L-Valine,72-19-5,,6288,C4H9NO3,true,seed,TamadKala,1,,,,,,,,,seed,67a740a9a58d8fc9
"5-amino-2,3-dihydrophthalazine-1,4-dione","5-amino-2,3-dihydrophthalazine-1,4-dione",521-31-3,,10638,C8H7N3O2,true,seed,telegram:ChemIranSanat,1,,,,,,,,,seed,5f663a902df8bcab
dicopper;carbonate;dihydroxide,dicopper;carbonate;dihydroxide | Malachite | malachite,1319-53-5,ZMMDPCMYTCRWFF-UHFFFAOYSA-J,25503,CH2Cu2O5,true,ai_verified,IranChemicals; telegram:chemgroup,3,,,,,,,t.me/IranChemicals,gemini+gemini,ai_verified+seed,507f1acae0121881
2-methylprop-2-enoic acid,2-methylprop-2-enoic acid | methacrylic acid,79-41-4,CERQOIWHTDAKMF-UHFFFAOYSA-N,4093,C4H6O2,true,ai_verified,Maran_Tejarat_Eshen; telegram:Maran_Tejarat_Eshen,7,,,,,in_stock,"لیست اقلام موجود: - متاکریلیک اسید MAA - 2-EHA - HEMA - کاردورا کره ای #ماران_تجارت_اشن 021-22799285,95 09128066375",https://t.me/Maran_Tejarat_Eshen/239,ai_corrected:gemini,ai_corrected+ai_verified+seed,00f1388116e5189a
(2S)-N-methyl-1-phenylpropan-2-amine,(2S)-N-methyl-1-phenylpropan-2-amine,537-46-2,,10836,C10H15N,true,seed,telegram:IranChemicals,1,,,,,,,,,seed,de5069a2c0f67490
methane;tricosahydrate,methane;tricosahydrate,,,85782665,C4H62O23,true,seed,telegram:chemgroup,1,,,,,,,,,seed,e4e96e4b75d4511c
methyl carbonochloridate,methyl carbonochloridate,79-22-1,,6586,C2H3ClO2,true,seed,telegram:minatajhiz,1,,,,,,,,,seed,a68268f7331ed6a0
methyl 2-cyanoprop-2-enoate,methyl 2-cyanoprop-2-enoate,123-96-0,,8711,C5H5NO2,true,seed,telegram:chemgroup,1,,,,,,,,,seed,7bc0b7baf5617490
2-hydroperoxy-2-(2-hydroperoxybutan-2-ylperoxy)butane,2-hydroperoxy-2-(2-hydroperoxybutan-2-ylperoxy)butane,103-37-3,,3672772,C8H18O6,true,seed,telegram:IranChemicals,1,,,,,,,,,seed,d543203f0c38e088
iodomethane,iodomethane,7646-30-6,,6328,CH3I,true,seed,telegram:minatajhiz,1,,,,,,,,,seed,62e40971b870e6a0
magnesium;carbanide;bromide,magnesium;carbanide;bromide | methylmagnesium bromide,1390-83-5,NXPHGHWWQRMDIA-UHFFFAOYSA-M,6349,CH3BrMg,true,seed,minatajhiz; telegram:minatajhiz,2,Sigma-Aldrich,1.035 g,,,,189898 Aldrich Methylmagnesium bromide solution 3.0 M in diethyl ether density 1.035 g/mL at 25 °C,https://t.me/minatajhiz/332,ai_corrected:mistral,ai_corrected+seed,5f613c4f8f97f361
methyl 2-phenylacetate,methyl 2-phenylacetate,101-41-7,,7559,C9H10O2,true,seed,telegram:Ch_Chemical_leaders,1,,,,,,,,,seed,a055e7e6cde3bd57
N-[(prop-2-enoylamino)methyl]prop-2-enamide,N-[(prop-2-enoylamino)methyl]prop-2-enamide,,,8041,C7H10N2O2,true,seed,telegram:minatajhiz,1,,,,,,,,,seed,3829a64e5e723404
"2-methyl-1,2-thiazol-3-one","2-methyl-1,2-thiazol-3-one",2682-20-4,,39800,C4H5NOS,true,seed,telegram:Maran_Tejarat_Eshen,1,,,,,,,,,seed,fc4f9ec8177b3629
"[(2R,3S,4R,5R)-3,4-dihydroxy-5-[4-(hydroxyamino)-2-oxopyrimidin-1-yl]oxolan-2-yl]methyl 2-methylpropanoate","[(2R,3S,4R,5R)-3,4-dihydroxy-5-[4-(hydroxyamino)-2-oxopyrimidin-1-yl]oxolan-2-yl]methyl 2-methylpropanoate",2349386-89-4,,145996610,C13H19N3O7,true,seed,telegram:IranChemicals,1,,,,,,,,,seed,0a24c3c65efbbcf7
"2-(2,4-dihydroxyphenyl)-3,5,7-trihydroxychromen-4-one;dihydrate","2-(2,4-dihydroxyphenyl)-3,5,7-trihydroxychromen-4-one;dihydrate",528-04-9,,18542136,C15H14O9,true,seed,telegram:minatajhiz,1,,,,,,,,,seed,6fe2e67582893128
"4-methoxy-6-prop-2-enyl-1,3-benzodioxole","4-methoxy-6-prop-2-enyl-1,3-benzodioxole",,,4276,C11H12O3,true,seed,telegram:ChemIranSanat,1,,,,,,,,,seed,997d5c945ddc9b01
"4-N,4-N-dimethylbenzene-1,4-diamine","4-N,4-N-dimethylbenzene-1,4-diamine",621-92-9,,7472,C8H12N2,true,seed,telegram:chemgroup,1,,,,,,,,,seed,c35ebf56389b6880
3-[(2S)-1-methylpyrrolidin-2-yl]pyridine,3-[(2S)-1-methylpyrrolidin-2-yl]pyridine,54-11-5,,89594,C10H14N2,true,seed,telegram:chemgroup,1,,,,,,,,,seed,418bbddfe2ee8032
9-(diethylamino)benzo[a]phenoxazin-5-one,9-(diethylamino)benzo[a]phenoxazin-5-one,7385-81-5,,65182,C20H18N2O2,true,seed,telegram:chemgroup,1,,,,,,,,,seed,c4f4b26e6ddf479b
2-nonylphenol,2-nonylphenol | Nonylphenol,25154-52-5,SNQQPOLDUKLAAF-UHFFFAOYSA-N,67296,C15H24O,true,ai_verified,IranChemicals; telegram:IranChemicals,2,,,,,,,t.me/IranChemicals,gemini+mistral,ai_verified+seed,9110b2280aec9b1f
"octadecyl 3-(3,5-ditert-butyl-4-hydroxyphenyl)propanoate","octadecyl 3-(3,5-ditert-butyl-4-hydroxyphenyl)propanoate",27583-95-9,,16386,C35H62O3,true,seed,telegram:Ch_Chemical_leaders,1,,,,,,,,,seed,c72937ba0491a771
[(Z)-octadec-9-enyl] acetate,[(Z)-octadec-9-enyl] acetate,693-80-1,,5363289,C20H38O2,true,seed,telegram:ChemIranSanat,1,,,,,,,,,seed,6386fa7aa6e4df9c
"(2S)-1-[(4R,7S,10S,13S,16S,19R)-19-amino-7-(2-amino-2-oxoethyl)-10-(3-amino-3-oxopropyl)-13-[(2S)-butan-2-yl]-16-[(4-hydroxyphenyl)methyl]-6,9,12,15,18-pentaoxo-1,2-dithia-5,8,11,14,17-pentazacycloicosane-4-carbonyl]-N-[(2S)-1-[(2-amino-2-oxoethyl)amino]-4-methyl-1-oxopentan-2-yl]pyrrolidine-2-carboxamide","(2S)-1-[(4R,7S,10S,13S,16S,19R)-19-amino-7-(2-amino-2-oxoethyl)-10-(3-amino-3-oxopropyl)-13-[(2S)-butan-2-yl]-16-[(4-hydroxyphenyl)methyl]-6,9,12,15,18-pentaoxo-1,2-dithia-5,8,11,14,17-pentazacycloicosane-4-carbonyl]-N-[(2S)-1-[(2-amino-2-oxoethyl)amino]-4-methyl-1-oxopentan-2-yl]pyrrolidine-2-carboxamide",50-56-6,,439302,C43H66N12O12S2,true,seed,telegram:chemgroup,1,,,,,,,,,seed,1ff9719f6f7de3a2
2-[4-(carboxymethyl)phenyl]acetic acid,"2-[4-(carboxymethyl)phenyl]acetic acid | 2,2'-(1,4-Phenylene)diacetic acid",1798-02-1,SLWIPPZWFZGHEU-UHFFFAOYSA-N,81760,C10H10O4,true,seed,ChemIranSanat; telegram:ChemIranSanat,2,Fluorochem,25g,,,in_stock,"236816 Fluorochem 2,2'-(1,4-Phenylene)diacetic acid 25g 🔜 موجود و آماده تحویل ✅ شیمیران صنعت فقط اصلی ♾ موجودی و تنوع بی نظیر از برندهای معتبر 📱 سفارش کالا 👇 🆔 @ChemIranAdmin 🆔 @ChemIran1",https://t.me/ChemIranSanat/1805,ai_corrected:mistral,ai_corrected+seed,2d99d072a1b12caa
"[(1S,2S,3R,4S,7R,9S,10S,12R,15S)-4,12-diacetyloxy-15-[(2R,3S)-3-benzamido-2-hydroxy-3-phenylpropanoyl]oxy-1,9-dihydroxy-10,14,17,17-tetramethyl-11-oxo-6-oxatetracyclo[11.3.1.03,10.04,7]heptadec-13-en-2-yl] benzoate","[(1S,2S,3R,4S,7R,9S,10S,12R,15S)-4,12-diacetyloxy-15-[(2R,3S)-3-benzamido-2-hydroxy-3-phenylpropanoyl]oxy-1,9-dihydroxy-10,14,17,17-tetramethyl-11-oxo-6-oxatetracyclo[11.3.1.03,10.04,7]heptadec-13-en-2-yl] benzoate",33069-62-4,,36314,C47H51NO14,true,seed,telegram:chemgroup,1,,,,,,,,,seed,1b96c1d03c7834fb
"4-[(4-aminophenyl)-(4-iminocyclohexa-2,5-dien-1-ylidene)methyl]aniline;hydrochloride","4-[(4-aminophenyl)-(4-iminocyclohexa-2,5-dien-1-ylidene)methyl]aniline;hydrochloride",569-61-9,,11292,C19H18ClN3,true,seed,telegram:minatajhiz,1,,,,,,,,,seed,159755d569f5ffe0
"3,3-dimethyl-7-oxo-6-[(2-phenylacetyl)amino]-4-thia-1-azabicyclo[3.2.0]heptane-2-carboxylic acid","3,3-dimethyl-7-oxo-6-[(2-phenylacetyl)amino]-4-thia-1-azabicyclo[3.2.0]heptane-2-carboxylic acid",,,2349,C16H18N2O4S,true,seed,telegram:minatajhiz,1,,,,,,,,,seed,3d1f768498b84ab9
"2,2,3,3,4,4,5,5,6,6,7,7,8,8,8-pentadecafluorooctanoic acid","2,2,3,3,4,4,5,5,6,6,7,7,8,8,8-pentadecafluorooctanoic acid",335-67-1,,9554,C8HF15O2,true,seed,telegram:chemgroup,1,,,,,,,,,seed,f939f451b4fe4974
2-phenylethanamine,2-phenylethanamine,64-04-0,,1001,C8H11N,true,seed,telegram:chemgroup,1,,,,,,,,,seed,4bca4d63a14f2a1f
phenyl carbonochloridate,phenyl carbonochloridate | Phenyl chloroformate,682-96-6,AHWALFGBDFAJAI-UHFFFAOYSA-N,15891,C7H5ClO2,true,seed,minatajhiz; telegram:minatajhiz,2,Merck,,,,,فنیل کلروفرمات Phenyl chloroformate کد محصول مرک: 802353 واردات جدید مرک,https://t.me/minatajhiz/1001,ai_corrected:mistral,ai_corrected+seed,e17febb4d9f0fcb9
2-phenylacetonitrile,2-phenylacetonitrile,,,8794,C8H7N,true,seed,telegram:minatajhiz,1,,,,,,,,,seed,d9e19222a8aad6c6
ethynylbenzene,ethynylbenzene,536-74-3,,10821,C8H6,true,seed,telegram:minatajhiz,1,,,,,,,,,seed,d2a38ad451feccca
phenylmercury;hydrate,phenylmercury;hydrate,100-57-2,,7512,C6H7HgO,true,seed,telegram:minatajhiz,1,,,,,,,,,seed,b504dfe43d3561b8
2-hydroxypropanoyloxy(phenyl)mercury,2-hydroxypropanoyloxy(phenyl)mercury,122-64-5,,16683023,C9H10HgO3,true,seed,telegram:minatajhiz,1,,,,,,,,,seed,ef417f7dd9549fcf
N-[2-[ethoxy(methyl)phosphoryl]sulfanylethyl]-N-propan-2-ylpropan-2-amine,N-[2-[ethoxy(methyl)phosphoryl]sulfanylethyl]-N-propan-2-ylpropan-2-amine,,,39793,C11H26NO2PS,true,seed,telegram:chemgroup,1,,,,,,,,,seed,15a6caec82b844a9
"(2E,4E)-5-(1,3-benzodioxol-5-yl)-1-piperidin-1-ylpenta-2,4-dien-1-one","(2E,4E)-5-(1,3-benzodioxol-5-yl)-1-piperidin-1-ylpenta-2,4-dien-1-one",94-62-2,,638024,C17H19NO3,true,seed,telegram:ChemIranSanat,1,,,,,,,,,seed,da68da2e04cc2e98
2-[2-(2-hydroxyethoxy)propoxy]ethanol,2-[2-(2-hydroxyethoxy)propoxy]ethanol,9003-11-6,,10154203,C7H16O4,true,seed,telegram:ChemIranSanat,1,,,,,,,,,seed,e012c65d3e395f2d
(5E)-5-[[3-methoxy-5-(1H-pyrrol-2-yl)-1H-pyrrol-2-yl]methylidene]-2-methyl-3-pentylpyrrole,(5E)-5-[[3-methoxy-5-(1H-pyrrol-2-yl)-1H-pyrrol-2-yl]methylidene]-2-methyl-3-pentylpyrrole | Prodigiosin,,SZXDNGVQRDTJSD-FOWTUZBSSA-N,172897611,C20H25N3O,true,ai_verified,LabTel; telegram:LabTel,2,,,,,,,t.me/LabTel,mistral+mistral+mistral,ai_verified+seed,5bc1dea2526945a6
prop-1-ene,prop-1-ene | Propylene,127-37-1,QQONPFPTGQHPMA-UHFFFAOYSA-N,8252,C3H6,true,ai_verified,IranChemicals; telegram:IranChemicals,2,,,,,,,t.me/IranChemicals,gemini,ai_verified+seed,9c75f155138a16b8
1H-pyrrole,1H-pyrrole,,,8027,C4H5N,true,seed,telegram:minatajhiz,1,,,,,,,,,seed,23e6e21c5901207f
"trans-(1R,2R)-2-methoxycyclohexan-1-ol","trans-(1R,2R)-2-methoxycyclohexan-1-ol",7429-40-5,,11051680,C7H14O2,true,seed,telegram:chemgroup,1,,,,,,,,,seed,959a37a0e7298ba7
"2-ethylbutyl (2S)-2-[[[(2R,3S,4R,5R)-5-(4-aminopyrrolo[2,1-f][1,2,4]triazin-7-yl)-5-cyano-3,4-dihydroxyoxolan-2-yl]methoxy-phenoxyphosphoryl]amino]propanoate","2-ethylbutyl (2S)-2-[[[(2R,3S,4R,5R)-5-(4-aminopyrrolo[2,1-f][1,2,4]triazin-7-yl)-5-cyano-3,4-dihydroxyoxolan-2-yl]methoxy-phenoxyphosphoryl]amino]propanoate",1809249-37-3,,121304016,C27H35N6O8P,true,seed,telegram:IranChemicals,1,,,,,,,,,seed,0340d0dd0d9965ad
"5-[(E)-2-(4-hydroxyphenyl)ethenyl]benzene-1,3-diol","5-[(E)-2-(4-hydroxyphenyl)ethenyl]benzene-1,3-diol",501-36-0,,445154,C14H12O3,true,seed,telegram:minatajhiz,1,,,,,,,,,seed,818c701534c35aec
"1-[(2R,3R,4S,5R)-3,4-dihydroxy-5-(hydroxymethyl)oxolan-2-yl]-1,2,4-triazole-3-carboxamide","1-[(2R,3R,4S,5R)-3,4-dihydroxy-5-(hydroxymethyl)oxolan-2-yl]-1,2,4-triazole-3-carboxamide",137196-78-6,,37542,C8H12N4O5,true,seed,telegram:ChemIranSanat,1,,,,,,,,,seed,bf12a815c070496c
2-[fluoro(methyl)phosphoryl]oxypropane,2-[fluoro(methyl)phosphoryl]oxypropane,107-44-8,,7871,C4H10FO2P,true,seed,telegram:ChemIranSanat,1,,,,,,,,,seed,e2a8db7e44f34506
"sodium 2,4-dinitrobenzenesulfonate","sodium 2,4-dinitrobenzenesulfonate",16566-24-2,GSBYVRKLPCSLNV-UHFFFAOYSA-M,70168,C6H3N2NaO7S,true,seed,minatajhiz; telegram:minatajhiz,3,Sigma-Aldrich,,,,,"Sodium 2,4-dinitrobenzenesulfonate 259934 #sigma",https://t.me/minatajhiz/476,ai_corrected:mistral,ai_corrected+seed,15471cefe45a88b1
Sodium carboxymethyl cellulose,Sodium carboxymethyl cellulose,9004-32-4,,6328154,C8H16NaO8,true,seed,telegram:minatajhiz,1,,,,,,,,,seed,b77e8d95aa10f305
sodium 2-chloroacetate,sodium 2-chloroacetate,2907-22-5,,23665759,C2H2ClNaO2,true,seed,telegram:minatajhiz,1,,,,,,,,,seed,c2fa60f8f57998f5
sodium hydroxymethanesulfinate,sodium hydroxymethanesulfinate,1316-58-5,,23689980,CH3NaO3S,true,seed,telegram:Boof_company,1,,,,,,,,,seed,05150379176b0265
"(2R,3R,4R,5R,6S)-2-[(2R,3R,4S,5S,6R)-5-hydroxy-6-(hydroxymethyl)-2-[[(1S,2S,7S,10R,11S,14S,15R,16S,17R,20S,23S)-10,14,16,20-tetramethyl-22-azahexacyclo[12.10.0.02,11.05,10.015,23.017,22]tetracos-4-en-7-yl]oxy]-4-[(2S,3R,4S,5S,6R)-3,4,5-trihydroxy-6-(hydroxymethyl)oxan-2-yl]oxyoxan-3-yl]oxy-6-methyloxane-3,4,5-triol","(2R,3R,4R,5R,6S)-2-[(2R,3R,4S,5S,6R)-5-hydroxy-6-(hydroxymethyl)-2-[[(1S,2S,7S,10R,11S,14S,15R,16S,17R,20S,23S)-10,14,16,20-tetramethyl-22-azahexacyclo[12.10.0.02,11.05,10.015,23.017,22]tetracos-4-en-7-yl]oxy]-4-[(2S,3R,4S,5S,6R)-3,4,5-trihydroxy-6-(hydroxymethyl)oxan-2-yl]oxyoxan-3-yl]oxy-6-methyloxane-3,4,5-triol",20562-02-1,,30185,C45H73NO15,true,seed,telegram:ChemIranSanat,1,,,,,,,,,seed,d4555caf11a753f4
"[(2R)-2-[(2R,3R,4S)-3,4-dihydroxyoxolan-2-yl]-2-hydroxyethyl] octadecanoate","[(2R)-2-[(2R,3R,4S)-3,4-dihydroxyoxolan-2-yl]-2-hydroxyethyl] octadecanoate",1338-41-6,,16218600,C24H46O6,true,seed,telegram:jahaneshimicom,1,,,,,,,,,seed,26fd00800bfb341c
"N'-(3-aminopropyl)butane-1,4-diamine","N'-(3-aminopropyl)butane-1,4-diamine",124-20-9,,1102,C7H19N3,true,seed,telegram:minatajhiz,1,,,,,,,,,seed,5856ffef349123ac
"bis(2-[(1R,2R,3S,4R,5R,6S)-3-(diaminomethylideneamino)-4-[(2R,3R,4R,5S)-3-[(2S,3S,4S,5R,6S)-4,5-dihydroxy-6-(hydroxymethyl)-3-(methylamino)oxan-2-yl]oxy-4-formyl-4-hydroxy-5-methyloxolan-2-yl]oxy-2,5,6-trihydroxycyclohexyl]guanidine);sulfuric acid","bis(2-[(1R,2R,3S,4R,5R,6S)-3-(diaminomethylideneamino)-4-[(2R,3R,4R,5S)-3-[(2S,3S,4S,5R,6S)-4,5-dihydroxy-6-(hydroxymethyl)-3-(methylamino)oxan-2-yl]oxy-4-formyl-4-hydroxy-5-methyloxolan-2-yl]oxy-2,5,6-trihydroxycyclohexyl]guanidine);sulfuric acid",11055-58-0,,19648,C42H84N14O36S3,true,seed,telegram:labshop,1,,,,,,,,,seed,2ad85cf220e73763
1-isothiocyanato-4-methylsulfinylbutane,1-isothiocyanato-4-methylsulfinylbutane,4478-93-7,,5350,C6H11NOS2,true,seed,telegram:ChemIranSanat,1,,,,,,,,,seed,38637c2ebbc267cc
1-chloro-2-(2-chloroethylsulfanyl)ethane,1-chloro-2-(2-chloroethylsulfanyl)ethane,505-60-2,,10461,C4H8Cl2S,true,seed,telegram:chemgroup,1,,,,,,,,,seed,abaaee06ae4827fa
"(2R)-N-[(2R,3S)-1-[[(2S,3S)-1-[[(2S)-1-[[(3S,6S,9S,12R,13S)-6-[[(5S)-2-amino-4,5-dihydro-1H-imidazol-5-yl]methyl]-3-[(2S)-butan-2-yl]-9,13-dimethyl-2,5,8,11-tetraoxo-1-oxa-4,7,10-triazacyclotridec-12-yl]amino]-3-hydroxy-1-oxopropan-2-yl]amino]-3-methyl-1-oxopentan-2-yl]amino]-3-methyl-1-oxopentan-2-yl]-2-[[(2S)-3-hydroxy-2-[[(2S,3S)-3-methyl-2-[[(2R)-2-(methylamino)-3-phenylpropanoyl]amino]pentanoyl]amino]propanoyl]amino]pentanediamide","(2R)-N-[(2R,3S)-1-[[(2S,3S)-1-[[(2S)-1-[[(3S,6S,9S,12R,13S)-6-[[(5S)-2-amino-4,5-dihydro-1H-imidazol-5-yl]methyl]-3-[(2S)-butan-2-yl]-9,13-dimethyl-2,5,8,11-tetraoxo-1-oxa-4,7,10-triazacyclotridec-12-yl]amino]-3-hydroxy-1-oxopropan-2-yl]amino]-3-methyl-1-oxopentan-2-yl]amino]-3-methyl-1-oxopentan-2-yl]-2-[[(2S)-3-hydroxy-2-[[(2S,3S)-3-methyl-2-[[(2R)-2-(methylamino)-3-phenylpropanoyl]amino]pentanoyl]amino]propanoyl]amino]pentanediamide",,,86341926,C58H95N15O15,true,seed,telegram:ChemIranSanat,1,,,,,,,,,seed,a5ea2b47931f71f9
2-methoxy-2-methylpropane,2-methoxy-2-methylpropane,1634-04-4,,15413,C5H12O,true,seed,telegram:IranChemicals,1,,,,,,,,,seed,a76fd9ffd4c5cc36
tert-butyl benzenecarboperoxoate,tert-butyl benzenecarboperoxoate | tert-Butyl peroxybenzoate,614-45-9,GJBRNHKUVLOCEB-UHFFFAOYSA-N,11966,C11H14O3,true,ai_verified,Maran_Tejarat_Eshen; telegram:Maran_Tejarat_Eshen,2,,,,,,,t.me/Maran_Tejarat_Eshen,gemini+mistral+mistral+mistral+mistral+mistral+gemini+cohere+cohere+gemini+gemini+gemini+gemini,ai_verified+seed,cd10d03b7297acb4
"(8R,9S,10R,13S,14S,17S)-17-hydroxy-10,13-dimethyl-1,2,6,7,8,9,11,12,14,15,16,17-dodecahydrocyclopenta[a]phenanthren-3-one","(8R,9S,10R,13S,14S,17S)-17-hydroxy-10,13-dimethyl-1,2,6,7,8,9,11,12,14,15,16,17-dodecahydrocyclopenta[a]phenanthren-3-one",58-22-0,,6013,C19H28O2,true,seed,telegram:minatajhiz,1,,,,,,,,,seed,f231620514bd97cc
"(6aR,10aR)-6,6,9-trimethyl-3-pentyl-6a,7,8,10a-tetrahydrobenzo[c]chromen-1-ol","(6aR,10aR)-6,6,9-trimethyl-3-pentyl-6a,7,8,10a-tetrahydrobenzo[c]chromen-1-ol",1972-08-3,,16078,C21H30O2,true,seed,telegram:ChemIranSanat,1,,,,,,,,,seed,2bb606d9af466f38
thiolane,thiolane,110-01-0,,1127,C4H8S,true,seed,telegram:minatajhiz,1,,,,,,,,,seed,ec90900ffb70bcb1
tetramethylazanium hydroxide,tetramethylazanium hydroxide,75-59-2,,60966,C4H13NO,true,seed,telegram:ChemIranSanat,1,,,,,,,,,seed,9a873042cf39b4e0
tetrapropylazanium hydroxide,tetrapropylazanium hydroxide,141-69-5,,20586,C12H29NO,true,seed,telegram:minatajhiz,1,,,,,,,,,seed,b3f0cddbfb03a560
"4-benzyl-2-naphthalen-1-yl-1,2,4-thiadiazolidine-3,5-dione","4-benzyl-2-naphthalen-1-yl-1,2,4-thiadiazolidine-3,5-dione",865854-05-3,,11313622,C19H14N2O2S,true,seed,telegram:ChemIranSanat,1,,,,,,,,,seed,b35b1a65e88d27c1
"2-[[1,3-dihydroxy-2-(hydroxymethyl)propan-2-yl]amino]acetic acid","2-[[1,3-dihydroxy-2-(hydroxymethyl)propan-2-yl]amino]acetic acid",5704-04-1,,79784,C6H13NO5,true,seed,telegram:ChemIranSanat,1,,,,,,,,,seed,14727bc0a8fbdbab
"5-chloro-2-(2,4-dichlorophenoxy)phenol","5-chloro-2-(2,4-dichlorophenoxy)phenol | Triclosan",3380-34-5,XEFQLINVKFYRCS-UHFFFAOYSA-N,5564,C12H7Cl3O2,true,ai_verified,chemgroup; telegram:ChemIranSanat,2,,,,,,,t.me/chemgroup,gemini,ai_verified+seed,9fd18571eb5788fe
triethyl phosphate,triethyl phosphate,78-40-0,,6535,C6H15O4P,true,seed,telegram:minatajhiz,1,,,,,,,,,seed,3779dc88994c479f
"N,N-diethylethanamine","N,N-diethylethanamine",121-44-8,,8471,C6H15N,true,seed,telegram:minatajhiz,1,,,,,,,,,seed,da1d5f07d3e6a593
trifluoromethanesulfonic acid,trifluoromethanesulfonic acid,1493-13-6,,62406,CHF3O3S,true,seed,telegram:minatajhiz,1,,,,,,,,,seed,2af58271e626cf80
trimethyl borate,trimethyl borate,1670-88-5,,8470,C3H9BO3,true,seed,telegram:chemgroup,1,,,,,,,,,seed,fe51852dcd886c14
"2,2-bis(2-methylprop-2-enoyloxymethyl)butyl 2-methylprop-2-enoate","2,2-bis(2-methylprop-2-enoyloxymethyl)butyl 2-methylprop-2-enoate",,,18689,C18H26O6,true,seed,telegram:minatajhiz,1,,,,,,,,,seed,0a408e4facd3f2df
methyl(trioctyl)azanium chloride,methyl(trioctyl)azanium chloride,5137-55-8,,21218,C25H54ClN,true,seed,telegram:minatajhiz,1,,,,,,,,,seed,03e3d1b7fd2bd4b1
triphenyl phosphate,triphenyl phosphate,115-86-6,,8289,C18H15O4P,true,seed,telegram:chemgroup,1,,,,,,,,,seed,f24ea70015c8d76c
tris(trimethylsilyl) phosphite,tris(trimethylsilyl) phosphite,10475-02-2,VMZOBROUFBEGAR-UHFFFAOYSA-N,137213,C9H27O3PSi3,true,seed,ChemIranSanat; telegram:ChemIranSanat,2,Sigma-Aldrich,5ml,,,in_stock,"93412 Sigma-Aldrich Tris(trimethylsilyl) phosphite, 95% 5ml 🔜 موجود و آماده تحویل ✅ شیمیران صنعت فقط اصلی 📱 دریافت قیمت یا سفارش کالا 👇 🆔 @ChemIranAdmin 🆔 @ChemIran1",https://t.me/ChemIranSanat/1725,ai_corrected:mistral,ai_corrected+seed,f426827c94d81eab
"2-[4-(2,4,4-trimethylpentan-2-yl)phenoxy]ethanol","2-[4-(2,4,4-trimethylpentan-2-yl)phenoxy]ethanol",,,5590,C16H26O2,true,seed,telegram:minatajhiz,1,,,,,,,,,seed,8d8600d3efc6c5d6
"2-amino-2-(hydroxymethyl)propane-1,3-diol","2-amino-2-(hydroxymethyl)propane-1,3-diol",77-86-1,,444305,C4H11NO3,true,seed,Fardad Shimi; TamadKala; Telegram: ChemIranSanat,3,,,,,,,,,seed,59d1e738fb8a30d9
methane,methane | Carbon | graphene | Activated carbon | Single-walled carbon nanotube | Diamond | carbon nanotube | Black ink,7440-44-0,OKTJSMMVPCPJKN-UHFFFAOYSA-N,5462310,CH4,true,ai_verified,DigiShimi; IranChemicals; Telegram: ChemIranSanat; chemgroup,14,,,,,,,t.me/chemgroup,gemini+gemini,ai_verified+seed,3d40e84381ef152a
styrene,styrene | styrene monomer,100-42-5,PPBRXRYQALVLMV-UHFFFAOYSA-N,7501,C8H8,true,structured_pubchem,Boof_company; IranChemicals; Karina Polymer; telegram:Boof_company; telegram:Ch_Chemical_leaders; telegram:chemgroup; telegram:minatajhiz,7,,190 کیلوگرم,,,,🔰 محصول مونومر استایرن Styrene Monomer (SM) ‌ ➖️ نام علمی : Styrene Monomer (استایرن مونومر) ➖️ فرمول شیمیایی : C₈H₈ ➖️ ماده پایه : مونومر آلی ➖️ برند : توتال (TOTAL) ➖️ کشور : فرانسه (France) ➖️ وزن بشکه : 190 کیلوگرم (بشکه) ➖️ پالت : 760 کیلوگرم (4 بشکه) ➖️ قیمت : ‌ ☎️ جهت مشاوره خرید، استعلام قیم,https://t.me/Boof_company/65,rules+ai-audit,ai_verified+seed+structured_pubchem,978c443ed40ec660
calcium carbonate,calcium carbonate,471-34-1,,,,true,seed,telegram:ChemIranSanat; telegram:IranChemicals,2,,,,,,,,,seed,565d240f5343e625
CAS 100-34-1,CAS 100-34-1,100-34-1,,,,true,seed,telegram:ChemIranSanat,1,,,,,,,,,seed,565d240f5343e625
CAS 10045-22-0,CAS 10045-22-0,10045-22-0,,,,true,seed,telegram:ChemIranSanat,1,,,,,,,,,seed,565d240f5343e625
CAS 10045-22-1,CAS 10045-22-1,10045-22-1,,,,true,seed,telegram:ChemIranSanat,1,,,,,,,,,seed,565d240f5343e625
CAS 10045-25-5,CAS 10045-25-5,10045-25-5,,,,true,seed,telegram:minatajhiz,1,,,,,,,,,seed,565d240f5343e625
CAS 10049-37-3,CAS 10049-37-3,10049-37-3,,,,true,seed,telegram:jahaneshimicom,1,,,,,,,,,seed,565d240f5343e625
CAS 10168-83-5,CAS 10168-83-5,10168-83-5,,,,true,seed,telegram:ChemIranSanat,1,,,,,,,,,seed,565d240f5343e625
CAS 102-82-7,CAS 102-82-7,102-82-7,,,,true,seed,telegram:Maran_Tejarat_Eshen,1,,,,,,,,,seed,565d240f5343e625
CAS 10244-67-5,CAS 10244-67-5,10244-67-5,,,,true,seed,telegram:ChemIranSanat,1,,,,,,,,,seed,565d240f5343e625
CAS 10260-22-4,CAS 10260-22-4,10260-22-4,,,,true,seed,telegram:ChemIranSanat,1,,,,,,,,,seed,565d240f5343e625
CAS 103-11-3,CAS 103-11-3,103-11-3,,,,true,seed,telegram:Maran_Tejarat_Eshen,1,,,,,,,,,seed,565d240f5343e625
CAS 103-18-2,CAS 103-18-2,103-18-2,,,,true,seed,telegram:Maran_Tejarat_Eshen,1,,,,,,,,,seed,565d240f5343e625
CAS 103-30-4,CAS 103-30-4,103-30-4,,,,true,seed,telegram:Maran_Tejarat_Eshen,1,,,,,,,,,seed,565d240f5343e625
CAS 103-78-2,CAS 103-78-2,103-78-2,,,,true,seed,telegram:Maran_Tejarat_Eshen,1,,,,,,,,,seed,565d240f5343e625
CAS 103-97-3,CAS 103-97-3,103-97-3,,,,true,seed,telegram:ChemIranSanat; telegram:Maran_Tejarat_Eshen,2,,,,,,,,,seed,565d240f5343e625
CAS 105-85-3,CAS 105-85-3,105-85-3,,,,true,seed,telegram:Maran_Tejarat_Eshen,1,,,,,,,,,seed,565d240f5343e625
CAS 107-95-7,CAS 107-95-7,107-95-7,,,,true,seed,telegram:Maran_Tejarat_Eshen,1,,,,,,,,,seed,565d240f5343e625
CAS 107673-44-9,CAS 107673-44-9,107673-44-9,,,,true,seed,telegram:minatajhiz,1,,,,,,,,,seed,565d240f5343e625
CAS 108-02-7,CAS 108-02-7,108-02-7,,,,true,seed,telegram:ChemIranSanat,1,,,,,,,,,seed,565d240f5343e625
CAS 110-01-2,CAS 110-01-2,110-01-2,,,,true,seed,telegram:ChemIranSanat,1,,,,,,,,,seed,565d240f5343e625
CAS 111-99-3,CAS 111-99-3,111-99-3,,,,true,seed,telegram:ChemIranSanat,1,,,,,,,,,seed,565d240f5343e625
CAS 112-04-7,CAS 112-04-7,112-04-7,,,,true,seed,telegram:ChemIranSanat,1,,,,,,,,,seed,565d240f5343e625
CAS 112264-85-4,CAS 112264-85-4,112264-85-4,,,,true,seed,telegram:minatajhiz,1,,,,,,,,,seed,565d240f5343e625
CAS 119-65-7,CAS 119-65-7,119-65-7,,,,true,seed,telegram:jahaneshimicom,1,,,,,,,,,seed,565d240f5343e625
CAS 120-59-8,CAS 120-59-8,120-59-8,,,,true,seed,telegram:Maran_Tejarat_Eshen,1,,,,,,,,,seed,565d240f5343e625
CAS 122-10-5,CAS 122-10-5,122-10-5,,,,true,seed,telegram:Ch_Chemical_leaders,1,,,,,,,,,seed,565d240f5343e625
CAS 123-03-1,CAS 123-03-1,123-03-1,,,,true,seed,telegram:ChemIranSanat,1,,,,,,,,,seed,565d240f5343e625
CAS 124511-78-9,CAS 124511-78-9,124511-78-9,,,,true,seed,telegram:minatajhiz,1,,,,,,,,,seed,565d240f5343e625
CAS 130-38-3,CAS 130-38-3,130-38-3,,,,true,seed,telegram:ChemIranSanat,1,,,,,,,,,seed,565d240f5343e625
CAS 1302-62-7,CAS 1302-62-7,1302-62-7,,,,true,seed,telegram:jahaneshimicom,1,,,,,,,,,seed,565d240f5343e625
CAS 1302-78-9,CAS 1302-78-9,1302-78-9,,,,true,seed,telegram:Maran_Tejarat_Eshen; telegram:jahaneshimicom,2,,,,,,,,,seed,565d240f5343e625
CAS 1309-66-2,CAS 1309-66-2,1309-66-2,,,,true,seed,telegram:jahaneshimicom,1,,,,,,,,,seed,565d240f5343e625
CAS 1310-69-6,CAS 1310-69-6,1310-69-6,,,,true,seed,telegram:Maran_Tejarat_Eshen,1,,,,,,,,,seed,565d240f5343e625
CAS 1318-95-8,CAS 1318-95-8,1318-95-8,,,,true,seed,telegram:minatajhiz,1,,,,,,,,,seed,565d240f5343e625
CAS 1327-50-8,CAS 1327-50-8,1327-50-8,,,,true,seed,telegram:jahaneshimicom,1,,,,,,,,,seed,565d240f5343e625
CAS 1330-26-7,CAS 1330-26-7,1330-26-7,,,,true,seed,telegram:jahaneshimicom,1,,,,,,,,,seed,565d240f5343e625
CAS 1332-58-7,CAS 1332-58-7,1332-58-7,,,,true,seed,telegram:IranChemicals,1,,,,,,,,,seed,565d240f5343e625
CAS 134-43-6,CAS 134-43-6,134-43-6,,,,true,seed,telegram:ChemIranSanat,1,,,,,,,,,seed,565d240f5343e625
CAS 1344-25-2,CAS 1344-25-2,1344-25-2,,,,true,seed,telegram:jahaneshimicom,1,,,,,,,,,seed,565d240f5343e625
CAS 1346-34-7,CAS 1346-34-7,1346-34-7,,,,true,seed,telegram:jahaneshimicom,1,,,,,,,,,seed,565d240f5343e625
CAS 13476-74-7,CAS 13476-74-7,13476-74-7,,,,true,seed,telegram:chemgroup,1,,,,,,,,,seed,565d240f5343e625
CAS 13494-35-6,CAS 13494-35-6,13494-35-6,,,,true,seed,telegram:minatajhiz,1,,,,,,,,,seed,565d240f5343e625
CAS 135-39-1,CAS 135-39-1,135-39-1,,,,true,seed,telegram:Maran_Tejarat_Eshen,1,,,,,,,,,seed,565d240f5343e625
CAS 13536-36-0,CAS 13536-36-0,13536-36-0,,,,true,seed,telegram:Maran_Tejarat_Eshen,1,,,,,,,,,seed,565d240f5343e625
CAS 1406-16-2,CAS 1406-16-2,1406-16-2,,,,true,seed,telegram:ChemIranSanat,1,,,,,,,,,seed,565d240f5343e625
CAS 141-03-5,CAS 141-03-5,141-03-5,,,,true,seed,telegram:Maran_Tejarat_Eshen,1,,,,,,,,,seed,565d240f5343e625
CAS 141-42-2,CAS 141-42-2,141-42-2,,,,true,seed,telegram:Maran_Tejarat_Eshen,1,,,,,,,,,seed,565d240f5343e625
CAS 141-56-8,CAS 141-56-8,141-56-8,,,,true,seed,telegram:Maran_Tejarat_Eshen,1,,,,,,,,,seed,565d240f5343e625
CAS 141-61-9,CAS 141-61-9,141-61-9,,,,true,seed,telegram:Maran_Tejarat_Eshen,1,,,,,,,,,seed,565d240f5343e625
CAS 141-64-8,CAS 141-64-8,141-64-8,,,,true,seed,telegram:Maran_Tejarat_Eshen,1,,,,,,,,,seed,565d240f5343e625
CAS 141-69-9,CAS 141-69-9,141-69-9,,,,true,seed,telegram:Maran_Tejarat_Eshen,1,,,,,,,,,seed,565d240f5343e625
CAS 142-32-9,CAS 142-32-9,142-32-9,,,,true,seed,telegram:Maran_Tejarat_Eshen,1,,,,,,,,,seed,565d240f5343e625
CAS 142-89-6,CAS 142-89-6,142-89-6,,,,true,seed,telegram:Maran_Tejarat_Eshen,1,,,,,,,,,seed,565d240f5343e625
CAS 147-15-1,CAS 147-15-1,147-15-1,,,,true,seed,telegram:ChemIranSanat,1,,,,,,,,,seed,565d240f5343e625
CAS 25038-54-4,CAS 25038-54-4,25038-54-4,,,,true,seed,telegram:ChemIranSanat; telegram:Maran_Tejarat_Eshen,2,,,,,,,,,seed,565d240f5343e625
CAS 25038-59-9,CAS 25038-59-9,25038-59-9,,,,true,seed,telegram:chemgroup,1,,,,,,,,,seed,565d240f5343e625
CAS 25336-56-1,CAS 25336-56-1,25336-56-1,,,,true,seed,telegram:Maran_Tejarat_Eshen,1,,,,,,,,,seed,565d240f5343e625
CAS 26264-81-1,CAS 26264-81-1,26264-81-1,,,,true,seed,telegram:ChemIranSanat,1,,,,,,,,,seed,565d240f5343e625
CAS 503-82-0,CAS 503-82-0,503-82-0,,,,true,seed,telegram:ChemIranSanat,1,,,,,,,,,seed,565d240f5343e625
CAS 54084-59-8,CAS 54084-59-8,54084-59-8,,,,true,seed,telegram:ChemIranSanat,1,,,,,,,,,seed,565d240f5343e625
CAS 541-28-2,CAS 541-28-2,541-28-2,,,,true,seed,telegram:minatajhiz,1,,,,,,,,,seed,565d240f5343e625
CAS 56-61-9,CAS 56-61-9,56-61-9,,,,true,seed,telegram:ChemIranSanat,1,,,,,,,,,seed,565d240f5343e625
CAS 57-06-9,CAS 57-06-9,57-06-9,,,,true,seed,telegram:ChemIranSanat,1,,,,,,,,,seed,565d240f5343e625
CAS 57-46-7,CAS 57-46-7,57-46-7,,,,true,seed,telegram:minatajhiz,1,,,,,,,,,seed,565d240f5343e625
CAS 57-89-6,CAS 57-89-6,57-89-6,,,,true,seed,telegram:ChemIranSanat,1,,,,,,,,,seed,565d240f5343e625
CAS 5778-37-4,CAS 5778-37-4,5778-37-4,,,,true,seed,telegram:chemgroup,1,,,,,,,,,seed,565d240f5343e625
CAS 59-01-2,CAS 59-01-2,59-01-2,,,,true,seed,telegram:jahaneshimicom,1,,,,,,,,,seed,565d240f5343e625
CAS 60014-58-5,CAS 60014-58-5,60014-58-5,,,,true,seed,telegram:merckmillipore,1,,,,,,,,,seed,565d240f5343e625
CAS 611-18-1,CAS 611-18-1,611-18-1,,,,true,seed,telegram:ChemIranSanat,1,,,,,,,,,seed,565d240f5343e625
CAS 6314-03-6,CAS 6314-03-6,6314-03-6,,,,true,seed,telegram:jahaneshimicom,1,,,,,,,,,seed,565d240f5343e625
CAS 63231-67-4,CAS 63231-67-4,63231-67-4,,,,true,seed,telegram:chemgroup,1,,,,,,,,,seed,565d240f5343e625
CAS 70253-93-6,CAS 70253-93-6,70253-93-6,,,,true,seed,telegram:minatajhiz,1,,,,,,,,,seed,565d240f5343e625
CAS 75-20-7,CAS 75-20-7,75-20-7,,,,true,seed,telegram:jahaneshimicom,1,,,,,,,,,seed,565d240f5343e625
CAS 7772-94-7,CAS 7772-94-7,7772-94-7,,,,true,seed,telegram:jahaneshimicom,1,,,,,,,,,seed,565d240f5343e625
CAS 7782-01-4,CAS 7782-01-4,7782-01-4,,,,true,seed,telegram:jahaneshimicom,1,,,,,,,,,seed,565d240f5343e625
CAS 80-58-6,CAS 80-58-6,80-58-6,,,,true,seed,telegram:Maran_Tejarat_Eshen,1,,,,,,,,,seed,565d240f5343e625
CAS 80-61-5,CAS 80-61-5,80-61-5,,,,true,seed,telegram:minatajhiz,1,,,,,,,,,seed,565d240f5343e625
CAS 8001-32-5,CAS 8001-32-5,8001-32-5,,,,true,seed,telegram:Ch_Chemical_leaders,1,,,,,,,,,seed,565d240f5343e625
CAS 8001-35-4,CAS 8001-35-4,8001-35-4,,,,true,seed,telegram:Ch_Chemical_leaders,1,,,,,,,,,seed,565d240f5343e625
CAS 8002-74-2,CAS 8002-74-2,8002-74-2,,,,true,seed,Artin Kimya,1,,,,,,,,,seed,565d240f5343e625
CAS 8002-75-3,CAS 8002-75-3,8002-75-3,,,,true,seed,telegram:IranChemicals,1,,,,,,,,,seed,565d240f5343e625
CAS 8006-35-9,CAS 8006-35-9,8006-35-9,,,,true,seed,telegram:jahaneshimicom,1,,,,,,,,,seed,565d240f5343e625
CAS 8006-61-9,CAS 8006-61-9,8006-61-9,,,,true,seed,telegram:jahaneshimicom,1,,,,,,,,,seed,565d240f5343e625
CAS 801246-17-1,CAS 801246-17-1,801246-17-1,,,,true,seed,telegram:minatajhiz,1,,,,,,,,,seed,565d240f5343e625
CAS 806074-14-2,CAS 806074-14-2,806074-14-2,,,,true,seed,telegram:minatajhiz,1,,,,,,,,,seed,565d240f5343e625
CAS 8062-44-2,CAS 8062-44-2,8062-44-2,,,,true,seed,telegram:jahaneshimicom,1,,,,,,,,,seed,565d240f5343e625
CAS 808270-46-6,CAS 808270-46-6,808270-46-6,,,,true,seed,telegram:minatajhiz,1,,,,,,,,,seed,565d240f5343e625
CAS 86290-81-5,CAS 86290-81-5,86290-81-5,,,,true,seed,telegram:IranChemicals,1,,,,,,,,,seed,565d240f5343e625
CAS 869-70-5,CAS 869-70-5,869-70-5,,,,true,seed,telegram:Maran_Tejarat_Eshen,1,,,,,,,,,seed,565d240f5343e625
CAS 9000-61-7,CAS 9000-61-7,9000-61-7,,,,true,seed,telegram:jahaneshimicom,1,,,,,,,,,seed,565d240f5343e625
CAS 9002-84-0,CAS 9002-84-0,9002-84-0,,,,true,seed,telegram:labshop,1,,,,,,,,,seed,565d240f5343e625
CAS 9002-86-2,CAS 9002-86-2,9002-86-2,,,,true,seed,telegram:chemgroup; telegram:fanchem,2,,,,,,,,,seed,565d240f5343e625
CAS 9002-88-4,CAS 9002-88-4,9002-88-4,,,,true,seed,telegram:Ch_Chemical_leaders; telegram:fanchem,2,,,,,,,,,seed,565d240f5343e625
CAS 9002-93-1,CAS 9002-93-1,9002-93-1,,,,true,seed,telegram:ChemIranSanat,1,,,,,,,,,seed,565d240f5343e625
CAS 9003-02-7,CAS 9003-02-7,9003-02-7,,,,true,seed,telegram:jahaneshimicom,1,,,,,,,,,seed,565d240f5343e625
CAS 9003-05-6,CAS 9003-05-6,9003-05-6,,,,true,seed,telegram:ChemIranSanat,1,,,,,,,,,seed,565d240f5343e625
CAS 9003-05-8,CAS 9003-05-8,9003-05-8,,,,true,seed,telegram:chemgroup,1,,,,,,,,,seed,565d240f5343e625
CAS 9003-25-2,CAS 9003-25-2,9003-25-2,,,,true,seed,telegram:minatajhiz,1,,,,,,,,,seed,565d240f5343e625
CAS 9004-34-6,CAS 9004-34-6,9004-34-6,,,,true,seed,telegram:Maran_Tejarat_Eshen,1,,,,,,,,,seed,565d240f5343e625
CAS 9004-67-5,CAS 9004-67-5,9004-67-5,,,,true,seed,telegram:IranChemicals,1,,,,,,,,,seed,565d240f5343e625
CAS 9004-70-0,CAS 9004-70-0,9004-70-0,,,,true,seed,telegram:IranChemicals,1,,,,,,,,,seed,565d240f5343e625
CAS 9004-74-6,CAS 9004-74-6,9004-74-6,,,,true,seed,telegram:IranChemicals,1,,,,,,,,,seed,565d240f5343e625
CAS 9004-90-0,CAS 9004-90-0,9004-90-0,,,,true,seed,telegram:IranChemicals,1,,,,,,,,,seed,565d240f5343e625
CAS 9005-37-6,CAS 9005-37-6,9005-37-6,,,,true,seed,telegram:jahaneshimicom,1,,,,,,,,,seed,565d240f5343e625
CAS 9011-10-7,CAS 9011-10-7,9011-10-7,,,,true,seed,telegram:Maran_Tejarat_Eshen,1,,,,,,,,,seed,565d240f5343e625
CAS 9011-14-7,CAS 9011-14-7,9011-14-7,,,,true,seed,telegram:Maran_Tejarat_Eshen,1,,,,,,,,,seed,565d240f5343e625
CAS 9016-10-4,CAS 9016-10-4,9016-10-4,,,,true,seed,telegram:IranChemicals,1,,,,,,,,,seed,565d240f5343e625
CAS 9040-37-9,CAS 9040-37-9,9040-37-9,,,,true,seed,telegram:jahaneshimicom,1,,,,,,,,,seed,565d240f5343e625
CAS 9048-46-8,CAS 9048-46-8,9048-46-8,,,,true,seed,telegram:ChemIranSanat,1,,,,,,,,,seed,565d240f5343e625
CAS 9051-94-9,CAS 9051-94-9,9051-94-9,,,,true,seed,telegram:jahaneshimicom,1,,,,,,,,,seed,565d240f5343e625
CAS 94-54-8,CAS 94-54-8,94-54-8,,,,true,seed,telegram:Maran_Tejarat_Eshen,1,,,,,,,,,seed,565d240f5343e625
CAS 94948-59-1,CAS 94948-59-1,94948-59-1,,,,true,seed,telegram:ChemIranSanat,1,,,,,,,,,seed,565d240f5343e625
CAS 95-18-7,CAS 95-18-7,95-18-7,,,,true,seed,telegram:ChemIranSanat,1,,,,,,,,,seed,565d240f5343e625
CAS 97-63-0,CAS 97-63-0,97-63-0,,,,true,seed,telegram:Maran_Tejarat_Eshen,1,,,,,,,,,seed,565d240f5343e625
CAS 97-66-3,CAS 97-66-3,97-66-3,,,,true,seed,telegram:Maran_Tejarat_Eshen,1,,,,,,,,,seed,565d240f5343e625
ethyl acetate,ethyl acetate,141-78-6,,,,true,seed,Chemical Iran; telegram:chemgroup,2,,,,,,,,,seed,565d240f5343e625
fumed silica,fumed silica | Silicon dioxide | Silicon dioxide (cl.obid 15-20nm) | Aerogel | silicon dioxide nanoparticles | Silicon dioxide (nano) | TLC Silica gel 60 | sand,112945-52-5,VYPSYNLAJGMNEJ-UHFFFAOYSA-N,24261,O2Si,true,structured_pubchem,Boof_company; IranChemicals; Maran_Tejarat_Eshen; jahaneshimicom; minatajhiz; telegram:Boof_company; telegram:Maran_Tejarat_Eshen; telegram:jahaneshimicom,17,,10 کیلو,,,in_stock,🔰 محصول ( Silica Fumed ) فوم سیلیکا ➖️ نام علمی : (Silicon Dioxide) سیلیکن دی اکسید ➖️ فرمول شیمیایی : SiO2 ➖️ ماده پایه : سیلیس ➖️ برند : (XYSIL) زایسیل ➖️ کشور : چین ➖️ گرید : 200 ➖️ وزن : 10 کیلو گرم ➖️ پالت : 220 کیلو گرم (22 بسته) ➖️ قیمت : ☎️ جهت مشاوره خرید، استعلام قیمت و ثبت سفارش با شماره ,https://t.me/Boof_company/19,ai_corrected:mistral,ai_corrected+ai_verified+seed+structured_pubchem,712191a33a68793f
oxalic acid,oxalic acid,144-62-7,,,,true,seed,telegram:Ch_Chemical_leaders; telegram:ChemIranSanat,2,,,,,,,,,seed,565d240f5343e625
polyvinyl alcohol,polyvinyl alcohol,9002-89-5,,,,true,seed,Maran_Tejarat_Eshen; telegram:IranChemicals; telegram:Maran_Tejarat_Eshen,9,,,,,in_stock,💢 💢 ماران تجارت اشن فروش ویژه مواد اولیه شیمیایی #PVA2488 #موجود_در_انبار #پلی_وینیل_الکل برای استعلام قیمت با ما در تماس باشید: 09102296278 📱 وبسایت: http://mtecompany.com/ کانال تلگرام: https://t.me/Maran_Tejarat_Eshen,https://t.me/Maran_Tejarat_Eshen/515,rules+ai-audit,live+seed,5e7997edd28317de
potassium hydroxide,potassium hydroxide,1310-58-3,KWYUFKZDYYNOTN-UHFFFAOYSA-M,14797,HKO,true,structured_pubchem,Ch_Chemical_leaders; minatajhiz; telegram:Boof_company; telegram:Ch_Chemical_leaders; telegram:ChemIranSanat; telegram:IranChemicals; telegram:chemgroup; telegram:fanchem; telegram:jahaneshimicom; telegram:minatajhiz,10,Merck,,,,in_stock,پتاسیم هیدروکساید Potassium hydroxide solution in isopropanol کد محصول مرک: 105544 واردات جدید مرک,https://t.me/minatajhiz/1045,ai_corrected:mistral,ai_corrected+seed+structured_pubchem,50c386ad48994819
sodium hydroxide,sodium hydroxide,1310-73-2,HEMHJVSKTPXQMS-UHFFFAOYSA-M,14798,HNaO,true,structured_pubchem,Chemical Iran; jahaneshimicom; minatajhiz; telegram:Ch_Chemical_leaders; telegram:chemgroup; telegram:jahaneshimicom; telegram:minatajhiz,7,Merck,,,,,فروش مستقیم و ویژه سود پرک (کاستیک) خلوص 98 درصد در مینا تجهیز آریا (سفارش از طریق دایرکت ، تلگرام و واتس آپ) 09362048289 02166900058 ❗️ ارسال سریع به سراسرکشور .............................................. مینا تجهیز آریا وارد کننده و نمایندگی فروش برندهای معتبر مواد شیمیایی آزمایشگاهی : MERCK – S,https://t.me/minatajhiz/810,rules+ai-audit,seed+structured_pubchem,4d1c000352594e39
titanium dioxide,titanium dioxide,13463-67-7,,,,true,seed,telegram:Ch_Chemical_leaders; telegram:IranChemicals,2,,,,,,,,,seed,565d240f5343e625
vinyl acetate,vinyl acetate,108-05-4,,,,true,seed,telegram:Maran_Tejarat_Eshen,1,,,,,,,,,seed,565d240f5343e625
xylene,xylene,1330-20-7,,,,true,seed,Maran_Tejarat_Eshen; labshop; telegram:Maran_Tejarat_Eshen; telegram:labshop,12,,5liter,,,,Xylene extra pure 5liter 140000t,https://t.me/labshop/81,rules+ai-audit,live+seed,0e511649f4d9c273
4-Aminopyridine,4-Aminopyridine,100-79-8,RNVYQYLELCKWAN-UHFFFAOYSA-N,7528,C6H12O3,true,,ChemIranSanat,1,,100g,,,,"4-Aminopyridine, 98%, 100g واردات جدید از اکروس ✔ این محصول خرده فروشی نیز دارد. تماس با ادمین @ChemIranAdmin 🆔 @ChemIran1",https://t.me/ChemIranSanat/69,ai_corrected:llm7,ai_corrected,54df4156073596e5
"1,3,5-Benzenetricarboxylic acid","1,3,5-Benzenetricarboxylic acid",554-95-0,QMKYBPDZANOJGF-UHFFFAOYSA-N,11138,C9H6O6,true,,ChemIranSanat,3,Alfa Aesar,50g,,,in_stock,"Alfa Aesar A15947, 50g 1,3,5-Benzenetricarboxylic acid, 98% موجود و آماده تحویل ✅ شیمیران صنعت فقط اصلی ❓ قیمت و سفارش 👇 Admin 🆔 @ChemIranAdmin 🆔 @ChemIran1",https://t.me/ChemIranSanat/1362,ai_corrected:mistral,ai_corrected,487c6fbd86ea05f0
isoniazid,isoniazid,54-85-3,QRXWMOHMRWLFEY-UHFFFAOYSA-N,3767,C6H7N3O,true,,ChemIranSanat,1,Merck,100g,,,in_stock,806753 Merck 4-Pyridinecarboxylic acid hydrazide 100g 🔜 موجود و آماده تحویل ✅ شیمیران صنعت فقط اصلی 📱 دریافت قیمت یا سفارش کالا 👇 🆔 @ChemIranAdmin 🆔 @ChemIran1,https://t.me/ChemIranSanat/1687,ai_corrected:mistral,ai_corrected,eca7601324ea0609
"1,3-phenylenediacetonitrile","1,3-phenylenediacetonitrile",626-22-2,GRPFZJNUYXIVSL-UHFFFAOYSA-N,69375,C10H8N2,true,,ChemIranSanat,1,Sigma-Aldrich,5G,,,in_stock,"P23709 Sigma-Aldrich 1,3-Phenylenediacetonitrile 5G 🔜 موجود و آماده تحویل ✅ شیمیران صنعت فقط اصلی 📱 دریافت قیمت یا سفارش کالا 👇 🆔 @ChemIranAdmin 🆔 @ChemIran1",https://t.me/ChemIranSanat/1696,ai_corrected:mistral,ai_corrected,537255e59d379a33
tert-Butyl acrylate,tert-Butyl acrylate,1663-39-4,ISXSCDLOGDJUNJ-UHFFFAOYSA-N,15458,C7H12O2,true,,ChemIranSanat,1,Alfa Aesar,100ml,,,in_stock,"L17169 Alfa Aesar tert-Butyl acrylate, 99%, stab. with 15ppm 4-methoxyphenol 100ml 🔜 موجود و آماده تحویل ✅ شیمیران صنعت فقط اصلی ♾ موجودی و تنوع بی نظیر از برندهای معتبر 📦 ارسال رایگان 📱 سفارش کالا 👇 📞 0938-648-9001 🆔 @ChemIranAdmin 🆔 @ChemIran1",https://t.me/ChemIranSanat/1945,ai_corrected:gemini,ai_corrected,c28ed537021db120
,,1185-55-3,,,,true,live,minatajhiz,1,Merck,,,,,Trimethoxymethylsilane Furmola:C4H12O3Si Molar mass: 136.22 Cas number:1185-55-3 Merck @minatajhiz,https://t.me/minatajhiz/12,rules+ai-audit,live,ed54f7b2fa5e2631
,,39924-52-2,,,,true,live,minatajhiz,1,Sigma-Aldrich,,,,,ماده شیمیایی متیل جاسمونات از محصولات کمپانی سیگما آلدریچ می باشد که از واردات جدید شرکت مینا تجهیز آریا می باشد. cas: 39924-52-2 با خلوص 95% @minatajhiz_aria,https://t.me/minatajhiz/78,rules+ai-audit,live,5c118aaa812bef0f
2-bromoethanol,2-bromoethanol,540-51-2,LDLCZOVUSADOIV-UHFFFAOYSA-N,10898,C2H5BrO,true,,minatajhiz,1,Sigma-Aldrich,,,,,B65586 Aldrich 2-Bromoethanol فروش مواد شیمیایی آزمایشگاهی تخصصی,https://t.me/minatajhiz/327,ai_corrected:mistral,ai_corrected,9d6cb07ac7017a59
,,2943-75-1,,,,true,live,minatajhiz,1,Merck,,,,,"Triethoxyoctylsilane for synthesis Synonym: Triethoxyoctylsilane, n-Octyltriethoxysilane CAS Number 2943-75-1 Formula C14H32O3S MERCK",https://t.me/minatajhiz/791,rules+ai-audit,live,25d873a56ad7e838
,,75-77-4,,,,true,live,minatajhiz,1,Merck,108.64 g,,,,نام فارسی: کلرو تری متیل سیلان نام ماده: Chlorotrimethylsilane کد محصول مرک: 818737 فرمول: C3H9ClSi C A S NUMBER: 75-77-4 مولار: 108.64 g/mol‌ واردات جدید مرک,https://t.me/minatajhiz/975,rules+ai-audit,live,00a7ddcd4cba8225
,,111-40-0,,,,true,live,minatajhiz,1,Merck,,,,,"نام فارسی: دی اتیلن تری آمین نام ماده: Diethylenetriamine کد محصول مرک: 803274 اسم دوم: 2,2-Iminobis (ethylamine), Bis(2-aminoethyl)amine, 2,2-Diaminodiethylamine فرمول: C4H13N3 C A S NUMBER: 111-40-0",https://t.me/minatajhiz/976,rules+ai-audit,live,240ffc3837fe3bc4
,,574-98-1,,,,true,live,minatajhiz,1,Merck,254.08 g,,,,نام فارسی: ان برمو اتیل فتالیمید نام ماده: N-(2-Bromoethyl)phthalimide کد محصول مرک: 820178 فرمول: C10H8BrNO2 C A S NUMBER: 574-98-1 مولار: 254.08 g/mol قابلیت محلول شدن: (20 °C) insoluble واردات جدید مرک,https://t.me/minatajhiz/979,rules+ai-audit,live,ae3f60fdb997f666
,,288-88-0,,,,true,live,minatajhiz,1,Merck,69.07 g,,,,"نام فارسی: 1و2و4 تریازول نام ماده: 1,2,4-Triazole کد محصول مرک: 808388 فرمول: C2H3N3 C A S NUMBER: 288-88-0 مولار: 69.07 g/mol نقطه جوش: 259 - 261 °C (1013 hPa) واردات جدید مرک",https://t.me/minatajhiz/984,rules+ai-audit,live,ad2ee4c34058ae63
,,75-56-9,,,,true,live,minatajhiz,1,Merck,58.07 g,,,,"نام فارسی: 1و2 پروپیلن اکسید نام ماده: 1,2-Propylene oxide کد محصول مرک: 807027 اسم دوم: 1,2-Epoxypropane, Methyloxirane فرمول: C3H6O C A S NUMBER:75-56-9 مولار: 58.07 g/mol قابلیت محلول شدن: 405 g/l (20 °C) نقطه جوش: 34.3 °C (1013 hPa) درجه ذوب: -112 °C واردات جدید برند مرک",https://t.me/minatajhiz/985,rules+ai-audit,live,ba1b85f733e70354
3-Aminopyridine,3-Aminopyridine,1002-43-3,HTZWVZNRDDOFEI-UHFFFAOYSA-N,13845,C12H26,true,,minatajhiz,1,Merck,,,,,3-آمینو پیریدین 3-Aminopyridine کد محصول مرک: 801110 واردات جدید مرک,https://t.me/minatajhiz/998,ai_corrected:mistral,ai_corrected,9ef820c755545043
4-Aminophenylacetic acid,4-Aminophenylacetic acid,1197-19-9,JYMNQRQQBJIMCV-UHFFFAOYSA-N,70967,C9H10N2,true,,minatajhiz,1,Merck,,,,,4-آمینو فنیل استیک اسید 4-Aminophenylacetic acid کد محصول مرک: 800422 واردات جدید مرک,https://t.me/minatajhiz/1034,ai_corrected:mistral,ai_corrected,1fd06d9b5f115f8e
boron trifluoride diethyl ether complex,boron trifluoride diethyl ether complex,109-63-7,KZMGYPLQYOPHEL-UHFFFAOYSA-N,8000,C4H10BF3O,true,,minatajhiz,1,Merck,,,,,بورن تری فلوراید دی اتیل اتر Boron trifluoride-diethyl ether complex کد محصول مرک: 801647 واردات جدید سیگما آلدریچ,https://t.me/minatajhiz/1058,ai_corrected:mistral,ai_corrected,ce29863fc81d0a2a
Sodium Formaldehyde Sulfoxylate,Sodium Formaldehyde Sulfoxylate,149-44-0,SAJLIOLJORWJIO-UHFFFAOYSA-N,24181102,CH4NaO3S,true,,Boof_company,1,,200 کیلو,,,,🔰 محصول سدیم فرمالدهید سولفوکسیلات - Sodium Formaldehyde Sulfoxylate ‌ ➖️ نام علمی : Sodium Formaldehyde Sulfoxylate (سدیم فرمالدهید سولفوکسیلات) ➖️ نام تجاری : انالایت (Enalite) ➖️ فرمول شیمیایی : NaHSO₂.CH₂O.2H₂O ➖️ ماده پایه : هیدروکسی متان سولفینات سدیم ➖️ کشور : هند (India) ➖️ وزن بشکه : 200 کی,https://t.me/Boof_company/66,ai_corrected:gemini,ai_corrected,ba74a50f216be0f4
"tris(2,4-di-tert-butylphenyl) phosphite (antioxidant 168)","tris(2,4-di-tert-butylphenyl) phosphite (antioxidant 168) | Tris(2,4-di-tert-butylphenyl) phosphite",31570-04-4,JKIJEFPNVSHHEI-UHFFFAOYSA-N,91601,C42H63O3P,true,ai_verified,Ch_Chemical_leaders,2,,,,,,. فروش آنتی اکسیدان 168 از پلی زون فروشگاه مواد شیمیایی آزمایشگاهی و صنعتی برای دریافت مشاوره و همچنین خرید محصولاتتان میتوانید با ما در ارتباط باشید https://polyzone.ir info@polyzone.ir 021-66902820,https://t.me/Ch_Chemical_leaders/63,ai_corrected:mistral,ai_corrected+ai_verified,b53a4136bb5ddeac
"2,2'-(2,5-thiophenediyl)bis(5-tert-butylbenzoxazole) (Optical Brightener OB-1)","2,2'-(2,5-thiophenediyl)bis(5-tert-butylbenzoxazole) (Optical Brightener OB-1)",1533-45-5,ORACIQIJMCYPHQ-UHFFFAOYSA-N,73744,C28H18N2O2,true,,Ch_Chemical_leaders,2,,,,,,#تبلیغات ✨ افزایش درخشندگی، کاهش زردی و بهبود کیفیت ظاهری با اپتیکال برایتنر OB1! 🔬 روشن‌کننده نوری با خلوص بالا برای تولیداتی متمایز و حرفه‌ای ✅ اگر به دنبال کاهش زردی در PVC، ABS، پلی‌استایرن و سایر پلیمرها هستید، OB1 انتخابی دقیق و اثربخش است. 💡 مقاوم در برابر حرارت، دارای پخش‌پذیری عالی و کاملاً,https://t.me/Ch_Chemical_leaders/155,ai_corrected:mistral,ai_corrected,9b74b4cb87e11a48
potassium stearate,potassium stearate,593-29-3,ANBFRLKBEIFNQU-UHFFFAOYSA-M,23673840,C18H35KO2,true,,fanchem,3,Zarrin,,,,,استئارات پتاسیم؛ افزودنی مؤثر در پوشش‌های ضد خوردگی فلزی استئارات پتاسیم (Potassium Stearate) یکی از افزودنی‌های چندکاره و مؤثر در فرمولاسیون پوشش‌های محافظ فلزی است که با ایجاد لایه‌ای آب‌گریز و پایدار، مانع از نفوذ رطوبت و یون‌های خورنده به سطح فلز می‌شود. ✅ ویژگی‌ها و مزایا: ▪️ خاصیت آب‌گریزی بال,https://t.me/fanchem/426,ai_corrected:cohere,ai_corrected,d69878b5b0902927
VeoVa 10,VeoVa 10,51000-52-3,ZHXNRJQVYHYIMK-UHFFFAOYSA-N,65294,C12H22O2,true,,Maran_Tejarat_Eshen,1,,,,,,#VEOVA ™ 10 به‌عنوان یک کومونومر اصلاح‌کننده، خواص پلیمرهای وینیل استات و اکریلیک را به‌طور چشمگیری بهبود می‌بخشد. این مونومر در رنگ‌ها، چسب‌ها، پوشش‌های صنعتی و مصالح ساختمانی کاربرد گسترده دارد و به‌دلیل پایداری شیمیایی و مقاومت در برابر آبوهوا، گزینه‌ای ایده‌آل برای محصولات بادوام است. #ماران_تجا,https://t.me/Maran_Tejarat_Eshen/640,ai_corrected:gemini,ai_corrected,313b58472ecc0c57
Methyl hydroxyethyl cellulose,Methyl hydroxyethyl cellulose,9032-42-2,JTWZVKMWOCBJEV-UHFFFAOYSA-N,146160861,C34H66O24,true,ai_verified,Maran_Tejarat_Eshen,2,,,,,,#غلظت_دهنده سلولزی #methylhydroxyethylcellulose کاربرد #mhec : - رنگ‌ها و پوشش‌های پایه آب - چسب‌های کاشی - دوغاب کاشی - اندودهای تزئینی - ملات‌های پایه سیمان - محصولات مراقبت شخصی - شوینده‌های مایع خواص کلیدی # MH4K ● کارایی آسان ● انحلال سریع یا بدون کلوخه ● چسبندگی و مقاومت برشی عالی ● سازگار با ,https://t.me/Maran_Tejarat_Eshen/655,ai_corrected:gemini,ai_corrected+ai_verified,d1933b9d68cfdce8
Hydroxypropyl methyl cellulose,Hydroxypropyl methyl cellulose,9004-65-3,HSHXDCVZWHOWCS-UHFFFAOYSA-N,139035087,C21H38N2OS,true,,Maran_Tejarat_Eshen,1,,,,,,کاربرد #هیدروکسی_پروپیل_متیل_سلولز (HPMC150K)- چسب‌های کاشی و سرامیک- اسکیم‌کوت (SkimCoat)- ملات‌های خشک پایه سیمان- ملات عایق حاوی دانه‌های EPS- محصولات پایه گچی - بایندر سرامیک - خمیرهای چاپ پارچه مزایای استفاده از CELOMA‑HPMC‑150K ✅ بهبودچشمگیر کارایی ملات ✅ افزایش چسبندگی به سطوح مختلف ✅ پوشش‌ده,https://t.me/Maran_Tejarat_Eshen/657,ai_corrected:gemini,ai_corrected,a12a8f80a2e90d15
TNF alpha,TNF alpha,,MZOFCQQQCNRIBI-VMXHOPILSA-N,44356648,C27H50N10O10,true,ai_verified,ChemIranSanat,1,,,,,,,t.me/ChemIranSanat,mistral,ai_verified,a87ca6900cc20a81
BSA,BSA,9048-46-8,SIOVKLKJSOKLIF-UHFFFAOYSA-N,25248,C8H21NOSi2,true,ai_verified,ChemIranSanat,1,,,,,,,t.me/ChemIranSanat,mistral,ai_verified,3a92464a90b39c39
Tetrakis(hydroxymethyl)phosphonium chloride,Tetrakis(hydroxymethyl)phosphonium chloride,55566-30-8,YIEDHPBKGZGLIK-UHFFFAOYSA-L,41478,C8H24O12P2S,true,ai_verified,ChemIranSanat,1,,,,,,,t.me/ChemIranSanat,mistral,ai_verified,6cf58a19aaecc947
"4-Amino-4H-1,2,4-triazole","4-Amino-4H-1,2,4-triazole",584-13-4,FMCUPJKTGNBGEC-UHFFFAOYSA-N,11432,C2H4N4,true,ai_verified,ChemIranSanat,1,,,,,,,t.me/ChemIranSanat,mistral,ai_verified,5d7a57e2532a9b0f
Potassium cyanide,Potassium cyanide,7440-56-6,NNFCIKHAZHQZJG-UHFFFAOYSA-N,9032,CKN,true,ai_verified,ChemIranSanat,1,,,,,,,t.me/ChemIranSanat,llm7,ai_verified,6bf2958e7250b06c
Isatoic anhydride,Isatoic anhydride,118-47-8,TYCNXOAPQGVAQU-UHFFFAOYSA-N,67045,C10H8N2O6S,true,ai_verified,ChemIranSanat,1,,,,,,,t.me/ChemIranSanat,mistral,ai_verified,ade89769de3823ce
Phenothiazine,Phenothiazine,92-67-1,DMVOXQPQNTYEKQ-UHFFFAOYSA-N,7102,C12H11N,true,ai_verified,ChemIranSanat,1,,,,,,,t.me/ChemIranSanat,llm7,ai_verified,c70b66db7c878b6b
1-Ethyl-3-(3-dimethylaminopropyl)carbodiimide hydrochloride,1-Ethyl-3-(3-dimethylaminopropyl)carbodiimide hydrochloride,26262-66-4,FPQQSJJWHUJYPU-UHFFFAOYSA-N,2723939,C8H18ClN3,true,ai_verified,ChemIranSanat,1,,,,,,,t.me/ChemIranSanat,llm7,ai_verified,516806d229fca54f
vitamin B12,vitamin B12,57-57-8,VEZXCJBBBCKRPI-UHFFFAOYSA-N,2365,C3H4O2,true,ai_verified,minatajhiz,1,,,,,,,t.me/minatajhiz,llm7,ai_verified,fe9fe0bdaf9120fd
Hexadecyltrimethylammonium chloride,Hexadecyltrimethylammonium chloride,112-00-5,DDXLVDQZPFLQMZ-UHFFFAOYSA-M,8152,C15H34ClN,true,ai_verified,minatajhiz,1,,,,,,,t.me/minatajhiz,mistral+mistral,ai_verified,c4ea9b091151ac79
Glyceryl Monostearate,Glyceryl Monostearate,11099-07-3,CKQVRZJOMJRTOY-UHFFFAOYSA-N,93066,C21H44O5,true,ai_verified,Ch_Chemical_leaders,1,,,,,,,t.me/Ch_Chemical_leaders,mistral,ai_verified,5d7f364fcb7377d5
stearate,stearate,,QIQXTHQIDYTFRH-UHFFFAOYSA-M,3033836,C18H35O2-,true,ai_verified,fanchem,1,,,,,,,t.me/fanchem,mistral,ai_verified,643d6b8a12766957
Stevia,Stevia,57817-89-7,UEDUENGHJMELGK-HYDKPPNVSA-N,442089,C38H60O18,true,ai_verified,jahaneshimicom,1,,,,,,,t.me/jahaneshimicom,gemini,ai_verified,df6a6d745a482f08
diisononyl phthalate,diisononyl phthalate,28553-12-0,HBGGXOJOCNVPFY-UHFFFAOYSA-N,590836,C26H42O4,true,ai_verified,jahaneshimicom,1,,,,,,,t.me/jahaneshimicom,mistral,ai_verified,73b03eb9dce2564f
EDDHA ferric,EDDHA ferric,16455-61-1,TXJTUGACWVICPL-UHFFFAOYSA-M,56846438,C18H19FeN2NaO6,true,ai_verified,jahaneshimicom,1,,,,,,,t.me/jahaneshimicom,mistral,ai_verified,6abee42f5e56bfb0
peracetic acid,peracetic acid,79-21-0,KFSLWBXXFJQRDL-UHFFFAOYSA-N,6585,C2H4O3,true,ai_verified,jahaneshimicom,1,,,,,,,t.me/jahaneshimicom,mistral,ai_verified,d3606a188d2cea43
Cardura E-10P,Cardura E-10P,26761-45-5,QQWAKSKPSOFJFF-UHFFFAOYSA-N,33600,C13H24O3,true,ai_verified,Maran_Tejarat_Eshen,1,,,,,,,t.me/Maran_Tejarat_Eshen,gemini,ai_verified,6900b09085d8f61f
Cardura,Cardura,,VJECBOKJABCYMF-UHFFFAOYSA-N,62978,C24H29N5O8S,true,ai_verified,Maran_Tejarat_Eshen,1,,,,,,,t.me/Maran_Tejarat_Eshen,gemini,ai_verified,c7547bce3d3839d3
polyoxymethylene,polyoxymethylene,25231-38-3,BPGDAMSIGCZZLK-UHFFFAOYSA-N,12345,C5H8O4,true,ai_verified,Maran_Tejarat_Eshen,1,,,,,,,t.me/Maran_Tejarat_Eshen,mistral,ai_verified,98449e93b0562564
Iron(III) thiocyanate,Iron(III) thiocyanate,4151-51-3,KGLSETWPYVUTQX-UHFFFAOYSA-N,77798,C21H12N3O6PS,true,ai_verified,chemgroup,1,,,,,,,t.me/chemgroup,gemini,ai_verified,ec8f6283020e8249
Ethane,Ethane,74-84-0,OTMSDBZUPAUEDD-UHFFFAOYSA-N,6324,C2H6,true,ai_verified,IranChemicals,1,,,,,,,t.me/IranChemicals,gemini,ai_verified,cb8a228e867a79d5
Doxorubicin,Doxorubicin,23214-92-8,AOJJSUZBOXZQNB-TZSSRYMLSA-N,31703,C27H29NO11,true,ai_verified,IranChemicals,1,,,,,,,t.me/IranChemicals,gemini,ai_verified,a63fe826091678c3
Codeine,Codeine,76-57-3,OROGSEYTTFOCAN-DNJOTXNNSA-N,5284371,C18H21NO3,true,ai_verified,IranChemicals,1,,,,,,,t.me/IranChemicals,gemini,ai_verified,240d77f0f7950897
Curcuma longa,Curcuma longa,89-80-5,NFLGAXVYCFJBMK-BDAKNGLRSA-N,26447,C10H18O,true,ai_verified,IranChemicals,1,,,,,,,t.me/IranChemicals,llm7,ai_verified,b0cfd4c8a714616f
Resin,Resin,,SPCXZDDGSGTVAW-GXWLMAPZSA-N,133110026,C15H24,true,ai_verified,IranChemicals,1,,,,,,,t.me/IranChemicals,mistral,ai_verified,aafe29590ba190f8
PTF,PTF,,OFQPKKGMNWASPN-UHFFFAOYSA-N,13016,C8H10S,true,ai_verified,IranChemicals,1,,,,,,,t.me/IranChemicals,mistral,ai_verified,8f455a0990c0afd6
Phosphate buffered saline,Phosphate buffered saline,8001-35-2,OEJNXTAZZBRGDN-UHFFFAOYSA-N,5284469,C10H8Cl8,true,ai_verified,LabTel,1,,,,,,,t.me/LabTel,gemini,ai_verified,345f8cb4287b3581
Homocysteine,Homocysteine,6027-13-0,FFFHZYDWPBMWHY-VKHMYHEASA-N,91552,C4H9NO2S,true,ai_verified,LabTel,4,,,,,,,t.me/LabTel,gemini,ai_verified,940109ceee0b0c1f
ribonucleic acid,ribonucleic acid,,XKEQVRGRWUKTIZ-OLTBZPFJSA-N,162394059,C121H179N11O45,true,ai_verified,LabTel,1,,,,,,,t.me/LabTel,mistral,ai_verified,46f0217c961ad99c
DNA,DNA,9007-49-2,AWBASQCACWFTGD-UHFFFAOYSA-N,44135672,C15H31N3O13P2,true,ai_verified,LabTel,1,,,,,,,t.me/LabTel,gemini+gemini+gemini,ai_verified,f542b326aeb8d508
9-Anthracenecarboxaldehyde,9-Anthracenecarboxaldehyde,719-54-0,XUVKSPPGPPFPQN-UHFFFAOYSA-N,69751,C14H11NO,true,ai_verified,ChemIranSanat,1,,,,,,,t.me/ChemIranSanat,mistral,ai_verified,ee0670ed0e71f6cc
4-Amino-3-hydroxybenzoic acid,4-Amino-3-hydroxybenzoic acid,619-14-7,XLDLRRGZWIEEHT-UHFFFAOYSA-N,69265,C7H5NO5,true,ai_verified,ChemIranSanat,1,,,,,,,t.me/ChemIranSanat,mistral,ai_verified,3d8c5e92595264dd
سیانید هیدروژن,سیانید هیدروژن,74-90-8,LELOWRISYMNNSU-UHFFFAOYSA-N,768,CHN,true,ai_verified,chemgroup,1,,,,,,,t.me/chemgroup,mistral,ai_verified,59d3fe85e66a1bd6
wax,wax,,RFFVEVKGZGRRCP-UHFFFAOYSA-N,6485064,C11H14N2O2,true,ai_verified,IranChemicals,1,,,,,,,t.me/IranChemicals,mistral,ai_verified,1ad2d18fc16d91b8
Silicon Carbide,Silicon Carbide,409-21-2,HBMJWWWQQXIZIP-UHFFFAOYSA-N,9863,CSi,true,ai_verified,IranChemicals,1,,,,,,,t.me/IranChemicals,cohere,ai_verified,6513b8e8afb13104
Coenzyme Q10,Coenzyme Q10,303-98-0,ACTIUHUUMQJHFO-UPTCCGCDSA-N,5281915,C59H90O4,true,ai_verified,IranChemicals,1,,,,,,,t.me/IranChemicals,gemini+gemini,ai_verified,7e406f19b6d63693
methyl isocyanate,methyl isocyanate,624-83-9,HAMGRBXTJNITHG-UHFFFAOYSA-N,12228,C2H3NO,true,ai_verified,IranChemicals,1,,,,,,,t.me/IranChemicals,mistral,ai_verified,bc02793dc631342c
Captagon,Captagon,891-78-6,NMCHYWGKBADVMK-UHFFFAOYSA-N,19527,C18H23N5O2,true,ai_verified,IranChemicals,1,,,,,,,t.me/IranChemicals,gemini,ai_verified,df5d9776cd0465b6
Aflatoxin B1,Aflatoxin B1,1162-65-8,OQIQSTLJSLGHID-WNWIJWBNSA-N,186907,C17H12O6,true,ai_verified,LabTel,1,,,,,,,t.me/LabTel,gemini+gemini,ai_verified,cde30e9d8ec32182
Papanicolaou stain,Papanicolaou stain,132-22-9,SOYKEARSMXGVTM-UHFFFAOYSA-N,2725,C16H19ClN2,true,ai_verified,LabTel,1,,,,,,,t.me/LabTel,mistral+mistral,ai_verified,1f1fc830db1702ff
5-Aminoisophthalic acid,5-Aminoisophthalic acid,99-30-9,BIXZHMJUSMUDOQ-UHFFFAOYSA-N,7430,C6H4Cl2N2O2,true,ai_verified,ChemIranSanat,1,,,,,,,t.me/ChemIranSanat,mistral,ai_verified,b2a71b0f72ca8f58
"2,6-Diamino-4-phenyl-1,3,5-triazine (Benzoguanamine)","2,6-Diamino-4-phenyl-1,3,5-triazine (Benzoguanamine)",99-64-9,NEGFNJRAUMCZMY-UHFFFAOYSA-N,66837,C9H11NO2,true,ai_verified,ChemIranSanat,1,,,,,,,t.me/ChemIranSanat,cohere,ai_verified,9dbe42872dcd0da6
natural latex,natural latex,,RRHGJUQNOFWUDK-UHFFFAOYSA-N,6557,C5H8,true,ai_verified,IranChemicals,1,,,,,,,t.me/IranChemicals,mistral,ai_verified,0df76c6e927be598
Papanicolaou stain,Papanicolaou stain,132-57-0,HUYJTJXLNBOVFO-UHFFFAOYSA-N,67237,C10H8O4S,true,ai_verified,LabTel,1,,,,,,,t.me/LabTel,mistral,ai_verified,453c3fb46f4086b7
