"# export_metadata: {""exported_at"":""2026-08-23T12:30:45+00:00"",""skill"":""iran-chem-database@2.14.1"",""scope"":""Expanded BEST-EFFORT index of distinct confirmed-organic molecules appearing in public Iranian supplier/retailer catalogues and public supplier API/intermediate lists. Not a complete national market census and not a current-stock guarantee."",""rows"":480,""previous_verified_rows"":207,""new_source_records_before_dedup"":1616,""new_source_records_after_chemistry_filter"":948,""source_sets"":{""TamadKala"":""3484 product URLs from product sitemaps; title normalization via router; PubChem validation"",""Fardad Shimi"":""569 product pages from paginated shop listings; title normalization via router"",""DigiShimi"":""268 public WooCommerce products"",""Isatis Shimi"":""188 public WooCommerce products"",""BehChin Chemi Pharmed"":""public human/veterinary API, intermediate, excipient, cosmetic, food-additive lists"",""Pishgaman Shimi (IR Chem)"":""public pharmaceutical/cosmetic/raw-material category product pages"",""ShimiMan"":""public product sitemap titles"",""existing_skill_catalogue"":""207 rows from live-verified Iranian Telegram channels, retained and supplier-labeled"",""Rooz Darou"":""114 public Iranian pharmaceutical product pages; title-mapped and PubChem validated""},""router_assistance"":""router.py was used for Persian/English product-title normalization and category extraction; every admitted new record was independently structure/formula checked via PubChem."",""third_party_relay"":""r.jina.ai was used to retrieve public TamadKala/Fardad Shimi sitemaps or listing pages when direct requests timed out; original direct supplier URLs are retained, and no private data was sent."",""discovered_but_not_admitted"":""Arzan Azma and E-Az were identified as Iranian online lab shops but were not added without a reliable structured product export; their generic/category pages are not molecule-level evidence."",""supplier_column"":""supplier_name is the distinct supplier/retailer field; supplier_platform and supplier_country_evidence preserve context."",""limitations"":""Foreign brands listed by Iranian retailers are product metadata, not evidence that the supplier is foreign. Product page presence is not proof of stock. Mixtures, polymers, equipment, inorganic and unresolved records were excluded."",""filter_stats"":{""not_confirmed_organic"":668},""additional_expansion"":""Rooz Darou pharmaceutical catalogue added; duplicate actives merged and supplier provenance appended.""}"
molecule_name,common_name,cas_number,pubchem_cid,inchi_key,molecular_formula,molecular_weight,canonical_smiles,organic_status,category,research_grade_candidate,research_grade_signal,supplier_name,supplier_platform,supplier_country_evidence,catalogue_presence,availability_status,source_product_titles,source_urls,identity_methods,evidence_record_count
"(1R,2R,5S,8S,9S,10R,11S,12S)-5,12-dihydroxy-11-methyl-6-methylidene-16-oxo-15-oxapentacyclo[9.3.2.15,8.01,10.02,8]heptadec-13-ene-9-carboxylic acid",gibberellic acid,50-15-7,6466,IXORZMNAPKEEDV-OBDJNFEBSA-N,C19H22O6,346.4,,confirmed_organic,organic_reagent,not_stated,,TamadKala,Iranian online wholesale/lab shop,site shows Iranian online shop,public catalogue/product-page evidence; current stock not independently verified,product_page_listed_not_current_stock_verified,جیبرلیک اسید برند dyc چین | ...,,router_title_normalization,1
"(1S,3Z)-3-[(2E)-2-[(1R,3aS,7aR)-1-[(E,2R,5R)-5,6-dimethylhept-3-en-2-yl]-7a-methyl-2,3,3a,5,6,7-hexahydro-1H-inden-4-ylidene]ethylidene]-4-methylidenecyclohexan-1-ol",Vitamin D2,50-14-6,5280793,MECHNRXZTMCUDQ-RKHKHRCZSA-N,C28H44O,396.6,,confirmed_organic,pharmaceutical_or_api,yes,Sigma/research,TamadKala,Iranian online research/chemical shop | Iranian online wholesale/lab shop,site shows Iranian online shop,public catalogue/product-page evidence; current stock not independently verified,product_page_listed_not_current_stock_verified,ویتامین D2 سیگما | ویتامین d2 سیگما,https://tamadkala.com/product/34731/%D9%88%DB%8C%D8%AA%D8%A7%D9%85%DB%8C%D9%86-d2-%D8%B3%DB%8C%DA%AF%D9%85%D8%A7,explicit_category_supplement | router_title_normalization,2
"(2,2-dimethyl-1,3-dihydroperimidin-6-yl)-(4-phenyldiazenylnaphthalen-1-yl)diazene",Sudan Black B,4197-25-5,61336,YCUVUDODLRLVIC-UHFFFAOYSA-N,C29H24N6,456.5,,confirmed_organic,organic_reagent,not_stated,,TamadKala,Iranian online wholesale/lab shop,site shows Iranian online shop,public catalogue/product-page evidence; current stock not independently verified,product_page_listed_not_current_stock_verified,معرف سودان بلک b دکتر مجللی,https://tamadkala.com/product/173734/%D9%85%D8%B9%D8%B1%D9%81-%D8%B3%D9%88%D8%AF%D8%A7%D9%86-%D8%A8%D9%84%DA%A9-b-%D8%AF%DA%A9%D8%AA%D8%B1-%D9%85%D8%AC%D9%84%D9%84%DB%8C,router_title_normalization,1
"(2,5-dioxoimidazolidin-4-yl)urea",Allantoin,,204,POJWUDADGALRAB-UHFFFAOYSA-N,C4H6N4O3,158.12,,confirmed_organic,cosmetic_raw_material,not_stated,,BehChin Chemi Pharmed,Iranian supplier API/intermediate catalogue,site states Iran-based supplier,public catalogue/product-page evidence; current stock not independently verified,supplier_catalogue_listed_not_current_stock_verified,Allantoin,https://www.behchinchemi.ir/en/our-products/cosmetic-materials,supplier_table,1
(2-hydroxy-4-methoxyphenyl)-phenylmethanone,Benzophenone-3,,4632,DXGLGDHPHMLXJC-UHFFFAOYSA-N,C14H12O3,228.24,,confirmed_organic,cosmetic_raw_material,not_stated,,BehChin Chemi Pharmed,Iranian supplier API/intermediate catalogue,site states Iran-based supplier,public catalogue/product-page evidence; current stock not independently verified,supplier_catalogue_listed_not_current_stock_verified,Benzophenone-3,https://www.behchinchemi.ir/en/our-products/cosmetic-materials,supplier_table,1
"(2E,4E)-hexa-2,4-dienoic acid",Sorbic acid,110-44-1,643460,WSWCOQWTEOXDQX-MQQKCMAXSA-N,C6H8O2,112.13,,confirmed_organic,organic_reagent,not_stated,True,Fardad Shimi,Iranian online lab-chemical shop,site shows Iranian shop and nationwide delivery,public catalogue/product-page evidence; current stock not independently verified,product_page_listed_not_current_stock_verified,اسید سوربیک MERCK,https://fardadshimi.com/product/6195767/,router_title_normalization,1
"(2R)-2-[(1S)-1,2-dihydroxyethyl]-3,4-dihydroxy-2H-furan-5-one",Ascorbic acid,50-81-7,54670067,CIWBSHSKHKDKBQ-JLAZNSOCSA-N,C6H8O6,176.12,,confirmed_organic,secondary_metabolite_or_natural_product,yes,Dr. Mojallali | False | extra pure | food-grade | industrial,DigiShimi | Fardad Shimi | Isatis Shimi | TamadKala | Telegram: ChemIranSanat,Iranian online chemical shops | Iranian online lab-chemical shop | Iranian online wholesale/lab shop | Iranian supplier Telegram catalogue,site shows Iranian online shop | site shows Iranian online shops | site shows Iranian shop and nationwide delivery | skill live country-gate,public catalogue/product-page evidence; current stock not independently verified,listed_not_current_stock_verified | product_page_listed_not_current_stock_verified,"(2R)-2-[(1S)-1,2-dihydroxyethyl]-3,4-dihydroxy-2H-furan-5-one | Ascorbic Acid (Vitamin C) | آسکوربیک اسید ۹۹ گرید صنعتی | ... | اسید آسکوربیک | اسید آسکوربیک extra pure دکتر مجللی | ... | اسید آسکوربیک ۱ کیلویی دکتر مجللی | ... | اسید اسکوربیک | اسید اسکوربیک خوراکی | فروش اسید اسکوربیک | ...",https://digishimii.ir/Product/%d8%a7%d8%b3%db%8c%d8%af-%d8%a2%d8%b3%da%a9%d9%88%d8%b1%d8%a8%db%8c%da%a9/ | https://isatisshimi.com/en/product/ascorbic-acid-vitamin-c/ | https://tamadkala.com/product/177571/%D8%A7%D8%B3%DB%8C%D8%AF-%D8%A7%D8%B3%DA%A9%D9%88%D8%B1%D8%A8%DB%8C%DA%A9 | https://tamadkala.com/product/74869/%D8%A7%D8%B3%DB%8C%D8%AF-%D8%A7%D8%B3%DA%A9%D9%88%D8%B1%D8%A8%DB%8C%DA%A9-%D8%AE%D9%88%D8%B1%D8%A7%DA%A9%DB%8C,existing skill export | router_title_normalization,10
(2R)-2-amino-3-sulfanylpropanoic acid,L-Cysteine,52-90-4,5862,XUJNEKJLAYXESH-REOHCLBHSA-N,C3H7NO2S,121.16,,confirmed_organic,organic_reagent,not_stated,,TamadKala,Iranian online wholesale/lab shop,site shows Iranian online shop,public catalogue/product-page evidence; current stock not independently verified,product_page_listed_not_current_stock_verified,ال سیستئین,https://tamadkala.com/product/149104/%D8%A7%D9%84-%D8%B3%DB%8C%D8%B3%D8%AA%D8%A6%DB%8C%D9%86,router_title_normalization,1
"(2R,3R,4R,5S)-hexane-1,2,3,4,5,6-hexol",Sorbitol,50-70-4,5780,FBPFZTCFMRRESA-JGWLITMVSA-N,C6H14O6,182.17,,confirmed_organic,organic_reagent,not_stated,True | industrial,DigiShimi | Fardad Shimi | TamadKala | Telegram: IranChemicals,Iranian online chemical shops | Iranian online lab-chemical shop | Iranian online wholesale/lab shop | Iranian supplier Telegram catalogue,site shows Iranian online shop | site shows Iranian online shops | site shows Iranian shop and nationwide delivery | skill live country-gate,public catalogue/product-page evidence; current stock not independently verified,listed_not_current_stock_verified | product_page_listed_not_current_stock_verified,"(2R,3R,4R,5S)-hexane-1,2,3,4,5,6-hexol | سوربیتول | سوربیتول MERCK",https://digishimii.ir/Product/%d8%b3%d9%88%d8%b1%d8%a8%db%8c%d8%aa%d9%88%d9%84/ | https://fardadshimi.com/product/6197578/ | https://tamadkala.com/product/76005/%D8%B3%D9%88%D8%B1%D8%A8%DB%8C%D8%AA%D9%88%D9%84,existing skill export | router_title_normalization,4
"(2R,3R,4S,5R,6S)-2-(hydroxymethyl)-6-[(2R,3S,4R,5R,6R)-4,5,6-trihydroxy-2-(hydroxymethyl)oxan-3-yl]oxyoxane-3,4,5-triol",Lactose,63-42-3,6134,GUBGYTABKSRVRQ-DCSYEGIMSA-N,C12H22O11,342.30,,confirmed_organic,organic_reagent,yes,extra pure,TamadKala,Iranian online wholesale/lab shop,site shows Iranian online shop,public catalogue/product-page evidence; current stock not independently verified,product_page_listed_not_current_stock_verified,لاکتوز extra pure نوترون,https://tamadkala.com/product/99056/%D9%84%D8%A7%DA%A9%D8%AA%D9%88%D8%B2-extra-pure-%D9%86%D9%88%D8%AA%D8%B1%D9%88%D9%86,router_title_normalization,1
"(2R,3R,4S,5R,6S)-2-(hydroxymethyl)-6-[(2R,3S,4R,5R,6S)-4,5,6-trihydroxy-2-(hydroxymethyl)oxan-3-yl]oxyoxane-3,4,5-triol;hydrate",Lactose monohydrate,64044-51-5,104938,WSVLPVUVIUVCRA-KPKNDVKVSA-N,C12H24O12,360.31,,confirmed_organic,organic_reagent,yes,lab,TamadKala,Iranian online wholesale/lab shop,site shows Iranian online shop,public catalogue/product-page evidence; current stock not independently verified,product_page_listed_not_current_stock_verified,لاکتوز 1 آبه lab دکتر مجللی,https://tamadkala.com/product/173201/%D9%84%D8%A7%DA%A9%D8%AA%D9%88%D8%B2-1-%D8%A2%D8%A8%D9%87-lab-%D8%AF%DA%A9%D8%AA%D8%B1-%D9%85%D8%AC%D9%84%D9%84%DB%8C,router_title_normalization,1
"(2R,3R,4S,5S,6R)-2-[(2S,3S,4S,5R)-3,4-dihydroxy-2,5-bis(hydroxymethyl)oxolan-2-yl]oxy-6-(hydroxymethyl)oxane-3,4,5-triol",Sucrose,57-50-1,5988,CZMRCDWAGMRECN-UGDNZRGBSA-N,C12H22O11,342.30,,confirmed_organic,organic_reagent,not_stated,True | industrial,DigiShimi | Fardad Shimi | TamadKala | Telegram: jahaneshimicom,Iranian online chemical shops | Iranian online lab-chemical shop | Iranian online wholesale/lab shop | Iranian supplier Telegram catalogue,site shows Iranian online shop | site shows Iranian online shops | site shows Iranian shop and nationwide delivery | skill live country-gate,public catalogue/product-page evidence; current stock not independently verified,listed_not_current_stock_verified | product_page_listed_not_current_stock_verified,"(2R,3R,4S,5S,6R)-2-[(2S,3S,4S,5R)-3,4-dihydroxy-2,5-bis(hydroxymethyl)oxolan-2-yl]oxy-6-(hydroxymethyl)oxane-3,4,5-triol | ساکارز MERCK | ساکارز برند dyc چین | ... | ساکارز نوترون | ساکاروز | ساکاروز قطران شیمی",https://digishimii.ir/Product/%d8%b3%d8%a7%da%a9%d8%a7%d8%b1%d9%88%d8%b2/ | https://fardadshimi.com/product/6195800/ | https://tamadkala.com/product/72558/%D8%B3%D8%A7%DA%A9%D8%A7%D8%B1%D9%88%D8%B2-%D9%82%D8%B7%D8%B1%D8%A7%D9%86-%D8%B4%DB%8C%D9%85%DB%8C | https://tamadkala.com/product/97635/%D8%B3%D8%A7%DA%A9%D8%A7%D8%B1%D8%B2-%D9%86%D9%88%D8%AA%D8%B1%D9%88%D9%86,existing skill export | router_title_normalization,6
"(2R,3S,4R,5R)-2,3,4,5,6-pentahydroxyhexanal;hydrate",glucose monohydrate,,22814120,SPFMQWBKVUQXJV-BTVCFUMJSA-N,C6H14O7,198.17,,confirmed_organic,organic_reagent,not_stated,,TamadKala,Iranian online wholesale/lab shop,site shows Iranian online shop,public catalogue/product-page evidence; current stock not independently verified,product_page_listed_not_current_stock_verified,گلوکز 1 آبه | ...,,router_title_normalization,1
"(2R,4S)-pentane-1,2,3,4,5-pentol",Xylitol,87-99-0,6912,HEBKCHPVOIAQTA-NGQZWQHPSA-N,C5H12O5,152.15,,confirmed_organic,organic_reagent,not_stated,industrial,TamadKala,Iranian online wholesale/lab shop,site shows Iranian online shop,public catalogue/product-page evidence; current stock not independently verified,product_page_listed_not_current_stock_verified,زایلیتول صنعتی,https://tamadkala.com/product/163060/%D8%B2%D8%A7%DB%8C%D9%84%DB%8C%D8%AA%D9%88%D9%84-%D8%B5%D9%86%D8%B9%D8%AA%DB%8C,router_title_normalization,1
"(2S)-2,4-diamino-4-oxobutanoic acid;hydrate",L-Asparagine monohydrate,5794-13-8,170358,RBMGJIZCEWRQES-DKWTVANSSA-N,C4H10N2O4,150.13,,confirmed_organic,organic_reagent,not_stated,,TamadKala,Iranian online wholesale/lab shop,site shows Iranian online shop,public catalogue/product-page evidence; current stock not independently verified,product_page_listed_not_current_stock_verified,ال آسپارژین مونوهیدارت,https://tamadkala.com/product/16846/%D8%A7%D9%84-%D8%A2%D8%B3%D9%BE%D8%A7%D8%B1%DA%98%DB%8C%D9%86-%D9%85%D9%88%D9%86%D9%88%D9%87%DB%8C%D8%AF%D8%A7%D8%B1%D8%AA,router_title_normalization,1
"(2S)-2,5-diamino-5-oxopentanoic acid",L-Glutamine,56-85-9,5961,ZDXPYRJPNDTMRX-VKHMYHEASA-N,C5H10N2O3,146.14,,confirmed_organic,organic_reagent,yes,,TamadKala,Iranian online wholesale/lab shop,site shows Iranian online shop,public catalogue/product-page evidence; current stock not independently verified,product_page_listed_not_current_stock_verified,آمینو اسید محلول ال گلوتامین g7513 | ال گلوتامین bioultra,https://tamadkala.com/product/16832/%D8%A2%D9%85%DB%8C%D9%86%D9%88-%D8%A7%D8%B3%DB%8C%D8%AF-%D9%85%D8%AD%D9%84%D9%88%D9%84-%D8%A7%D9%84-%DA%AF%D9%84%D9%88%D8%AA%D8%A7%D9%85%DB%8C%D9%86-g7513 | https://tamadkala.com/product/16838/%D8%A7%D9%84-%DA%AF%D9%84%D9%88%D8%AA%D8%A7%D9%85%DB%8C%D9%86-bioultra,router_title_normalization,2
"(2S)-2,6-diaminohexanoic acid",L-Lysine,56-87-1,5962,KDXKERNSBIXSRK-YFKPBYRVSA-N,C6H14N2O2,146.19,,confirmed_organic,organic_reagent,not_stated,l9037,TamadKala,Iranian online wholesale/lab shop,site shows Iranian online shop,public catalogue/product-page evidence; current stock not independently verified,product_page_listed_not_current_stock_verified,آمینو اسید ال لیزین مونوهیدرات l9037 | ال لوسین برند dyc چین | ال لیزین,https://tamadkala.com/product/164568/%D8%A7%D9%84-%D9%84%D9%88%D8%B3%DB%8C%D9%86-%D8%A8%D8%B1%D9%86%D8%AF-dyc-%DA%86%DB%8C%D9%86 | https://tamadkala.com/product/16660/%D8%A7%D9%84-%D9%84%DB%8C%D8%B2%DB%8C%D9%86 | https://tamadkala.com/product/17363/%D8%A2%D9%85%DB%8C%D9%86%D9%88-%D8%A7%D8%B3%DB%8C%D8%AF-%D8%A7%D9%84-%D9%84%DB%8C%D8%B2%DB%8C%D9%86-%D9%85%D9%88%D9%86%D9%88%D9%87%DB%8C%D8%AF%D8%B1%D8%A7%D8%AA-l9037,router_title_normalization,3
(2S)-2-amino-3-(1H-imidazol-5-yl)propanoic acid,L-Histidine,71-00-1,6274,HNDVDQJCIGZPNO-YFKPBYRVSA-N,C6H9N3O2,155.15,,confirmed_organic,organic_reagent,not_stated,,TamadKala,Iranian online wholesale/lab shop,site shows Iranian online shop,public catalogue/product-page evidence; current stock not independently verified,product_page_listed_not_current_stock_verified,اسید آمینه ال هیستیدین,https://tamadkala.com/product/16853/%D8%A7%D8%B3%DB%8C%D8%AF-%D8%A2%D9%85%DB%8C%D9%86%D9%87-%D8%A7%D9%84-%D9%87%DB%8C%D8%B3%D8%AA%DB%8C%D8%AF%DB%8C%D9%86,router_title_normalization,1
(2S)-2-amino-3-(1H-indol-3-yl)propanoic acid,Tryptophan,73-22-3,6305,QIVBCDIJIAJPQS-VIFPVBQESA-N,C11H12N2O2,204.22,,confirmed_organic,organic_reagent,yes,,TamadKala,Iranian online wholesale/lab shop,site shows Iranian online shop,public catalogue/product-page evidence; current stock not independently verified,product_page_listed_not_current_stock_verified,آمینو اسید ال تریپتوفان bioultra | تریپتوفان,https://tamadkala.com/product/17051/%D8%A2%D9%85%DB%8C%D9%86%D9%88-%D8%A7%D8%B3%DB%8C%D8%AF-%D8%A7%D9%84-%D8%AA%D8%B1%DB%8C%D9%BE%D8%AA%D9%88%D9%81%D8%A7%D9%86-bioultra | https://tamadkala.com/product/17053/%D8%AA%D8%B1%DB%8C%D9%BE%D8%AA%D9%88%D9%81%D8%A7%D9%86,router_title_normalization,2
(2S)-2-amino-3-(4-hydroxyphenyl)propanoic acid,L-Tyrosine,721-10-6,6057,OUYCCCASQSFEME-QMMMGPOBSA-N,C9H11NO3,181.19,,confirmed_organic,organic_reagent,yes,MERCK,Fardad Shimi | TamadKala,Iranian online lab-chemical shop | Iranian online wholesale/lab shop,site shows Iranian online shop | site shows Iranian shop and nationwide delivery,public catalogue/product-page evidence; current stock not independently verified,product_page_listed_not_current_stock_verified,آمینو اسید ال تیروزین | آمینو اسید ال تیروزین bioultra | ال تیروزین MERCK | ...,https://tamadkala.com/product/16908/%D8%A2%D9%85%DB%8C%D9%86%D9%88-%D8%A7%D8%B3%DB%8C%D8%AF-%D8%A7%D9%84-%D8%AA%DB%8C%D8%B1%D9%88%D8%B2%DB%8C%D9%86 | https://tamadkala.com/product/16944/%D8%A2%D9%85%DB%8C%D9%86%D9%88-%D8%A7%D8%B3%DB%8C%D8%AF-%D8%A7%D9%84-%D8%AA%DB%8C%D8%B1%D9%88%D8%B2%DB%8C%D9%86-bioultra,router_title_normalization,3
(2S)-2-amino-3-hydroxypropanoic acid,Serine,56-45-1,5951,MTCFGRXMJLQNBG-REOHCLBHSA-N,C3H7NO3,105.09,,confirmed_organic,organic_reagent,yes,,TamadKala,Iranian online wholesale/lab shop,site shows Iranian online shop,public catalogue/product-page evidence; current stock not independently verified,product_page_listed_not_current_stock_verified,ال سرین bioultra | سرین,https://tamadkala.com/product/16885/%D8%A7%D9%84-%D8%B3%D8%B1%DB%8C%D9%86-bioultra | https://tamadkala.com/product/16888/%D8%B3%D8%B1%DB%8C%D9%86,router_title_normalization,2
(2S)-2-amino-3-methylbutanoic acid,L-Valine,72-18-4,6287,KZSNJWFQEVHDMF-BYPYZUCNSA-N,C5H11NO2,117.15,,confirmed_organic,organic_reagent,yes,bioultra 94619,TamadKala,Iranian online wholesale/lab shop,site shows Iranian online shop,public catalogue/product-page evidence; current stock not independently verified,product_page_listed_not_current_stock_verified,ال والین | ال والین bioultra 94619,https://tamadkala.com/product/17310/%D8%A7%D9%84-%D9%88%D8%A7%D9%84%DB%8C%D9%86 | https://tamadkala.com/product/17312/%D8%A7%D9%84-%D9%88%D8%A7%D9%84%DB%8C%D9%86-bioultra-94619,router_title_normalization,2
(2S)-2-amino-3-phenylpropanoic acid,L-Phenylalanine,63-91-2,6140,COLNVLDHVKWLRT-QMMMGPOBSA-N,C9H11NO2,165.19,,confirmed_organic,organic_reagent,yes,bioultra | p5482,TamadKala,Iranian online wholesale/lab shop,site shows Iranian online shop,public catalogue/product-page evidence; current stock not independently verified,product_page_listed_not_current_stock_verified,ال فنیل آلانین bioultra | ال فنیل آلانین p5482,https://tamadkala.com/product/17323/%D8%A7%D9%84-%D9%81%D9%86%DB%8C%D9%84-%D8%A2%D9%84%D8%A7%D9%86%DB%8C%D9%86-p5482 | https://tamadkala.com/product/17325/%D8%A7%D9%84-%D9%81%D9%86%DB%8C%D9%84-%D8%A2%D9%84%D8%A7%D9%86%DB%8C%D9%86-bioultra,router_title_normalization,2
(2S)-2-amino-4-methylpentanoic acid,L-Leucine,61-90-5,6106,ROHFNLRQFUQHCH-YFKPBYRVSA-N,C6H13NO2,131.17,,confirmed_organic,organic_reagent,yes,bioultra | l8912,TamadKala,Iranian online wholesale/lab shop,site shows Iranian online shop,public catalogue/product-page evidence; current stock not independently verified,product_page_listed_not_current_stock_verified,ال لوسین l8912 | ال لوسین61819 bioultra,https://tamadkala.com/product/17068/%D8%A7%D9%84-%D9%84%D9%88%D8%B3%DB%8C%D9%86-l8912 | https://tamadkala.com/product/17072/%D8%A7%D9%84-%D9%84%D9%88%D8%B3%DB%8C%D9%8661819-bioultra,router_title_normalization,2
(2S)-2-amino-5-(diaminomethylideneamino)pentanoic acid,L-Arginine,74-79-3,6322,ODKSFYDXXFIFQN-BYPYZUCNSA-N,C6H14N4O2,174.20,,confirmed_organic,organic_reagent,not_stated,,Rooz Darou | TamadKala,Iranian online wholesale/lab shop | Iranian pharmaceutical product catalogue,site shows Iranian online shop,public catalogue/product-page evidence; current stock not independently verified,product_page_listed_not_current_stock_verified,ال آرژنین | قرص ال-آرژنین 1000mg رزاویت,https://tamadkala.com/product/16656/%D8%A7%D9%84-%D8%A2%D8%B1%DA%98%D9%86%DB%8C%D9%86 | http://rouzdarou.com/products/%D9%82%D8%B1%D8%B5-%D8%A7%D9%84-%D8%A2%D8%B1%DA%98%D9%86%DB%8C%D9%86-1000mg-%D8%B1%D8%B2%D8%A7%D9%88%DB%8C%D8%AA,router_title_normalization,1
(2S)-2-amino-5-[[(2R)-1-(carboxymethylamino)-1-oxo-3-sulfanylpropan-2-yl]amino]-5-oxopentanoic acid,Glutathione,,124886,RWSXRVCMGQZWBV-WDSKDSINSA-N,C10H17N3O6S,307.33,,confirmed_organic,organic_reagent,yes,research,Telegram: ChemIranSanat,Iranian supplier Telegram catalogue,skill live country-gate,public catalogue/product-page evidence; current stock not independently verified,listed_not_current_stock_verified,(2S)-2-amino-5-[[(2R)-1-(carboxymethylamino)-1-oxo-3-sulfanylpropan-2-yl]amino]-5-oxopentanoic acid,https://t.me/ChemIranSanat/1202,existing skill export,2
(2S)-2-aminopentanedioic acid,Glutamic acid,56-84-8,33032,CKLJMWTZIZZHCS-REOHCLBHSA-N,C4H7NO4,133.10,,confirmed_organic,organic_reagent,yes,research,TamadKala | Telegram: ChemIranSanat,Iranian online wholesale/lab shop | Iranian supplier Telegram catalogue,site shows Iranian online shop | skill live country-gate,public catalogue/product-page evidence; current stock not independently verified,listed_not_current_stock_verified | product_page_listed_not_current_stock_verified,(2S)-2-aminobutanedioic acid | آمینو اسید دی آسپارتیک اسید | آمینو اسید دی گلوتامیک اسید | اسید گلوتامیک | ال آسپارتیک اسید | گلوتامیک اسید,https://t.me/ChemIranSanat/1983 | https://tamadkala.com/product/16677/%D8%A7%D9%84-%D8%A2%D8%B3%D9%BE%D8%A7%D8%B1%D8%AA%DB%8C%DA%A9-%D8%A7%D8%B3%DB%8C%D8%AF | https://tamadkala.com/product/16829/%DA%AF%D9%84%D9%88%D8%AA%D8%A7%D9%85%DB%8C%DA%A9-%D8%A7%D8%B3%DB%8C%D8%AF | https://tamadkala.com/product/67569/%D8%A2%D9%85%DB%8C%D9%86%D9%88-%D8%A7%D8%B3%DB%8C%D8%AF-%D8%AF%DB%8C-%D8%A2%D8%B3%D9%BE%D8%A7%D8%B1%D8%AA%DB%8C%DA%A9-%D8%A7%D8%B3%DB%8C%D8%AF | https://tamadkala.com/product/67700/%D8%A2%D9%85%DB%8C%D9%86%D9%88-%D8%A7%D8%B3%DB%8C%D8%AF-%D8%AF%DB%8C-%DA%AF%D9%84%D9%88%D8%AA%D8%A7%D9%85%DB%8C%DA%A9-%D8%A7%D8%B3%DB%8C%D8%AF | https://tamadkala.com/product/9706/%D8%A7%D8%B3%DB%8C%D8%AF-%DA%AF%D9%84%D9%88%D8%AA%D8%A7%D9%85%DB%8C%DA%A9,existing skill export | router_title_normalization,7
(2S)-2-aminopropanoic acid,Alanine,56-41-7,5950,QNAYBMKLOCPYGJ-REOHCLBHSA-N,C3H7NO2,89.09,,confirmed_organic,organic_reagent,yes,bioultra,TamadKala,Iranian online wholesale/lab shop,site shows Iranian online shop,public catalogue/product-page evidence; current stock not independently verified,product_page_listed_not_current_stock_verified,آلانین | اسید آمینه ال آلانین | ال آلانین bioultra,https://tamadkala.com/product/17055/%D8%A7%D8%B3%DB%8C%D8%AF-%D8%A2%D9%85%DB%8C%D9%86%D9%87-%D8%A7%D9%84-%D8%A2%D9%84%D8%A7%D9%86%DB%8C%D9%86 | https://tamadkala.com/product/17058/%D8%A7%D9%84-%D8%A2%D9%84%D8%A7%D9%86%DB%8C%D9%86-bioultra | https://tamadkala.com/product/17060/%D8%A2%D9%84%D8%A7%D9%86%DB%8C%D9%86,router_title_normalization,3
(2S)-pyrrolidine-2-carboxylic acid,Proline,147-85-3,145742,ONIBWKKTOPOVIA-BYPYZUCNSA-N,C5H9NO2,115.13,,confirmed_organic,organic_reagent,yes,bioultra | p3350000 | p5607,TamadKala,Iranian online wholesale/lab shop,site shows Iranian online shop,public catalogue/product-page evidence; current stock not independently verified,product_page_listed_not_current_stock_verified,اسید آمینه ال پرولین bioultra | ال پرولین p5607 | ال پرولین برند dyc چین | پرولین p3350000,https://tamadkala.com/product/164587/%D8%A7%D9%84-%D9%BE%D8%B1%D9%88%D9%84%DB%8C%D9%86-%D8%A8%D8%B1%D9%86%D8%AF-dyc-%DA%86%DB%8C%D9%86 | https://tamadkala.com/product/17304/%D8%A7%D9%84-%D9%BE%D8%B1%D9%88%D9%84%DB%8C%D9%86-p5607 | https://tamadkala.com/product/17307/%D8%A7%D8%B3%DB%8C%D8%AF-%D8%A2%D9%85%DB%8C%D9%86%D9%87-%D8%A7%D9%84-%D9%BE%D8%B1%D9%88%D9%84%DB%8C%D9%86-bioultra | https://tamadkala.com/product/17309/%D9%BE%D8%B1%D9%88%D9%84%DB%8C%D9%86-p3350000,router_title_normalization,4
"(2S,3R)-2-amino-3-hydroxybutanoic acid",L-Valine,72-19-5,6288,AYFVYJQAPQTCCC-GBXIJSLDSA-N,C4H9NO3,119.12,,confirmed_organic,organic_reagent,not_stated,,TamadKala,Iranian online wholesale/lab shop,site shows Iranian online shop,public catalogue/product-page evidence; current stock not independently verified,product_page_listed_not_current_stock_verified,ال والین برند لوبا هند,https://tamadkala.com/product/164592/%D8%A7%D9%84-%D9%88%D8%A7%D9%84%DB%8C%D9%86-%D8%A8%D8%B1%D9%86%D8%AF-%D9%84%D9%88%D8%A8%D8%A7-%D9%87%D9%86%D8%AF,router_title_normalization,1
"(2S,3R,4S,5R,6R)-3,4,5,6-tetrahydroxyoxane-2-carboxylic acid",Pectin,9000-69-5,441476,AEMOLEFTQBMNLQ-DTEWXJGMSA-N,C6H10O7,194.14,,confirmed_organic,organic_reagent,not_stated,industrial,Telegram: jahaneshimicom,Iranian supplier Telegram catalogue,skill live country-gate,public catalogue/product-page evidence; current stock not independently verified,listed_not_current_stock_verified,"(2S,3R,4S,5R,6R)-3,4,5,6-tetrahydroxyoxane-2-carboxylic acid",,existing skill export,1
"(2S,3S)-2-amino-3-methylpentanoic acid",Isoleucine,73-32-5,6306,AGPKZVBTJJNPAG-WHFBIAKZSA-N,C6H13NO2,131.17,,confirmed_organic,organic_reagent,yes,bioultra,TamadKala,Iranian online wholesale/lab shop,site shows Iranian online shop,public catalogue/product-page evidence; current stock not independently verified,product_page_listed_not_current_stock_verified,آمینو اسید ال ایزولوسین bioultra | ایزولوسین,https://tamadkala.com/product/17062/%D8%A7%DB%8C%D8%B2%D9%88%D9%84%D9%88%D8%B3%DB%8C%D9%86 | https://tamadkala.com/product/17066/%D8%A2%D9%85%DB%8C%D9%86%D9%88-%D8%A7%D8%B3%DB%8C%D8%AF-%D8%A7%D9%84-%D8%A7%DB%8C%D8%B2%D9%88%D9%84%D9%88%D8%B3%DB%8C%D9%86-bioultra,router_title_normalization,2
"(2S,4R)-N-[(1S,2S)-2-chloro-1-[(2R,3R,4S,5R,6R)-3,4,5-trihydroxy-6-methylsulfanyloxan-2-yl]propyl]-1-methyl-4-propylpyrrolidine-2-carboxamide;hydrochloride",Clindamycin Hydrochloride,,16051951,AUODDLQVRAJAJM-XJQDNNTCSA-N,C18H34Cl2N2O5S,461.4,,confirmed_organic,pharmaceutical_or_api,yes,API/GMP,BehChin Chemi Pharmed,Iranian supplier API/intermediate catalogue,site states Iran-based supplier,public catalogue/product-page evidence; current stock not independently verified,supplier_catalogue_listed_not_current_stock_verified,Clindamycin Hydrochloride,https://www.behchinchemi.ir/en/our-products/active-pharmaceutical-ingredient,supplier_table,1
"(3-hydroxy-2,2,4-trimethylpentyl) 2-methylpropanoate",Texanol,,6490,DAFHKNAQFPVRKR-UHFFFAOYSA-N,C12H24O3,216.32,,confirmed_organic,organic_reagent,not_stated,industrial,Telegram: Maran_Tejarat_Eshen,Iranian supplier Telegram catalogue,skill live country-gate,public catalogue/product-page evidence; current stock not independently verified,listed_not_current_stock_verified,"(3-hydroxy-2,2,4-trimethylpentyl) 2-methylpropanoate",https://t.me/Maran_Tejarat_Eshen/650,existing skill export,2
"(3R)-3-amino-1-[3-(trifluoromethyl)-6,8-dihydro-5H-[1,2,4]triazolo[4,3-a]pyrazin-7-yl]-4-(2,4,5-trifluorophenyl)butan-1-one",Sitagliptin,,4369359,MFFMDFFZMYYVKS-SECBINFHSA-N,C16H15F6N5O,407.31,,confirmed_organic,pharmaceutical_or_api,yes,API/GMP,BehChin Chemi Pharmed,Iranian supplier API/intermediate catalogue,site states Iran-based supplier,public catalogue/product-page evidence; current stock not independently verified,supplier_catalogue_listed_not_current_stock_verified,Sitagliptin,https://www.behchinchemi.ir/en/our-products/active-pharmaceutical-ingredient,supplier_table,1
"(3R,4S,5S,6R)-6-(hydroxymethyl)oxane-2,3,4,5-tetrol",Glucose,50-99-7,5793,WQZGKKKJIJFFOK-GASJEMHNSA-N,C6H12O6,180.16,,confirmed_organic,organic_reagent,not_stated,1 abe | 1% aqueous | True,DigiShimi | Fardad Shimi | TamadKala,Iranian online chemical shops | Iranian online lab-chemical shop | Iranian online wholesale/lab shop,site shows Iranian online shop | site shows Iranian online shops | site shows Iranian shop and nationwide delivery,public catalogue/product-page evidence; current stock not independently verified,product_page_listed_not_current_stock_verified,دکستروز | دکستروز 1 آبه | ... | گلوکز | گلوکز ۱ آبه MERCK | ...,https://digishimii.ir/Product/%d8%af%da%a9%d8%b3%d8%aa%d8%b1%d9%88%d8%b2/ | https://tamadkala.com/product/14366/%DA%AF%D9%84%D9%88%DA%A9%D8%B2,router_title_normalization,4
"(3S,4R,5R)-2-(hydroxymethyl)oxane-2,3,4,5-tetrol",Fructose,57-48-7,2723872,LKDRXBCSQODPBY-VRPWFDPXSA-N,C6H12O6,180.16,,confirmed_organic,organic_reagent,not_stated,,Fardad Shimi,Iranian online lab-chemical shop,site shows Iranian shop and nationwide delivery,public catalogue/product-page evidence; current stock not independently verified,product_page_listed_not_current_stock_verified,فروکتوز MERCK | ...,,router_title_normalization,1
"(3S,8S,9S,10R,13R,14S,17R)-10,13-dimethyl-17-[(2R)-6-methylheptan-2-yl]-2,3,4,7,8,9,11,12,14,15,16,17-dodecahydro-1H-cyclopenta[a]phenanthren-3-ol",Cholesterol,57-88-5,5997,HVYWMOMLDIMFJA-DPAQBDIFSA-N,C27H46O,386.7,,confirmed_organic,organic_reagent,not_stated,,TamadKala,Iranian online wholesale/lab shop,site shows Iranian online shop,public catalogue/product-page evidence; current stock not independently verified,product_page_listed_not_current_stock_verified,کلسترول سیگما c8503 | کلسترول سیگما کد c3045,https://tamadkala.com/product/146369/%DA%A9%D9%84%D8%B3%D8%AA%D8%B1%D9%88%D9%84-%D8%B3%DB%8C%DA%AF%D9%85%D8%A7-c8503 | https://tamadkala.com/product/152205/%DA%A9%D9%84%D8%B3%D8%AA%D8%B1%D9%88%D9%84-%D8%B3%DB%8C%DA%AF%D9%85%D8%A7-%DA%A9%D8%AF-c3045,router_title_normalization,2
"(4R,5S,6S)-3-[(3S,5S)-5-(dimethylcarbamoyl)pyrrolidin-3-yl]sulfanyl-6-[(1R)-1-hydroxyethyl]-4-methyl-7-oxo-1-azabicyclo[3.2.0]hept-2-ene-2-carboxylic acid",Meropenem,,441130,DMJNNHOOLUXYBV-PQTSNVLCSA-N,C17H25N3O5S,383.5,,confirmed_organic,pharmaceutical_or_api,yes,API/GMP,BehChin Chemi Pharmed,Iranian supplier API/intermediate catalogue,site states Iran-based supplier,public catalogue/product-page evidence; current stock not independently verified,supplier_catalogue_listed_not_current_stock_verified,Meropenem,https://www.behchinchemi.ir/en/our-products/active-pharmaceutical-ingredient,supplier_table,1
"(6'-acetyloxy-4',5'-dichloro-3-oxospiro[2-benzofuran-1,9'-xanthene]-3'-yl) acetate",Dichlorofluorescein diacetate,76-54-0,101615877,ISQNSAUDJAOTFD-UHFFFAOYSA-N,C24H14Cl2O7,485.3,,confirmed_organic,organic_reagent,not_stated,,TamadKala,Iranian online wholesale/lab shop,site shows Iranian online shop,public catalogue/product-page evidence; current stock not independently verified,product_page_listed_not_current_stock_verified,دی کلرو فلورسین دی استات,https://tamadkala.com/product/34998/%D8%AF%DB%8C-%DA%A9%D9%84%D8%B1%D9%88-%D9%81%D9%84%D9%88%D8%B1%D8%B3%DB%8C%D9%86-%D8%AF%DB%8C-%D8%A7%D8%B3%D8%AA%D8%A7%D8%AA,router_title_normalization,1
"(6aS,11bR)-7,11b-dihydro-6H-indeno[2,1-c]chromene-3,4,6a,9,10-pentol",Hematoxylin,517-28-2,442514,WZUVPPKBWHMQCE-XJKSGUPXSA-N,C16H14O6,302.28,,confirmed_organic,colorant_or_indicator,not_stated,indicator,TamadKala,Iranian online wholesale/lab shop,site shows Iranian online shop,public catalogue/product-page evidence; current stock not independently verified,product_page_listed_not_current_stock_verified,هماتوکسیلین indicator دکتر مجللی,https://tamadkala.com/product/173613/%D9%87%D9%85%D8%A7%D8%AA%D9%88%DA%A9%D8%B3%DB%8C%D9%84%DB%8C%D9%86-indicator-%D8%AF%DA%A9%D8%AA%D8%B1-%D9%85%D8%AC%D9%84%D9%84%DB%8C,router_title_normalization,1
"(8R,9S,13S,14S,16R,17R)-13-methyl-6,7,8,9,11,12,14,15,16,17-decahydrocyclopenta[a]phenanthrene-3,16,17-triol",Estriol,50-27-1,5756,PROQIPRRNZUXQM-ZXXIGWHRSA-N,C18H24O3,288.4,,confirmed_organic,organic_reagent,yes,research,Telegram: merckmillipore,Iranian supplier Telegram catalogue,skill live country-gate,public catalogue/product-page evidence; current stock not independently verified,listed_not_current_stock_verified,"(8R,9S,13S,14S,16R,17R)-13-methyl-6,7,8,9,11,12,14,15,16,17-decahydrocyclopenta[a]phenanthrene-3,16,17-triol",,existing skill export,1
(benzyldisulfanyl)methylbenzene,Dibenzyl disulfide,150-60-7,9012,GVPWHKZIJBODOX-UHFFFAOYSA-N,C14H14S2,246.4,,confirmed_organic,organic_reagent,not_stated,,TamadKala,Iranian online wholesale/lab shop,site shows Iranian online shop,public catalogue/product-page evidence; current stock not independently verified,product_page_listed_not_current_stock_verified,دی بنزیل دی سولفید | ...,,router_title_normalization,1
(E)-3-phenylprop-2-enal,Cinnamaldehyde,104-55-2,637511,KJPRLNWUNMBNBZ-QPJJXVBHSA-N,C9H8O,132.16,,confirmed_organic,organic_reagent,not_stated,industrial,Telegram: ChemIranSanat,Iranian supplier Telegram catalogue,skill live country-gate,public catalogue/product-page evidence; current stock not independently verified,listed_not_current_stock_verified,(E)-3-phenylprop-2-enal,,existing skill export,1
(E)-but-2-enedioic acid,Fumaric acid,,444972,VZCYOOQTPOCHFL-OWOJBTEDSA-N,C4H4O4,116.07,,confirmed_organic,organic_reagent,not_stated,industrial,TamadKala,Iranian online wholesale/lab shop,site shows Iranian online shop,public catalogue/product-page evidence; current stock not independently verified,product_page_listed_not_current_stock_verified,اسید فوماریک صنعتی,https://tamadkala.com/product/176075/%D8%A7%D8%B3%DB%8C%D8%AF-%D9%81%D9%88%D9%85%D8%A7%D8%B1%DB%8C%DA%A9-%D8%B5%D9%86%D8%B9%D8%AA%DB%8C,router_title_normalization,1
"(E)-but-2-enedioic acid;2-(1-methylpiperidin-4-ylidene)-6-thiatricyclo[8.4.0.03,7]tetradeca-1(14),3(7),4,10,12-pentaen-8-one",Ketotifen Fumarate,,5282408,YNQQEYBLVYAWNX-WLHGVMLRSA-N,C23H23NO5S,425.5,,confirmed_organic,pharmaceutical_or_api,yes,API/GMP,BehChin Chemi Pharmed,Iranian supplier API/intermediate catalogue,site states Iran-based supplier,public catalogue/product-page evidence; current stock not independently verified,supplier_catalogue_listed_not_current_stock_verified,Ketotifen Fumarate,https://www.behchinchemi.ir/en/our-products/active-pharmaceutical-ingredient,supplier_table,1
(phenyldisulfanyl)benzene,Diphenyl disulfide,,13436,GUUVPOWQJOLRAS-UHFFFAOYSA-N,C12H10S2,218.3,,confirmed_organic,organic_reagent,yes,research,Telegram: minatajhiz,Iranian supplier Telegram catalogue,skill live country-gate,public catalogue/product-page evidence; current stock not independently verified,listed_not_current_stock_verified,(phenyldisulfanyl)benzene,https://t.me/minatajhiz/1032,existing skill export,2
(Z)-but-2-enedioic acid,Maleic Acid,110-16-7,444266,VZCYOOQTPOCHFL-UPHRSURJSA-N,C4H4O4,116.07,,confirmed_organic,organic_reagent,yes,MERCK | for synthesis rd,Fardad Shimi | TamadKala,Iranian online lab-chemical shop | Iranian online wholesale/lab shop,site shows Iranian online shop | site shows Iranian shop and nationwide delivery,public catalogue/product-page evidence; current stock not independently verified,product_page_listed_not_current_stock_verified,مالئیک اسید امرتات شیمی گرید for synthesis rd | مالئیک اسید مرک MERCK,https://fardadshimi.com/product/6857954/ | https://tamadkala.com/product/153418/%D9%85%D8%A7%D9%84%D8%A6%DB%8C%DA%A9-%D8%A7%D8%B3%DB%8C%D8%AF-%D8%A7%D9%85%D8%B1%D8%AA%D8%A7%D8%AA-%D8%B4%DB%8C%D9%85%DB%8C-%DA%AF%D8%B1%DB%8C%D8%AF-for-synthesis-rd,router_title_normalization,2
(Z)-but-2-enedioic acid;(2S)-1-[(2S)-2-[[(2S)-1-ethoxy-1-oxo-4-phenylbutan-2-yl]amino]propanoyl]pyrrolidine-2-carboxylic acid,Enalapril Maleate,,5388961,OYFJQPXVCSSHAI-QFPUQLAESA-N,C24H32N2O9,492.5,,confirmed_organic,pharmaceutical_or_api,yes,API/GMP,BehChin Chemi Pharmed,Iranian supplier API/intermediate catalogue,site states Iran-based supplier,public catalogue/product-page evidence; current stock not independently verified,supplier_catalogue_listed_not_current_stock_verified,Enalapril Maleate,https://www.behchinchemi.ir/en/our-products/active-pharmaceutical-ingredient,supplier_table,1
(Z)-octadec-9-enoic acid,Oleic acid,112-80-1,445639,ZQPPMHVWECSIRJ-KTKRTIGZSA-N,C18H34O2,282.5,,confirmed_organic,organic_reagent,not_stated,False | True,Isatis Shimi | TamadKala,Iranian online chemical shops | Iranian online wholesale/lab shop,site shows Iranian online shop | site shows Iranian online shops,public catalogue/product-page evidence; current stock not independently verified,product_page_listed_not_current_stock_verified,Oleic Acid | اسید اولئیک | اولئیک اسید,https://isatisshimi.com/en/product/oleic-acid/ | https://isatisshimi.com/product/%d8%a7%d8%b3%db%8c%d8%af-%d8%a7%d9%88%d9%84%d8%a6%db%8c%da%a9/ | https://tamadkala.com/product/31968/%D8%A7%D9%88%D9%84%D8%A6%DB%8C%DA%A9-%D8%A7%D8%B3%DB%8C%D8%AF,router_title_normalization,3
"1,1,2,2-tetrachloroethene",Perchloroethylene,127-18-4,31373,CYTYCFOTNPOANT-UHFFFAOYSA-N,C2Cl4,165.8,,confirmed_organic,organic_reagent,not_stated,False,DigiShimi | TamadKala,Iranian online chemical shops | Iranian online wholesale/lab shop,site shows Iranian online shop | site shows Iranian online shops,public catalogue/product-page evidence; current stock not independently verified,product_page_listed_not_current_stock_verified,تترا کلروقلع | پرکلرواتیلن,https://digishimii.ir/Product/%d9%be%d8%b1%da%a9%d9%84%d8%b1%d9%88%d8%a7%d8%aa%db%8c%d9%84%d9%86/ | https://tamadkala.com/product/149089/%D8%AA%D8%AA%D8%B1%D8%A7-%DA%A9%D9%84%D8%B1%D9%88%D9%82%D9%84%D8%B9,router_title_normalization,2
"1,1-dioxo-1,2-benzothiazol-3-one",Saccharin,81-07-2,5143,CVHZOJJKTDOEJC-UHFFFAOYSA-N,C7H5NO3S,183.19,,confirmed_organic,organic_reagent,not_stated,,TamadKala,Iranian online wholesale/lab shop,site shows Iranian online shop,public catalogue/product-page evidence; current stock not independently verified,product_page_listed_not_current_stock_verified,فروش ساخارین 2,https://tamadkala.com/product/5621/%D9%81%D8%B1%D9%88%D8%B4-%D8%B3%D8%A7%D8%AE%D8%A7%D8%B1%DB%8C%D9%86-2,router_title_normalization,1
"1,10-phenanthroline;hydrate","1,10-Phenanthroline monohydrate",5144-89-8,21226,PPQJCISYYXZCAE-UHFFFAOYSA-N,C12H10N2O,198.22,,confirmed_organic,organic_reagent,yes,True | acs,Fardad Shimi | TamadKala,Iranian online lab-chemical shop | Iranian online wholesale/lab shop,site shows Iranian online shop | site shows Iranian shop and nationwide delivery,public catalogue/product-page evidence; current stock not independently verified,product_page_listed_not_current_stock_verified,"110 فنانترولین مونوهیدرات acs دکتر مجللی | ۱,۱۰- فنانترولین ۱ آبه مرک MERCK",https://tamadkala.com/product/193278/110-%D9%81%D9%86%D8%A7%D9%86%D8%AA%D8%B1%D9%88%D9%84%DB%8C%D9%86-%D9%85%D9%88%D9%86%D9%88%D9%87%DB%8C%D8%AF%D8%B1%D8%A7%D8%AA-acs-%D8%AF%DA%A9%D8%AA%D8%B1-%D9%85%D8%AC%D9%84%D9%84%DB%8C,router_title_normalization,2
"1,2-dimethoxy-4-[(E)-prop-1-enyl]benzene",Methylisoeugenol,,637776,NNWHUJCUHAELCL-SNAWJCMRSA-N,C11H14O2,178.23,,confirmed_organic,organic_reagent,yes,research,Telegram: minatajhiz,Iranian supplier Telegram catalogue,skill live country-gate,public catalogue/product-page evidence; current stock not independently verified,listed_not_current_stock_verified,"1,2-dimethoxy-4-[(E)-prop-1-enyl]benzene",https://t.me/minatajhiz/100,existing skill export,2
"1,3,5,7-tetrazatricyclo[3.3.1.13,7]decane",Hexamine,100-97-0,4101,VKYKSIONXSXAKP-UHFFFAOYSA-N,C6H12N4,140.19,,confirmed_organic,organic_reagent,not_stated,,DigiShimi,Iranian online chemical shops,site shows Iranian online shops,public catalogue/product-page evidence; current stock not independently verified,product_page_listed_not_current_stock_verified,هگزامین,https://digishimii.ir/Product/هگزامین/,router_title_normalization,1
"1,3,5-triazine-2,4,6-triamine",Melamine,108-78-1,7955,JDSHMPZPIAZGSV-UHFFFAOYSA-N,C3H6N6,126.12,,confirmed_organic,organic_reagent,yes,research,Fardad Shimi | Telegram: ChemIranSanat,Iranian online lab-chemical shop | Iranian supplier Telegram catalogue,site shows Iranian shop and nationwide delivery | skill live country-gate,public catalogue/product-page evidence; current stock not independently verified,listed_not_current_stock_verified | product_page_listed_not_current_stock_verified,"1,3,5-triazine-2,4,6-triamine | ملامین MERCK | ...",https://t.me/ChemIranSanat/1905,existing skill export | router_title_normalization,3
"1,3,7-trimethylpurine-2,6-dione",Caffeine,58-08-2,2519,RYYVLZVUVIJVGH-UHFFFAOYSA-N,C8H10N4O2,194.19,,confirmed_organic,secondary_metabolite_or_natural_product,yes,Extra Pure | extra pure | industrial,TamadKala | Telegram: ChemIranSanat,Iranian online research/chemical shop | Iranian online wholesale/lab shop | Iranian supplier Telegram catalogue,site shows Iranian online shop | skill live country-gate,public catalogue/product-page evidence; current stock not independently verified,listed_not_current_stock_verified | product_page_listed_not_current_stock_verified,"1,3,7-trimethylpurine-2,6-dione | کافئین | کافئین extra pure نوترون",https://tamadkala.com/product/74876/%DA%A9%D8%A7%D9%81%D8%A6%DB%8C%D9%86 | https://tamadkala.com/product/98259/%DA%A9%D8%A7%D9%81%D8%A6%DB%8C%D9%86-extra-pure-%D9%86%D9%88%D8%AA%D8%B1%D9%88%D9%86,existing skill export | explicit_category_supplement | router_title_normalization,4
"1,3-bis(hydroxymethyl)-5,5-dimethylimidazolidine-2,4-dione",Dmdm-hydantoin,,22947,WSDISUOETYTPRL-UHFFFAOYSA-N,C7H12N2O4,188.18,,confirmed_organic,cosmetic_raw_material,not_stated,,BehChin Chemi Pharmed,Iranian supplier API/intermediate catalogue,site states Iran-based supplier,public catalogue/product-page evidence; current stock not independently verified,supplier_catalogue_listed_not_current_stock_verified,Dmdm-hydantoin,https://www.behchinchemi.ir/en/our-products/cosmetic-materials,supplier_table,1
"1,3-diphenylpropane-1,3-dione",Dibenzoylmethane,,8433,NZZIMKJIVMHWJC-UHFFFAOYSA-N,C15H12O2,224.25,,confirmed_organic,organic_reagent,yes,research,Telegram: minatajhiz,Iranian supplier Telegram catalogue,skill live country-gate,public catalogue/product-page evidence; current stock not independently verified,listed_not_current_stock_verified,"1,3-diphenylpropane-1,3-dione",https://t.me/minatajhiz/1023,existing skill export,2
"1,4-diazabicyclo[2.2.2]octane",Dabco,,9237,IMNIMPAHZVJRPE-UHFFFAOYSA-N,C6H12N2,112.17,,confirmed_organic,organic_reagent,yes,research,Telegram: ChemIranSanat | Telegram: IranChemicals,Iranian supplier Telegram catalogue,skill live country-gate,public catalogue/product-page evidence; current stock not independently verified,listed_not_current_stock_verified,"1,4-diazabicyclo[2.2.2]octane",https://t.me/ChemIranSanat/1865 | https://t.me/IranChemicals/31153,existing skill export,3
"1,4-dioxane","1,4-Dioxane",123-91-1,31275,RYHBNJHYFVUHQT-UHFFFAOYSA-N,C4H8O2,88.11,,confirmed_organic,organic_reagent,yes,dry | extra pure | hplc,TamadKala,Iranian online wholesale/lab shop,site shows Iranian online shop,public catalogue/product-page evidence; current stock not independently verified,product_page_listed_not_current_stock_verified,41 دی اکسان extra pure نوترون | ... | 41 دیاکسان dry نوترون 2 | ... | 41 دیاکسان hplc نوترون | ...,,router_title_normalization,3
"1,6-diisocyanatohexane",Hexamethylene diisocyanate,822-06-0,13192,RRAMGCGOFNQTLD-UHFFFAOYSA-N,C8H12N2O2,168.19,,confirmed_organic,organic_reagent,yes,research,Telegram: minatajhiz,Iranian supplier Telegram catalogue,skill live country-gate,public catalogue/product-page evidence; current stock not independently verified,listed_not_current_stock_verified,"1,6-diisocyanatohexane",https://t.me/minatajhiz/74,existing skill export,2
"1-(3,3a,4,5,6,6a-hexahydro-1H-cyclopenta[c]pyrrol-2-yl)-3-(4-methylphenyl)sulfonylurea",Gliclazide,,3475,BOVGTQGAOIONJV-UHFFFAOYSA-N,C15H21N3O3S,323.4,,confirmed_organic,pharmaceutical_or_api,yes,API/GMP,BehChin Chemi Pharmed,Iranian supplier API/intermediate catalogue,site states Iran-based supplier,public catalogue/product-page evidence; current stock not independently verified,supplier_catalogue_listed_not_current_stock_verified,Gliclazide,https://www.behchinchemi.ir/en/our-products/active-pharmaceutical-ingredient,supplier_table,1
1-(9H-carbazol-4-yloxy)-3-[2-(2-methoxyphenoxy)ethylamino]propan-2-ol,Carvedilol,,2585,OGHNVEJMJSYVRP-UHFFFAOYSA-N,C24H26N2O4,406.5,,confirmed_organic,pharmaceutical_or_api,yes,API/GMP,BehChin Chemi Pharmed,Iranian supplier API/intermediate catalogue,site states Iran-based supplier,public catalogue/product-page evidence; current stock not independently verified,supplier_catalogue_listed_not_current_stock_verified,Carvedilol,https://www.behchinchemi.ir/en/our-products/active-pharmaceutical-ingredient,supplier_table,1
1-(bromomethyl)-2-phenylbenzene,1-(Bromomethyl)-2-phenylbenzene,,263365,SEXZHJJUKFXNDY-UHFFFAOYSA-N,C13H11Br,247.13,,confirmed_organic,organic_reagent,yes,research,Telegram: ChemIranSanat,Iranian supplier Telegram catalogue,skill live country-gate,public catalogue/product-page evidence; current stock not independently verified,listed_not_current_stock_verified,1-(bromomethyl)-2-phenylbenzene,https://t.me/ChemIranSanat/65,existing skill export,2
1-(chloromethyl)-4-ethenylbenzene,p-Vinylbenzyl chloride,,74126,ZRZHXNCATOYMJH-UHFFFAOYSA-N,C9H9Cl,152.62,,confirmed_organic,organic_reagent,yes,research,Telegram: minatajhiz,Iranian supplier Telegram catalogue,skill live country-gate,public catalogue/product-page evidence; current stock not independently verified,listed_not_current_stock_verified,1-(chloromethyl)-4-ethenylbenzene,https://t.me/minatajhiz/713,existing skill export,2
1-[chloro(ethoxy)phosphoryl]oxyethane,Diethyl chlorophosphate,,13139,LGTLXDJOAJDFLR-UHFFFAOYSA-N,C4H10ClO3P,172.55,,confirmed_organic,organic_reagent,yes,research,Telegram: ChemIranSanat,Iranian supplier Telegram catalogue,skill live country-gate,public catalogue/product-page evidence; current stock not independently verified,listed_not_current_stock_verified,1-[chloro(ethoxy)phosphoryl]oxyethane,https://t.me/ChemIranSanat/1923,existing skill export,2
1-bromobutane,Butyl bromide,,8002,MPPPKRYCTPRNTB-UHFFFAOYSA-N,C4H9Br,137.02,,confirmed_organic,organic_reagent,yes,research,Telegram: minatajhiz,Iranian supplier Telegram catalogue,skill live country-gate,public catalogue/product-page evidence; current stock not independently verified,listed_not_current_stock_verified,1-bromobutane,https://t.me/minatajhiz/1089,existing skill export,2
"1-bromopyrrolidine-2,5-dione",n-Bromosuccinimide,542-56-1,67184,PCLIMKBDDGJMGD-UHFFFAOYSA-N,C4H4BrNO2,177.98,,confirmed_organic,organic_reagent,not_stated,,TamadKala,Iranian online wholesale/lab shop,site shows Iranian online shop,public catalogue/product-page evidence; current stock not independently verified,product_page_listed_not_current_stock_verified,n برومو سوکسیانیمید,https://tamadkala.com/product/55234/n-%D8%A8%D8%B1%D9%88%D9%85%D9%88-%D8%B3%D9%88%DA%A9%D8%B3%DB%8C%D8%A7%D9%86%DB%8C%D9%85%DB%8C%D8%AF,router_title_normalization,1
1-chloro-4-(4-chlorophenyl)sulfonylbenzene,"4,4'-Dichlorodiphenyl sulfone",,6625,GPAPPPVRLPGFEQ-UHFFFAOYSA-N,C12H8Cl2O2S,287.2,,confirmed_organic,organic_reagent,yes,research,Telegram: ChemIranSanat,Iranian supplier Telegram catalogue,skill live country-gate,public catalogue/product-page evidence; current stock not independently verified,listed_not_current_stock_verified,1-chloro-4-(4-chlorophenyl)sulfonylbenzene,https://t.me/ChemIranSanat/1955,existing skill export,2
1-chlorobutane,1-Chlorobutane,109-69-3,8005,VFWCMGCRMGJXDK-UHFFFAOYSA-N,C4H9Cl,92.57,,confirmed_organic,organic_reagent,yes,extra pure | hplc,TamadKala,Iranian online wholesale/lab shop,site shows Iranian online shop,public catalogue/product-page evidence; current stock not independently verified,product_page_listed_not_current_stock_verified,1 کلروبوتان extra pure نوترون 1 | ... | 1 کلروبوتان hplc نوترون | ...,,router_title_normalization,2
"1-hydroxypyrrolidine-2,5-dione",N-Hydroxysuccinimide,,80170,NQTADLQHYWFPDB-UHFFFAOYSA-N,C4H5NO3,115.09,,confirmed_organic,organic_reagent,yes,research,Telegram: ChemIranSanat,Iranian supplier Telegram catalogue,skill live country-gate,public catalogue/product-page evidence; current stock not independently verified,listed_not_current_stock_verified,"1-hydroxypyrrolidine-2,5-dione",https://t.me/ChemIranSanat/1991,existing skill export,2
1-methyl-4-prop-1-en-2-ylcyclohexene,1-Methyl-4-Prop-1-En-2-Ylcyclohexene,,22311,XMGQYMWWDOXHJM-UHFFFAOYSA-N,C10H16,136.23,,confirmed_organic,organic_reagent,yes,research,Telegram: minatajhiz,Iranian supplier Telegram catalogue,skill live country-gate,public catalogue/product-page evidence; current stock not independently verified,listed_not_current_stock_verified,1-methyl-4-prop-1-en-2-ylcyclohexene,https://t.me/minatajhiz/1043,existing skill export,2
1-methylimidazole,1-Methylimidazole,616-47-7,1390,MCTWTZJPVLRJOU-UHFFFAOYSA-N,C4H6N2,82.10,,confirmed_organic,organic_reagent,not_stated,True,Fardad Shimi,Iranian online lab-chemical shop,site shows Iranian shop and nationwide delivery,public catalogue/product-page evidence; current stock not independently verified,product_page_listed_not_current_stock_verified,۱- متیل ایمیدازول MERCK,https://fardadshimi.com/product/6468363/,router_title_normalization,1
1-methylpiperazine,1-Methylpiperazine,,53167,PVOAHINGSUIXLS-UHFFFAOYSA-N,C5H12N2,100.16,,confirmed_organic,organic_reagent,yes,research,Telegram: ChemIranSanat,Iranian supplier Telegram catalogue,skill live country-gate,public catalogue/product-page evidence; current stock not independently verified,listed_not_current_stock_verified,1-methylpiperazine,https://t.me/ChemIranSanat/1010,existing skill export,2
1-methylpyrrolidin-2-one,1-Methyl-2-pyrrolidone,872-50-4,13387,SECXISVLQFMRJM-UHFFFAOYSA-N,C5H9NO,99.13,,confirmed_organic,organic_reagent,not_stated,,TamadKala,Iranian online wholesale/lab shop,site shows Iranian online shop,public catalogue/product-page evidence; current stock not independently verified,product_page_listed_not_current_stock_verified,۱متیل۲پیرولیدون,https://tamadkala.com/product/29933/%DB%B1%D9%85%D8%AA%DB%8C%D9%84%DB%B2%D9%BE%DB%8C%D8%B1%D9%88%D9%84%DB%8C%D8%AF%D9%88%D9%86,router_title_normalization,1
10H-anthracen-9-one,Anthrone,90-44-8,7018,RJGDLRCDCYRQOQ-UHFFFAOYSA-N,C14H10O,194.23,,confirmed_organic,organic_reagent,not_stated,True,Fardad Shimi,Iranian online lab-chemical shop,site shows Iranian shop and nationwide delivery,public catalogue/product-page evidence; current stock not independently verified,product_page_listed_not_current_stock_verified,آنترون مرک MERCK,,router_title_normalization,1
10H-phenothiazine,Phenothiazine,,7108,WJFKNYWRSNBZNX-UHFFFAOYSA-N,C12H9NS,199.27,,confirmed_organic,organic_reagent,yes,research,Telegram: ChemIranSanat | Telegram: minatajhiz,Iranian supplier Telegram catalogue,skill live country-gate,public catalogue/product-page evidence; current stock not independently verified,listed_not_current_stock_verified,10H-phenothiazine,https://t.me/ChemIranSanat/1798 | https://t.me/minatajhiz/1002,existing skill export,3
"1H-1,2,4-triazole","1H-1,2,4-Triazole",288-88-0,9257,NSPMIYGKQJPBQR-UHFFFAOYSA-N,C2H3N3,69.07,,confirmed_organic,organic_reagent,yes,research,Telegram: minatajhiz,Iranian supplier Telegram catalogue,skill live country-gate,public catalogue/product-page evidence; current stock not independently verified,listed_not_current_stock_verified,"1H-1,2,4-triazole",https://t.me/minatajhiz/984,existing skill export,2
"1H-3,1-benzoxazine-2,4-dione",Isatoic Anhydride,,8359,TXJUTRJFNRYTHH-UHFFFAOYSA-N,C8H5NO3,163.13,,confirmed_organic,organic_reagent,yes,research,Telegram: ChemIranSanat,Iranian supplier Telegram catalogue,skill live country-gate,public catalogue/product-page evidence; current stock not independently verified,listed_not_current_stock_verified,"1H-3,1-benzoxazine-2,4-dione",https://t.me/ChemIranSanat/1693,existing skill export,2
1H-imidazole,Imidazole,288-32-4,795,RAXXELZNTBOGNW-UHFFFAOYSA-N,C3H4N2,68.08,,confirmed_organic,organic_reagent,not_stated,,Fardad Shimi | TamadKala,Iranian online lab-chemical shop | Iranian online wholesale/lab shop,site shows Iranian online shop | site shows Iranian shop and nationwide delivery,public catalogue/product-page evidence; current stock not independently verified,product_page_listed_not_current_stock_verified,ایمیدازول | ایمیدازول MERCK | ...,https://tamadkala.com/product/68101/%D8%A7%DB%8C%D9%85%DB%8C%D8%AF%D8%A7%D8%B2%D9%88%D9%84,router_title_normalization,2
1H-pyrazole,Pyrazole,,1048,WTKZEGDFNFYCGP-UHFFFAOYSA-N,C3H4N2,68.08,,confirmed_organic,organic_reagent,not_stated,,TamadKala,Iranian online wholesale/lab shop,site shows Iranian online shop,public catalogue/product-page evidence; current stock not independently verified,product_page_listed_not_current_stock_verified,پیرازول,https://tamadkala.com/product/20886/%D9%BE%DB%8C%D8%B1%D8%A7%D8%B2%D9%88%D9%84,router_title_normalization,1
1H-pyrrole-2-carbaldehyde,Pyrrole-2-carboxaldehyde,,13854,ZSKGQVFRTSEPJT-UHFFFAOYSA-N,C5H5NO,95.10,,confirmed_organic,organic_reagent,yes,research,Telegram: minatajhiz,Iranian supplier Telegram catalogue,skill live country-gate,public catalogue/product-page evidence; current stock not independently verified,listed_not_current_stock_verified,1H-pyrrole-2-carbaldehyde,https://t.me/minatajhiz/1049,existing skill export,2
"2,2,2-trichloroacetic acid",Trichloroacetic acid,76-03-9,6421,YNJBWRMUSHSURL-UHFFFAOYSA-N,C2HCl3O2,163.38,,confirmed_organic,organic_reagent,yes,MERCK | extra pure,Fardad Shimi | TamadKala,Iranian online lab-chemical shop | Iranian online wholesale/lab shop,site shows Iranian online shop | site shows Iranian shop and nationwide delivery,public catalogue/product-page evidence; current stock not independently verified,product_page_listed_not_current_stock_verified,تری کلرو استیک اسید MERCK | ... | تری کلرو استیک اسید extra pure نوترون | تری کلرواستیک اسید,https://tamadkala.com/product/9037/%D8%AA%D8%B1%DB%8C-%DA%A9%D9%84%D8%B1%D9%88%D8%A7%D8%B3%D8%AA%DB%8C%DA%A9-%D8%A7%D8%B3%DB%8C%D8%AF | https://tamadkala.com/product/95952/%D8%AA%D8%B1%DB%8C-%DA%A9%D9%84%D8%B1%D9%88-%D8%A7%D8%B3%D8%AA%DB%8C%DA%A9-%D8%A7%D8%B3%DB%8C%D8%AF-extra-pure-%D9%86%D9%88%D8%AA%D8%B1%D9%88%D9%86,router_title_normalization,3
"2,2,2-trifluoro-N-methyl-N-trimethylsilylacetamide",N-methyl-N-(trimethylsilyl)trifluoroacetamide,,32510,MSPCIZMDDUQPGJ-UHFFFAOYSA-N,C6H12F3NOSi,199.25,,confirmed_organic,organic_reagent,yes,research,Telegram: minatajhiz,Iranian supplier Telegram catalogue,skill live country-gate,public catalogue/product-page evidence; current stock not independently verified,listed_not_current_stock_verified,"2,2,2-trifluoro-N-methyl-N-trimethylsilylacetamide",https://t.me/minatajhiz/1094,existing skill export,2
"2,2,2-trifluoroacetic acid",Trifluoroacetic acid,76-05-1,6422,DTQVDTLACAAQTR-UHFFFAOYSA-N,C2HF3O2,114.02,,confirmed_organic,organic_reagent,yes,extra pure,TamadKala,Iranian online wholesale/lab shop,site shows Iranian online shop,public catalogue/product-page evidence; current stock not independently verified,product_page_listed_not_current_stock_verified,تری فلورو استیک اسید extra pure نوترون | ...,,router_title_normalization,1
"2,2,3,3,4,4,4-heptafluorobutanoic acid",Heptafluorobutyric acid,,9777,YPJUNDFVDDCYIH-UHFFFAOYSA-N,C4HF7O2,214.04,,confirmed_organic,organic_reagent,yes,research,Telegram: ChemIranSanat,Iranian supplier Telegram catalogue,skill live country-gate,public catalogue/product-page evidence; current stock not independently verified,listed_not_current_stock_verified,"2,2,3,3,4,4,4-heptafluorobutanoic acid",https://t.me/ChemIranSanat/1815,existing skill export,2
"2,2,4-trimethylpentan-1-ol","2,2,4-Trimethyl-1-pentanol",123-44-4,31258,CWPPDTVYIJETDF-UHFFFAOYSA-N,C8H18O,130.23,,confirmed_organic,organic_reagent,not_stated,industrial,Telegram: chemgroup,Iranian supplier Telegram catalogue,skill live country-gate,public catalogue/product-page evidence; current stock not independently verified,listed_not_current_stock_verified,"2,2,4-trimethylpentan-1-ol",,existing skill export,1
"2,2,4-trimethylpentane","2,2,4-Trimethylpentane",,10907,NHTMVDHEPJAVLT-UHFFFAOYSA-N,C8H18,114.23,,confirmed_organic,organic_reagent,yes,research,Telegram: minatajhiz,Iranian supplier Telegram catalogue,skill live country-gate,public catalogue/product-page evidence; current stock not independently verified,listed_not_current_stock_verified,"2,2,4-trimethylpentane",https://t.me/minatajhiz/765,existing skill export,2
"2,2-dihydroxyindene-1,3-dione",Ninhydrin,2531-46-2,10236,FEMOMIGRRWSMCU-UHFFFAOYSA-N,C9H6O4,178.14,,confirmed_organic,organic_reagent,not_stated,MERCK,Fardad Shimi,Iranian online lab-chemical shop,site shows Iranian shop and nationwide delivery,public catalogue/product-page evidence; current stock not independently verified,product_page_listed_not_current_stock_verified,نین هیدرین MERCK | ...,,router_title_normalization,1
"2,2-dimethylpropane-1,3-diol",Neopentyl glycol,126-30-7,31344,SLCVBVWXLSEKPL-UHFFFAOYSA-N,C5H12O2,104.15,,confirmed_organic,organic_reagent,not_stated,industrial,Telegram: Maran_Tejarat_Eshen,Iranian supplier Telegram catalogue,skill live country-gate,public catalogue/product-page evidence; current stock not independently verified,listed_not_current_stock_verified,"2,2-dimethylpropane-1,3-diol",,existing skill export,1
"2,2-Diphenyl-1-picrylhydrazyl",DPPH,1898-66-4,2735032,HHEAADYXPMHMCT-UHFFFAOYSA-N,C18H12N5O6,394.3,,confirmed_organic,organic_reagent,not_stated,,TamadKala,Iranian online wholesale/lab shop,site shows Iranian online shop,public catalogue/product-page evidence; current stock not independently verified,product_page_listed_not_current_stock_verified,22 دی فنیل پیکریل هیدرازیل | دی پی پی اچ dpph با کد d9132 سیگما,https://tamadkala.com/product/154569/%D8%AF%DB%8C-%D9%BE%DB%8C-%D9%BE%DB%8C-%D8%A7%DA%86-dpph-%D8%A8%D8%A7-%DA%A9%D8%AF-d9132-%D8%B3%DB%8C%DA%AF%D9%85%D8%A7 | https://tamadkala.com/product/84518/22-%D8%AF%DB%8C-%D9%81%D9%86%DB%8C%D9%84-%D9%BE%DB%8C%DA%A9%D8%B1%DB%8C%D9%84-%D9%87%DB%8C%D8%AF%D8%B1%D8%A7%D8%B2%DB%8C%D9%84,router_title_normalization,2
"2,3,4,5-tetrafluoroaniline","2,3,4,5-Tetrafluoroaniline",,21757,BEECAQIHCYTZHC-UHFFFAOYSA-N,C6H3F4N,165.09,,confirmed_organic,organic_reagent,yes,research,Telegram: ChemIranSanat,Iranian supplier Telegram catalogue,skill live country-gate,public catalogue/product-page evidence; current stock not independently verified,listed_not_current_stock_verified,"2,3,4,5-tetrafluoroaniline",https://t.me/ChemIranSanat/1287,existing skill export,2
"2,3,4,6,7,8,9,10-octahydropyrimido[1,2-a]azepine","1,8-Diazabicyclo(5.4.0)undec-7-ene",,81184,GQHTUMJGOHRCHB-UHFFFAOYSA-N,C9H16N2,152.24,,confirmed_organic,organic_reagent,yes,research,Telegram: minatajhiz,Iranian supplier Telegram catalogue,skill live country-gate,public catalogue/product-page evidence; current stock not independently verified,listed_not_current_stock_verified,"2,3,4,6,7,8,9,10-octahydropyrimido[1,2-a]azepine",https://t.me/minatajhiz/1010,existing skill export,2
"2,3-dimethylphenol",Xylenol,,10687,QWBBPBRQALCEIZ-UHFFFAOYSA-N,C8H10O,122.16,,confirmed_organic,organic_reagent,not_stated,,TamadKala,Iranian online wholesale/lab shop,site shows Iranian online shop,public catalogue/product-page evidence; current stock not independently verified,product_page_listed_not_current_stock_verified,فروش زایلین,https://tamadkala.com/product/2426/%D9%81%D8%B1%D9%88%D8%B4-%D8%B2%D8%A7%DB%8C%D9%84%DB%8C%D9%86,router_title_normalization,1
"2,4,4-trimethylpent-2-ene","2,4,4-Trimethyl-2-pentene",107-40-4,7869,LAAVYEUJEMRIGF-UHFFFAOYSA-N,C8H16,112.21,,confirmed_organic,organic_reagent,yes,research,Telegram: minatajhiz,Iranian supplier Telegram catalogue,skill live country-gate,public catalogue/product-page evidence; current stock not independently verified,listed_not_current_stock_verified,"2,4,4-trimethylpent-2-ene",,existing skill export,1
"2,4,6-trinitrobenzenesulfonic acid",Trinitrobenzenesulfonic Acid,,11045,NHJVRSWLHSJWIN-UHFFFAOYSA-N,C6H3N3O9S,293.17,,confirmed_organic,organic_reagent,yes,research,Telegram: ChemIranSanat,Iranian supplier Telegram catalogue,skill live country-gate,public catalogue/product-page evidence; current stock not independently verified,listed_not_current_stock_verified,"2,4,6-trinitrobenzenesulfonic acid",https://t.me/ChemIranSanat/498,existing skill export,2
"2,4,6-trinitrophenol",Picric acid,88-89-1,6954,OXNIZHLAWKMVMX-UHFFFAOYSA-N,C6H3N3O7,229.10,,confirmed_organic,organic_reagent,not_stated,PALLAV,Fardad Shimi,Iranian online lab-chemical shop,site shows Iranian shop and nationwide delivery,public catalogue/product-page evidence; current stock not independently verified,product_page_listed_not_current_stock_verified,پیکریک اسید PALLAV هندوستان | ...,,router_title_normalization,1
"2,4-dibromoaniline",Cadmium acetate,615-57-6,12004,DYSRXWYRUJCNFI-UHFFFAOYSA-N,C6H5Br2N,250.92,,confirmed_organic,organic_reagent,not_stated,MERCK,Fardad Shimi,Iranian online lab-chemical shop,site shows Iranian shop and nationwide delivery,public catalogue/product-page evidence; current stock not independently verified,product_page_listed_not_current_stock_verified,استات روی ۲ آبه MERCK | ...,,router_title_normalization,1
"2,4-dihydroxybenzoic acid","2,4-Dihydroxybenzoic Acid",,1491,UIAFKZKHHVMJGS-UHFFFAOYSA-N,C7H6O4,154.12,,confirmed_organic,organic_reagent,yes,research,Telegram: minatajhiz,Iranian supplier Telegram catalogue,skill live country-gate,public catalogue/product-page evidence; current stock not independently verified,listed_not_current_stock_verified,"2,4-dihydroxybenzoic acid",https://t.me/minatajhiz/1095,existing skill export,2
"2,6-dibromo-4-[3-(3,5-dibromo-4-hydroxyphenyl)-1,1-dioxo-2,1lambda6-benzoxathiol-3-yl]phenol",Bromophenol blue,115-39-9,8272,UDSAIICHUKSCKT-UHFFFAOYSA-N,C19H10Br4O5S,670.0,,confirmed_organic,colorant_or_indicator,yes,ACS | True,Fardad Shimi | TamadKala,Iranian online lab-chemical shop | Iranian online research/chemical shop | Iranian online wholesale/lab shop,site shows Iranian online shop | site shows Iranian shop and nationwide delivery,public catalogue/product-page evidence; current stock not independently verified,product_page_listed_not_current_stock_verified,بروموفنل بلو ACS دکتر مجللی | بروموفنل بلو acs دکتر مجللی | بروموفنل بلو مرک MERCK,https://tamadkala.com/product/23498/%D8%A8%D8%B1%D9%88%D9%85%D9%88%D9%81%D9%86%D9%84-%D8%A8%D9%84%D9%88-acs-%D8%AF%DA%A9%D8%AA%D8%B1-%D9%85%D8%AC%D9%84%D9%84%DB%8C,explicit_category_supplement | router_title_normalization,3
"2,6-ditert-butyl-4-methylphenol","2,6-Di-tert-butyl-4-methylphenol",128-37-0,31404,NLZUEZXRPGMBCV-UHFFFAOYSA-N,C15H24O,220.35,,confirmed_organic,organic_reagent,not_stated,industrial,Telegram: jahaneshimicom,Iranian supplier Telegram catalogue,skill live country-gate,public catalogue/product-page evidence; current stock not independently verified,listed_not_current_stock_verified,"2,6-ditert-butyl-4-methylphenol",,existing skill export,1
"2,7,8-trimethyl-2-(4,8,12-trimethyltridecyl)-3,4-dihydrochromen-6-ol",tocopherol,,14986,QUEDXNHFTDJVIY-UHFFFAOYSA-N,C28H48O2,416.7,,confirmed_organic,pharmaceutical_or_api,not_stated,food,Rooz Darou | TamadKala,Iranian online research/chemical shop | Iranian pharmaceutical product catalogue,site shows Iranian online shop,public catalogue/product-page evidence; current stock not independently verified,product_page_listed_not_current_stock_verified,ویتامین E خوراکی | کپسول سافت ژل ویتامین ای 400IU رزاویت,https://tamadkala.com/product/87735/%D9%88%DB%8C%D8%AA%D8%A7%D9%85%DB%8C%D9%86-e-%D8%AE%D9%88%D8%B1%D8%A7%DA%A9%DB%8C | http://rouzdarou.com/products/%DA%A9%D9%BE%D8%B3%D9%88%D9%84-%D8%B3%D8%A7%D9%81%D8%AA-%DA%98%D9%84-%D9%88%DB%8C%D8%AA%D8%A7%D9%85%DB%8C%D9%86-%D8%A7%DB%8C-400iu-%D8%B1%D8%B2%D8%A7%D9%88%DB%8C%D8%AA,explicit_category_supplement,1
"2-(2-bromoethyl)isoindole-1,3-dione","1H-Isoindole-1,3(2H)-dione, 2-(2-bromoethyl)-",574-98-1,11325,CHZXTOCAICMPQR-UHFFFAOYSA-N,C10H8BrNO2,254.08,,confirmed_organic,organic_reagent,yes,research,Telegram: minatajhiz,Iranian supplier Telegram catalogue,skill live country-gate,public catalogue/product-page evidence; current stock not independently verified,listed_not_current_stock_verified,"2-(2-bromoethyl)isoindole-1,3-dione",https://t.me/minatajhiz/979,existing skill export,2
2-(2-cyanopropan-2-yldiazenyl)-2-methylpropanenitrile,Azobisisobutyronitrile,78-67-1,6547,OZAIFHULBGXAKX-UHFFFAOYSA-N,C8H12N4,164.21,,confirmed_organic,organic_reagent,not_stated,,TamadKala,Iranian online wholesale/lab shop,site shows Iranian online shop,public catalogue/product-page evidence; current stock not independently verified,product_page_listed_not_current_stock_verified,αα azoisobutyronitrile,https://tamadkala.com/product/19589/%CE%B1%CE%B1-azoisobutyronitrile,router_title_normalization,1
2-(2-hydroxyethoxy)ethanol,Diethylene glycol,111-46-6,8117,MTHSVFCYNBDYFN-UHFFFAOYSA-N,C4H10O3,106.12,,confirmed_organic,organic_reagent,not_stated,False | industrial,Chemical Iran | DigiShimi | Isatis Shimi,Iranian online chemical shops | Iranian online research/chemical shop,site shows Iranian online shop | site shows Iranian online shops,public catalogue/product-page evidence; current stock not independently verified,product_page_listed_not_current_stock_verified,Di Ethylene Glycol (DEG) | Diethylene Glycol (DEG) | دی اتیلن گلیکول,https://digishimii.ir/Product/%d8%af%db%8c-%d8%a7%d8%aa%db%8c%d9%84%d9%86-%da%af%d9%84%db%8c%da%a9%d9%88%d9%84/ | https://isatisshimi.com/en/product/diethylene-glycol-deg/ | https://www.chemicaliran.com/,explicit_category_supplement | router_title_normalization,5
2-(2-hydroxyethylamino)ethanol,Diethanolamine,111-42-2,8113,ZBCBWPMODOFKDW-UHFFFAOYSA-N,C4H11NO2,105.14,,confirmed_organic,organic_reagent,yes,False | True | extra pure | industrial | laboratory,Chemical Iran | DigiShimi | Fardad Shimi | Isatis Shimi | TamadKala,Iranian online chemical shops | Iranian online lab-chemical shop | Iranian online research/chemical shop | Iranian online wholesale/lab shop,site shows Iranian online shop | site shows Iranian online shops | site shows Iranian shop and nationwide delivery,public catalogue/product-page evidence; current stock not independently verified,product_page_listed_not_current_stock_verified,Di Ethanol Amine (DEA) | Diethanolamine (DEA) | دی اتانول آمین | دی اتانول آمین extra pure دکتر مجللی | ... | دی اتانول آمین extra pure نوترون | ... | دی اتانول آمین laboratory دکتر مجللی | ... | دی اتانول آمین دکتر مجللی,https://digishimii.ir/Product/%d8%af%db%8c-%d8%a7%d8%aa%d8%a7%d9%86%d9%88%d9%84-%d8%a2%d9%85%db%8c%d9%86/ | https://fardadshimi.com/product/6199300/ | https://isatisshimi.com/en/product/diethanolamine-dea-4/ | https://tamadkala.com/product/18295/%D8%AF%DB%8C-%D8%A7%D8%AA%D8%A7%D9%86%D9%88%D9%84-%D8%A2%D9%85%DB%8C%D9%86 | https://www.chemicaliran.com/,explicit_category_supplement | router_title_normalization,13
2-(2-methoxyethoxy)ethanol,Diethylene glycol monomethyl ether,109-86-4,8134,SBASXUCJHJRPEV-UHFFFAOYSA-N,C5H12O3,120.15,,confirmed_organic,organic_reagent,yes,True | lab,Fardad Shimi | TamadKala,Iranian online lab-chemical shop | Iranian online wholesale/lab shop,site shows Iranian online shop | site shows Iranian shop and nationwide delivery,public catalogue/product-page evidence; current stock not independently verified,product_page_listed_not_current_stock_verified,دی اتیلن گلایکول مونو متیل اتر | دی اتیلن گلایکول مونو متیل اتر lab دکتر مج | ... | دی اتیلن گلایکول مونومتیل اتر دکتر مجللی,https://fardadshimi.com/product/6199347/ | https://tamadkala.com/product/76269/%D8%AF%DB%8C-%D8%A7%D8%AA%DB%8C%D9%84%D9%86-%DA%AF%D9%84%D8%A7%DB%8C%DA%A9%D9%88%D9%84-%D9%85%D9%88%D9%86%D9%88-%D9%85%D8%AA%DB%8C%D9%84-%D8%A7%D8%AA%D8%B1,router_title_normalization,3
2-(2-oxopyrrolidin-1-yl)acetamide,Piracetam,,4843,GMZVRMREEHBGGF-UHFFFAOYSA-N,C6H10N2O2,142.16,,confirmed_organic,pharmaceutical_or_api,yes,API/GMP,BehChin Chemi Pharmed,Iranian supplier API/intermediate catalogue,site states Iran-based supplier,public catalogue/product-page evidence; current stock not independently verified,supplier_catalogue_listed_not_current_stock_verified,Piracetam,https://www.behchinchemi.ir/en/our-products/active-pharmaceutical-ingredient,supplier_table,1
2-(dimethylamino)ethanol,Dimethylaminoethanol,108-01-0,7902,UEEJHVSXFDXPFK-UHFFFAOYSA-N,C4H11NO,89.14,,confirmed_organic,organic_reagent,not_stated,,TamadKala,Iranian online wholesale/lab shop,site shows Iranian online shop,public catalogue/product-page evidence; current stock not independently verified,product_page_listed_not_current_stock_verified,دی متیل اتانول آمین dmea,https://tamadkala.com/product/18286/%D8%AF%DB%8C-%D9%85%D8%AA%DB%8C%D9%84-%D8%A7%D8%AA%D8%A7%D9%86%D9%88%D9%84-%D8%A2%D9%85%DB%8C%D9%86-dmea,router_title_normalization,1
2-(trimethylazaniumyl)acetate,Betaine,107-43-7,247,KWIUHFFTVRNATP-UHFFFAOYSA-N,C5H11NO2,117.15,,confirmed_organic,organic_reagent,not_stated,False | industrial,Isatis Shimi | Telegram: jahaneshimicom,Iranian online chemical shops | Iranian supplier Telegram catalogue,site shows Iranian online shops | skill live country-gate,public catalogue/product-page evidence; current stock not independently verified,listed_not_current_stock_verified | product_page_listed_not_current_stock_verified,2-(trimethylazaniumyl)acetate | Betaine | بتایین,https://isatisshimi.com/en/product/betaine/ | https://isatisshimi.com/product/%d8%a8%d8%b3%d8%aa%d8%a7%db%8c%db%8c%d9%86/,existing skill export | router_title_normalization,3
"2-[2-(2,6-dichloroanilino)phenyl]acetic acid",diclofenac,,3033,DCOPUUMXTXDBNB-UHFFFAOYSA-N,C14H11Cl2NO2,296.1,,confirmed_organic,pharmaceutical_or_api,not_stated,pharmaceutical,Pishgaman Shimi (IR Chem) | Rooz Darou,Iranian online research/chemical shop | Iranian pharmaceutical product catalogue,site shows Iranian online shop,public catalogue/product-page evidence; current stock not independently verified,product_page_listed_not_current_stock_verified,پودر دیکلوفناک سدیم | قرص دیکلوفناک سدیم 25,https://irchem.ir/diclofenac-sodium/ | http://rouzdarou.com/products/%D9%82%D8%B1%D8%B5-%D8%AF%DB%8C%DA%A9%D9%84%D9%88%D9%81%D9%86%D8%A7%DA%A9-%D8%B3%D8%AF%DB%8C%D9%85-25,explicit_category_supplement,1
2-[2-(2-hydroxyethoxy)ethoxy]ethanol,butyl diglycol,112-27-6,8146,XXJWXESWEXIICW-UHFFFAOYSA-N,C6H14O3,134.17,,confirmed_organic,organic_reagent,yes,False | True | industrial | lab,Chemical Iran | DigiShimi | Fardad Shimi | Isatis Shimi | TamadKala,Iranian online chemical shops | Iranian online lab-chemical shop | Iranian online research/chemical shop | Iranian online wholesale/lab shop,site shows Iranian online shop | site shows Iranian online shops | site shows Iranian shop and nationwide delivery,public catalogue/product-page evidence; current stock not independently verified,product_page_listed_not_current_stock_verified,Tri Ethylene Glycol (TEG) | بوتیل دی گلایکول صنعتی | ... | تری اتیلن گلیکول | خرید تری‌ اتیلن گلایکول (TEG) | دی اتیلن گلایکول مونو اتیل اتر | دی اتیلن گلایکول مونو اتیل اتر lab دکتر مج | ... | دی اتیلن گلایکول مونواتیل اتر دکتر مجللی | دی اتیلن گلایکول مونوبوتیل اتر | دی اتیلن گلیکول مونو اتیل اتر دکتر مجلل,https://digishimii.ir/Product/%d8%aa%d8%b1%db%8c-%d8%a7%d8%aa%db%8c%d9%84%d9%86-%da%af%d9%84%db%8c%da%a9%d9%88%d9%84/ | https://fardadshimi.com/product/6199342/ | https://isatisshimi.com/product/%d8%aa%d8%b1%db%8c-%d8%a7%d8%aa%db%8c%d9%84%d9%86-%da%af%d9%84%d8%a7%db%8c%da%a9%d9%88%d9%84/ | https://tamadkala.com/product/33980/%D8%AF%DB%8C-%D8%A7%D8%AA%DB%8C%D9%84%D9%86-%DA%AF%D9%84%D8%A7%DB%8C%DA%A9%D9%88%D9%84-%D9%85%D9%88%D9%86%D9%88%D8%A8%D9%88%D8%AA%DB%8C%D9%84-%D8%A7%D8%AA%D8%B1 | https://tamadkala.com/product/33983/%D8%AF%DB%8C-%D8%A7%D8%AA%DB%8C%D9%84%D9%86-%DA%AF%D9%84%D8%A7%DB%8C%DA%A9%D9%88%D9%84-%D9%85%D9%88%D9%86%D9%88-%D8%A7%D8%AA%DB%8C%D9%84-%D8%A7%D8%AA%D8%B1 | https://tamadkala.com/product/76267/%D8%AF%DB%8C-%D8%A7%D8%AA%DB%8C%D9%84%D9%86-%DA%AF%D9%84%DB%8C%DA%A9%D9%88%D9%84-%D9%85%D9%88%D9%86%D9%88-%D8%A7%D8%AA%DB%8C%D9%84-%D8%A7%D8%AA%D8%B1-%D8%AF%DA%A9%D8%AA%D8%B1-%D9%85%D8%AC%D9%84%D9%84 | https://www.chemicaliran.com/,explicit_category_supplement | router_title_normalization,9
2-[2-[bis(carboxymethyl)amino]ethyl-(carboxymethyl)amino]acetic acid,EDTA,60-00-4,6049,KCXVZYZYPLLWCC-UHFFFAOYSA-N,C10H16N2O8,292.24,,confirmed_organic,organic_reagent,yes,False | extra pure | research,DigiShimi | Fardad Shimi | TamadKala | Telegram: IranChemicals,Iranian online chemical shops | Iranian online lab-chemical shop | Iranian online wholesale/lab shop | Iranian supplier Telegram catalogue,site shows Iranian online shop | site shows Iranian online shops | site shows Iranian shop and nationwide delivery | skill live country-gate,public catalogue/product-page evidence; current stock not independently verified,listed_not_current_stock_verified | product_page_listed_not_current_stock_verified,2-[2-[bis(carboxymethyl)amino]ethyl-(carboxymethyl)amino]acetic acid | ا د ت آ (EDTA) ۱ کیلویی دکتر مجللی | ا د ت آ extra pure دکتر مجللی | ... | ادتا | ای دی تی آ edta قطران شیمی | ... | تیترانت edta دکتر مجللی | ...,https://digishimii.ir/Product/%d8%a7%d8%af%d8%aa%d8%a7/ | https://fardadshimi.com/product/6200686/ | https://t.me/IranChemicals/28352 | https://t.me/IranChemicals/28841,existing skill export | router_title_normalization,8
2-[[4-(dimethylamino)phenyl]diazenyl]benzoic acid,Methyl red,130-36-5,10303,CEQFOVLGLXCDCX-UHFFFAOYSA-N,C15H15N3O2,269.30,,confirmed_organic,colorant_or_indicator,not_stated,True,Fardad Shimi | TamadKala,Iranian online lab-chemical shop | Iranian online wholesale/lab shop,site shows Iranian online shop | site shows Iranian shop and nationwide delivery,public catalogue/product-page evidence; current stock not independently verified,product_page_listed_not_current_stock_verified,متیل رد | متیل رد دکتر مجللی | متیل رد مرک MERCK,https://tamadkala.com/product/32900/%D9%85%D8%AA%DB%8C%D9%84-%D8%B1%D8%AF | https://tamadkala.com/product/76288/%D9%85%D8%AA%DB%8C%D9%84-%D8%B1%D8%AF-%D8%AF%DA%A9%D8%AA%D8%B1-%D9%85%D8%AC%D9%84%D9%84%DB%8C,router_title_normalization,3
2-[[4-[2-[4-(oxiran-2-ylmethoxy)phenyl]propan-2-yl]phenoxy]methyl]oxirane,Bisphenol A diglycidyl ether,,2286,LCFVJGUPQDGYKZ-UHFFFAOYSA-N,C21H24O4,340.4,,confirmed_organic,organic_reagent,not_stated,,TamadKala,Iranian online wholesale/lab shop,site shows Iranian online shop,public catalogue/product-page evidence; current stock not independently verified,product_page_listed_not_current_stock_verified,فروش بیسفنول ای دی گلایسیدیل اتر,https://tamadkala.com/product/2170/%D9%81%D8%B1%D9%88%D8%B4-%D8%A8%DB%8C%D8%B3%D9%81%D9%86%D9%88%D9%84-%D8%A7%DB%8C-%D8%AF%DB%8C-%DA%AF%D9%84%D8%A7%DB%8C%D8%B3%DB%8C%D8%AF%DB%8C%D9%84-%D8%A7%D8%AA%D8%B1,router_title_normalization,1
"2-[[5-[3-[3-[[bis(carboxymethyl)amino]methyl]-4-hydroxy-5-methylphenyl]-1,1-dioxo-2,1lambda6-benzoxathiol-3-yl]-2-hydroxy-3-methylphenyl]methyl-(carboxymethyl)amino]acetic acid",Xylenol orange,2144-06-9,73041,ORZHVTYKPFFVMG-UHFFFAOYSA-N,C31H32N2O13S,672.7,,confirmed_organic,organic_reagent,yes,ACS,TamadKala,Iranian online wholesale/lab shop,site shows Iranian online shop,public catalogue/product-page evidence; current stock not independently verified,product_page_listed_not_current_stock_verified,زایلنگزیلول قطران شیمی گرید آموزشی | زایلینول اورنج acs دکتر مجللی,https://tamadkala.com/product/173846/%D8%B2%D8%A7%DB%8C%D9%84%DB%8C%D9%86%D9%88%D9%84-%D8%A7%D9%88%D8%B1%D9%86%D8%AC-acs-%D8%AF%DA%A9%D8%AA%D8%B1-%D9%85%D8%AC%D9%84%D9%84%DB%8C | https://tamadkala.com/product/76098/%D8%B2%D8%A7%DB%8C%D9%84%D9%86%DA%AF%D8%B2%DB%8C%D9%84%D9%88%D9%84-%D9%82%D8%B7%D8%B1%D8%A7%D9%86-%D8%B4%DB%8C%D9%85%DB%8C-%DA%AF%D8%B1%DB%8C%D8%AF-%D8%A2%D9%85%D9%88%D8%B2%D8%B4%DB%8C,router_title_normalization,2
2-[bis(2-hydroxyethyl)amino]ethanol,Triethanolamine,102-71-6,7618,GSEJCLTVZPLZKY-UHFFFAOYSA-N,C6H15NO3,149.19,,confirmed_organic,organic_reagent,yes,False | MERCK | True | extra pure | industrial | laboratory | usp,Chemical Iran | DigiShimi | Fardad Shimi | Isatis Shimi | TamadKala,Iranian online chemical shops | Iranian online lab-chemical shop | Iranian online research/chemical shop | Iranian online wholesale/lab shop,site shows Iranian online shop | site shows Iranian online shops | site shows Iranian shop and nationwide delivery,public catalogue/product-page evidence; current stock not independently verified,product_page_listed_not_current_stock_verified,Tri Ethanol Amine (TEA) | Triethanolamine (TEA) | تری اتانول آمین | تری اتانول آمین extra pure دکتر مجللی | ... | تری اتانول آمین extra pure نوترون | ... | تری اتانول آمین laboratory دکتر مجللی 2 | ... | تری اتانول آمین usp نوترون | تری اتانول آمین دکتر مجللی | تری اتانول آمین صنعتی | تریس هیدروکسی متیل آمینو متان MERCK | ... | فروش تری اتانول آمین | ...,https://digishimii.ir/Product/%d8%aa%d8%b1%db%8c-%d8%a7%d8%aa%d8%a7%d9%86%d9%88%d9%84-%d8%a2%d9%85%db%8c%d9%86/ | https://fardadshimi.com/product/6199303/ | https://isatisshimi.com/en/product/triethanolamine-tea-3/ | https://tamadkala.com/product/155035/%D8%AA%D8%B1%DB%8C-%D8%A7%D8%AA%D8%A7%D9%86%D9%88%D9%84-%D8%A2%D9%85%DB%8C%D9%86-usp-%D9%86%D9%88%D8%AA%D8%B1%D9%88%D9%86 | https://tamadkala.com/product/163295/%D8%AA%D8%B1%DB%8C-%D8%A7%D8%AA%D8%A7%D9%86%D9%88%D9%84-%D8%A2%D9%85%DB%8C%D9%86-%D8%B5%D9%86%D8%B9%D8%AA%DB%8C | https://www.chemicaliran.com/,explicit_category_supplement | router_title_normalization,14
2-acetyloxybenzoic acid,Aspirin,50-78-2,2244,BSYNRYMUTXBXSQ-UHFFFAOYSA-N,C9H8O4,180.16,,confirmed_organic,pharmaceutical_or_api,not_stated,,TamadKala,Iranian online wholesale/lab shop,site shows Iranian online shop,public catalogue/product-page evidence; current stock not independently verified,product_page_listed_not_current_stock_verified,آسپرین قطران شیمی | ...,,router_title_normalization,1
"2-amino-2-(hydroxymethyl)propane-1,3-diol",Tris base,77-86-1,444305,LENZDBCJOHFCAS-UHFFFAOYSA-N,C4H11NO3,121.14,,confirmed_organic,organic_reagent,yes,Dr. Mojallali | extra pure | research,Fardad Shimi | TamadKala | Telegram: ChemIranSanat,Iranian online lab-chemical shop | Iranian online wholesale/lab shop | Iranian supplier Telegram catalogue,site shows Iranian online shop | site shows Iranian shop and nationwide delivery | skill live country-gate,public catalogue/product-page evidence; current stock not independently verified,listed_not_current_stock_verified | product_page_listed_not_current_stock_verified,"2-amino-2-(hydroxymethyl)propane-1,3-diol | اسید تارتاریک ۱ کیلویی دکتر مجللی | ... | تریس بیس extra pure نوترون",https://t.me/ChemIranSanat/1725 | https://tamadkala.com/product/95949/%D8%AA%D8%B1%DB%8C%D8%B3-%D8%A8%DB%8C%D8%B3-extra-pure-%D9%86%D9%88%D8%AA%D8%B1%D9%88%D9%86,existing skill export | router_title_normalization,4
2-aminoacetic acid,Glycine,56-40-6,750,DHMQDGOQFOQNFH-UHFFFAOYSA-N,C2H5NO2,75.07,,confirmed_organic,organic_reagent,yes,2 | bioultra | bioxtra g7403 | g8790 | research,Fardad Shimi | TamadKala | Telegram: merckmillipore,Iranian online lab-chemical shop | Iranian online wholesale/lab shop | Iranian supplier Telegram catalogue,site shows Iranian online shop | site shows Iranian shop and nationwide delivery | skill live country-gate,public catalogue/product-page evidence; current stock not independently verified,listed_not_current_stock_verified | product_page_listed_not_current_stock_verified,2-aminoacetic acid | آمینو اسید گلایسین g8790 | آمینو اسید گلیسین | آمینو اسید گلیسین bioxtra g7403 | فروش گلایسین | گلایسین MERCK | ... | گلیسین | گلیسین 2 | گلیسین bioultra,https://t.me/merckmillipore/322 | https://tamadkala.com/product/17281/%DA%AF%D9%84%DB%8C%D8%B3%DB%8C%D9%86-bioultra | https://tamadkala.com/product/17287/%D8%A2%D9%85%DB%8C%D9%86%D9%88-%D8%A7%D8%B3%DB%8C%D8%AF-%DA%AF%D9%84%DB%8C%D8%B3%DB%8C%D9%86-bioxtra-g7403 | https://tamadkala.com/product/17290/%D8%A2%D9%85%DB%8C%D9%86%D9%88-%D8%A7%D8%B3%DB%8C%D8%AF-%DA%AF%D9%84%D8%A7%DB%8C%D8%B3%DB%8C%D9%86-g8790 | https://tamadkala.com/product/17292/%DA%AF%D9%84%DB%8C%D8%B3%DB%8C%D9%86-2 | https://tamadkala.com/product/17298/%DA%AF%D9%84%DB%8C%D8%B3%DB%8C%D9%86 | https://tamadkala.com/product/17302/%D8%A2%D9%85%DB%8C%D9%86%D9%88-%D8%A7%D8%B3%DB%8C%D8%AF-%DA%AF%D9%84%DB%8C%D8%B3%DB%8C%D9%86 | https://tamadkala.com/product/6410/%D9%81%D8%B1%D9%88%D8%B4-%DA%AF%D9%84%D8%A7%DB%8C%D8%B3%DB%8C%D9%86,existing skill export | router_title_normalization,10
2-aminoethanol,Monoethanolamine,141-43-5,700,HZAXFHJVJLSVMW-UHFFFAOYSA-N,C2H7NO,61.08,,confirmed_organic,organic_reagent,yes,False | True | extra pure | laboratory,DigiShimi | Fardad Shimi | Isatis Shimi | TamadKala,Iranian online chemical shops | Iranian online lab-chemical shop | Iranian online wholesale/lab shop,site shows Iranian online shop | site shows Iranian online shops | site shows Iranian shop and nationwide delivery,public catalogue/product-page evidence; current stock not independently verified,product_page_listed_not_current_stock_verified,Monoethanolamine | Monoethanolamine (MEA) | مونو اتانول آمین | مونو اتانول آمین extra pure دکتر مجللی | ... | مونو اتانول آمین extra pure نوترون | ... | مونو اتانول آمین laboratory دکتر مجللی | ... | مونو اتانول آمین دکتر مجللی,https://digishimii.ir/Product/%d9%85%d9%88%d9%86%d9%88-%d8%a7%d8%aa%d8%a7%d9%86%d9%88%d9%84-%d8%a2%d9%85%db%8c%d9%86/ | https://digishimii.ir/Product/مونو-اتانول-آمین/ | https://fardadshimi.com/product/6199296/ | https://isatisshimi.com/en/product/monoethanolamine-mea-3/ | https://isatisshimi.com/en/product/monoethanolamine/,router_title_normalization,11
"2-benzofuran-1,3-dione",Phthalic anhydride,85-44-9,6811,LGRFSURHDFAFJT-UHFFFAOYSA-N,C8H4O3,148.11,,confirmed_organic,organic_reagent,not_stated,True,Fardad Shimi,Iranian online lab-chemical shop,site shows Iranian shop and nationwide delivery,public catalogue/product-page evidence; current stock not independently verified,product_page_listed_not_current_stock_verified,فتالیک آنیدرید MERCK,https://fardadshimi.com/product/6197446/,router_title_normalization,1
"2-bromo-4-[3-(3-bromo-4-hydroxy-2-methyl-5-propan-2-ylphenyl)-1,1-dioxo-2,1lambda6-benzoxathiol-3-yl]-3-methyl-6-propan-2-ylphenol",Bromothymol blue,326-56-1,6450,NUHCTOLBWMJMLX-UHFFFAOYSA-N,C27H28Br2O5S,624.4,,confirmed_organic,colorant_or_indicator,yes,ACS | acs,TamadKala,Iranian online research/chemical shop | Iranian online wholesale/lab shop,site shows Iranian online shop,public catalogue/product-page evidence; current stock not independently verified,product_page_listed_not_current_stock_verified,برموتیمول بلو ACS دکتر مجللی | برموتیمول بلو acs دکتر مجللی | معرف برمو تيمول بلو محلول قطران شیمی | معرف برومو تیمول بلو قطران شیمی,https://tamadkala.com/product/23488/%D8%A8%D8%B1%D9%85%D9%88%D8%AA%DB%8C%D9%85%D9%88%D9%84-%D8%A8%D9%84%D9%88-acs-%D8%AF%DA%A9%D8%AA%D8%B1-%D9%85%D8%AC%D9%84%D9%84%DB%8C | https://tamadkala.com/product/75034/%D9%85%D8%B9%D8%B1%D9%81-%D8%A8%D8%B1%D9%85%D9%88-%D8%AA%D9%8A%D9%85%D9%88%D9%84-%D8%A8%D9%84%D9%88-%D9%85%D8%AD%D9%84%D9%88%D9%84-%D9%82%D8%B7%D8%B1%D8%A7%D9%86-%D8%B4%DB%8C%D9%85%DB%8C | https://tamadkala.com/product/79717/%D9%85%D8%B9%D8%B1%D9%81-%D8%A8%D8%B1%D9%88%D9%85%D9%88-%D8%AA%DB%8C%D9%85%D9%88%D9%84-%D8%A8%D9%84%D9%88-%D9%82%D8%B7%D8%B1%D8%A7%D9%86-%D8%B4%DB%8C%D9%85%DB%8C,explicit_category_supplement | router_title_normalization,4
"2-bromo-4-[3-(3-bromo-4-hydroxy-5-methylphenyl)-1,1-dioxo-2,1lambda6-benzoxathiol-3-yl]-6-methylphenol",Bromocresol purple,2377-03-3,8273,ABIUHPWEYMSGSR-UHFFFAOYSA-N,C21H16Br2O5S,540.2,,confirmed_organic,organic_reagent,yes,ACS | True,Fardad Shimi | TamadKala,Iranian online lab-chemical shop | Iranian online wholesale/lab shop,site shows Iranian online shop | site shows Iranian shop and nationwide delivery,public catalogue/product-page evidence; current stock not independently verified,product_page_listed_not_current_stock_verified,bromocresol purple | بروموکروزول بنفش acs دکتر مجللی | بروموکروزول پرپل مرک MERCK | معرف برومو كرزول پورپل قطران شیمی,https://tamadkala.com/product/173826/%D8%A8%D8%B1%D9%88%D9%85%D9%88%DA%A9%D8%B1%D9%88%D8%B2%D9%88%D9%84-%D8%A8%D9%86%D9%81%D8%B4-acs-%D8%AF%DA%A9%D8%AA%D8%B1-%D9%85%D8%AC%D9%84%D9%84%DB%8C | https://tamadkala.com/product/19594/bromocresol-purple | https://tamadkala.com/product/75078/%D9%85%D8%B9%D8%B1%D9%81-%D8%A8%D8%B1%D9%88%D9%85%D9%88-%D9%83%D8%B1%D8%B2%D9%88%D9%84-%D9%BE%D9%88%D8%B1%D9%BE%D9%84-%D9%82%D8%B7%D8%B1%D8%A7%D9%86-%D8%B4%DB%8C%D9%85%DB%8C,router_title_normalization,4
2-bromoethenylbenzene,Dopamine hydrochloride,103-64-0,7667,YMOONIIMQBGTDU-UHFFFAOYSA-N,C8H7Br,183.04,,confirmed_organic,organic_reagent,not_stated,,TamadKala,Iranian online wholesale/lab shop,site shows Iranian online shop,public catalogue/product-page evidence; current stock not independently verified,product_page_listed_not_current_stock_verified,دوپامین هیدروکلراید | ...,,router_title_normalization,1
2-butoxyethanol,2-Butoxyethanol,111-76-2,8133,POAOYUHQDCAZBD-UHFFFAOYSA-N,C6H14O2,118.17,,confirmed_organic,organic_reagent,not_stated,industrial,Telegram: Maran_Tejarat_Eshen,Iranian supplier Telegram catalogue,skill live country-gate,public catalogue/product-page evidence; current stock not independently verified,listed_not_current_stock_verified,2-butoxyethanol,,existing skill export,1
2-fluorobenzoic acid,2-Fluorobenzoic acid,,9935,NSTREUWFTAOOKS-UHFFFAOYSA-N,C7H5FO2,140.11,,confirmed_organic,organic_reagent,yes,research,Telegram: ChemIranSanat,Iranian supplier Telegram catalogue,skill live country-gate,public catalogue/product-page evidence; current stock not independently verified,listed_not_current_stock_verified,2-fluorobenzoic acid,https://t.me/ChemIranSanat/1869,existing skill export,2
"2-hydroxy-3,5-dinitrobenzoic acid","3,5-Dinitrosalicylic acid",,11873,LWFUFLREGJMOIZ-UHFFFAOYSA-N,C7H4N2O7,228.12,,confirmed_organic,organic_reagent,yes,research,Telegram: ChemIranSanat,Iranian supplier Telegram catalogue,skill live country-gate,public catalogue/product-page evidence; current stock not independently verified,listed_not_current_stock_verified,"2-hydroxy-3,5-dinitrobenzoic acid",https://t.me/ChemIranSanat/1855,existing skill export,2
2-hydroxy-5-[(4-nitrophenyl)diazenyl]benzoic acid,Alizarin Yellow R,2243-76-7,15588,YVJPMMYYRNHJAU-UHFFFAOYSA-N,C13H9N3O5,287.23,,confirmed_organic,organic_reagent,not_stated,,TamadKala,Iranian online wholesale/lab shop,site shows Iranian online shop,public catalogue/product-page evidence; current stock not independently verified,product_page_listed_not_current_stock_verified,آلیزارین زرد آر,https://tamadkala.com/product/32862/%D8%A2%D9%84%DB%8C%D8%B2%D8%A7%D8%B1%DB%8C%D9%86-%D8%B2%D8%B1%D8%AF-%D8%A2%D8%B1,router_title_normalization,1
2-hydroxy-5-sulfobenzoic acid,Sulfosalicylic acid,139-96-4,7322,YCPXWRQRBFJBPZ-UHFFFAOYSA-N,C7H6O6S,218.19,,confirmed_organic,organic_reagent,yes,extra pure | laboratory,TamadKala,Iranian online wholesale/lab shop,site shows Iranian online shop,public catalogue/product-page evidence; current stock not independently verified,product_page_listed_not_current_stock_verified,اسید سولفوسالیسیلیک extra pure دکتر مجللی | ... | اسید سولفوسالیسیلیک laboratory دکتر مجللی | ...,,router_title_normalization,2
2-hydroxybenzoic acid,salicylic acid,69-72-7,338,YGSDEFSMJLZEOE-UHFFFAOYSA-N,C7H6O3,138.12,,confirmed_organic,organic_reagent,yes,True | extra pure,Fardad Shimi | TamadKala,Iranian online lab-chemical shop | Iranian online wholesale/lab shop,site shows Iranian online shop | site shows Iranian shop and nationwide delivery,public catalogue/product-page evidence; current stock not independently verified,product_page_listed_not_current_stock_verified,اسید سالیسیلیک extra pure دکتر مجللی 1 | اسید سالیسیلیک extra pure دکتر مجللی 2 | ... | اسید سالیسیلیک برند dyc چین | ... | سالیسیلیک اسید | سالیسیلیک اسید MERCK | سالیسیلیک اسید قطران شیمی,https://fardadshimi.com/product/6197522/ | https://tamadkala.com/product/168200/%D8%A7%D8%B3%DB%8C%D8%AF-%D8%B3%D8%A7%D9%84%DB%8C%D8%B3%DB%8C%D9%84%DB%8C%DA%A9-extra-pure-%D8%AF%DA%A9%D8%AA%D8%B1-%D9%85%D8%AC%D9%84%D9%84%DB%8C-1 | https://tamadkala.com/product/34013/%D8%B3%D8%A7%D9%84%DB%8C%D8%B3%DB%8C%D9%84%DB%8C%DA%A9-%D8%A7%D8%B3%DB%8C%D8%AF | https://tamadkala.com/product/68488/%D8%B3%D8%A7%D9%84%DB%8C%D8%B3%DB%8C%D9%84%DB%8C%DA%A9-%D8%A7%D8%B3%DB%8C%D8%AF-%D9%82%D8%B7%D8%B1%D8%A7%D9%86-%D8%B4%DB%8C%D9%85%DB%8C,router_title_normalization,6
2-hydroxybutanedioic acid,Malic acid,6915-15-7,525,BJEPYKJPYRNKOW-UHFFFAOYSA-N,C4H6O5,134.09,,confirmed_organic,organic_reagent,not_stated,False,DigiShimi | TamadKala,Iranian online chemical shops | Iranian online wholesale/lab shop,site shows Iranian online shop | site shows Iranian online shops,public catalogue/product-page evidence; current stock not independently verified,product_page_listed_not_current_stock_verified,اسید مالیک,https://digishimii.ir/Product/%d8%a7%d8%b3%db%8c%d8%af-%d9%85%d8%a7%d9%84%db%8c%da%a9/ | https://tamadkala.com/product/6402/%D8%A7%D8%B3%DB%8C%D8%AF-%D9%85%D8%A7%D9%84%DB%8C%DA%A9,router_title_normalization,3
2-hydroxyethyl 2-methylprop-2-enoate,2-Hydroxyethyl Methacrylate,868-77-9,13360,WOBHKFSMXKNTIM-UHFFFAOYSA-N,C6H10O3,130.14,,confirmed_organic,organic_reagent,not_stated,industrial,Telegram: Maran_Tejarat_Eshen,Iranian supplier Telegram catalogue,skill live country-gate,public catalogue/product-page evidence; current stock not independently verified,listed_not_current_stock_verified,2-hydroxyethyl 2-methylprop-2-enoate,,existing skill export,1
"2-hydroxypropane-1,2,3-tricarboxylic acid",Citric acid,77-92-9,311,KRKNYBCHXYNGOX-UHFFFAOYSA-N,C6H8O7,192.12,,confirmed_organic,organic_reagent,yes,acs | industrial | industrial; research; unknown | unknown,TamadKala | Telegram: Ch_Chemical_leaders | Telegram: chemgroup | Telegram: minatajhiz,Iranian online wholesale/lab shop | Iranian supplier Telegram catalogue,site shows Iranian online shop | skill live country-gate,public catalogue/product-page evidence; current stock not independently verified,listed_not_current_stock_verified | product_page_listed_not_current_stock_verified,"2-hydroxypropane-1,2,3-tricarboxylic acid | اسید سیتریک acs دکتر مجللی | اسید سیتریک خشک صنعتی | سيتريك اسيد قطران شیمی | فروش اسید سیتریک",https://t.me/Ch_Chemical_leaders/51 | https://t.me/chemgroup/1502 | https://t.me/minatajhiz/22 | https://tamadkala.com/product/176081/%D8%A7%D8%B3%DB%8C%D8%AF-%D8%B3%DB%8C%D8%AA%D8%B1%DB%8C%DA%A9-%D8%AE%D8%B4%DA%A9-%D8%B5%D9%86%D8%B9%D8%AA%DB%8C | https://tamadkala.com/product/2162/%D9%81%D8%B1%D9%88%D8%B4-%D8%A7%D8%B3%DB%8C%D8%AF-%D8%B3%DB%8C%D8%AA%D8%B1%DB%8C%DA%A9 | https://tamadkala.com/product/67401/%D8%B3%D9%8A%D8%AA%D8%B1%D9%8A%D9%83-%D8%A7%D8%B3%D9%8A%D8%AF-%D9%82%D8%B7%D8%B1%D8%A7%D9%86-%D8%B4%DB%8C%D9%85%DB%8C | https://tamadkala.com/product/80646/%D8%A7%D8%B3%DB%8C%D8%AF-%D8%B3%DB%8C%D8%AA%D8%B1%DB%8C%DA%A9-acs-%D8%AF%DA%A9%D8%AA%D8%B1-%D9%85%D8%AC%D9%84%D9%84%DB%8C,existing skill export | router_title_normalization,9
"2-hydroxypropane-1,2,3-tricarboxylic acid;hydrate",Citric acid monohydrate,10294-32-7,22230,YASYEJJMZJALEJ-UHFFFAOYSA-N,C6H10O8,210.14,,confirmed_organic,organic_reagent,yes,False | True | extra pure,DigiShimi | Fardad Shimi | ShimiMan | TamadKala,Iranian online chemical shop | Iranian online chemical shops | Iranian online lab-chemical shop | Iranian online wholesale/lab shop,Iranian Persian-language shop; country not independently country-gated | site shows Iranian online shop | site shows Iranian online shops | site shows Iranian shop and nationwide delivery,public catalogue/product-page evidence; current stock not independently verified,product_page_listed_not_current_stock_verified,citric acid monohydrate | ... | https://shimiman.com/product/citric-acid-monohydrate-grade-extra-pure/ | https://shimiman.com/product/citric-acid-monohydrate-grade-usp/ | اسید سیتریک آبدار | اسید سیتریک مونو هیدرات extra pure دکتر مجللی | ... | اسید سیتریک مونو هیدرات ۱ کیلویی دکتر مجللی,https://digishimii.ir/Product/%d8%a7%d8%b3%db%8c%d8%af-%d8%b3%db%8c%d8%aa%d8%b1%db%8c%da%a9-%d8%a2%d8%a8%d8%af%d8%a7%d8%b1/ | https://fardadshimi.com/product/6200694/ | https://shimiman.com/product/citric-acid-monohydrate-grade-extra-pure/ | https://shimiman.com/product/citric-acid-monohydrate-grade-usp/,router_title_normalization | sitemap_title,6
2-hydroxypropanoic acid,Lactic acid,50-21-5,612,JVTAAEKCZFNVCJ-UHFFFAOYSA-N,C3H6O3,90.08,,confirmed_organic,organic_reagent,not_stated,False,DigiShimi | Isatis Shimi,Iranian online chemical shops,site shows Iranian online shops,public catalogue/product-page evidence; current stock not independently verified,product_page_listed_not_current_stock_verified,Lactic Acid | اسید لاکتیک,https://digishimii.ir/Product/%d8%a7%d8%b3%db%8c%d8%af-%d9%84%d8%a7%da%a9%d8%aa%db%8c%da%a9/ | https://isatisshimi.com/en/product/lactic-acid/,router_title_normalization,3
2-methoxyethanol,2-Methoxyethanol,,8019,XNWFRZJHXBZDAG-UHFFFAOYSA-N,C3H8O2,76.09,,confirmed_organic,organic_reagent,not_stated,,TamadKala,Iranian online wholesale/lab shop,site shows Iranian online shop,public catalogue/product-page evidence; current stock not independently verified,product_page_listed_not_current_stock_verified,2 متوکسی اتانول | ...,,router_title_normalization,1
2-methyl-1H-imidazole,2-Methylimidazole,693-98-1,12749,LXBGSDVWAMZHDD-UHFFFAOYSA-N,C4H6N2,82.10,,confirmed_organic,organic_reagent,yes,research,Fardad Shimi | Telegram: ChemIranSanat,Iranian online lab-chemical shop | Iranian supplier Telegram catalogue,site shows Iranian shop and nationwide delivery | skill live country-gate,public catalogue/product-page evidence; current stock not independently verified,listed_not_current_stock_verified | product_page_listed_not_current_stock_verified,2-methyl-1H-imidazole | ۲- متیل ایمیدازول MERCK | ...,https://t.me/ChemIranSanat/1319 | https://t.me/ChemIranSanat/1721 | https://t.me/ChemIranSanat/1858 | https://t.me/ChemIranSanat/1897,existing skill export | router_title_normalization,8
2-methylaniline,Ortho-toluidine,95-53-4,7242,RNVCVTLRINQCPJ-UHFFFAOYSA-N,C7H9N,107.15,,confirmed_organic,organic_reagent,not_stated,,TamadKala,Iranian online wholesale/lab shop,site shows Iranian online shop,public catalogue/product-page evidence; current stock not independently verified,product_page_listed_not_current_stock_verified,اورتو تولیدین,https://tamadkala.com/product/149101/%D8%A7%D9%88%D8%B1%D8%AA%D9%88-%D8%AA%D9%88%D9%84%DB%8C%D8%AF%DB%8C%D9%86,router_title_normalization,1
2-methylbut-2-ene,2-Methyl-2-butene,,10553,BKOOMYPCSUNDGP-UHFFFAOYSA-N,C5H10,70.13,,confirmed_organic,organic_reagent,yes,research,Telegram: ChemIranSanat,Iranian supplier Telegram catalogue,skill live country-gate,public catalogue/product-page evidence; current stock not independently verified,listed_not_current_stock_verified,2-methylbut-2-ene,https://t.me/ChemIranSanat/1390,existing skill export,2
2-methyloxirane,Propylene Oxide,75-56-9,6378,GOOHAUXETOMSMM-UHFFFAOYSA-N,C3H6O,58.08,,confirmed_organic,organic_reagent,yes,research,Telegram: minatajhiz,Iranian supplier Telegram catalogue,skill live country-gate,public catalogue/product-page evidence; current stock not independently verified,listed_not_current_stock_verified,2-methyloxirane,https://t.me/minatajhiz/1037 | https://t.me/minatajhiz/985,existing skill export,3
2-methylpropan-1-ol,Isobutanol,78-83-1,6560,ZXEKIIBDNHEJCQ-UHFFFAOYSA-N,C4H10O,74.12,,confirmed_organic,organic_reagent,yes,lab,TamadKala,Iranian online wholesale/lab shop,site shows Iranian online shop,public catalogue/product-page evidence; current stock not independently verified,product_page_listed_not_current_stock_verified,ایزوبوتانول lab دکتر مجللی,https://tamadkala.com/product/168025/%D8%A7%DB%8C%D8%B2%D9%88%D8%A8%D9%88%D8%AA%D8%A7%D9%86%D9%88%D9%84-lab-%D8%AF%DA%A9%D8%AA%D8%B1-%D9%85%D8%AC%D9%84%D9%84%DB%8C,router_title_normalization,1
2-methylpropan-2-ol,Tert-Butanol,75-65-0,6386,DKGAVHZHDRPRBM-UHFFFAOYSA-N,C4H10O,74.12,,confirmed_organic,organic_reagent,not_stated,,TamadKala,Iranian online wholesale/lab shop,site shows Iranian online shop,public catalogue/product-page evidence; current stock not independently verified,product_page_listed_not_current_stock_verified,ترت بوتانول برند لوبا هند,https://tamadkala.com/product/164915/%D8%AA%D8%B1%D8%AA-%D8%A8%D9%88%D8%AA%D8%A7%D9%86%D9%88%D9%84-%D8%A8%D8%B1%D9%86%D8%AF-%D9%84%D9%88%D8%A8%D8%A7-%D9%87%D9%86%D8%AF,router_title_normalization,1
2-methylpropane,Isobutane,,6360,NNPPMTNAJDCUHE-UHFFFAOYSA-N,C4H10,58.12,,confirmed_organic,organic_reagent,yes,dry | extra pure | gc | hplc,TamadKala,Iranian online wholesale/lab shop,site shows Iranian online shop,public catalogue/product-page evidence; current stock not independently verified,product_page_listed_not_current_stock_verified,ایزواکتان dry نوترون | ایزواکتان extra pure نوترون | ایزواکتان gc نوترون | ایزواکتان hplc نوترون,https://tamadkala.com/product/92861/%D8%A7%DB%8C%D8%B2%D9%88%D8%A7%DA%A9%D8%AA%D8%A7%D9%86-extra-pure-%D9%86%D9%88%D8%AA%D8%B1%D9%88%D9%86 | https://tamadkala.com/product/92862/%D8%A7%DB%8C%D8%B2%D9%88%D8%A7%DA%A9%D8%AA%D8%A7%D9%86-hplc-%D9%86%D9%88%D8%AA%D8%B1%D9%88%D9%86 | https://tamadkala.com/product/92863/%D8%A7%DB%8C%D8%B2%D9%88%D8%A7%DA%A9%D8%AA%D8%A7%D9%86-gc-%D9%86%D9%88%D8%AA%D8%B1%D9%88%D9%86 | https://tamadkala.com/product/92887/%D8%A7%DB%8C%D8%B2%D9%88%D8%A7%DA%A9%D8%AA%D8%A7%D9%86-dry-%D9%86%D9%88%D8%AA%D8%B1%D9%88%D9%86,router_title_normalization,4
2-nitrophenol,Nitro phenol,88-75-5,6947,IQUPABOKLQSFBK-UHFFFAOYSA-N,C6H5NO3,139.11,,confirmed_organic,organic_reagent,not_stated,,TamadKala,Iranian online wholesale/lab shop,site shows Iranian online shop,public catalogue/product-page evidence; current stock not independently verified,product_page_listed_not_current_stock_verified,نیترو فنول برند لوبا هند,https://tamadkala.com/product/164928/%D9%86%DB%8C%D8%AA%D8%B1%D9%88-%D9%81%D9%86%D9%88%D9%84-%D8%A8%D8%B1%D9%86%D8%AF-%D9%84%D9%88%D8%A8%D8%A7-%D9%87%D9%86%D8%AF,router_title_normalization,1
2-octadecanoyloxyethyl octadecanoate,Glycol Distearate,,61174,FPVVYTCTZKCSOJ-UHFFFAOYSA-N,C38H74O4,595.0,,confirmed_organic,cosmetic_raw_material,not_stated,,BehChin Chemi Pharmed,Iranian supplier API/intermediate catalogue,site states Iran-based supplier,public catalogue/product-page evidence; current stock not independently verified,supplier_catalogue_listed_not_current_stock_verified,Glycol Distearate,https://www.behchinchemi.ir/en/our-products/cosmetic-materials,supplier_table,1
2-sulfanylacetic acid,Thioglycolic acid,,1133,CWERGRDVMFNCDR-UHFFFAOYSA-N,C2H4O2S,92.12,,confirmed_organic,cosmetic_raw_material,yes,industrial/cosmetic,Pishgaman Shimi (IR Chem) | TamadKala,Iranian online research/chemical shop | Iranian online wholesale/lab shop,site shows Iranian online shop,public catalogue/product-page evidence; current stock not independently verified,product_page_listed_not_current_stock_verified,اسید تیوگلیکولیک | تیو گلیکولیک اسید | تیوگلیکولیک اسید lab دکتر مجللی | ...,https://irchem.ir/thioglycolic-acid/ | https://tamadkala.com/product/174212/%D8%AA%DB%8C%D9%88-%DA%AF%D9%84%DB%8C%DA%A9%D9%88%D9%84%DB%8C%DA%A9-%D8%A7%D8%B3%DB%8C%D8%AF,explicit_category_supplement | router_title_normalization,3
2H-benzotriazole,1H-Benzotriazole,95-14-7,7220,QRUDEWIWKLJBPS-UHFFFAOYSA-N,C6H5N3,119.12,,confirmed_organic,organic_reagent,not_stated,industrial,Telegram: ChemIranSanat,Iranian supplier Telegram catalogue,skill live country-gate,public catalogue/product-page evidence; current stock not independently verified,listed_not_current_stock_verified,2H-benzotriazole,,existing skill export,1
"3,3-bis(4-hydroxy-2-methyl-5-propan-2-ylphenyl)-2-benzofuran-1-one",Thymolphthalein,125-20-2,31316,LDKDGDIWEUUXSH-UHFFFAOYSA-N,C28H30O4,430.5,,confirmed_organic,organic_reagent,not_stated,,TamadKala,Iranian online wholesale/lab shop,site shows Iranian online shop,public catalogue/product-page evidence; current stock not independently verified,product_page_listed_not_current_stock_verified,تیمول فتالئین,https://tamadkala.com/product/32856/%D8%AA%DB%8C%D9%85%D9%88%D9%84-%D9%81%D8%AA%D8%A7%D9%84%D8%A6%DB%8C%D9%86,router_title_normalization,1
"3,3-bis(4-hydroxyphenyl)-2-benzofuran-1-one",Bisphenol A,77-09-8,6623,IISBACLAFKSPIT-UHFFFAOYSA-N,C15H16O2,228.29,,confirmed_organic,organic_reagent,yes,ACS | research,TamadKala | Telegram: minatajhiz,Iranian online wholesale/lab shop | Iranian supplier Telegram catalogue,site shows Iranian online shop | skill live country-gate,public catalogue/product-page evidence; current stock not independently verified,listed_not_current_stock_verified | product_page_listed_not_current_stock_verified,4-[2-(4-hydroxyphenyl)propan-2-yl]phenol | بیسفنول a | فنل فتالئین acs دکتر مجللی | فنل فتالئین قطران شیمی | فنول فتالئین,https://t.me/minatajhiz/1035 | https://tamadkala.com/product/12574/%D9%81%D9%86%D9%88%D9%84-%D9%81%D8%AA%D8%A7%D9%84%D8%A6%DB%8C%D9%86 | https://tamadkala.com/product/23739/%D9%81%D9%86%D9%84-%D9%81%D8%AA%D8%A7%D9%84%D8%A6%DB%8C%D9%86-acs-%D8%AF%DA%A9%D8%AA%D8%B1-%D9%85%D8%AC%D9%84%D9%84%DB%8C | https://tamadkala.com/product/55230/%D8%A8%DB%8C%D8%B3%D9%81%D9%86%D9%88%D9%84-a | https://tamadkala.com/product/68382/%D9%81%D9%86%D9%84-%D9%81%D8%AA%D8%A7%D9%84%D8%A6%DB%8C%D9%86-%D9%82%D8%B7%D8%B1%D8%A7%D9%86-%D8%B4%DB%8C%D9%85%DB%8C,existing skill export | router_title_normalization,6
"3,4,5-trihydroxy-5-(hydroxymethyl)-2-methoxycyclohex-2-en-1-one",Gadusol,,195955,KENOUOLPKKQXMX-UHFFFAOYSA-N,C8H12O6,204.18,,confirmed_organic,organic_reagent,yes,research,Telegram: ChemIranSanat,Iranian supplier Telegram catalogue,skill live country-gate,public catalogue/product-page evidence; current stock not independently verified,listed_not_current_stock_verified,"3,4,5-trihydroxy-5-(hydroxymethyl)-2-methoxycyclohex-2-en-1-one",https://t.me/ChemIranSanat/1295,existing skill export,2
"3,4,5-trihydroxybenzoic acid",Gallic acid,149-91-7,370,LNTHITQWFMADLM-UHFFFAOYSA-N,C7H6O5,170.12,,confirmed_organic,secondary_metabolite_or_natural_product,yes,Sigma/research,TamadKala,Iranian online research/chemical shop | Iranian online wholesale/lab shop,site shows Iranian online shop,public catalogue/product-page evidence; current stock not independently verified,product_page_listed_not_current_stock_verified,گالیک اسید | ... | گالیک اسید سیگما,https://tamadkala.com/product/90739/%DA%AF%D8%A7%D9%84%DB%8C%DA%A9-%D8%A7%D8%B3%DB%8C%D8%AF-%D8%B3%DB%8C%DA%AF%D9%85%D8%A7,explicit_category_supplement | router_title_normalization,2
"3,4,5-trimethoxyaniline","3,4,5-Trimethoxyaniline",,32285,XEFRNCLPPFDWAC-UHFFFAOYSA-N,C9H13NO3,183.20,,confirmed_organic,organic_reagent,yes,research,Telegram: minatajhiz,Iranian supplier Telegram catalogue,skill live country-gate,public catalogue/product-page evidence; current stock not independently verified,listed_not_current_stock_verified,"3,4,5-trimethoxyaniline",https://t.me/minatajhiz/1021,existing skill export,2
"3,5,5-trimethylhexan-1-ol","3,5,5-Trimethyl-1-hexanol",3452-97-9,18938,BODRLKRKPXBDBN-UHFFFAOYSA-N,C9H20O,144.25,,confirmed_organic,organic_reagent,not_stated,,TamadKala,Iranian online wholesale/lab shop,site shows Iranian online shop,public catalogue/product-page evidence; current stock not independently verified,product_page_listed_not_current_stock_verified,3 و 5 و 5 تری متیل 1 هگزانول,https://tamadkala.com/product/101488/3-%D9%88-5-%D9%88-5-%D8%AA%D8%B1%DB%8C-%D9%85%D8%AA%DB%8C%D9%84-1-%D9%87%DA%AF%D8%B2%D8%A7%D9%86%D9%88%D9%84,router_title_normalization,1
"3,5,7-trihydroxy-2-(4-hydroxyphenyl)chromen-4-one",kaempferol,,5280863,IYRMWMYZSQPJKC-UHFFFAOYSA-N,C15H10O6,286.24,,confirmed_organic,secondary_metabolite_or_natural_product,yes,Sigma/research,TamadKala,Iranian online research/chemical shop,site shows Iranian online shop,public catalogue/product-page evidence; current stock not independently verified,product_page_listed_not_current_stock_verified,کائمفرول سیگما,https://tamadkala.com/product/90740/%DA%A9%D8%A7%D8%A6%D9%85%D9%81%D8%B1%D9%88%D9%84-%D8%B3%DB%8C%DA%AF%D9%85%D8%A7,explicit_category_supplement,1
"3,7-dimethylpurine-2,6-dione",Theobromine,,5429,YAPQBXQYLJRXSA-UHFFFAOYSA-N,C7H8N4O2,180.16,,confirmed_organic,organic_reagent,yes,research,Telegram: ChemIranSanat,Iranian supplier Telegram catalogue,skill live country-gate,public catalogue/product-page evidence; current stock not independently verified,listed_not_current_stock_verified,"3,7-dimethylpurine-2,6-dione",https://t.me/ChemIranSanat/998,existing skill export,2
"3-(3,8-diamino-6-phenylphenanthridin-5-ium-5-yl)propyl-diethyl-methylazanium diiodide",Propidium Iodide,,104981,XJMOSONTPMZWPB-UHFFFAOYSA-M,C27H34I2N4,668.4,,confirmed_organic,organic_reagent,yes,research,Telegram: ChemIranSanat,Iranian supplier Telegram catalogue,skill live country-gate,public catalogue/product-page evidence; current stock not independently verified,listed_not_current_stock_verified,"3-(3,8-diamino-6-phenylphenanthridin-5-ium-5-yl)propyl-diethyl-methylazanium diiodide",https://t.me/ChemIranSanat/281,existing skill export,2
"3-[[(2R)-2,4-dihydroxy-3,3-dimethylbutanoyl]amino]propanoic acid",pantothenic acid,,6613,GHOKWGTUZJEAQD-ZETCQYMHSA-N,C9H17NO5,219.23,,confirmed_organic,pharmaceutical_or_api,not_stated,food,TamadKala,Iranian online research/chemical shop,site shows Iranian online shop,public catalogue/product-page evidence; current stock not independently verified,product_page_listed_not_current_stock_verified,ویتامین B5 خوراکی,https://tamadkala.com/product/87737/%D9%88%DB%8C%D8%AA%D8%A7%D9%85%DB%8C%D9%86-b5-%D8%AE%D9%88%D8%B1%D8%A7%DA%A9%DB%8C,explicit_category_supplement,1
3-aminobenzoic acid,3-Aminobenzoic Acid,,7419,XFDUHJPVQKIXHO-UHFFFAOYSA-N,C7H7NO2,137.14,,confirmed_organic,organic_reagent,yes,research,Telegram: minatajhiz,Iranian supplier Telegram catalogue,skill live country-gate,public catalogue/product-page evidence; current stock not independently verified,listed_not_current_stock_verified,3-aminobenzoic acid,https://t.me/minatajhiz/1067,existing skill export,2
"3-aminopropane-1,2-diol","3-Amino-1,2-propanediol",,73561,KQIGMPWTAHJUMN-UHFFFAOYSA-N,C3H9NO2,91.11,,confirmed_organic,organic_reagent,yes,research,Telegram: minatajhiz,Iranian supplier Telegram catalogue,skill live country-gate,public catalogue/product-page evidence; current stock not independently verified,listed_not_current_stock_verified,"3-aminopropane-1,2-diol",https://t.me/minatajhiz/1014 | https://t.me/minatajhiz/1057,existing skill export,3
3-bromoprop-1-ene,Allyl bromide,,7841,BHELZAPQIKSEDF-UHFFFAOYSA-N,C3H5Br,120.98,,confirmed_organic,organic_reagent,yes,research,Telegram: minatajhiz,Iranian supplier Telegram catalogue,skill live country-gate,public catalogue/product-page evidence; current stock not independently verified,listed_not_current_stock_verified,3-bromoprop-1-ene,https://t.me/minatajhiz/1003,existing skill export,2
3-bromoprop-1-yne,Propargyl bromide,106-96-7,7842,YORCIIVHUBAYBQ-UHFFFAOYSA-N,C3H3Br,118.96,,confirmed_organic,organic_reagent,yes,research,Telegram: minatajhiz,Iranian supplier Telegram catalogue,skill live country-gate,public catalogue/product-page evidence; current stock not independently verified,listed_not_current_stock_verified,propargyl bromide,https://t.me/minatajhiz/941,existing skill export,2
3-ethoxy-4-hydroxybenzaldehyde,Ethylvanillin,,8467,CBOQJANXLMLOSS-UHFFFAOYSA-N,C9H10O3,166.17,,confirmed_organic,fragrance_or_aroma,yes,research,Telegram: ChemIranSanat,Iranian supplier Telegram catalogue,skill live country-gate,public catalogue/product-page evidence; current stock not independently verified,listed_not_current_stock_verified,3-ethoxy-4-hydroxybenzaldehyde,https://t.me/ChemIranSanat/1735,existing skill export,2
3-isothiocyanatoprop-1-ene,Allyl Isothiocyanate,,5971,ZOJBYZNEUISWFT-UHFFFAOYSA-N,C4H5NS,99.16,,confirmed_organic,organic_reagent,yes,research,Telegram: minatajhiz,Iranian supplier Telegram catalogue,skill live country-gate,public catalogue/product-page evidence; current stock not independently verified,listed_not_current_stock_verified,3-isothiocyanatoprop-1-ene,https://t.me/minatajhiz/1020,existing skill export,2
3-methylbutan-1-ol,Isoamyl alcohol,123-51-3,31260,PHTQWCKDNZKARW-UHFFFAOYSA-N,C5H12O,88.15,,confirmed_organic,organic_reagent,yes,extra pure,TamadKala,Iranian online wholesale/lab shop,site shows Iranian online shop,public catalogue/product-page evidence; current stock not independently verified,product_page_listed_not_current_stock_verified,ایزو آمیل الکل extra pure نوترون | ...,,router_title_normalization,1
3-methylphenol,Metacresol,106-40-9,342,RLSSMJSEOOYNOY-UHFFFAOYSA-N,C7H8O,108.14,,confirmed_organic,organic_reagent,not_stated,,TamadKala,Iranian online wholesale/lab shop,site shows Iranian online shop,public catalogue/product-page evidence; current stock not independently verified,product_page_listed_not_current_stock_verified,متاکروزول,https://tamadkala.com/product/149090/%D9%85%D8%AA%D8%A7%DA%A9%D8%B1%D9%88%D8%B2%D9%88%D9%84,router_title_normalization,1
3-phenylphthalic acid,"Biphenyl-2,3-dicarboxylic acid",,13074915,HSSYVKMJJLDTKZ-UHFFFAOYSA-N,C14H10O4,242.23,,confirmed_organic,organic_reagent,yes,research,Telegram: ChemIranSanat,Iranian supplier Telegram catalogue,skill live country-gate,public catalogue/product-page evidence; current stock not independently verified,listed_not_current_stock_verified,3-phenylphthalic acid,https://t.me/ChemIranSanat/1795,existing skill export,2
3-sulfanylpropanoic acid,3-Mercaptopropionic Acid,,6514,DKIDEFUBRARXTE-UHFFFAOYSA-N,C3H6O2S,106.15,,confirmed_organic,organic_reagent,yes,research,Telegram: minatajhiz,Iranian supplier Telegram catalogue,skill live country-gate,public catalogue/product-page evidence; current stock not independently verified,listed_not_current_stock_verified,3-sulfanylpropanoic acid,https://t.me/minatajhiz/1092,existing skill export,2
3-triethoxysilylpropan-1-amine,(3-Aminopropyl)triethoxysilane,,13521,WYTZZXDRDKSJID-UHFFFAOYSA-N,C9H23NO3Si,221.37,,confirmed_organic,organic_reagent,yes,research,Telegram: minatajhiz,Iranian supplier Telegram catalogue,skill live country-gate,public catalogue/product-page evidence; current stock not independently verified,listed_not_current_stock_verified,3-triethoxysilylpropan-1-amine,https://t.me/minatajhiz/686 | https://t.me/minatajhiz/692 | https://t.me/minatajhiz/717,existing skill export,5
"4,5-bis(hydroxymethyl)-2-methylpyridin-3-ol",Pyridoxine,65-23-6,1054,LXNHXLLTXMVWPM-UHFFFAOYSA-N,C8H11NO3,169.18,,confirmed_organic,pharmaceutical_or_api,not_stated,,TamadKala,Iranian online wholesale/lab shop,site shows Iranian online shop,public catalogue/product-page evidence; current stock not independently verified,product_page_listed_not_current_stock_verified,پیریدوکسین با کد p5669 سیگما,https://tamadkala.com/product/154589/%D9%BE%DB%8C%D8%B1%DB%8C%D8%AF%D9%88%DA%A9%D8%B3%DB%8C%D9%86-%D8%A8%D8%A7-%DA%A9%D8%AF-p5669-%D8%B3%DB%8C%DA%AF%D9%85%D8%A7,router_title_normalization,1
4-(4-aminophenoxy)aniline,"4,4'-Diaminodiphenyl Ether",,7579,HLBLWEWZXPIGSM-UHFFFAOYSA-N,C12H12N2O,200.24,,confirmed_organic,organic_reagent,yes,research,Telegram: minatajhiz,Iranian supplier Telegram catalogue,skill live country-gate,public catalogue/product-page evidence; current stock not independently verified,listed_not_current_stock_verified,4-(4-aminophenoxy)aniline,https://t.me/minatajhiz/1027,existing skill export,2
4-(4-aminophenyl)sulfonylaniline,Dapsone,136-68-7,2955,MQJKPEGWNLWLTK-UHFFFAOYSA-N,C12H12N2O2S,248.30,,confirmed_organic,pharmaceutical_or_api,yes,usp,TamadKala,Iranian online wholesale/lab shop,site shows Iranian online shop,public catalogue/product-page evidence; current stock not independently verified,product_page_listed_not_current_stock_verified,داپسون سیگما usp کد 1164008 | ... | فروش 4 4 دی آمینو دی فنیل سولفون,https://tamadkala.com/product/2195/%D9%81%D8%B1%D9%88%D8%B4-4-4-%D8%AF%DB%8C-%D8%A2%D9%85%DB%8C%D9%86%D9%88-%D8%AF%DB%8C-%D9%81%D9%86%DB%8C%D9%84-%D8%B3%D9%88%D9%84%D9%81%D9%88%D9%86,router_title_normalization,2
"4-[(4-aminophenyl)-(4-imino-3-methylcyclohexa-2,5-dien-1-ylidene)methyl]aniline;hydrochloride",Basic Fuchsin,569-61-9,12447,AXDJCCTWPBKUKL-UHFFFAOYSA-N,C20H20ClN3,337.8,,confirmed_organic,organic_reagent,not_stated,,TamadKala,Iranian online wholesale/lab shop,site shows Iranian online shop,public catalogue/product-page evidence; current stock not independently verified,product_page_listed_not_current_stock_verified,معرف فوشین بازی دکترمجللی,https://tamadkala.com/product/173637/%D9%85%D8%B9%D8%B1%D9%81-%D9%81%D9%88%D8%B4%DB%8C%D9%86-%D8%A8%D8%A7%D8%B2%DB%8C-%D8%AF%DA%A9%D8%AA%D8%B1%D9%85%D8%AC%D9%84%D9%84%DB%8C,router_title_normalization,1
"4-[3-(4-hydroxy-2-methyl-5-propan-2-ylphenyl)-1,1-dioxo-2,1lambda6-benzoxathiol-3-yl]-5-methyl-2-propan-2-ylphenol",Thymol blue,536-64-3,65565,FRPHFZCDPYBUAU-UHFFFAOYSA-N,C21H14Br4O5S,698.0,,confirmed_organic,organic_reagent,yes,ACS,TamadKala,Iranian online wholesale/lab shop,site shows Iranian online shop,public catalogue/product-page evidence; current stock not independently verified,product_page_listed_not_current_stock_verified,برمو کرسول گرین | بروموکروزول سبز acs دکتر مجللی | تیمول بلو | معرف برومو كرزول گرين قطران شیمی | معرف تورنسل قطران شیمی,https://tamadkala.com/product/173831/%D8%A8%D8%B1%D9%88%D9%85%D9%88%DA%A9%D8%B1%D9%88%D8%B2%D9%88%D9%84-%D8%B3%D8%A8%D8%B2-acs-%D8%AF%DA%A9%D8%AA%D8%B1-%D9%85%D8%AC%D9%84%D9%84%DB%8C | https://tamadkala.com/product/32710/%D8%AA%DB%8C%D9%85%D9%88%D9%84-%D8%A8%D9%84%D9%88 | https://tamadkala.com/product/32737/%D8%A8%D8%B1%D9%85%D9%88-%DA%A9%D8%B1%D8%B3%D9%88%D9%84-%DA%AF%D8%B1%DB%8C%D9%86 | https://tamadkala.com/product/75029/%D9%85%D8%B9%D8%B1%D9%81-%D8%A8%D8%B1%D9%88%D9%85%D9%88-%D9%83%D8%B1%D8%B2%D9%88%D9%84-%DA%AF%D8%B1%D9%8A%D9%86-%D9%82%D8%B7%D8%B1%D8%A7%D9%86-%D8%B4%DB%8C%D9%85%DB%8C | https://tamadkala.com/product/75058/%D9%85%D8%B9%D8%B1%D9%81-%D8%AA%D9%88%D8%B1%D9%86%D8%B3%D9%84-%D9%82%D8%B7%D8%B1%D8%A7%D9%86-%D8%B4%DB%8C%D9%85%DB%8C,router_title_normalization,5
"4-[3-(4-hydroxyphenyl)-1,1-dioxo-2,1lambda6-benzoxathiol-3-yl]phenol",Phenol Red,143-74-8,4766,BELBBZDIHDAJOR-UHFFFAOYSA-N,C19H14O5S,354.4,,confirmed_organic,organic_reagent,yes,ACS | True,Fardad Shimi | TamadKala,Iranian online lab-chemical shop | Iranian online wholesale/lab shop,site shows Iranian online shop | site shows Iranian shop and nationwide delivery,public catalogue/product-page evidence; current stock not independently verified,product_page_listed_not_current_stock_verified,فنل رد مرک MERCK | فنول رد | فنول رد acs دکتر مجللی,https://tamadkala.com/product/173761/%D9%81%D9%86%D9%88%D9%84-%D8%B1%D8%AF-acs-%D8%AF%DA%A9%D8%AA%D8%B1-%D9%85%D8%AC%D9%84%D9%84%DB%8C | https://tamadkala.com/product/32885/%D9%81%D9%86%D9%88%D9%84-%D8%B1%D8%AF,router_title_normalization,3
4-amino-3-hydroxybenzoic acid,4-Amino-3-hydroxybenzoic acid,,137566,NFPYJDZQOKCYIE-UHFFFAOYSA-N,C7H7NO3,153.14,,confirmed_organic,organic_reagent,yes,research,Telegram: ChemIranSanat,Iranian supplier Telegram catalogue,skill live country-gate,public catalogue/product-page evidence; current stock not independently verified,listed_not_current_stock_verified,4-amino-3-hydroxybenzoic acid,https://t.me/ChemIranSanat/1997,existing skill export,2
"4-amino-N-(4,6-dimethylpyrimidin-2-yl)benzenesulfonamide",Sulfamethazine,57-68-1,5327,ASWVTGNCAZCNNR-UHFFFAOYSA-N,C12H14N4O2S,278.33,,confirmed_organic,pharmaceutical_or_api,not_stated,,TamadKala,Iranian online wholesale/lab shop,site shows Iranian online shop,public catalogue/product-page evidence; current stock not independently verified,product_page_listed_not_current_stock_verified,فروش سولفامتازین,https://tamadkala.com/product/7992/%D9%81%D8%B1%D9%88%D8%B4-%D8%B3%D9%88%D9%84%D9%81%D8%A7%D9%85%D8%AA%D8%A7%D8%B2%DB%8C%D9%86,router_title_normalization,1
4-amino-N-(6-methoxypyridazin-3-yl)benzenesulfonamide,Tricresyl Phosphate,80-35-3,5330,VLYWMPOKSSWJAL-UHFFFAOYSA-N,C11H12N4O3S,280.31,,confirmed_organic,organic_reagent,not_stated,,TamadKala,Iranian online wholesale/lab shop,site shows Iranian online shop,public catalogue/product-page evidence; current stock not independently verified,product_page_listed_not_current_stock_verified,تریس بیس سیگما کد 648310 m,https://tamadkala.com/product/153874/%D8%AA%D8%B1%DB%8C%D8%B3-%D8%A8%DB%8C%D8%B3-%D8%B3%DB%8C%DA%AF%D9%85%D8%A7-%DA%A9%D8%AF-648310-m,router_title_normalization,1
4-aminobenzenesulfonamide,Sulfanilamide,,5333,FDDDEECHVMSUSB-UHFFFAOYSA-N,C6H8N2O2S,172.21,,confirmed_organic,organic_reagent,yes,research,Telegram: merckmillipore,Iranian supplier Telegram catalogue,skill live country-gate,public catalogue/product-page evidence; current stock not independently verified,listed_not_current_stock_verified,4-aminobenzenesulfonamide,https://t.me/merckmillipore/3,existing skill export,2
4-aminobenzoic acid,4-aminobenzoic acid,99-96-7,978,ALYNCZNDIQEVRV-UHFFFAOYSA-N,C7H7NO2,137.14,,confirmed_organic,organic_reagent,not_stated,industrial,TamadKala,Iranian online wholesale/lab shop,site shows Iranian online shop,public catalogue/product-page evidence; current stock not independently verified,product_page_listed_not_current_stock_verified,4 آمینو بنزوئیک اسید 99 paba صنعتی چینی | ...,,router_title_normalization,1
4-aminopentanoic acid,4-Aminobutyric Acid,,223130,ABSTXSZPGHDTAF-UHFFFAOYSA-N,C5H11NO2,117.15,,confirmed_organic,organic_reagent,yes,research,Telegram: ChemIranSanat,Iranian supplier Telegram catalogue,skill live country-gate,public catalogue/product-page evidence; current stock not independently verified,listed_not_current_stock_verified,4-aminopentanoic acid,https://t.me/ChemIranSanat/152,existing skill export,2
4-aminophenol,4-Aminophenol,123-30-8,403,PLIKAWJENQZMHA-UHFFFAOYSA-N,C6H7NO,109.13,,confirmed_organic,pharmaceutical_or_api,yes,API/GMP | for synthesis,BehChin Chemi Pharmed | TamadKala,Iranian online wholesale/lab shop | Iranian supplier API/intermediate catalogue,site shows Iranian online shop | site states Iran-based supplier,public catalogue/product-page evidence; current stock not independently verified,product_page_listed_not_current_stock_verified | supplier_catalogue_listed_not_current_stock_verified,4 آمینو فنول امرتات شیمی گرید for synthesis | 4-Aminophenol,https://tamadkala.com/product/156142/4-%D8%A2%D9%85%DB%8C%D9%86%D9%88-%D9%81%D9%86%D9%88%D9%84-%D8%A7%D9%85%D8%B1%D8%AA%D8%A7%D8%AA-%D8%B4%DB%8C%D9%85%DB%8C-%DA%AF%D8%B1%DB%8C%D8%AF-for-synthesis | https://www.behchinchemi.ir/en/our-products/list-of-drug-intermediates,router_title_normalization | supplier_table,2
4-chloro-2-phenylquinazoline,4-Chloro-2-phenylquinazoline,,80977,OBHKONRNYCDRKM-UHFFFAOYSA-N,C14H9ClN2,240.69,,confirmed_organic,organic_reagent,yes,research,Telegram: ChemIranSanat,Iranian supplier Telegram catalogue,skill live country-gate,public catalogue/product-page evidence; current stock not independently verified,listed_not_current_stock_verified,4-chloro-2-phenylquinazoline,https://t.me/ChemIranSanat/1917 | https://t.me/ChemIranSanat/1958,existing skill export,3
4-chlorobenzoic acid,4-Chlorobenzoic Acid,,6318,XRHGYUZYPHTUJZ-UHFFFAOYSA-N,C7H5ClO2,156.56,,confirmed_organic,organic_reagent,yes,research,Telegram: minatajhiz,Iranian supplier Telegram catalogue,skill live country-gate,public catalogue/product-page evidence; current stock not independently verified,listed_not_current_stock_verified,4-chlorobenzoic acid,https://t.me/minatajhiz/1033,existing skill export,2
4-cyanobenzoic acid,4-Cyanobenzoic acid,,12087,ADCUEPOHPCPMCE-UHFFFAOYSA-N,C8H5NO2,147.13,,confirmed_organic,organic_reagent,yes,research,Telegram: ChemIranSanat,Iranian supplier Telegram catalogue,skill live country-gate,public catalogue/product-page evidence; current stock not independently verified,listed_not_current_stock_verified,4-cyanobenzoic acid,https://t.me/ChemIranSanat/1460,existing skill export,2
4-formylbenzoic acid,4-Formylbenzoic acid,,12088,GOUHYARYYWKXHS-UHFFFAOYSA-N,C8H6O3,150.13,,confirmed_organic,organic_reagent,yes,research,Telegram: ChemIranSanat,Iranian supplier Telegram catalogue,skill live country-gate,public catalogue/product-page evidence; current stock not independently verified,listed_not_current_stock_verified,4-formylbenzoic acid,https://t.me/ChemIranSanat/1368 | https://t.me/ChemIranSanat/1544 | https://t.me/ChemIranSanat/1826,existing skill export,5
4-hydrazinylbenzoic acid,4-Hydrazinobenzoic acid,,12089,PCNFLKVWBDNNOW-UHFFFAOYSA-N,C7H8N2O2,152.15,,confirmed_organic,organic_reagent,yes,research,Telegram: ChemIranSanat,Iranian supplier Telegram catalogue,skill live country-gate,public catalogue/product-page evidence; current stock not independently verified,listed_not_current_stock_verified,4-hydrazinylbenzoic acid,https://t.me/ChemIranSanat/1835,existing skill export,2
4-hydroxy-3-methoxybenzaldehyde,vanillin,,1183,MWOOGOJBHIARFG-UHFFFAOYSA-N,C8H8O3,152.15,,confirmed_organic,fragrance_or_aroma,not_stated,food/aroma,TamadKala,Iranian online research/chemical shop,site shows Iranian online shop,public catalogue/product-page evidence; current stock not independently verified,product_page_listed_not_current_stock_verified,وانیلین برند لوبا هند,https://tamadkala.com/product/164611/%D9%88%D8%A7%D9%86%DB%8C%D9%84%DB%8C%D9%86-%D8%A8%D8%B1%D9%86%D8%AF-%D9%84%D9%88%D8%A8%D8%A7-%D9%87%D9%86%D8%AF,explicit_category_supplement,1
4-hydroxy-3-methoxybenzoic acid,Vanillic Acid,121-34-6,8468,WKOLLVMJNQIZCI-UHFFFAOYSA-N,C8H8O4,168.15,,confirmed_organic,organic_reagent,yes,research,Telegram: ChemIranSanat,Iranian supplier Telegram catalogue,skill live country-gate,public catalogue/product-page evidence; current stock not independently verified,listed_not_current_stock_verified,4-hydroxy-3-methoxybenzoic acid,https://t.me/ChemIranSanat/1370 | https://t.me/ChemIranSanat/1678,existing skill export,3
"4-methyl-1,3-dioxolan-2-one",Propylene carbonate,,7924,RUOJZAUFBMNUDX-UHFFFAOYSA-N,C4H6O3,102.09,,confirmed_organic,organic_reagent,yes,research,TamadKala | Telegram: minatajhiz,Iranian online wholesale/lab shop | Iranian supplier Telegram catalogue,site shows Iranian online shop | skill live country-gate,public catalogue/product-page evidence; current stock not independently verified,listed_not_current_stock_verified | product_page_listed_not_current_stock_verified,"4-methyl-1,3-dioxolan-2-one | پروپیلن کربنات",https://t.me/minatajhiz/1076 | https://tamadkala.com/product/20884/%D9%BE%D8%B1%D9%88%D9%BE%DB%8C%D9%84%D9%86-%DA%A9%D8%B1%D8%A8%D9%86%D8%A7%D8%AA,existing skill export | router_title_normalization,3
4-methylbenzenesulfonic acid,p-Toluenesulfonic acid,104-15-4,6101,JOXIMZWYDAKGHI-UHFFFAOYSA-N,C7H8O3S,172.20,,confirmed_organic,organic_reagent,not_stated,MERCK,Fardad Shimi,Iranian online lab-chemical shop,site shows Iranian shop and nationwide delivery,public catalogue/product-page evidence; current stock not independently verified,product_page_listed_not_current_stock_verified,پارا تولوئن ۴ سولفونیک اسید ۱ آبه MERCK | ...,,router_title_normalization,1
4-methylpent-1-ene,4-Methyl-1-pentene,,12724,WSSSPWUEQFSQQG-UHFFFAOYSA-N,C6H12,84.16,,confirmed_organic,organic_reagent,yes,research,Telegram: ChemIranSanat,Iranian supplier Telegram catalogue,skill live country-gate,public catalogue/product-page evidence; current stock not independently verified,listed_not_current_stock_verified,4-methylpent-1-ene,https://t.me/ChemIranSanat/1185,existing skill export,2
4-methylpentan-2-ol,4-Methyl-2-Pentanol,,7910,WVYWICLMDOOCFB-UHFFFAOYSA-N,C6H14O,102.17,,confirmed_organic,organic_reagent,yes,research,Telegram: minatajhiz,Iranian supplier Telegram catalogue,skill live country-gate,public catalogue/product-page evidence; current stock not independently verified,listed_not_current_stock_verified,4-methylpentan-2-ol,https://t.me/minatajhiz/1019,existing skill export,2
4-methylpentan-2-one,Methyl isobutyl ketone,,7909,NTIZESTWPVYFNL-UHFFFAOYSA-N,C6H12O,100.16,,confirmed_organic,organic_reagent,yes,,TamadKala,Iranian online wholesale/lab shop,site shows Iranian online shop,public catalogue/product-page evidence; current stock not independently verified,product_page_listed_not_current_stock_verified,متیل ایزوبوتیل کتون lab دکتر مجللی | ...,,router_title_normalization,1
4-nitrobenzaldehyde,4-Nitrobenzaldehyde,,541,BXRFQSNOROATLV-UHFFFAOYSA-N,C7H5NO3,151.12,,confirmed_organic,fragrance_or_aroma,yes,research,Telegram: minatajhiz,Iranian supplier Telegram catalogue,skill live country-gate,public catalogue/product-page evidence; current stock not independently verified,listed_not_current_stock_verified,4-nitrobenzaldehyde,https://t.me/minatajhiz/1036,existing skill export,2
4-pyridin-4-ylpyridine,Styrene,100-42-5,11107,PPBRXRYQALVLMV-UHFFFAOYSA-N,C10H8N2,104.15,,confirmed_organic,organic_reagent,yes,industrial | industrial; research,TamadKala | Telegram: Boof_company | Telegram: Ch_Chemical_leaders | Telegram: chemgroup | Telegram: minatajhiz,Iranian online wholesale/lab shop | Iranian supplier Telegram catalogue,site shows Iranian online shop | skill live country-gate,public catalogue/product-page evidence; current stock not independently verified,listed_not_current_stock_verified | product_page_listed_not_current_stock_verified,4-4 بی پریدین | styrene | استایرن | استایرن مونومر صنعتی,https://t.me/Boof_company/65 | https://t.me/Ch_Chemical_leaders/155 | https://t.me/Ch_Chemical_leaders/159 | https://t.me/chemgroup/2017 | https://t.me/chemgroup/3134 | https://t.me/minatajhiz/482 | https://tamadkala.com/product/173277/%D8%A7%D8%B3%D8%AA%D8%A7%DB%8C%D8%B1%D9%86-%D9%85%D9%88%D9%86%D9%88%D9%85%D8%B1-%D8%B5%D9%86%D8%B9%D8%AA%DB%8C | https://tamadkala.com/product/19587/%D8%A7%D8%B3%D8%AA%D8%A7%DB%8C%D8%B1%D9%86,existing skill export | router_title_normalization,18
"5-[(3aS,4S,6aR)-2-oxo-1,3,3a,4,6,6a-hexahydrothieno[3,4-d]imidazol-4-yl]pentanoic acid",D-Biotin,56-57-5,171548,YBJHBAHKTGYVGT-ZKWXMUAHSA-N,C10H16N2O3S,244.31,,confirmed_organic,organic_reagent,not_stated,,Rooz Darou | TamadKala,Iranian online wholesale/lab shop | Iranian pharmaceutical product catalogue,site shows Iranian online shop,public catalogue/product-page evidence; current stock not independently verified,product_page_listed_not_current_stock_verified,دی بیوتین برند لوبا هند | قرص بیوتین 1000 میکروگرم رزاویت,https://tamadkala.com/product/164617/%D8%AF%DB%8C-%D8%A8%DB%8C%D9%88%D8%AA%DB%8C%D9%86-%D8%A8%D8%B1%D9%86%D8%AF-%D9%84%D9%88%D8%A8%D8%A7-%D9%87%D9%86%D8%AF | http://rouzdarou.com/products/%D9%82%D8%B1%D8%B5-%D8%A8%DB%8C%D9%88%D8%AA%DB%8C%D9%86-1000-%D9%85%DB%8C%DA%A9%D8%B1%D9%88%DA%AF%D8%B1%D9%85-%D8%B1%D8%B2%D8%A7%D9%88%DB%8C%D8%AA,router_title_normalization,1
"5-[2-(1,3-dioxo-2-benzofuran-5-yl)-1,1,1,3,3,3-hexafluoropropan-2-yl]-2-benzofuran-1,3-dione","4,4'-(Hexafluoroisopropylidene)diphthalic anhydride",,70677,QHHKLPCQTTWFSS-UHFFFAOYSA-N,C19H6F6O6,444.2,,confirmed_organic,organic_reagent,yes,research,Telegram: ChemIranSanat,Iranian supplier Telegram catalogue,skill live country-gate,public catalogue/product-page evidence; current stock not independently verified,listed_not_current_stock_verified,"5-[2-(1,3-dioxo-2-benzofuran-5-yl)-1,1,1,3,3,3-hexafluoropropan-2-yl]-2-benzofuran-1,3-dione",https://t.me/ChemIranSanat/1848,existing skill export,2
"5-aminobenzene-1,3-dicarboxylic acid",5-Aminoisophthalic acid,,66833,KBZFDRWPMZESDI-UHFFFAOYSA-N,C8H7NO4,181.15,,confirmed_organic,organic_reagent,yes,research,Telegram: ChemIranSanat,Iranian supplier Telegram catalogue,skill live country-gate,public catalogue/product-page evidence; current stock not independently verified,listed_not_current_stock_verified,"5-aminobenzene-1,3-dicarboxylic acid",https://t.me/ChemIranSanat/1908 | https://t.me/ChemIranSanat/1979,existing skill export,3
5-bromo-2-hydroxybenzaldehyde,5-Bromosalicylaldehyde,,72863,MKKSTJKBKNCMRV-UHFFFAOYSA-N,C7H5BrO2,201.02,,confirmed_organic,fragrance_or_aroma,yes,research,Telegram: ChemIranSanat,Iranian supplier Telegram catalogue,skill live country-gate,public catalogue/product-page evidence; current stock not independently verified,listed_not_current_stock_verified,5-bromo-2-hydroxybenzaldehyde,https://t.me/ChemIranSanat/1605,existing skill export,2
"5-chloro-N-[[(5S)-2-oxo-3-[4-(3-oxomorpholin-4-yl)phenyl]-1,3-oxazolidin-5-yl]methyl]thiophene-2-carboxamide",Rivaroxaban,,9875401,KGFYHTZWPPHNLQ-AWEZNQCLSA-N,C19H18ClN3O5S,435.9,,confirmed_organic,pharmaceutical_or_api,yes,API/GMP,BehChin Chemi Pharmed,Iranian supplier API/intermediate catalogue,site states Iran-based supplier,public catalogue/product-page evidence; current stock not independently verified,supplier_catalogue_listed_not_current_stock_verified,Rivaroxaban,https://www.behchinchemi.ir/en/our-products/active-pharmaceutical-ingredient,supplier_table,1
5-methyl-2-propan-2-ylcyclohexan-1-ol,Menthol,89-78-1,1254,NOOLISFMXDJSKH-UHFFFAOYSA-N,C10H20O,156.26,,confirmed_organic,fragrance_or_aroma,yes,Laboratory/Extra Pure | extra pure | lab | خوراکی,BehChin Chemi Pharmed | TamadKala,Iranian online research/chemical shop | Iranian online wholesale/lab shop | Iranian supplier API/intermediate catalogue,site shows Iranian online shop | site states Iran-based supplier,public catalogue/product-page evidence; current stock not independently verified,product_page_listed_not_current_stock_verified | supplier_catalogue_listed_not_current_stock_verified,Menthol | منتول 1 | منتول 2 | ... | منتول extra pure نوترون | منتول خوراکی | منتول کریستال lab دکتر مجللی,https://tamadkala.com/product/191236/%D9%85%D9%86%D8%AA%D9%88%D9%84-%DA%A9%D8%B1%DB%8C%D8%B3%D8%AA%D8%A7%D9%84-lab-%D8%AF%DA%A9%D8%AA%D8%B1-%D9%85%D8%AC%D9%84%D9%84%DB%8C | https://tamadkala.com/product/76002/%D9%85%D9%86%D8%AA%D9%88%D9%84-1 | https://tamadkala.com/product/87734/%D9%85%D9%86%D8%AA%D9%88%D9%84-%D8%AE%D9%88%D8%B1%D8%A7%DA%A9%DB%8C | https://tamadkala.com/product/95948/%D9%85%D9%86%D8%AA%D9%88%D9%84-extra-pure-%D9%86%D9%88%D8%AA%D8%B1%D9%88%D9%86 | https://www.behchinchemi.ir/en/our-products/cosmetic-materials,explicit_category_supplement | router_title_normalization | supplier_table,7
5-methyl-2-propan-2-ylphenol,Thymol,89-07-2,6989,MGSRCZKZVOBKFT-UHFFFAOYSA-N,C10H14O,150.22,,confirmed_organic,organic_reagent,not_stated,,TamadKala,Iranian online wholesale/lab shop,site shows Iranian online shop,public catalogue/product-page evidence; current stock not independently verified,product_page_listed_not_current_stock_verified,ترالی استیل ساده,https://tamadkala.com/product/153688/%D8%AA%D8%B1%D8%A7%D9%84%DB%8C-%D8%A7%D8%B3%D8%AA%DB%8C%D9%84-%D8%B3%D8%A7%D8%AF%D9%87,router_title_normalization,1
5-methylhexan-2-one,5-Methyl-2-hexanone,123-92-2,8034,FFWSICBKRCICMR-UHFFFAOYSA-N,C7H14O,114.19,,confirmed_organic,organic_reagent,not_stated,,TamadKala,Iranian online wholesale/lab shop,site shows Iranian online shop,public catalogue/product-page evidence; current stock not independently verified,product_page_listed_not_current_stock_verified,5 متیل 2 هگزانون,https://tamadkala.com/product/146370/5-%D9%85%D8%AA%DB%8C%D9%84-2-%D9%87%DA%AF%D8%B2%D8%A7%D9%86%D9%88%D9%86,router_title_normalization,1
"5-nitrobenzene-1,3-dicarboxylic acid",5-Nitroisophthalic acid,,12069,NBDAHKQJXVLAID-UHFFFAOYSA-N,C8H5NO6,211.13,,confirmed_organic,organic_reagent,yes,research,Telegram: ChemIranSanat,Iranian supplier Telegram catalogue,skill live country-gate,public catalogue/product-page evidence; current stock not independently verified,listed_not_current_stock_verified,"5-nitrobenzene-1,3-dicarboxylic acid",https://t.me/ChemIranSanat/1792,existing skill export,2
"6,7,13,14-tetrahydroxy-2,9-dioxatetracyclo[6.6.2.04,16.011,15]hexadeca-1(15),4,6,8(16),11,13-hexaene-3,10-dione",ellagic acid,,5281855,AFSDNFLWKVMVRB-UHFFFAOYSA-N,C14H6O8,302.19,,confirmed_organic,secondary_metabolite_or_natural_product,yes,Sigma/research,TamadKala,Iranian online research/chemical shop,site shows Iranian online shop,public catalogue/product-page evidence; current stock not independently verified,product_page_listed_not_current_stock_verified,الاجیک اسید سیگما,https://tamadkala.com/product/90737/%D8%A7%D9%84%D8%A7%D8%AC%DB%8C%DA%A9-%D8%A7%D8%B3%DB%8C%D8%AF-%D8%B3%DB%8C%DA%AF%D9%85%D8%A7,explicit_category_supplement,1
"6-methyl-1,3,5-triazine-2,4-diamine",Acetoguanamine,,10949,NJYZCEFQAIUHSD-UHFFFAOYSA-N,C4H7N5,125.13,,confirmed_organic,organic_reagent,yes,research,Telegram: ChemIranSanat,Iranian supplier Telegram catalogue,skill live country-gate,public catalogue/product-page evidence; current stock not independently verified,listed_not_current_stock_verified,"6-methyl-1,3,5-triazine-2,4-diamine",https://t.me/ChemIranSanat/1611,existing skill export,2
"7,8-dimethyl-10-[(2S,3S,4R)-2,3,4,5-tetrahydroxypentyl]benzo[g]pteridine-2,4-dione",Riboflavin,73-35-2,493570,AUNGANRZJHBGPY-SCRDCRAPSA-N,C17H20N4O6,376.4,,confirmed_organic,secondary_metabolite_or_natural_product,yes,True | research,TamadKala,Iranian online research/chemical shop | Iranian online wholesale/lab shop,site shows Iranian online shop,public catalogue/product-page evidence; current stock not independently verified,product_page_listed_not_current_stock_verified,ریبو فلاوین برند لوبا هند | ریبوفلاوین,https://tamadkala.com/product/164606/%D8%B1%DB%8C%D8%A8%D9%88-%D9%81%D9%84%D8%A7%D9%88%DB%8C%D9%86-%D8%A8%D8%B1%D9%86%D8%AF-%D9%84%D9%88%D8%A8%D8%A7-%D9%87%D9%86%D8%AF | https://tamadkala.com/product/31163/%D8%B1%DB%8C%D8%A8%D9%88%D9%81%D9%84%D8%A7%D9%88%DB%8C%D9%86,explicit_category_supplement | router_title_normalization,3
"8-N,8-N,3-trimethylphenazine-2,8-diamine;hydrochloride",Neutral Red,553-24-2,11105,PGSADBUBUOPOJS-UHFFFAOYSA-N,C15H17ClN4,288.77,,confirmed_organic,organic_reagent,yes,ACS,TamadKala,Iranian online wholesale/lab shop,site shows Iranian online shop,public catalogue/product-page evidence; current stock not independently verified,product_page_listed_not_current_stock_verified,نوترال رد | نیوترال رد acs دکتر مجللی,https://tamadkala.com/product/173609/%D9%86%DB%8C%D9%88%D8%AA%D8%B1%D8%A7%D9%84-%D8%B1%D8%AF-acs-%D8%AF%DA%A9%D8%AA%D8%B1-%D9%85%D8%AC%D9%84%D9%84%DB%8C | https://tamadkala.com/product/32868/%D9%86%D9%88%D8%AA%D8%B1%D8%A7%D9%84-%D8%B1%D8%AF,router_title_normalization,2
"[(1S,5R)-8-methyl-8-azabicyclo[3.2.1]octan-3-yl] 3-hydroxy-2-phenylpropanoate",Atropine,51-55-8,174174,RKUNBYITZUJHSG-PJPHBNEVSA-N,C17H23NO3,289.4,,confirmed_organic,pharmaceutical_or_api,not_stated,,TamadKala,Iranian online wholesale/lab shop,site shows Iranian online shop,public catalogue/product-page evidence; current stock not independently verified,product_page_listed_not_current_stock_verified,آتروپات سرمایی,https://tamadkala.com/product/17267/%D8%A2%D8%AA%D8%B1%D9%88%D9%BE%D8%A7%D8%AA-%D8%B3%D8%B1%D9%85%D8%A7%DB%8C%DB%8C,router_title_normalization,1
"[2,3-dihydroxy-5-[[(2R,3R,4S,5R,6S)-3,4,5,6-tetrakis[[3,4-dihydroxy-5-(3,4,5-trihydroxybenzoyl)oxybenzoyl]oxy]oxan-2-yl]methoxycarbonyl]phenyl] 3,4,5-trihydroxybenzoate",Tannic acid,1117-10-6,16129778,LRBQNJMCXXYXIU-PPKXGCFTSA-N,C76H52O46,1701.2,,confirmed_organic,organic_reagent,not_stated,MERCK,Fardad Shimi,Iranian online lab-chemical shop,site shows Iranian shop and nationwide delivery,public catalogue/product-page evidence; current stock not independently verified,product_page_listed_not_current_stock_verified,پودر تانیک اسید MERCK | ...,,router_title_normalization,1
"[2-oxo-3-(2,4,6-trimethylphenyl)-1-oxaspiro[4.4]non-3-en-4-yl] 3,3-dimethylbutanoate",Spiromesifen,283594-90-1,9907412,GOLXNESZZPUPJE-UHFFFAOYSA-N,C23H30O4,370.5,,confirmed_organic,organic_reagent,not_stated,True,TamadKala,Iranian online wholesale/lab shop,site shows Iranian online shop,public catalogue/product-page evidence; current stock not independently verified,product_page_listed_not_current_stock_verified,اسپیرو امتاد برند borun,https://tamadkala.com/product/162555/%D8%A7%D8%B3%D9%BE%DB%8C%D8%B1%D9%88-%D8%A7%D9%85%D8%AA%D8%A7%D8%AF-%D8%A8%D8%B1%D9%86%D8%AF-borun,router_title_normalization,1
acetamide,Acetamide,60-35-5,178,DLFVBJFMPXGRIB-UHFFFAOYSA-N,C2H5NO,59.07,,confirmed_organic,organic_reagent,not_stated,True,Fardad Shimi,Iranian online lab-chemical shop,site shows Iranian shop and nationwide delivery,public catalogue/product-page evidence; current stock not independently verified,product_page_listed_not_current_stock_verified,استامید مرک MERCK,,router_title_normalization,1
acetic acid,acetic acid glacial,64-19-7,176,QTBSBXVTEAMEQO-UHFFFAOYSA-N,C2H4O2,60.05,,confirmed_organic,organic_reagent,yes,True | extra pure | industrial; research | laboratory | ph eur b | usp,Fardad Shimi | TamadKala | Telegram: Ch_Chemical_leaders | Telegram: ChemIranSanat | Telegram: minatajhiz,Iranian online lab-chemical shop | Iranian online wholesale/lab shop | Iranian supplier Telegram catalogue,site shows Iranian online shop | site shows Iranian shop and nationwide delivery | skill live country-gate,public catalogue/product-page evidence; current stock not independently verified,listed_not_current_stock_verified | product_page_listed_not_current_stock_verified,acetic acid | اسید استیک گلاسیال extra pure دکتر مجللی | اسید استیک گلاسیال laboratory دکتر مجللی | اسید استیک گلاسیال usp دکتر مجللی | اسید استیک گلاسیال امرتات شیمی گرید ph eur b | ... | اسید استیک گلاسیال دکتر مجللی | اسید استیک گلاسیال پارس شیمی,https://fardadshimi.com/product/6199108/ | https://fardadshimi.com/product/6378799/ | https://t.me/Ch_Chemical_leaders/9 | https://t.me/ChemIranSanat/1452 | https://t.me/ChemIranSanat/1645 | https://t.me/ChemIranSanat/1805 | https://t.me/minatajhiz/1030 | https://t.me/minatajhiz/1034 | https://t.me/minatajhiz/72 | https://tamadkala.com/product/19225/%D8%A7%D8%B3%DB%8C%D8%AF-%D8%A7%D8%B3%D8%AA%DB%8C%DA%A9-%DA%AF%D9%84%D8%A7%D8%B3%DB%8C%D8%A7%D9%84-usp-%D8%AF%DA%A9%D8%AA%D8%B1-%D9%85%D8%AC%D9%84%D9%84%DB%8C | https://tamadkala.com/product/19238/%D8%A7%D8%B3%DB%8C%D8%AF-%D8%A7%D8%B3%D8%AA%DB%8C%DA%A9-%DA%AF%D9%84%D8%A7%D8%B3%DB%8C%D8%A7%D9%84-laboratory-%D8%AF%DA%A9%D8%AA%D8%B1-%D9%85%D8%AC%D9%84%D9%84%DB%8C | https://tamadkala.com/product/19246/%D8%A7%D8%B3%DB%8C%D8%AF-%D8%A7%D8%B3%D8%AA%DB%8C%DA%A9-%DA%AF%D9%84%D8%A7%D8%B3%DB%8C%D8%A7%D9%84-extra-pure-%D8%AF%DA%A9%D8%AA%D8%B1-%D9%85%D8%AC%D9%84%D9%84%DB%8C,existing skill export | router_title_normalization,18
acetic acid;zinc;hydrate,zinc acetate dihydrate,,24212194,AJBKKRFPIWOFAE-UHFFFAOYSA-N,C2H6O3Zn,143.4,,confirmed_organic,organic_reagent,not_stated,,TamadKala,Iranian online wholesale/lab shop,site shows Iranian online shop,public catalogue/product-page evidence; current stock not independently verified,product_page_listed_not_current_stock_verified,zinc acetate dihydrate | ...,,router_title_normalization,1
acetonitrile,Acetonitrile,75-05-8,6342,WEVYAHXRMPXWCK-UHFFFAOYSA-N,C2H3N,41.05,,confirmed_organic,organic_reagent,yes,ACS | False | GC | Gradient HPLC | Isocratic HPLC | UV Spectroscopy | gradient grade for liquid chromatography | isocratic grade | preparative chromatography | research,Fardad Shimi | TamadKala | Telegram: ChemIranSanat | Telegram: chemgroup,Iranian online lab-chemical shop | Iranian online wholesale/lab shop | Iranian supplier Telegram catalogue,site shows Iranian online shop | site shows Iranian shop and nationwide delivery | skill live country-gate,public catalogue/product-page evidence; current stock not independently verified,listed_not_current_stock_verified | product_page_listed_not_current_stock_verified,acetonitrile | استونیتریل | استونیتریل acs دکتر مجللی | استونیتریل gc دکتر مجللی | استونیتریل gradient hplc دکتر مجللی | استونیتریل isocratic hplc دکتر مجللی | استونیتریل uv spectroscopy دکتر مجللی | استونیتریل امرتات شیمی isocratic grade | استونیتریل امرتات شیمی preparative chromatography | استونیتریل امرتات شیمی گرید gradient grade for liquid chromatography | استونیتریل ۲/۵ لیتری دکتر مجللی,https://fardadshimi.com/product/6199143/ | https://t.me/ChemIranSanat/142 | https://t.me/ChemIranSanat/1492 | https://t.me/ChemIranSanat/1524 | https://t.me/ChemIranSanat/1629 | https://t.me/ChemIranSanat/1696 | https://t.me/chemgroup/1106 | https://tamadkala.com/product/13665/%D8%A7%D8%B3%D8%AA%D9%88%D9%86%DB%8C%D8%AA%D8%B1%DB%8C%D9%84 | https://tamadkala.com/product/153252/%D8%A7%D8%B3%D8%AA%D9%88%D9%86%DB%8C%D8%AA%D8%B1%DB%8C%D9%84-%D8%A7%D9%85%D8%B1%D8%AA%D8%A7%D8%AA-%D8%B4%DB%8C%D9%85%DB%8C-%DA%AF%D8%B1%DB%8C%D8%AF-gradient-grade-for-liquid-chromatography | https://tamadkala.com/product/153253/%D8%A7%D8%B3%D8%AA%D9%88%D9%86%DB%8C%D8%AA%D8%B1%DB%8C%D9%84-%D8%A7%D9%85%D8%B1%D8%AA%D8%A7%D8%AA-%D8%B4%DB%8C%D9%85%DB%8C-preparative-chromatography | https://tamadkala.com/product/153255/%D8%A7%D8%B3%D8%AA%D9%88%D9%86%DB%8C%D8%AA%D8%B1%DB%8C%D9%84-%D8%A7%D9%85%D8%B1%D8%AA%D8%A7%D8%AA-%D8%B4%DB%8C%D9%85%DB%8C-isocratic-grade | https://tamadkala.com/product/19467/%D8%A7%D8%B3%D8%AA%D9%88%D9%86%DB%8C%D8%AA%D8%B1%DB%8C%D9%84-gc-%D8%AF%DA%A9%D8%AA%D8%B1-%D9%85%D8%AC%D9%84%D9%84%DB%8C | https://tamadkala.com/product/19476/%D8%A7%D8%B3%D8%AA%D9%88%D9%86%DB%8C%D8%AA%D8%B1%DB%8C%D9%84-gradient-hplc-%D8%AF%DA%A9%D8%AA%D8%B1-%D9%85%D8%AC%D9%84%D9%84%DB%8C | https://tamadkala.com/product/19485/%D8%A7%D8%B3%D8%AA%D9%88%D9%86%DB%8C%D8%AA%D8%B1%DB%8C%D9%84-isocratic-hplc-%D8%AF%DA%A9%D8%AA%D8%B1-%D9%85%D8%AC%D9%84%D9%84%DB%8C | https://tamadkala.com/product/19489/%D8%A7%D8%B3%D8%AA%D9%88%D9%86%DB%8C%D8%AA%D8%B1%DB%8C%D9%84-uv-spectroscopy-%D8%AF%DA%A9%D8%AA%D8%B1-%D9%85%D8%AC%D9%84%D9%84%DB%8C | https://tamadkala.com/product/19573/%D8%A7%D8%B3%D8%AA%D9%88%D9%86%DB%8C%D8%AA%D8%B1%DB%8C%D9%84-acs-%D8%AF%DA%A9%D8%AA%D8%B1-%D9%85%D8%AC%D9%84%D9%84%DB%8C,existing skill export | router_title_normalization,20
acetyl acetate,Acetic anhydride,108-24-7,7918,WFDIJRYMOXRFFG-UHFFFAOYSA-N,C4H6O3,102.09,,confirmed_organic,organic_reagent,not_stated,98% | Sigma-Aldrich,TamadKala,Iranian online wholesale/lab shop,site shows Iranian online shop,public catalogue/product-page evidence; current stock not independently verified,product_page_listed_not_current_stock_verified,انیدرید استیک 98 پارس شیمی | انیدرید استیک کد 320102 سیگما,https://tamadkala.com/product/164674/%D8%A7%D9%86%DB%8C%D8%AF%D8%B1%DB%8C%D8%AF-%D8%A7%D8%B3%D8%AA%DB%8C%DA%A9-%DA%A9%D8%AF-320102-%D8%B3%DB%8C%DA%AF%D9%85%D8%A7 | https://tamadkala.com/product/32656/%D8%A7%D9%86%DB%8C%D8%AF%D8%B1%DB%8C%D8%AF-%D8%A7%D8%B3%D8%AA%DB%8C%DA%A9-98-%D9%BE%D8%A7%D8%B1%D8%B3-%D8%B4%DB%8C%D9%85%DB%8C,router_title_normalization,2
acetylene,Acetylene,74-86-2,6326,HSFWRNGVRCDJHI-UHFFFAOYSA-N,C2H2,26.04,,confirmed_organic,organic_reagent,not_stated,industrial,Telegram: chemgroup,Iranian supplier Telegram catalogue,skill live country-gate,public catalogue/product-page evidence; current stock not independently verified,listed_not_current_stock_verified,acetylene,,existing skill export,1
aluminum tris(octadecanoate),Aluminum stearate,637-12-7,12496,CEGOLXSVJUTHNZ-UHFFFAOYSA-K,C54H105AlO6,877.4,,confirmed_organic,organic_reagent,yes,extra pure | industrial; research,TamadKala | Telegram: Ch_Chemical_leaders | Telegram: fanchem,Iranian online wholesale/lab shop | Iranian supplier Telegram catalogue,site shows Iranian online shop | skill live country-gate,public catalogue/product-page evidence; current stock not independently verified,listed_not_current_stock_verified | product_page_listed_not_current_stock_verified,aluminum tris(octadecanoate) | آلومینیوم استئارات امرتات شیمی extra pure,https://t.me/Ch_Chemical_leaders/460 | https://t.me/fanchem/273 | https://t.me/fanchem/399 | https://t.me/fanchem/421 | https://t.me/fanchem/437 | https://t.me/fanchem/448 | https://t.me/fanchem/454 | https://t.me/fanchem/458 | https://t.me/fanchem/59 | https://tamadkala.com/product/155275/%D8%A2%D9%84%D9%88%D9%85%DB%8C%D9%86%DB%8C%D9%88%D9%85-%D8%A7%D8%B3%D8%AA%D8%A6%D8%A7%D8%B1%D8%A7%D8%AA-%D8%A7%D9%85%D8%B1%D8%AA%D8%A7%D8%AA-%D8%B4%DB%8C%D9%85%DB%8C-extra-pure,existing skill export | router_title_normalization,18
anthracene-9-carbaldehyde,9-Anthracenecarboxaldehyde,,69504,YMNKUHIVVMFOFO-UHFFFAOYSA-N,C15H10O,206.24,,confirmed_organic,organic_reagent,yes,research,Telegram: ChemIranSanat,Iranian supplier Telegram catalogue,skill live country-gate,public catalogue/product-page evidence; current stock not independently verified,listed_not_current_stock_verified,anthracene-9-carbaldehyde,https://t.me/ChemIranSanat/1470,existing skill export,2
"azane;2-hydroxypropane-1,2,3-tricarboxylic acid;iron(3+)",Ferric ammonium citrate,13443-81-6,118984355,FRHBOQMZUOWXQL-UHFFFAOYSA-N,C6H11FeNO7+3,265.00,,confirmed_organic,organic_reagent,not_stated,MERCK,Fardad Shimi | TamadKala,Iranian online lab-chemical shop | Iranian online wholesale/lab shop,site shows Iranian online shop | site shows Iranian shop and nationwide delivery,public catalogue/product-page evidence; current stock not independently verified,product_page_listed_not_current_stock_verified,آمونیوم آهن (III) سیترات MERCK | فروش فریک آمونیوم سیترات,https://fardadshimi.com/product/6392241/ | https://tamadkala.com/product/2157/%D9%81%D8%B1%D9%88%D8%B4-%D9%81%D8%B1%DB%8C%DA%A9-%D8%A2%D9%85%D9%88%D9%86%DB%8C%D9%88%D9%85-%D8%B3%DB%8C%D8%AA%D8%B1%D8%A7%D8%AA,router_title_normalization,2
"azanium 2,4-dioxo-5-[(2,4,6-trioxo-1,3-diazinan-5-ylidene)amino]-1H-pyrimidin-6-olate",Murexide,3051-09-0,18275,LJYRLGOJYKPILZ-UHFFFAOYSA-N,C8H8N6O6,284.19,,confirmed_organic,organic_reagent,not_stated,True,Fardad Shimi,Iranian online lab-chemical shop,site shows Iranian shop and nationwide delivery,public catalogue/product-page evidence; current stock not independently verified,product_page_listed_not_current_stock_verified,موراکسید مرک MERCK,,router_title_normalization,1
azanium acetate,Ammonium acetate,631-61-8,517165,USFZMSVCRYTOJT-UHFFFAOYSA-N,C2H7NO2,77.08,,confirmed_organic,organic_reagent,yes,False | MERCK | acs | extra pure | reagent,DigiShimi | Fardad Shimi | ShimiMan | TamadKala,Iranian online chemical shop | Iranian online chemical shops | Iranian online lab-chemical shop | Iranian online wholesale/lab shop,Iranian Persian-language shop; country not independently country-gated | site shows Iranian online shop | site shows Iranian online shops | site shows Iranian shop and nationwide delivery,public catalogue/product-page evidence; current stock not independently verified,product_page_listed_not_current_stock_verified,https://shimiman.com/product/ammonium-acetate-grade-extra-pure/ | آمونیوم استات acs دکتر مجللی | ... | آمونیوم استات extra pure دکتر مجللی | ... | آمونیوم استات امرتات شیمی گرید extra pure | آمونیوم استات خوراکی | ... | آمونیوم استات قطران شیمی | استات آمونیوم | استات آمونیوم MERCK | فروش آمونیوم استات | ...,https://digishimii.ir/Product/%d8%a7%d8%b3%d8%aa%d8%a7%d8%aa-%d8%a2%d9%85%d9%88%d9%86%db%8c%d9%88%d9%85/ | https://fardadshimi.com/product/6392232/ | https://shimiman.com/product/ammonium-acetate-grade-extra-pure/ | https://tamadkala.com/product/155366/%D8%A2%D9%85%D9%88%D9%86%DB%8C%D9%88%D9%85-%D8%A7%D8%B3%D8%AA%D8%A7%D8%AA-%D8%A7%D9%85%D8%B1%D8%AA%D8%A7%D8%AA-%D8%B4%DB%8C%D9%85%DB%8C-%DA%AF%D8%B1%DB%8C%D8%AF-extra-pure | https://tamadkala.com/product/73035/%D8%A2%D9%85%D9%88%D9%86%DB%8C%D9%88%D9%85-%D8%A7%D8%B3%D8%AA%D8%A7%D8%AA-%D9%82%D8%B7%D8%B1%D8%A7%D9%86-%D8%B4%DB%8C%D9%85%DB%8C,router_title_normalization | sitemap_title,9
benzaldehyde,Benzaldehyde,100-52-7,240,HUMNYLRZRPPJDN-UHFFFAOYSA-N,C7H6O,106.12,,confirmed_organic,fragrance_or_aroma,not_stated,,TamadKala,Iranian online wholesale/lab shop,site shows Iranian online shop,public catalogue/product-page evidence; current stock not independently verified,product_page_listed_not_current_stock_verified,بنزالدئید برند لوبا هند | فروش بنزالدهید,https://tamadkala.com/product/164920/%D8%A8%D9%86%D8%B2%D8%A7%D9%84%D8%AF%D8%A6%DB%8C%D8%AF-%D8%A8%D8%B1%D9%86%D8%AF-%D9%84%D9%88%D8%A8%D8%A7-%D9%87%D9%86%D8%AF | https://tamadkala.com/product/7983/%D9%81%D8%B1%D9%88%D8%B4-%D8%A8%D9%86%D8%B2%D8%A7%D9%84%D8%AF%D9%87%DB%8C%D8%AF,router_title_normalization,2
benzene,benzene,71-43-2,241,UHOVQNZJYSORNB-UHFFFAOYSA-N,C6H6,78.11,,confirmed_organic,organic_reagent,yes,extra pure | hplc | industrial; research,TamadKala | Telegram: ChemIranSanat | Telegram: chemgroup | Telegram: minatajhiz,Iranian online wholesale/lab shop | Iranian supplier Telegram catalogue,site shows Iranian online shop | skill live country-gate,public catalogue/product-page evidence; current stock not independently verified,listed_not_current_stock_verified | product_page_listed_not_current_stock_verified,benzene | بنزن hplc نوترون | بنزن امرتات شیمی گرید extra pure | ... | فروش بنزن,https://t.me/ChemIranSanat/1362 | https://t.me/ChemIranSanat/1439 | https://t.me/ChemIranSanat/1690 | https://t.me/ChemIranSanat/1774 | https://t.me/ChemIranSanat/1972 | https://t.me/chemgroup/1083 | https://t.me/chemgroup/1317 | https://t.me/minatajhiz/476 | https://t.me/minatajhiz/479 | https://t.me/minatajhiz/801 | https://t.me/minatajhiz/836 | https://t.me/minatajhiz/971 | https://tamadkala.com/product/2420/%D9%81%D8%B1%D9%88%D8%B4-%D8%A8%D9%86%D8%B2%D9%86 | https://tamadkala.com/product/93000/%D8%A8%D9%86%D8%B2%D9%86-hplc-%D9%86%D9%88%D8%AA%D8%B1%D9%88%D9%86,existing skill export | router_title_normalization,24
"benzene-1,3-diamine",M-Phenylenediamine,,7935,WZCQRUWWHSTZEM-UHFFFAOYSA-N,C6H8N2,108.14,,confirmed_organic,organic_reagent,yes,research,Telegram: minatajhiz,Iranian supplier Telegram catalogue,skill live country-gate,public catalogue/product-page evidence; current stock not independently verified,listed_not_current_stock_verified,"benzene-1,3-diamine",https://t.me/minatajhiz/1086,existing skill export,2
"benzene-1,3-dicarboxylic acid",Isophthalic Acid,,8496,QQVIHTHCMHWDBS-UHFFFAOYSA-N,C8H6O4,166.13,,confirmed_organic,organic_reagent,not_stated,industrial,Telegram: Maran_Tejarat_Eshen,Iranian supplier Telegram catalogue,skill live country-gate,public catalogue/product-page evidence; current stock not independently verified,listed_not_current_stock_verified,"benzene-1,3-dicarboxylic acid",https://t.me/Maran_Tejarat_Eshen/540,existing skill export,2
"benzene-1,3-diol",Resorcinol,108-46-3,5054,GHMLBKRAJCXXBS-UHFFFAOYSA-N,C6H6O2,110.11,,confirmed_organic,organic_reagent,not_stated,MERCK,Fardad Shimi,Iranian online lab-chemical shop,site shows Iranian shop and nationwide delivery,public catalogue/product-page evidence; current stock not independently verified,product_page_listed_not_current_stock_verified,رزورسینول MERCK | ...,,router_title_normalization,1
"benzene-1,4-diol",Hydroquinone,123-31-9,785,QIGBRXMKCJKVMJ-UHFFFAOYSA-N,C6H6O2,110.11,,confirmed_organic,organic_reagent,yes,industrial | research,TamadKala | Telegram: minatajhiz,Iranian online wholesale/lab shop | Iranian supplier Telegram catalogue,site shows Iranian online shop | skill live country-gate,public catalogue/product-page evidence; current stock not independently verified,listed_not_current_stock_verified | product_page_listed_not_current_stock_verified,"benzene-1,4-diol | هیدروکینون | هیدروکینون صنعتی تولید ژاپن | ...",https://tamadkala.com/product/101079/%D9%87%DB%8C%D8%AF%D8%B1%D9%88%DA%A9%DB%8C%D9%86%D9%88%D9%86,existing skill export | router_title_normalization,3
benzoic acid,Benzoic acid,65-85-0,243,WPYMKLBDIGXBTP-UHFFFAOYSA-N,C7H6O2,122.12,,confirmed_organic,organic_reagent,yes,extra pure | industrial | reagent,DigiShimi | TamadKala | Telegram: ChemIranSanat | Telegram: jahaneshimicom,Iranian online chemical shops | Iranian online wholesale/lab shop | Iranian supplier Telegram catalogue,site shows Iranian online shop | site shows Iranian online shops | skill live country-gate,public catalogue/product-page evidence; current stock not independently verified,listed_not_current_stock_verified | product_page_listed_not_current_stock_verified,benzoic acid | اسید بنزوئیک | بنزوئيك اسيد قطران شیمی | بنزوئیک اسید extra pure نوترون | بنزوئیک اسید lab دکتر مجللی | ...,https://digishimii.ir/Product/%d8%a7%d8%b3%db%8c%d8%af-%d8%a8%d9%86%d8%b2%d9%88%d8%a6%db%8c%da%a9/ | https://tamadkala.com/product/59159/%D8%A8%D9%86%D8%B2%D9%88%D8%A6%DB%8C%DA%A9-%D8%A7%D8%B3%DB%8C%D8%AF-extra-pure-%D9%86%D9%88%D8%AA%D8%B1%D9%88%D9%86 | https://tamadkala.com/product/73016/%D8%A8%D9%86%D8%B2%D9%88%D8%A6%D9%8A%D9%83-%D8%A7%D8%B3%D9%8A%D8%AF-%D9%82%D8%B7%D8%B1%D8%A7%D9%86-%D8%B4%DB%8C%D9%85%DB%8C,existing skill export | router_title_normalization,5
"benzoic acid;N,N-dimethyl-2-[5-(1,2,4-triazol-1-ylmethyl)-1H-indol-3-yl]ethanamine",Rizatriptan Benzoate,,77997,JPRXYLQNJJVCMZ-UHFFFAOYSA-N,C22H25N5O2,391.5,,confirmed_organic,pharmaceutical_or_api,yes,API/GMP,BehChin Chemi Pharmed,Iranian supplier API/intermediate catalogue,site states Iran-based supplier,public catalogue/product-page evidence; current stock not independently verified,supplier_catalogue_listed_not_current_stock_verified,Rizatriptan Benzoate,https://www.behchinchemi.ir/en/our-products/active-pharmaceutical-ingredient,supplier_table,1
benzoyl benzenecarboperoxoate,Benzoyl peroxide,94-36-0,7187,OMPJBNCRMGITSC-UHFFFAOYSA-N,C14H10O4,242.23,,confirmed_organic,organic_reagent,not_stated,industrial,Fardad Shimi | Telegram: Maran_Tejarat_Eshen,Iranian online lab-chemical shop | Iranian supplier Telegram catalogue,site shows Iranian shop and nationwide delivery | skill live country-gate,public catalogue/product-page evidence; current stock not independently verified,listed_not_current_stock_verified | product_page_listed_not_current_stock_verified,benzoyl benzenecarboperoxoate | بنزوئیل پراکسید MERCK | ...,,existing skill export | router_title_normalization,2
benzyl benzoate,Benzyl benzoate,120-51-4,2345,SESFRYSPDFLNCH-UHFFFAOYSA-N,C14H12O2,212.24,,confirmed_organic,fragrance_or_aroma,not_stated,,TamadKala,Iranian online wholesale/lab shop,site shows Iranian online shop,public catalogue/product-page evidence; current stock not independently verified,product_page_listed_not_current_stock_verified,بنزیل بنزوات | بنزیل بنزوات برند dyc چین,https://tamadkala.com/product/154861/%D8%A8%D9%86%D8%B2%DB%8C%D9%84-%D8%A8%D9%86%D8%B2%D9%88%D8%A7%D8%AA-%D8%A8%D8%B1%D9%86%D8%AF-dyc-%DA%86%DB%8C%D9%86 | https://tamadkala.com/product/55984/%D8%A8%D9%86%D8%B2%DB%8C%D9%84-%D8%A8%D9%86%D8%B2%D9%88%D8%A7%D8%AA,router_title_normalization,2
bis((Z)-4-hydroxypent-3-en-2-one);oxovanadium,Vanadium(IV) Oxide Acetylacetonate,,11821519,FSJSYDFBTIVUFD-SUKNRPLKSA-N,C10H16O5V,267.17,,confirmed_organic,organic_reagent,yes,research,Telegram: minatajhiz,Iranian supplier Telegram catalogue,skill live country-gate,public catalogue/product-page evidence; current stock not independently verified,listed_not_current_stock_verified,bis((Z)-4-hydroxypent-3-en-2-one);oxovanadium,https://t.me/minatajhiz/685,existing skill export,2
"bis(2-ethylhexyl) benzene-1,2-dicarboxylate",Di(2-ethylhexyl) phthalate,117-81-7,8343,BJQHLKABXJIVAM-UHFFFAOYSA-N,C24H38O4,390.6,,confirmed_organic,organic_reagent,not_stated,industrial,Telegram: jahaneshimicom,Iranian supplier Telegram catalogue,skill live country-gate,public catalogue/product-page evidence; current stock not independently verified,listed_not_current_stock_verified,"bis(2-ethylhexyl) benzene-1,2-dicarboxylate",,existing skill export,1
"bis(2-methylpropyl) benzene-1,2-dicarboxylate",Diisobutyl phthalate,84-69-5,6782,MGWAVDBGNNKXQV-UHFFFAOYSA-N,C16H22O4,278.34,,confirmed_organic,organic_reagent,not_stated,industrial,Telegram: IranChemicals,Iranian supplier Telegram catalogue,skill live country-gate,public catalogue/product-page evidence; current stock not independently verified,listed_not_current_stock_verified,"bis(2-methylpropyl) benzene-1,2-dicarboxylate",,existing skill export,1
"bis([4-[[4-(dimethylamino)phenyl]-phenylmethylidene]cyclohexa-2,5-dien-1-ylidene]-dimethylazanium);bis(2-hydroxy-2-oxoacetate);oxalic acid",Malachite Green Oxalate,2437-29-8,2724411,CNYGFPPAGUCRIC-UHFFFAOYSA-L,C52H54N4O12,927.0,,confirmed_organic,colorant_or_indicator,not_stated,True,Fardad Shimi | TamadKala,Iranian online lab-chemical shop | Iranian online wholesale/lab shop,site shows Iranian online shop | site shows Iranian shop and nationwide delivery,public catalogue/product-page evidence; current stock not independently verified,product_page_listed_not_current_stock_verified,اگزالات مالاشیت گرین مرک MERCK | معرف مالاشیت گرین اگزالات دکتر مجللی,https://tamadkala.com/product/173755/%D9%85%D8%B9%D8%B1%D9%81-%D9%85%D8%A7%D9%84%D8%A7%D8%B4%DB%8C%D8%AA-%DA%AF%D8%B1%DB%8C%D9%86-%D8%A7%DA%AF%D8%B2%D8%A7%D9%84%D8%A7%D8%AA-%D8%AF%DA%A9%D8%AA%D8%B1-%D9%85%D8%AC%D9%84%D9%84%DB%8C,router_title_normalization,2
bromoethane,Ethyl Bromide,74-96-4,6332,RDHPKYGYEGBMSE-UHFFFAOYSA-N,C2H5Br,108.97,,confirmed_organic,organic_reagent,not_stated,industrial,Telegram: jahaneshimicom,Iranian supplier Telegram catalogue,skill live country-gate,public catalogue/product-page evidence; current stock not independently verified,listed_not_current_stock_verified,bromoethane,,existing skill export,1
butan-1-amine,n-Butylamine,109-73-9,8007,HQABUPZFAYXKJW-UHFFFAOYSA-N,C4H11N,73.14,,confirmed_organic,organic_reagent,not_stated,,TamadKala,Iranian online wholesale/lab shop,site shows Iranian online shop,public catalogue/product-page evidence; current stock not independently verified,product_page_listed_not_current_stock_verified,ان بوتیل آمین,https://tamadkala.com/product/34948/%D8%A7%D9%86-%D8%A8%D9%88%D8%AA%DB%8C%D9%84-%D8%A2%D9%85%DB%8C%D9%86,router_title_normalization,1
butan-1-ol,Butanol,71-36-3,263,LRHPLDYGYMQRHN-UHFFFAOYSA-N,C4H10O,74.12,,confirmed_organic,organic_reagent,yes,True | extra pure | for liquid chromatography | for spectroscopy | gr for analysis | laboratory,Fardad Shimi | TamadKala,Iranian online lab-chemical shop | Iranian online wholesale/lab shop,site shows Iranian online shop | site shows Iranian shop and nationwide delivery,public catalogue/product-page evidence; current stock not independently verified,product_page_listed_not_current_stock_verified,1 بوتانول | 1 بوتانول 1051 امرتات شیمی | 1 بوتانول extra pure دکتر مجللی | ... | 1 بوتانول laboratory دکتر مجللی | ... | 1 بوتانول امرتات شیمی گرید for liquid chromatography | 1 بوتانول امرتات شیمی گرید for spectroscopy | 1 بوتانول امرتات شیمی گرید gr for analysis | بوتانول دکتر مجللی | نرمال بوتانول پارس شیمی,https://fardadshimi.com/product/6199290/ | https://tamadkala.com/product/154053/1-%D8%A8%D9%88%D8%AA%D8%A7%D9%86%D9%88%D9%84-1051-%D8%A7%D9%85%D8%B1%D8%AA%D8%A7%D8%AA-%D8%B4%DB%8C%D9%85%DB%8C | https://tamadkala.com/product/154055/1-%D8%A8%D9%88%D8%AA%D8%A7%D9%86%D9%88%D9%84-%D8%A7%D9%85%D8%B1%D8%AA%D8%A7%D8%AA-%D8%B4%DB%8C%D9%85%DB%8C-%DA%AF%D8%B1%DB%8C%D8%AF-for-liquid-chromatography | https://tamadkala.com/product/154056/1-%D8%A8%D9%88%D8%AA%D8%A7%D9%86%D9%88%D9%84-%D8%A7%D9%85%D8%B1%D8%AA%D8%A7%D8%AA-%D8%B4%DB%8C%D9%85%DB%8C-%DA%AF%D8%B1%DB%8C%D8%AF-gr-for-analysis | https://tamadkala.com/product/154057/1-%D8%A8%D9%88%D8%AA%D8%A7%D9%86%D9%88%D9%84-%D8%A7%D9%85%D8%B1%D8%AA%D8%A7%D8%AA-%D8%B4%DB%8C%D9%85%DB%8C-%DA%AF%D8%B1%DB%8C%D8%AF-for-spectroscopy | https://tamadkala.com/product/18491/1-%D8%A8%D9%88%D8%AA%D8%A7%D9%86%D9%88%D9%84 | https://tamadkala.com/product/47637/%D9%86%D8%B1%D9%85%D8%A7%D9%84-%D8%A8%D9%88%D8%AA%D8%A7%D9%86%D9%88%D9%84-%D9%BE%D8%A7%D8%B1%D8%B3-%D8%B4%DB%8C%D9%85%DB%8C,router_title_normalization,9
butan-2-ol,2-Butanol,78-92-2,6568,BTANRVKWQNVYAZ-UHFFFAOYSA-N,C4H10O,74.12,,confirmed_organic,organic_reagent,yes,extra pure,TamadKala,Iranian online wholesale/lab shop,site shows Iranian online shop,public catalogue/product-page evidence; current stock not independently verified,product_page_listed_not_current_stock_verified,2 بوتانول | 2 بوتانول امرتات شیمی extra pure,https://tamadkala.com/product/154282/2-%D8%A8%D9%88%D8%AA%D8%A7%D9%86%D9%88%D9%84-%D8%A7%D9%85%D8%B1%D8%AA%D8%A7%D8%AA-%D8%B4%DB%8C%D9%85%DB%8C-extra-pure | https://tamadkala.com/product/18483/2-%D8%A8%D9%88%D8%AA%D8%A7%D9%86%D9%88%D9%84,router_title_normalization,2
butan-2-one,Methyl ethyl ketone,78-93-3,6569,ZWEHNKRNPOVVGH-UHFFFAOYSA-N,C4H8O,72.11,,confirmed_organic,organic_reagent,yes,True | acs,Fardad Shimi | TamadKala,Iranian online lab-chemical shop | Iranian online wholesale/lab shop,site shows Iranian online shop | site shows Iranian shop and nationwide delivery,public catalogue/product-page evidence; current stock not independently verified,product_page_listed_not_current_stock_verified,متیل اتیل کتون mek acs دکتر مجللی | متیل اتیل کتون دکتر مجللی,https://fardadshimi.com/product/6199378/ | https://tamadkala.com/product/168029/%D9%85%D8%AA%DB%8C%D9%84-%D8%A7%D8%AA%DB%8C%D9%84-%DA%A9%D8%AA%D9%88%D9%86-mek-acs-%D8%AF%DA%A9%D8%AA%D8%B1-%D9%85%D8%AC%D9%84%D9%84%DB%8C,router_title_normalization,2
"butane-1,2,3,4-tetracarboxylic acid","1,2,3,4-Butanetetracarboxylic acid",,15560,GGAUUQHSCNMCAU-UHFFFAOYSA-N,C8H10O8,234.16,,confirmed_organic,organic_reagent,yes,research,Telegram: minatajhiz,Iranian supplier Telegram catalogue,skill live country-gate,public catalogue/product-page evidence; current stock not independently verified,listed_not_current_stock_verified,"butane-1,2,3,4-tetracarboxylic acid",https://t.me/minatajhiz/1009,existing skill export,2
"butane-1,3-diol","1,3-Butanediol",,7896,PUPZLCDOIYMWBV-UHFFFAOYSA-N,C4H10O2,90.12,,confirmed_organic,organic_reagent,yes,research,Telegram: minatajhiz,Iranian supplier Telegram catalogue,skill live country-gate,public catalogue/product-page evidence; current stock not independently verified,listed_not_current_stock_verified,"butane-1,3-diol",https://t.me/minatajhiz/481 | https://t.me/minatajhiz/509,existing skill export,3
"butane-1,4-diol","1,4-Butanediol",,8064,WERYXYBDKMZEQL-UHFFFAOYSA-N,C4H10O2,90.12,,confirmed_organic,organic_reagent,yes,research,Telegram: minatajhiz,Iranian supplier Telegram catalogue,skill live country-gate,public catalogue/product-page evidence; current stock not independently verified,listed_not_current_stock_verified,"butane-1,4-diol",https://t.me/minatajhiz/683,existing skill export,2
butanedioic acid;bis(1-[4-(2-methoxyethyl)phenoxy]-3-(propan-2-ylamino)propan-2-ol),Metoprolol Succinate,,62937,RGHAZVBIOOEVQX-UHFFFAOYSA-N,C34H56N2O10,652.8,,confirmed_organic,pharmaceutical_or_api,yes,API/GMP,BehChin Chemi Pharmed,Iranian supplier API/intermediate catalogue,site states Iran-based supplier,public catalogue/product-page evidence; current stock not independently verified,supplier_catalogue_listed_not_current_stock_verified,Metoprolol Succinate,https://www.behchinchemi.ir/en/our-products/active-pharmaceutical-ingredient,supplier_table,1
butanoic acid,Butyric acid,107-92-6,264,FERIUCNNQQJTOY-UHFFFAOYSA-N,C4H8O2,88.11,,confirmed_organic,organic_reagent,not_stated,,TamadKala,Iranian online wholesale/lab shop,site shows Iranian online shop,public catalogue/product-page evidence; current stock not independently verified,product_page_listed_not_current_stock_verified,بوتانوییک اسید,https://tamadkala.com/product/42033/%D8%A8%D9%88%D8%AA%D8%A7%D9%86%D9%88%DB%8C%DB%8C%DA%A9-%D8%A7%D8%B3%DB%8C%D8%AF,router_title_normalization,1
butyl acetate,Ethyl acetate,123-86-4,31272,DKPFZGUDAPQIHT-UHFFFAOYSA-N,C6H12O2,116.16,,confirmed_organic,fragrance_or_aroma,yes,False | GRACS | True | USP Extra Pure | acs | extra pure | industrial,DigiShimi | Fardad Shimi | Isatis Shimi | TamadKala | Telegram: IranChemicals | Telegram: chemgroup,Iranian online chemical shops | Iranian online lab-chemical shop | Iranian online wholesale/lab shop | Iranian supplier Telegram catalogue,site shows Iranian online shop | site shows Iranian online shops | site shows Iranian shop and nationwide delivery | skill live country-gate,public catalogue/product-page evidence; current stock not independently verified,listed_not_current_stock_verified | product_page_listed_not_current_stock_verified,Butyl Acetate | butyl acetate | ethyl acetate | اتیل استات | اتیل استات acs دکتر مجللی | ... | اتیل استات extra pure دکتر مجللی | ... | اتیل استات g r a c s پارس شیمی | اتیل استات laboratory دکتر مجللی | ... | اتیل استات u s p extra pure پارس شیمی | اتیل استات دکتر مجللی | اتیل استات قطران شیمی 2 | ... | بوتیل استات,https://digishimii.ir/Product/%d8%a7%d8%aa%db%8c%d9%84-%d8%a7%d8%b3%d8%aa%d8%a7%d8%aa/ | https://digishimii.ir/Product/%d8%a8%d9%88%d8%aa%db%8c%d9%84-%d8%a7%d8%b3%d8%aa%d8%a7%d8%aa/ | https://fardadshimi.com/product/6199247/ | https://fardadshimi.com/product/6199249/ | https://isatisshimi.com/en/product/butyl-acetate/ | https://t.me/IranChemicals/28542 | https://t.me/IranChemicals/28550 | https://t.me/chemgroup/1851 | https://tamadkala.com/product/32121/%D8%A7%D8%AA%DB%8C%D9%84-%D8%A7%D8%B3%D8%AA%D8%A7%D8%AA-u-s-p-extra-pure-%D9%BE%D8%A7%D8%B1%D8%B3-%D8%B4%DB%8C%D9%85%DB%8C | https://tamadkala.com/product/32133/%D8%A7%D8%AA%DB%8C%D9%84-%D8%A7%D8%B3%D8%AA%D8%A7%D8%AA-g-r-a-c-s-%D9%BE%D8%A7%D8%B1%D8%B3-%D8%B4%DB%8C%D9%85%DB%8C | https://tamadkala.com/product/5626/%D9%81%D8%B1%D9%88%D8%B4-%D8%A7%D8%AA%DB%8C%D9%84-%D8%A7%D8%B3%D8%AA%D8%A7%D8%AA-2 | https://tamadkala.com/product/76024/%D8%A8%D9%88%D8%AA%DB%8C%D9%84-%D8%A7%D8%B3%D8%AA%D8%A7%D8%AA-acs | https://tamadkala.com/product/76025/%D8%A8%D9%88%D8%AA%DB%8C%D9%84-%D8%A7%D8%B3%D8%AA%D8%A7%D8%AA-%D8%AF%DA%A9%D8%AA%D8%B1-%D9%85%D8%AC%D9%84%D9%84%DB%8C-laboratory,existing skill export | router_title_normalization,20
butyl prop-2-enoate,Butyl Acrylate,141-32-2,8846,CQEYYJKEWSMYFG-UHFFFAOYSA-N,C7H12O2,128.17,,confirmed_organic,organic_reagent,yes,industrial; research,Telegram: Boof_company | Telegram: ChemIranSanat | Telegram: IranChemicals | Telegram: Maran_Tejarat_Eshen,Iranian supplier Telegram catalogue,skill live country-gate,public catalogue/product-page evidence; current stock not independently verified,listed_not_current_stock_verified,butyl prop-2-enoate,https://t.me/Boof_company/23 | https://t.me/Boof_company/27 | https://t.me/Boof_company/29 | https://t.me/Boof_company/61 | https://t.me/ChemIranSanat/1410 | https://t.me/ChemIranSanat/1677 | https://t.me/ChemIranSanat/1945 | https://t.me/ChemIranSanat/595 | https://t.me/IranChemicals/31331 | https://t.me/Maran_Tejarat_Eshen/107 | https://t.me/Maran_Tejarat_Eshen/182 | https://t.me/Maran_Tejarat_Eshen/183 | https://t.me/Maran_Tejarat_Eshen/185 | https://t.me/Maran_Tejarat_Eshen/186 | https://t.me/Maran_Tejarat_Eshen/187 | https://t.me/Maran_Tejarat_Eshen/189 | https://t.me/Maran_Tejarat_Eshen/193 | https://t.me/Maran_Tejarat_Eshen/196 | https://t.me/Maran_Tejarat_Eshen/198 | https://t.me/Maran_Tejarat_Eshen/201 | https://t.me/Maran_Tejarat_Eshen/202 | https://t.me/Maran_Tejarat_Eshen/207 | https://t.me/Maran_Tejarat_Eshen/209 | https://t.me/Maran_Tejarat_Eshen/210 | https://t.me/Maran_Tejarat_Eshen/293 | https://t.me/Maran_Tejarat_Eshen/295 | https://t.me/Maran_Tejarat_Eshen/296 | https://t.me/Maran_Tejarat_Eshen/302 | https://t.me/Maran_Tejarat_Eshen/304 | https://t.me/Maran_Tejarat_Eshen/310 | https://t.me/Maran_Tejarat_Eshen/314 | https://t.me/Maran_Tejarat_Eshen/315 | https://t.me/Maran_Tejarat_Eshen/369 | https://t.me/Maran_Tejarat_Eshen/377 | https://t.me/Maran_Tejarat_Eshen/389 | https://t.me/Maran_Tejarat_Eshen/405 | https://t.me/Maran_Tejarat_Eshen/412 | https://t.me/Maran_Tejarat_Eshen/415 | https://t.me/Maran_Tejarat_Eshen/431 | https://t.me/Maran_Tejarat_Eshen/445 | https://t.me/Maran_Tejarat_Eshen/463 | https://t.me/Maran_Tejarat_Eshen/539 | https://t.me/Maran_Tejarat_Eshen/542 | https://t.me/Maran_Tejarat_Eshen/95 | https://t.me/Maran_Tejarat_Eshen/98,existing skill export,91
cadmium(2+);bis(octadecanoate),Cadmium stearate,598-74-9,16681,GWOWVOYJLHSRJJ-UHFFFAOYSA-L,C36H70CdO4,679.4,,confirmed_organic,organic_reagent,not_stated,MERCK,Fardad Shimi,Iranian online lab-chemical shop,site shows Iranian shop and nationwide delivery,public catalogue/product-page evidence; current stock not independently verified,product_page_listed_not_current_stock_verified,استئارات روی MERCK | ...,,router_title_normalization,1
calcium bis(octadecanoate),Calcium Stearate,1592-23-0,15324,CJZGTCYPCWQAJB-UHFFFAOYSA-L,C36H70CaO4,607.0,,confirmed_organic,organic_reagent,not_stated,industrial,Telegram: Ch_Chemical_leaders | Telegram: fanchem,Iranian supplier Telegram catalogue,skill live country-gate,public catalogue/product-page evidence; current stock not independently verified,listed_not_current_stock_verified,calcium bis(octadecanoate),https://t.me/Ch_Chemical_leaders/470 | https://t.me/Ch_Chemical_leaders/55 | https://t.me/fanchem/102 | https://t.me/fanchem/159 | https://t.me/fanchem/200 | https://t.me/fanchem/213 | https://t.me/fanchem/276 | https://t.me/fanchem/308 | https://t.me/fanchem/334 | https://t.me/fanchem/390 | https://t.me/fanchem/393 | https://t.me/fanchem/394 | https://t.me/fanchem/395 | https://t.me/fanchem/404 | https://t.me/fanchem/407 | https://t.me/fanchem/443 | https://t.me/fanchem/457,existing skill export,33
calcium diacetate,Calcium acetate,127-10-8,6116,VSGNNIFQASZAOI-UHFFFAOYSA-L,C4H6CaO4,158.17,,confirmed_organic,organic_reagent,not_stated,1% aqueous,Fardad Shimi,Iranian online lab-chemical shop,site shows Iranian shop and nationwide delivery,public catalogue/product-page evidence; current stock not independently verified,product_page_listed_not_current_stock_verified,استات کلسیم ۱ آبه MERCK | ...,,router_title_normalization,1
calcium diformate,Calcium formate,544-17-2,10997,CBOCVOKPQGJKKJ-UHFFFAOYSA-L,C2H2CaO4,130.11,,confirmed_organic,organic_reagent,not_stated,industrial,Telegram: Maran_Tejarat_Eshen | Telegram: jahaneshimicom,Iranian supplier Telegram catalogue,skill live country-gate,public catalogue/product-page evidence; current stock not independently verified,listed_not_current_stock_verified,calcium diformate,https://t.me/Maran_Tejarat_Eshen/608 | https://t.me/jahaneshimicom/162,existing skill export,3
calcium propanoate,Calcium Propionate,4075-81-4,19999,BCZXFFBUYPCTSJ-UHFFFAOYSA-L,C6H10CaO4,186.22,,confirmed_organic,organic_reagent,not_stated,False | True,DigiShimi,Iranian online chemical shops,site shows Iranian online shops,public catalogue/product-page evidence; current stock not independently verified,product_page_listed_not_current_stock_verified,پروپیونات کلسیم,https://digishimii.ir/Product/%d9%be%d8%b1%d9%88%d9%be%db%8c%d9%88%d9%86%d8%a7%d8%aa-%da%a9%d9%84%d8%b3%db%8c%d9%85/,router_title_normalization,2
chloro(diethyl)alumane,Diethylaluminium chloride,,7277,YNLAOSYQHBDIKW-UHFFFAOYSA-M,C4H10AlCl,120.56,,confirmed_organic,organic_reagent,not_stated,sigma,TamadKala,Iranian online wholesale/lab shop,site shows Iranian online shop,public catalogue/product-page evidence; current stock not independently verified,product_page_listed_not_current_stock_verified,دی اتیل آلومینیوم کلراید سیگما | ...,,router_title_normalization,1
chloro(trimethyl)silane,Chlorotrimethylsilane,75-77-4,6397,IJOOHPMOJXWVHK-UHFFFAOYSA-N,C3H9ClSi,108.64,,confirmed_organic,organic_reagent,yes,research,Telegram: minatajhiz,Iranian supplier Telegram catalogue,skill live country-gate,public catalogue/product-page evidence; current stock not independently verified,listed_not_current_stock_verified,chloro(trimethyl)silane,https://t.me/minatajhiz/1068 | https://t.me/minatajhiz/975,existing skill export,3
chloroform,chloroform,67-66-3,6212,HEDRZPFGACZZDS-UHFFFAOYSA-N,CHCl3,119.37,,confirmed_organic,organic_reagent,yes,True | acs | laboratory | research,Fardad Shimi | TamadKala | Telegram: ChemIranSanat | Telegram: minatajhiz,Iranian online lab-chemical shop | Iranian online wholesale/lab shop | Iranian supplier Telegram catalogue,site shows Iranian online shop | site shows Iranian shop and nationwide delivery | skill live country-gate,public catalogue/product-page evidence; current stock not independently verified,listed_not_current_stock_verified | product_page_listed_not_current_stock_verified,chloroform | كلروفرم قطران شیمی | ... | کلرفرم acs دکتر مجللی | ... | کلرفرم laboratory دکتر مجللی | ... | کلروفرم دکتر مجللی,https://fardadshimi.com/product/6199224/ | https://t.me/ChemIranSanat/1050 | https://t.me/minatajhiz/1001 | https://t.me/minatajhiz/1071,existing skill export | router_title_normalization,8
chloromethane,Methyl Chloride,74-87-3,6327,NEHMKBQYUWJMIP-UHFFFAOYSA-N,CH3Cl,50.49,,confirmed_organic,organic_reagent,not_stated,industrial,Telegram: IranChemicals,Iranian supplier Telegram catalogue,skill live country-gate,public catalogue/product-page evidence; current stock not independently verified,listed_not_current_stock_verified,chloromethane,,existing skill export,1
chloromethylbenzene,Benzyl Chloride,100-44-7,7503,KCXMKQUNVWSEMD-UHFFFAOYSA-N,C7H7Cl,126.58,,confirmed_organic,organic_reagent,yes,research,Telegram: minatajhiz,Iranian supplier Telegram catalogue,skill live country-gate,public catalogue/product-page evidence; current stock not independently verified,listed_not_current_stock_verified,chloromethylbenzene,,existing skill export,1
"cis-(1R,2R)-2-[(dimethylamino)methyl]-1-(3-methoxyphenyl)cyclohexan-1-ol",tramadol,,33741,TVYLLZQTGLZFBW-ZBFHGGJFSA-N,C16H25NO2,263.37,,confirmed_organic,pharmaceutical_or_api,yes,analytical standard,Rooz Darou | TamadKala,Iranian online research/chemical shop | Iranian pharmaceutical product catalogue,site shows Iranian online shop,public catalogue/product-page evidence; current stock not independently verified,product_page_listed_not_current_stock_verified,استاندارد ترامادول | قرص ترامادول 50,https://tamadkala.com/product/146252/%D8%A7%D8%B3%D8%AA%D8%A7%D9%86%D8%AF%D8%A7%D8%B1%D8%AF-%D8%AA%D8%B1%D8%A7%D9%85%D8%A7%D8%AF%D9%88%D9%84 | http://rouzdarou.com/products/%D9%82%D8%B1%D8%B5-%D8%AA%D8%B1%D8%A7%D9%85%D8%A7%D8%AF%D9%88%D9%84-50,explicit_category_supplement,1
cobalt(2+) diacetate,Cobalt(II) acetate,13493-47-5,6277,QAHREYKOYSIQPH-UHFFFAOYSA-L,C4H6CoO4,177.02,,confirmed_organic,organic_reagent,not_stated,4% aqueous,Fardad Shimi,Iranian online lab-chemical shop,site shows Iranian shop and nationwide delivery,public catalogue/product-page evidence; current stock not independently verified,product_page_listed_not_current_stock_verified,کبالت ۲ استات ۴ آبه MERCK | ...,,router_title_normalization,1
copper diacetate,Copper(II) Acetate,1336-25-6,8895,OPQARKPSCNTWTJ-UHFFFAOYSA-L,C4H6CuO4,181.63,,confirmed_organic,organic_reagent,not_stated,,TamadKala,Iranian online wholesale/lab shop,site shows Iranian online shop,public catalogue/product-page evidence; current stock not independently verified,product_page_listed_not_current_stock_verified,استات مس قطران شیمی,https://tamadkala.com/product/72359/%D8%A7%D8%B3%D8%AA%D8%A7%D8%AA-%D9%85%D8%B3-%D9%82%D8%B7%D8%B1%D8%A7%D9%86-%D8%B4%DB%8C%D9%85%DB%8C,router_title_normalization,1
"copper;[dimethylamino-[[15,24,34-tris[[dimethylamino(dimethylazaniumylidene)methyl]sulfanylmethyl]-2,11,20,29,37,38-hexaza-39,40-diazanidanonacyclo[28.6.1.13,10.112,19.121,28.04,9.013,18.022,27.031,36]tetraconta-1,4(9),5,7,11,13(18),14,16,19,21(38),22(27),23,25,28,30(37),31(36),32,34-octadecaen-6-yl]methylsulfanyl]methylidene]-dimethylazanium;tetrachloride",Alcian Blue,75851-12-6,76418923,OBSNQDWGQFWBKH-UHFFFAOYSA-J,C56H70Cl4CuN16S4,1300.9,,confirmed_organic,organic_reagent,not_stated,,TamadKala,Iranian online wholesale/lab shop,site shows Iranian online shop,public catalogue/product-page evidence; current stock not independently verified,product_page_listed_not_current_stock_verified,معرف آلسین بلو دکتر مجللی,https://tamadkala.com/product/173816/%D9%85%D8%B9%D8%B1%D9%81-%D8%A2%D9%84%D8%B3%DB%8C%D9%86-%D8%A8%D9%84%D9%88-%D8%AF%DA%A9%D8%AA%D8%B1-%D9%85%D8%AC%D9%84%D9%84%DB%8C,router_title_normalization,1
cyanocobalamin,cyanocobalamin,,166596686,RMRCNWBMXRMIRW-WZHZPDAFSA-L,C63H88CoN14O14P,1355.4,,confirmed_organic,secondary_metabolite_or_natural_product,not_stated,food/pharma,TamadKala,Iranian online research/chemical shop,site shows Iranian online shop,public catalogue/product-page evidence; current stock not independently verified,product_page_listed_not_current_stock_verified,ویتامین B12,https://tamadkala.com/product/34539/%D9%88%DB%8C%D8%AA%D8%A7%D9%85%DB%8C%D9%86-b12,explicit_category_supplement,1
cyclohexane,Cyclohexane,110-82-7,8078,XDTMQSROBMDMFD-UHFFFAOYSA-N,C6H12,84.16,,confirmed_organic,organic_reagent,yes,MERCK | lab,Fardad Shimi | TamadKala,Iranian online lab-chemical shop | Iranian online wholesale/lab shop,site shows Iranian online shop | site shows Iranian shop and nationwide delivery,public catalogue/product-page evidence; current stock not independently verified,product_page_listed_not_current_stock_verified,سیکلو هگزان MERCK | سیکلوهگزان lab دکتر مجللی,https://fardadshimi.com/product/6468372/ | https://tamadkala.com/product/168021/%D8%B3%DB%8C%DA%A9%D9%84%D9%88%D9%87%DA%AF%D8%B2%D8%A7%D9%86-lab-%D8%AF%DA%A9%D8%AA%D8%B1-%D9%85%D8%AC%D9%84%D9%84%DB%8C,router_title_normalization,2
"cyclohexane-1,2,3,4,5,6-hexol",Myo-inositol,87-47-6,892,CDAISMWEOUEBRE-UHFFFAOYSA-N,C6H12O6,180.16,,confirmed_organic,organic_reagent,not_stated,,TamadKala,Iranian online wholesale/lab shop,site shows Iranian online shop,public catalogue/product-page evidence; current stock not independently verified,product_page_listed_not_current_stock_verified,مایو اینو زیتول برند dyc چین,https://tamadkala.com/product/164566/%D9%85%D8%A7%DB%8C%D9%88-%D8%A7%DB%8C%D9%86%D9%88-%D8%B2%DB%8C%D8%AA%D9%88%D9%84-%D8%A8%D8%B1%D9%86%D8%AF-dyc-%DA%86%DB%8C%D9%86,router_title_normalization,1
dibenzothiophene,Dibenzothiophene,,3023,IYYZUPMFVPLQIF-UHFFFAOYSA-N,C12H8S,184.26,,confirmed_organic,organic_reagent,yes,research,Telegram: minatajhiz,Iranian supplier Telegram catalogue,skill live country-gate,public catalogue/product-page evidence; current stock not independently verified,listed_not_current_stock_verified,dibenzothiophene,https://t.me/minatajhiz/1029,existing skill export,2
dibutyl(oxo)tin,Dibutyltin oxide,,61221,JGFBRKRYDCGYKD-UHFFFAOYSA-N,C8H18OSn,248.94,,confirmed_organic,organic_reagent,yes,research,Telegram: minatajhiz,Iranian supplier Telegram catalogue,skill live country-gate,public catalogue/product-page evidence; current stock not independently verified,listed_not_current_stock_verified,dibutyl(oxo)tin,https://t.me/minatajhiz/1031,existing skill export,2
dichloromethane,Dichloromethane,75-09-2,6344,YMWUJEATGCHHMB-UHFFFAOYSA-N,CH2Cl2,84.93,,confirmed_organic,organic_reagent,yes,True | extra pure | laboratory | research,Fardad Shimi | TamadKala | Telegram: ChemIranSanat,Iranian online lab-chemical shop | Iranian online wholesale/lab shop | Iranian supplier Telegram catalogue,site shows Iranian online shop | site shows Iranian shop and nationwide delivery | skill live country-gate,public catalogue/product-page evidence; current stock not independently verified,listed_not_current_stock_verified | product_page_listed_not_current_stock_verified,dichloromethane | دی کلرو متان | دی کلرومتان extra pure دکتر مجللی 2 | ... | دی کلرومتان extra pure دکتر مجللی | ... | دی کلرومتان laboratory دکتر مجللی | ... | دی کلرومتان دکتر مجللی | دی کلرومتان قطران شیمی | ...,https://fardadshimi.com/product/6199226/ | https://t.me/ChemIranSanat/1489 | https://tamadkala.com/product/33207/%D8%AF%DB%8C-%DA%A9%D9%84%D8%B1%D9%88-%D9%85%D8%AA%D8%A7%D9%86,existing skill export | router_title_normalization,8
diiodomethane,Diiodomethane,75-11-6,6346,NZZFYRREKKOMAT-UHFFFAOYSA-N,CH2I2,267.835,,confirmed_organic,organic_reagent,not_stated,,TamadKala,Iranian online wholesale/lab shop,site shows Iranian online shop,public catalogue/product-page evidence; current stock not independently verified,product_page_listed_not_current_stock_verified,دیودو متان,https://tamadkala.com/product/42012/%D8%AF%DB%8C%D9%88%D8%AF%D9%88-%D9%85%D8%AA%D8%A7%D9%86,router_title_normalization,1
dimethyl (Z)-but-2-enedioate,Dimethyl maleate,,5271565,LDCRTTXIJACKKU-ARJAWSKDSA-N,C6H8O4,144.12,,confirmed_organic,organic_reagent,yes,research,Telegram: minatajhiz,Iranian supplier Telegram catalogue,skill live country-gate,public catalogue/product-page evidence; current stock not independently verified,listed_not_current_stock_verified,dimethyl (Z)-but-2-enedioate,https://t.me/minatajhiz/1044,existing skill export,2
dimethyl decanedioate,Dimethyl sebacate,106-79-6,7829,ALOUNLDAKADEEB-UHFFFAOYSA-N,C12H22O4,230.30,,confirmed_organic,organic_reagent,not_stated,,TamadKala,Iranian online wholesale/lab shop,site shows Iranian online shop,public catalogue/product-page evidence; current stock not independently verified,product_page_listed_not_current_stock_verified,دی متیل سباسات سیگما,https://tamadkala.com/product/101083/%D8%AF%DB%8C-%D9%85%D8%AA%DB%8C%D9%84-%D8%B3%D8%A8%D8%A7%D8%B3%D8%A7%D8%AA-%D8%B3%DB%8C%DA%AF%D9%85%D8%A7,router_title_normalization,1
diphenylmethanone,Benzophenone,119-61-9,3102,RWCCWEUUXYIKHB-UHFFFAOYSA-N,C13H10O,182.22,,confirmed_organic,organic_reagent,yes,research,TamadKala | Telegram: minatajhiz,Iranian online wholesale/lab shop | Iranian supplier Telegram catalogue,site shows Iranian online shop | skill live country-gate,public catalogue/product-page evidence; current stock not independently verified,listed_not_current_stock_verified | product_page_listed_not_current_stock_verified,diphenylmethanone | فروش بنزوفنون,https://t.me/minatajhiz/480 | https://t.me/minatajhiz/489 | https://tamadkala.com/product/7961/%D9%81%D8%B1%D9%88%D8%B4-%D8%A8%D9%86%D8%B2%D9%88%D9%81%D9%86%D9%88%D9%86,existing skill export | router_title_normalization,4
"disodium;(3Z)-3-[(4-amino-3-sulfonatophenyl)-(4-amino-3-sulfophenyl)methylidene]-6-imino-5-methylcyclohexa-1,4-diene-1-sulfonate",Acid Fuchsin,3244-88-0,5464362,WZRZTHMJPHPAMU-UHFFFAOYSA-L,C20H17N3Na2O9S3,585.5,,confirmed_organic,organic_reagent,not_stated,,TamadKala,Iranian online wholesale/lab shop,site shows Iranian online shop,public catalogue/product-page evidence; current stock not independently verified,product_page_listed_not_current_stock_verified,معرف فوشین اسیدی دکترمجللی,https://tamadkala.com/product/173640/%D9%85%D8%B9%D8%B1%D9%81-%D9%81%D9%88%D8%B4%DB%8C%D9%86-%D8%A7%D8%B3%DB%8C%D8%AF%DB%8C-%D8%AF%DA%A9%D8%AA%D8%B1%D9%85%D8%AC%D9%84%D9%84%DB%8C,router_title_normalization,1
"disodium;2-(2,4,5,7-tetrabromo-3-oxido-6-oxoxanthen-9-yl)benzoate",Eosin,15086-94-9,11048,SEACYXSIPDVVMV-UHFFFAOYSA-L,C20H6Br4Na2O5,691.9,,confirmed_organic,colorant_or_indicator,yes,ACS,TamadKala,Iranian online wholesale/lab shop,site shows Iranian online shop,public catalogue/product-page evidence; current stock not independently verified,product_page_listed_not_current_stock_verified,ائوزین acs دکتر مجللی,https://tamadkala.com/product/23480/%D8%A7%D8%A6%D9%88%D8%B2%DB%8C%D9%86-acs-%D8%AF%DA%A9%D8%AA%D8%B1-%D9%85%D8%AC%D9%84%D9%84%DB%8C,router_title_normalization,1
disodium;2-(3-hydroxy-5-sulfonato-1H-indol-2-yl)-3-oxoindole-5-sulfonate,Indigo carmine,860-22-0,2723854,JFVXEJADITYJHK-UHFFFAOYSA-L,C16H8N2Na2O8S2,466.4,,confirmed_organic,colorant_or_indicator,yes,ACS | acs,TamadKala,Iranian online research/chemical shop | Iranian online wholesale/lab shop,site shows Iranian online shop,public catalogue/product-page evidence; current stock not independently verified,product_page_listed_not_current_stock_verified,ایندیگو کارمین ACS دکتر مجللی | ایندیگو کارمین acs دکترمجللی,https://tamadkala.com/product/173545/%D8%A7%DB%8C%D9%86%D8%AF%DB%8C%DA%AF%D9%88-%DA%A9%D8%A7%D8%B1%D9%85%DB%8C%D9%86-acs-%D8%AF%DA%A9%D8%AA%D8%B1%D9%85%D8%AC%D9%84%D9%84%DB%8C,explicit_category_supplement | router_title_normalization,2
disodium;2-[2-[carboxylatomethyl(carboxymethyl)amino]ethyl-(carboxymethyl)amino]acetate,Disodium EDTA,6381-92-6,13020083,ZGTMUACCHSMWAC-UHFFFAOYSA-L,C10H18N2Na2O10,336.21,,confirmed_organic,organic_reagent,yes,False | extra pure | industrial | laboratory,Fardad Shimi | Isatis Shimi | TamadKala,Iranian online chemical shops | Iranian online lab-chemical shop | Iranian online wholesale/lab shop,site shows Iranian online shop | site shows Iranian online shops | site shows Iranian shop and nationwide delivery,public catalogue/product-page evidence; current stock not independently verified,product_page_listed_not_current_stock_verified,Disodium EDTA | اتیلن دی نیتریلو تترا استیک اسید دی سدی | ادتا 2 سدیم | ادتا 4 سدیم | ادتا دی سدیم | ادتا دی سدیم ( تیتری پلکس ۳ ) MERCK | ... | ادتا دی سدیم صنعتی | تترا سدیم ادتا extra pure نوترون | دی سدیم ادتا extra pure نوترون | دی سدیم ادتات laboratory دکتر مجللی | ... | فروش دی سدیم اتیلن دی آمین تترا استیک اس | ...,https://isatisshimi.com/en/product/disodium-edta/ | https://isatisshimi.com/product/%d8%a7%d8%af%d8%aa%d8%a7-2-%d8%b3%d8%af%db%8c%d9%85/ | https://isatisshimi.com/product/%d8%a7%d8%af%d8%aa%d8%a7-4-%d8%b3%d8%af%db%8c%d9%85/ | https://tamadkala.com/product/154863/%D8%A7%D8%AF%D8%AA%D8%A7-%D8%AF%DB%8C-%D8%B3%D8%AF%DB%8C%D9%85 | https://tamadkala.com/product/163452/%D8%A7%D8%AA%DB%8C%D9%84%D9%86-%D8%AF%DB%8C-%D9%86%DB%8C%D8%AA%D8%B1%DB%8C%D9%84%D9%88-%D8%AA%D8%AA%D8%B1%D8%A7-%D8%A7%D8%B3%D8%AA%DB%8C%DA%A9-%D8%A7%D8%B3%DB%8C%D8%AF-%D8%AF%DB%8C-%D8%B3%D8%AF%DB%8C | https://tamadkala.com/product/166015/%D8%A7%D8%AF%D8%AA%D8%A7-%D8%AF%DB%8C-%D8%B3%D8%AF%DB%8C%D9%85-%D8%B5%D9%86%D8%B9%D8%AA%DB%8C | https://tamadkala.com/product/96556/%D8%AF%DB%8C-%D8%B3%D8%AF%DB%8C%D9%85-%D8%A7%D8%AF%D8%AA%D8%A7-extra-pure-%D9%86%D9%88%D8%AA%D8%B1%D9%88%D9%86 | https://tamadkala.com/product/96557/%D8%AA%D8%AA%D8%B1%D8%A7-%D8%B3%D8%AF%DB%8C%D9%85-%D8%A7%D8%AF%D8%AA%D8%A7-extra-pure-%D9%86%D9%88%D8%AA%D8%B1%D9%88%D9%86,router_title_normalization,11
"disodium;2-[[4-[ethyl-[(3-sulfonatophenyl)methyl]amino]phenyl]-[4-[ethyl-[(3-sulfonatophenyl)methyl]azaniumylidene]cyclohexa-2,5-dien-1-ylidene]methyl]-5-hydroxybenzenesulfonate",Fast Green FCF,2353-45-9,16887,RZSYLLSAWYUBPE-UHFFFAOYSA-L,C37H34N2Na2O10S3,808.9,,confirmed_organic,organic_reagent,not_stated,,TamadKala,Iranian online wholesale/lab shop,site shows Iranian online shop,public catalogue/product-page evidence; current stock not independently verified,product_page_listed_not_current_stock_verified,معرف فست گرین اف سی اف دکتر مجللی,https://tamadkala.com/product/173739/%D9%85%D8%B9%D8%B1%D9%81-%D9%81%D8%B3%D8%AA-%DA%AF%D8%B1%DB%8C%D9%86-%D8%A7%D9%81-%D8%B3%DB%8C-%D8%A7%D9%81-%D8%AF%DA%A9%D8%AA%D8%B1-%D9%85%D8%AC%D9%84%D9%84%DB%8C,router_title_normalization,1
"disodium;2-[[4-[ethyl-[(3-sulfonatophenyl)methyl]amino]phenyl]-[4-[ethyl-[(3-sulfonatophenyl)methyl]azaniumylidene]cyclohexa-2,5-dien-1-ylidene]methyl]benzenesulfonate",Brilliant Blue FCF,3844-45-9,19700,SGHZXLIDFTYFHQ-UHFFFAOYSA-L,C37H34N2Na2O9S3,792.9,,confirmed_organic,colorant_or_indicator,not_stated,food grade,TamadKala,Iranian online research/chemical shop | Iranian online wholesale/lab shop,site shows Iranian online shop,public catalogue/product-page evidence; current stock not independently verified,product_page_listed_not_current_stock_verified,رنگ خوراکی برلیانت بلو آبی | رنگ خوراکی برلیانت بلوآبی,https://tamadkala.com/product/58035/%D8%B1%D9%86%DA%AF-%D8%AE%D9%88%D8%B1%D8%A7%DA%A9%DB%8C-%D8%A8%D8%B1%D9%84%DB%8C%D8%A7%D9%86%D8%AA-%D8%A8%D9%84%D9%88%D8%A2%D8%A8%DB%8C,explicit_category_supplement | router_title_normalization,2
"disodium;3-[[N-ethyl-4-[[4-[ethyl-[(3-sulfonatophenyl)methyl]azaniumylidene]cyclohexa-2,5-dien-1-ylidene]-(4-sulfonatophenyl)methyl]anilino]methyl]benzenesulfonate",Light Green SF Yellowish,5141-20-8,21223,DGOBMKYRQHEFGQ-UHFFFAOYSA-L,C37H34N2Na2O9S3,792.9,,confirmed_organic,organic_reagent,not_stated,,TamadKala,Iranian online wholesale/lab shop,site shows Iranian online shop,public catalogue/product-page evidence; current stock not independently verified,product_page_listed_not_current_stock_verified,معرف لایت گرین دکتر مجللی,https://tamadkala.com/product/173749/%D9%85%D8%B9%D8%B1%D9%81-%D9%84%D8%A7%DB%8C%D8%AA-%DA%AF%D8%B1%DB%8C%D9%86-%D8%AF%DA%A9%D8%AA%D8%B1-%D9%85%D8%AC%D9%84%D9%84%DB%8C,router_title_normalization,1
"disodium;4',5'-dibromo-2',7'-dinitro-3-oxospiro[2-benzofuran-1,9'-xanthene]-3',6'-diolate",Eosin B,548-24-3,12961637,QGAYMQGSQUXCQO-UHFFFAOYSA-L,C20H6Br2N2Na2O9,624.1,,confirmed_organic,colorant_or_indicator,not_stated,indicator,TamadKala,Iranian online wholesale/lab shop,site shows Iranian online shop,public catalogue/product-page evidence; current stock not independently verified,product_page_listed_not_current_stock_verified,ائوزین b گرید indicator دکتر مجللی,https://tamadkala.com/product/173548/%D8%A7%D8%A6%D9%88%D8%B2%DB%8C%D9%86-b-%DA%AF%D8%B1%DB%8C%D8%AF-indicator-%D8%AF%DA%A9%D8%AA%D8%B1-%D9%85%D8%AC%D9%84%D9%84%DB%8C,router_title_normalization,1
disodium;4-amino-3-[[4-[4-[(1-amino-4-sulfonatonaphthalen-2-yl)diazenyl]phenyl]phenyl]diazenyl]naphthalene-1-sulfonate,Congo red,573-58-0,11313,IQFVPQOLBLOTPF-UHFFFAOYSA-L,C32H22N6Na2O6S2,696.7,,confirmed_organic,colorant_or_indicator,not_stated,True,Fardad Shimi,Iranian online lab-chemical shop,site shows Iranian shop and nationwide delivery,public catalogue/product-page evidence; current stock not independently verified,product_page_listed_not_current_stock_verified,کنگو رد مرک MERCK,,router_title_normalization,1
disodium;4-hydroxy-3-[(4-sulfonatonaphthalen-1-yl)diazenyl]naphthalene-1-sulfonate,Carmoisine,3567-69-9,19118,YSVBPNGJESBVRM-UHFFFAOYSA-L,C20H12N2Na2O7S2,502.4,,confirmed_organic,colorant_or_indicator,not_stated,food grade,TamadKala,Iranian online research/chemical shop | Iranian online wholesale/lab shop,site shows Iranian online shop,public catalogue/product-page evidence; current stock not independently verified,product_page_listed_not_current_stock_verified,رنگ خوراکی کارموزین قرمز | رنگ خوراکی کارموزینقرمز,https://tamadkala.com/product/58009/%D8%B1%D9%86%DA%AF-%D8%AE%D9%88%D8%B1%D8%A7%DA%A9%DB%8C-%DA%A9%D8%A7%D8%B1%D9%85%D9%88%D8%B2%DB%8C%D9%86%D9%82%D8%B1%D9%85%D8%B2,explicit_category_supplement | router_title_normalization,2
disodium;6-hydroxy-5-[(4-sulfonatophenyl)diazenyl]naphthalene-2-sulfonate,Sunset Yellow FCF,2783-94-0,17730,OIQPTROHQCGFEF-UHFFFAOYSA-L,C16H10N2Na2O7S2,452.4,,confirmed_organic,colorant_or_indicator,not_stated,food grade,TamadKala,Iranian online research/chemical shop | Iranian online wholesale/lab shop,site shows Iranian online shop,public catalogue/product-page evidence; current stock not independently verified,product_page_listed_not_current_stock_verified,رنگ خوراکی سان ست یلونارنجی,https://tamadkala.com/product/57985/%D8%B1%D9%86%DA%AF-%D8%AE%D9%88%D8%B1%D8%A7%DA%A9%DB%8C-%D8%B3%D8%A7%D9%86-%D8%B3%D8%AA-%DB%8C%D9%84%D9%88%D9%86%D8%A7%D8%B1%D9%86%D8%AC%DB%8C,explicit_category_supplement | router_title_normalization,2
"disodium;7-hydroxy-8-phenyldiazenylnaphthalene-1,3-disulfonate",Orange G,1936-15-8,16015,HSXUHWZMNJHFRV-UHFFFAOYSA-L,C16H10N2Na2O7S2,452.4,,confirmed_organic,colorant_or_indicator,not_stated,Indicator Reagent,TamadKala,Iranian online wholesale/lab shop,site shows Iranian online shop,public catalogue/product-page evidence; current stock not independently verified,product_page_listed_not_current_stock_verified,اورنج جی دکتر مجللی indicator reagent,https://tamadkala.com/product/23458/%D8%A7%D9%88%D8%B1%D9%86%D8%AC-%D8%AC%DB%8C-%D8%AF%DA%A9%D8%AA%D8%B1-%D9%85%D8%AC%D9%84%D9%84%DB%8C-indicator-reagent,router_title_normalization,1
dodecane-1-thiol,dodecanethiol,,8195,WNAHIZMDSQCWRP-UHFFFAOYSA-N,C12H26S,202.40,,confirmed_organic,organic_reagent,not_stated,,TamadKala,Iranian online wholesale/lab shop,site shows Iranian online shop,public catalogue/product-page evidence; current stock not independently verified,product_page_listed_not_current_stock_verified,دودکانتیول | ...,,router_title_normalization,1
"ethane-1,2-diamine",Ethylenediamine,107-15-3,3301,PIICEJLVQHRZGT-UHFFFAOYSA-N,C2H8N2,60.10,,confirmed_organic,organic_reagent,not_stated,True,Fardad Shimi,Iranian online lab-chemical shop,site shows Iranian shop and nationwide delivery,public catalogue/product-page evidence; current stock not independently verified,product_page_listed_not_current_stock_verified,اتیلن دی آمین DAE JUNG کره,https://fardadshimi.com/product/6378849/,router_title_normalization,1
"ethane-1,2-diol",Ethylene glycol,107-21-1,174,LYCAIKOWRPUZTN-UHFFFAOYSA-N,C2H6O2,62.07,,confirmed_organic,organic_reagent,yes,False | True | extra pure | industrial | industrial; unknown | usp,Chemical Iran | DigiShimi | Fardad Shimi | Isatis Shimi | TamadKala | Telegram: Boof_company | Telegram: Ch_Chemical_leaders | Telegram: IranChemicals | Telegram: Maran_Tejarat_Eshen,Iranian online chemical shops | Iranian online lab-chemical shop | Iranian online research/chemical shop | Iranian online wholesale/lab shop | Iranian supplier Telegram catalogue,site shows Iranian online shop | site shows Iranian online shops | site shows Iranian shop and nationwide delivery | skill live country-gate,public catalogue/product-page evidence; current stock not independently verified,listed_not_current_stock_verified | product_page_listed_not_current_stock_verified,Mono Ethylene Glycol (MEG) | Monoethylene Glycol (MEG) | ethylene glycol | مونو اتیلن گلایکول | مونو اتیلن گلایکول extra pure دکتر مجللی | ... | مونو اتیلن گلایکول usp دکتر مجللی | ... | مونو اتیلن گلایکول دکتر مجللی | مونو اتیلن گلایکول صنعتی | ... | مونو اتیلن گلیکول | مونو اتیلن گلیکولm e g پارس شیمی,https://digishimii.ir/Product/مونو-اتیلن-گلایکول/ | https://fardadshimi.com/product/6199348/ | https://isatisshimi.com/en/product/monoethylene-glycol-meg/ | https://t.me/Boof_company/38 | https://t.me/Ch_Chemical_leaders/10 | https://t.me/Ch_Chemical_leaders/477 | https://t.me/IranChemicals/31809 | https://t.me/Maran_Tejarat_Eshen/626 | https://t.me/Maran_Tejarat_Eshen/627 | https://tamadkala.com/product/47737/%D9%85%D9%88%D9%86%D9%88-%D8%A7%D8%AA%DB%8C%D9%84%D9%86-%DA%AF%D9%84%DB%8C%DA%A9%D9%88%D9%84m-e-g-%D9%BE%D8%A7%D8%B1%D8%B3-%D8%B4%DB%8C%D9%85%DB%8C | https://www.chemicaliran.com/,existing skill export | explicit_category_supplement | router_title_normalization,19
ethanol,Ethanol,64-17-5,702,LFQSCWFLJHTTHZ-UHFFFAOYSA-N,C2H6O,46.07,,confirmed_organic,pharmaceutical_or_api,yes,True | extra pure | extrapure | industrial | industrial; research; unknown | technical,Fardad Shimi | Pishgaman Shimi (IR Chem) | TamadKala | Telegram: ChemIranSanat | Telegram: IranChemicals | Telegram: chemgroup | Telegram: minatajhiz,Iranian online lab-chemical shop | Iranian online raw-material shop | Iranian online research/chemical shop | Iranian online wholesale/lab shop | Iranian supplier Telegram catalogue,site shows Iranian contact and Tehran telephone | site shows Iranian online shop | site shows Iranian shop and nationwide delivery | skill live country-gate,public catalogue/product-page evidence; current stock not independently verified,listed_not_current_stock_verified | product_page_listed_not_current_stock_verified,ethanol | اتانول | اتانول 96 درصد extrapure دکتر مجللی کپی | ... | اتانول 96 درصد دکتر مجللیlaboratory | اتانول 96 درصد دکتر مجللیusp | اتانول بدون آب | اتانول تقطیر خراسان 1 لیتری | اتانول مطلق extra pure امرتات | ... | اتانول مطلق برند dyc چین | ... | اتانول مطلق مرک MERCK | اتانول نگین فام طب,https://fardadshimi.com/product/ethanol-merck/ | https://fardadshimi.com/product/neginfamteb-ethanol/ | https://irchem.ir/buy-ethanol/ | https://t.me/ChemIranSanat/78 | https://t.me/IranChemicals/27879 | https://t.me/IranChemicals/28655 | https://t.me/IranChemicals/29469 | https://t.me/chemgroup/1249 | https://t.me/chemgroup/1250 | https://t.me/chemgroup/1252 | https://t.me/chemgroup/2342 | https://t.me/chemgroup/3499 | https://t.me/chemgroup/4319 | https://t.me/minatajhiz/327 | https://t.me/minatajhiz/508 | https://tamadkala.com/product/52837/%D8%A7%D8%AA%D8%A7%D9%86%D9%88%D9%84-%D8%AA%D9%82%D8%B7%DB%8C%D8%B1-%D8%AE%D8%B1%D8%A7%D8%B3%D8%A7%D9%86-1-%D9%84%DB%8C%D8%AA%D8%B1%DB%8C | https://tamadkala.com/product/5656/%D8%A7%D8%AA%D8%A7%D9%86%D9%88%D9%84-%D8%A8%D8%AF%D9%88%D9%86-%D8%A2%D8%A8 | https://tamadkala.com/product/6690/%D8%A7%D8%AA%D8%A7%D9%86%D9%88%D9%84 | https://tamadkala.com/product/76015/%D8%A7%D8%AA%D8%A7%D9%86%D9%88%D9%84-96-%D8%AF%D8%B1%D8%B5%D8%AF-%D8%AF%DA%A9%D8%AA%D8%B1-%D9%85%D8%AC%D9%84%D9%84%DB%8Cusp | https://tamadkala.com/product/76018/%D8%A7%D8%AA%D8%A7%D9%86%D9%88%D9%84-96-%D8%AF%D8%B1%D8%B5%D8%AF-%D8%AF%DA%A9%D8%AA%D8%B1-%D9%85%D8%AC%D9%84%D9%84%DB%8Claboratory,existing skill export | explicit_category_supplement | router_title_normalization | supplier_product_page,30
ethenyl acetate,vinyl acetate,108-05-4,7904,XTXRWKRVRITETP-UHFFFAOYSA-N,C4H6O2,86.09,,confirmed_organic,organic_reagent,yes,for synthesis | industrial,TamadKala | Telegram: Maran_Tejarat_Eshen,Iranian online wholesale/lab shop | Iranian supplier Telegram catalogue,site shows Iranian online shop | skill live country-gate,public catalogue/product-page evidence; current stock not independently verified,listed_not_current_stock_verified | product_page_listed_not_current_stock_verified,ethenyl acetate | وینیل استات امرتات شیمی گرید for synthesis | ...,https://t.me/Maran_Tejarat_Eshen/640,existing skill export | router_title_normalization,2
ethoxyethane,Diethyl ether,60-29-7,3283,RTZKZFJDLAIYFH-UHFFFAOYSA-N,C4H10O,74.12,,confirmed_organic,organic_reagent,yes,96% | extra pure | research; unknown,TamadKala | Telegram: chemgroup | Telegram: minatajhiz,Iranian online wholesale/lab shop | Iranian supplier Telegram catalogue,site shows Iranian online shop | skill live country-gate,public catalogue/product-page evidence; current stock not independently verified,listed_not_current_stock_verified | product_page_listed_not_current_stock_verified,diethyl ether | دی اتیل اتر 96 پارس شیمی | دی اتیل اتر extra pure نوترون | ...,https://t.me/chemgroup/4031 | https://t.me/minatajhiz/1058 | https://t.me/minatajhiz/332 | https://tamadkala.com/product/32660/%D8%AF%DB%8C-%D8%A7%D8%AA%DB%8C%D9%84-%D8%A7%D8%AA%D8%B1-96-%D9%BE%D8%A7%D8%B1%D8%B3-%D8%B4%DB%8C%D9%85%DB%8C,existing skill export | router_title_normalization,7
ethyl 2-cyanoprop-2-enoate,Ethyl 2-cyanoacrylate,7085-85-0,81530,FGBJXOREULPLGL-UHFFFAOYSA-N,C6H7NO2,125.13,,confirmed_organic,organic_reagent,not_stated,,TamadKala,Iranian online wholesale/lab shop,site shows Iranian online shop,public catalogue/product-page evidence; current stock not independently verified,product_page_listed_not_current_stock_verified,اتیل 2 سیانواکریلات سیگما,https://tamadkala.com/product/101080/%D8%A7%D8%AA%DB%8C%D9%84-2-%D8%B3%DB%8C%D8%A7%D9%86%D9%88%D8%A7%DA%A9%D8%B1%DB%8C%D9%84%D8%A7%D8%AA-%D8%B3%DB%8C%DA%AF%D9%85%D8%A7,router_title_normalization,1
ethyl 2-hydroxypropanoate,Ethyl Lactate,97-64-3,7344,LZCLXQDLBQLTDK-UHFFFAOYSA-N,C5H10O3,118.13,,confirmed_organic,organic_reagent,not_stated,industrial,Telegram: Maran_Tejarat_Eshen,Iranian supplier Telegram catalogue,skill live country-gate,public catalogue/product-page evidence; current stock not independently verified,listed_not_current_stock_verified,ethyl 2-hydroxypropanoate,,existing skill export,1
ethyl 3-[acetyl(butyl)amino]propanoate,Ethyl butylacetylaminopropionate,52304-36-6,104150,VZRKEAFHFMSHCD-UHFFFAOYSA-N,C11H21NO3,215.29,,confirmed_organic,pharmaceutical_or_api,not_stated,,TamadKala,Iranian online wholesale/lab shop,site shows Iranian online shop,public catalogue/product-page evidence; current stock not independently verified,product_page_listed_not_current_stock_verified,اتیل بوتیل استیل آمینو پروپیونات ir3535 بر,https://tamadkala.com/product/163126/%D8%A7%D8%AA%DB%8C%D9%84-%D8%A8%D9%88%D8%AA%DB%8C%D9%84-%D8%A7%D8%B3%D8%AA%DB%8C%D9%84-%D8%A2%D9%85%DB%8C%D9%86%D9%88-%D9%BE%D8%B1%D9%88%D9%BE%DB%8C%D9%88%D9%86%D8%A7%D8%AA-ir3535-%D8%A8%D8%B1,router_title_normalization,1
ethyl 3-oxobutanoate,Ethyl Acetoacetate,,8868,XYIBRDXRRQCHLP-UHFFFAOYSA-N,C6H10O3,130.14,,confirmed_organic,organic_reagent,yes,research,Telegram: minatajhiz,Iranian supplier Telegram catalogue,skill live country-gate,public catalogue/product-page evidence; current stock not independently verified,listed_not_current_stock_verified,ethyl 3-oxobutanoate,https://t.me/minatajhiz/787,existing skill export,2
ethyl 4-hydroxybenzoate,Ethyl paraben,120-61-6,8434,NUVBSKCKDOMJSU-UHFFFAOYSA-N,C9H10O3,166.17,,confirmed_organic,organic_reagent,yes,usp,TamadKala,Iranian online wholesale/lab shop,site shows Iranian online shop,public catalogue/product-page evidence; current stock not independently verified,product_page_listed_not_current_stock_verified,اتیل پارابن سیگما usp کد 1267000 | ...,,router_title_normalization,1
ethyl 4-methyl-3-oxopentanoate,Ethyl isobutyrylacetate,,81583,XCLDSQRVMMXWMS-UHFFFAOYSA-N,C8H14O3,158.19,,confirmed_organic,organic_reagent,yes,research,Telegram: ChemIranSanat,Iranian supplier Telegram catalogue,skill live country-gate,public catalogue/product-page evidence; current stock not independently verified,listed_not_current_stock_verified,ethyl 4-methyl-3-oxopentanoate,https://t.me/ChemIranSanat/1729,existing skill export,2
ethyl formate,Ethyl formate,109-94-4,8025,WBJINCZRORDGAQ-UHFFFAOYSA-N,C3H6O2,74.08,,confirmed_organic,organic_reagent,yes,research,Telegram: ChemIranSanat,Iranian supplier Telegram catalogue,skill live country-gate,public catalogue/product-page evidence; current stock not independently verified,listed_not_current_stock_verified,ethyl formate,https://t.me/ChemIranSanat/1005,existing skill export,2
ethyl prop-2-enoate,Ethyl Acrylate,,8821,JIGUQPWFLRLWPJ-UHFFFAOYSA-N,C5H8O2,100.12,,confirmed_organic,organic_reagent,not_stated,industrial,Telegram: Boof_company,Iranian supplier Telegram catalogue,skill live country-gate,public catalogue/product-page evidence; current stock not independently verified,listed_not_current_stock_verified,ethyl prop-2-enoate,https://t.me/Boof_company/58,existing skill export,2
formaldehyde,Formalin,50-00-0,712,WSFSSNUMVMOOMR-UHFFFAOYSA-N,CH2O,30.026,,confirmed_organic,organic_reagent,yes,37% USP | extra pure | industrial; research,TamadKala | Telegram: Boof_company | Telegram: IranChemicals | Telegram: minatajhiz,Iranian online wholesale/lab shop | Iranian supplier Telegram catalogue,site shows Iranian online shop | skill live country-gate,public catalogue/product-page evidence; current stock not independently verified,listed_not_current_stock_verified | product_page_listed_not_current_stock_verified,formaldehyde | فرمالدئید 37 u s p پارس شیمی | فرمالدهید سیگما کد 252549 | فرمالین 10 extra pure دکترمجللی | فروش فرمالدهید,https://t.me/Boof_company/66 | https://t.me/IranChemicals/31738 | https://t.me/minatajhiz/1087 | https://tamadkala.com/product/151656/%D9%81%D8%B1%D9%85%D8%A7%D9%84%D8%AF%D9%87%DB%8C%D8%AF-%D8%B3%DB%8C%DA%AF%D9%85%D8%A7-%DA%A9%D8%AF-252549 | https://tamadkala.com/product/32724/%D9%81%D8%B1%D9%85%D8%A7%D9%84%D8%AF%D8%A6%DB%8C%D8%AF-37-u-s-p-%D9%BE%D8%A7%D8%B1%D8%B3-%D8%B4%DB%8C%D9%85%DB%8C | https://tamadkala.com/product/5619/%D9%81%D8%B1%D9%88%D8%B4-%D9%81%D8%B1%D9%85%D8%A7%D9%84%D8%AF%D9%87%DB%8C%D8%AF | https://tamadkala.com/product/75792/%D9%81%D8%B1%D9%85%D8%A7%D9%84%DB%8C%D9%86-10-extra-pure-%D8%AF%DA%A9%D8%AA%D8%B1%D9%85%D8%AC%D9%84%D9%84%DB%8C,existing skill export | router_title_normalization,8
formamide,Formamide,75-12-7,713,ZHNUHDYFZUAESO-UHFFFAOYSA-N,CH3NO,45.041,,confirmed_organic,organic_reagent,yes,research,Telegram: ChemIranSanat,Iranian supplier Telegram catalogue,skill live country-gate,public catalogue/product-page evidence; current stock not independently verified,listed_not_current_stock_verified,formamide,https://t.me/ChemIranSanat/1505 | https://t.me/ChemIranSanat/1976,existing skill export,3
formic acid,formic acid,64-18-6,284,BDAGIHXWWSANSR-UHFFFAOYSA-N,CH2O2,46.025,,confirmed_organic,organic_reagent,yes,False | True | laboratory,DigiShimi | Fardad Shimi | Isatis Shimi | TamadKala,Iranian online chemical shops | Iranian online lab-chemical shop | Iranian online wholesale/lab shop,site shows Iranian online shop | site shows Iranian online shops | site shows Iranian shop and nationwide delivery,public catalogue/product-page evidence; current stock not independently verified,product_page_listed_not_current_stock_verified,85% formic acid | Formic Acid 85% | اسید فرمیک | اسید فرمیک 85 درصد | اسید فرمیک laboratory دکتر مجللی | اسید فرمیک دکتر مجللی | اسید فرمیک صنعتی | ...,https://digishimii.ir/Product/%d8%a7%d8%b3%db%8c%d8%af-%d9%81%d8%b1%d9%85%db%8c%da%a9/ | https://fardadshimi.com/product/6199132/ | https://isatisshimi.com/en/product/85-formic-acid/ | https://isatisshimi.com/en/product/formic-acid-85/ | https://isatisshimi.com/product/%d8%a7%d8%b3%db%8c%d8%af-%d9%81%d8%b1%d9%85%db%8c%da%a9-85-%d8%af%d8%b1%d8%b5%d8%af/ | https://tamadkala.com/product/19447/%D8%A7%D8%B3%DB%8C%D8%AF-%D9%81%D8%B1%D9%85%DB%8C%DA%A9-laboratory-%D8%AF%DA%A9%D8%AA%D8%B1-%D9%85%D8%AC%D9%84%D9%84%DB%8C,router_title_normalization,7
"furan-2,5-dione",Maleic Anhydride,,7923,FPYJFEHAWHCUMM-UHFFFAOYSA-N,C4H2O3,98.06,,confirmed_organic,organic_reagent,yes,research,Telegram: minatajhiz,Iranian supplier Telegram catalogue,skill live country-gate,public catalogue/product-page evidence; current stock not independently verified,listed_not_current_stock_verified,"furan-2,5-dione",https://t.me/minatajhiz/1018,existing skill export,2
guanidine;thiocyanic acid,guanidine thiocyanate,,65046,ZJYYHGLJYGJLLN-UHFFFAOYSA-N,C2H6N4S,118.16,,confirmed_organic,organic_reagent,yes,research,TamadKala | Telegram: ChemIranSanat,Iranian online wholesale/lab shop | Iranian supplier Telegram catalogue,site shows Iranian online shop | skill live country-gate,public catalogue/product-page evidence; current stock not independently verified,listed_not_current_stock_verified | product_page_listed_not_current_stock_verified,guanidine;thiocyanic acid | گوانیدین تیوسیانات سیگما کد g9277 | ...,https://t.me/ChemIranSanat/2008,existing skill export | router_title_normalization,3
heptane,n-Heptane,142-82-5,8900,IMNFDUFMRHMDMM-UHFFFAOYSA-N,C7H16,100.20,,confirmed_organic,organic_reagent,yes,True | industrial | laboratory,Fardad Shimi | TamadKala | Telegram: jahaneshimicom,Iranian online lab-chemical shop | Iranian online wholesale/lab shop | Iranian supplier Telegram catalogue,site shows Iranian online shop | site shows Iranian shop and nationwide delivery | skill live country-gate,public catalogue/product-page evidence; current stock not independently verified,listed_not_current_stock_verified | product_page_listed_not_current_stock_verified,heptane | ان هپتان laboratory دکتر مجللی | ... | ان هپتان دکتر مجللی,https://fardadshimi.com/product/6199244/,existing skill export | router_title_normalization,3
hexadecan-1-ol,Cetyl alcohol,36653-82-4,2682,BXWNKGSJHAJOGX-UHFFFAOYSA-N,C16H34O,242.44,,confirmed_organic,organic_reagent,not_stated,False,Isatis Shimi,Iranian online chemical shops,site shows Iranian online shops,public catalogue/product-page evidence; current stock not independently verified,product_page_listed_not_current_stock_verified,Cetyl Alcohol | ستیل الکل,https://isatisshimi.com/en/product/cetyl-alcohol/ | https://isatisshimi.com/product/%d8%b3%d8%aa%db%8c%d9%84-%d8%a7%d9%84%da%a9%d9%84-2/,router_title_normalization,2
hexadecyl(trimethoxy)silane,Cetyl trimethoxysilane,,85406,RSKGMYDENCAJEN-UHFFFAOYSA-N,C19H42O3Si,346.6,,confirmed_organic,organic_reagent,yes,research,Telegram: minatajhiz,Iranian supplier Telegram catalogue,skill live country-gate,public catalogue/product-page evidence; current stock not independently verified,listed_not_current_stock_verified,hexadecyl(trimethoxy)silane,https://t.me/minatajhiz/646 | https://t.me/minatajhiz/704,existing skill export,3
hexane,Hexane,110-54-3,8058,VLKZOEOYAKHREP-UHFFFAOYSA-N,C6H14,86.18,,confirmed_organic,organic_reagent,yes,True | acs | extra pure | research,Fardad Shimi | TamadKala | Telegram: ChemIranSanat | Telegram: chemgroup | Telegram: minatajhiz,Iranian online lab-chemical shop | Iranian online wholesale/lab shop | Iranian supplier Telegram catalogue,site shows Iranian online shop | site shows Iranian shop and nationwide delivery | skill live country-gate,public catalogue/product-page evidence; current stock not independently verified,listed_not_current_stock_verified | product_page_listed_not_current_stock_verified,hexane | n هگزان امرتات شیمی گرید extra pure 55 | ان هگزان acs دکتر مجللی | ... | ان هگزان extra pure دکتر مجللی | ... | ان هگزان laboratory دکتر مجللی | ... | ان هگزان دکتر مجللی | فروش هگزان | ...,https://fardadshimi.com/product/6199234/ | https://t.me/ChemIranSanat/1600 | https://t.me/chemgroup/953 | https://t.me/minatajhiz/1051 | https://t.me/minatajhiz/287 | https://t.me/minatajhiz/664 | https://t.me/minatajhiz/763 | https://tamadkala.com/product/154629/n-%D9%87%DA%AF%D8%B2%D8%A7%D9%86-%D8%A7%D9%85%D8%B1%D8%AA%D8%A7%D8%AA-%D8%B4%DB%8C%D9%85%DB%8C-%DA%AF%D8%B1%DB%8C%D8%AF-extra-pure-55,existing skill export | router_title_normalization,16
hexanedihydrazide,Adipic Dihydrazide,,66117,IBVAQQYNSHJXBV-UHFFFAOYSA-N,C6H14N4O2,174.20,,confirmed_organic,organic_reagent,yes,research,Telegram: minatajhiz,Iranian supplier Telegram catalogue,skill live country-gate,public catalogue/product-page evidence; current stock not independently verified,listed_not_current_stock_verified,hexanedihydrazide,https://t.me/minatajhiz/1085,existing skill export,2
hexanedioic acid,Adipic acid,124-04-9,196,WNLRTRBMVRJNCN-UHFFFAOYSA-N,C6H10O4,146.14,,confirmed_organic,organic_reagent,yes,True | extra pure,Fardad Shimi | TamadKala,Iranian online lab-chemical shop | Iranian online wholesale/lab shop,site shows Iranian online shop | site shows Iranian shop and nationwide delivery,public catalogue/product-page evidence; current stock not independently verified,product_page_listed_not_current_stock_verified,آدیپیک اسید مرک MERCK | اسید آدیپیک امرتات شیمی گرید extra pure,https://tamadkala.com/product/154899/%D8%A7%D8%B3%DB%8C%D8%AF-%D8%A2%D8%AF%DB%8C%D9%BE%DB%8C%DA%A9-%D8%A7%D9%85%D8%B1%D8%AA%D8%A7%D8%AA-%D8%B4%DB%8C%D9%85%DB%8C-%DA%AF%D8%B1%DB%8C%D8%AF-extra-pure,router_title_normalization,2
hexanoic acid,Hexanoic Acid,142-62-1,8892,FUZZWVXGSFPDMH-UHFFFAOYSA-N,C6H12O2,116.16,,confirmed_organic,organic_reagent,yes,research,Telegram: ChemIranSanat | Telegram: minatajhiz,Iranian supplier Telegram catalogue,skill live country-gate,public catalogue/product-page evidence; current stock not independently verified,listed_not_current_stock_verified,hexanoic acid,https://t.me/ChemIranSanat/1384 | https://t.me/minatajhiz/989,existing skill export,3
magnesium bis(octadecanoate),Magnesium stearate,557-04-0,11177,HQKMJHAJHXVSDF-UHFFFAOYSA-L,C36H70MgO4,591.2,,confirmed_organic,pharmaceutical_or_api,yes,extra pure | industrial; research | خوراکی,TamadKala | Telegram: Ch_Chemical_leaders | Telegram: fanchem,Iranian online wholesale/lab shop | Iranian supplier Telegram catalogue,site shows Iranian online shop | skill live country-gate,public catalogue/product-page evidence; current stock not independently verified,listed_not_current_stock_verified | product_page_listed_not_current_stock_verified,magnesium bis(octadecanoate) | استئارات منیزیم extra pure نوترون | استئارات منیزیم خوراکی,https://t.me/Ch_Chemical_leaders/255 | https://t.me/fanchem/199 | https://t.me/fanchem/400 | https://t.me/fanchem/422 | https://t.me/fanchem/438 | https://t.me/fanchem/447 | https://t.me/fanchem/460 | https://tamadkala.com/product/87729/%D8%A7%D8%B3%D8%AA%D8%A6%D8%A7%D8%B1%D8%A7%D8%AA-%D9%85%D9%86%DB%8C%D8%B2%DB%8C%D9%85-%D8%AE%D9%88%D8%B1%D8%A7%DA%A9%DB%8C | https://tamadkala.com/product/99055/%D8%A7%D8%B3%D8%AA%D8%A6%D8%A7%D8%B1%D8%A7%D8%AA-%D9%85%D9%86%DB%8C%D8%B2%DB%8C%D9%85-extra-pure-%D9%86%D9%88%D8%AA%D8%B1%D9%88%D9%86,existing skill export | router_title_normalization,15
methane,Activated Carbon,7440-44-0,5462310,VNWKTOKETHGBQD-UHFFFAOYSA-N,CH4,16.043,,confirmed_organic,organic_reagent,yes,research,DigiShimi | Telegram: ChemIranSanat,Iranian online chemical shops | Iranian supplier Telegram catalogue,site shows Iranian online shops | skill live country-gate,public catalogue/product-page evidence; current stock not independently verified,listed_not_current_stock_verified | product_page_listed_not_current_stock_verified,methane | دوده | کربن اکتیو | کربن اکتیو,https://digishimii.ir/Product/دوده/ | https://digishimii.ir/Product/کربن-اکتیو/ | https://t.me/ChemIranSanat/1596,existing skill export | router_title_normalization,4
methanol,Methanol,67-56-1,887,OKKJLVBELUTLKV-UHFFFAOYSA-N,CH4O,32.042,,confirmed_organic,organic_reagent,yes,99.85% USP Extra Pure | 99.99% GR/PA | ACS | Dried | Extra Pure | GC | Gradient HPLC | Isocratic HPLC | Laboratory | True | USP | UV Spectroscopy | dried max 0 01 h2o | dry | extra pure | for cleaning | for gas chromatography | for liquid chromatography | for spectroscopy | for synthesis | gr for analysis | gradient grade for liquid chromatography | industrial; research; unknown | preparative chromatography,DigiShimi | Fardad Shimi | Isatis Shimi | ShimiMan | TamadKala | Telegram: Ch_Chemical_leaders | Telegram: ChemIranSanat | Telegram: IranChemicals | Telegram: chemgroup | Telegram: minatajhiz,Iranian online chemical shop | Iranian online chemical shops | Iranian online lab-chemical shop | Iranian online wholesale/lab shop | Iranian supplier Telegram catalogue,Iranian Persian-language shop; country not independently country-gated | site shows Iranian online shop | site shows Iranian online shops | site shows Iranian shop and nationwide delivery | skill live country-gate,public catalogue/product-page evidence; current stock not independently verified,listed_not_current_stock_verified | product_page_listed_not_current_stock_verified,https://shimiman.com/product/methanol-grade-usp/ | https://shimiman.com/product/price-buy-sell-methanol/ | methanol | الکل متانول | متانول | متانول 99 85 u s p extra pure پارس شیمی | متانول 99 99 g r p a پارس شیمی | متانول acs دکتر مجللی | متانول dried دکتر مجللی | متانول dry نوترون | متانول extra pure امرتات شیمی کد amt106008 | ... | متانول extra pure دکتر مجللی,https://fardadshimi.com/product/6199149/ | https://fardadshimi.com/product/6378782/ | https://shimiman.com/product/methanol-grade-usp/ | https://shimiman.com/product/price-buy-sell-methanol/ | https://t.me/Ch_Chemical_leaders/485 | https://t.me/ChemIranSanat/1486 | https://t.me/ChemIranSanat/1749 | https://t.me/ChemIranSanat/1877 | https://t.me/ChemIranSanat/2005 | https://t.me/IranChemicals/29025 | https://t.me/IranChemicals/31790 | https://t.me/chemgroup/3548 | https://t.me/minatajhiz/180 | https://t.me/minatajhiz/506 | https://t.me/minatajhiz/708 | https://t.me/minatajhiz/714 | https://t.me/minatajhiz/807 | https://tamadkala.com/product/15422/%D9%85%D8%AA%D8%A7%D9%86%D9%88%D9%84 | https://tamadkala.com/product/154294/%D9%85%D8%AA%D8%A7%D9%86%D9%88%D9%84-%D8%A7%D9%85%D8%B1%D8%AA%D8%A7%D8%AA-%D8%B4%DB%8C%D9%85%DB%8C-%DA%AF%D8%B1%DB%8C%D8%AF-for-spectroscopy | https://tamadkala.com/product/154295/%D9%85%D8%AA%D8%A7%D9%86%D9%88%D9%84-%D8%A7%D9%85%D8%B1%D8%AA%D8%A7%D8%AA-%D8%B4%DB%8C%D9%85%DB%8C-%DA%AF%D8%B1%DB%8C%D8%AF-gradient-grade-for-liquid-chromatography | https://tamadkala.com/product/154298/%D9%85%D8%AA%D8%A7%D9%86%D9%88%D9%84-%D8%A7%D9%85%D8%B1%D8%AA%D8%A7%D8%AA-%D8%B4%DB%8C%D9%85%DB%8C-%DA%AF%D8%B1%DB%8C%D8%AF-extra-pure | https://tamadkala.com/product/154300/%D9%85%D8%AA%D8%A7%D9%86%D9%88%D9%84-%D8%A7%D9%85%D8%B1%D8%AA%D8%A7%D8%AA-%D8%B4%DB%8C%D9%85%DB%8C-%DA%AF%D8%B1%DB%8C%D8%AF-for-cleaning | https://tamadkala.com/product/154301/%D9%85%D8%AA%D8%A7%D9%86%D9%88%D9%84-%D8%A7%D9%85%D8%B1%D8%AA%D8%A7%D8%AA-%D8%B4%DB%8C%D9%85%DB%8C-dried-max-0-01-h2o | https://tamadkala.com/product/154305/%D9%85%D8%AA%D8%A7%D9%86%D9%88%D9%84-%D8%A7%D9%85%D8%B1%D8%AA%D8%A7%D8%AA-%D8%B4%DB%8C%D9%85%DB%8C-%DA%AF%D8%B1%DB%8C%D8%AF-for-liquid-chromatography | https://tamadkala.com/product/154306/%D9%85%D8%AA%D8%A7%D9%86%D9%88%D9%84-%D8%A7%D9%85%D8%B1%D8%AA%D8%A7%D8%AA-%D8%B4%DB%8C%D9%85%DB%8C-%DA%AF%D8%B1%DB%8C%D8%AF-gr-for-analysis | https://tamadkala.com/product/154307/%D9%85%D8%AA%D8%A7%D9%86%D9%88%D9%84-%D8%A7%D9%85%D8%B1%D8%AA%D8%A7%D8%AA-%D8%B4%DB%8C%D9%85%DB%8C-%DA%AF%D8%B1%DB%8C%D8%AF-preparative-chromatography | https://tamadkala.com/product/154308/%D9%85%D8%AA%D8%A7%D9%86%D9%88%D9%84-%D8%A7%D9%85%D8%B1%D8%AA%D8%A7%D8%AA-%D8%B4%DB%8C%D9%85%DB%8C-%DA%AF%D8%B1%DB%8C%D8%AF-for-gas-chromatography | https://tamadkala.com/product/154309/%D9%85%D8%AA%D8%A7%D9%86%D9%88%D9%84-%D8%A7%D9%85%D8%B1%D8%AA%D8%A7%D8%AA-%D8%B4%DB%8C%D9%85%DB%8C-%DA%AF%D8%B1%DB%8C%D8%AF-for-synthesis | https://tamadkala.com/product/19578/%D9%85%D8%AA%D8%A7%D9%86%D9%88%D9%84-dried-%D8%AF%DA%A9%D8%AA%D8%B1-%D9%85%D8%AC%D9%84%D9%84%DB%8C | https://tamadkala.com/product/19581/%D9%85%D8%AA%D8%A7%D9%86%D9%88%D9%84-gc-%D8%AF%DA%A9%D8%AA%D8%B1-%D9%85%D8%AC%D9%84%D9%84%DB%8C | https://tamadkala.com/product/19585/%D9%85%D8%AA%D8%A7%D9%86%D9%88%D9%84-gradient-hplc-%D8%AF%DA%A9%D8%AA%D8%B1-%D9%85%D8%AC%D9%84%D9%84%DB%8C | https://tamadkala.com/product/19593/%D9%85%D8%AA%D8%A7%D9%86%D9%88%D9%84-isocratic-hplc-%D8%AF%DA%A9%D8%AA%D8%B1-%D9%85%D8%AC%D9%84%D9%84%DB%8C,existing skill export | router_title_normalization | sitemap_title,56
"methyl (1R,2S,9R,10R,11S,14R,15S,17R)-2,15-dimethyl-5,5'-dioxospiro[18-oxapentacyclo[8.8.0.01,17.02,7.011,15]octadec-6-ene-14,2'-oxolane]-9-carboxylate",Eplerenone,,443872,JUKPWJGBANNWMW-VWBFHTRKSA-N,C24H30O6,414.5,,confirmed_organic,pharmaceutical_or_api,yes,API/GMP,BehChin Chemi Pharmed,Iranian supplier API/intermediate catalogue,site states Iran-based supplier,public catalogue/product-page evidence; current stock not independently verified,supplier_catalogue_listed_not_current_stock_verified,Eplerenone,https://www.behchinchemi.ir/en/our-products/active-pharmaceutical-ingredient,supplier_table,1
methyl 2-[3-oxo-2-[(E)-pent-2-enyl]cyclopentyl]acetate,Methyl 2-(3-Oxo-2-((E)-Pent-2-Enyl)Cyclopentyl)Acetate,39924-52-2,5367719,GEWDNTWNSAZUDX-SNAWJCMRSA-N,C13H20O3,224.30,,confirmed_organic,organic_reagent,yes,research,Telegram: minatajhiz,Iranian supplier Telegram catalogue,skill live country-gate,public catalogue/product-page evidence; current stock not independently verified,listed_not_current_stock_verified,methyl 2-[3-oxo-2-[(E)-pent-2-enyl]cyclopentyl]acetate,https://t.me/minatajhiz/78,existing skill export,2
methyl 2-methylprop-2-enoate,Methyl methacrylate,80-62-6,6658,VVQNEPGJFQJSBK-UHFFFAOYSA-N,C5H8O2,100.12,,confirmed_organic,organic_reagent,yes,MERCK | industrial; research,Fardad Shimi | Telegram: Boof_company | Telegram: Maran_Tejarat_Eshen,Iranian online lab-chemical shop | Iranian supplier Telegram catalogue,site shows Iranian shop and nationwide delivery | skill live country-gate,public catalogue/product-page evidence; current stock not independently verified,listed_not_current_stock_verified | product_page_listed_not_current_stock_verified,methyl 2-methylprop-2-enoate | متیل متاکریلات مرک MERCK,https://fardadshimi.com/product/%d9%85%d8%aa%db%8c%d9%84-%d9%85%d8%aa%d8%a7%da%a9%d8%b1%db%8c%d9%84%d8%a7%d8%aa-merck/ | https://t.me/Boof_company/26 | https://t.me/Boof_company/31 | https://t.me/Boof_company/37 | https://t.me/Boof_company/45 | https://t.me/Boof_company/50 | https://t.me/Maran_Tejarat_Eshen/130 | https://t.me/Maran_Tejarat_Eshen/177 | https://t.me/Maran_Tejarat_Eshen/326 | https://t.me/Maran_Tejarat_Eshen/332 | https://t.me/Maran_Tejarat_Eshen/338 | https://t.me/Maran_Tejarat_Eshen/341 | https://t.me/Maran_Tejarat_Eshen/343 | https://t.me/Maran_Tejarat_Eshen/345 | https://t.me/Maran_Tejarat_Eshen/347 | https://t.me/Maran_Tejarat_Eshen/352 | https://t.me/Maran_Tejarat_Eshen/354 | https://t.me/Maran_Tejarat_Eshen/359 | https://t.me/Maran_Tejarat_Eshen/361 | https://t.me/Maran_Tejarat_Eshen/362 | https://t.me/Maran_Tejarat_Eshen/364 | https://t.me/Maran_Tejarat_Eshen/365 | https://t.me/Maran_Tejarat_Eshen/367 | https://t.me/Maran_Tejarat_Eshen/370 | https://t.me/Maran_Tejarat_Eshen/372 | https://t.me/Maran_Tejarat_Eshen/373 | https://t.me/Maran_Tejarat_Eshen/374 | https://t.me/Maran_Tejarat_Eshen/376 | https://t.me/Maran_Tejarat_Eshen/379 | https://t.me/Maran_Tejarat_Eshen/381 | https://t.me/Maran_Tejarat_Eshen/396 | https://t.me/Maran_Tejarat_Eshen/399 | https://t.me/Maran_Tejarat_Eshen/402 | https://t.me/Maran_Tejarat_Eshen/404 | https://t.me/Maran_Tejarat_Eshen/407 | https://t.me/Maran_Tejarat_Eshen/409 | https://t.me/Maran_Tejarat_Eshen/413 | https://t.me/Maran_Tejarat_Eshen/418 | https://t.me/Maran_Tejarat_Eshen/424 | https://t.me/Maran_Tejarat_Eshen/427 | https://t.me/Maran_Tejarat_Eshen/428 | https://t.me/Maran_Tejarat_Eshen/441 | https://t.me/Maran_Tejarat_Eshen/443 | https://t.me/Maran_Tejarat_Eshen/450 | https://t.me/Maran_Tejarat_Eshen/485 | https://t.me/Maran_Tejarat_Eshen/487 | https://t.me/Maran_Tejarat_Eshen/489 | https://t.me/Maran_Tejarat_Eshen/490 | https://t.me/Maran_Tejarat_Eshen/497 | https://t.me/Maran_Tejarat_Eshen/498 | https://t.me/Maran_Tejarat_Eshen/499 | https://t.me/Maran_Tejarat_Eshen/503 | https://t.me/Maran_Tejarat_Eshen/505 | https://t.me/Maran_Tejarat_Eshen/508 | https://t.me/Maran_Tejarat_Eshen/509,existing skill export | router_title_normalization,110
methyl 4-carbonochloridoylbenzoate,Methyl 4-(chlorocarbonyl)benzoate,7377-26-6,81850,CVXXHXPNTZBZEL-UHFFFAOYSA-N,C9H7ClO3,198.6,,confirmed_organic,organic_reagent,not_stated,industrial,Telegram: ChemIranSanat,Iranian supplier Telegram catalogue,skill live country-gate,public catalogue/product-page evidence; current stock not independently verified,listed_not_current_stock_verified,methyl 4-carbonochloridoylbenzoate,,existing skill export,1
methyl 4-hydroxybenzoate,Methylparaben,99-76-3,7456,LXCFILQKKLGQFO-UHFFFAOYSA-N,C8H8O3,152.15,,confirmed_organic,cosmetic_raw_material,yes,Extra Pure/Lab | extra pure,TamadKala,Iranian online research/chemical shop | Iranian online wholesale/lab shop,site shows Iranian online shop,public catalogue/product-page evidence; current stock not independently verified,product_page_listed_not_current_stock_verified,متیل پارابن extra pure نوترون,https://tamadkala.com/product/166777/%D9%85%D8%AA%DB%8C%D9%84-%D9%BE%D8%A7%D8%B1%D8%A7%D8%A8%D9%86-extra-pure-%D9%86%D9%88%D8%AA%D8%B1%D9%88%D9%86,explicit_category_supplement | router_title_normalization,2
methyl acetate,methyl acetate,,6584,KXKVLQRXCPHEJC-UHFFFAOYSA-N,C3H6O2,74.08,,confirmed_organic,fragrance_or_aroma,not_stated,industrial,Chemical Iran,Iranian online research/chemical shop,site shows Iranian online shop,public catalogue/product-page evidence; current stock not independently verified,product_page_listed_not_current_stock_verified,Methyl Acetate,https://www.chemicaliran.com/,explicit_category_supplement,1
methyl prop-2-enoate,Methyl acrylate,96-33-3,7294,BAPJBEWLBFYGME-UHFFFAOYSA-N,C4H6O2,86.09,,confirmed_organic,organic_reagent,not_stated,,TamadKala,Iranian online wholesale/lab shop,site shows Iranian online shop,public catalogue/product-page evidence; current stock not independently verified,product_page_listed_not_current_stock_verified,متیل اکریلات,https://tamadkala.com/product/19586/%D9%85%D8%AA%DB%8C%D9%84-%D8%A7%DA%A9%D8%B1%DB%8C%D9%84%D8%A7%D8%AA,router_title_normalization,1
methyl propanoate,Lithium carbonate,554-12-1,11124,RJUFJBKOKNCXHH-UHFFFAOYSA-N,C4H8O2,88.11,,confirmed_organic,organic_reagent,not_stated,MERCK,Fardad Shimi,Iranian online lab-chemical shop,site shows Iranian shop and nationwide delivery,public catalogue/product-page evidence; current stock not independently verified,product_page_listed_not_current_stock_verified,لیتیم کربنات MERCK | ...,,router_title_normalization,1
methylsulfinylmethane,Dimethyl sulfoxide,67-68-5,679,IAZDPXIOMUYVGZ-UHFFFAOYSA-N,C2H6OS,78.14,,confirmed_organic,organic_reagent,yes,True | extra pure | research,Fardad Shimi | TamadKala | Telegram: ChemIranSanat | Telegram: minatajhiz,Iranian online lab-chemical shop | Iranian online wholesale/lab shop | Iranian supplier Telegram catalogue,site shows Iranian online shop | site shows Iranian shop and nationwide delivery | skill live country-gate,public catalogue/product-page evidence; current stock not independently verified,listed_not_current_stock_verified | product_page_listed_not_current_stock_verified,methylsulfinylmethane | دی متیل سولفوکساید دکتر مجللی | دی متیل سولفوکسید extra pure دکتر مجللی | فروش دی متیل سولفوکسید,https://fardadshimi.com/product/6199252/ | https://t.me/ChemIranSanat/1078 | https://t.me/ChemIranSanat/1665 | https://t.me/ChemIranSanat/1987 | https://t.me/ChemIranSanat/2021 | https://t.me/ChemIranSanat/536 | https://t.me/ChemIranSanat/552 | https://t.me/ChemIranSanat/611 | https://t.me/minatajhiz/744 | https://tamadkala.com/product/1504/%D9%81%D8%B1%D9%88%D8%B4-%D8%AF%DB%8C-%D9%85%D8%AA%DB%8C%D9%84-%D8%B3%D9%88%D9%84%D9%81%D9%88%DA%A9%D8%B3%DB%8C%D8%AF | https://tamadkala.com/product/168008/%D8%AF%DB%8C-%D9%85%D8%AA%DB%8C%D9%84-%D8%B3%D9%88%D9%84%D9%81%D9%88%DA%A9%D8%B3%DB%8C%D8%AF-extra-pure-%D8%AF%DA%A9%D8%AA%D8%B1-%D9%85%D8%AC%D9%84%D9%84%DB%8C | https://tamadkala.com/product/75782/%D8%AF%DB%8C-%D9%85%D8%AA%DB%8C%D9%84-%D8%B3%D9%88%D9%84%D9%81%D9%88%DA%A9%D8%B3%D8%A7%DB%8C%D8%AF-%D8%AF%DA%A9%D8%AA%D8%B1-%D9%85%D8%AC%D9%84%D9%84%DB%8C,existing skill export | router_title_normalization,19
"N'-(2-aminoethyl)ethane-1,2-diamine",Diethylenetriamine,111-40-0,8111,RPNUMPOLZDHAAY-UHFFFAOYSA-N,C4H13N3,103.17,,confirmed_organic,organic_reagent,yes,research,Telegram: minatajhiz,Iranian supplier Telegram catalogue,skill live country-gate,public catalogue/product-page evidence; current stock not independently verified,listed_not_current_stock_verified,"N'-(2-aminoethyl)ethane-1,2-diamine",https://t.me/minatajhiz/976,existing skill export,2
"N'-[2-[2-(2-aminoethylamino)ethylamino]ethyl]ethane-1,2-diamine",Tetraethylenepentamine,112-57-2,8197,FAGUFWYHJQFNRV-UHFFFAOYSA-N,C8H23N5,189.30,,confirmed_organic,organic_reagent,yes,research,Telegram: ChemIranSanat | Telegram: minatajhiz,Iranian supplier Telegram catalogue,skill live country-gate,public catalogue/product-page evidence; current stock not independently verified,listed_not_current_stock_verified,"N'-[2-[2-(2-aminoethylamino)ethylamino]ethyl]ethane-1,2-diamine",https://t.me/ChemIranSanat/392 | https://t.me/minatajhiz/70,existing skill export,3
"N,N,4-trimethylaniline",Dimethyl-p-toluidine,,7471,GYVGXEWAOAAJEU-UHFFFAOYSA-N,C9H13N,135.21,,confirmed_organic,organic_reagent,yes,research,Telegram: minatajhiz,Iranian supplier Telegram catalogue,skill live country-gate,public catalogue/product-page evidence; current stock not independently verified,listed_not_current_stock_verified,"N,N,4-trimethylaniline",https://t.me/minatajhiz/1079,existing skill export,2
"N,N,N',N'-tetramethylethane-1,2-diamine","N,N,N',N'-Tetramethylethylenediamine",,8037,KWYHDKDOAIKMQN-UHFFFAOYSA-N,C6H16N2,116.20,,confirmed_organic,organic_reagent,yes,research,Telegram: ChemIranSanat,Iranian supplier Telegram catalogue,skill live country-gate,public catalogue/product-page evidence; current stock not independently verified,listed_not_current_stock_verified,"N,N,N',N'-tetramethylethane-1,2-diamine",https://t.me/ChemIranSanat/1374 | https://t.me/ChemIranSanat/1680,existing skill export,3
"N,N-diethyl-3-methylbenzamide",Diethyl Toluamide,,4284,MMOXZBCLCQITDF-UHFFFAOYSA-N,C12H17NO,191.27,,confirmed_organic,cosmetic_raw_material,not_stated,,BehChin Chemi Pharmed,Iranian supplier API/intermediate catalogue,site states Iran-based supplier,public catalogue/product-page evidence; current stock not independently verified,supplier_catalogue_listed_not_current_stock_verified,Diethyl Toluamide,https://www.behchinchemi.ir/en/our-products/cosmetic-materials,supplier_table,1
"N,N-diethylaniline","N,N-Diethylaniline",,7061,GGSUCNLOZRCGPQ-UHFFFAOYSA-N,C10H15N,149.23,,confirmed_organic,organic_reagent,yes,research,Telegram: minatajhiz,Iranian supplier Telegram catalogue,skill live country-gate,public catalogue/product-page evidence; current stock not independently verified,listed_not_current_stock_verified,"N,N-diethylaniline",https://t.me/minatajhiz/1016,existing skill export,2
"N,N-diethylethanamine;hydrochloride",Triethylamine hydrochloride,,11130,ILWRPSCZWQJDMK-UHFFFAOYSA-N,C6H16ClN,137.65,,confirmed_organic,organic_reagent,not_stated,,TamadKala,Iranian online wholesale/lab shop,site shows Iranian online shop,public catalogue/product-page evidence; current stock not independently verified,product_page_listed_not_current_stock_verified,تری اتیل آمین هیدروکلراید,https://tamadkala.com/product/54766/%D8%AA%D8%B1%DB%8C-%D8%A7%D8%AA%DB%8C%D9%84-%D8%A2%D9%85%DB%8C%D9%86-%D9%87%DB%8C%D8%AF%D8%B1%D9%88%DA%A9%D9%84%D8%B1%D8%A7%DB%8C%D8%AF,router_title_normalization,1
"N,N-dimethyl-4-phenyldiazenylaniline",Dimethyl yellow,60-11-7,6053,JCYPECIVGRXBMO-UHFFFAOYSA-N,C14H15N3,225.29,,confirmed_organic,colorant_or_indicator,not_stated,True,Fardad Shimi,Iranian online lab-chemical shop,site shows Iranian shop and nationwide delivery,public catalogue/product-page evidence; current stock not independently verified,product_page_listed_not_current_stock_verified,دی متیل یلو مرک MERCK,,router_title_normalization,1
"N,N-dimethylacetamide","N,N-Dimethylacetamide",127-19-5,31374,FXHOOIRPVKKKFG-UHFFFAOYSA-N,C4H9NO,87.12,,confirmed_organic,organic_reagent,yes,extra pure | gc,TamadKala,Iranian online wholesale/lab shop,site shows Iranian online shop,public catalogue/product-page evidence; current stock not independently verified,product_page_listed_not_current_stock_verified,nn دی متیل استامید extra pure نوترون | ... | nn دی متیل استامید gc نوترون | ...,,router_title_normalization,2
"N,N-dimethylaniline",Dimethylaniline,121-69-7,949,JLTDJTHDQAWBAV-UHFFFAOYSA-N,C8H11N,121.18,,confirmed_organic,organic_reagent,not_stated,MERCK | industrial,Fardad Shimi | Telegram: Maran_Tejarat_Eshen,Iranian online lab-chemical shop | Iranian supplier Telegram catalogue,site shows Iranian shop and nationwide delivery | skill live country-gate,public catalogue/product-page evidence; current stock not independently verified,listed_not_current_stock_verified | product_page_listed_not_current_stock_verified,"N,N-dimethylaniline | دی متیل آنیلین MERCK",https://fardadshimi.com/product/6468367/,existing skill export | router_title_normalization,2
"N,N-dimethylformamide",Dimethylformamide,68-12-2,6228,ZMXDDKWLCZADIW-UHFFFAOYSA-N,C3H7NO,73.09,,confirmed_organic,organic_reagent,yes,True | dry | extra pure | gc | hplc | industrial,Fardad Shimi | TamadKala | Telegram: IranChemicals,Iranian online lab-chemical shop | Iranian online wholesale/lab shop | Iranian supplier Telegram catalogue,site shows Iranian online shop | site shows Iranian shop and nationwide delivery | skill live country-gate,public catalogue/product-page evidence; current stock not independently verified,listed_not_current_stock_verified | product_page_listed_not_current_stock_verified,"N,N-dimethylformamide | دی متیل فرمامید dry نوترون | ... | دی متیل فرمامید extra pure دکتر مجللی | دی متیل فرمامید extra pure دکتر مجللی 2 | ... | دی متیل فرمامید gc دکتر مجللی | دی متیل فرمامید gc نوترون | ... | دی متیل فرمامید hplc نوترون | دی متیل فرمامید دکتر مجللی | دی متیل فرمامید نوترون | فروش دی متیل فرمامید",https://fardadshimi.com/product/6199366/ | https://t.me/IranChemicals/29753 | https://tamadkala.com/product/1527/%D9%81%D8%B1%D9%88%D8%B4-%D8%AF%DB%8C-%D9%85%D8%AA%DB%8C%D9%84-%D9%81%D8%B1%D9%85%D8%A7%D9%85%DB%8C%D8%AF | https://tamadkala.com/product/168014/%D8%AF%DB%8C-%D9%85%D8%AA%DB%8C%D9%84-%D9%81%D8%B1%D9%85%D8%A7%D9%85%DB%8C%D8%AF-gc-%D8%AF%DA%A9%D8%AA%D8%B1-%D9%85%D8%AC%D9%84%D9%84%DB%8C | https://tamadkala.com/product/168017/%D8%AF%DB%8C-%D9%85%D8%AA%DB%8C%D9%84-%D9%81%D8%B1%D9%85%D8%A7%D9%85%DB%8C%D8%AF-extra-pure-%D8%AF%DA%A9%D8%AA%D8%B1-%D9%85%D8%AC%D9%84%D9%84%DB%8C | https://tamadkala.com/product/52665/%D8%AF%DB%8C-%D9%85%D8%AA%DB%8C%D9%84-%D9%81%D8%B1%D9%85%D8%A7%D9%85%DB%8C%D8%AF-%D9%86%D9%88%D8%AA%D8%B1%D9%88%D9%86 | https://tamadkala.com/product/92891/%D8%AF%DB%8C-%D9%85%D8%AA%DB%8C%D9%84-%D9%81%D8%B1%D9%85%D8%A7%D9%85%DB%8C%D8%AF-hplc-%D9%86%D9%88%D8%AA%D8%B1%D9%88%D9%86,existing skill export | router_title_normalization,11
"N,N-dimethylmethanamine",Trimethylamine,,1146,GETQZCLCWQTVFV-UHFFFAOYSA-N,C3H9N,59.11,,confirmed_organic,organic_reagent,yes,research,Telegram: minatajhiz,Iranian supplier Telegram catalogue,skill live country-gate,public catalogue/product-page evidence; current stock not independently verified,listed_not_current_stock_verified,"N,N-dimethylmethanamine",https://t.me/minatajhiz/994,existing skill export,2
N-(3-hydroxyiminobutan-2-ylidene)hydroxylamine,Dimethylglyoxime,141-80-2,135459645,JGUQDUKBUKFFRO-UHFFFAOYSA-N,C4H8N2O2,116.12,,confirmed_organic,organic_reagent,not_stated,,Fardad Shimi,Iranian online lab-chemical shop,site shows Iranian shop and nationwide delivery,public catalogue/product-page evidence; current stock not independently verified,product_page_listed_not_current_stock_verified,دی متیل گلی اکسیم MERCK | ...,,router_title_normalization,1
N-(4-hydroxyphenyl)acetamide,Paracetamol,,1983,RZVAJINKPMORJF-UHFFFAOYSA-N,C8H9NO2,151.16,,confirmed_organic,pharmaceutical_or_api,yes,API/GMP,BehChin Chemi Pharmed | Rooz Darou,Iranian supplier API/intermediate catalogue | Iranian pharmaceutical product catalogue,site states Iran-based supplier,public catalogue/product-page evidence; current stock not independently verified,supplier_catalogue_listed_not_current_stock_verified,Paracetamol | قرص استامینوفن 325,https://www.behchinchemi.ir/en/our-products/active-pharmaceutical-ingredient | http://rouzdarou.com/products/%D9%82%D8%B1%D8%B5-%D8%A7%D8%B3%D8%AA%D8%A7%D9%85%DB%8C%D9%86%D9%88%D9%81%D9%86-325,supplier_table,1
N-(cyanomethyl)-4-(trifluoromethyl)pyridine-3-carboxamide,Flonicamid,158062-67-0,9834513,RLQJEEJISHYWON-UHFFFAOYSA-N,C9H6F3N3O,229.16,,confirmed_organic,organic_reagent,not_stated,industrial,Telegram: jahaneshimicom,Iranian supplier Telegram catalogue,skill live country-gate,public catalogue/product-page evidence; current stock not independently verified,listed_not_current_stock_verified,N-(cyanomethyl)-4-(trifluoromethyl)pyridine-3-carboxamide,,existing skill export,1
N-[2-(octadecanoylamino)ethyl]octadecanamide,Ethylenebis(stearamide),,8044,RKISUIUJZGSLEV-UHFFFAOYSA-N,C38H76N2O2,593.0,,confirmed_organic,organic_reagent,not_stated,industrial; unknown,Telegram: chemgroup,Iranian supplier Telegram catalogue,skill live country-gate,public catalogue/product-page evidence; current stock not independently verified,listed_not_current_stock_verified,N-[2-(octadecanoylamino)ethyl]octadecanamide,https://t.me/chemgroup/1498,existing skill export,2
N-butylbutan-1-amine,Dibutylamine,,8148,JQVDAXLFBXTEQA-UHFFFAOYSA-N,C8H19N,129.24,,confirmed_organic,organic_reagent,yes,research,Telegram: minatajhiz,Iranian supplier Telegram catalogue,skill live country-gate,public catalogue/product-page evidence; current stock not independently verified,listed_not_current_stock_verified,N-butylbutan-1-amine,https://t.me/minatajhiz/1007 | https://t.me/minatajhiz/799,existing skill export,3
N-ethylethanamine,Diethylamine,109-89-7,8021,HPNMFZURTQLUMO-UHFFFAOYSA-N,C4H11N,73.14,,confirmed_organic,organic_reagent,not_stated,,TamadKala,Iranian online wholesale/lab shop,site shows Iranian online shop,public catalogue/product-page evidence; current stock not independently verified,product_page_listed_not_current_stock_verified,دی اتیل آمین,https://tamadkala.com/product/18302/%D8%AF%DB%8C-%D8%A7%D8%AA%DB%8C%D9%84-%D8%A2%D9%85%DB%8C%D9%86,router_title_normalization,1
N-ethylethanamine;hydrobromide,Diethylammonium Bromide,536-69-6,10986453,AATGHKSFEUVOPF-UHFFFAOYSA-N,C4H12BrN,154.05,,confirmed_organic,organic_reagent,not_stated,,TamadKala,Iranian online wholesale/lab shop,site shows Iranian online shop,public catalogue/product-page evidence; current stock not independently verified,product_page_listed_not_current_stock_verified,دی اتیل آمونیوم بروماید,https://tamadkala.com/product/18318/%D8%AF%DB%8C-%D8%A7%D8%AA%DB%8C%D9%84-%D8%A2%D9%85%D9%88%D9%86%DB%8C%D9%88%D9%85-%D8%A8%D8%B1%D9%88%D9%85%D8%A7%DB%8C%D8%AF,router_title_normalization,1
N-ethylethanamine;hydrochloride,Diethylammonium Chloride,993-36-2,10197650,HDITUCONWLWUJR-UHFFFAOYSA-N,C4H12ClN,109.60,,confirmed_organic,organic_reagent,not_stated,,TamadKala,Iranian online wholesale/lab shop,site shows Iranian online shop,public catalogue/product-page evidence; current stock not independently verified,product_page_listed_not_current_stock_verified,دی اتیل آمونیوم کلراید,https://tamadkala.com/product/18306/%D8%AF%DB%8C-%D8%A7%D8%AA%DB%8C%D9%84-%D8%A2%D9%85%D9%88%D9%86%DB%8C%D9%88%D9%85-%DA%A9%D9%84%D8%B1%D8%A7%DB%8C%D8%AF,router_title_normalization,1
N-methyl-3-phenyl-3-[4-(trifluoromethyl)phenoxy]propan-1-amine;hydrochloride,Fluoxetine HCL,,62857,GIYXAJPCNFJEHY-UHFFFAOYSA-N,C17H19ClF3NO,345.8,,confirmed_organic,pharmaceutical_or_api,yes,API/GMP,BehChin Chemi Pharmed,Iranian supplier API/intermediate catalogue,site states Iran-based supplier,public catalogue/product-page evidence; current stock not independently verified,supplier_catalogue_listed_not_current_stock_verified,Fluoxetine HCL,https://www.behchinchemi.ir/en/our-products/active-pharmaceutical-ingredient,supplier_table,1
N-phenylaniline,Diphenylamine,92-67-1,11487,DMBHHRLKUKUOEG-UHFFFAOYSA-N,C12H11N,169.22,,confirmed_organic,organic_reagent,not_stated,,TamadKala,Iranian online wholesale/lab shop,site shows Iranian online shop,public catalogue/product-page evidence; current stock not independently verified,product_page_listed_not_current_stock_verified,دی فنیل آمین سیگما 820528,https://tamadkala.com/product/146363/%D8%AF%DB%8C-%D9%81%D9%86%DB%8C%D9%84-%D8%A2%D9%85%DB%8C%D9%86-%D8%B3%DB%8C%DA%AF%D9%85%D8%A7-820528,router_title_normalization,1
N-propan-2-ylprop-2-enamide,N-Isopropylacrylamide,,16637,QNILTEGFHQSKFF-UHFFFAOYSA-N,C6H11NO,113.16,,confirmed_organic,organic_reagent,yes,research,Telegram: ChemIranSanat,Iranian supplier Telegram catalogue,skill live country-gate,public catalogue/product-page evidence; current stock not independently verified,listed_not_current_stock_verified,N-propan-2-ylprop-2-enamide,https://t.me/ChemIranSanat/752 | https://t.me/ChemIranSanat/754,existing skill export,3
N-propan-2-ylpropan-2-amine,Diisopropylamine,108-18-9,7912,UAOMVDZJSHZZME-UHFFFAOYSA-N,C6H15N,101.19,,confirmed_organic,organic_reagent,not_stated,,TamadKala,Iranian online wholesale/lab shop,site shows Iranian online shop,public catalogue/product-page evidence; current stock not independently verified,product_page_listed_not_current_stock_verified,دی ایزو پروپیل آمین,https://tamadkala.com/product/18509/%D8%AF%DB%8C-%D8%A7%DB%8C%D8%B2%D9%88-%D9%BE%D8%B1%D9%88%D9%BE%DB%8C%D9%84-%D8%A2%D9%85%DB%8C%D9%86,router_title_normalization,1
naphthalen-1-amine,Alpha-naphthylamine,92-66-4,8640,RUFPHBVGCFYCNW-UHFFFAOYSA-N,C10H9N,143.18,,confirmed_organic,organic_reagent,not_stated,,TamadKala,Iranian online wholesale/lab shop,site shows Iranian online shop,public catalogue/product-page evidence; current stock not independently verified,product_page_listed_not_current_stock_verified,آلفا نفتیل آمین,https://tamadkala.com/product/149112/%D8%A2%D9%84%D9%81%D8%A7-%D9%86%D9%81%D8%AA%DB%8C%D9%84-%D8%A2%D9%85%DB%8C%D9%86,router_title_normalization,1
naphthalene,Naphthalene,91-20-3,931,UFWIBTONFRDIAS-UHFFFAOYSA-N,C10H8,128.17,,confirmed_organic,organic_reagent,not_stated,MERCK,Fardad Shimi,Iranian online lab-chemical shop,site shows Iranian shop and nationwide delivery,public catalogue/product-page evidence; current stock not independently verified,product_page_listed_not_current_stock_verified,نفتالین MERCK | ...,,router_title_normalization,1
"naphthalene-1,4-dicarboxylic acid","1,4-Naphthalenedicarboxylic acid",,69065,ABMFBCRYHDZLRD-UHFFFAOYSA-N,C12H8O4,216.19,,confirmed_organic,organic_reagent,yes,research,Telegram: ChemIranSanat,Iranian supplier Telegram catalogue,skill live country-gate,public catalogue/product-page evidence; current stock not independently verified,listed_not_current_stock_verified,"naphthalene-1,4-dicarboxylic acid",https://t.me/ChemIranSanat/1873,existing skill export,2
"naphthalene-2,6-dicarboxylic acid","2,6-Naphthalenedicarboxylic acid",,14357,RXOHFPCZGPKIRD-UHFFFAOYSA-N,C12H8O4,216.19,,confirmed_organic,organic_reagent,yes,research,Telegram: ChemIranSanat,Iranian supplier Telegram catalogue,skill live country-gate,public catalogue/product-page evidence; current stock not independently verified,listed_not_current_stock_verified,"naphthalene-2,6-dicarboxylic acid",https://t.me/ChemIranSanat/1632,existing skill export,2
nickel(2+);bis((Z)-4-oxopent-2-en-2-olate),Nickel(II) acetylacetonate,,9834912,BMGNSKKZFQMGDH-FDGPNNRMSA-L,C10H14NiO4,256.91,,confirmed_organic,organic_reagent,not_stated,,TamadKala,Iranian online wholesale/lab shop,site shows Iranian online shop,public catalogue/product-page evidence; current stock not independently verified,product_page_listed_not_current_stock_verified,فروش نیکلii استیل استونات | ...,,router_title_normalization,1
octadec-1-ene,1-Octadecene,112-88-9,8217,CCCMONHAUSKTEQ-UHFFFAOYSA-N,C18H36,252.5,,confirmed_organic,organic_reagent,yes,research,Telegram: minatajhiz,Iranian supplier Telegram catalogue,skill live country-gate,public catalogue/product-page evidence; current stock not independently verified,listed_not_current_stock_verified,octadec-1-ene,https://t.me/minatajhiz/986,existing skill export,2
octadecan-1-ol,Stearyl Alcohol,112-92-5,8221,GLDOVTGHNKAZLK-UHFFFAOYSA-N,C18H38O,270.5,,confirmed_organic,organic_reagent,not_stated,False,Isatis Shimi | TamadKala,Iranian online chemical shops | Iranian online wholesale/lab shop,site shows Iranian online shop | site shows Iranian online shops,public catalogue/product-page evidence; current stock not independently verified,product_page_listed_not_current_stock_verified,Stearyl Alcohol | ستو استئاریل الکل | ستیل الکل,https://isatisshimi.com/en/product/stearyl-alcohol-2/ | https://tamadkala.com/product/177560/%D8%B3%D8%AA%D9%88-%D8%A7%D8%B3%D8%AA%D8%A6%D8%A7%D8%B1%DB%8C%D9%84-%D8%A7%D9%84%DA%A9%D9%84 | https://tamadkala.com/product/18408/%D8%B3%D8%AA%DB%8C%D9%84-%D8%A7%D9%84%DA%A9%D9%84,router_title_normalization,4
octadecanoic acid,Stearic acid,57-11-4,5281,QIQXTHQIDYTFRH-UHFFFAOYSA-N,C18H36O2,284.5,,confirmed_organic,organic_reagent,yes,True | industrial; research,Fardad Shimi | TamadKala | Telegram: Ch_Chemical_leaders | Telegram: fanchem | Telegram: jahaneshimicom,Iranian online lab-chemical shop | Iranian online wholesale/lab shop | Iranian supplier Telegram catalogue,site shows Iranian online shop | site shows Iranian shop and nationwide delivery | skill live country-gate,public catalogue/product-page evidence; current stock not independently verified,listed_not_current_stock_verified | product_page_listed_not_current_stock_verified,octadecanoic acid | استئاریک اسید 50 lab دکتر مجللی | ... | استئاریک اسید MERCK | فروش اسید استئاریک,https://fardadshimi.com/product/6197450/ | https://t.me/Ch_Chemical_leaders/161 | https://t.me/Ch_Chemical_leaders/169 | https://t.me/Ch_Chemical_leaders/185 | https://t.me/Ch_Chemical_leaders/203 | https://t.me/Ch_Chemical_leaders/257 | https://t.me/Ch_Chemical_leaders/271 | https://t.me/Ch_Chemical_leaders/279 | https://t.me/Ch_Chemical_leaders/288 | https://t.me/Ch_Chemical_leaders/308 | https://t.me/Ch_Chemical_leaders/311 | https://t.me/Ch_Chemical_leaders/328 | https://t.me/Ch_Chemical_leaders/330 | https://t.me/Ch_Chemical_leaders/347 | https://t.me/Ch_Chemical_leaders/363 | https://t.me/Ch_Chemical_leaders/365 | https://t.me/Ch_Chemical_leaders/372 | https://t.me/Ch_Chemical_leaders/402 | https://t.me/Ch_Chemical_leaders/424 | https://t.me/Ch_Chemical_leaders/451 | https://t.me/Ch_Chemical_leaders/65 | https://t.me/Ch_Chemical_leaders/93 | https://t.me/fanchem/131 | https://t.me/fanchem/292 | https://t.me/jahaneshimicom/23 | https://tamadkala.com/product/1486/%D9%81%D8%B1%D9%88%D8%B4-%D8%A7%D8%B3%DB%8C%D8%AF-%D8%A7%D8%B3%D8%AA%D8%A6%D8%A7%D8%B1%DB%8C%DA%A9,existing skill export | router_title_normalization,50
octan-1-ol,Octanol,111-87-5,957,KBPLFHHGFOOTCA-UHFFFAOYSA-N,C8H18O,130.23,,confirmed_organic,organic_reagent,not_stated,,TamadKala,Iranian online wholesale/lab shop,site shows Iranian online shop,public catalogue/product-page evidence; current stock not independently verified,product_page_listed_not_current_stock_verified,فروش اکتانول,https://tamadkala.com/product/5622/%D9%81%D8%B1%D9%88%D8%B4-%D8%A7%DA%A9%D8%AA%D8%A7%D9%86%D9%88%D9%84,router_title_normalization,1
octane,n-Octane,111-65-9,356,TVMXDCGIABBOFY-UHFFFAOYSA-N,C8H18,114.23,,confirmed_organic,organic_reagent,yes,True | laboratory,Fardad Shimi | TamadKala,Iranian online lab-chemical shop | Iranian online wholesale/lab shop,site shows Iranian online shop | site shows Iranian shop and nationwide delivery,public catalogue/product-page evidence; current stock not independently verified,product_page_listed_not_current_stock_verified,ان اکتان laboratory دکتر مجللی | ... | ان اکتان دکتر مجللی,https://fardadshimi.com/product/6199238/,router_title_normalization,2
octanoic acid,Octanoic Acid,,379,WWZKQHOCKIZLMA-UHFFFAOYSA-N,C8H16O2,144.21,,confirmed_organic,organic_reagent,yes,research,Telegram: minatajhiz,Iranian supplier Telegram catalogue,skill live country-gate,public catalogue/product-page evidence; current stock not independently verified,listed_not_current_stock_verified,octanoic acid,https://t.me/minatajhiz/1065,existing skill export,2
oxalic acid,Oxalic acid,144-62-7,971,MUBZPKHOEPUJKR-UHFFFAOYSA-N,C2H2O4,90.03,,confirmed_organic,organic_reagent,yes,2 ABE | 2 abe extra pure | Dr. Mojallali | False | industrial,DigiShimi | Fardad Shimi | TamadKala | Telegram: Ch_Chemical_leaders | Telegram: ChemIranSanat,Iranian online chemical shops | Iranian online lab-chemical shop | Iranian online wholesale/lab shop | Iranian supplier Telegram catalogue,site shows Iranian online shop | site shows Iranian online shops | site shows Iranian shop and nationwide delivery | skill live country-gate,public catalogue/product-page evidence; current stock not independently verified,listed_not_current_stock_verified | product_page_listed_not_current_stock_verified,oxalic acid | اسید اگزالیک 2 آبه extra pure دکتر مجللی | ... | اسید اگزالیک صنعتی | ... | اسید اگزالیک ۲ آبه ۱ کیلویی دکتر مجللی | ... | اگزالیک اسید | اگزالیک اسید قطران شیمی | ... | اگزالیک اسید ۲ آبه ۱ کیلویی پارس شیمی | فروش اسید اگزالیک,https://digishimii.ir/Product/%d8%a7%da%af%d8%b2%d8%a7%d9%84%db%8c%da%a9-%d8%a7%d8%b3%db%8c%d8%af/ | https://fardadshimi.com/product/%d8%a7%da%af%d8%b2%d8%a7%d9%84%db%8c%da%a9-%d8%a7%d8%b3%db%8c%d8%af-2-%d8%a2%d8%a8%d9%87-1-%da%a9%db%8c%d9%84%d9%88%db%8c%db%8c-%d9%be%d8%a7%d8%b1%d8%b3-%d8%b4%db%8c%d9%85%db%8c/ | https://t.me/Ch_Chemical_leaders/14 | https://t.me/ChemIranSanat/217 | https://tamadkala.com/product/1497/%D9%81%D8%B1%D9%88%D8%B4-%D8%A7%D8%B3%DB%8C%D8%AF-%D8%A7%DA%AF%D8%B2%D8%A7%D9%84%DB%8C%DA%A9,existing skill export | router_title_normalization,9
oxalic acid;dihydrate,Oxalic acid dihydrate,6153-56-6,61373,GEVPUGOOGXGPIO-UHFFFAOYSA-N,C2H6O6,126.07,,confirmed_organic,organic_reagent,not_stated,,TamadKala,Iranian online wholesale/lab shop,site shows Iranian online shop,public catalogue/product-page evidence; current stock not independently verified,product_page_listed_not_current_stock_verified,اسید اگزالیک دو آبه,https://tamadkala.com/product/15501/%D8%A7%D8%B3%DB%8C%D8%AF-%D8%A7%DA%AF%D8%B2%D8%A7%D9%84%DB%8C%DA%A9-%D8%AF%D9%88-%D8%A2%D8%A8%D9%87,router_title_normalization,1
oxalyl dichloride,Oxalyl chloride,79-37-8,65578,CTSLXHKWHWQRSH-UHFFFAOYSA-N,C2Cl2O2,126.92,,confirmed_organic,organic_reagent,yes,research,Telegram: ChemIranSanat,Iranian supplier Telegram catalogue,skill live country-gate,public catalogue/product-page evidence; current stock not independently verified,listed_not_current_stock_verified,oxalyl dichloride,https://t.me/ChemIranSanat/271,existing skill export,2
"oxathiane 2,2-dioxide","1,4-Butane sultone",,15411,MHYFEEDKONKGEB-UHFFFAOYSA-N,C4H8O3S,136.17,,confirmed_organic,organic_reagent,yes,research,Telegram: ChemIranSanat,Iranian supplier Telegram catalogue,skill live country-gate,public catalogue/product-page evidence; current stock not independently verified,listed_not_current_stock_verified,"oxathiane 2,2-dioxide",https://t.me/ChemIranSanat/1728,existing skill export,2
oxiran-2-ylmethanol,Glycidol,556-52-5,11164,CTKINSOISVBQLD-UHFFFAOYSA-N,C3H6O2,74.08,,confirmed_organic,organic_reagent,yes,research,Telegram: minatajhiz,Iranian supplier Telegram catalogue,skill live country-gate,public catalogue/product-page evidence; current stock not independently verified,listed_not_current_stock_verified,oxiran-2-ylmethanol,,existing skill export,1
oxiran-2-ylmethyl 2-methylprop-2-enoate,Glycidyl methacrylate,,7837,VOZRXNHHFUQHIL-UHFFFAOYSA-N,C7H10O3,142.15,,confirmed_organic,organic_reagent,yes,research,Telegram: ChemIranSanat,Iranian supplier Telegram catalogue,skill live country-gate,public catalogue/product-page evidence; current stock not independently verified,listed_not_current_stock_verified,oxiran-2-ylmethyl 2-methylprop-2-enoate,https://t.me/ChemIranSanat/1812,existing skill export,2
oxirane,Ethylene oxide,75-21-8,6354,IAYPIBMASNFSPL-UHFFFAOYSA-N,C2H4O,44.05,,confirmed_organic,organic_reagent,not_stated,,TamadKala,Iranian online wholesale/lab shop,site shows Iranian online shop,public catalogue/product-page evidence; current stock not independently verified,product_page_listed_not_current_stock_verified,فروش اتیلن اکسید,https://tamadkala.com/product/1500/%D9%81%D8%B1%D9%88%D8%B4-%D8%A7%D8%AA%DB%8C%D9%84%D9%86-%D8%A7%DA%A9%D8%B3%DB%8C%D8%AF,router_title_normalization,1
oxolane,tetrahydrofuran,109-99-9,8028,WYURNTSHIVDZCO-UHFFFAOYSA-N,C4H8O,72.11,,confirmed_organic,organic_reagent,yes,True | extra pure | industrial | industrial; research,Fardad Shimi | TamadKala | Telegram: Boof_company | Telegram: LabTel | Telegram: fanchem | Telegram: jahaneshimicom,Iranian online lab-chemical shop | Iranian online wholesale/lab shop | Iranian supplier Telegram catalogue,site shows Iranian online shop | site shows Iranian shop and nationwide delivery | skill live country-gate,public catalogue/product-page evidence; current stock not independently verified,listed_not_current_stock_verified | product_page_listed_not_current_stock_verified,tetrahydrofuran | تترا هیدرو فوران extra pure دکتر مجللی | تترا هیدروفوران دکتر مجللی | تتراهیدروفوران صنعتی | ... | تتراهیدروفوران مرک MERCK | فروش تتراهیدروفوران,https://fardadshimi.com/product/6199372/ | https://fardadshimi.com/product/tetrahydrofuran-merck/ | https://t.me/Boof_company/49 | https://t.me/LabTel/75209 | https://t.me/fanchem/428 | https://t.me/jahaneshimicom/65 | https://tamadkala.com/product/1525/%D9%81%D8%B1%D9%88%D8%B4-%D8%AA%D8%AA%D8%B1%D8%A7%D9%87%DB%8C%D8%AF%D8%B1%D9%88%D9%81%D9%88%D8%B1%D8%A7%D9%86 | https://tamadkala.com/product/168011/%D8%AA%D8%AA%D8%B1%D8%A7-%D9%87%DB%8C%D8%AF%D8%B1%D9%88-%D9%81%D9%88%D8%B1%D8%A7%D9%86-extra-pure-%D8%AF%DA%A9%D8%AA%D8%B1-%D9%85%D8%AC%D9%84%D9%84%DB%8C,existing skill export | router_title_normalization,12
pentan-1-ol,1-Pentanol,71-41-0,6276,AMQJEAYHLZJPGS-UHFFFAOYSA-N,C5H12O,88.15,,confirmed_organic,organic_reagent,yes,research,Telegram: ChemIranSanat | Telegram: minatajhiz,Iranian supplier Telegram catalogue,skill live country-gate,public catalogue/product-page evidence; current stock not independently verified,listed_not_current_stock_verified,amyl alcohol,https://t.me/ChemIranSanat/367 | https://t.me/minatajhiz/1013,existing skill export,3
pentane,n-Pentane,109-66-0,8003,OFBQJSOFQDEBGM-UHFFFAOYSA-N,C5H12,72.15,,confirmed_organic,organic_reagent,yes,True | industrial | laboratory,Fardad Shimi | TamadKala | Telegram: minatajhiz,Iranian online lab-chemical shop | Iranian online wholesale/lab shop | Iranian supplier Telegram catalogue,site shows Iranian online shop | site shows Iranian shop and nationwide delivery | skill live country-gate,public catalogue/product-page evidence; current stock not independently verified,listed_not_current_stock_verified | product_page_listed_not_current_stock_verified,pentane | ان پنتان laboratory دکتر مجللی | ... | ان پنتان دکتر مجللی | پنتان نرمال,https://fardadshimi.com/product/6199240/ | https://tamadkala.com/product/54108/%D9%BE%D9%86%D8%AA%D8%A7%D9%86-%D9%86%D8%B1%D9%85%D8%A7%D9%84,existing skill export | router_title_normalization,4
pentanedial,Glutaraldehyde,111-30-8,3485,SXRSQZLOMIGNAQ-UHFFFAOYSA-N,C5H8O2,100.12,,confirmed_organic,organic_reagent,yes,research,Telegram: minatajhiz,Iranian supplier Telegram catalogue,skill live country-gate,public catalogue/product-page evidence; current stock not independently verified,listed_not_current_stock_verified,pentanedial,,existing skill export,1
phenol,Phenol,108-95-2,996,ISWSIDIOOBJBQZ-UHFFFAOYSA-N,C6H6O,94.11,,confirmed_organic,organic_reagent,yes,extra pure | industrial; research; unknown,TamadKala | Telegram: Boof_company | Telegram: ChemIranSanat | Telegram: IranChemicals | Telegram: minatajhiz,Iranian online wholesale/lab shop | Iranian supplier Telegram catalogue,site shows Iranian online shop | skill live country-gate,public catalogue/product-page evidence; current stock not independently verified,listed_not_current_stock_verified | product_page_listed_not_current_stock_verified,phenol | فنل extra pure دکتر مجللی | ...,https://t.me/Boof_company/52 | https://t.me/Boof_company/53 | https://t.me/Boof_company/54 | https://t.me/ChemIranSanat/689 | https://t.me/IranChemicals/28159 | https://t.me/IranChemicals/28163 | https://t.me/IranChemicals/30297 | https://t.me/IranChemicals/30441 | https://t.me/IranChemicals/31018 | https://t.me/minatajhiz/1006 | https://t.me/minatajhiz/1038,existing skill export | router_title_normalization,20
phenylhydrazine;hydrochloride,Phenylhydrazine hydrochloride,,60962,JOVOSQBPPZZESK-UHFFFAOYSA-N,C6H9ClN2,144.60,,confirmed_organic,organic_reagent,not_stated,,TamadKala,Iranian online wholesale/lab shop,site shows Iranian online shop,public catalogue/product-page evidence; current stock not independently verified,product_page_listed_not_current_stock_verified,فنیل هیدرازین هیدروکلراید کد 114715 سیگما | ...,,router_title_normalization,1
phenylmethanol,Benzyl alcohol,100-51-6,244,WVDDGKGOMKODPV-UHFFFAOYSA-N,C7H8O,108.14,,confirmed_organic,organic_reagent,yes,True | extra pure,Fardad Shimi | TamadKala,Iranian online lab-chemical shop | Iranian online wholesale/lab shop,site shows Iranian online shop | site shows Iranian shop and nationwide delivery,public catalogue/product-page evidence; current stock not independently verified,product_page_listed_not_current_stock_verified,بنزیل الکل extra pure دکتر مجللی | ... | بنزیل الکل دکتر مجللی,https://fardadshimi.com/product/6199375/,router_title_normalization,2
phthalic acid,Phthalic acid,,1017,XNGIFLGASWRNHJ-UHFFFAOYSA-N,C8H6O4,166.13,,confirmed_organic,organic_reagent,not_stated,,TamadKala,Iranian online wholesale/lab shop,site shows Iranian online shop,public catalogue/product-page evidence; current stock not independently verified,product_page_listed_not_current_stock_verified,فتالیک اسید کد 402915 سیگما آلدریچ | ...,,router_title_normalization,1
"potassium (2E,4E)-hexa-2,4-dienoate",Potassium sorbate,590-00-1,23676745,CHHHXKFHOYLYRE-STWYSWDKSA-M,C6H7KO2,150.22,,confirmed_organic,organic_reagent,not_stated,,TamadKala,Iranian online wholesale/lab shop,site shows Iranian online shop,public catalogue/product-page evidence; current stock not independently verified,product_page_listed_not_current_stock_verified,پتاسیم سوربات,https://tamadkala.com/product/56503/%D9%BE%D8%AA%D8%A7%D8%B3%DB%8C%D9%85-%D8%B3%D9%88%D8%B1%D8%A8%D8%A7%D8%AA,router_title_normalization,1
potassium acetate,Sodium acetate,127-09-3,517044,SCVFZCLFOSHCOH-UHFFFAOYSA-M,C2H3NaO2,98.14,,confirmed_organic,organic_reagent,yes,Dr. Mojallali | False | extra pure | laboratory | usp,DigiShimi | Fardad Shimi | TamadKala,Iranian online chemical shops | Iranian online lab-chemical shop | Iranian online wholesale/lab shop,site shows Iranian online shop | site shows Iranian online shops | site shows Iranian shop and nationwide delivery,public catalogue/product-page evidence; current stock not independently verified,product_page_listed_not_current_stock_verified,استات سدیم | سدیم استات خشک extra pure دکتر مجللی | ... | سدیم استات خشک laboratory دکتر مجللی | ... | سدیم استات خشک usp دکتر مجللی | ... | سدیم استات قطران شیمی | فروش استات سدیم | ... | پتاسیم استات extra pure دکتر مجللی | ... | پتاسیم استات قطران شیمی | ... | پتاسیم استات ۱ کیلویی دکتر مجللی | ...,https://digishimii.ir/Product/%d8%a7%d8%b3%d8%aa%d8%a7%d8%aa-%d8%b3%d8%af%db%8c%d9%85/ | https://tamadkala.com/product/72525/%D8%B3%D8%AF%DB%8C%D9%85-%D8%A7%D8%B3%D8%AA%D8%A7%D8%AA-%D9%82%D8%B7%D8%B1%D8%A7%D9%86-%D8%B4%DB%8C%D9%85%DB%8C,router_title_normalization,9
"potassium;sodium;(2R,3R)-2,3-dihydroxybutanedioate",Potassium sodium tartrate,10124-46-2,9357,LJCNRYVRMXRIQR-OLXYHTOASA-L,C4H4KNaO6,210.16,,confirmed_organic,organic_reagent,not_stated,"4 H2O, 1 kg",Fardad Shimi,Iranian online lab-chemical shop,site shows Iranian shop and nationwide delivery,public catalogue/product-page evidence; current stock not independently verified,product_page_listed_not_current_stock_verified,پتاسیم سدیم تارتارات ۴ آبه (نمک راشل) ۱ کیلویی دکتر مجللی | ...,,router_title_normalization,1
"potassium;sodium;2,3-dihydroxybutanedioate;tetrahydrate",Sodium potassium tartrate tetrahydrate,10124-69-3,2724148,VZOPRCCTKLAGPN-UHFFFAOYSA-L,C4H12KNaO10,282.22,,confirmed_organic,organic_reagent,not_stated,,TamadKala,Iranian online wholesale/lab shop,site shows Iranian online shop,public catalogue/product-page evidence; current stock not independently verified,product_page_listed_not_current_stock_verified,فروش سدیم پتاسیم تارتارات 4 آبه | ...,,router_title_normalization,1
prop-2-enamide,Acrylamide,,6579,HRPVXLWXLXDGHG-UHFFFAOYSA-N,C3H5NO,71.08,,confirmed_organic,organic_reagent,yes,research,Telegram: ChemIranSanat,Iranian supplier Telegram catalogue,skill live country-gate,public catalogue/product-page evidence; current stock not independently verified,listed_not_current_stock_verified,prop-2-enamide,https://t.me/ChemIranSanat/2017 | https://t.me/ChemIranSanat/356,existing skill export,3
prop-2-enenitrile,Acrylonitrile,107-13-1,7855,NLHHRLWOUZZQLW-UHFFFAOYSA-N,C3H3N,53.06,,confirmed_organic,organic_reagent,yes,research,Telegram: ChemIranSanat,Iranian supplier Telegram catalogue,skill live country-gate,public catalogue/product-page evidence; current stock not independently verified,listed_not_current_stock_verified,prop-2-enenitrile,,existing skill export,1
prop-2-enoic acid,Acrylic acid,79-10-7,6581,NIXOWILDQLNWCW-UHFFFAOYSA-N,C3H4O2,72.06,,confirmed_organic,organic_reagent,yes,extra pure | industrial | industrial; research,TamadKala | Telegram: Maran_Tejarat_Eshen | Telegram: minatajhiz,Iranian online wholesale/lab shop | Iranian supplier Telegram catalogue,site shows Iranian online shop | skill live country-gate,public catalogue/product-page evidence; current stock not independently verified,listed_not_current_stock_verified | product_page_listed_not_current_stock_verified,prop-2-enoic acid | آکریلیک اسید برند ستلایت چینی صنعتی | اسید اکریلیک امرتات شیمی گرید extra pure | اکریلیک اسید,https://t.me/Maran_Tejarat_Eshen/216 | https://t.me/Maran_Tejarat_Eshen/220 | https://t.me/Maran_Tejarat_Eshen/222 | https://t.me/Maran_Tejarat_Eshen/226 | https://t.me/Maran_Tejarat_Eshen/228 | https://t.me/Maran_Tejarat_Eshen/232 | https://t.me/Maran_Tejarat_Eshen/235 | https://t.me/Maran_Tejarat_Eshen/237 | https://t.me/Maran_Tejarat_Eshen/238 | https://t.me/Maran_Tejarat_Eshen/239 | https://t.me/Maran_Tejarat_Eshen/241 | https://t.me/Maran_Tejarat_Eshen/244 | https://t.me/Maran_Tejarat_Eshen/247 | https://t.me/Maran_Tejarat_Eshen/248 | https://t.me/Maran_Tejarat_Eshen/249 | https://t.me/Maran_Tejarat_Eshen/250 | https://t.me/Maran_Tejarat_Eshen/251 | https://t.me/Maran_Tejarat_Eshen/252 | https://t.me/Maran_Tejarat_Eshen/253 | https://t.me/Maran_Tejarat_Eshen/255 | https://t.me/Maran_Tejarat_Eshen/635 | https://t.me/minatajhiz/1011 | https://tamadkala.com/product/154879/%D8%A7%D8%B3%DB%8C%D8%AF-%D8%A7%DA%A9%D8%B1%DB%8C%D9%84%DB%8C%DA%A9-%D8%A7%D9%85%D8%B1%D8%AA%D8%A7%D8%AA-%D8%B4%DB%8C%D9%85%DB%8C-%DA%AF%D8%B1%DB%8C%D8%AF-extra-pure | https://tamadkala.com/product/173457/%D8%A2%DA%A9%D8%B1%DB%8C%D9%84%DB%8C%DA%A9-%D8%A7%D8%B3%DB%8C%D8%AF-%D8%A8%D8%B1%D9%86%D8%AF-%D8%B3%D8%AA%D9%84%D8%A7%DB%8C%D8%AA-%DA%86%DB%8C%D9%86%DB%8C-%D8%B5%D9%86%D8%B9%D8%AA%DB%8C | https://tamadkala.com/product/7979/%D8%A7%DA%A9%D8%B1%DB%8C%D9%84%DB%8C%DA%A9-%D8%A7%D8%B3%DB%8C%D8%AF,existing skill export | router_title_normalization,46
propan-1-amine,Propylamine,,7852,WGYKZJWCGVVSQN-UHFFFAOYSA-N,C3H9N,59.11,,confirmed_organic,organic_reagent,not_stated,,TamadKala,Iranian online wholesale/lab shop,site shows Iranian online shop,public catalogue/product-page evidence; current stock not independently verified,product_page_listed_not_current_stock_verified,پروپیل آمین | ...,,router_title_normalization,1
propan-1-ol,Propanol,71-23-8,1031,BDERNNFJNOPAEC-UHFFFAOYSA-N,C3H8O,60.10,,confirmed_organic,organic_reagent,not_stated,True,Fardad Shimi | TamadKala,Iranian online lab-chemical shop | Iranian online wholesale/lab shop,site shows Iranian online shop | site shows Iranian shop and nationwide delivery,public catalogue/product-page evidence; current stock not independently verified,product_page_listed_not_current_stock_verified,1 پروپانول | ... | پروپانول پارس شیمی,https://fardadshimi.com/product/6378785/,router_title_normalization,2
propan-2-amine,Isopropylamine,,6363,JJWLVOIRVHMVIS-UHFFFAOYSA-N,C3H9N,59.11,,confirmed_organic,organic_reagent,not_stated,,TamadKala,Iranian online wholesale/lab shop,site shows Iranian online shop,public catalogue/product-page evidence; current stock not independently verified,product_page_listed_not_current_stock_verified,فروش ایزو پروپیل آمین | ...,,router_title_normalization,1
propan-2-ol,2-propanol,67-63-0,3776,KFZMGEQAYNKOFK-UHFFFAOYSA-N,C3H8O,60.10,,confirmed_organic,organic_reagent,yes,99.5% | False | True | acs | extra pure | gc | gradient hplc | industrial | isocratic hplc | research; unknown | usp | uv spectroscopy,DigiShimi | Fardad Shimi | Isatis Shimi | TamadKala | Telegram: ChemIranSanat | Telegram: IranChemicals | Telegram: minatajhiz,Iranian online chemical shops | Iranian online lab-chemical shop | Iranian online wholesale/lab shop | Iranian supplier Telegram catalogue,site shows Iranian online shop | site shows Iranian online shops | site shows Iranian shop and nationwide delivery | skill live country-gate,public catalogue/product-page evidence; current stock not independently verified,listed_not_current_stock_verified | product_page_listed_not_current_stock_verified,2 پروپانول acs دکتر مجللی | ... | 2 پروپانول extra pure دکتر مجللی | ... | 2 پروپانول gc دکتر مجللی | ... | 2 پروپانول gradient hplc دکتر مجللی | ... | 2 پروپانول isocratic hplc دکتر مجللی | ... | 2 پروپانول usp دکتر مجللی | ... | 2 پروپانول uv spectroscopy دکتر مجللی | ... | Isopropyl Alcohol | Isopropyl alcohol | isopropanol | ایزو پروپیل الکل | ایزوپروپانول extra pure امرتات شیمی کد 107022 | ...,https://fardadshimi.com/product/6199217/ | https://isatisshimi.com/en/product/isopropyl-alcohol-3/ | https://isatisshimi.com/product/%d8%a7%db%8c%d8%b2%d9%88-%d9%be%d8%b1%d9%88%d9%be%db%8c%d9%84-%d8%a7%d9%84%da%a9%d9%84/ | https://t.me/ChemIranSanat/1808 | https://t.me/ChemIranSanat/1890 | https://t.me/ChemIranSanat/1902 | https://t.me/IranChemicals/28403 | https://t.me/IranChemicals/28727 | https://t.me/minatajhiz/615 | https://tamadkala.com/product/32091/%D8%A7%DB%8C%D8%B2%D9%88%D9%BE%D8%B1%D9%88%D9%BE%DB%8C%D9%84-%D8%A7%D9%84%DA%A9%D9%84-99-5-%D9%BE%D8%A7%D8%B1%D8%B3-%D8%B4%DB%8C%D9%85%DB%8C,existing skill export | router_title_normalization,26
propan-2-one,Acetone,67-64-1,180,CSCPPACGZOOCGX-UHFFFAOYSA-N,C3H6O,58.08,,confirmed_organic,organic_reagent,yes,99% USP | False | True | industrial; research | p.a.,DigiShimi | Fardad Shimi | Isatis Shimi | TamadKala | Telegram: Boof_company | Telegram: ChemIranSanat | Telegram: minatajhiz,Iranian online chemical shops | Iranian online lab-chemical shop | Iranian online wholesale/lab shop | Iranian supplier Telegram catalogue,site shows Iranian online shop | site shows Iranian online shops | site shows Iranian shop and nationwide delivery | skill live country-gate,public catalogue/product-page evidence; current stock not independently verified,listed_not_current_stock_verified | product_page_listed_not_current_stock_verified,Acetone | propan-2-one | استون | استون 99 5 p a پارس شیمی | استون 99 u s p پارس شیمی | استون دارویی | استون دکتر مجللی | استون صنعتی | استون پارس شیمی,https://digishimii.ir/Product/%d8%a7%d8%b3%d8%aa%d9%88%d9%86-%d8%af%d8%a7%d8%b1%d9%88%db%8c%db%8c/ | https://digishimii.ir/Product/%d8%a7%d8%b3%d8%aa%d9%88%d9%86-%d8%b5%d9%86%d8%b9%d8%aa%db%8c/ | https://fardadshimi.com/product/6199220/ | https://fardadshimi.com/product/6378772/ | https://isatisshimi.com/en/product/acetone/ | https://isatisshimi.com/product/%d8%a7%d8%b3%d8%aa%d9%88%d9%86/ | https://t.me/Boof_company/39 | https://t.me/Boof_company/40 | https://t.me/ChemIranSanat/1746 | https://t.me/minatajhiz/764 | https://tamadkala.com/product/32734/%D8%A7%D8%B3%D8%AA%D9%88%D9%86-99-u-s-p-%D9%BE%D8%A7%D8%B1%D8%B3-%D8%B4%DB%8C%D9%85%DB%8C | https://tamadkala.com/product/32743/%D8%A7%D8%B3%D8%AA%D9%88%D9%86-99-5-p-a-%D9%BE%D8%A7%D8%B1%D8%B3-%D8%B4%DB%8C%D9%85%DB%8C,existing skill export | router_title_normalization,15
propan-2-yl tetradecanoate,Isopropyl Myristate,,8042,AXISYYRBXTVTFY-UHFFFAOYSA-N,C17H34O2,270.5,,confirmed_organic,cosmetic_raw_material,not_stated,,BehChin Chemi Pharmed,Iranian supplier API/intermediate catalogue,site states Iran-based supplier,public catalogue/product-page evidence; current stock not independently verified,supplier_catalogue_listed_not_current_stock_verified,Isopropyl Myristate,https://www.behchinchemi.ir/en/our-products/cosmetic-materials,supplier_table,1
"propane-1,2,3-triol",Glycerin,56-81-5,753,PEDCQBHIVMGVHV-UHFFFAOYSA-N,C3H8O3,92.09,,confirmed_organic,pharmaceutical_or_api,yes,True | industrial; research,DigiShimi | Fardad Shimi | Isatis Shimi | TamadKala | Telegram: Ch_Chemical_leaders | Telegram: chemgroup | Telegram: minatajhiz,Iranian online chemical shops | Iranian online lab-chemical shop | Iranian online wholesale/lab shop | Iranian supplier Telegram catalogue,site shows Iranian online shop | site shows Iranian online shops | site shows Iranian shop and nationwide delivery | skill live country-gate,public catalogue/product-page evidence; current stock not independently verified,listed_not_current_stock_verified | product_page_listed_not_current_stock_verified,"Cosmetic and Industrial Glycerin | Glycerin (Hygienic Grade) | Glycerin (Pharmaceutical and Industrial Grade) | propane-1,2,3-triol | گلیسیرین | گلیسیرین دکتر مجللی | گلیسیرین صنعتی جامد | گلیسیرین صنعتی مایع | ... | گیلیسیرین صنعتی",https://digishimii.ir/Product/%da%af%d9%84%db%8c%d8%b3%db%8c%d8%b1%db%8c%d9%86/ | https://fardadshimi.com/product/6199335/ | https://isatisshimi.com/en/product/cosmetic-and-industrial-glycerin/ | https://isatisshimi.com/en/product/glycerin-hygienic-grade/ | https://isatisshimi.com/en/product/glycerin-pharmaceutical-and-industrial-grade/ | https://t.me/Ch_Chemical_leaders/214 | https://t.me/chemgroup/1414 | https://t.me/minatajhiz/988 | https://tamadkala.com/product/12730/%DA%AF%D9%84%DB%8C%D8%B3%DB%8C%D8%B1%DB%8C%D9%86-%D8%B5%D9%86%D8%B9%D8%AA%DB%8C-%D8%AC%D8%A7%D9%85%D8%AF | https://tamadkala.com/product/164277/%DA%AF%DB%8C%D9%84%DB%8C%D8%B3%DB%8C%D8%B1%DB%8C%D9%86-%D8%B5%D9%86%D8%B9%D8%AA%DB%8C,existing skill export | router_title_normalization,14
"propane-1,2-diol",Propylene glycol,57-55-6,1030,DNIAPMSPPWPWGF-UHFFFAOYSA-N,C3H8O2,76.09,,confirmed_organic,organic_reagent,yes,True | extra pure | laboratory | usp,Fardad Shimi | TamadKala,Iranian online lab-chemical shop | Iranian online wholesale/lab shop,site shows Iranian online shop | site shows Iranian shop and nationwide delivery,public catalogue/product-page evidence; current stock not independently verified,product_page_listed_not_current_stock_verified,پروپیلن گلایکول extra pure دکتر مجللی | پروپیلن گلایکول laboratory دکتر مجللی | ... | پروپیلن گلایکول usp نوترون | پروپیلن گلایکول دکتر مجللی | پروپیلن گلیکول,https://fardadshimi.com/product/6199354/ | https://tamadkala.com/product/177561/%D9%BE%D8%B1%D9%88%D9%BE%DB%8C%D9%84%D9%86-%DA%AF%D9%84%DB%8C%DA%A9%D9%88%D9%84 | https://tamadkala.com/product/76314/%D9%BE%D8%B1%D9%88%D9%BE%DB%8C%D9%84%D9%86-%DA%AF%D9%84%D8%A7%DB%8C%DA%A9%D9%88%D9%84-extra-pure-%D8%AF%DA%A9%D8%AA%D8%B1-%D9%85%D8%AC%D9%84%D9%84%DB%8C | https://tamadkala.com/product/92888/%D9%BE%D8%B1%D9%88%D9%BE%DB%8C%D9%84%D9%86-%DA%AF%D9%84%D8%A7%DB%8C%DA%A9%D9%88%D9%84-usp-%D9%86%D9%88%D8%AA%D8%B1%D9%88%D9%86,router_title_normalization,5
propanedinitrile,Malononitrile,109-77-3,8010,CUONGYYJJVDODC-UHFFFAOYSA-N,C3H2N2,66.06,,confirmed_organic,organic_reagent,yes,research,Telegram: minatajhiz,Iranian supplier Telegram catalogue,skill live country-gate,public catalogue/product-page evidence; current stock not independently verified,listed_not_current_stock_verified,propanedinitrile,https://t.me/minatajhiz/995,existing skill export,2
propyl 4-hydroxybenzoate,Propylparaben,120-53-8,7175,QELSKZZBTMNZEB-UHFFFAOYSA-N,C10H12O3,180.20,,confirmed_organic,cosmetic_raw_material,yes,usp | صنعتی,BehChin Chemi Pharmed | TamadKala,Iranian online wholesale/lab shop | Iranian supplier API/intermediate catalogue,site shows Iranian online shop | site states Iran-based supplier,public catalogue/product-page evidence; current stock not independently verified,product_page_listed_not_current_stock_verified | supplier_catalogue_listed_not_current_stock_verified,Propylparaben | پروپیل پارابن usp نوترون | ... | پروپیل پارابن سیگما usp کد 1577008 | پروپیل پارابن صنعتی,https://tamadkala.com/product/147144/%D9%BE%D8%B1%D9%88%D9%BE%DB%8C%D9%84-%D9%BE%D8%A7%D8%B1%D8%A7%D8%A8%D9%86-%D8%B3%DB%8C%DA%AF%D9%85%D8%A7-usp-%DA%A9%D8%AF-1577008 | https://tamadkala.com/product/88559/%D9%BE%D8%B1%D9%88%D9%BE%DB%8C%D9%84-%D9%BE%D8%A7%D8%B1%D8%A7%D8%A8%D9%86-%D8%B5%D9%86%D8%B9%D8%AA%DB%8C | https://www.behchinchemi.ir/en/our-products/cosmetic-materials,router_title_normalization | supplier_table,4
pyridine,Pyridine,110-86-1,1049,JUJWROOIHBZHMG-UHFFFAOYSA-N,C5H5N,79.10,,confirmed_organic,organic_reagent,yes,MERCK | True | dry | extra pure | research,Fardad Shimi | TamadKala | Telegram: ChemIranSanat | Telegram: minatajhiz,Iranian online lab-chemical shop | Iranian online wholesale/lab shop | Iranian supplier Telegram catalogue,site shows Iranian online shop | site shows Iranian shop and nationwide delivery | skill live country-gate,public catalogue/product-page evidence; current stock not independently verified,listed_not_current_stock_verified | product_page_listed_not_current_stock_verified,pyridine | پیرولیدین | پیریدین | پیریدین MERCK | پیریدین dry نوترون | پیریدین extra pure دکتر مجللی | ... | پیریدین extra pure نوترون | پیریدین دکتر مجللی,https://fardadshimi.com/product/6199293/ | https://fardadshimi.com/product/6468373/ | https://t.me/ChemIranSanat/1455 | https://t.me/ChemIranSanat/1548 | https://t.me/ChemIranSanat/1573 | https://t.me/ChemIranSanat/1583 | https://t.me/ChemIranSanat/1586 | https://t.me/ChemIranSanat/1589 | https://t.me/ChemIranSanat/1687 | https://t.me/ChemIranSanat/1781 | https://t.me/ChemIranSanat/1866 | https://t.me/ChemIranSanat/1870 | https://t.me/ChemIranSanat/1932 | https://t.me/ChemIranSanat/2014 | https://t.me/ChemIranSanat/630 | https://t.me/ChemIranSanat/69 | https://t.me/minatajhiz/61 | https://t.me/minatajhiz/998 | https://tamadkala.com/product/18391/%D9%BE%DB%8C%D8%B1%DB%8C%D8%AF%DB%8C%D9%86 | https://tamadkala.com/product/18518/%D9%BE%DB%8C%D8%B1%D9%88%D9%84%DB%8C%D8%AF%DB%8C%D9%86 | https://tamadkala.com/product/76052/%D9%BE%DB%8C%D8%B1%DB%8C%D8%AF%DB%8C%D9%86-%D8%AF%DA%A9%D8%AA%D8%B1-%D9%85%D8%AC%D9%84%D9%84%DB%8C | https://tamadkala.com/product/92893/%D9%BE%DB%8C%D8%B1%DB%8C%D8%AF%DB%8C%D9%86-extra-pure-%D9%86%D9%88%D8%AA%D8%B1%D9%88%D9%86 | https://tamadkala.com/product/92894/%D9%BE%DB%8C%D8%B1%DB%8C%D8%AF%DB%8C%D9%86-dry-%D9%86%D9%88%D8%AA%D8%B1%D9%88%D9%86,existing skill export | router_title_normalization,39
pyridine-4-carboxamide,Isonicotinamide,,15074,VFQXVTODMYMSMJ-UHFFFAOYSA-N,C6H6N2O,122.12,,confirmed_organic,organic_reagent,yes,research,Telegram: ChemIranSanat,Iranian supplier Telegram catalogue,skill live country-gate,public catalogue/product-page evidence; current stock not independently verified,listed_not_current_stock_verified,pyridine-4-carboxamide,https://t.me/ChemIranSanat/1695,existing skill export,2
"pyrrolidine-2,5-dione",Succinimide,,11439,KZNICNPSHKQLFF-UHFFFAOYSA-N,C4H5NO2,99.09,,confirmed_organic,organic_reagent,yes,research,Telegram: minatajhiz,Iranian supplier Telegram catalogue,skill live country-gate,public catalogue/product-page evidence; current stock not independently verified,listed_not_current_stock_verified,"pyrrolidine-2,5-dione",https://t.me/minatajhiz/1015,existing skill export,2
"sodium (2R,3S,4R,5R)-2,3,4,5,6-pentahydroxyhexanoate",Sodium gluconate,,23672301,UPMFZISCCZSDND-JJKGCWMISA-M,C6H11NaO7,218.14,,confirmed_organic,organic_reagent,not_stated,,TamadKala,Iranian online wholesale/lab shop,site shows Iranian online shop,public catalogue/product-page evidence; current stock not independently verified,product_page_listed_not_current_stock_verified,سدیم گلوکونات کد 822058 | ...,,router_title_normalization,1
"sodium (2S,5R,6R)-6-[[(2R)-2-amino-2-phenylacetyl]amino]-3,3-dimethyl-7-oxo-4-thia-1-azabicyclo[3.2.0]heptane-2-carboxylate",Ampicillin,69-52-3,23663979,KLOHDWPABZXLGI-YWUHCJSESA-M,C16H18N3NaO4S,371.4,,confirmed_organic,pharmaceutical_or_api,yes,usp,TamadKala,Iranian online wholesale/lab shop,site shows Iranian online shop,public catalogue/product-page evidence; current stock not independently verified,product_page_listed_not_current_stock_verified,آمپیسیلین سیگما usp کد 1033000 | ...,,router_title_normalization,1
"sodium 1,1-dioxo-1,2-benzothiazol-2-id-3-one",Sodium saccharin,6168-11-8,656582,WINXNKPZLFISPD-UHFFFAOYSA-M,C7H4NNaO3S,205.17,,confirmed_organic,pharmaceutical_or_api,yes,False | MERCK | extra pure,DigiShimi | Fardad Shimi | TamadKala,Iranian online chemical shops | Iranian online lab-chemical shop | Iranian online wholesale/lab shop,site shows Iranian online shop | site shows Iranian online shops | site shows Iranian shop and nationwide delivery,public catalogue/product-page evidence; current stock not independently verified,product_page_listed_not_current_stock_verified,سدیم ساخارین | سدیم ساخارین extra pure نوترون | سدیم ساخارین خوراکی | ... | سدیم ساخارین ۲ آبه مرک MERCK,https://digishimii.ir/Product/%d8%b3%d8%af%db%8c%d9%85-%d8%b3%d8%a7%d8%ae%d8%a7%d8%b1%db%8c%d9%86/ | https://fardadshimi.com/product/saccharin-sodium-merck/ | https://tamadkala.com/product/96652/%D8%B3%D8%AF%DB%8C%D9%85-%D8%B3%D8%A7%D8%AE%D8%A7%D8%B1%DB%8C%D9%86-extra-pure-%D9%86%D9%88%D8%AA%D8%B1%D9%88%D9%86,router_title_normalization,4
sodium 2-dodecylbenzenesulfonate,Sodium dodecylbenzenesulfonate,25155-30-0,23662403,HFQQZARZPUDIFP-UHFFFAOYSA-M,C18H29NaO3S,348.5,,confirmed_organic,organic_reagent,not_stated,,TamadKala,Iranian online wholesale/lab shop,site shows Iranian online shop,public catalogue/product-page evidence; current stock not independently verified,product_page_listed_not_current_stock_verified,سدیم دودسیل بنزن سولفونات,https://tamadkala.com/product/30052/%D8%B3%D8%AF%DB%8C%D9%85-%D8%AF%D9%88%D8%AF%D8%B3%DB%8C%D9%84-%D8%A8%D9%86%D8%B2%D9%86-%D8%B3%D9%88%D9%84%D9%81%D9%88%D9%86%D8%A7%D8%AA,router_title_normalization,1
sodium 2-hydroxybenzoate,Sodium Salicylate,54-21-7,16760658,ABBQHOQBGMUPJH-UHFFFAOYSA-M,C7H5NaO3,160.10,,confirmed_organic,organic_reagent,not_stated,True,Fardad Shimi,Iranian online lab-chemical shop,site shows Iranian shop and nationwide delivery,public catalogue/product-page evidence; current stock not independently verified,product_page_listed_not_current_stock_verified,سدیم سالیسیلات MERCK,https://fardadshimi.com/product/6197526/,router_title_normalization,1
sodium 2-hydroxypropanoate,Sodium lactate,72-17-3,23666456,NGSFWBMYFKHRBD-UHFFFAOYSA-M,C3H5NaO3,112.06,,confirmed_organic,organic_reagent,not_stated,industrial,TamadKala,Iranian online wholesale/lab shop,site shows Iranian online shop,public catalogue/product-page evidence; current stock not independently verified,product_page_listed_not_current_stock_verified,لاکتات سدیم صنعتی,https://tamadkala.com/product/55642/%D9%84%D8%A7%DA%A9%D8%AA%D8%A7%D8%AA-%D8%B3%D8%AF%DB%8C%D9%85-%D8%B5%D9%86%D8%B9%D8%AA%DB%8C,router_title_normalization,1
"sodium 3-[[4-[[4-(4-ethoxyanilino)phenyl]-[4-[ethyl-[(3-sulfonatophenyl)methyl]azaniumylidene]-2-methylcyclohexa-2,5-dien-1-ylidene]methyl]-N-ethyl-3-methylanilino]methyl]benzenesulfonate",Coomassie Brilliant Blue,6104-59-2,61363,RWVGQQGBQSJDQV-UHFFFAOYSA-M,C47H48N3NaO7S2,854.0,,confirmed_organic,colorant_or_indicator,not_stated,,TamadKala,Iranian online wholesale/lab shop,site shows Iranian online shop,public catalogue/product-page evidence; current stock not independently verified,product_page_listed_not_current_stock_verified,coomassie brilliant blue,https://tamadkala.com/product/6408/coomassie-brilliant-blue,router_title_normalization,1
sodium 3-hydroxy-4-[(1-hydroxynaphthalen-2-yl)diazenyl]-7-nitronaphthalene-1-sulfonate,Eriochrome Black T,1787-61-7,135465089,AMMWFYKTZVIRFN-UHFFFAOYSA-M,C20H12N3NaO7S,461.4,,confirmed_organic,organic_reagent,yes,ACS | True,Fardad Shimi | TamadKala,Iranian online lab-chemical shop | Iranian online wholesale/lab shop,site shows Iranian online shop | site shows Iranian shop and nationwide delivery,public catalogue/product-page evidence; current stock not independently verified,product_page_listed_not_current_stock_verified,آریو کروم بلک تی مرک MERCK | اریو کروم بلک تی acs دکتر مجللی,https://tamadkala.com/product/23452/%D8%A7%D8%B1%DB%8C%D9%88-%DA%A9%D8%B1%D9%88%D9%85-%D8%A8%D9%84%DA%A9-%D8%AA%DB%8C-acs-%D8%AF%DA%A9%D8%AA%D8%B1-%D9%85%D8%AC%D9%84%D9%84%DB%8C,router_title_normalization,2
sodium 4-[[4-(dimethylamino)phenyl]diazenyl]benzenesulfonate,Methyl orange,547-58-0,23673835,STZCRXQWRGQSJD-UHFFFAOYSA-M,C14H14N3NaO3S,327.34,,confirmed_organic,colorant_or_indicator,yes,ACS | True,Fardad Shimi | TamadKala,Iranian online lab-chemical shop | Iranian online wholesale/lab shop,site shows Iranian online shop | site shows Iranian shop and nationwide delivery,public catalogue/product-page evidence; current stock not independently verified,product_page_listed_not_current_stock_verified,متیل اورنج هندی | متیل اورنژ acs دکتر مجللی,https://fardadshimi.com/product/6392026/ | https://tamadkala.com/product/24564/%D9%85%D8%AA%DB%8C%D9%84-%D8%A7%D9%88%D8%B1%D9%86%DA%98-acs-%D8%AF%DA%A9%D8%AA%D8%B1-%D9%85%D8%AC%D9%84%D9%84%DB%8C,router_title_normalization,2
sodium 4-methoxycarbonylphenolate,Sodium Methylparaben,,23663626,PESXGULMKCKJCC-UHFFFAOYSA-M,C8H7NaO3,174.13,,confirmed_organic,cosmetic_raw_material,not_stated,,BehChin Chemi Pharmed,Iranian supplier API/intermediate catalogue,site states Iran-based supplier,public catalogue/product-page evidence; current stock not independently verified,supplier_catalogue_listed_not_current_stock_verified,Sodium Methylparaben,https://www.behchinchemi.ir/en/our-products/cosmetic-materials,supplier_table,1
"sodium 6-[6-[6-[5-acetamido-4,6-dihydroxy-2-(sulfooxymethyl)oxan-3-yl]oxy-2-carboxy-4-hydroxy-5-sulfooxyoxan-3-yl]oxy-2-(hydroxymethyl)-5-(sulfoamino)-4-sulfooxyoxan-3-yl]oxy-3,4-dihydroxy-5-sulfooxyoxane-2-carboxylic acid",Heparin Sodium,,92044406,JRTRSJGZMRQDHI-UHFFFAOYSA-N,C26H42N2NaO37S5+,1157.9,,confirmed_organic,pharmaceutical_or_api,yes,API/GMP,BehChin Chemi Pharmed,Iranian supplier API/intermediate catalogue,site states Iran-based supplier,public catalogue/product-page evidence; current stock not independently verified,supplier_catalogue_listed_not_current_stock_verified,Heparin Sodium,https://www.behchinchemi.ir/en/our-products/active-pharmaceutical-ingredient,supplier_table,1
sodium benzoate,Sodium benzoate,540-16-9,517055,WXMKPNITSTVMEF-UHFFFAOYSA-M,C7H5NaO2,144.10,,confirmed_organic,organic_reagent,yes,extra pure | industrial | laboratory,ShimiMan | TamadKala,Iranian online chemical shop | Iranian online wholesale/lab shop,Iranian Persian-language shop; country not independently country-gated | site shows Iranian online shop,public catalogue/product-page evidence; current stock not independently verified,product_page_listed_not_current_stock_verified,https://shimiman.com/product/sodium-benzoate-grade-extra-pure/ | https://shimiman.com/product/sodium-benzoate-grade-laboratory/ | بنزوات سدیم صنعتی | سدیم بنزوات extra pure دکتر مجللی | ... | سدیم بنزوات extra pure کد 05785 برند لوباکمی هند | سدیم بنزوات laboratory دکتر مجللی | ...,https://shimiman.com/product/sodium-benzoate-grade-extra-pure/ | https://shimiman.com/product/sodium-benzoate-grade-laboratory/ | https://tamadkala.com/product/146471/%D8%B3%D8%AF%DB%8C%D9%85-%D8%A8%D9%86%D8%B2%D9%88%D8%A7%D8%AA-extra-pure-%DA%A9%D8%AF-05785-%D8%A8%D8%B1%D9%86%D8%AF-%D9%84%D9%88%D8%A8%D8%A7%DA%A9%D9%85%DB%8C-%D9%87%D9%86%D8%AF | https://tamadkala.com/product/174257/%D8%A8%D9%86%D8%B2%D9%88%D8%A7%D8%AA-%D8%B3%D8%AF%DB%8C%D9%85-%D8%B5%D9%86%D8%B9%D8%AA%DB%8C,router_title_normalization | sitemap_title,6
sodium formate,Sodium Formate,107-33-3,2723810,HLBBKKJFGFRGMU-UHFFFAOYSA-M,CHNaO2,68.007,,confirmed_organic,organic_reagent,not_stated,,TamadKala,Iranian online wholesale/lab shop,site shows Iranian online shop,public catalogue/product-page evidence; current stock not independently verified,product_page_listed_not_current_stock_verified,سدیم فرمات,https://tamadkala.com/product/9531/%D8%B3%D8%AF%DB%8C%D9%85-%D9%81%D8%B1%D9%85%D8%A7%D8%AA,router_title_normalization,1
sodium methanolate,Sodium Methoxide,,10942334,WQDUMFSSJAZKTM-UHFFFAOYSA-N,CH3NaO,54.024,,confirmed_organic,organic_reagent,yes,research,Telegram: minatajhiz,Iranian supplier Telegram catalogue,skill live country-gate,public catalogue/product-page evidence; current stock not independently verified,listed_not_current_stock_verified,sodium methanolate,https://t.me/minatajhiz/1093,existing skill export,2
sodium octadecanoate,Sodium stearate,822-16-2,2724691,RYYKJJJTJZKILX-UHFFFAOYSA-M,C18H35NaO2,306.5,,confirmed_organic,organic_reagent,not_stated,True | industrial,DigiShimi | Fardad Shimi | TamadKala | Telegram: fanchem,Iranian online chemical shops | Iranian online lab-chemical shop | Iranian online wholesale/lab shop | Iranian supplier Telegram catalogue,site shows Iranian online shop | site shows Iranian online shops | site shows Iranian shop and nationwide delivery | skill live country-gate,public catalogue/product-page evidence; current stock not independently verified,listed_not_current_stock_verified | product_page_listed_not_current_stock_verified,sodium octadecanoate | استئارات سدیم | استئارات سدیم صنعتی | ... | سدیم استئارات ۹۹% MERCK,https://digishimii.ir/Product/%d8%a7%d8%b3%d8%aa%d8%a6%d8%a7%d8%b1%d8%a7%d8%aa-%d8%b3%d8%af%db%8c%d9%85/ | https://fardadshimi.com/product/6195720/ | https://t.me/fanchem/207 | https://t.me/fanchem/278 | https://t.me/fanchem/280 | https://t.me/fanchem/401 | https://t.me/fanchem/444,existing skill export | router_title_normalization,12
sodium;(4S)-4-amino-5-hydroxy-5-oxopentanoate;hydrate,Monosodium glutamate,,23689119,GJBHGUUFMNITCI-QTNFYWBSSA-M,C5H10NNaO5,187.13,,confirmed_organic,organic_reagent,not_stated,,TamadKala,Iranian online wholesale/lab shop,site shows Iranian online shop,public catalogue/product-page evidence; current stock not independently verified,product_page_listed_not_current_stock_verified,مونوسدیم گلوتامات خوراکی,https://tamadkala.com/product/74875/%D9%85%D9%88%D9%86%D9%88%D8%B3%D8%AF%DB%8C%D9%85-%DA%AF%D9%84%D9%88%D8%AA%D8%A7%D9%85%D8%A7%D8%AA-%D8%AE%D9%88%D8%B1%D8%A7%DA%A9%DB%8C,router_title_normalization,1
sodium;acetate;trihydrate,Sodium acetate trihydrate,10124-43-9,23665404,AYRVGWHSXIMRAB-UHFFFAOYSA-M,C2H9NaO5,136.08,,confirmed_organic,organic_reagent,yes,True | extra pure | laboratory | usp,Fardad Shimi | ShimiMan | TamadKala,Iranian online chemical shop | Iranian online lab-chemical shop | Iranian online wholesale/lab shop,Iranian Persian-language shop; country not independently country-gated | site shows Iranian online shop | site shows Iranian shop and nationwide delivery,public catalogue/product-page evidence; current stock not independently verified,product_page_listed_not_current_stock_verified,https://shimiman.com/product/sodium-acetate-trihydrate-grade-usp/ | سدیم استات تری هیدرات extra pure دکتر مجللی | ... | سدیم استات تری هیدرات laboratory دکتر مجللی | ... | سدیم استات تری هیدرات usp دکتر مجللی | ... | سدیم استات ۳ آبه MERCK,https://fardadshimi.com/product/6195765/ | https://shimiman.com/product/sodium-acetate-trihydrate-grade-usp/,router_title_normalization | sitemap_title,5
terephthalaldehyde,Terephthalaldehyde,,12173,KUCOHFSKRZZVRO-UHFFFAOYSA-N,C8H6O2,134.13,,confirmed_organic,organic_reagent,yes,research,Telegram: ChemIranSanat,Iranian supplier Telegram catalogue,skill live country-gate,public catalogue/product-page evidence; current stock not independently verified,listed_not_current_stock_verified,terephthalaldehyde,https://t.me/ChemIranSanat/618,existing skill export,2
terephthalic acid,Terephthalic acid,100-21-0,7489,KKEYFWRCBNTPAC-UHFFFAOYSA-N,C8H6O4,166.13,,confirmed_organic,organic_reagent,yes,MERCK | research,Fardad Shimi | Telegram: ChemIranSanat | Telegram: minatajhiz,Iranian online lab-chemical shop | Iranian supplier Telegram catalogue,site shows Iranian shop and nationwide delivery | skill live country-gate,public catalogue/product-page evidence; current stock not independently verified,listed_not_current_stock_verified | product_page_listed_not_current_stock_verified,terephthalic acid | ترفتالیک اسید MERCK | ...,https://t.me/ChemIranSanat/1381 | https://t.me/ChemIranSanat/1393 | https://t.me/ChemIranSanat/1699 | https://t.me/ChemIranSanat/1724 | https://t.me/ChemIranSanat/1843 | https://t.me/ChemIranSanat/1862 | https://t.me/ChemIranSanat/1911 | https://t.me/ChemIranSanat/1926 | https://t.me/ChemIranSanat/1939 | https://t.me/ChemIranSanat/507 | https://t.me/minatajhiz/267,existing skill export | router_title_normalization,22
tetrachloromethane,Carbon tetrachloride,56-23-5,5943,VZGDMQKNWNREIO-UHFFFAOYSA-N,CCl4,153.8,,confirmed_organic,organic_reagent,not_stated,Sigma-Aldrich,TamadKala,Iranian online wholesale/lab shop,site shows Iranian online shop,public catalogue/product-page evidence; current stock not independently verified,product_page_listed_not_current_stock_verified,تترا کلرید کربن کد 319961 سیگما | تتراكلريد كربن قطران شیمی | ...,https://tamadkala.com/product/164265/%D8%AA%D8%AA%D8%B1%D8%A7-%DA%A9%D9%84%D8%B1%DB%8C%D8%AF-%DA%A9%D8%B1%D8%A8%D9%86-%DA%A9%D8%AF-319961-%D8%B3%DB%8C%DA%AF%D9%85%D8%A7,router_title_normalization,2
tetrakis(propan-2-olate);titanium(4+),Titanium(IV) isopropoxide,10818-05-8,11026,VXUYXOFXAQZZMF-UHFFFAOYSA-N,C12H28O4Ti,284.22,,confirmed_organic,organic_reagent,yes,MERCK | research,Fardad Shimi | TamadKala | Telegram: ChemIranSanat,Iranian online lab-chemical shop | Iranian online wholesale/lab shop | Iranian supplier Telegram catalogue,site shows Iranian online shop | site shows Iranian shop and nationwide delivery | skill live country-gate,public catalogue/product-page evidence; current stock not independently verified,listed_not_current_stock_verified | product_page_listed_not_current_stock_verified,tetrakis(propan-2-olate);titanium(4+) | تیتانیوم (IV) ایزوپروپوکسید MERCK | فروش تیتانیوم iv ایزوپروپوکسید | ...,https://fardadshimi.com/product/6468370/ | https://t.me/ChemIranSanat/1497,existing skill export | router_title_normalization,4
"thiolane 1,1-dioxide",Sulfolane,126-33-0,31347,HXJUTPCZVOIRIF-UHFFFAOYSA-N,C4H8O2S,120.17,,confirmed_organic,organic_reagent,not_stated,industrial,Telegram: jahaneshimicom,Iranian supplier Telegram catalogue,skill live country-gate,public catalogue/product-page evidence; current stock not independently verified,listed_not_current_stock_verified,"thiolane 1,1-dioxide",,existing skill export,1
thiourea,Thiourea,62-56-6,2723790,UMGDCJDMYOKAJW-UHFFFAOYSA-N,CH4N2S,76.12,,confirmed_organic,organic_reagent,not_stated,MERCK | industrial,Fardad Shimi | TamadKala,Iranian online lab-chemical shop | Iranian online wholesale/lab shop,site shows Iranian online shop | site shows Iranian shop and nationwide delivery,public catalogue/product-page evidence; current stock not independently verified,product_page_listed_not_current_stock_verified,تیو اوره صنعتی | تیواوره MERCK | ... | تیواوره | ...,https://tamadkala.com/product/176678/%D8%AA%DB%8C%D9%88-%D8%A7%D9%88%D8%B1%D9%87-%D8%B5%D9%86%D8%B9%D8%AA%DB%8C,router_title_normalization,3
toluene,Toluene,108-88-3,1140,YXFVVABEGXRONW-UHFFFAOYSA-N,C7H8,92.14,,confirmed_organic,organic_reagent,yes,False | True | acs | extra pure | gc | hplc | industrial; research,DigiShimi | Fardad Shimi | Isatis Shimi | ShimiMan | TamadKala | Telegram: ChemIranSanat | Telegram: IranChemicals | Telegram: Maran_Tejarat_Eshen,Iranian online chemical shop | Iranian online chemical shops | Iranian online lab-chemical shop | Iranian online wholesale/lab shop | Iranian supplier Telegram catalogue,Iranian Persian-language shop; country not independently country-gated | site shows Iranian online shop | site shows Iranian online shops | site shows Iranian shop and nationwide delivery | skill live country-gate,public catalogue/product-page evidence; current stock not independently verified,listed_not_current_stock_verified | product_page_listed_not_current_stock_verified,Toluene | https://shimiman.com/product/toluene-grade-acs/ | https://shimiman.com/product/toluene-grade-extra-pure/ | toluene | تولوئن | تولوئن 99 7 extra pure پارس شیمی | تولوئن acs دکتر مجللی | ... | تولوئن extra pure امرتات شیمی کد amt108323 | ... | تولوئن extra pure دکتر مجللی | ... | تولوئن extra pure نوترون | ... | تولوئن gc نوترون | ... | تولوئن hplc نوترون | ...,https://digishimii.ir/Product/%d8%aa%d9%88%d9%84%d9%88%d8%a6%d9%86/ | https://fardadshimi.com/product/6199285/ | https://isatisshimi.com/en/product/toluene/ | https://shimiman.com/product/toluene-grade-acs/ | https://shimiman.com/product/toluene-grade-extra-pure/ | https://t.me/ChemIranSanat/1400 | https://t.me/ChemIranSanat/2087 | https://t.me/IranChemicals/29072 | https://t.me/Maran_Tejarat_Eshen/109 | https://t.me/Maran_Tejarat_Eshen/117 | https://t.me/Maran_Tejarat_Eshen/121 | https://t.me/Maran_Tejarat_Eshen/122 | https://t.me/Maran_Tejarat_Eshen/128 | https://t.me/Maran_Tejarat_Eshen/135 | https://t.me/Maran_Tejarat_Eshen/138 | https://t.me/Maran_Tejarat_Eshen/144 | https://t.me/Maran_Tejarat_Eshen/148 | https://t.me/Maran_Tejarat_Eshen/149 | https://t.me/Maran_Tejarat_Eshen/151 | https://t.me/Maran_Tejarat_Eshen/153 | https://t.me/Maran_Tejarat_Eshen/155 | https://t.me/Maran_Tejarat_Eshen/158 | https://t.me/Maran_Tejarat_Eshen/160 | https://t.me/Maran_Tejarat_Eshen/161 | https://t.me/Maran_Tejarat_Eshen/162 | https://t.me/Maran_Tejarat_Eshen/164 | https://t.me/Maran_Tejarat_Eshen/165 | https://t.me/Maran_Tejarat_Eshen/166 | https://t.me/Maran_Tejarat_Eshen/170 | https://t.me/Maran_Tejarat_Eshen/172 | https://t.me/Maran_Tejarat_Eshen/173 | https://t.me/Maran_Tejarat_Eshen/178 | https://t.me/Maran_Tejarat_Eshen/179 | https://t.me/Maran_Tejarat_Eshen/180 | https://t.me/Maran_Tejarat_Eshen/90 | https://tamadkala.com/product/32788/%D8%AA%D9%88%D9%84%D9%88%D8%A6%D9%86-99-7-extra-pure-%D9%BE%D8%A7%D8%B1%D8%B3-%D8%B4%DB%8C%D9%85%DB%8C,existing skill export | router_title_normalization | sitemap_title,74
trichloromethyl carbonochloridate,Diphosgene,,10426,HCUYBXPSSCRKRF-UHFFFAOYSA-N,C2Cl4O2,197.8,,confirmed_organic,organic_reagent,not_stated,industrial,Telegram: chemgroup,Iranian supplier Telegram catalogue,skill live country-gate,public catalogue/product-page evidence; current stock not independently verified,listed_not_current_stock_verified,trichloromethyl carbonochloridate,https://t.me/chemgroup/912,existing skill export,1
triethoxy(octyl)silane,Octyltriethoxysilane,2943-75-1,76262,MSRJTTSHWYDFIU-UHFFFAOYSA-N,C14H32O3Si,276.49,,confirmed_organic,organic_reagent,yes,research,Telegram: minatajhiz,Iranian supplier Telegram catalogue,skill live country-gate,public catalogue/product-page evidence; current stock not independently verified,listed_not_current_stock_verified,triethoxy(octyl)silane,https://t.me/minatajhiz/791,existing skill export,2
"triethyl 2-hydroxypropane-1,2,3-tricarboxylate",Triethyl citrate,106-60-7,6506,DOOTYTYQINUNNV-UHFFFAOYSA-N,C12H20O7,276.28,,confirmed_organic,organic_reagent,not_stated,industrial,TamadKala,Iranian online wholesale/lab shop,site shows Iranian online shop,public catalogue/product-page evidence; current stock not independently verified,product_page_listed_not_current_stock_verified,تری اتیل سیترات | تری اتیل سیترات صنعتی | ...,https://tamadkala.com/product/16225/%D8%AA%D8%B1%DB%8C-%D8%A7%D8%AA%DB%8C%D9%84-%D8%B3%DB%8C%D8%AA%D8%B1%D8%A7%D8%AA,router_title_normalization,2
triethylalumane,Triethylaluminium,,16682930,VOITXYVAKOUIBA-UHFFFAOYSA-N,C6H15Al,114.16,,confirmed_organic,organic_reagent,not_stated,sigma,TamadKala,Iranian online wholesale/lab shop,site shows Iranian online shop,public catalogue/product-page evidence; current stock not independently verified,product_page_listed_not_current_stock_verified,تری اتیل آلومینیوم سیگما | ...,,router_title_normalization,1
trimethoxy(methyl)silane,Methyltrimethoxysilane,1185-55-3,14456,BFXIKLCIZHOAAZ-UHFFFAOYSA-N,C4H12O3Si,136.22,,confirmed_organic,organic_reagent,yes,research,Telegram: minatajhiz,Iranian supplier Telegram catalogue,skill live country-gate,public catalogue/product-page evidence; current stock not independently verified,listed_not_current_stock_verified,trimethoxy(methyl)silane,https://t.me/minatajhiz/12,existing skill export,2
trimethyl(trimethylsilyloxy)silane,Hexamethyldisiloxane,107-46-0,24764,UQEAIHBTYFGYIE-UHFFFAOYSA-N,C6H18OSi2,162.38,,confirmed_organic,organic_reagent,not_stated,,TamadKala,Iranian online wholesale/lab shop,site shows Iranian online shop,public catalogue/product-page evidence; current stock not independently verified,product_page_listed_not_current_stock_verified,هگزامتیل دی سیلوکسان,https://tamadkala.com/product/12414/%D9%87%DA%AF%D8%B2%D8%A7%D9%85%D8%AA%DB%8C%D9%84-%D8%AF%DB%8C-%D8%B3%DB%8C%D9%84%D9%88%DA%A9%D8%B3%D8%A7%D9%86,router_title_normalization,1
trioctylphosphane,Trioctylphosphine,,20851,RMZAYIKUYWXQPB-UHFFFAOYSA-N,C24H51P,370.6,,confirmed_organic,organic_reagent,yes,research,Telegram: minatajhiz,Iranian supplier Telegram catalogue,skill live country-gate,public catalogue/product-page evidence; current stock not independently verified,listed_not_current_stock_verified,trioctylphosphane,https://t.me/minatajhiz/666,existing skill export,2
"tripotassium;2-hydroxypropane-1,2,3-tricarboxylate;hydrate",Potassium citrate,6132-04-3,2735208,PJAHUDTUZRZBKM-UHFFFAOYSA-K,C6H7K3O8,324.41,,confirmed_organic,organic_reagent,not_stated,DAE JUNG | False,DigiShimi | Fardad Shimi,Iranian online chemical shops | Iranian online lab-chemical shop,site shows Iranian online shops | site shows Iranian shop and nationwide delivery,public catalogue/product-page evidence; current stock not independently verified,product_page_listed_not_current_stock_verified,سیترات پتاسیم | پتاسیم سیترات ۱ آبه DAE JUNG کره | ...,https://digishimii.ir/Product/%d8%b3%db%8c%d8%aa%d8%b1%d8%a7%d8%aa-%d9%be%d8%aa%d8%a7%d8%b3%db%8c%d9%85/,router_title_normalization,2
"trisodium;2-hydroxypropane-1,2,3-tricarboxylate",Trisodium citrate,6131-99-5,6224,HRXKRNGNAMMEHJ-UHFFFAOYSA-K,C6H5Na3O7,258.07,,confirmed_organic,organic_reagent,yes,False | laboratory,Isatis Shimi | TamadKala,Iranian online chemical shops | Iranian online wholesale/lab shop,site shows Iranian online shop | site shows Iranian online shops,public catalogue/product-page evidence; current stock not independently verified,product_page_listed_not_current_stock_verified,Trisodium Citrate | تری سدیم سیترات | تری سدیم سیترات 2 آبه laboratory دکتر مجللی | ...,https://isatisshimi.com/en/product/trisodium-citrate/ | https://isatisshimi.com/product/%d8%aa%d8%b1%db%8c-%d8%b3%d8%af%db%8c%d9%85-%d8%b3%db%8c%d8%aa%d8%b1%d8%a7%d8%aa/,router_title_normalization,3
"trisodium;2-hydroxypropane-1,2,3-tricarboxylate;dihydrate",Trisodium citrate dihydrate,6131-99-8,71474,NLJMYIDDQXHKNR-UHFFFAOYSA-K,C6H9Na3O9,294.10,,confirmed_organic,organic_reagent,yes,extra pure,TamadKala,Iranian online wholesale/lab shop,site shows Iranian online shop,public catalogue/product-page evidence; current stock not independently verified,product_page_listed_not_current_stock_verified,تری سدیم سیترات 2 آبه extra pure دکتر مجللی | ...,,router_title_normalization,1
"trisodium;3-hydroxy-4-[(2-hydroxy-4-sulfonatonaphthalen-1-yl)diazenyl]naphthalene-2,7-disulfonate",Hydroxy Naphthol Blue,63451-35-4,113232,AUIINJJXRXMPGT-UHFFFAOYSA-K,C20H11N2Na3O11S3,620.5,,confirmed_organic,colorant_or_indicator,not_stated,indicator,TamadKala,Iranian online wholesale/lab shop,site shows Iranian online shop,public catalogue/product-page evidence; current stock not independently verified,product_page_listed_not_current_stock_verified,هیدروکسی نفتول بلو indicator دکترمجللی,https://tamadkala.com/product/173616/%D9%87%DB%8C%D8%AF%D8%B1%D9%88%DA%A9%D8%B3%DB%8C-%D9%86%D9%81%D8%AA%D9%88%D9%84-%D8%A8%D9%84%D9%88-indicator-%D8%AF%DA%A9%D8%AA%D8%B1%D9%85%D8%AC%D9%84%D9%84%DB%8C,router_title_normalization,1
trisodium;5-oxo-1-(4-sulfonatophenyl)-4-[(4-sulfonatophenyl)diazenyl]-4H-pyrazole-3-carboxylate,Tartrazine,1934-21-0,164825,UJMBCXLDXJUMFB-UHFFFAOYSA-K,C16H9N4Na3O9S2,534.4,,confirmed_organic,colorant_or_indicator,not_stated,food grade,TamadKala,Iranian online research/chemical shop | Iranian online wholesale/lab shop,site shows Iranian online shop,public catalogue/product-page evidence; current stock not independently verified,product_page_listed_not_current_stock_verified,رنگ خوراکی تارترازین زرد | رنگ خوراکی تارترازینزرد,https://tamadkala.com/product/57968/%D8%B1%D9%86%DA%AF-%D8%AE%D9%88%D8%B1%D8%A7%DA%A9%DB%8C-%D8%AA%D8%A7%D8%B1%D8%AA%D8%B1%D8%A7%D8%B2%DB%8C%D9%86%D8%B2%D8%B1%D8%AF,explicit_category_supplement | router_title_normalization,2
urea,Urea,57-13-6,1176,XSQUKJJJFZCRTK-UHFFFAOYSA-N,CH4N2O,60.056,,confirmed_organic,organic_reagent,yes,False | MERCK | industrial; research; unknown | reagent,DigiShimi | Fardad Shimi | Isatis Shimi | TamadKala | Telegram: Boof_company | Telegram: Ch_Chemical_leaders | Telegram: ChemIranSanat | Telegram: IranChemicals | Telegram: LabTel | Telegram: Maran_Tejarat_Eshen | Telegram: chemgroup | Telegram: jahaneshimicom,Iranian online chemical shops | Iranian online lab-chemical shop | Iranian online wholesale/lab shop | Iranian supplier Telegram catalogue,site shows Iranian online shop | site shows Iranian online shops | site shows Iranian shop and nationwide delivery | skill live country-gate,public catalogue/product-page evidence; current stock not independently verified,listed_not_current_stock_verified | product_page_listed_not_current_stock_verified,Urea | urea | اوره | اوره MERCK | ... | اوره دکتر مجللی | اوره قطران شیمی | اوره ۸۰۰ گرمی دکتر مجللی | فروش اوره 2,https://digishimii.ir/Product/%d8%a7%d9%88%d8%b1%d9%87/ | https://fardadshimi.com/product/6200695/ | https://isatisshimi.com/en/product/urea-2/ | https://t.me/Boof_company/19 | https://t.me/Boof_company/24 | https://t.me/Boof_company/25 | https://t.me/Boof_company/30 | https://t.me/Boof_company/35 | https://t.me/Boof_company/36 | https://t.me/Boof_company/47 | https://t.me/Boof_company/48 | https://t.me/Boof_company/56 | https://t.me/Boof_company/57 | https://t.me/Boof_company/64 | https://t.me/Ch_Chemical_leaders/151 | https://t.me/Ch_Chemical_leaders/158 | https://t.me/Ch_Chemical_leaders/166 | https://t.me/Ch_Chemical_leaders/173 | https://t.me/Ch_Chemical_leaders/177 | https://t.me/Ch_Chemical_leaders/180 | https://t.me/Ch_Chemical_leaders/184 | https://t.me/Ch_Chemical_leaders/188 | https://t.me/Ch_Chemical_leaders/208 | https://t.me/Ch_Chemical_leaders/211 | https://t.me/Ch_Chemical_leaders/219 | https://t.me/Ch_Chemical_leaders/233 | https://t.me/Ch_Chemical_leaders/235 | https://t.me/Ch_Chemical_leaders/239 | https://t.me/Ch_Chemical_leaders/241 | https://t.me/Ch_Chemical_leaders/243 | https://t.me/Ch_Chemical_leaders/246 | https://t.me/Ch_Chemical_leaders/248 | https://t.me/Ch_Chemical_leaders/291 | https://t.me/Ch_Chemical_leaders/422 | https://t.me/Ch_Chemical_leaders/466 | https://t.me/Ch_Chemical_leaders/483 | https://t.me/Ch_Chemical_leaders/63 | https://t.me/Ch_Chemical_leaders/64 | https://t.me/ChemIranSanat/1669 | https://t.me/IranChemicals/27665 | https://t.me/IranChemicals/27668 | https://t.me/IranChemicals/28201 | https://t.me/IranChemicals/28327 | https://t.me/IranChemicals/28643 | https://t.me/IranChemicals/28765 | https://t.me/IranChemicals/28780 | https://t.me/IranChemicals/28853 | https://t.me/IranChemicals/29197 | https://t.me/IranChemicals/29680 | https://t.me/IranChemicals/29724 | https://t.me/IranChemicals/29729 | https://t.me/IranChemicals/29742 | https://t.me/IranChemicals/29768 | https://t.me/IranChemicals/29789 | https://t.me/IranChemicals/30232 | https://t.me/IranChemicals/30555 | https://t.me/IranChemicals/30693 | https://t.me/IranChemicals/30717 | https://t.me/IranChemicals/30821 | https://t.me/IranChemicals/30947 | https://t.me/IranChemicals/31199 | https://t.me/IranChemicals/31684 | https://t.me/IranChemicals/31736 | https://t.me/LabTel/73204 | https://t.me/LabTel/73207 | https://t.me/LabTel/73284 | https://t.me/LabTel/73313 | https://t.me/LabTel/73376 | https://t.me/LabTel/73393 | https://t.me/LabTel/73492 | https://t.me/LabTel/73568 | https://t.me/LabTel/73673 | https://t.me/LabTel/73726 | https://t.me/LabTel/73727 | https://t.me/LabTel/73849 | https://t.me/LabTel/73867 | https://t.me/LabTel/73872 | https://t.me/LabTel/73976 | https://t.me/LabTel/74140 | https://t.me/LabTel/74146 | https://t.me/LabTel/74171 | https://t.me/LabTel/74199 | https://t.me/LabTel/74200 | https://t.me/LabTel/74206 | https://t.me/LabTel/74221 | https://t.me/LabTel/74264 | https://t.me/LabTel/74271 | https://t.me/LabTel/74280 | https://t.me/LabTel/74291 | https://t.me/LabTel/74334 | https://t.me/LabTel/74485 | https://t.me/LabTel/74508 | https://t.me/LabTel/74597 | https://t.me/LabTel/74607 | https://t.me/LabTel/74673 | https://t.me/LabTel/74814 | https://t.me/LabTel/74825 | https://t.me/LabTel/74830 | https://t.me/LabTel/74854 | https://t.me/LabTel/74863 | https://t.me/LabTel/74908 | https://t.me/LabTel/75047 | https://t.me/LabTel/75071 | https://t.me/LabTel/75115 | https://t.me/LabTel/75160 | https://t.me/LabTel/75186 | https://t.me/LabTel/75246 | https://t.me/LabTel/75348 | https://t.me/LabTel/75516 | https://t.me/LabTel/75556 | https://t.me/LabTel/75594 | https://t.me/LabTel/75659 | https://t.me/LabTel/75770 | https://t.me/LabTel/75932 | https://t.me/LabTel/76154 | https://t.me/LabTel/76200 | https://t.me/LabTel/76256 | https://t.me/LabTel/76302 | https://t.me/LabTel/76308 | https://t.me/LabTel/76365 | https://t.me/LabTel/76426 | https://t.me/LabTel/76535 | https://t.me/LabTel/76539 | https://t.me/LabTel/76583 | https://t.me/LabTel/76611 | https://t.me/LabTel/76639 | https://t.me/LabTel/76648 | https://t.me/LabTel/76659 | https://t.me/LabTel/76669 | https://t.me/LabTel/76708 | https://t.me/LabTel/76775 | https://t.me/LabTel/76801 | https://t.me/LabTel/76833 | https://t.me/LabTel/76874 | https://t.me/LabTel/76940 | https://t.me/LabTel/76962 | https://t.me/LabTel/77002 | https://t.me/LabTel/77150 | https://t.me/LabTel/77206 | https://t.me/LabTel/77244 | https://t.me/LabTel/77264 | https://t.me/LabTel/77274 | https://t.me/LabTel/77292 | https://t.me/LabTel/77311 | https://t.me/LabTel/77391 | https://t.me/LabTel/77402 | https://t.me/Maran_Tejarat_Eshen/567 | https://t.me/Maran_Tejarat_Eshen/569 | https://t.me/Maran_Tejarat_Eshen/590 | https://t.me/Maran_Tejarat_Eshen/591 | https://t.me/Maran_Tejarat_Eshen/592 | https://t.me/Maran_Tejarat_Eshen/607 | https://t.me/Maran_Tejarat_Eshen/614 | https://t.me/Maran_Tejarat_Eshen/615 | https://t.me/Maran_Tejarat_Eshen/644 | https://t.me/Maran_Tejarat_Eshen/645 | https://t.me/Maran_Tejarat_Eshen/646 | https://t.me/Maran_Tejarat_Eshen/649 | https://t.me/Maran_Tejarat_Eshen/653 | https://t.me/Maran_Tejarat_Eshen/655 | https://t.me/Maran_Tejarat_Eshen/656 | https://t.me/Maran_Tejarat_Eshen/657 | https://t.me/chemgroup/3550 | https://t.me/chemgroup/3600 | https://t.me/chemgroup/3936 | https://t.me/chemgroup/3960 | https://t.me/jahaneshimicom/60 | https://tamadkala.com/product/5628/%D9%81%D8%B1%D9%88%D8%B4-%D8%A7%D9%88%D8%B1%D9%87-2 | https://tamadkala.com/product/73015/%D8%A7%D9%88%D8%B1%D9%87-%D9%82%D8%B7%D8%B1%D8%A7%D9%86-%D8%B4%DB%8C%D9%85%DB%8C | https://tamadkala.com/product/76300/%D8%A7%D9%88%D8%B1%D9%87-%D8%AF%DA%A9%D8%AA%D8%B1-%D9%85%D8%AC%D9%84%D9%84%DB%8C,existing skill export | router_title_normalization,313
zinc bis(octadecanoate),Zinc Stearate,557-05-1,11178,XOOUIPVCVHRTMJ-UHFFFAOYSA-L,C36H70O4Zn,632.3,,confirmed_organic,organic_reagent,yes,industrial; research,Telegram: fanchem,Iranian supplier Telegram catalogue,skill live country-gate,public catalogue/product-page evidence; current stock not independently verified,listed_not_current_stock_verified,zinc bis(octadecanoate),https://t.me/fanchem/115 | https://t.me/fanchem/152 | https://t.me/fanchem/154 | https://t.me/fanchem/156 | https://t.me/fanchem/202 | https://t.me/fanchem/277 | https://t.me/fanchem/336 | https://t.me/fanchem/352 | https://t.me/fanchem/378 | https://t.me/fanchem/397 | https://t.me/fanchem/413 | https://t.me/fanchem/427 | https://t.me/fanchem/456 | https://t.me/fanchem/97,existing skill export,27
zinc diacetate,Zinc Acetate,557-34-6,11192,DJWUNCQRNNEAKC-UHFFFAOYSA-L,C4H6O4Zn,183.5,,confirmed_organic,organic_reagent,yes,research,Telegram: ChemIranSanat,Iranian supplier Telegram catalogue,skill live country-gate,public catalogue/product-page evidence; current stock not independently verified,listed_not_current_stock_verified,zinc diacetate,https://t.me/ChemIranSanat/1881 | https://t.me/ChemIranSanat/1882,existing skill export,3
"(1S,3Z)-3-[(2E)-2-[(1R,3aS,7aR)-7a-methyl-1-[(2R)-6-methylheptan-2-yl]-2,3,3a,5,6,7-hexahydro-1H-inden-4-ylidene]ethylidene]-4-methylidenecyclohexan-1-ol",cholecalciferol,,5280795,QYSXJUFSXHHAJI-YRZJJWOYSA-N,C27H44O,384.6,,confirmed_organic,vitamin,not_stated,Iranian finished-product catalogue,Rooz Darou,Iranian pharmaceutical product catalogue,site identifies Iranian product/manufacturer,public Iranian pharmaceutical product page; current stock not independently verified,product_page_listed_not_current_stock_verified,کپسول ویتامین د 3,http://rouzdarou.com/products/%DA%A9%D9%BE%D8%B3%D9%88%D9%84-%D9%88%DB%8C%D8%AA%D8%A7%D9%85%DB%8C%D9%86-%D8%AF-3,PubChem name validation from supplier product title,1
(3R)-3-hydroxy-4-(trimethylazaniumyl)butanoate,levocarnitine,,10917,PHIQHXFUZVPYII-ZCFIWIBFSA-N,C7H15NO3,161.20,,confirmed_organic,supplement_active,not_stated,Iranian finished-product catalogue,Rooz Darou,Iranian pharmaceutical product catalogue,site identifies Iranian product/manufacturer,public Iranian pharmaceutical product page; current stock not independently verified,product_page_listed_not_current_stock_verified,قرص ال-کـارنـیتین 1000 میلی گرم رزاویت,http://rouzdarou.com/products/%D9%82%D8%B1%D8%B5-%D8%A7%D9%84-%DA%A9%D9%80%D8%A7%D8%B1%D9%86%D9%80%DB%8C%D8%AA%DB%8C%D9%86-1000-%D9%85%DB%8C%D9%84%DB%8C-%DA%AF%D8%B1%D9%85-%D8%B1%D8%B2%D8%A7%D9%88%DB%8C%D8%AA,PubChem name validation from supplier product title,1
2-[4-(2-methylpropyl)phenyl]propanoic acid,ibuprofen,,3672,HEFNNWSXXWATRW-UHFFFAOYSA-N,C13H18O2,206.28,,confirmed_organic,pharmaceutical_or_api,not_stated,Iranian finished-product catalogue,Rooz Darou,Iranian pharmaceutical product catalogue,site identifies Iranian product/manufacturer,public Iranian pharmaceutical product page; current stock not independently verified,product_page_listed_not_current_stock_verified,کپسول ژلاتینی نرم ایــبوفـین 400,http://rouzdarou.com/products/%DA%A9%D9%BE%D8%B3%D9%88%D9%84-%DA%98%D9%84%D8%A7%D8%AA%DB%8C%D9%86%DB%8C-%D9%86%D8%B1%D9%85-%D8%A7%DB%8C%D9%80%D9%80%D8%A8%D9%88%D9%81%D9%80%DB%8C%D9%86-400,PubChem name validation from supplier product title,1
N-[2-(5-methoxy-1H-indol-3-yl)ethyl]acetamide,melatonin,,896,DRLFMBDRBRZALE-UHFFFAOYSA-N,C13H16N2O2,232.28,,confirmed_organic,supplement_active,not_stated,Iranian finished-product catalogue,Rooz Darou,Iranian pharmaceutical product catalogue,site identifies Iranian product/manufacturer,public Iranian pharmaceutical product page; current stock not independently verified,product_page_listed_not_current_stock_verified,قرص ملاتونین 3 میلی گرم + ال تئانین رزاویت,http://rouzdarou.com/products/%D9%82%D8%B1%D8%B5-%D9%85%D9%84%D8%A7%D8%AA%D9%88%D9%86%DB%8C%D9%86-3-%D9%85%DB%8C%D9%84%DB%8C-%DA%AF%D8%B1%D9%85-%D8%A7%D9%84-%D8%AA%D8%A6%D8%A7%D9%86%DB%8C%D9%86-%D8%B1%D8%B2%D8%A7%D9%88%DB%8C%D8%AA,PubChem name validation from supplier product title,1
"2-butan-2-yl-4-[4-[4-[4-[[(2R,4S)-2-(2,4-dichlorophenyl)-2-(1,2,4-triazol-1-ylmethyl)-1,3-dioxolan-4-yl]methoxy]phenyl]piperazin-1-yl]phenyl]-1,2,4-triazol-3-one",itraconazole,,55283,VHVPQPYKVGDNFY-ZPGVKDDISA-N,C35H38Cl2N8O4,705.6,,confirmed_organic,pharmaceutical_or_api,not_stated,Iranian finished-product catalogue,Rooz Darou,Iranian pharmaceutical product catalogue,site identifies Iranian product/manufacturer,public Iranian pharmaceutical product page; current stock not independently verified,product_page_listed_not_current_stock_verified,کپسول ایتراکونازول,http://rouzdarou.com/products/%DA%A9%D9%BE%D8%B3%D9%88%D9%84-%D8%A7%DB%8C%D8%AA%D8%B1%D8%A7%DA%A9%D9%88%D9%86%D8%A7%D8%B2%D9%88%D9%84,PubChem name validation from supplier product title,1
"1-[4-[4-[[(2S,4R)-2-(2,4-dichlorophenyl)-2-(imidazol-1-ylmethyl)-1,3-dioxolan-4-yl]methoxy]phenyl]piperazin-1-yl]ethanone",ketoconazole,,47576,XMAYWYJOQHXEEK-ZEQKJWHPSA-N,C26H28Cl2N4O4,531.4,,confirmed_organic,pharmaceutical_or_api,not_stated,Iranian finished-product catalogue,Rooz Darou,Iranian pharmaceutical product catalogue,site identifies Iranian product/manufacturer,public Iranian pharmaceutical product page; current stock not independently verified,product_page_listed_not_current_stock_verified,کتوکونـــازول 200,http://rouzdarou.com/products/%DA%A9%D8%AA%D9%88%DA%A9%D9%88%D9%86%D9%80%D9%80%D9%80%D8%A7%D8%B2%D9%88%D9%84-200,PubChem name validation from supplier product title,1
"6-(2,3-dichlorophenyl)-1,2,4-triazine-3,5-diamine",lamotrigine,,3878,PYZRQGJRPPTADH-UHFFFAOYSA-N,C9H7Cl2N5,256.09,,confirmed_organic,pharmaceutical_or_api,not_stated,Iranian finished-product catalogue,Rooz Darou,Iranian pharmaceutical product catalogue,site identifies Iranian product/manufacturer,public Iranian pharmaceutical product page; current stock not independently verified,product_page_listed_not_current_stock_verified,قرص لاموتریژین 100,http://rouzdarou.com/products/%D9%82%D8%B1%D8%B5-%D9%84%D8%A7%D9%85%D9%88%D8%AA%D8%B1%DB%8C%DA%98%DB%8C%D9%86-100,PubChem name validation from supplier product title,1
"6-methoxy-2-[(4-methoxy-3,5-dimethyl-2-pyridinyl)methylsulfinyl]-1H-benzimidazole",omeprazole,,4594,SUBDBMMJDZJVOS-UHFFFAOYSA-N,C17H19N3O3S,345.4,,confirmed_organic,pharmaceutical_or_api,not_stated,Iranian finished-product catalogue,Rooz Darou,Iranian pharmaceutical product catalogue,site identifies Iranian product/manufacturer,public Iranian pharmaceutical product page; current stock not independently verified,product_page_listed_not_current_stock_verified,کپسول رزاپرازول 20,http://rouzdarou.com/products/%DA%A9%D9%BE%D8%B3%D9%88%D9%84-%D8%B1%D8%B2%D8%A7%D9%BE%D8%B1%D8%A7%D8%B2%D9%88%D9%84-20,PubChem name validation from supplier product title,1
"(2S)-7-fluoro-2-methyl-6-(4-methylpiperazin-1-yl)-10-oxo-4-oxa-1-azatricyclo[7.3.1.05,13]trideca-5(13),6,8,11-tetraene-11-carboxylic acid",levofloxacin,,149096,GSDSWSVVBLHKDQ-JTQLQIEISA-N,C18H20FN3O4,361.4,,confirmed_organic,pharmaceutical_or_api,not_stated,Iranian finished-product catalogue,Rooz Darou,Iranian pharmaceutical product catalogue,site identifies Iranian product/manufacturer,public Iranian pharmaceutical product page; current stock not independently verified,product_page_listed_not_current_stock_verified,قرص لووفلوکساسین 500,http://rouzdarou.com/products/%D9%82%D8%B1%D8%B5-%D9%84%D9%88%D9%88%D9%81%D9%84%D9%88%DA%A9%D8%B3%D8%A7%D8%B3%DB%8C%D9%86-500,PubChem name validation from supplier product title,1
"(2R,3S,4R,5R,8R,10R,11R,12S,13S,14R)-11-[(2S,3R,4S,6R)-4-(dimethylamino)-3-hydroxy-6-methyloxan-2-yl]oxy-2-ethyl-3,4,10-trihydroxy-13-[(2R,4R,5S,6S)-5-hydroxy-4-methoxy-4,6-dimethyloxan-2-yl]oxy-3,5,6,8,10,12,14-heptamethyl-1-oxa-6-azacyclopentadecan-15-one",azithromycin,,447043,MQTOSJVFKKJCRP-BICOPXKESA-N,C38H72N2O12,749.0,,confirmed_organic,pharmaceutical_or_api,not_stated,Iranian finished-product catalogue,Rooz Darou,Iranian pharmaceutical product catalogue,site identifies Iranian product/manufacturer,public Iranian pharmaceutical product page; current stock not independently verified,product_page_listed_not_current_stock_verified,قرص آزیترومایسین 250,http://rouzdarou.com/products/%D9%82%D8%B1%D8%B5-%D8%A2%D8%B2%DB%8C%D8%AA%D8%B1%D9%88%D9%85%D8%A7%DB%8C%D8%B3%DB%8C%D9%86-250,PubChem name validation from supplier product title,1
"2-(3,4-dimethoxyphenyl)-5-[2-(3,4-dimethoxyphenyl)ethyl-methylamino]-2-propan-2-ylpentanenitrile",verapamil,,2520,SGTNSNPWRIOYBX-UHFFFAOYSA-N,C27H38N2O4,454.6,,confirmed_organic,pharmaceutical_or_api,not_stated,Iranian finished-product catalogue,Rooz Darou,Iranian pharmaceutical product catalogue,site identifies Iranian product/manufacturer,public Iranian pharmaceutical product page; current stock not independently verified,product_page_listed_not_current_stock_verified,قرص وراپامیل 40,http://rouzdarou.com/products/%D9%82%D8%B1%D8%B5-%D9%88%D8%B1%D8%A7%D9%BE%D8%A7%D9%85%DB%8C%D9%84-40,PubChem name validation from supplier product title,1
1-[2-(dimethylamino)-1-(4-methoxyphenyl)ethyl]cyclohexan-1-ol,venlafaxine,,5656,PNVNVHUZROJLTJ-UHFFFAOYSA-N,C17H27NO2,277.4,,confirmed_organic,pharmaceutical_or_api,not_stated,Iranian finished-product catalogue,Rooz Darou,Iranian pharmaceutical product catalogue,site identifies Iranian product/manufacturer,public Iranian pharmaceutical product page; current stock not independently verified,product_page_listed_not_current_stock_verified,کپسول ونلافاکسین 75,http://rouzdarou.com/products/%DA%A9%D9%BE%D8%B3%D9%88%D9%84-%D9%88%D9%86%D9%84%D8%A7%D9%81%D8%A7%DA%A9%D8%B3%DB%8C%D9%86-75,PubChem name validation from supplier product title,1
sodium 2-propylpentanoate,sodium valproate,,16760703,AEQFSUDEHCCHBT-UHFFFAOYSA-M,C8H15NaO2,166.19,,confirmed_organic,pharmaceutical_or_api,not_stated,Iranian finished-product catalogue,Rooz Darou,Iranian pharmaceutical product catalogue,site identifies Iranian product/manufacturer,public Iranian pharmaceutical product page; current stock not independently verified,product_page_listed_not_current_stock_verified,قرص والپروات سدیم 200,http://rouzdarou.com/products/%D9%82%D8%B1%D8%B5-%D9%88%D8%A7%D9%84%D9%BE%D8%B1%D9%88%D8%A7%D8%AA-%D8%B3%D8%AF%DB%8C%D9%85-200,PubChem name validation from supplier product title,1
"(2R,8R)-2-(1,3-benzodioxol-5-yl)-6-methyl-3,6,17-triazatetracyclo[8.7.0.03,8.011,16]heptadeca-1(10),11,13,15-tetraene-4,7-dione",tadalafil,,110635,WOXKDUGGOYFFRN-IIBYNOLFSA-N,C22H19N3O4,389.4,,confirmed_organic,pharmaceutical_or_api,not_stated,Iranian finished-product catalogue,Rooz Darou,Iranian pharmaceutical product catalogue,site identifies Iranian product/manufacturer,public Iranian pharmaceutical product page; current stock not independently verified,product_page_listed_not_current_stock_verified,قرص تادالافیل 20 ( تادارکتیل ),http://rouzdarou.com/products/%D9%82%D8%B1%D8%B5-%D8%AA%D8%A7%D8%AF%D8%A7%D9%84%D8%A7%D9%81%DB%8C%D9%84-20-%D8%AA%D8%A7%D8%AF%D8%A7%D8%B1%DA%A9%D8%AA%DB%8C%D9%84,PubChem name validation from supplier product title,1
"5-[2-ethoxy-5-(4-methylpiperazin-1-yl)sulfonylphenyl]-1-methyl-3-propyl-6H-pyrazolo[4,5-d]pyrimidin-7-one",sildenafil,,135398744,BNRNXUUZRGQAQC-UHFFFAOYSA-N,C22H30N6O4S,474.6,,confirmed_organic,pharmaceutical_or_api,not_stated,Iranian finished-product catalogue,Rooz Darou,Iranian pharmaceutical product catalogue,site identifies Iranian product/manufacturer,public Iranian pharmaceutical product page; current stock not independently verified,product_page_listed_not_current_stock_verified,قرص سیلدنافیل 100,http://rouzdarou.com/products/%D9%82%D8%B1%D8%B5-%D8%B3%DB%8C%D9%84%D8%AF%D9%86%D8%A7%D9%81%DB%8C%D9%84-100,PubChem name validation from supplier product title,1
"(1S,4S)-4-(3,4-dichlorophenyl)-N-methyl-1,2,3,4-tetrahydronaphthalen-1-amine",sertraline,,68617,VGKDLMBJGBXTGI-SJCJKPOMSA-N,C17H17Cl2N,306.2,,confirmed_organic,pharmaceutical_or_api,not_stated,Iranian finished-product catalogue,Rooz Darou,Iranian pharmaceutical product catalogue,site identifies Iranian product/manufacturer,public Iranian pharmaceutical product page; current stock not independently verified,product_page_listed_not_current_stock_verified,قرص سرترالين 50,http://rouzdarou.com/products/%D9%82%D8%B1%D8%B5-%D8%B3%D8%B1%D8%AA%D8%B1%D8%A7%D9%84%D9%8A%D9%86-50,PubChem name validation from supplier product title,1
"3-[2-[4-(6-fluoro-1,2-benzoxazol-3-yl)piperidin-1-yl]ethyl]-2-methyl-6,7,8,9-tetrahydropyrido[1,2-a]pyrimidin-4-one",risperidone,,5073,RAPZEAPATHNIPO-UHFFFAOYSA-N,C23H27FN4O2,410.5,,confirmed_organic,pharmaceutical_or_api,not_stated,Iranian finished-product catalogue,Rooz Darou,Iranian pharmaceutical product catalogue,site identifies Iranian product/manufacturer,public Iranian pharmaceutical product page; current stock not independently verified,product_page_listed_not_current_stock_verified,قرص ریسپریدون 4,http://rouzdarou.com/products/%D9%82%D8%B1%D8%B5-%D8%B1%DB%8C%D8%B3%D9%BE%D8%B1%DB%8C%D8%AF%D9%88%D9%86-4,PubChem name validation from supplier product title,1
"(E)-1-N'-[2-[[5-[(dimethylamino)methyl]furan-2-yl]methylsulfanyl]ethyl]-1-N-methyl-2-nitroethene-1,1-diamine",ranitidine,,3001055,VMXUWOKSQNHOCA-UKTHLTGXSA-N,C13H22N4O3S,314.41,,confirmed_organic,pharmaceutical_or_api,not_stated,Iranian finished-product catalogue,Rooz Darou,Iranian pharmaceutical product catalogue,site identifies Iranian product/manufacturer,public Iranian pharmaceutical product page; current stock not independently verified,product_page_listed_not_current_stock_verified,قرص رانیتیدین 150,http://rouzdarou.com/products/%D9%82%D8%B1%D8%B5-%D8%B1%D8%A7%D9%86%DB%8C%D8%AA%DB%8C%D8%AF%DB%8C%D9%86-150,PubChem name validation from supplier product title,1
1-naphthalen-1-yloxy-3-(propan-2-ylamino)propan-2-ol,propranolol,,4946,AQHHHDLHHXJYJD-UHFFFAOYSA-N,C16H21NO2,259.34,,confirmed_organic,pharmaceutical_or_api,not_stated,Iranian finished-product catalogue,Rooz Darou,Iranian pharmaceutical product catalogue,site identifies Iranian product/manufacturer,public Iranian pharmaceutical product page; current stock not independently verified,product_page_listed_not_current_stock_verified,قرص پروپرانولول 40,http://rouzdarou.com/products/%D9%82%D8%B1%D8%B5-%D9%BE%D8%B1%D9%88%D9%BE%D8%B1%D8%A7%D9%86%D9%88%D9%84%D9%88%D9%84-40,PubChem name validation from supplier product title,1
"6-(difluoromethoxy)-2-[(3,4-dimethoxy-2-pyridinyl)methylsulfinyl]-1H-benzimidazole",pantoprazole,,4679,IQPSEEYGBUAQFF-UHFFFAOYSA-N,C16H15F2N3O4S,383.4,,confirmed_organic,pharmaceutical_or_api,not_stated,Iranian finished-product catalogue,Rooz Darou,Iranian pharmaceutical product catalogue,site identifies Iranian product/manufacturer,public Iranian pharmaceutical product page; current stock not independently verified,product_page_listed_not_current_stock_verified,قرص پنتوپرازول 20,http://rouzdarou.com/products/%D9%82%D8%B1%D8%B5-%D9%BE%D9%86%D8%AA%D9%88%D9%BE%D8%B1%D8%A7%D8%B2%D9%88%D9%84-20,PubChem name validation from supplier product title,1
"2-methyl-4-(4-methylpiperazin-1-yl)-10H-thieno[2,3-b][1,5]benzodiazepine",olanzapine,,135398745,KVWDHTXUZHCGIO-UHFFFAOYSA-N,C17H20N4S,312.4,,confirmed_organic,pharmaceutical_or_api,not_stated,Iranian finished-product catalogue,Rooz Darou,Iranian pharmaceutical product catalogue,site identifies Iranian product/manufacturer,public Iranian pharmaceutical product page; current stock not independently verified,product_page_listed_not_current_stock_verified,قرص الانزاپین 5,http://rouzdarou.com/products/%D9%82%D8%B1%D8%B5-%D8%A7%D9%84%D8%A7%D9%86%D8%B2%D8%A7%D9%BE%DB%8C%D9%86-5,PubChem name validation from supplier product title,1
"7-fluoro-2-methyl-6-(4-methylpiperazin-1-yl)-10-oxo-4-oxa-1-azatricyclo[7.3.1.05,13]trideca-5(13),6,8,11-tetraene-11-carboxylic acid",ofloxacin,,4583,GSDSWSVVBLHKDQ-UHFFFAOYSA-N,C18H20FN3O4,361.4,,confirmed_organic,pharmaceutical_or_api,not_stated,Iranian finished-product catalogue,Rooz Darou,Iranian pharmaceutical product catalogue,site identifies Iranian product/manufacturer,public Iranian pharmaceutical product page; current stock not independently verified,product_page_listed_not_current_stock_verified,قرص افلوکساسین 300,http://rouzdarou.com/products/%D9%82%D8%B1%D8%B5-%D8%A7%D9%81%D9%84%D9%88%DA%A9%D8%B3%D8%A7%D8%B3%DB%8C%D9%86-300,PubChem name validation from supplier product title,1
"N-methyl-3-(2-tricyclo[9.4.0.03,8]pentadeca-1(15),3,5,7,11,13-hexaenylidene)propan-1-amine",nortriptyline,,4543,PHVGLTMQBUFIQQ-UHFFFAOYSA-N,C19H21N,263.4,,confirmed_organic,pharmaceutical_or_api,not_stated,Iranian finished-product catalogue,Rooz Darou,Iranian pharmaceutical product catalogue,site identifies Iranian product/manufacturer,public Iranian pharmaceutical product page; current stock not independently verified,product_page_listed_not_current_stock_verified,قرص نورتریپتیلین 10,http://rouzdarou.com/products/%D9%82%D8%B1%D8%B5-%D9%86%D9%88%D8%B1%D8%AA%D8%B1%DB%8C%D9%BE%D8%AA%DB%8C%D9%84%DB%8C%D9%86-10,PubChem name validation from supplier product title,1
(2S)-2-(6-methoxynaphthalen-2-yl)propanoic acid,naproxen,,156391,CMWTZPSULFXXJA-VIFPVBQESA-N,C14H14O3,230.26,,confirmed_organic,pharmaceutical_or_api,not_stated,Iranian finished-product catalogue,Rooz Darou,Iranian pharmaceutical product catalogue,site identifies Iranian product/manufacturer,public Iranian pharmaceutical product page; current stock not independently verified,product_page_listed_not_current_stock_verified,قرص ناپروکسن 500,http://rouzdarou.com/products/%D9%82%D8%B1%D8%B5-%D9%86%D8%A7%D9%BE%D8%B1%D9%88%DA%A9%D8%B3%D9%86-500,PubChem name validation from supplier product title,1
"1-ethyl-7-methyl-4-oxo-1,8-naphthyridine-3-carboxylic acid",nalidixic acid,,4421,MHWLWQUZZRMNGJ-UHFFFAOYSA-N,C12H12N2O3,232.23,,confirmed_organic,pharmaceutical_or_api,not_stated,Iranian finished-product catalogue,Rooz Darou,Iranian pharmaceutical product catalogue,site identifies Iranian product/manufacturer,public Iranian pharmaceutical product page; current stock not independently verified,product_page_listed_not_current_stock_verified,قرص نالیدیکسیک اسید 500,http://rouzdarou.com/products/%D9%82%D8%B1%D8%B5-%D9%86%D8%A7%D9%84%DB%8C%D8%AF%DB%8C%DA%A9%D8%B3%DB%8C%DA%A9-%D8%A7%D8%B3%DB%8C%D8%AF-500,PubChem name validation from supplier product title,1
"3,5-dimethyladamantan-1-amine",memantine,,4054,BUGYDGFZZOZRHP-UHFFFAOYSA-N,C12H21N,179.30,,confirmed_organic,pharmaceutical_or_api,not_stated,Iranian finished-product catalogue,Rooz Darou,Iranian pharmaceutical product catalogue,site identifies Iranian product/manufacturer,public Iranian pharmaceutical product page; current stock not independently verified,product_page_listed_not_current_stock_verified,ممانتین ( مموکسا ) 5,http://rouzdarou.com/products/%D9%85%D9%85%D8%A7%D9%86%D8%AA%DB%8C%D9%86-%D9%85%D9%85%D9%88%DA%A9%D8%B3%D8%A7-5,PubChem name validation from supplier product title,1
"2-(2,3-dimethylanilino)benzoic acid",mefenamic acid,,4044,HYYBABOKPJLUIN-UHFFFAOYSA-N,C15H15NO2,241.28,,confirmed_organic,pharmaceutical_or_api,not_stated,Iranian finished-product catalogue,Rooz Darou,Iranian pharmaceutical product catalogue,site identifies Iranian product/manufacturer,public Iranian pharmaceutical product page; current stock not independently verified,product_page_listed_not_current_stock_verified,كپسول مفنامیک اسید 250,http://rouzdarou.com/products/%D9%83%D9%BE%D8%B3%D9%88%D9%84-%D9%85%D9%81%D9%86%D8%A7%D9%85%DB%8C%DA%A9-%D8%A7%D8%B3%DB%8C%D8%AF-250,PubChem name validation from supplier product title,1
methyl N-(6-benzoyl-1H-benzimidazol-2-yl)carbamate,mebendazole,,4030,OPXLLQIJSORQAM-UHFFFAOYSA-N,C16H13N3O3,295.29,,confirmed_organic,pharmaceutical_or_api,not_stated,Iranian finished-product catalogue,Rooz Darou,Iranian pharmaceutical product catalogue,site identifies Iranian product/manufacturer,public Iranian pharmaceutical product page; current stock not independently verified,product_page_listed_not_current_stock_verified,قرص مبندازول 100,http://rouzdarou.com/products/%D9%82%D8%B1%D8%B5-%D9%85%D8%A8%D9%86%D8%AF%D8%A7%D8%B2%D9%88%D9%84-100,PubChem name validation from supplier product title,1
"(6S)-6-phenyl-2,3,5,6-tetrahydroimidazo[2,1-b][1,3]thiazole",levamisole,,26879,HLFSDGLLUJUHTE-SNVBAGLBSA-N,C11H12N2S,204.29,,confirmed_organic,pharmaceutical_or_api,not_stated,Iranian finished-product catalogue,Rooz Darou,Iranian pharmaceutical product catalogue,site identifies Iranian product/manufacturer,public Iranian pharmaceutical product page; current stock not independently verified,product_page_listed_not_current_stock_verified,قرص لوامیزول 50,http://rouzdarou.com/products/%D9%82%D8%B1%D8%B5-%D9%84%D9%88%D8%A7%D9%85%DB%8C%D8%B2%D9%88%D9%84-50,PubChem name validation from supplier product title,1
2-[4-[(7-chloroquinolin-4-yl)amino]pentyl-ethylamino]ethanol,hydroxychloroquine,,3652,XXSMGPRMXLTPCZ-UHFFFAOYSA-N,C18H26ClN3O,335.9,,confirmed_organic,pharmaceutical_or_api,not_stated,Iranian finished-product catalogue,Rooz Darou,Iranian pharmaceutical product catalogue,site identifies Iranian product/manufacturer,public Iranian pharmaceutical product page; current stock not independently verified,product_page_listed_not_current_stock_verified,هیدروکسی کلروکین سولفات 200,http://rouzdarou.com/products/%D9%87%DB%8C%D8%AF%D8%B1%D9%88%DA%A9%D8%B3%DB%8C-%DA%A9%D9%84%D8%B1%D9%88%DA%A9%DB%8C%D9%86-%D8%B3%D9%88%D9%84%D9%81%D8%A7%D8%AA-200,PubChem name validation from supplier product title,1
"5-(2,5-dimethylphenoxy)-2,2-dimethylpentanoic acid",gemfibrozil,,3463,HEMJJKBWTPKOJG-UHFFFAOYSA-N,C15H22O3,250.33,,confirmed_organic,pharmaceutical_or_api,not_stated,Iranian finished-product catalogue,Rooz Darou,Iranian pharmaceutical product catalogue,site identifies Iranian product/manufacturer,public Iranian pharmaceutical product page; current stock not independently verified,product_page_listed_not_current_stock_verified,كپسول جم فیبروزیل 300,http://rouzdarou.com/products/%D9%83%D9%BE%D8%B3%D9%88%D9%84-%D8%AC%D9%85-%D9%81%DB%8C%D8%A8%D8%B1%D9%88%D8%B2%DB%8C%D9%84-300,PubChem name validation from supplier product title,1
(2S)-2-[[4-[(2-amino-4-oxo-3H-pteridin-6-yl)methylamino]benzoyl]amino]pentanedioic acid,folic acid,,135398658,OVBPIULPVIDEAO-LBPRGKRZSA-N,C19H19N7O6,441.4,,confirmed_organic,vitamin,not_stated,Iranian finished-product catalogue,Rooz Darou,Iranian pharmaceutical product catalogue,site identifies Iranian product/manufacturer,public Iranian pharmaceutical product page; current stock not independently verified,product_page_listed_not_current_stock_verified,قرص فوليكوفر ( آهن / فولیک اسید ),http://rouzdarou.com/products/%D9%82%D8%B1%D8%B5-%D9%81%D9%88%D9%84%D9%8A%D9%83%D9%88%D9%81%D8%B1-%D8%A2%D9%87%D9%86-%D9%81%D9%88%D9%84%DB%8C%DA%A9-%D8%A7%D8%B3%DB%8C%D8%AF,PubChem name validation from supplier product title,1
"2-(2,4-difluorophenyl)-1,3-bis(1,2,4-triazol-1-yl)propan-2-ol",fluconazole,,3365,RFHAOTPXVQNOHP-UHFFFAOYSA-N,C13H12F2N6O,306.27,,confirmed_organic,pharmaceutical_or_api,not_stated,Iranian finished-product catalogue,Rooz Darou,Iranian pharmaceutical product catalogue,site identifies Iranian product/manufacturer,public Iranian pharmaceutical product page; current stock not independently verified,product_page_listed_not_current_stock_verified,كپسول فلوکونازول 100,http://rouzdarou.com/products/%D9%83%D9%BE%D8%B3%D9%88%D9%84-%D9%81%D9%84%D9%88%DA%A9%D9%88%D9%86%D8%A7%D8%B2%D9%88%D9%84-100,PubChem name validation from supplier product title,1
"(3R,4S,5S,6R,7R,9R,11R,12R,13S,14R)-6-[(2S,3R,4S,6R)-4-(dimethylamino)-3-hydroxy-6-methyloxan-2-yl]oxy-14-ethyl-7,12,13-trihydroxy-4-[(2R,4R,5S,6S)-5-hydroxy-4-methoxy-4,6-dimethyloxan-2-yl]oxy-3,5,7,9,11,13-hexamethyl-oxacyclotetradecane-2,10-dione",erythromycin,,12560,ULGZDMOVFRHVEP-RWJQBGPGSA-N,C37H67NO13,733.9,,confirmed_organic,pharmaceutical_or_api,not_stated,Iranian finished-product catalogue,Rooz Darou,Iranian pharmaceutical product catalogue,site identifies Iranian product/manufacturer,public Iranian pharmaceutical product page; current stock not independently verified,product_page_listed_not_current_stock_verified,قرص اریترومایسین 200,http://rouzdarou.com/products/%D9%82%D8%B1%D8%B5-%D8%A7%D8%B1%DB%8C%D8%AA%D8%B1%D9%88%D9%85%D8%A7%DB%8C%D8%B3%DB%8C%D9%86-200,PubChem name validation from supplier product title,1
(2S)-1-[(2S)-2-[[(2S)-1-ethoxy-1-oxo-4-phenylbutan-2-yl]amino]propanoyl]pyrrolidine-2-carboxylic acid,enalapril,,5388962,GBXSMTUPTTWBMN-XIRDDKMYSA-N,C20H28N2O5,376.4,,confirmed_organic,pharmaceutical_or_api,not_stated,Iranian finished-product catalogue,Rooz Darou,Iranian pharmaceutical product catalogue,site identifies Iranian product/manufacturer,public Iranian pharmaceutical product page; current stock not independently verified,product_page_listed_not_current_stock_verified,قرص انالاپریل 20,http://rouzdarou.com/products/%D9%82%D8%B1%D8%B5-%D8%A7%D9%86%D8%A7%D9%84%D8%A7%D9%BE%D8%B1%DB%8C%D9%84-20,PubChem name validation from supplier product title,1
6-chloro-3-[1-[3-(2-oxo-3H-benzimidazol-1-yl)propyl]piperidin-4-yl]-1H-benzimidazol-2-one,domperidone,,3151,FGXWKSZFVQUSTL-UHFFFAOYSA-N,C22H24ClN5O2,425.9,,confirmed_organic,pharmaceutical_or_api,not_stated,Iranian finished-product catalogue,Rooz Darou,Iranian pharmaceutical product catalogue,site identifies Iranian product/manufacturer,public Iranian pharmaceutical product page; current stock not independently verified,product_page_listed_not_current_stock_verified,قرص دمپریدون 10,http://rouzdarou.com/products/%D9%82%D8%B1%D8%B5-%D8%AF%D9%85%D9%BE%D8%B1%DB%8C%D8%AF%D9%88%D9%86-10,PubChem name validation from supplier product title,1
sodium;2-propylpentanoate;2-propylpentanoic acid,divalproex sodium,,23663956,MSRILKIQRXUYCT-UHFFFAOYSA-M,C16H31NaO4,310.40,,confirmed_organic,pharmaceutical_or_api,not_stated,Iranian finished-product catalogue,Rooz Darou,Iranian pharmaceutical product catalogue,site identifies Iranian product/manufacturer,public Iranian pharmaceutical product page; current stock not independently verified,product_page_listed_not_current_stock_verified,قرص دی والپروئکس 500,http://rouzdarou.com/products/%D9%82%D8%B1%D8%B5-%D8%AF%DB%8C-%D9%88%D8%A7%D9%84%D9%BE%D8%B1%D9%88%D8%A6%DA%A9%D8%B3-500,PubChem name validation from supplier product title,1
"(3R,4S,5S,6R,7R,9R,11R,12R,13S,14R)-6-[(2S,3R,4S,6R)-4-(dimethylamino)-3-hydroxy-6-methyloxan-2-yl]oxy-14-ethyl-12,13-dihydroxy-4-[(2R,4R,5S,6S)-5-hydroxy-4-methoxy-4,6-dimethyloxan-2-yl]oxy-7-methoxy-3,5,7,9,11,13-hexamethyl-oxacyclotetradecane-2,10-dione",clarithromycin,,84029,AGOYDEPGAOXOCK-KCBOHYOISA-N,C38H69NO13,748.0,,confirmed_organic,pharmaceutical_or_api,not_stated,Iranian finished-product catalogue,Rooz Darou,Iranian pharmaceutical product catalogue,site identifies Iranian product/manufacturer,public Iranian pharmaceutical product page; current stock not independently verified,product_page_listed_not_current_stock_verified,قرص کلاریترومایسین 500,http://rouzdarou.com/products/%D9%82%D8%B1%D8%B5-%DA%A9%D9%84%D8%A7%D8%B1%DB%8C%D8%AA%D8%B1%D9%88%D9%85%D8%A7%DB%8C%D8%B3%DB%8C%D9%86-500,PubChem name validation from supplier product title,1
1-cyclopropyl-6-fluoro-4-oxo-7-piperazin-1-ylquinoline-3-carboxylic acid,ciprofloxacin,,2764,MYSWGUAQZAJSOK-UHFFFAOYSA-N,C17H18FN3O3,331.34,,confirmed_organic,pharmaceutical_or_api,not_stated,Iranian finished-product catalogue,Rooz Darou,Iranian pharmaceutical product catalogue,site identifies Iranian product/manufacturer,public Iranian pharmaceutical product page; current stock not independently verified,product_page_listed_not_current_stock_verified,قرص سیپروفلوکساسین 500,http://rouzdarou.com/products/%D9%82%D8%B1%D8%B5-%D8%B3%DB%8C%D9%BE%D8%B1%D9%88%D9%81%D9%84%D9%88%DA%A9%D8%B3%D8%A7%D8%B3%DB%8C%D9%86-500,PubChem name validation from supplier product title,1
4-[5-(4-methylphenyl)-3-(trifluoromethyl)pyrazol-1-yl]benzenesulfonamide,celecoxib,,2662,RZEKVGVHFLEQIL-UHFFFAOYSA-N,C17H14F3N3O2S,381.4,,confirmed_organic,pharmaceutical_or_api,not_stated,Iranian finished-product catalogue,Rooz Darou,Iranian pharmaceutical product catalogue,site identifies Iranian product/manufacturer,public Iranian pharmaceutical product page; current stock not independently verified,product_page_listed_not_current_stock_verified,كپسول سلکوکسیب 100,http://rouzdarou.com/products/%D9%83%D9%BE%D8%B3%D9%88%D9%84-%D8%B3%D9%84%DA%A9%D9%88%DA%A9%D8%B3%DB%8C%D8%A8-100,PubChem name validation from supplier product title,1
benzo[b][1]benzazepine-11-carboxamide,carbamazepine,,2554,FFGPTBGBLSHEPO-UHFFFAOYSA-N,C15H12N2O,236.27,,confirmed_organic,pharmaceutical_or_api,not_stated,Iranian finished-product catalogue,Rooz Darou,Iranian pharmaceutical product catalogue,site identifies Iranian product/manufacturer,public Iranian pharmaceutical product page; current stock not independently verified,product_page_listed_not_current_stock_verified,قرص کاربامازپین 200,http://rouzdarou.com/products/%D9%82%D8%B1%D8%B5-%DA%A9%D8%A7%D8%B1%D8%A8%D8%A7%D9%85%D8%A7%D8%B2%D9%BE%DB%8C%D9%86-200,PubChem name validation from supplier product title,1
(2S)-1-[(2S)-2-methyl-3-sulfanylpropanoyl]pyrrolidine-2-carboxylic acid,captopril,,44093,FAKRSMQSSFJEIM-RQJHMYQMSA-N,C9H15NO3S,217.29,,confirmed_organic,pharmaceutical_or_api,not_stated,Iranian finished-product catalogue,Rooz Darou,Iranian pharmaceutical product catalogue,site identifies Iranian product/manufacturer,public Iranian pharmaceutical product page; current stock not independently verified,product_page_listed_not_current_stock_verified,قرص کاپتوپریل 50,http://rouzdarou.com/products/%D9%82%D8%B1%D8%B5-%DA%A9%D8%A7%D9%BE%D8%AA%D9%88%D9%BE%D8%B1%DB%8C%D9%84-50,PubChem name validation from supplier product title,1
"(3R,5R)-7-[2-(4-fluorophenyl)-3-phenyl-4-(phenylcarbamoyl)-5-propan-2-ylpyrrol-1-yl]-3,5-dihydroxyheptanoic acid",atorvastatin,,60823,XUKUURHRXDUEBC-KAYWLYCHSA-N,C33H35FN2O5,558.6,,confirmed_organic,pharmaceutical_or_api,not_stated,Iranian finished-product catalogue,Rooz Darou,Iranian pharmaceutical product catalogue,site identifies Iranian product/manufacturer,public Iranian pharmaceutical product page; current stock not independently verified,product_page_listed_not_current_stock_verified,قرص آتورواستاتین 40,http://rouzdarou.com/products/%D9%82%D8%B1%D8%B5-%D8%A2%D8%AA%D9%88%D8%B1%D9%88%D8%A7%D8%B3%D8%AA%D8%A7%D8%AA%DB%8C%D9%86-40,PubChem name validation from supplier product title,1
2-[4-[2-hydroxy-3-(propan-2-ylamino)propoxy]phenyl]acetamide,atenolol,,2249,METKIMKYRPQLGS-UHFFFAOYSA-N,C14H22N2O3,266.34,,confirmed_organic,pharmaceutical_or_api,not_stated,Iranian finished-product catalogue,Rooz Darou,Iranian pharmaceutical product catalogue,site identifies Iranian product/manufacturer,public Iranian pharmaceutical product page; current stock not independently verified,product_page_listed_not_current_stock_verified,قرص آتنولول 100,http://rouzdarou.com/products/%D9%82%D8%B1%D8%B5-%D8%A2%D8%AA%D9%86%D9%88%D9%84%D9%88%D9%84-100,PubChem name validation from supplier product title,1
"3-O-ethyl 5-O-methyl 2-(2-aminoethoxymethyl)-4-(2-chlorophenyl)-6-methyl-1,4-dihydropyridine-3,5-dicarboxylate",amlodipine,,2162,HTIQEAQVCYTUBX-UHFFFAOYSA-N,C20H25ClN2O5,408.9,,confirmed_organic,pharmaceutical_or_api,not_stated,Iranian finished-product catalogue,Rooz Darou,Iranian pharmaceutical product catalogue,site identifies Iranian product/manufacturer,public Iranian pharmaceutical product page; current stock not independently verified,product_page_listed_not_current_stock_verified,قرص آملودیپین 5,http://rouzdarou.com/products/%D9%82%D8%B1%D8%B5-%D8%A2%D9%85%D9%84%D9%88%D8%AF%DB%8C%D9%BE%DB%8C%D9%86-5,PubChem name validation from supplier product title,1
"8-chloro-1-methyl-6-phenyl-4H-[1,2,4]triazolo[4,3-a][1,4]benzodiazepine",alprazolam,,2118,VREFGVBLTWBCJP-UHFFFAOYSA-N,C17H13ClN4,308.8,,confirmed_organic,pharmaceutical_or_api,not_stated,Iranian finished-product catalogue,Rooz Darou,Iranian pharmaceutical product catalogue,site identifies Iranian product/manufacturer,public Iranian pharmaceutical product page; current stock not independently verified,product_page_listed_not_current_stock_verified,قرص آلپرازولام 0.5,http://rouzdarou.com/products/%D9%82%D8%B1%D8%B5-%D8%A2%D9%84%D9%BE%D8%B1%D8%A7%D8%B2%D9%88%D9%84%D8%A7%D9%85-05,PubChem name validation from supplier product title,1
2-amino-9-(2-hydroxyethoxymethyl)-1H-purin-6-one,acyclovir,,135398513,MKUXAQIIEYXACX-UHFFFAOYSA-N,C8H11N5O3,225.20,,confirmed_organic,pharmaceutical_or_api,not_stated,Iranian finished-product catalogue,Rooz Darou,Iranian pharmaceutical product catalogue,site identifies Iranian product/manufacturer,public Iranian pharmaceutical product page; current stock not independently verified,product_page_listed_not_current_stock_verified,قرص آسیکلوویر 800,http://rouzdarou.com/products/%D9%82%D8%B1%D8%B5-%D8%A2%D8%B3%DB%8C%DA%A9%D9%84%D9%88%D9%88%DB%8C%D8%B1-800,PubChem name validation from supplier product title,1
