"# export_metadata: {""exported_at"": ""2026-08-25T18:52:50Z"", ""skill"": ""iran-chem-database@2.19.0 (clawhub: @orionshaowswmw/iran-chem-database)"", ""rows"": 1041, ""previous_primary_rows"": 957, ""added_unique_cids_vs_v218_workspace_export"": 84, ""confirmed_organic"": 1041, ""unique_cids"": 1041, ""unique_inchikeys"": 1035, ""rows_with_cas"": 569, ""rows_with_canonical_smiles"": 1035, ""rows_with_evidence_url"": 977, ""composition"": {""verified_telegram_listing"": 358, ""verified_catalogue"": 480, ""verified_catalogue | verified_telegram_listing"": 2, ""verified_web_catalogue"": 200, ""(none)"": 1}, ""pipeline"": ""Merged previous skill seed (market-verified + expanded + parallel-AI + legacy) with 2026-08-25 live Iranian catalogue harvest (Telegram + WooCommerce + TamadKala sitemaps). CID-deduped. PubChem-confirmed. Organic gate. router.py --batch title normalization only — never invents."", ""scope"": ""BEST-EFFORT dated index of CONFIRMED-ORGANIC molecules appearing in configured public Iranian supplier catalogues. NOT a national census. Listing presence is not proof of current stock."", ""cid_dedupe"": ""enforced — zero same-CID rows"", ""provenance_hash"": ""sha256(evidence_text|evidence_url|CID) per row"", ""supersedes"": ""iran_organic_molecules_parallel_ai_2026-08-24.csv as CURRENT/PRIMARY; older seed files retained for audit""}"
molecule_name,common_name,name_variants,cas_number,pubchem_cid,inchi_key,molecular_formula,molecular_weight,canonical_smiles,organic_status,category,grade,supplier_name,supplier_platform,availability_status,evidence_url,evidence_text,identity_method,source_type,record_date,provenance_hash
"2,3-dihydroxybenzoic acid",Dihydroxybenzoic acid,"2,3-dihydroxybenzoic acid; Dihydroxybenzoic acid",,19,GLDQAMYCGOIJDV-UHFFFAOYSA-N,C7H6O4,154.12,C1=CC(=C(C(=C1)O)O)C(=O)O,confirmed_organic,,,telegram:minatajhiz,public Telegram (seller_research),product_page_listed_not_current_stock_verified,https://t.me/minatajhiz/1095,"2و4 -دی هیدروکسی بنزوئیک اسید 2,4-Dihydroxybenzoic acid کد محصول مرک 800738 واردات جدید مرک",structured_pubchem,verified_telegram_listing,2026-08-25,799730f8184485bf55cbc10b8a0bbea12ce860a8531ec19710a3d81d8c0a3611
4-aminobutanoic acid,Gamma-Aminobutyric Acid,,,119,BTCSSZJGUNDROE-UHFFFAOYSA-N,C4H9NO2,103.12,C(CC(=O)O)CN,confirmed_organic,pharmaceutical_or_api,,telegram:chemgroup,Iranian supplier Telegram catalogue,listing_evidence_crawled_2026-08-24,https://t.me/chemgroup/2991,,ai_normalised_listing+pubchem_confirmed,verified_telegram_listing,2017-03-28,6e35af51f5a0f03525721a19ca61725ed979269489d1ee624c880a69ad590226
4-hydroxybenzaldehyde,4-hydroxybenzaldehyde,,123-08-0,126,RGHHSNMVTDWUBI-UHFFFAOYSA-N,C7H6O2,122.12,C1=CC(=CC=C1C=O)O,confirmed_organic,,,telegram:ChemIranSanat,public Telegram (seller_research),product_page_listed_not_current_stock_verified,https://t.me/ChemIranSanat/1735,"4-Hydroxybenzaldehyde | بنزالدهید و مشتقات مختلف آن از کمپانی اکروس 10522 Benzaldehyde 250ml 15603 3-Ethoxy-4-hydroxybenzaldehyde 100g 15044 4-Chlorobenzaldehyde 250g 18351 2,3-Dihydroxybenzaldehyde 5g 16277 4-Hydroxybenzaldehyde 50g 33488 4-Isopropylbenzaldehyde 100g 15458 4-Carboxybenzaldehyde 5g 17364 2,4-Dihydroxybenzaldehyde 25g 15699 4-Nitrobenzaldehyde 25g 10665 2-Bromobenzaldehyde 10ml 🔜 موجود و آماده تحویل ✅ شیمیران صنعت فقط اصلی 📱 دریافت قیمت یا سفارش کالا 👇 🆔 @ChemIranAdmin 🆔 @ChemIra",router_batch+pubchem,verified_telegram_listing,2026-08-25,93cb1cd1ee28b1d5fb0efa034e0bb13c12e17acc7d4d77fc64264ca0924d53b9
"ethane-1,2-diol",Ethylene glycol,"ethane-1,2-diol; Ethylene glycol; ethylene glycol; PEG",107-21-1,174,LYCAIKOWRPUZTN-UHFFFAOYSA-N,C2H6O2,62.07,C(CO)O,confirmed_organic,organic_reagent,research,Chemical Iran; DigiShimi; Fardad Shimi; Isatis Shimi; TamadKala; Telegram: Boof_company; Telegram: Ch_Chemical_leaders; Telegram: IranChemicals; Telegram: Maran_Tejarat_Eshen; Mojallali Group; ShimiMan; IR Chem / Pishgaman; telegram:ATRmedShop,Iranian online chemical shops | Iranian online lab-chemical shop | Iranian online research/chemical shop | Iranian online wholesale/lab shop | Iranian supplier Telegram catalogue,listed_not_current_stock_verified | product_page_listed_not_current_stock_verified,https://digishimii.ir/Product/مونو-اتیلن-گلایکول/,Mono Ethylene Glycol (MEG) | Monoethylene Glycol (MEG) | ethylene glycol | مونو اتیلن گلایکول | مونو اتیلن گلایکول extra pure دکتر مجللی | ... | مونو اتیلن گلایکول usp دکتر مجللی | ... | مونو اتیلن گلایکول دکتر مجللی | مونو اتیلن گلایکول صنعتی | ... | مونو اتیلن گلیکول | مونو اتی,existing skill export | explicit_category_supplement | router_title_normalization,verified_catalogue,2026-08-23,abbe5545a566007c53b5cc5e50de8c7eb52d0121d9eeae32e0b56ae5ec561ac0
acetic acid,acetic acid glacial,acetic acid; acetic acid glacial,64-19-7,176,QTBSBXVTEAMEQO-UHFFFAOYSA-N,C2H4O2,60.05,CC(=O)O,confirmed_organic,organic_reagent,research,Fardad Shimi; TamadKala; Telegram: Ch_Chemical_leaders; Telegram: ChemIranSanat; Telegram: minatajhiz; DigiShimi; Isatis Shimi; Mojallali Group; ShimiMan; IR Chem / Pishgaman; telegram:ATRmedShop; telegram:chemgroup,Iranian online lab-chemical shop | Iranian online wholesale/lab shop | Iranian supplier Telegram catalogue,listed_not_current_stock_verified | product_page_listed_not_current_stock_verified,https://fardadshimi.com/product/6199108/,acetic acid | اسید استیک گلاسیال extra pure دکتر مجللی | اسید استیک گلاسیال laboratory دکتر مجللی | اسید استیک گلاسیال usp دکتر مجللی | اسید استیک گلاسیال امرتات شیمی گرید ph eur b | ... | اسید استیک گلاسیال دکتر مجللی | اسید استیک گلاسیال پارس شیمی,existing skill export | router_title_normalization,verified_catalogue,2026-08-23,532a7b9d2c7df98afaf40251a09f264f1bfc4a777d273b09ab86b7c2d5d0d3b3
acetamide,Acetamide,acetamide; Acetamide,60-35-5,178,DLFVBJFMPXGRIB-UHFFFAOYSA-N,C2H5NO,59.07,CC(=O)N,confirmed_organic,organic_reagent,,Fardad Shimi,Iranian online lab-chemical shop,product_page_listed_not_current_stock_verified,,استامید مرک MERCK,router_title_normalization,verified_catalogue,2026-08-23,5a7cfbd066b320d118a056172a815c494522140a5f1e4223c44561d1dd7729da
propan-2-one,Acetone,propan-2-one; Acetone; acetone,67-64-1,180,CSCPPACGZOOCGX-UHFFFAOYSA-N,C3H6O,58.08,CC(=O)C,confirmed_organic,organic_reagent,research,DigiShimi; Fardad Shimi; Isatis Shimi; TamadKala; Telegram: Boof_company; Telegram: ChemIranSanat; Telegram: minatajhiz; Mojallali Group; ShimiMan; IR Chem / Pishgaman; Exir; Temad,Iranian online chemical shops | Iranian online lab-chemical shop | Iranian online wholesale/lab shop | Iranian supplier Telegram catalogue,listed_not_current_stock_verified | product_page_listed_not_current_stock_verified,https://digishimii.ir/Product/%d8%a7%d8%b3%d8%aa%d9%88%d9%86-%d8%af%d8%a7%d8%b1%d9%88%db%8c%db%8c/,Acetone | propan-2-one | استون | استون 99 5 p a پارس شیمی | استون 99 u s p پارس شیمی | استون دارویی | استون دکتر مجللی | استون صنعتی | استون پارس شیمی,existing skill export | router_title_normalization,verified_catalogue,2026-08-23,c349c7e3013fc6a24b10f50dc73f8d7a13c61b6126097bbc7449f13fa4eb7775
7H-purin-6-amine,7H-purin-6-amine,,73-24-5,190,GFFGJBXGBJISGV-UHFFFAOYSA-N,C5H5N5,135.13,C1=NC2=NC=NC(=C2N1)N,confirmed_organic,,,telegram:ATRmedShop,public Telegram (seller_research),product_page_listed_not_current_stock_verified,https://t.me/ATRmedShop/818,Adenine | آدنین آدنین یک نوکلئوباز پورین و یکی از چهار باز موجود در ساختمان DNA و RNA است. سه مورد دیگر گوانین، سیتوزین و تیمین هستند. همچنین جزء کوفاکتورها (NAD، FAD) و مولکول‌های سیگنالینگ (cAMP) است. این ماده (نماد A یا Ade)در هر بافت گیاهی و جانوری یافت می‌شود و جزء کوآنزیم های متعدد است. مشتقات این ماده نقش‌های گوناگونی در بیوشیمی از جمله... برای مشاهده ادامه مطلب، مشاهده قیمت آنلاین و خرید اینترنتی آدنین به لینک زیر مراجعه فرمایید: https://lnkd.in/d2AubY7U #آدنین #دنین_و_تیمین #NADH_مخفف_چ,router_batch+pubchem,verified_telegram_listing,2026-08-25,074e8956e5a28fa82614869b5ad426202ed1fdfdb5ede0c120e9153076325450
hexanedioic acid,Adipic acid,hexanedioic acid; Adipic acid,124-04-9,196,WNLRTRBMVRJNCN-UHFFFAOYSA-N,C6H10O4,146.14,C(CCC(=O)O)CC(=O)O,confirmed_organic,organic_reagent,research,Fardad Shimi; TamadKala,Iranian online lab-chemical shop | Iranian online wholesale/lab shop,product_page_listed_not_current_stock_verified,https://tamadkala.com/product/154899/%D8%A7%D8%B3%DB%8C%D8%AF-%D8%A2%D8%AF%DB%8C%D9%BE%DB%8C%DA%A9-%D8%A7%D9%85%D8%B1%D8%AA%D8%A7%D8%AA-%D8%B4%DB%8C%D9%85%DB%8C-%DA%AF%D8%B1%DB%8C%D8%AF-extra-pure,آدیپیک اسید مرک MERCK | اسید آدیپیک امرتات شیمی گرید extra pure,router_title_normalization,verified_catalogue,2026-08-23,772248821f34bd917ed5fa73404de713a816e7406bf2ed40836601687d9c889b
"(2,5-dioxoimidazolidin-4-yl)urea",Allantoin,"(2,5-dioxoimidazolidin-4-yl)urea; Allantoin",97-59-6,204,POJWUDADGALRAB-UHFFFAOYSA-N,C4H6N4O3,158.12,C1(C(=O)NC(=O)N1)NC(=O)N,confirmed_organic,cosmetic_raw_material,,BehChin Chemi Pharmed; Mojallali Group; IR Chem / Pishgaman,Iranian supplier API/intermediate catalogue,supplier_catalogue_listed_not_current_stock_verified,https://www.behchinchemi.ir/en/our-products/cosmetic-materials,Allantoin,supplier_table,verified_catalogue,2026-08-23,cb6f3cc531c236cef08ddc6745036dd02401e8b0bc2c5c7ad22de1085245efb1
2-aminobenzoic acid,2-aminobenzoic acid,,118-92-3,227,RWZYAGGXGHYGMB-UHFFFAOYSA-N,C7H7NO2,137.14,C1=CC=C(C(=C1)C(=O)O)N,confirmed_organic,,,telegram:ATRmedShop,public Telegram (seller_research),product_page_listed_not_current_stock_verified,https://t.me/ATRmedShop/440,anthranilic acid | آنترانیلیک اسید برای سنتز آنترانیلیک اسید برای سنتز یک اسید معطر است با فرمول 2-(H2N)C6H4CO2H  که دارای گروه آمینه می باشد. آنترانیلیک اسید از یک ... برای ادامه مطالب، مشاهده و خرید آنلاین این محصول به لینک زیر مراجعه فرمایید: https://atrmedshop.com/product/antranyl-acid-for-synthesis/ #آنترانیلیک_اسیدبرای_سنتز #اسیدآنترانیلیک #آمینوبنزوئیک_اسید #مرک #فروشگاهATR_MRD #Anthranilic_acid #merck,router_batch+pubchem,verified_telegram_listing,2026-08-25,47d66c9d5ab3cf509b15fbccde19c0157734ec78b4ae9d5d35d658848c7f62cc
3-aminopropanoic acid,Beta-Alanine,,107-95-9,239,UCMIRNVEIXFBKS-UHFFFAOYSA-N,C3H7NO2,89.09,C(CN)C(=O)O,confirmed_organic,supplement_active,,telegram:minatajhiz,Iranian supplier Telegram catalogue,listing_evidence_crawled_2026-08-24,https://t.me/minatajhiz/1020,,ai_normalised_listing+pubchem_confirmed,verified_telegram_listing,2023-05-04,f95a07728bbed989f1e711d795d6a1c2469d65829d2521b5a91fcf43e6fafbad
benzaldehyde,Benzaldehyde,benzaldehyde; Benzaldehyde,100-52-7,240,HUMNYLRZRPPJDN-UHFFFAOYSA-N,C7H6O,106.12,C1=CC=C(C=C1)C=O,confirmed_organic,fragrance_or_aroma,,TamadKala; telegram:ChemIranSanat,Iranian online wholesale/lab shop,product_page_listed_not_current_stock_verified,https://tamadkala.com/product/164920/%D8%A8%D9%86%D8%B2%D8%A7%D9%84%D8%AF%D8%A6%DB%8C%D8%AF-%D8%A8%D8%B1%D9%86%D8%AF-%D9%84%D9%88%D8%A8%D8%A7-%D9%87%D9%86%D8%AF,بنزالدئید برند لوبا هند | فروش بنزالدهید,router_title_normalization,verified_catalogue,2026-08-23,f349df7f02c14cbfb54126b076cbbac59e92a376cb309ae95fea77266d610396
benzene,benzene,benzene,71-43-2,241,UHOVQNZJYSORNB-UHFFFAOYSA-N,C6H6,78.11,C1=CC=CC=C1,confirmed_organic,organic_reagent,research,TamadKala; Telegram: ChemIranSanat; Telegram: chemgroup; Telegram: minatajhiz; ShimiMan; telegram:ATRmedShop,Iranian online wholesale/lab shop | Iranian supplier Telegram catalogue,listed_not_current_stock_verified | product_page_listed_not_current_stock_verified,https://t.me/ChemIranSanat/1362,benzene | بنزن hplc نوترون | بنزن امرتات شیمی گرید extra pure | ... | فروش بنزن,existing skill export | router_title_normalization,verified_catalogue,2026-08-23,abf87427aae81da93ff3e74513cd5aa9917cd36698927b7ae632da85318931a8
benzoic acid,Benzoic acid,benzoic acid; Benzoic acid,65-85-0,243,WPYMKLBDIGXBTP-UHFFFAOYSA-N,C7H6O2,122.12,C1=CC=C(C=C1)C(=O)O,confirmed_organic,organic_reagent,research,DigiShimi; TamadKala; Telegram: ChemIranSanat; Telegram: jahaneshimicom; Mojallali Group; telegram:chemgroup,Iranian online chemical shops | Iranian online wholesale/lab shop | Iranian supplier Telegram catalogue,listed_not_current_stock_verified | product_page_listed_not_current_stock_verified,https://digishimii.ir/Product/%d8%a7%d8%b3%db%8c%d8%af-%d8%a8%d9%86%d8%b2%d9%88%d8%a6%db%8c%da%a9/,benzoic acid | اسید بنزوئیک | بنزوئيك اسيد قطران شیمی | بنزوئیک اسید extra pure نوترون | بنزوئیک اسید lab دکتر مجللی | ...,existing skill export | router_title_normalization,verified_catalogue,2026-08-23,e4fb99b1e0d7495a46e30802ba18fc66e6cb7e4c9fddcd08534432a5bda1dd18
phenylmethanol,Benzyl alcohol,phenylmethanol; Benzyl alcohol,100-51-6,244,WVDDGKGOMKODPV-UHFFFAOYSA-N,C7H8O,108.14,C1=CC=C(C=C1)CO,confirmed_organic,organic_reagent,research,Fardad Shimi; TamadKala; Mojallali Group; ShimiMan,Iranian online lab-chemical shop | Iranian online wholesale/lab shop,product_page_listed_not_current_stock_verified,https://fardadshimi.com/product/6199375/,بنزیل الکل extra pure دکتر مجللی | ... | بنزیل الکل دکتر مجللی,router_title_normalization,verified_catalogue,2026-08-23,597530f3442dd4ce900cdb255325210447f0f9fdb18a9febd022fc77a13e9b73
2-(trimethylazaniumyl)acetate,Betaine,2-(trimethylazaniumyl)acetate; Betaine,107-43-7,247,KWIUHFFTVRNATP-UHFFFAOYSA-N,C5H11NO2,117.15,C[N+](C)(C)CC(=O)[O-],confirmed_organic,organic_reagent,industrial,Isatis Shimi; Telegram: jahaneshimicom,Iranian online chemical shops | Iranian supplier Telegram catalogue,listed_not_current_stock_verified | product_page_listed_not_current_stock_verified,https://isatisshimi.com/en/product/betaine/,2-(trimethylazaniumyl)acetate | Betaine | بتایین,existing skill export | router_title_normalization,verified_catalogue,2026-08-23,d678aeef4e048f54ca564526e5dd957dd4c04d1b086151559ee65a581bbbebc5
butan-1-ol,Butanol,butan-1-ol; Butanol,71-36-3,263,LRHPLDYGYMQRHN-UHFFFAOYSA-N,C4H10O,74.12,CCCCO,confirmed_organic,organic_reagent,research,Fardad Shimi; TamadKala; Mojallali Group; ShimiMan,Iranian online lab-chemical shop | Iranian online wholesale/lab shop,product_page_listed_not_current_stock_verified,https://fardadshimi.com/product/6199290/,1 بوتانول | 1 بوتانول 1051 امرتات شیمی | 1 بوتانول extra pure دکتر مجللی | ... | 1 بوتانول laboratory دکتر مجللی | ... | 1 بوتانول امرتات شیمی گرید for liquid chromatography | 1 بوتانول امرتات شیمی گرید for spectroscopy | 1 بوتانول امرتات شیمی گرید gr for analysis | بوتانول دکتر,router_title_normalization,verified_catalogue,2026-08-23,79394dc29138b7fe7d2fd492546868177cb6210bebd471f2aabb33a0fedb7ebc
butanoic acid,Butyric acid,butanoic acid; Butyric acid,107-92-6,264,FERIUCNNQQJTOY-UHFFFAOYSA-N,C4H8O2,88.11,CCCC(=O)O,confirmed_organic,organic_reagent,,TamadKala,Iranian online wholesale/lab shop,product_page_listed_not_current_stock_verified,https://tamadkala.com/product/42033/%D8%A8%D9%88%D8%AA%D8%A7%D9%86%D9%88%DB%8C%DB%8C%DA%A9-%D8%A7%D8%B3%DB%8C%D8%AF,بوتانوییک اسید,router_title_normalization,verified_catalogue,2026-08-23,a3dff7a872e3559de4f3d1d0b9f439dfca5020c1f7d6f3d64024e923108209d8
carbon dioxide,CO2,carbon dioxide; CO2; co2,,280,CURLTUGMZLYLDI-UHFFFAOYSA-N,CO2,44.009,C(=O)=O,confirmed_organic,,,telegram:ChemIranSanat; TamadKala,public Telegram (seller_research),product_page_listed_not_current_stock_verified,https://t.me/ChemIranSanat/2025,اتم به اتم با جدول تناوبی  92. اورانیوم  اورانیوم به عنوان سوخت در نیروگاه های هسته ای به کار می رود. چگالی انرژی اورانیوم بسیار زیاد است، یک کیلوگرم اورانیوم به اندازه 1.5 میلیون کیلوگرم زغال سنگ انرژی تولید می کند. همچنین CO2 که زغال سنگ ایجاد می کند، آزاد…,structured_pubchem,verified_telegram_listing,2026-08-25,d74c0160fe4a73d2576096b8fbf87eb82bf9f604f6de6c4b28dfd0dad75f31ec
formic acid,formic acid,formic acid; Formic Acid,64-18-6,284,BDAGIHXWWSANSR-UHFFFAOYSA-N,CH2O2,46.025,C(=O)O,confirmed_organic,organic_reagent,research,DigiShimi; Fardad Shimi; Isatis Shimi; TamadKala; Mojallali Group; ShimiMan,Iranian online chemical shops | Iranian online lab-chemical shop | Iranian online wholesale/lab shop,product_page_listed_not_current_stock_verified,https://digishimii.ir/Product/%d8%a7%d8%b3%db%8c%d8%af-%d9%81%d8%b1%d9%85%db%8c%da%a9/,85% formic acid | Formic Acid 85% | اسید فرمیک | اسید فرمیک 85 درصد | اسید فرمیک laboratory دکتر مجللی | اسید فرمیک دکتر مجللی | اسید فرمیک صنعتی | ...,router_title_normalization,verified_catalogue,2026-08-23,7cb4ada6e0be0ada6e02848e39ebce4e331163bd558e12ce2d81f7f3ecb03cbf
methane,methane,methane,74-82-8,297,VNWKTOKETHGBQD-UHFFFAOYSA-N,CH4,16.043,,confirmed_organic,organic_reagent,research,DigiShimi; Telegram: ChemIranSanat; telegram:ChemIranSanat,Iranian online chemical shops | Iranian supplier Telegram catalogue | telegram:ChemIranSanat,listed_not_current_stock_verified | product_page_listed_not_current_stock_verified,https://digishimii.ir/Product/دوده/,methane | دوده | کربن اکتیو | کربن اکتیو,existing skill export | router_title_normalization | cid_reverified_pubchem_2026-08-24 | structured_pubchem,verified_catalogue | verified_telegram_listing,2026-08-23,ba041ae8fccfff1e26cb7a56a5a6e52dd5e74c0d14ca9d3108078f8ce1389af7
"2-hydroxypropane-1,2,3-tricarboxylic acid",Citric acid,"2-hydroxypropane-1,2,3-tricarboxylic acid; Citric acid; citric acid",77-92-9,311,KRKNYBCHXYNGOX-UHFFFAOYSA-N,C6H8O7,192.12,C(C(=O)O)C(CC(=O)O)(C(=O)O)O,confirmed_organic,organic_reagent,research,TamadKala; Telegram: Ch_Chemical_leaders; Telegram: chemgroup; Telegram: minatajhiz; DigiShimi; Isatis Shimi; Mojallali Group; ShimiMan; IR Chem / Pishgaman; telegram:labshop,Iranian online wholesale/lab shop | Iranian supplier Telegram catalogue,listed_not_current_stock_verified | product_page_listed_not_current_stock_verified,https://t.me/Ch_Chemical_leaders/51,"2-hydroxypropane-1,2,3-tricarboxylic acid | اسید سیتریک acs دکتر مجللی | اسید سیتریک خشک صنعتی | سيتريك اسيد قطران شیمی | فروش اسید سیتریک",existing skill export | router_title_normalization,verified_catalogue,2026-08-23,7f686ba5a048a25099300ea0b9c632fd6cf11af34268bb27e7f7457748e76dd1
chromen-2-one,Coumarin,chromen-2-one; Coumarin,,323,ZYGHJZDHTFUPRJ-UHFFFAOYSA-N,C9H6O2,146.14,C1=CC=C2C(=C1)C=CC(=O)O2,confirmed_organic,fragrance_or_aroma,,telegram:minatajhiz,Iranian supplier Telegram catalogue,listing_evidence_crawled_2026-08-24,https://t.me/minatajhiz/1028,کومارین Coumarin کد محصول مرک: 822316 واردات جدید مرک,ai_normalised_listing+pubchem_confirmed,verified_telegram_listing,2023-05-20,f7d64af338e560afbceb42a55b399a32bea9c8ffe07ebf2cb288d1c23a83557b
4-propan-2-ylbenzaldehyde,4-propan-2-ylbenzaldehyde,,122-03-2,326,WTWBUQJHJGUZCY-UHFFFAOYSA-N,C10H12O,148.20,CC(C)C1=CC=C(C=C1)C=O,confirmed_organic,,,telegram:ChemIranSanat,public Telegram (seller_research),product_page_listed_not_current_stock_verified,https://t.me/ChemIranSanat/1735,"4-Isopropylbenzaldehyde | بنزالدهید و مشتقات مختلف آن از کمپانی اکروس 10522 Benzaldehyde 250ml 15603 3-Ethoxy-4-hydroxybenzaldehyde 100g 15044 4-Chlorobenzaldehyde 250g 18351 2,3-Dihydroxybenzaldehyde 5g 16277 4-Hydroxybenzaldehyde 50g 33488 4-Isopropylbenzaldehyde 100g 15458 4-Carboxybenzaldehyde 5g 17364 2,4-Dihydroxybenzaldehyde 25g 15699 4-Nitrobenzaldehyde 25g 10665 2-Bromobenzaldehyde 10ml 🔜 موجود و آماده تحویل ✅ شیمیران صنعت فقط اصلی 📱 دریافت قیمت یا سفارش کالا 👇 🆔 @ChemIranAdmin 🆔 @ChemI",router_batch+pubchem,verified_telegram_listing,2026-08-25,5b471c613e566d0bbcff60aaa216db117d0327ba6206ec3bfd798ccb690577e5
2-hydroxybenzoic acid,salicylic acid,2-hydroxybenzoic acid; salicylic acid,69-72-7,338,YGSDEFSMJLZEOE-UHFFFAOYSA-N,C7H6O3,138.12,C1=CC=C(C(=C1)C(=O)O)O,confirmed_organic,organic_reagent,research,Fardad Shimi; TamadKala; Mojallali Group; ShimiMan,Iranian online lab-chemical shop | Iranian online wholesale/lab shop,product_page_listed_not_current_stock_verified,https://fardadshimi.com/product/6197522/,اسید سالیسیلیک extra pure دکتر مجللی 1 | اسید سالیسیلیک extra pure دکتر مجللی 2 | ... | اسید سالیسیلیک برند dyc چین | ... | سالیسیلیک اسید | سالیسیلیک اسید MERCK | سالیسیلیک اسید قطران شیمی,router_title_normalization,verified_catalogue,2026-08-23,7afee07dd0d14e2ccf48e64fabb9ca52c32fb812b3d5df303d73dfcd617cf25e
3-methylphenol,Metacresol,3-methylphenol; Metacresol,,342,RLSSMJSEOOYNOY-UHFFFAOYSA-N,C7H8O,108.14,CC1=CC(=CC=C1)O,confirmed_organic,organic_reagent,,TamadKala,Iranian online wholesale/lab shop,product_page_listed_not_current_stock_verified,https://tamadkala.com/product/149090/%D9%85%D8%AA%D8%A7%DA%A9%D8%B1%D9%88%D8%B2%D9%88%D9%84,متاکروزول,router_title_normalization,verified_catalogue,2026-08-23,3d62961e0861cd68272c5120e8d0f16ea9f546b050ce9753eaee68410df4921b
octane,n-Octane,octane; n-Octane,111-65-9,356,TVMXDCGIABBOFY-UHFFFAOYSA-N,C8H18,114.23,CCCCCCCC,confirmed_organic,organic_reagent,research,Fardad Shimi; TamadKala; Mojallali Group; ShimiMan,Iranian online lab-chemical shop | Iranian online wholesale/lab shop,product_page_listed_not_current_stock_verified,https://fardadshimi.com/product/6199238/,ان اکتان laboratory دکتر مجللی | ... | ان اکتان دکتر مجللی,router_title_normalization,verified_catalogue,2026-08-23,947ec01907a8162d515f95b9e855304c4816fd3498607bfb4a1c8c3e55f7ac76
"3,4,5-trihydroxybenzoic acid",Gallic acid,"3,4,5-trihydroxybenzoic acid; Gallic acid",149-91-7,370,LNTHITQWFMADLM-UHFFFAOYSA-N,C7H6O5,170.12,C1=C(C=C(C(=C1O)O)O)C(=O)O,confirmed_organic,secondary_metabolite_or_natural_product,research,TamadKala,Iranian online research/chemical shop | Iranian online wholesale/lab shop,product_page_listed_not_current_stock_verified,https://tamadkala.com/product/90739/%DA%AF%D8%A7%D9%84%DB%8C%DA%A9-%D8%A7%D8%B3%DB%8C%D8%AF-%D8%B3%DB%8C%DA%AF%D9%85%D8%A7,گالیک اسید | ... | گالیک اسید سیگما,explicit_category_supplement | router_title_normalization,verified_catalogue,2026-08-23,e0751445902efd0ad39e75a264eb0c15e5de51ea16dd6c98befd644d190d17a9
octanoic acid,Octanoic Acid,octanoic acid; Octanoic Acid; Octanoic acid,,379,WWZKQHOCKIZLMA-UHFFFAOYSA-N,C8H16O2,144.21,CCCCCCCC(=O)O,confirmed_organic,organic_reagent,research,Telegram: minatajhiz,Iranian supplier Telegram catalogue,listed_not_current_stock_verified,https://t.me/minatajhiz/1065,octanoic acid,existing skill export,verified_catalogue,2026-08-23,bccd860b8a7a7807c1a2cdb499419d49ef6ee592db998c732c5cb80f5406eda2
4-aminophenol,4-Aminophenol,4-aminophenol; 4-Aminophenol,123-30-8,403,PLIKAWJENQZMHA-UHFFFAOYSA-N,C6H7NO,109.13,C1=CC(=CC=C1N)O,confirmed_organic,pharmaceutical_or_api,research,BehChin Chemi Pharmed; TamadKala,Iranian online wholesale/lab shop | Iranian supplier API/intermediate catalogue,product_page_listed_not_current_stock_verified | supplier_catalogue_listed_not_current_stock_verified,https://tamadkala.com/product/156142/4-%D8%A2%D9%85%DB%8C%D9%86%D9%88-%D9%81%D9%86%D9%88%D9%84-%D8%A7%D9%85%D8%B1%D8%AA%D8%A7%D8%AA-%D8%B4%DB%8C%D9%85%DB%8C-%DA%AF%D8%B1%DB%8C%D8%AF-for-synthesis,4 آمینو فنول امرتات شیمی گرید for synthesis | 4-Aminophenol,router_title_normalization | supplier_table,verified_catalogue,2026-08-23,58e9f5061d83cab6f6a7239e82fe77fa42607b6f3d1d8046499fcecbcf5a11ad
2-hydroxybutanedioic acid,Malic acid,2-hydroxybutanedioic acid; Malic acid,6915-15-7,525,BJEPYKJPYRNKOW-UHFFFAOYSA-N,C4H6O5,134.09,C(C(C(=O)O)O)C(=O)O,confirmed_organic,organic_reagent,,DigiShimi; TamadKala,Iranian online chemical shops | Iranian online wholesale/lab shop,product_page_listed_not_current_stock_verified,https://digishimii.ir/Product/%d8%a7%d8%b3%db%8c%d8%af-%d9%85%d8%a7%d9%84%db%8c%da%a9/,اسید مالیک,router_title_normalization,verified_catalogue,2026-08-23,fe838c4edbcc5e6d35dae4ae4f3ad5ca3a35c99b0fdaabc1c28225d689948d07
4-nitrobenzaldehyde,4-Nitrobenzaldehyde,4-nitrobenzaldehyde; 4-Nitrobenzaldehyde,555-16-8,541,BXRFQSNOROATLV-UHFFFAOYSA-N,C7H5NO3,151.12,C1=CC(=CC=C1C=O)[N+](=O)[O-],confirmed_organic,fragrance_or_aroma,research,Telegram: minatajhiz; telegram:ChemIranSanat,Iranian supplier Telegram catalogue,listed_not_current_stock_verified,https://t.me/minatajhiz/1036,4-nitrobenzaldehyde,existing skill export,verified_catalogue,2026-08-23,2e36064beeb8c90fb17f7f152452e00dfb500b0cfa92d6634c7806f662a4d249
6-aminohexanoic acid,acs,6-aminohexanoic acid; acs; ACS,1330-20-7,564,SLXKOJJOQWFEFD-UHFFFAOYSA-N,C6H13NO2,131.17,C(CCC(=O)O)CCN,confirmed_organic,,,TamadKala; ShimiMan,Iranian online wholesale/lab shop,product_page_listed_not_current_stock_verified,https://tamadkala.com/product/19679/زایلینمخلوط-ایزومرها-acs-دکتر-مجللی,زایلینمخلوط ایزومرها acs دکتر مجللی,alias+pubchem,verified_web_catalogue,2026-08-25,d61f23bb9c66918a2f754658714d3a4f4ff04699b81bc738061803891abdb639
6-amino-1H-pyrimidin-2-one,6-amino-1H-pyrimidin-2-one,,71-30-7,597,OPTASPLRGRRNAP-UHFFFAOYSA-N,C4H5N3O,111.10,C1=C(NC(=O)N=C1)N,confirmed_organic,,,telegram:ATRmedShop,public Telegram (seller_research),product_page_listed_not_current_stock_verified,https://t.me/ATRmedShop/800,Cytosine | سیتوزین توضیحات کلی (سیتوزین چیست) سیتوزین (C) یکی از چهار باز اصلی موجود در DNA و RNA به همراه آدنین، گوانین و تیمین (اوراسیل در RNA) است. معرف Cytosine در طیف گسترده‌ای از کاربردهای تحقیقاتی، به‌عنوان یک سوبسترای آنزیمی یا پیش ساز مولکول‌های مؤثر مانند قندهای باز C استفاده می‌شود. Cytosine یک مشتق پیریمیدین است، با یک حلقه آروماتیک هتروسیکلیک و ... برای مشاهده ادامه مطلب، مشاهده قیمت آنلاین و خرید اینترنتی آنتی‌ سیتوزین به لینک زیر مراجعه فرمایید: https://lnkd.in/dVZ93kX5 #قیمت_آنلا,router_batch+pubchem,verified_telegram_listing,2026-08-25,d3b64070dfb4e8f7ce213d9f8534436e5301a022715b3860b221b2f9ac3401d1
2-hydroxypropanoic acid,Lactic acid,2-hydroxypropanoic acid; Lactic acid; Lactic Acid,50-21-5,612,JVTAAEKCZFNVCJ-UHFFFAOYSA-N,C3H6O3,90.08,CC(C(=O)O)O,confirmed_organic,organic_reagent,,DigiShimi; Isatis Shimi; telegram:ATRmedShop,Iranian online chemical shops,product_page_listed_not_current_stock_verified,https://digishimii.ir/Product/%d8%a7%d8%b3%db%8c%d8%af-%d9%84%d8%a7%da%a9%d8%aa%db%8c%da%a9/,Lactic Acid | اسید لاکتیک,router_title_normalization,verified_catalogue,2026-08-23,9a0d8666e3499f06f60cc521a52aa6848ec0688966c7ee260d7c1670196016c2
N-methylmethanamine,N-methylmethanamine,,124-40-3,674,ROSDSFDQCJNGOL-UHFFFAOYSA-N,C2H7N,45.08,,confirmed_organic,,,TamadKala,Iranian online wholesale/lab shop,product_page_listed_not_current_stock_verified,https://tamadkala.com/product/6411/tetramethyl-ethylenediamine-temed,tetramethylethylenediamine | tetramethyl ethylenediamine temed,ai_hop:arena-router+pubchem,verified_web_catalogue,2026-08-25,dcaee191b237996e4830ee5fc8f73bd141a99a53e1a1a9a09483b358533df6a5
methylsulfinylmethane,Dimethyl sulfoxide,methylsulfinylmethane; Dimethyl sulfoxide; dimethyl sulfoxide,67-68-5,679,IAZDPXIOMUYVGZ-UHFFFAOYSA-N,C2H6OS,78.14,CS(=O)C,confirmed_organic,organic_reagent,research,Fardad Shimi; TamadKala; Telegram: ChemIranSanat; Telegram: minatajhiz; Mojallali Group; ShimiMan; telegram:ATRmedShop,Iranian online lab-chemical shop | Iranian online wholesale/lab shop | Iranian supplier Telegram catalogue,listed_not_current_stock_verified | product_page_listed_not_current_stock_verified,https://fardadshimi.com/product/6199252/,methylsulfinylmethane | دی متیل سولفوکساید دکتر مجللی | دی متیل سولفوکسید extra pure دکتر مجللی | فروش دی متیل سولفوکسید,existing skill export | router_title_normalization,verified_catalogue,2026-08-23,e03ca8144221e61b16ec1aff01e1fa660385e554d3c8b88e5e90baff13f23783
2-aminoethanol,Monoethanolamine,2-aminoethanol; Monoethanolamine; Ethanolamine,141-43-5,700,HZAXFHJVJLSVMW-UHFFFAOYSA-N,C2H7NO,61.08,C(CO)N,confirmed_organic,organic_reagent,research,DigiShimi; Fardad Shimi; Isatis Shimi; TamadKala; Chemical Iran,Iranian online chemical shops | Iranian online lab-chemical shop | Iranian online wholesale/lab shop,product_page_listed_not_current_stock_verified,https://digishimii.ir/Product/%d9%85%d9%88%d9%86%d9%88-%d8%a7%d8%aa%d8%a7%d9%86%d9%88%d9%84-%d8%a2%d9%85%db%8c%d9%86/,Monoethanolamine | Monoethanolamine (MEA) | مونو اتانول آمین | مونو اتانول آمین extra pure دکتر مجللی | ... | مونو اتانول آمین extra pure نوترون | ... | مونو اتانول آمین laboratory دکتر مجللی | ... | مونو اتانول آمین دکتر مجللی,router_title_normalization,verified_catalogue,2026-08-23,354f1c8bd73b82da0f4cdd80f235b450ed1021ef0f6c7d96de4d8abe42396d2b
ethanol,Ethanol,ethanol; Ethanol; standard; Standard,64-17-5,702,LFQSCWFLJHTTHZ-UHFFFAOYSA-N,C2H6O,46.07,CCO,confirmed_organic,pharmaceutical_or_api,research,Fardad Shimi; Pishgaman Shimi (IR Chem); TamadKala; Telegram: ChemIranSanat; Telegram: IranChemicals; Telegram: chemgroup; Telegram: minatajhiz; DigiShimi; Isatis Shimi; Chemical Iran; Mojallali Group; ShimiMan; IR Chem / Pishgaman; telegram:ATRmedShop; telegram:labshop; telegram:merckmillipore,Iranian online lab-chemical shop | Iranian online raw-material shop | Iranian online research/chemical shop | Iranian online wholesale/lab shop | Iranian supplier Telegram catalogue,listed_not_current_stock_verified | product_page_listed_not_current_stock_verified,https://fardadshimi.com/product/ethanol-merck/,ethanol | اتانول | اتانول 96 درصد extrapure دکتر مجللی کپی | ... | اتانول 96 درصد دکتر مجللیlaboratory | اتانول 96 درصد دکتر مجللیusp | اتانول بدون آب | اتانول تقطیر خراسان 1 لیتری | اتانول مطلق extra pure امرتات | ... | اتانول مطلق برند dyc چین | ... | اتانول مطلق مرک MERCK | ات,existing skill export | explicit_category_supplement | router_title_normalization | supplier_product_page,verified_catalogue,2026-08-23,ec0e9712aca72a9cdddcc13a9934c1d96510fabc53385b8c1738991b5fe52321
formaldehyde,Formalin,formaldehyde; Formalin,50-00-0,712,WSFSSNUMVMOOMR-UHFFFAOYSA-N,CH2O,30.026,C=O,confirmed_organic,organic_reagent,research,TamadKala; Telegram: Boof_company; Telegram: IranChemicals; Telegram: minatajhiz; DigiShimi; Mojallali Group; ShimiMan; IR Chem / Pishgaman,Iranian online wholesale/lab shop | Iranian supplier Telegram catalogue,listed_not_current_stock_verified | product_page_listed_not_current_stock_verified,https://t.me/Boof_company/66,formaldehyde | فرمالدئید 37 u s p پارس شیمی | فرمالدهید سیگما کد 252549 | فرمالین 10 extra pure دکترمجللی | فروش فرمالدهید,existing skill export | router_title_normalization,verified_catalogue,2026-08-23,927871a00c8623530e64978ab1a8c6930e7440eec893298ef9db0e32510c318e
formamide,Formamide,formamide; Formamide,75-12-7,713,ZHNUHDYFZUAESO-UHFFFAOYSA-N,CH3NO,45.041,C(=O)N,confirmed_organic,organic_reagent,research,Telegram: ChemIranSanat; Mojallali Group; telegram:ATRmedShop,Iranian supplier Telegram catalogue,listed_not_current_stock_verified,https://t.me/ChemIranSanat/1505,formamide,existing skill export,verified_catalogue,2026-08-23,f2efff12aa6c37183a06746e7dca325e93c0173deac35caf60e6c4069beb97ef
2-aminoacetic acid,Glycine,2-aminoacetic acid; Glycine,56-40-6,750,DHMQDGOQFOQNFH-UHFFFAOYSA-N,C2H5NO2,75.07,C(C(=O)O)N,confirmed_organic,organic_reagent,research,Fardad Shimi; TamadKala; Telegram: merckmillipore; telegram:ATRmedShop,Iranian online lab-chemical shop | Iranian online wholesale/lab shop | Iranian supplier Telegram catalogue,listed_not_current_stock_verified | product_page_listed_not_current_stock_verified,https://t.me/merckmillipore/322,2-aminoacetic acid | آمینو اسید گلایسین g8790 | آمینو اسید گلیسین | آمینو اسید گلیسین bioxtra g7403 | فروش گلایسین | گلایسین MERCK | ... | گلیسین | گلیسین 2 | گلیسین bioultra,existing skill export | router_title_normalization,verified_catalogue,2026-08-23,595a4162c4923079d90aac8276aca4041637f90c74b194fefc474bb6ad149d8f
"propane-1,2,3-triol",Glycerin,"propane-1,2,3-triol; Glycerin; glycerol",56-81-5,753,PEDCQBHIVMGVHV-UHFFFAOYSA-N,C3H8O3,92.09,C(C(CO)O)O,confirmed_organic,pharmaceutical_or_api,research,DigiShimi; Fardad Shimi; Isatis Shimi; TamadKala; Telegram: Ch_Chemical_leaders; Telegram: chemgroup; Telegram: minatajhiz; Mojallali Group; ShimiMan; IR Chem / Pishgaman; Exir; telegram:ATRmedShop,Iranian online chemical shops | Iranian online lab-chemical shop | Iranian online wholesale/lab shop | Iranian supplier Telegram catalogue,listed_not_current_stock_verified | product_page_listed_not_current_stock_verified,https://digishimii.ir/Product/%da%af%d9%84%db%8c%d8%b3%db%8c%d8%b1%db%8c%d9%86/,"Cosmetic and Industrial Glycerin | Glycerin (Hygienic Grade) | Glycerin (Pharmaceutical and Industrial Grade) | propane-1,2,3-triol | گلیسیرین | گلیسیرین دکتر مجللی | گلیسیرین صنعتی جامد | گلیسیرین صنعتی مایع | ... | گیلیسیرین صنعتی",existing skill export | router_title_normalization,verified_catalogue,2026-08-23,afa5ec71f81a6bcd515018d4d20f516fea2a5041f5430f7eeac72b1db50ff605
"benzene-1,4-diol",Hydroquinone,"benzene-1,4-diol; Hydroquinone",123-31-9,785,QIGBRXMKCJKVMJ-UHFFFAOYSA-N,C6H6O2,110.11,C1=CC(=CC=C1O)O,confirmed_organic,organic_reagent,research,TamadKala; Telegram: minatajhiz,Iranian online wholesale/lab shop | Iranian supplier Telegram catalogue,listed_not_current_stock_verified | product_page_listed_not_current_stock_verified,https://tamadkala.com/product/101079/%D9%87%DB%8C%D8%AF%D8%B1%D9%88%DA%A9%DB%8C%D9%86%D9%88%D9%86,"benzene-1,4-diol | هیدروکینون | هیدروکینون صنعتی تولید ژاپن | ...",existing skill export | router_title_normalization,verified_catalogue,2026-08-23,68a59c61d7268c49ed08e5601007446b59d1a30b6e745687032bd9c35152c3df
1H-imidazole,Imidazole,1H-imidazole; Imidazole,288-32-4,795,RAXXELZNTBOGNW-UHFFFAOYSA-N,C3H4N2,68.08,C1=CN=CN1,confirmed_organic,organic_reagent,,Fardad Shimi; TamadKala; Mojallali Group; telegram:ATRmedShop,Iranian online lab-chemical shop | Iranian online wholesale/lab shop,product_page_listed_not_current_stock_verified,https://tamadkala.com/product/68101/%D8%A7%DB%8C%D9%85%DB%8C%D8%AF%D8%A7%D8%B2%D9%88%D9%84,ایمیدازول | ایمیدازول MERCK | ...,router_title_normalization,verified_catalogue,2026-08-23,441d4aba8be1aa90a670d2d5f858c27f6b4120724d0a858d1b1f1d1f2486ad14
"2,3-dihydroxybutanedioic acid","2,3-dihydroxybutanedioic acid","2,3-dihydroxybutanedioic acid",133-37-9,875,FEWJPZIEWOKRBE-UHFFFAOYSA-N,C4H6O6,150.09,C(C(C(=O)O)O)(C(=O)O)O,confirmed_organic,,,Mojallali Group; ShimiMan,Iranian WooCommerce catalogue,product_page_listed_not_current_stock_verified,https://drm-chem.com/en/product/dl-tartaric-acid-en/,DL-Tartaric acid,cas_pubchem,verified_web_catalogue,2026-08-25,65eb35a0f69c7af263a80c5e4642e07b1a76ab5397584bd069fb1fb55dfd29d8
2-amino-4-methylsulfanylbutanoic acid,2-amino-4-methylsulfanylbutanoic acid,,59-51-8,876,FFEARJCKVFRZRR-UHFFFAOYSA-N,C5H11NO2S,149.21,CSCCC(C(=O)O)N,confirmed_organic,,,telegram:ATRmedShop,public Telegram (seller_research),product_page_listed_not_current_stock_verified,https://t.me/ATRmedShop/609,L-Methionine | اسیدآمینه ال-متیونین گرید کشت سلول ‌‏⁧ ‌‌‏‌محصولات سیگما اصل را از ما بخواهید. 👇 واردات و فروش مواد شیمیایی سیگما 👇 ‌ ‌ ‌ ☎️ تلفن: ۰۲۱۶۶۳۶۱۵۴۳-۶۶۳۷۹۰۲۶-۰۲۱ ‌ 📱 موبایل: 09120549893 🌐 لینک محصول : https://atrmed.com/product/l-methionine/?v=e067b3c6b979 #آثل_طب #مواد_ازمایشگاهی #مواد_شیمیایی #بیولوژی #بیولوژی_مولکولی #آنتی_بیوتیک #آنزیم #اسیدآمینه_ال_متیونین_گرید_کشت_سلول #کشت_سلول,router_batch+pubchem,verified_telegram_listing,2026-08-25,5059bed37ec63651f203c6cfb59a9269a4523bb9c1e7c4be48db2a40d53fed17
methanol,Methanol,methanol; Methanol,67-56-1,887,OKKJLVBELUTLKV-UHFFFAOYSA-N,CH4O,32.042,CO,confirmed_organic,organic_reagent,research,DigiShimi; Fardad Shimi; Isatis Shimi; ShimiMan; TamadKala; Telegram: Ch_Chemical_leaders; Telegram: ChemIranSanat; Telegram: IranChemicals; Telegram: chemgroup; Telegram: minatajhiz; Mojallali Group; IR Chem / Pishgaman,Iranian online chemical shop | Iranian online chemical shops | Iranian online lab-chemical shop | Iranian online wholesale/lab shop | Iranian supplier Telegram catalogue,listed_not_current_stock_verified | product_page_listed_not_current_stock_verified,https://fardadshimi.com/product/6199149/,https://shimiman.com/product/methanol-grade-usp/ | https://shimiman.com/product/price-buy-sell-methanol/ | methanol | الکل متانول | متانول | متانول 99 85 u s p extra pure پارس شیمی | متانول 99 99 g r p a پارس شیمی | متانول acs دکتر مجللی | متانول dried دکتر مجللی | متانول dry نوت,existing skill export | router_title_normalization | sitemap_title,verified_catalogue,2026-08-23,3df4d8c63c9b83294b70d2d57d6766c1f3c507aef6f7f0e5c253270ddeb62677
"cyclohexane-1,2,3,4,5,6-hexol",Myo-inositol,"cyclohexane-1,2,3,4,5,6-hexol; Myo-inositol",87-89-8,892,CDAISMWEOUEBRE-UHFFFAOYSA-N,C6H12O6,180.16,C1(C(C(C(C(C1O)O)O)O)O)O,confirmed_organic,organic_reagent,,TamadKala; telegram:ATRmedShop,Iranian online wholesale/lab shop,product_page_listed_not_current_stock_verified,https://tamadkala.com/product/164566/%D9%85%D8%A7%DB%8C%D9%88-%D8%A7%DB%8C%D9%86%D9%88-%D8%B2%DB%8C%D8%AA%D9%88%D9%84-%D8%A8%D8%B1%D9%86%D8%AF-dyc-%DA%86%DB%8C%D9%86,مایو اینو زیتول برند dyc چین,router_title_normalization,verified_catalogue,2026-08-23,9f75573bab05386892d41f4827f29f05a2083ade83b6b158340b4739708af856
N-[2-(5-methoxy-1H-indol-3-yl)ethyl]acetamide,melatonin,N-[2-(5-methoxy-1H-indol-3-yl)ethyl]acetamide; melatonin,73-31-4,896,DRLFMBDRBRZALE-UHFFFAOYSA-N,C13H16N2O2,232.28,CC(=O)NCCC1=CNC2=C1C=C(C=C2)OC,confirmed_organic,supplement_active,,Rooz Darou; telegram:ChemIranSanat,Iranian pharmaceutical product catalogue,product_page_listed_not_current_stock_verified,http://rouzdarou.com/products/%D9%82%D8%B1%D8%B5-%D9%85%D9%84%D8%A7%D8%AA%D9%88%D9%86%DB%8C%D9%86-3-%D9%85%DB%8C%D9%84%DB%8C-%DA%AF%D8%B1%D9%85-%D8%A7%D9%84-%D8%AA%D8%A6%D8%A7%D9%86%DB%8C%D9%86-%D8%B1%D8%B2%D8%A7%D9%88%DB%8C%D8%AA,قرص ملاتونین 3 میلی گرم + ال تئانین رزاویت,PubChem name validation from supplier product title,verified_catalogue,2026-08-23,48a47ab06fba09a91611c6083e37bf2035034fcf98832d8439ed000d7b5b7434
N-phenylacetamide,Acetanilide,,103-84-4,904,FZERHIULMFGESH-UHFFFAOYSA-N,C8H9NO,135.16,CC(=O)NC1=CC=CC=C1,confirmed_organic,pharmaceutical_or_api,,telegram:chemgroup,Iranian supplier Telegram catalogue,listing_evidence_crawled_2026-08-24,https://t.me/chemgroup/3590,,ai_normalised_listing+pubchem_confirmed,verified_telegram_listing,2017-07-19,d495b13632d1bc1e11f770e54c83408473cadee246b625431ab4654206f919be
naphthalene,Naphthalene,naphthalene; Naphthalene,91-20-3,931,UFWIBTONFRDIAS-UHFFFAOYSA-N,C10H8,128.17,C1=CC=C2C=CC=CC2=C1,confirmed_organic,organic_reagent,,Fardad Shimi,Iranian online lab-chemical shop,product_page_listed_not_current_stock_verified,,نفتالین MERCK | ...,router_title_normalization,verified_catalogue,2026-08-23,8e8709467f56b774870533df6122dc80c7e776a470d81e7dac5dcb92a4db443a
pyridine-3-carboxamide,pyridine-3-carboxamide,pyridine-3-carboxamide,98-92-0,936,DFPAKSUCGFBDDF-UHFFFAOYSA-N,C6H6N2O,122.12,C1=CC(=CN=C1)C(=O)N,confirmed_organic,,,IR Chem / Pishgaman,Iranian WooCommerce catalogue,product_page_listed_not_current_stock_verified,https://irchem.ir/buy-nicotineamide/,نیکوتین آمید | نیاسینامید,cas_pubchem,verified_web_catalogue,2026-08-25,279517959a9275e6d0cc3fdafa99bb43f633ab3df896145efbfe5883b6d9e887
"N,N-dimethylaniline",Dimethylaniline,"N,N-dimethylaniline; Dimethylaniline",121-69-7,949,JLTDJTHDQAWBAV-UHFFFAOYSA-N,C8H11N,121.18,CN(C)C1=CC=CC=C1,confirmed_organic,organic_reagent,industrial,Fardad Shimi; Telegram: Maran_Tejarat_Eshen,Iranian online lab-chemical shop | Iranian supplier Telegram catalogue,listed_not_current_stock_verified | product_page_listed_not_current_stock_verified,https://fardadshimi.com/product/6468367/,"N,N-dimethylaniline | دی متیل آنیلین MERCK",existing skill export | router_title_normalization,verified_catalogue,2026-08-23,05f8651a282db406b9c438838282152745bc565313aa476a9fb1b5f286a340ac
octan-1-ol,Octanol,octan-1-ol; Octanol,111-87-5,957,KBPLFHHGFOOTCA-UHFFFAOYSA-N,C8H18O,130.23,CCCCCCCCO,confirmed_organic,organic_reagent,,TamadKala,Iranian online wholesale/lab shop,product_page_listed_not_current_stock_verified,https://tamadkala.com/product/5622/%D9%81%D8%B1%D9%88%D8%B4-%D8%A7%DA%A9%D8%AA%D8%A7%D9%86%D9%88%D9%84,فروش اکتانول,router_title_normalization,verified_catalogue,2026-08-23,bb904c61520646fc87bd30a8638b0282abadf46758e0a100be3c0c15a918b23b
oxalic acid,Oxalic acid,oxalic acid; Oxalic acid,144-62-7,971,MUBZPKHOEPUJKR-UHFFFAOYSA-N,C2H2O4,90.03,C(=O)(C(=O)O)O,confirmed_organic,organic_reagent,research,DigiShimi; Fardad Shimi; TamadKala; Telegram: Ch_Chemical_leaders; Telegram: ChemIranSanat; Mojallali Group; ShimiMan; IR Chem / Pishgaman; telegram:ATRmedShop,Iranian online chemical shops | Iranian online lab-chemical shop | Iranian online wholesale/lab shop | Iranian supplier Telegram catalogue,listed_not_current_stock_verified | product_page_listed_not_current_stock_verified,https://digishimii.ir/Product/%d8%a7%da%af%d8%b2%d8%a7%d9%84%db%8c%da%a9-%d8%a7%d8%b3%db%8c%d8%af/,oxalic acid | اسید اگزالیک 2 آبه extra pure دکتر مجللی | ... | اسید اگزالیک صنعتی | ... | اسید اگزالیک ۲ آبه ۱ کیلویی دکتر مجللی | ... | اگزالیک اسید | اگزالیک اسید قطران شیمی | ... | اگزالیک اسید ۲ آبه ۱ کیلویی پارس شیمی | فروش اسید اگزالیک,existing skill export | router_title_normalization,verified_catalogue,2026-08-23,4eb13281a1bfe601e605a0e8bc98825e7dd9408466682b4fd2406ccdb1de6a24
4-aminobenzoic acid,4-aminobenzoic acid,4-aminobenzoic acid; paba; Aminobenzoic acid,99-96-7,978,ALYNCZNDIQEVRV-UHFFFAOYSA-N,C7H7NO2,137.14,C1=CC(=CC=C1C(=O)O)N,confirmed_organic,organic_reagent,,TamadKala; telegram:minatajhiz,Iranian online wholesale/lab shop,product_page_listed_not_current_stock_verified,https://tamadkala.com/product/141781/4-آمینو-بنزوئیک-اسید-99-paba-صنعتی-چینی,4 آمینو بنزوئیک اسید 99 paba صنعتی چینی | ...,router_title_normalization,verified_catalogue,2026-08-23,90d06b65024d20570e6ebddc6a9c2b2adc333127772d15523d14bfb9e56f427c
phenol,Phenol,phenol; Phenol,108-95-2,996,ISWSIDIOOBJBQZ-UHFFFAOYSA-N,C6H6O,94.11,C1=CC=C(C=C1)O,confirmed_organic,organic_reagent,research,TamadKala; Telegram: Boof_company; Telegram: ChemIranSanat; Telegram: IranChemicals; Telegram: minatajhiz; Mojallali Group; ShimiMan; telegram:ATRmedShop,Iranian online wholesale/lab shop | Iranian supplier Telegram catalogue,listed_not_current_stock_verified | product_page_listed_not_current_stock_verified,https://t.me/Boof_company/52,phenol | فنل extra pure دکتر مجللی | ...,existing skill export | router_title_normalization,verified_catalogue,2026-08-23,f85da94605c4b3df89a4de2f225d39e6b3dba45d9d169d342c84ff2294b9a9cd
2-phenylethanamine,Phenethylamine,,64-04-0,1001,BHHGXPLMPWCGHP-UHFFFAOYSA-N,C8H11N,121.18,C1=CC=C(C=C1)CCN,confirmed_organic,organic_reagent,,telegram:chemgroup,Iranian supplier Telegram catalogue,listing_evidence_crawled_2026-08-24,https://t.me/chemgroup/133,,ai_normalised_listing+pubchem_confirmed,verified_telegram_listing,2015-11-16,c2f0247a0e5594280a74220264ff0d3272fb5753ac193973c93cda53437e1779
phthalic acid,Phthalic acid,phthalic acid; Phthalic acid,,1017,XNGIFLGASWRNHJ-UHFFFAOYSA-N,C8H6O4,166.13,C1=CC=C(C(=C1)C(=O)O)C(=O)O,confirmed_organic,organic_reagent,,TamadKala,Iranian online wholesale/lab shop,product_page_listed_not_current_stock_verified,,فتالیک اسید کد 402915 سیگما آلدریچ | ...,router_title_normalization,verified_catalogue,2026-08-23,64de58c10bb32777f143c6a4736cd391e37cb1ae5ce687ac5066c8f1fa30ca5b
"propane-1,2-diol",Propylene glycol,"propane-1,2-diol; Propylene glycol",57-55-6,1030,DNIAPMSPPWPWGF-UHFFFAOYSA-N,C3H8O2,76.09,CC(CO)O,confirmed_organic,organic_reagent,research,Fardad Shimi; TamadKala; Mojallali Group; ShimiMan; telegram:ATRmedShop,Iranian online lab-chemical shop | Iranian online wholesale/lab shop,product_page_listed_not_current_stock_verified,https://fardadshimi.com/product/6199354/,پروپیلن گلایکول extra pure دکتر مجللی | پروپیلن گلایکول laboratory دکتر مجللی | ... | پروپیلن گلایکول usp نوترون | پروپیلن گلایکول دکتر مجللی | پروپیلن گلیکول,router_title_normalization,verified_catalogue,2026-08-23,77d866761e58adb4b14959df4010bd2d45d4a1769c2f3fcf948002e638170671
propan-1-ol,Propanol,propan-1-ol; Propanol,71-23-8,1031,BDERNNFJNOPAEC-UHFFFAOYSA-N,C3H8O,60.10,CCCO,confirmed_organic,organic_reagent,,Fardad Shimi; TamadKala,Iranian online lab-chemical shop | Iranian online wholesale/lab shop,product_page_listed_not_current_stock_verified,https://fardadshimi.com/product/6378785/,1 پروپانول | ... | پروپانول پارس شیمی,router_title_normalization,verified_catalogue,2026-08-23,94a4140c06001c31cbf34fd6d8ab8c81d0ee5bb6f12709637458127d0c67cb77
1H-pyrazole,Pyrazole,1H-pyrazole; Pyrazole,,1048,WTKZEGDFNFYCGP-UHFFFAOYSA-N,C3H4N2,68.08,C1=CNN=C1,confirmed_organic,organic_reagent,,TamadKala,Iranian online wholesale/lab shop,product_page_listed_not_current_stock_verified,https://tamadkala.com/product/20886/%D9%BE%DB%8C%D8%B1%D8%A7%D8%B2%D9%88%D9%84,پیرازول,router_title_normalization,verified_catalogue,2026-08-23,1576b841bef2245b12adeb51b13b58b935ffd4c4173c7ca6c6c1ebf7c83bea6d
pyridine,Pyridine,pyridine; Pyridine,110-86-1,1049,JUJWROOIHBZHMG-UHFFFAOYSA-N,C5H5N,79.10,C1=CC=NC=C1,confirmed_organic,organic_reagent,research,Fardad Shimi; TamadKala; Telegram: ChemIranSanat; Telegram: minatajhiz; Mojallali Group; ShimiMan,Iranian online lab-chemical shop | Iranian online wholesale/lab shop | Iranian supplier Telegram catalogue,listed_not_current_stock_verified | product_page_listed_not_current_stock_verified,https://fardadshimi.com/product/6199293/,pyridine | پیرولیدین | پیریدین | پیریدین MERCK | پیریدین dry نوترون | پیریدین extra pure دکتر مجللی | ... | پیریدین extra pure نوترون | پیریدین دکتر مجللی,existing skill export | router_title_normalization,verified_catalogue,2026-08-23,1f88fcca78a8c41852f9f36f9289cbbe883c456d0edd670aec0a65d797de24ca
"4,5-bis(hydroxymethyl)-2-methylpyridin-3-ol",Pyridoxine,"4,5-bis(hydroxymethyl)-2-methylpyridin-3-ol; Pyridoxine",65-23-6,1054,LXNHXLLTXMVWPM-UHFFFAOYSA-N,C8H11NO3,169.18,CC1=NC=C(C(=C1O)CO)CO,confirmed_organic,pharmaceutical_or_api,,TamadKala,Iranian online wholesale/lab shop,product_page_listed_not_current_stock_verified,https://tamadkala.com/product/154589/%D9%BE%DB%8C%D8%B1%DB%8C%D8%AF%D9%88%DA%A9%D8%B3%DB%8C%D9%86-%D8%A8%D8%A7-%DA%A9%D8%AF-p5669-%D8%B3%DB%8C%DA%AF%D9%85%D8%A7,پیریدوکسین با کد p5669 سیگما,router_title_normalization,verified_catalogue,2026-08-23,893308eb52c19c4fd09f0135dfa28e95de31e10df064927dff160397908594a2
"N'-(3-aminopropyl)butane-1,4-diamine",Spermidine,,124-20-9,1102,ATHGHQPFGPMSJY-UHFFFAOYSA-N,C7H19N3,145.25,C(CCNCCCN)CN,confirmed_organic,organic_reagent,,telegram:minatajhiz,Iranian supplier Telegram catalogue,listing_evidence_crawled_2026-08-24,https://t.me/minatajhiz/163,,ai_normalised_listing+pubchem_confirmed,verified_telegram_listing,2017-10-30,805e85b7bf78afd139d44dc372c93b2c50343430ccd04f36abedd46878003869
Succinic Acid,succinic acid,Succinic Acid; succinic acid; butanedioic acid,110-15-6,1110,KDYFGRWQOYBRFD-UHFFFAOYSA-N,C4H6O4,118.09,C(CC(=O)O)C(=O)O,confirmed_organic,organic_reagent,,Fardad Shimi; Mojallali Group; telegram:ATRmedShop,web_catalogue,listing_evidence_crawled_2026-08-23,https://fardadshimi.com/product/succinic-acid-merck/,succinic acid merck,ai_resolved+pubchem,verified_web_catalogue,2026-08-23,3a20bf75f08840a2da0232bccb5ce1c4fb3d8cd1f2b9f0c1c92160388c8997c2
thiolane,Tetrahydrothiophene,,110-01-0,1127,RAOIDOHSFRTOEL-UHFFFAOYSA-N,C4H8S,88.17,C1CCSC1,confirmed_organic,organic_reagent,,telegram:minatajhiz,Iranian supplier Telegram catalogue,listing_evidence_crawled_2026-08-24,https://t.me/minatajhiz/1092,,ai_normalised_listing+pubchem_confirmed,verified_telegram_listing,2024-02-13,42612ad975c9f7ce40263e9508181b61fb99ae67fefb67540415fb9190dbc083
2-sulfanylacetic acid,Thioglycolic acid,2-sulfanylacetic acid; Thioglycolic acid,68-11-1,1133,CWERGRDVMFNCDR-UHFFFAOYSA-N,C2H4O2S,92.12,C(C(=O)O)S,confirmed_organic,cosmetic_raw_material,research,Pishgaman Shimi (IR Chem); TamadKala; Mojallali Group,Iranian online research/chemical shop | Iranian online wholesale/lab shop,product_page_listed_not_current_stock_verified,https://irchem.ir/thioglycolic-acid/,اسید تیوگلیکولیک | تیو گلیکولیک اسید | تیوگلیکولیک اسید lab دکتر مجللی | ...,explicit_category_supplement | router_title_normalization,verified_catalogue,2026-08-23,c7d9cdd6e970dce4282a498186cf1c4ef5a002d9c75c7b5b4b600332a3373dc4
"5-methyl-1H-pyrimidine-2,4-dione","5-methyl-1H-pyrimidine-2,4-dione",,65-71-4,1135,RWQNBRDOKXIBIV-UHFFFAOYSA-N,C5H6N2O2,126.11,CC1=CNC(=O)NC1=O,confirmed_organic,,,telegram:ATRmedShop,public Telegram (seller_research),product_page_listed_not_current_stock_verified,https://t.me/ATRmedShop/709,Thymine | خرید تیمین گرید کشت سلول | قیمت تیمین گرید کشت سلول ‌‏⁧ ‌‌‏‌محصولات سیگما اصل را از ما بخواهید. 👇 واردات و فروش مواد شیمیایی سیگما 👇 ‌ ‌ ‌ ☎️ تلفن: ۰۲۱۶۶۳۶۱۵۴۳-۶۶۳۷۹۰۲۶-۰۲۱ ‌ 📱 موبایل: 09120549893 🌐 لینک محصول : https://atrmed.com/product/thymine/?v=e067b3c6b979 #آثل_طب #مواد_ازمایشگاهی #مواد_شیمیایی #بیولوژی #بیولوژی_مولکولی #آنتی_بیوتیک #آنزیم #سیگماآلدریچ #مرک #تیمین,router_batch+pubchem,verified_telegram_listing,2026-08-25,0e3106c3c1e4bd1da189d7591153de90970f695a964a4e8714732022abdaa2c1
toluene,Toluene,toluene; Toluene,108-88-3,1140,YXFVVABEGXRONW-UHFFFAOYSA-N,C7H8,92.14,CC1=CC=CC=C1,confirmed_organic,organic_reagent,research,DigiShimi; Fardad Shimi; Isatis Shimi; ShimiMan; TamadKala; Telegram: ChemIranSanat; Telegram: IranChemicals; Telegram: Maran_Tejarat_Eshen; Mojallali Group; IR Chem / Pishgaman; telegram:minatajhiz,Iranian online chemical shop | Iranian online chemical shops | Iranian online lab-chemical shop | Iranian online wholesale/lab shop | Iranian supplier Telegram catalogue,listed_not_current_stock_verified | product_page_listed_not_current_stock_verified,https://digishimii.ir/Product/%d8%aa%d9%88%d9%84%d9%88%d8%a6%d9%86/,Toluene | https://shimiman.com/product/toluene-grade-acs/ | https://shimiman.com/product/toluene-grade-extra-pure/ | toluene | تولوئن | تولوئن 99 7 extra pure پارس شیمی | تولوئن acs دکتر مجللی | ... | تولوئن extra pure امرتات شیمی کد amt108323 | ... | تولوئن extra pure دکتر مجللی,existing skill export | router_title_normalization | sitemap_title,verified_catalogue,2026-08-23,cef2a6d55cbb4048ffd6ab00a2655e1464e2f3585773277c58572126d5da7aed
"N,N-dimethylmethanamine",Trimethylamine,"N,N-dimethylmethanamine; Trimethylamine",,1146,GETQZCLCWQTVFV-UHFFFAOYSA-N,C3H9N,59.11,CN(C)C,confirmed_organic,organic_reagent,research,Telegram: minatajhiz,Iranian supplier Telegram catalogue,listed_not_current_stock_verified,https://t.me/minatajhiz/994,"N,N-dimethylmethanamine",existing skill export,verified_catalogue,2026-08-23,964efc717b94e367f2b90434772c88f1e4442d5df9d76f8f96a282996abdb4f3
"1H-pyrimidine-2,4-dione","1H-pyrimidine-2,4-dione","1H-pyrimidine-2,4-dione",66-22-8,1174,ISAKRJDGNUQOIC-UHFFFAOYSA-N,C4H4N2O2,112.09,C1=CNC(=O)NC1=O,confirmed_organic,,,telegram:ATRmedShop,public Telegram (seller_research),product_page_listed_not_current_stock_verified,https://t.me/ATRmedShop/620,Uracil | اوراسیل گرید کشت سلول ‌‏⁧ ‌‌‏‌محصولات مرک اصل را از ما بخواهید. 👇 واردات و فروش مواد شیمیایی مرک 👇 ‌ ‌ ‌ ☎️ تلفن: ۰۲۱۶۶۳۶۱۵۴۳-۶۶۳۷۹۰۲۶-۰۲۱ ‌ 📱 موبایل: 09120549893 🌐 لینک محصول : https://atrmed.com/product/uracil/?v=e067b3c6b979 #آثل_طب #مواد_ازمایشگاهی #مواد_شیمیایی #بیولوژی #بیولوژی_مولکولی #آنتی_بیوتیک #آنزیم #کشت_سلول #محیط_کشت #اوراسیل_گرید_کشت_سلول,router_batch+pubchem,verified_telegram_listing,2026-08-25,2c74cf88f7065ecda1cc6352dba55171a972ab5c730d13b1af915507a47e8ab0
urea,Urea,urea; Urea,57-13-6,1176,XSQUKJJJFZCRTK-UHFFFAOYSA-N,CH4N2O,60.056,C(=O)(N)N,confirmed_organic,organic_reagent,research,DigiShimi; Fardad Shimi; Isatis Shimi; TamadKala; Telegram: Boof_company; Telegram: Ch_Chemical_leaders; Telegram: ChemIranSanat; Telegram: IranChemicals; Telegram: LabTel; Telegram: Maran_Tejarat_Eshen; Telegram: chemgroup; Telegram: jahaneshimicom; Karina Polymer; Mojallali Group; ShimiMan; IR Chem / Pishgaman; telegram:ATRmedShop; telegram:fanchem,Iranian online chemical shops | Iranian online lab-chemical shop | Iranian online wholesale/lab shop | Iranian supplier Telegram catalogue,listed_not_current_stock_verified | product_page_listed_not_current_stock_verified,https://digishimii.ir/Product/%d8%a7%d9%88%d8%b1%d9%87/,Urea | urea | اوره | اوره MERCK | ... | اوره دکتر مجللی | اوره قطران شیمی | اوره ۸۰۰ گرمی دکتر مجللی | فروش اوره 2,existing skill export | router_title_normalization,verified_catalogue,2026-08-23,6c2c400c5d85d022e70adc690cf22b219884f42e7f322929cf79f18926222e3b
4-hydroxy-3-methoxybenzaldehyde,vanillin,4-hydroxy-3-methoxybenzaldehyde; vanillin,121-33-5,1183,MWOOGOJBHIARFG-UHFFFAOYSA-N,C8H8O3,152.15,COC1=C(C=CC(=C1)C=O)O,confirmed_organic,fragrance_or_aroma,,TamadKala; telegram:ATRmedShop,Iranian online research/chemical shop,product_page_listed_not_current_stock_verified,https://tamadkala.com/product/164611/%D9%88%D8%A7%D9%86%DB%8C%D9%84%DB%8C%D9%86-%D8%A8%D8%B1%D9%86%D8%AF-%D9%84%D9%88%D8%A8%D8%A7-%D9%87%D9%86%D8%AF,وانیلین برند لوبا هند,explicit_category_supplement,verified_catalogue,2026-08-23,7495fdf147443f2bb867e99ca83434b054f43d172385dd5d85005260a495651e
5-methyl-2-propan-2-ylcyclohexan-1-ol,Menthol,5-methyl-2-propan-2-ylcyclohexan-1-ol; Menthol,89-78-1,1254,NOOLISFMXDJSKH-UHFFFAOYSA-N,C10H20O,156.26,CC1CCC(C(C1)O)C(C)C,confirmed_organic,fragrance_or_aroma,research,BehChin Chemi Pharmed; TamadKala,Iranian online research/chemical shop | Iranian online wholesale/lab shop | Iranian supplier API/intermediate catalogue,product_page_listed_not_current_stock_verified | supplier_catalogue_listed_not_current_stock_verified,https://tamadkala.com/product/191236/%D9%85%D9%86%D8%AA%D9%88%D9%84-%DA%A9%D8%B1%DB%8C%D8%B3%D8%AA%D8%A7%D9%84-lab-%D8%AF%DA%A9%D8%AA%D8%B1-%D9%85%D8%AC%D9%84%D9%84%DB%8C,Menthol | منتول 1 | منتول 2 | ... | منتول extra pure نوترون | منتول خوراکی | منتول کریستال lab دکتر مجللی,explicit_category_supplement | router_title_normalization | supplier_table,verified_catalogue,2026-08-23,18d6226f03734ac64931ea895e23b8c4d7c9752c33c4e139b4a49280345cb433
"1,10-phenanthroline","1,10-Phenanthroline",,66-71-7,1318,DGEZNRSVGBDHLK-UHFFFAOYSA-N,C12H8N2,180.20,C1=CC2=C(C3=C(C=CC=N3)C=C2)N=C1,confirmed_organic,organic_reagent,,telegram:ChemIranSanat,Iranian supplier Telegram catalogue,listing_evidence_crawled_2026-08-24,https://t.me/ChemIranSanat/219,,ai_normalised_listing+pubchem_confirmed,verified_telegram_listing,2017-06-14,5a88ffce5a7e488cafd081569a77ff72ad72c345b5909c9b7a3ddffd99382cbf
1-methylimidazole,1-Methylimidazole,1-methylimidazole; 1-Methylimidazole,616-47-7,1390,MCTWTZJPVLRJOU-UHFFFAOYSA-N,C4H6N2,82.10,CN1C=CN=C1,confirmed_organic,organic_reagent,,Fardad Shimi,Iranian online lab-chemical shop,product_page_listed_not_current_stock_verified,https://fardadshimi.com/product/6468363/,۱- متیل ایمیدازول MERCK,router_title_normalization,verified_catalogue,2026-08-23,1d8c2546343e4a09c54ce33d313764fff739ada0474de9064232d3c3f807f37c
"2,4-dihydroxybenzoic acid","2,4-Dihydroxybenzoic Acid","2,4-dihydroxybenzoic acid; 2,4-Dihydroxybenzoic Acid",,1491,UIAFKZKHHVMJGS-UHFFFAOYSA-N,C7H6O4,154.12,C1=CC(=C(C=C1O)O)C(=O)O,confirmed_organic,organic_reagent,research,Telegram: minatajhiz,Iranian supplier Telegram catalogue,listed_not_current_stock_verified,https://t.me/minatajhiz/1095,"2,4-dihydroxybenzoic acid",existing skill export,verified_catalogue,2026-08-23,d541ca442271ab9869bc61fc5c43c5750f7469cf9b77d924af1412010763a2c2
"1H-1,2,4-triazol-5-amine",Amitrole,,124-71-0,1639,KLSJWNVTNUYHDU-UHFFFAOYSA-N,C2H4N4,84.08,C1=NNC(=N1)N,confirmed_organic,organic_reagent,,telegram:minatajhiz,Iranian supplier Telegram catalogue,listing_evidence_crawled_2026-08-24,https://t.me/minatajhiz/1017,,ai_normalised_listing+pubchem_confirmed,verified_telegram_listing,2023-05-01,e7b2d31c9805b3af0c344f11c1b5e0604026710a95abd92dfdd1100dcf197f1f
pyridin-4-amine,4-Aminopyridine,,504-24-5,1727,NUKYPUAOHBNCPY-UHFFFAOYSA-N,C5H6N2,94.11,C1=CN=CC=C1N,confirmed_organic,organic_reagent,,telegram:ChemIranSanat,Iranian supplier Telegram catalogue,listing_evidence_crawled_2026-08-24,https://t.me/ChemIranSanat/69,,ai_normalised_listing+pubchem_confirmed,verified_telegram_listing,2017-05-25,fa256b41e6da2de7e21837ca8757095f97d55f3b25bb837354e36b9ebc879d79
5-fluoro-1H-indole-2-carboxylic acid,fic,5-fluoro-1H-indole-2-carboxylic acid; fic,,1820,WTXBRZCVLDTWLP-UHFFFAOYSA-N,C9H6FNO2,179.15,C1=CC2=C(C=C1F)C=C(N2)C(=O)O,confirmed_organic,,,telegram:jahaneshimicom,public Telegram (seller_industrial),product_page_listed_not_current_stock_verified,https://t.me/jahaneshimicom/103,سلام مالتو دکسترین برند fic مورد نیاز هست 09126116567,structured_pubchem,verified_telegram_listing,2026-08-25,9aebd666a77966494c833570ee2199cecefd3a12326b2da4d4f11bae9d1adb1a
quinolin-8-ol,quinolin-8-ol,,148-24-3,1923,MCJGNVYPOGVAJF-UHFFFAOYSA-N,C9H7NO,145.16,C1=CC2=C(C(=C1)O)N=CC=C2,confirmed_organic,,,telegram:ATRmedShop,public Telegram (seller_research),product_page_listed_not_current_stock_verified,https://t.me/ATRmedShop/825,8-Hydroxyquinoline | 8-هیدروکسی کینولین 8-هیدروکسی کینولین (که به‌عنوان اکسین نیز شناخته می‌شود) یک عامل شلاتور است که برای تعیین کمی یون های فلزی استفاده می‌شود.در محلول آبی 8-هیدروکسی کینولین مقدار pKa حدود برابر 9.9 است و با یون های فلزی... برای مشاهده ادامه مطلب، مشاهده قیمت آنلاین و خرید اینترنتی 8-هیدروکسی کینولین به لینک زیر مراجعه فرمایید: https://atrmed.com/product/8-hydroxyquinolin/ #8_هیدروکسی_کینولین #قیمت_8_هیدروکسی_کینولین #خرید8_هیدروکسی_کینولین #فروش_8_هیدروکسی_کینولین,router_batch+pubchem,verified_telegram_listing,2026-08-25,f062623ae0ea438b04a28e576b080ddfab76c9a1434f796571e5a4fb5f193b3e
N-(4-hydroxyphenyl)acetamide,Paracetamol,N-(4-hydroxyphenyl)acetamide; Paracetamol; Acetaminophen,,1983,RZVAJINKPMORJF-UHFFFAOYSA-N,C8H9NO2,151.16,CC(=O)NC1=CC=C(C=C1)O,confirmed_organic,pharmaceutical_or_api,research,BehChin Chemi Pharmed; Rooz Darou; Temad,Iranian supplier API/intermediate catalogue | Iranian pharmaceutical product catalogue,supplier_catalogue_listed_not_current_stock_verified,https://www.behchinchemi.ir/en/our-products/active-pharmaceutical-ingredient,Paracetamol | قرص استامینوفن 325,supplier_table,verified_catalogue,2026-08-23,be1ed47e69d6bc794b2030fcc9c6e592ec1953cd8f2d5a1ecc64af9adc0c7048
"8-chloro-1-methyl-6-phenyl-4H-[1,2,4]triazolo[4,3-a][1,4]benzodiazepine",alprazolam,"8-chloro-1-methyl-6-phenyl-4H-[1,2,4]triazolo[4,3-a][1,4]benzodiazepine; alprazolam",,2118,VREFGVBLTWBCJP-UHFFFAOYSA-N,C17H13ClN4,308.8,CC1=NN=C2N1C3=C(C=C(C=C3)Cl)C(=NC2)C4=CC=CC=C4,confirmed_organic,pharmaceutical_or_api,,Rooz Darou,Iranian pharmaceutical product catalogue,product_page_listed_not_current_stock_verified,http://rouzdarou.com/products/%D9%82%D8%B1%D8%B5-%D8%A2%D9%84%D9%BE%D8%B1%D8%A7%D8%B2%D9%88%D9%84%D8%A7%D9%85-05,قرص آلپرازولام 0.5,PubChem name validation from supplier product title,verified_catalogue,2026-08-23,4306774758c40de0d4edf0ba866bc3ea1c573473b1ac76b90c00259774f9afd7
2-Aminothiazole,2-Aminothiazole,,,2155,RAIPHJJURHTUIC-UHFFFAOYSA-N,C3H4N2S,100.14,C1=CSC(=N1)N,confirmed_organic,organic_reagent,,ChemIranSanat,telegram,listing_evidence_crawled_2026-08-23,https://t.me/ChemIranSanat/449,"2-Aminothiazole, 97% 4-Amino-4H-1,2,4-triazole, 99% موجود و آماده تحویل به دلیل سواستفاده شرکتهای ارائه کننده مواد تقلبی، لات نامبر (Lot) پاک شده است. @ChemIranAdmin 🆔 @ChemIran1",ai_resolved+pubchem,verified_telegram_listing,2026-08-23,0869d2696dad2a2fb4ea76294ba7228f61e9a3c127df3b5bc1f2009a0b97d64b
"3-O-ethyl 5-O-methyl 2-(2-aminoethoxymethyl)-4-(2-chlorophenyl)-6-methyl-1,4-dihydropyridine-3,5-dicarboxylate",amlodipine,"3-O-ethyl 5-O-methyl 2-(2-aminoethoxymethyl)-4-(2-chlorophenyl)-6-methyl-1,4-dihydropyridine-3,5-dicarboxylate; amlodipine",,2162,HTIQEAQVCYTUBX-UHFFFAOYSA-N,C20H25ClN2O5,408.9,CCOC(=O)C1=C(NC(=C(C1C2=CC=CC=C2Cl)C(=O)OC)C)COCCN,confirmed_organic,pharmaceutical_or_api,,Rooz Darou,Iranian pharmaceutical product catalogue,product_page_listed_not_current_stock_verified,http://rouzdarou.com/products/%D9%82%D8%B1%D8%B5-%D8%A2%D9%85%D9%84%D9%88%D8%AF%DB%8C%D9%BE%DB%8C%D9%86-5,قرص آملودیپین 5,PubChem name validation from supplier product title,verified_catalogue,2026-08-23,14257ff49dfd3f796ca756b4a3c4d0e72fd0224de9e0c3c20b4f6d917d143b13
2-acetyloxybenzoic acid,Aspirin,2-acetyloxybenzoic acid; Aspirin,50-78-2,2244,BSYNRYMUTXBXSQ-UHFFFAOYSA-N,C9H8O4,180.16,CC(=O)OC1=CC=CC=C1C(=O)O,confirmed_organic,pharmaceutical_or_api,,TamadKala; telegram:ChemIranSanat,Iranian online wholesale/lab shop,product_page_listed_not_current_stock_verified,https://t.me/ChemIranSanat/1755,آسپرین قطران شیمی | ...,router_title_normalization,verified_catalogue,2026-08-23,945f2d925503759303933c710ec5ff6e5f0a5333a2e98f60af6749a793cf11b4
2-[4-[2-hydroxy-3-(propan-2-ylamino)propoxy]phenyl]acetamide,atenolol,2-[4-[2-hydroxy-3-(propan-2-ylamino)propoxy]phenyl]acetamide; atenolol,,2249,METKIMKYRPQLGS-UHFFFAOYSA-N,C14H22N2O3,266.34,CC(C)NCC(COC1=CC=C(C=C1)CC(=O)N)O,confirmed_organic,pharmaceutical_or_api,,Rooz Darou,Iranian pharmaceutical product catalogue,product_page_listed_not_current_stock_verified,http://rouzdarou.com/products/%D9%82%D8%B1%D8%B5-%D8%A2%D8%AA%D9%86%D9%88%D9%84%D9%88%D9%84-100,قرص آتنولول 100,PubChem name validation from supplier product title,verified_catalogue,2026-08-23,e05d529a3e7341a8fee6550178e2aa40ca2a511c142201c879f2c9f8adbd4f7b
2-[[4-[2-[4-(oxiran-2-ylmethoxy)phenyl]propan-2-yl]phenoxy]methyl]oxirane,Bisphenol A diglycidyl ether,2-[[4-[2-[4-(oxiran-2-ylmethoxy)phenyl]propan-2-yl]phenoxy]methyl]oxirane; Bisphenol A diglycidyl ether,,2286,LCFVJGUPQDGYKZ-UHFFFAOYSA-N,C21H24O4,340.4,CC(C)(C1=CC=C(C=C1)OCC2CO2)C3=CC=C(C=C3)OCC4CO4,confirmed_organic,organic_reagent,,TamadKala,Iranian online wholesale/lab shop,product_page_listed_not_current_stock_verified,https://tamadkala.com/product/2170/%D9%81%D8%B1%D9%88%D8%B4-%D8%A8%DB%8C%D8%B3%D9%81%D9%86%D9%88%D9%84-%D8%A7%DB%8C-%D8%AF%DB%8C-%DA%AF%D9%84%D8%A7%DB%8C%D8%B3%DB%8C%D8%AF%DB%8C%D9%84-%D8%A7%D8%AA%D8%B1,فروش بیسفنول ای دی گلایسیدیل اتر,router_title_normalization,verified_catalogue,2026-08-23,615d565ab3910c505e06e7665b92423809e13c1f53415e13bcf300227dec701b
benzyl benzoate,Benzyl benzoate,benzyl benzoate; Benzyl benzoate,120-51-4,2345,SESFRYSPDFLNCH-UHFFFAOYSA-N,C14H12O2,212.24,C1=CC=C(C=C1)COC(=O)C2=CC=CC=C2,confirmed_organic,fragrance_or_aroma,,TamadKala,Iranian online wholesale/lab shop,product_page_listed_not_current_stock_verified,https://tamadkala.com/product/154861/%D8%A8%D9%86%D8%B2%DB%8C%D9%84-%D8%A8%D9%86%D8%B2%D9%88%D8%A7%D8%AA-%D8%A8%D8%B1%D9%86%D8%AF-dyc-%DA%86%DB%8C%D9%86,بنزیل بنزوات | بنزیل بنزوات برند dyc چین,router_title_normalization,verified_catalogue,2026-08-23,66908fbb5badad4cbaf9b6a1f956ea726d6bd76e060e1ec4b0565835a3535f11
"3,3-dimethyl-7-oxo-6-[(2-phenylacetyl)amino]-4-thia-1-azabicyclo[3.2.0]heptane-2-carboxylic acid",Penicillins,,,2349,JGSARLDLIJGVTE-UHFFFAOYSA-N,C16H18N2O4S,334.4,CC1(C(N2C(S1)C(C2=O)NC(=O)CC3=CC=CC=C3)C(=O)O)C,confirmed_organic,pharmaceutical_or_api,,telegram:minatajhiz,Iranian supplier Telegram catalogue,listing_evidence_crawled_2026-08-24,https://t.me/minatajhiz/90,,ai_normalised_listing+pubchem_confirmed,verified_telegram_listing,2017-09-13,9ac485788bd74b04165e0991ab4fd4a6d5a237fabf78f77d513e063cc2f0b1ba
"1,3,7-trimethylpurine-2,6-dione",Caffeine,"1,3,7-trimethylpurine-2,6-dione; Caffeine",58-08-2,2519,RYYVLZVUVIJVGH-UHFFFAOYSA-N,C8H10N4O2,194.19,CN1C=NC2=C1C(=O)N(C(=O)N2C)C,confirmed_organic,secondary_metabolite_or_natural_product,research,TamadKala; Telegram: ChemIranSanat,Iranian online research/chemical shop | Iranian online wholesale/lab shop | Iranian supplier Telegram catalogue,listed_not_current_stock_verified | product_page_listed_not_current_stock_verified,https://tamadkala.com/product/74876/%DA%A9%D8%A7%D9%81%D8%A6%DB%8C%D9%86,"1,3,7-trimethylpurine-2,6-dione | کافئین | کافئین extra pure نوترون",existing skill export | explicit_category_supplement | router_title_normalization,verified_catalogue,2026-08-23,c848fb0faab891cd1a7dc886e7300f565642b57d9f8307bb28d4b2848aee5533
"2-(3,4-dimethoxyphenyl)-5-[2-(3,4-dimethoxyphenyl)ethyl-methylamino]-2-propan-2-ylpentanenitrile",verapamil,"2-(3,4-dimethoxyphenyl)-5-[2-(3,4-dimethoxyphenyl)ethyl-methylamino]-2-propan-2-ylpentanenitrile; verapamil",,2520,SGTNSNPWRIOYBX-UHFFFAOYSA-N,C27H38N2O4,454.6,CC(C)C(CCCN(C)CCC1=CC(=C(C=C1)OC)OC)(C#N)C2=CC(=C(C=C2)OC)OC,confirmed_organic,pharmaceutical_or_api,,Rooz Darou,Iranian pharmaceutical product catalogue,product_page_listed_not_current_stock_verified,http://rouzdarou.com/products/%D9%82%D8%B1%D8%B5-%D9%88%D8%B1%D8%A7%D9%BE%D8%A7%D9%85%DB%8C%D9%84-40,قرص وراپامیل 40,PubChem name validation from supplier product title,verified_catalogue,2026-08-23,ecb99b83675f68c0d69cb50c4a5f5acb92c1db6e1fd773abb2b6cbe77f3a2b60
benzo[b][1]benzazepine-11-carboxamide,carbamazepine,benzo[b][1]benzazepine-11-carboxamide; carbamazepine; Carbamazepine,,2554,FFGPTBGBLSHEPO-UHFFFAOYSA-N,C15H12N2O,236.27,C1=CC=C2C(=C1)C=CC3=CC=CC=C3N2C(=O)N,confirmed_organic,pharmaceutical_or_api,,Rooz Darou; Temad,Iranian pharmaceutical product catalogue,product_page_listed_not_current_stock_verified,http://rouzdarou.com/products/%D9%82%D8%B1%D8%B5-%DA%A9%D8%A7%D8%B1%D8%A8%D8%A7%D9%85%D8%A7%D8%B2%D9%BE%DB%8C%D9%86-200,قرص کاربامازپین 200,PubChem name validation from supplier product title,verified_catalogue,2026-08-23,5c792610805e8c17a3d236db6f5d342eec187e04a87d033f3c9c912f85277aab
1-(9H-carbazol-4-yloxy)-3-[2-(2-methoxyphenoxy)ethylamino]propan-2-ol,Carvedilol,1-(9H-carbazol-4-yloxy)-3-[2-(2-methoxyphenoxy)ethylamino]propan-2-ol; Carvedilol,,2585,OGHNVEJMJSYVRP-UHFFFAOYSA-N,C24H26N2O4,406.5,COC1=CC=CC=C1OCCNCC(COC2=CC=CC3=C2C4=CC=CC=C4N3)O,confirmed_organic,pharmaceutical_or_api,research,BehChin Chemi Pharmed,Iranian supplier API/intermediate catalogue,supplier_catalogue_listed_not_current_stock_verified,https://www.behchinchemi.ir/en/our-products/active-pharmaceutical-ingredient,Carvedilol,supplier_table,verified_catalogue,2026-08-23,d238ae991c244822849c4d4380280f3450a9e865faa98f7df6781b203d7379a5
4-[5-(4-methylphenyl)-3-(trifluoromethyl)pyrazol-1-yl]benzenesulfonamide,celecoxib,4-[5-(4-methylphenyl)-3-(trifluoromethyl)pyrazol-1-yl]benzenesulfonamide; celecoxib; Celecoxib,,2662,RZEKVGVHFLEQIL-UHFFFAOYSA-N,C17H14F3N3O2S,381.4,CC1=CC=C(C=C1)C2=CC(=NN2C3=CC=C(C=C3)S(=O)(=O)N)C(F)(F)F,confirmed_organic,pharmaceutical_or_api,,Rooz Darou; Temad,Iranian pharmaceutical product catalogue,product_page_listed_not_current_stock_verified,http://rouzdarou.com/products/%D9%83%D9%BE%D8%B3%D9%88%D9%84-%D8%B3%D9%84%DA%A9%D9%88%DA%A9%D8%B3%DB%8C%D8%A8-100,كپسول سلکوکسیب 100,PubChem name validation from supplier product title,verified_catalogue,2026-08-23,8d929b098e30f06797873dceea8f857c364a3015da08d36470976a1a8d267a1f
hexadecan-1-ol,Cetyl alcohol,hexadecan-1-ol; Cetyl alcohol; Cetyl Alcohol,36653-82-4,2682,BXWNKGSJHAJOGX-UHFFFAOYSA-N,C16H34O,242.44,CCCCCCCCCCCCCCCCO,confirmed_organic,organic_reagent,,Isatis Shimi,Iranian online chemical shops,product_page_listed_not_current_stock_verified,https://isatisshimi.com/en/product/cetyl-alcohol/,Cetyl Alcohol | ستیل الکل,router_title_normalization,verified_catalogue,2026-08-23,0b4d1d089e24c06ed7782d65ef182684e73712abb8e881b98fd47a049bbc4435
"1,3,3-trimethyl-2-oxabicyclo[2.2.2]octane","1,8-Cineole",,470-82-6,2758,WEEGYLXZBRQIMU-UHFFFAOYSA-N,C10H18O,154.25,CC1(C2CCC(O1)(CC2)C)C,confirmed_organic,fragrance_or_aroma,,telegram:chemgroup,Iranian supplier Telegram catalogue,listing_evidence_crawled_2026-08-24,https://t.me/chemgroup/3916,,ai_normalised_listing+pubchem_confirmed,verified_telegram_listing,2017-09-04,48122dbab130b5bc047efb8250505aab3ed05365e717f784a8a85c80f310c479
1-cyclopropyl-6-fluoro-4-oxo-7-piperazin-1-ylquinoline-3-carboxylic acid,ciprofloxacin,1-cyclopropyl-6-fluoro-4-oxo-7-piperazin-1-ylquinoline-3-carboxylic acid; ciprofloxacin,,2764,MYSWGUAQZAJSOK-UHFFFAOYSA-N,C17H18FN3O3,331.34,C1CC1N2C=C(C(=O)C3=CC(=C(C=C32)N4CCNCC4)F)C(=O)O,confirmed_organic,pharmaceutical_or_api,,Rooz Darou,Iranian pharmaceutical product catalogue,product_page_listed_not_current_stock_verified,http://rouzdarou.com/products/%D9%82%D8%B1%D8%B5-%D8%B3%DB%8C%D9%BE%D8%B1%D9%88%D9%81%D9%84%D9%88%DA%A9%D8%B3%D8%A7%D8%B3%DB%8C%D9%86-500,قرص سیپروفلوکساسین 500,PubChem name validation from supplier product title,verified_catalogue,2026-08-23,daf33a2d4fb3f9724f5b258328bc0ad52d39e8363135b539427f3ad3fd383aca
Cyclophosphamide,Endoxan,,,2907,CMSMOCZEIVJLDB-UHFFFAOYSA-N,C7H15Cl2N2O2P,261.08,C1CNP(=O)(OC1)N(CCCl)CCCl,confirmed_organic,pharmaceutical_or_api,,Exir Pharmaceutical Co.,web_catalogue,listing_evidence_crawled_2026-08-23,https://exir.co.ir/product/ondansetron-syrup/,اندانسترون 4 میلی گرم,ai_resolved+pubchem,verified_web_catalogue,2026-08-23,9eb6abfa1e9e1f095eafdc78cd2cb58e7dfda9ffd82c174e01262fb1234d0281
4-(4-aminophenyl)sulfonylaniline,Dapsone,4-(4-aminophenyl)sulfonylaniline; Dapsone,,2955,MQJKPEGWNLWLTK-UHFFFAOYSA-N,C12H12N2O2S,248.30,C1=CC(=CC=C1N)S(=O)(=O)C2=CC=C(C=C2)N,confirmed_organic,pharmaceutical_or_api,research,TamadKala,Iranian online wholesale/lab shop,product_page_listed_not_current_stock_verified,https://tamadkala.com/product/2195/%D9%81%D8%B1%D9%88%D8%B4-4-4-%D8%AF%DB%8C-%D8%A2%D9%85%DB%8C%D9%86%D9%88-%D8%AF%DB%8C-%D9%81%D9%86%DB%8C%D9%84-%D8%B3%D9%88%D9%84%D9%81%D9%88%D9%86,داپسون سیگما usp کد 1164008 | ... | فروش 4 4 دی آمینو دی فنیل سولفون,router_title_normalization,verified_catalogue,2026-08-23,f2b7d419e48f07c269102424de4c9ebb082f71ee37c5e98edbb1f140e9f6b401
dibenzothiophene,Dibenzothiophene,dibenzothiophene; Dibenzothiophene,,3023,IYYZUPMFVPLQIF-UHFFFAOYSA-N,C12H8S,184.26,C1=CC=C2C(=C1)C3=CC=CC=C3S2,confirmed_organic,organic_reagent,research,Telegram: minatajhiz,Iranian supplier Telegram catalogue,listed_not_current_stock_verified,https://t.me/minatajhiz/1029,dibenzothiophene,existing skill export,verified_catalogue,2026-08-23,fb2da3004dfc4f4b2ee79a87cd2ba5dcbbf75e306cc30cd9e68240efb07f2b39
"2-[2-(2,6-dichloroanilino)phenyl]acetic acid",diclofenac,"2-[2-(2,6-dichloroanilino)phenyl]acetic acid; diclofenac",,3033,DCOPUUMXTXDBNB-UHFFFAOYSA-N,C14H11Cl2NO2,296.1,C1=CC=C(C(=C1)CC(=O)O)NC2=C(C=CC=C2Cl)Cl,confirmed_organic,pharmaceutical_or_api,,Pishgaman Shimi (IR Chem); Rooz Darou,Iranian online research/chemical shop | Iranian pharmaceutical product catalogue,product_page_listed_not_current_stock_verified,https://irchem.ir/diclofenac-sodium/,پودر دیکلوفناک سدیم | قرص دیکلوفناک سدیم 25,explicit_category_supplement,verified_catalogue,2026-08-23,7cedb4900cc674eaee7ed0626bad2ba28eddf160798f3a7384e3908be5ec1777
Diethyl Pyrocarbonate,Diethyl Pyrocarbonate,Diethyl Pyrocarbonate; ethoxycarbonyl ethyl carbonate; Diethyl dicarbonate,,3051,FFYPMLJYZAEMQB-UHFFFAOYSA-N,C6H10O5,162.14,CCOC(=O)OC(=O)OCC,confirmed_organic,organic_reagent,research,telegram:minatajhiz,telegram:minatajhiz,telegram_listing_evidence,https://t.me/minatajhiz/1004,دی اتیل دی کربنات Diethyl dicarbonate کد محصول مرک: 841751 واردات جدید مرک,structured_pubchem,verified_telegram_listing,2026-08-23,994e5810ccf7fa6f8cf0ee2c0403a56582b0b5223cae303b0ecda69c2f5c9f49
diphenylmethanone,Benzophenone,diphenylmethanone; Benzophenone,119-61-9,3102,RWCCWEUUXYIKHB-UHFFFAOYSA-N,C13H10O,182.22,C1=CC=C(C=C1)C(=O)C2=CC=CC=C2,confirmed_organic,organic_reagent,research,TamadKala; Telegram: minatajhiz; Mojallali Group,Iranian online wholesale/lab shop | Iranian supplier Telegram catalogue,listed_not_current_stock_verified | product_page_listed_not_current_stock_verified,https://t.me/minatajhiz/480,diphenylmethanone | فروش بنزوفنون,existing skill export | router_title_normalization,verified_catalogue,2026-08-23,2380604e4ec3cb946c5db9c24168877b45b18d23017b7816271592bfab4a30f0
6-chloro-3-[1-[3-(2-oxo-3H-benzimidazol-1-yl)propyl]piperidin-4-yl]-1H-benzimidazol-2-one,domperidone,6-chloro-3-[1-[3-(2-oxo-3H-benzimidazol-1-yl)propyl]piperidin-4-yl]-1H-benzimidazol-2-one; domperidone,,3151,FGXWKSZFVQUSTL-UHFFFAOYSA-N,C22H24ClN5O2,425.9,C1CN(CCC1N2C3=C(C=C(C=C3)Cl)NC2=O)CCCN4C5=CC=CC=C5NC4=O,confirmed_organic,pharmaceutical_or_api,,Rooz Darou,Iranian pharmaceutical product catalogue,product_page_listed_not_current_stock_verified,http://rouzdarou.com/products/%D9%82%D8%B1%D8%B5-%D8%AF%D9%85%D9%BE%D8%B1%DB%8C%D8%AF%D9%88%D9%86-10,قرص دمپریدون 10,PubChem name validation from supplier product title,verified_catalogue,2026-08-23,59c7bb8326de98bb3292d82bd84c031c49d9c871243a72a91ee18a423956d265
Donepezil,Donepezil,,,3152,ADEBPBSSDYVVLD-UHFFFAOYSA-N,C24H29NO3,379.5,COC1=C(C=C2C(=C1)CC(C2=O)CC3CCN(CC3)CC4=CC=CC=C4)OC,confirmed_organic,pharmaceutical_or_api,,Akhbar_furii,telegram,listing_evidence_crawled_2026-08-23,https://t.me/Akhbar_furii/373939,🔴 افزایش نرخ ۸۲ قلم دارو و رشد ۱۲۰ درصدی میانگین قیمت آنتی‌بیوتیک‌ها ! در میان اقلام مشمول افزایش قیمت، قرص دنپزیل با افزایش نرخ حدود ۵۴۳ درصدی در صدر قرار دارد. همچنین نرخ کلاریترومایسین حدود ۳۰۸ درصد افزایش یافته است. 🆔 @Akhbar_furii,ai_resolved+pubchem,verified_telegram_listing,2026-08-23,d16192702110b2e18f42f3263c649faed8667e3a9b5008f14e9592dd3cf4cea2
"3',6'-dihydroxy-2',4',5',7'-tetraiodospiro[2-benzofuran-3,9'-xanthene]-1-one",Erythrosine,,16423-68-0,3259,OALHHIHQOFIMEF-UHFFFAOYSA-N,C20H8I4O5,835.9,C1=CC=C2C(=C1)C(=O)OC23C4=CC(=C(C(=C4OC5=C(C(=C(C=C35)I)O)I)I)O)I,confirmed_organic,colorant_or_indicator,,telegram:IranChemicals,Iranian supplier Telegram catalogue,listing_evidence_crawled_2026-08-24,https://t.me/Iranchemicals/28509,,ai_normalised_listing+pubchem_confirmed,verified_telegram_listing,2025-01-16,68cd291cd963f5eb7632e10f25060c0beff0649e287545531651f95db072b825
ethoxyethane,Diethyl ether,ethoxyethane; Diethyl ether; diethyl ether,60-29-7,3283,RTZKZFJDLAIYFH-UHFFFAOYSA-N,C4H10O,74.12,CCOCC,confirmed_organic,organic_reagent,research,TamadKala; Telegram: chemgroup; Telegram: minatajhiz; Mojallali Group; ShimiMan; telegram:ATRmedShop; telegram:ChemIranSanat,Iranian online wholesale/lab shop | Iranian supplier Telegram catalogue,listed_not_current_stock_verified | product_page_listed_not_current_stock_verified,https://t.me/chemgroup/4031,diethyl ether | دی اتیل اتر 96 پارس شیمی | دی اتیل اتر extra pure نوترون | ...,existing skill export | router_title_normalization,verified_catalogue,2026-08-23,5ba0485d99e11b5a736f8daa88c265104964e6e39e178034b8654a8a81a8bfa5
"ethane-1,2-diamine",Ethylenediamine,"ethane-1,2-diamine; Ethylenediamine",107-15-3,3301,PIICEJLVQHRZGT-UHFFFAOYSA-N,C2H8N2,60.10,C(CN)N,confirmed_organic,organic_reagent,,Fardad Shimi,Iranian online lab-chemical shop,product_page_listed_not_current_stock_verified,https://fardadshimi.com/product/6378849/,اتیلن دی آمین DAE JUNG کره,router_title_normalization,verified_catalogue,2026-08-23,2a545c963bdf817f8a2433a67ab449cf73458c293143a4783b13a1ebeeebdd7b
(1-hydroxy-1-phosphonoethyl)phosphonic acid,hedp,(1-hydroxy-1-phosphonoethyl)phosphonic acid; hedp,,3305,DBVJJBKOTRCVKF-UHFFFAOYSA-N,C2H8O7P2,206.03,CC(O)(P(=O)(O)O)P(=O)(O)O,confirmed_organic,,,IR Chem / Pishgaman,Iranian WooCommerce catalogue,product_page_listed_not_current_stock_verified,https://irchem.ir/buy-ethidronic-acid/,اتیدرونیک اسید hedp,structured_pubchem,verified_web_catalogue,2026-08-25,aa4ce9b2e47c9efb9d017a352018850ed485b4b057ebf0d7a57ab3ff5653bdad
2-methoxy-4-prop-2-enylphenol,Eugenol,2-methoxy-4-prop-2-enylphenol; Eugenol; natural; Natural,97-53-0,3314,RRAFCDWBNXTKKO-UHFFFAOYSA-N,C10H12O2,164.20,COC1=C(C=CC(=C1)CC=C)O,confirmed_organic,fragrance_or_aroma,,telegram:ChemIranSanat; TamadKala; ShimiMan,Iranian supplier Telegram catalogue,listing_evidence_crawled_2026-08-24,https://t.me/ChemIranSanat/982,موم سفید پاتوبیولوژی natural دکتر مجللی,ai_normalised_listing+pubchem_confirmed,verified_telegram_listing,2017-11-04,c7739ed5c0f46a6995215d60dec8642b40fb28535b85cb202d7dd71c8864e922
"2-(2,4-difluorophenyl)-1,3-bis(1,2,4-triazol-1-yl)propan-2-ol",fluconazole,"2-(2,4-difluorophenyl)-1,3-bis(1,2,4-triazol-1-yl)propan-2-ol; fluconazole",,3365,RFHAOTPXVQNOHP-UHFFFAOYSA-N,C13H12F2N6O,306.27,C1=CC(=C(C=C1F)F)C(CN2C=NC=N2)(CN3C=NC=N3)O,confirmed_organic,pharmaceutical_or_api,,Rooz Darou,Iranian pharmaceutical product catalogue,product_page_listed_not_current_stock_verified,http://rouzdarou.com/products/%D9%83%D9%BE%D8%B3%D9%88%D9%84-%D9%81%D9%84%D9%88%DA%A9%D9%88%D9%86%D8%A7%D8%B2%D9%88%D9%84-100,كپسول فلوکونازول 100,PubChem name validation from supplier product title,verified_catalogue,2026-08-23,e85cce28309715fbcbab3eccc23a5a23b595a4b7454434725514bf36d5afb9a8
Gabapentin,Gabapentin,,,3446,UGJMXCAKCUNAIE-UHFFFAOYSA-N,C9H17NO2,171.24,C1CCC(CC1)(CC(=O)O)CN,confirmed_organic,pharmaceutical_or_api,,Exir Pharmaceutical Co.,web_catalogue,listing_evidence_crawled_2026-08-23,https://exir.co.ir/product/gabapantin-400-2/,گاباپنتین 400,ai_resolved+pubchem,verified_web_catalogue,2026-08-23,d5c451aba82ffe71544a9b324c1632f0f8be7d4f511c86557241ba3399576013
"5-(2,5-dimethylphenoxy)-2,2-dimethylpentanoic acid",gemfibrozil,"5-(2,5-dimethylphenoxy)-2,2-dimethylpentanoic acid; gemfibrozil; Gemfibrozil",,3463,HEMJJKBWTPKOJG-UHFFFAOYSA-N,C15H22O3,250.33,CC1=CC(=C(C=C1)C)OCCCC(C)(C)C(=O)O,confirmed_organic,pharmaceutical_or_api,,Rooz Darou; Temad,Iranian pharmaceutical product catalogue,product_page_listed_not_current_stock_verified,http://rouzdarou.com/products/%D9%83%D9%BE%D8%B3%D9%88%D9%84-%D8%AC%D9%85-%D9%81%DB%8C%D8%A8%D8%B1%D9%88%D8%B2%DB%8C%D9%84-300,كپسول جم فیبروزیل 300,PubChem name validation from supplier product title,verified_catalogue,2026-08-23,c3a38db214b03a29313b79c199f6079af5264dca39f050d7ca93a33296d399ed
"1-(3,3a,4,5,6,6a-hexahydro-1H-cyclopenta[c]pyrrol-2-yl)-3-(4-methylphenyl)sulfonylurea",Gliclazide,"1-(3,3a,4,5,6,6a-hexahydro-1H-cyclopenta[c]pyrrol-2-yl)-3-(4-methylphenyl)sulfonylurea; Gliclazide",,3475,BOVGTQGAOIONJV-UHFFFAOYSA-N,C15H21N3O3S,323.4,CC1=CC=C(C=C1)S(=O)(=O)NC(=O)NN2CC3CCCC3C2,confirmed_organic,pharmaceutical_or_api,research,BehChin Chemi Pharmed; Temad,Iranian supplier API/intermediate catalogue,supplier_catalogue_listed_not_current_stock_verified,https://www.behchinchemi.ir/en/our-products/active-pharmaceutical-ingredient,Gliclazide,supplier_table,verified_catalogue,2026-08-23,08275a29876c8c14d3ee261c16b6f3be7fc27da8883b2dd3cf0ac45d48de6422
pentanedial,Glutaraldehyde,pentanedial; Glutaraldehyde,111-30-8,3485,SXRSQZLOMIGNAQ-UHFFFAOYSA-N,C5H8O2,100.12,C(CC=O)CC=O,confirmed_organic,organic_reagent,research,Telegram: minatajhiz,Iranian supplier Telegram catalogue,listed_not_current_stock_verified,,pentanedial,existing skill export,verified_catalogue,2026-08-23,e079609552a17812fe98e5c65ef7ab03a5ba34563a898e69881810bf9bf1c72c
Guaifenesin,Guaifenesin,,,3516,HSRJKNPTNIJEKV-UHFFFAOYSA-N,C10H14O4,198.22,COC1=CC=CC=C1OCC(CO)O,confirmed_organic,pharmaceutical_or_api,,Temad,web_catalogue,listing_evidence_crawled_2026-08-23,https://www.temad.com/product/syrup-guaicodin-guaifenesin-codeine-sulfate/,Syrup &#8211; Guaicodin (Guaifenesin / Codeine Sulfate),ai_resolved+pubchem,verified_web_catalogue,2026-08-23,081a83e4ec92672b3c978a9af4cfd18e5b4ffe05f17301f6a93724afc81e8eb6
2-[4-[(7-chloroquinolin-4-yl)amino]pentyl-ethylamino]ethanol,hydroxychloroquine,2-[4-[(7-chloroquinolin-4-yl)amino]pentyl-ethylamino]ethanol; hydroxychloroquine,,3652,XXSMGPRMXLTPCZ-UHFFFAOYSA-N,C18H26ClN3O,335.9,CCN(CCCC(C)NC1=C2C=CC(=CC2=NC=C1)Cl)CCO,confirmed_organic,pharmaceutical_or_api,,Rooz Darou,Iranian pharmaceutical product catalogue,product_page_listed_not_current_stock_verified,http://rouzdarou.com/products/%D9%87%DB%8C%D8%AF%D8%B1%D9%88%DA%A9%D8%B3%DB%8C-%DA%A9%D9%84%D8%B1%D9%88%DA%A9%DB%8C%D9%86-%D8%B3%D9%88%D9%84%D9%81%D8%A7%D8%AA-200,هیدروکسی کلروکین سولفات 200,PubChem name validation from supplier product title,verified_catalogue,2026-08-23,bf14db85eaef02c5018fb7dd134c80e86421fe81e08ee51db6a3ce0861fba835
2-[4-(2-methylpropyl)phenyl]propanoic acid,ibuprofen,2-[4-(2-methylpropyl)phenyl]propanoic acid; ibuprofen,,3672,HEFNNWSXXWATRW-UHFFFAOYSA-N,C13H18O2,206.28,CC(C)CC1=CC=C(C=C1)C(C)C(=O)O,confirmed_organic,pharmaceutical_or_api,,Rooz Darou,Iranian pharmaceutical product catalogue,product_page_listed_not_current_stock_verified,http://rouzdarou.com/products/%DA%A9%D9%BE%D8%B3%D9%88%D9%84-%DA%98%D9%84%D8%A7%D8%AA%DB%8C%D9%86%DB%8C-%D9%86%D8%B1%D9%85-%D8%A7%DB%8C%D9%80%D9%80%D8%A8%D9%88%D9%81%D9%80%DB%8C%D9%86-400,کپسول ژلاتینی نرم ایــبوفـین 400,PubChem name validation from supplier product title,verified_catalogue,2026-08-23,833ae95248c0cda62020c7a80ccf3944324509f3b686fb4c24dbc1ee403d7d3b
propan-2-ol,2-propanol,propan-2-ol; 2-propanol; isopropanol; Isopropyl alcohol; Isopropyl Alcohol,67-63-0,3776,KFZMGEQAYNKOFK-UHFFFAOYSA-N,C3H8O,60.10,CC(C)O,confirmed_organic,organic_reagent,research,DigiShimi; Fardad Shimi; Isatis Shimi; TamadKala; Telegram: ChemIranSanat; Telegram: IranChemicals; Telegram: minatajhiz; Mojallali Group; ShimiMan; IR Chem / Pishgaman; telegram:ATRmedShop,Iranian online chemical shops | Iranian online lab-chemical shop | Iranian online wholesale/lab shop | Iranian supplier Telegram catalogue,listed_not_current_stock_verified | product_page_listed_not_current_stock_verified,https://fardadshimi.com/product/6199217/,2 پروپانول acs دکتر مجللی | ... | 2 پروپانول extra pure دکتر مجللی | ... | 2 پروپانول gc دکتر مجللی | ... | 2 پروپانول gradient hplc دکتر مجللی | ... | 2 پروپانول isocratic hplc دکتر مجللی | ... | 2 پروپانول usp دکتر مجللی | ... | 2 پروپانول uv spectroscopy دکتر مجللی | ... | Iso,existing skill export | router_title_normalization,verified_catalogue,2026-08-23,6cbd1ec7b21eba6c8bdc4b3791b7f66a44885fa26b399f76e0be44a28ff11ad8
"6-(2,3-dichlorophenyl)-1,2,4-triazine-3,5-diamine",lamotrigine,"6-(2,3-dichlorophenyl)-1,2,4-triazine-3,5-diamine; lamotrigine",,3878,PYZRQGJRPPTADH-UHFFFAOYSA-N,C9H7Cl2N5,256.09,C1=CC(=C(C(=C1)Cl)Cl)C2=C(N=C(N=N2)N)N,confirmed_organic,pharmaceutical_or_api,,Rooz Darou,Iranian pharmaceutical product catalogue,product_page_listed_not_current_stock_verified,http://rouzdarou.com/products/%D9%82%D8%B1%D8%B5-%D9%84%D8%A7%D9%85%D9%88%D8%AA%D8%B1%DB%8C%DA%98%DB%8C%D9%86-100,قرص لاموتریژین 100,PubChem name validation from supplier product title,verified_catalogue,2026-08-23,1657c9e433a779890acd66a4e9274bae1258d40eeab69ef0e33abdf6578e4e3c
Lansoprazole,Lansoprazole,,,3883,MJIHNNLFOKEZEW-UHFFFAOYSA-N,C16H14F3N3O2S,369.4,CC1=C(C=CN=C1CS(=O)C2=NC3=CC=CC=C3N2)OCC(F)(F)F,confirmed_organic,pharmaceutical_or_api,,Temad,web_catalogue,listing_evidence_crawled_2026-08-23,https://www.temad.com/product/capsule-lansoprazole-30-mg/,Capsule &#8211; Lansoprazole 30 mg,ai_resolved+pubchem,verified_web_catalogue,2026-08-23,220ac81f0c5898a2e0488403482f8db80845767fd89bad41bf6ae5e72aa1184d
methyl N-(6-benzoyl-1H-benzimidazol-2-yl)carbamate,mebendazole,methyl N-(6-benzoyl-1H-benzimidazol-2-yl)carbamate; mebendazole,,4030,OPXLLQIJSORQAM-UHFFFAOYSA-N,C16H13N3O3,295.29,COC(=O)NC1=NC2=C(N1)C=C(C=C2)C(=O)C3=CC=CC=C3,confirmed_organic,pharmaceutical_or_api,,Rooz Darou,Iranian pharmaceutical product catalogue,product_page_listed_not_current_stock_verified,http://rouzdarou.com/products/%D9%82%D8%B1%D8%B5-%D9%85%D8%A8%D9%86%D8%AF%D8%A7%D8%B2%D9%88%D9%84-100,قرص مبندازول 100,PubChem name validation from supplier product title,verified_catalogue,2026-08-23,9236f63fe23e5308fcb2399cd6bde2221565d9723b7cceb47044016c2165868e
"2-(2,3-dimethylanilino)benzoic acid",mefenamic acid,"2-(2,3-dimethylanilino)benzoic acid; mefenamic acid",,4044,HYYBABOKPJLUIN-UHFFFAOYSA-N,C15H15NO2,241.28,CC1=C(C(=CC=C1)NC2=CC=CC=C2C(=O)O)C,confirmed_organic,pharmaceutical_or_api,,Rooz Darou,Iranian pharmaceutical product catalogue,product_page_listed_not_current_stock_verified,http://rouzdarou.com/products/%D9%83%D9%BE%D8%B3%D9%88%D9%84-%D9%85%D9%81%D9%86%D8%A7%D9%85%DB%8C%DA%A9-%D8%A7%D8%B3%DB%8C%D8%AF-250,كپسول مفنامیک اسید 250,PubChem name validation from supplier product title,verified_catalogue,2026-08-23,446f5613299b757b1b030a677f863828e6788e8eaffe6d6e26582a014c71902f
"3,5-dimethyladamantan-1-amine",memantine,"3,5-dimethyladamantan-1-amine; memantine",,4054,BUGYDGFZZOZRHP-UHFFFAOYSA-N,C12H21N,179.30,CC12CC3CC(C1)(CC(C3)(C2)N)C,confirmed_organic,pharmaceutical_or_api,,Rooz Darou,Iranian pharmaceutical product catalogue,product_page_listed_not_current_stock_verified,http://rouzdarou.com/products/%D9%85%D9%85%D8%A7%D9%86%D8%AA%DB%8C%D9%86-%D9%85%D9%85%D9%88%DA%A9%D8%B3%D8%A7-5,ممانتین ( مموکسا ) 5,PubChem name validation from supplier product title,verified_catalogue,2026-08-23,fd0fc7e0a89534c7c37c71b90b57323b557e80d495d22949b90042efd472b6e8
2-(2-sulfanylethyl)guanidine,MEG,2-(2-sulfanylethyl)guanidine; MEG,,4070,GAPFINWZKMCSBG-UHFFFAOYSA-N,C3H9N3S,119.19,C(CS)N=C(N)N,confirmed_organic,,,Isatis Shimi,Iranian WooCommerce catalogue,product_page_listed_not_current_stock_verified,https://isatisshimi.com/product/%d9%85%d9%88%d9%86%d9%88-%d8%a7%d8%aa%db%8c%d9%84%d9%86-%da%af%d9%84%d8%a7%db%8c%da%a9%d9%88%d9%84/,خرید مونو اتیلن گلیکول MEG,structured_pubchem,verified_web_catalogue,2026-08-25,b1c36f56effb420b8a702f8a2769344025532c643ec360d79d40b209bc4ee672
Metformin,Metformin,"Metformin; 3-(diaminomethylidene)-1,1-dimethylguanidine",,4091,XZWYZXLIPXDOLR-UHFFFAOYSA-N,C4H11N5,129.16,CN(C)C(=N)N=C(N)N,confirmed_organic,pharmaceutical_or_api,,Exir Pharmaceutical Co.; Temad,web_catalogue,listing_evidence_crawled_2026-08-23,https://exir.co.ir/product/metformin-er/,متفورمین 500 ER,ai_resolved+pubchem,verified_web_catalogue,2026-08-23,d0b0645cdb8579e5c6bdba8d7d96791cc046fe998a7764f18af55a91c447ffe3
2-methylprop-2-enoic acid,Methacrylic Acid,,79-41-4,4093,CERQOIWHTDAKMF-UHFFFAOYSA-N,C4H6O2,86.09,CC(=C)C(=O)O,confirmed_organic,organic_reagent,,telegram:Maran_Tejarat_Eshen,Iranian supplier Telegram catalogue,listing_evidence_crawled_2026-08-24,https://t.me/Maran_Tejarat_Eshen/216,,ai_normalised_listing+pubchem_confirmed,verified_telegram_listing,2019-03-11,bf5c9c91f79e16e43978b7132ca93bd2255ed625b1f6b24f0ff207afe0d6a81c
Methadone,Methadone,,,4095,USSIQXCVUWKGNF-UHFFFAOYSA-N,C21H27NO,309.4,CCC(=O)C(CC(C)N(C)C)(C1=CC=CC=C1)C2=CC=CC=C2,confirmed_organic,pharmaceutical_or_api,,Exir Pharmaceutical Co.,web_catalogue,listing_evidence_crawled_2026-08-23,https://exir.co.ir/product/methadone-5-20-40/,متادون 5-20-40 میلی‌گرم,ai_resolved+pubchem,verified_web_catalogue,2026-08-23,ad8972f85a12c3f995b0c8bc78b9236b36ea081222e17a5351e11c4f188656ae
"1,3,5,7-tetrazatricyclo[3.3.1.13,7]decane",Hexamine,"1,3,5,7-tetrazatricyclo[3.3.1.13,7]decane; Hexamine",100-97-0,4101,VKYKSIONXSXAKP-UHFFFAOYSA-N,C6H12N4,140.19,C1N2CN3CN1CN(C2)C3,confirmed_organic,organic_reagent,,DigiShimi; Mojallali Group; telegram:ATRmedShop,Iranian online chemical shops,product_page_listed_not_current_stock_verified,https://digishimii.ir/Product/هگزامین/,هگزامین,router_title_normalization,verified_catalogue,2026-08-23,8a2e4ac803a507204ff17e97442f6778602499167d9d0dd1a455fbf964399129
methyl 2-hydroxybenzoate,methyl 2-hydroxybenzoate,methyl 2-hydroxybenzoate,119-36-8,4133,OSWPMRLSEDHDFF-UHFFFAOYSA-N,C8H8O3,152.15,COC(=O)C1=CC=CC=C1O,confirmed_organic,,,IR Chem / Pishgaman,Iranian WooCommerce catalogue,product_page_listed_not_current_stock_verified,https://irchem.ir/buy-methyl-salicylate/,متیل سالیسیلات,cas_pubchem,verified_web_catalogue,2026-08-25,1babf2cacaff177fef9ead30211cfe12b578e8efd639a0b7cd002d60ec70715f
"4-methoxy-6-prop-2-enyl-1,3-benzodioxole",Myristicin,,,4276,BNWJOHGLIBDBOB-UHFFFAOYSA-N,C11H12O3,192.21,COC1=CC(=CC2=C1OCO2)CC=C,confirmed_organic,secondary_metabolite_or_natural_product,,telegram:ChemIranSanat,Iranian supplier Telegram catalogue,listing_evidence_crawled_2026-08-24,https://t.me/ChemIranSanat/1180,,ai_normalised_listing+pubchem_confirmed,verified_telegram_listing,2018-01-19,c26e2f18551f040d070018dfac3f0f54f3bf2df089ca8226260ae9cbda069d19
"N,N-diethyl-3-methylbenzamide",Diethyl Toluamide,"N,N-diethyl-3-methylbenzamide; Diethyl Toluamide",,4284,MMOXZBCLCQITDF-UHFFFAOYSA-N,C12H17NO,191.27,CCN(CC)C(=O)C1=CC=CC(=C1)C,confirmed_organic,cosmetic_raw_material,,BehChin Chemi Pharmed,Iranian supplier API/intermediate catalogue,supplier_catalogue_listed_not_current_stock_verified,https://www.behchinchemi.ir/en/our-products/cosmetic-materials,Diethyl Toluamide,supplier_table,verified_catalogue,2026-08-23,aa2914cbc4480915fb8205013ab054cceaee6a505446c62f512c8909efa85fe9
"1-ethyl-7-methyl-4-oxo-1,8-naphthyridine-3-carboxylic acid",nalidixic acid,"1-ethyl-7-methyl-4-oxo-1,8-naphthyridine-3-carboxylic acid; nalidixic acid",,4421,MHWLWQUZZRMNGJ-UHFFFAOYSA-N,C12H12N2O3,232.23,CCN1C=C(C(=O)C2=C1N=C(C=C2)C)C(=O)O,confirmed_organic,pharmaceutical_or_api,,Rooz Darou,Iranian pharmaceutical product catalogue,product_page_listed_not_current_stock_verified,http://rouzdarou.com/products/%D9%82%D8%B1%D8%B5-%D9%86%D8%A7%D9%84%DB%8C%D8%AF%DB%8C%DA%A9%D8%B3%DB%8C%DA%A9-%D8%A7%D8%B3%DB%8C%D8%AF-500,قرص نالیدیکسیک اسید 500,PubChem name validation from supplier product title,verified_catalogue,2026-08-23,2b1e75cc124ccd7e3738af90c1a258b19a99477083ee0c2d6cdb874b181477a9
Nitroglycerin,Nitroglycerin,,,4510,SNIOPGDIGTZGOP-UHFFFAOYSA-N,C3H5N3O9,227.09,C(C(CO[N+](=O)[O-])O[N+](=O)[O-])O[N+](=O)[O-],confirmed_organic,organic_reagent,,Exir Pharmaceutical Co.,web_catalogue,listing_evidence_crawled_2026-08-23,https://exir.co.ir/product/nitroglycerin-2-6/,نیتروگلیسرین 2.6,ai_resolved+pubchem,verified_web_catalogue,2026-08-23,f586cd13622b43e50598de4f1687175b28a3c43f0078f1dbe2b7496bb2a74923
"N-methyl-3-(2-tricyclo[9.4.0.03,8]pentadeca-1(15),3,5,7,11,13-hexaenylidene)propan-1-amine",nortriptyline,"N-methyl-3-(2-tricyclo[9.4.0.03,8]pentadeca-1(15),3,5,7,11,13-hexaenylidene)propan-1-amine; nortriptyline",,4543,PHVGLTMQBUFIQQ-UHFFFAOYSA-N,C19H21N,263.4,CNCCC=C1C2=CC=CC=C2CCC3=CC=CC=C31,confirmed_organic,pharmaceutical_or_api,,Rooz Darou,Iranian pharmaceutical product catalogue,product_page_listed_not_current_stock_verified,http://rouzdarou.com/products/%D9%82%D8%B1%D8%B5-%D9%86%D9%88%D8%B1%D8%AA%D8%B1%DB%8C%D9%BE%D8%AA%DB%8C%D9%84%DB%8C%D9%86-10,قرص نورتریپتیلین 10,PubChem name validation from supplier product title,verified_catalogue,2026-08-23,f3836e717c1b501a14ffdbb73bccccab0252e7c800379187520b5f887a38b8d8
"7-fluoro-2-methyl-6-(4-methylpiperazin-1-yl)-10-oxo-4-oxa-1-azatricyclo[7.3.1.05,13]trideca-5(13),6,8,11-tetraene-11-carboxylic acid",ofloxacin,"7-fluoro-2-methyl-6-(4-methylpiperazin-1-yl)-10-oxo-4-oxa-1-azatricyclo[7.3.1.05,13]trideca-5(13),6,8,11-tetraene-11-carboxylic acid; ofloxacin; Ofloxacin",,4583,GSDSWSVVBLHKDQ-UHFFFAOYSA-N,C18H20FN3O4,361.4,CC1COC2=C3N1C=C(C(=O)C3=CC(=C2N4CCN(CC4)C)F)C(=O)O,confirmed_organic,pharmaceutical_or_api,,Rooz Darou; Temad,Iranian pharmaceutical product catalogue,product_page_listed_not_current_stock_verified,http://rouzdarou.com/products/%D9%82%D8%B1%D8%B5-%D8%A7%D9%81%D9%84%D9%88%DA%A9%D8%B3%D8%A7%D8%B3%DB%8C%D9%86-300,قرص افلوکساسین 300,PubChem name validation from supplier product title,verified_catalogue,2026-08-23,0436d594a40825e27fbf50af206ebf79a042558799f338bc3b8177417964fe9f
"6-methoxy-2-[(4-methoxy-3,5-dimethyl-2-pyridinyl)methylsulfinyl]-1H-benzimidazole",omeprazole,"6-methoxy-2-[(4-methoxy-3,5-dimethyl-2-pyridinyl)methylsulfinyl]-1H-benzimidazole; omeprazole",,4594,SUBDBMMJDZJVOS-UHFFFAOYSA-N,C17H19N3O3S,345.4,CC1=CN=C(C(=C1OC)C)CS(=O)C2=NC3=C(N2)C=C(C=C3)OC,confirmed_organic,pharmaceutical_or_api,,Rooz Darou,Iranian pharmaceutical product catalogue,product_page_listed_not_current_stock_verified,http://rouzdarou.com/products/%DA%A9%D9%BE%D8%B3%D9%88%D9%84-%D8%B1%D8%B2%D8%A7%D9%BE%D8%B1%D8%A7%D8%B2%D9%88%D9%84-20,کپسول رزاپرازول 20,PubChem name validation from supplier product title,verified_catalogue,2026-08-23,9d20e241726ce41d086d510c6f6eb5083a94b10819310f2a10a0d6944b253329
(2-hydroxy-4-methoxyphenyl)-phenylmethanone,Benzophenone-3,(2-hydroxy-4-methoxyphenyl)-phenylmethanone; Benzophenone-3,,4632,DXGLGDHPHMLXJC-UHFFFAOYSA-N,C14H12O3,228.24,COC1=CC(=C(C=C1)C(=O)C2=CC=CC=C2)O,confirmed_organic,cosmetic_raw_material,,BehChin Chemi Pharmed,Iranian supplier API/intermediate catalogue,supplier_catalogue_listed_not_current_stock_verified,https://www.behchinchemi.ir/en/our-products/cosmetic-materials,Benzophenone-3,supplier_table,verified_catalogue,2026-08-23,44a78a925ca338224099793c870c11e02f9e2049c69805c6a6f5ca056eeebafc
"6-(difluoromethoxy)-2-[(3,4-dimethoxy-2-pyridinyl)methylsulfinyl]-1H-benzimidazole",pantoprazole,"6-(difluoromethoxy)-2-[(3,4-dimethoxy-2-pyridinyl)methylsulfinyl]-1H-benzimidazole; pantoprazole",,4679,IQPSEEYGBUAQFF-UHFFFAOYSA-N,C16H15F2N3O4S,383.4,COC1=C(C(=NC=C1)CS(=O)C2=NC3=C(N2)C=C(C=C3)OC(F)F)OC,confirmed_organic,pharmaceutical_or_api,,Rooz Darou,Iranian pharmaceutical product catalogue,product_page_listed_not_current_stock_verified,http://rouzdarou.com/products/%D9%82%D8%B1%D8%B5-%D9%BE%D9%86%D8%AA%D9%88%D9%BE%D8%B1%D8%A7%D8%B2%D9%88%D9%84-20,قرص پنتوپرازول 20,PubChem name validation from supplier product title,verified_catalogue,2026-08-23,d2f3242278b6adad9f2c99709836b51261cc2dd465e6de5525531f8a34b81b2f
"2-phenylindene-1,3-dione",pid,"2-phenylindene-1,3-dione; pid",,4760,NFBAXHOPROOJAW-UHFFFAOYSA-N,C15H10O2,222.24,C1=CC=C(C=C1)C2C(=O)C3=CC=CC=C3C2=O,confirmed_organic,,,TamadKala,Iranian online wholesale/lab shop,product_page_listed_not_current_stock_verified,https://tamadkala.com/product/9985/انکوباتور-25-لیتری-برد-pid-دیجیتال-هوشمند,انکوباتور 25 لیتری برد pid دیجیتال هوشمند,structured_pubchem,verified_web_catalogue,2026-08-25,0ec797fa78713fe1413b41e9a5c4576259f789012fdc3c2cd80a3491e6dd7d78
Phenobarbital,Phenobarbital,"Phenobarbital; 5-ethyl-5-phenyl-1,3-diazinane-2,4,6-trione",,4763,DDBREPKUVSBGFI-UHFFFAOYSA-N,C12H12N2O3,232.23,CCC1(C(=O)NC(=O)NC1=O)C2=CC=CC=C2,confirmed_organic,pharmaceutical_or_api,,Temad,web_catalogue,listing_evidence_crawled_2026-08-23,https://www.temad.com/product/cyproterone-acetate-2/,Phenobarbital,pubchem_direct,verified_web_catalogue,2026-08-23,f03a002d6c088133d17bef227a938f074b5e74523677441fcc4c445e00afb9fe
Phenolphthalein,Phenolphthalein,,,4764,KJFMBFZCATUALV-UHFFFAOYSA-N,C20H14O4,318.3,C1=CC=C2C(=C1)C(=O)OC2(C3=CC=C(C=C3)O)C4=CC=C(C=C4)O,confirmed_organic,colorant_or_indicator,,Mojallali Group,web_catalogue,listing_evidence_crawled_2026-08-23,https://drm-chem.com/en/product/phenolphthalein-en/,Phenolphthalein,pubchem_direct,verified_web_catalogue,2026-08-23,f60ecc7b7bb244771a04419914091d3eaa45c7c2f5a1069bf40585cc1059c13c
"4-[3-(4-hydroxyphenyl)-1,1-dioxo-2,1lambda6-benzoxathiol-3-yl]phenol",Phenol Red,"4-[3-(4-hydroxyphenyl)-1,1-dioxo-2,1lambda6-benzoxathiol-3-yl]phenol; Phenol Red",143-74-8,4766,BELBBZDIHDAJOR-UHFFFAOYSA-N,C19H14O5S,354.4,C1=CC=C2C(=C1)C(OS2(=O)=O)(C3=CC=C(C=C3)O)C4=CC=C(C=C4)O,confirmed_organic,organic_reagent,research,Fardad Shimi; TamadKala,Iranian online lab-chemical shop | Iranian online wholesale/lab shop,product_page_listed_not_current_stock_verified,https://tamadkala.com/product/173761/%D9%81%D9%86%D9%88%D9%84-%D8%B1%D8%AF-acs-%D8%AF%DA%A9%D8%AA%D8%B1-%D9%85%D8%AC%D9%84%D9%84%DB%8C,فنل رد مرک MERCK | فنول رد | فنول رد acs دکتر مجللی,router_title_normalization,verified_catalogue,2026-08-23,8ee6dab2d8487bffd7f9ae71482a8710d775d262427de67cd531a90603b6f152
Phenylmethylsulfonyl Fluoride,Phenylmethanesulfonyl fluoride,,,4784,YBYRMVIVWMBXKQ-UHFFFAOYSA-N,C7H7FO2S,174.19,C1=CC=C(C=C1)CS(=O)(=O)F,confirmed_organic,organic_reagent,,ChemIranSanat,telegram,listing_evidence_crawled_2026-08-23,https://t.me/ChemIranSanat/1444,P7626 Sigma Phenylmethanesulfonyl floride 5g موجود و آماده تحویل ✅ شیمیران صنعت فقط اصلی ❓ قیمت و سفارش 👇 Admin 🆔 @ChemIranAdmin 🆔 @ChemIran1,ai_resolved+pubchem,verified_telegram_listing,2026-08-23,04b33580d5db0226468e50e21dba18216341e7f19db3e045d2aecea8565b820d
2-(2-oxopyrrolidin-1-yl)acetamide,Piracetam,2-(2-oxopyrrolidin-1-yl)acetamide; Piracetam,,4843,GMZVRMREEHBGGF-UHFFFAOYSA-N,C6H10N2O2,142.16,C1CC(=O)N(C1)CC(=O)N,confirmed_organic,pharmaceutical_or_api,research,BehChin Chemi Pharmed,Iranian supplier API/intermediate catalogue,supplier_catalogue_listed_not_current_stock_verified,https://www.behchinchemi.ir/en/our-products/active-pharmaceutical-ingredient,Piracetam,supplier_table,verified_catalogue,2026-08-23,770d9685cfaf4fd79679a3cbd3acdabcf11d3a1168016e4b693821e1cda8e783
1-naphthalen-1-yloxy-3-(propan-2-ylamino)propan-2-ol,propranolol,1-naphthalen-1-yloxy-3-(propan-2-ylamino)propan-2-ol; propranolol,,4946,AQHHHDLHHXJYJD-UHFFFAOYSA-N,C16H21NO2,259.34,CC(C)NCC(COC1=CC=CC2=CC=CC=C21)O,confirmed_organic,pharmaceutical_or_api,,Rooz Darou,Iranian pharmaceutical product catalogue,product_page_listed_not_current_stock_verified,http://rouzdarou.com/products/%D9%82%D8%B1%D8%B5-%D9%BE%D8%B1%D9%88%D9%BE%D8%B1%D8%A7%D9%86%D9%88%D9%84%D9%88%D9%84-40,قرص پروپرانولول 40,PubChem name validation from supplier product title,verified_catalogue,2026-08-23,a70660e7209fa2cd433662c8dc023de21f707317c61b04e3601f494431a9cec4
"benzene-1,3-diol",Resorcinol,"benzene-1,3-diol; Resorcinol",108-46-3,5054,GHMLBKRAJCXXBS-UHFFFAOYSA-N,C6H6O2,110.11,C1=CC(=CC(=C1)O)O,confirmed_organic,organic_reagent,,Fardad Shimi,Iranian online lab-chemical shop,product_page_listed_not_current_stock_verified,,رزورسینول MERCK | ...,router_title_normalization,verified_catalogue,2026-08-23,fe867829af84d6017fcdb22e206822f8a81fa0abc8bb70c6e9d778713e577ec4
"3-[2-[4-(6-fluoro-1,2-benzoxazol-3-yl)piperidin-1-yl]ethyl]-2-methyl-6,7,8,9-tetrahydropyrido[1,2-a]pyrimidin-4-one",risperidone,"3-[2-[4-(6-fluoro-1,2-benzoxazol-3-yl)piperidin-1-yl]ethyl]-2-methyl-6,7,8,9-tetrahydropyrido[1,2-a]pyrimidin-4-one; risperidone; Risperidone",,5073,RAPZEAPATHNIPO-UHFFFAOYSA-N,C23H27FN4O2,410.5,CC1=C(C(=O)N2CCCCC2=N1)CCN3CCC(CC3)C4=NOC5=C4C=CC(=C5)F,confirmed_organic,pharmaceutical_or_api,,Rooz Darou; Temad,Iranian pharmaceutical product catalogue,product_page_listed_not_current_stock_verified,http://rouzdarou.com/products/%D9%82%D8%B1%D8%B5-%D8%B1%DB%8C%D8%B3%D9%BE%D8%B1%DB%8C%D8%AF%D9%88%D9%86-4,قرص ریسپریدون 4,PubChem name validation from supplier product title,verified_catalogue,2026-08-23,d1efa8cdd1ddbc723c568516182c83e14c863fd5ac17f953469d469dd31c68ec
"1,1-dioxo-1,2-benzothiazol-3-one",Saccharin,"1,1-dioxo-1,2-benzothiazol-3-one; Saccharin",81-07-2,5143,CVHZOJJKTDOEJC-UHFFFAOYSA-N,C7H5NO3S,183.19,C1=CC=C2C(=C1)C(=O)NS2(=O)=O,confirmed_organic,organic_reagent,,TamadKala,Iranian online wholesale/lab shop,product_page_listed_not_current_stock_verified,https://tamadkala.com/product/5621/%D9%81%D8%B1%D9%88%D8%B4-%D8%B3%D8%A7%D8%AE%D8%A7%D8%B1%DB%8C%D9%86-2,فروش ساخارین 2,router_title_normalization,verified_catalogue,2026-08-23,c001c0c32c0eacc0ac9d004ad154fa45f8df9f783bdd3e0f50690fdfc40a71a3
octadecanoic acid,Stearic acid,octadecanoic acid; Stearic acid; stearic acid,57-11-4,5281,QIQXTHQIDYTFRH-UHFFFAOYSA-N,C18H36O2,284.5,CCCCCCCCCCCCCCCCCC(=O)O,confirmed_organic,organic_reagent,research,Fardad Shimi; TamadKala; Telegram: Ch_Chemical_leaders; Telegram: fanchem; Telegram: jahaneshimicom; Mojallali Group; ShimiMan; IR Chem / Pishgaman,Iranian online lab-chemical shop | Iranian online wholesale/lab shop | Iranian supplier Telegram catalogue,listed_not_current_stock_verified | product_page_listed_not_current_stock_verified,https://fardadshimi.com/product/6197450/,octadecanoic acid | استئاریک اسید 50 lab دکتر مجللی | ... | استئاریک اسید MERCK | فروش اسید استئاریک,existing skill export | router_title_normalization,verified_catalogue,2026-08-23,5992d669723d95d80c0a647d7e30bb26d62be7d1569d23ca99b2e18cb00f922f
"4-amino-N-(4,6-dimethylpyrimidin-2-yl)benzenesulfonamide",Sulfamethazine,"4-amino-N-(4,6-dimethylpyrimidin-2-yl)benzenesulfonamide; Sulfamethazine",57-68-1,5327,ASWVTGNCAZCNNR-UHFFFAOYSA-N,C12H14N4O2S,278.33,CC1=CC(=NC(=N1)NS(=O)(=O)C2=CC=C(C=C2)N)C,confirmed_organic,pharmaceutical_or_api,,TamadKala,Iranian online wholesale/lab shop,product_page_listed_not_current_stock_verified,https://tamadkala.com/product/7992/%D9%81%D8%B1%D9%88%D8%B4-%D8%B3%D9%88%D9%84%D9%81%D8%A7%D9%85%D8%AA%D8%A7%D8%B2%DB%8C%D9%86,فروش سولفامتازین,router_title_normalization,verified_catalogue,2026-08-23,a625722fccd2225ead2cb6c155aae3ebbfe3608b9a71fb442644e71ab7db15d3
4-amino-N-(6-methoxypyridazin-3-yl)benzenesulfonamide,Tricresyl Phosphate,4-amino-N-(6-methoxypyridazin-3-yl)benzenesulfonamide; Tricresyl Phosphate,80-35-3,5330,VLYWMPOKSSWJAL-UHFFFAOYSA-N,C11H12N4O3S,280.31,COC1=NN=C(C=C1)NS(=O)(=O)C2=CC=C(C=C2)N,confirmed_organic,organic_reagent,,TamadKala,Iranian online wholesale/lab shop,product_page_listed_not_current_stock_verified,https://tamadkala.com/product/153874/%D8%AA%D8%B1%DB%8C%D8%B3-%D8%A8%DB%8C%D8%B3-%D8%B3%DB%8C%DA%AF%D9%85%D8%A7-%DA%A9%D8%AF-648310-m,تریس بیس سیگما کد 648310 m,router_title_normalization,verified_catalogue,2026-08-23,212459f7a02d1a564707e13b140c155b886e4348194f76da5edb8c579da95194
4-aminobenzenesulfonamide,Sulfanilamide,4-aminobenzenesulfonamide; Sulfanilamide,63-74-1,5333,FDDDEECHVMSUSB-UHFFFAOYSA-N,C6H8N2O2S,172.21,C1=CC(=CC=C1N)S(=O)(=O)N,confirmed_organic,organic_reagent,research,Telegram: merckmillipore; Mojallali Group,Iranian supplier Telegram catalogue,listed_not_current_stock_verified,https://t.me/merckmillipore/3,4-aminobenzenesulfonamide,existing skill export,verified_catalogue,2026-08-23,0fefd45a07f563dfad6bb3800a399835ebf048b127c283b25df96a1c08626aeb
1-isothiocyanato-4-methylsulfinylbutane,Sulforaphane,,4478-93-7,5350,SUVMJBTUFCVSAD-UHFFFAOYSA-N,C6H11NOS2,177.3,CS(=O)CCCCN=C=S,confirmed_organic,secondary_metabolite_or_natural_product,,telegram:ChemIranSanat,Iranian supplier Telegram catalogue,listing_evidence_crawled_2026-08-24,https://t.me/ChemIranSanat/1165,,ai_normalised_listing+pubchem_confirmed,verified_telegram_listing,2018-01-16,dc8e9621fae97ea1c2933eeac19342a49ebf7c8128390192be402c119d28c9d3
"3,7-dimethylpurine-2,6-dione",Theobromine,"3,7-dimethylpurine-2,6-dione; Theobromine",,5429,YAPQBXQYLJRXSA-UHFFFAOYSA-N,C7H8N4O2,180.16,CN1C=NC2=C1C(=O)NC(=O)N2C,confirmed_organic,organic_reagent,research,Telegram: ChemIranSanat,Iranian supplier Telegram catalogue,listed_not_current_stock_verified,https://t.me/ChemIranSanat/998,"3,7-dimethylpurine-2,6-dione",existing skill export,verified_catalogue,2026-08-23,7528c63d9f9175eb7fbceeea525dd35ebc9ea9599d088f88ac3adfc4b33669a4
"5-chloro-2-(2,4-dichlorophenoxy)phenol",Triclosan,,3380-34-5,5564,XEFQLINVKFYRCS-UHFFFAOYSA-N,C12H7Cl3O2,289.5,C1=CC(=C(C=C1Cl)O)OC2=C(C=C(C=C2)Cl)Cl,confirmed_organic,cosmetic_raw_material,,telegram:ChemIranSanat,Iranian supplier Telegram catalogue,listing_evidence_crawled_2026-08-24,https://t.me/ChemIranSanat/1211,,ai_normalised_listing+pubchem_confirmed,verified_telegram_listing,2018-01-25,2cf5b3e21d639ec105ae8d8c8db1a3a5641c16901ddbf73887cca0aa5a21eb5f
"5-[(3,4,5-trimethoxyphenyl)methyl]pyrimidine-2,4-diamine","5-[(3,4,5-trimethoxyphenyl)methyl]pyrimidine-2,4-diamine",,738-70-5,5578,IEDVJHCEMCRBQM-UHFFFAOYSA-N,C14H18N4O3,290.32,COC1=CC(=CC(=C1OC)OC)CC2=CN=C(N=C2N)N,confirmed_organic,,,telegram:ATRmedShop,public Telegram (seller_research),product_page_listed_not_current_stock_verified,https://t.me/ATRmedShop/711,Trimethoprim | خرید تری متوپریم | قیمت تری متوپریم ‌‏⁧ ‌‌‏‌محصولات سیگما اصل را از ما بخواهید. 👇 واردات و فروش مواد شیمیایی سیگما 👇 ‌ ‌ ‌ ☎️ تلفن: ۰۲۱۶۶۳۶۱۵۴۳-۶۶۳۷۹۰۲۶-۰۲۱ ‌ 📱 موبایل: 09120549893 🌐 لینک محصول : https://atrmed.com/product/trimethoprim/?v=e067b3c6b979 #آثل_طب #مواد_ازمایشگاهی #مواد_شیمیایی #بیولوژی #بیولوژی_مولکولی #آنتی_بیوتیک #آنزیم #سیگماآلدریچ #مرک #تری_متوپریم,router_batch+pubchem,verified_telegram_listing,2026-08-25,87a9c7300c8fe8b0a00682fc76d85848baeed7d544fc5c7531aeab7317c82d2e
"2-[4-(2,4,4-trimethylpentan-2-yl)phenoxy]ethanol",Triton X 100,,,5590,JYCQQPHGFMYQCF-UHFFFAOYSA-N,C16H26O2,250.38,CC(C)(C)CC(C)(C)C1=CC=C(C=C1)OCCO,confirmed_organic,cosmetic_raw_material,,telegram:minatajhiz,Iranian supplier Telegram catalogue,listing_evidence_crawled_2026-08-24,https://t.me/minatajhiz/670,,ai_normalised_listing+pubchem_confirmed,verified_telegram_listing,2019-12-01,c7020dc4c551cc1122d6d353da3ab35c2271b2e8b4fa8a41f9504208bcd2a36b
"4,4,4-trifluoro-1-thiophen-2-ylbutane-1,3-dione",ttb,"4,4,4-trifluoro-1-thiophen-2-ylbutane-1,3-dione; ttb",,5601,TXBBUSUXYMIVOS-UHFFFAOYSA-N,C8H5F3O2S,222.19,C1=CSC(=C1)C(=O)CC(=O)C(F)(F)F,confirmed_organic,,,TamadKala,Iranian online wholesale/lab shop,product_page_listed_not_current_stock_verified,https://tamadkala.com/product/56521/محیط-کشت-تتراتیونات-براثttb-کیولب,محیط کشت تتراتیونات براثttb کیولب,structured_pubchem,verified_web_catalogue,2026-08-25,61cf0df133beeac48dac0e3782263ddce54c28bf82a817792c4f618c2f6a9a2f
1-[2-(dimethylamino)-1-(4-methoxyphenyl)ethyl]cyclohexan-1-ol,venlafaxine,1-[2-(dimethylamino)-1-(4-methoxyphenyl)ethyl]cyclohexan-1-ol; venlafaxine,,5656,PNVNVHUZROJLTJ-UHFFFAOYSA-N,C17H27NO2,277.4,CN(C)CC(C1=CC=C(C=C1)OC)C2(CCCCC2)O,confirmed_organic,pharmaceutical_or_api,,Rooz Darou,Iranian pharmaceutical product catalogue,product_page_listed_not_current_stock_verified,http://rouzdarou.com/products/%DA%A9%D9%BE%D8%B3%D9%88%D9%84-%D9%88%D9%86%D9%84%D8%A7%D9%81%D8%A7%DA%A9%D8%B3%DB%8C%D9%86-75,کپسول ونلافاکسین 75,PubChem name validation from supplier product title,verified_catalogue,2026-08-23,63f92358cc94940165ebeeec3387119b22ed8a07c56f9b73a7014a74c4e8a2fc
Guanidine Hydrochloride,Guanidine Hydrochloride,Guanidine Hydrochloride; guanidine;hydrochloride,50-01-1,5742,PJJJBBJSCAKJQF-UHFFFAOYSA-N,CH6ClN3,95.53,C(=N)(N)N.Cl,confirmed_organic,organic_reagent,research,telegram:labshop; telegram:ATRmedShop,telegram:labshop,telegram_listing_evidence,https://t.me/ATRmedShop/792,✅ Guanidine thiocyanate 5kg ✅ Guanidine hydrochloride 5kg ✅ Molecular Biology grade produced by 🇩🇪 🇩🇪 neofroxx company,structured_pubchem,verified_telegram_listing,2026-08-23,54cca633174bb5f510e9311f9ed04ae5fb6f708bd712fdac7f1ba9b3935b17c0
Hydrocortisone Acetate,Hydrocortisone Acetate,"Hydrocortisone Acetate; [2-[(8S,9S,10R,11S,13S,14S,17R)-11,17-dihydroxy-10,13-dimethyl-3-oxo-2,6,7,8,9,11,12,14,15,16-decahydro-1H-cyclopenta[a]phenanthren-17-yl]-2-oxoethyl] acetate",,5744,ALEXXDVDDISNDU-JZYPGELDSA-N,C23H32O6,404.5,CC(=O)OCC(=O)[C@]1(CC[C@@H]2[C@@]1(C[C@@H]([C@H]3[C@H]2CCC4=CC(=O)CC[C@]34C)O)C)O,confirmed_organic,pharmaceutical_or_api,,Temad,web_catalogue,listing_evidence_crawled_2026-08-23,https://www.temad.com/product/risperidone-2/,Hydrocortisone Acetate,pubchem_direct,verified_web_catalogue,2026-08-23,368e8c07c9805e4fc8e97b37ee01eca12422288cacdbd24a0d0f9cf0d7468448
"(8S,9S,10R,11S,13S,14S,17R)-11,17-dihydroxy-17-(2-hydroxyacetyl)-10,13-dimethyl-2,6,7,8,9,11,12,14,15,16-decahydro-1H-cyclopenta[a]phenanthren-3-one",clear aid,"(8S,9S,10R,11S,13S,14S,17R)-11,17-dihydroxy-17-(2-hydroxyacetyl)-10,13-dimethyl-2,6,7,8,9,11,12,14,15,16-decahydro-1H-cyclopenta[a]phenanthren-3-one; clear aid",,5754,JYGXADMDTFJGBT-VWUMJDOOSA-N,C21H30O5,362.5,CC12CCC(=O)C=C1CCC3C2C(CC4(C3CCC4(C(=O)CO)O)C)O,confirmed_organic,,,TamadKala,Iranian online wholesale/lab shop,product_page_listed_not_current_stock_verified,https://tamadkala.com/product/145621/محلول-شفاف-کننده-غلیظ-clear-aid,محلول شفاف کننده غلیظ clear aid,structured_pubchem,verified_web_catalogue,2026-08-25,64ed8391b8dbe9b67fe915952b0f79ab55553b89e851281e8cfb2ecdfb92bd35
"(8R,9S,13S,14S,16R,17R)-13-methyl-6,7,8,9,11,12,14,15,16,17-decahydrocyclopenta[a]phenanthrene-3,16,17-triol",Estriol,"(8R,9S,13S,14S,16R,17R)-13-methyl-6,7,8,9,11,12,14,15,16,17-decahydrocyclopenta[a]phenanthrene-3,16,17-triol; Estriol",50-27-1,5756,PROQIPRRNZUXQM-ZXXIGWHRSA-N,C18H24O3,288.4,C[C@]12CC[C@H]3[C@H]([C@@H]1C[C@H]([C@@H]2O)O)CCC4=C3C=CC(=C4)O,confirmed_organic,organic_reagent,research,Telegram: merckmillipore,Iranian supplier Telegram catalogue,listed_not_current_stock_verified,,"(8R,9S,13S,14S,16R,17R)-13-methyl-6,7,8,9,11,12,14,15,16,17-decahydrocyclopenta[a]phenanthrene-3,16,17-triol",existing skill export,verified_catalogue,2026-08-23,270cb83190b7d8e6126483826763dfb6416887257b9ce5cf7110392031dfa349
"(2R,3R,4R,5S)-hexane-1,2,3,4,5,6-hexol",Sorbitol,"(2R,3R,4R,5S)-hexane-1,2,3,4,5,6-hexol; Sorbitol",50-70-4,5780,FBPFZTCFMRRESA-JGWLITMVSA-N,C6H14O6,182.17,C([C@H]([C@H]([C@@H]([C@H](CO)O)O)O)O)O,confirmed_organic,organic_reagent,industrial,DigiShimi; Fardad Shimi; TamadKala; Telegram: IranChemicals; IR Chem / Pishgaman; telegram:ATRmedShop,Iranian online chemical shops | Iranian online lab-chemical shop | Iranian online wholesale/lab shop | Iranian supplier Telegram catalogue,listed_not_current_stock_verified | product_page_listed_not_current_stock_verified,https://digishimii.ir/Product/%d8%b3%d9%88%d8%b1%d8%a8%db%8c%d8%aa%d9%88%d9%84/,"(2R,3R,4R,5S)-hexane-1,2,3,4,5,6-hexol | سوربیتول | سوربیتول MERCK",existing skill export | router_title_normalization,verified_catalogue,2026-08-23,dc79233053c1fd9b8e4f4996593cfb0dfd2ea6e9cf9e787b747d22a30260789f
"1-[(2R,4S,5R)-4-hydroxy-5-(hydroxymethyl)oxolan-2-yl]-5-methylpyrimidine-2,4-dione","1-[(2R,4S,5R)-4-hydroxy-5-(hydroxymethyl)oxolan-2-yl]-5-methylpyrimidine-2,4-dione",,50-89-5,5789,IQFYYKKMVGJFEH-XLPZGREQSA-N,C10H14N2O5,242.23,CC1=CN(C(=O)NC1=O)C2CC(C(O2)CO)O,confirmed_organic,,,telegram:ATRmedShop,public Telegram (seller_research),product_page_listed_not_current_stock_verified,https://t.me/ATRmedShop/804,Thymidine | تیمیدین تیمیدین چیست تیمیدین به‌عنوان پیریمیدین دئوکسی نوکلئوزید نیز شناخته می‌شود. دئوکسی تیمیدین یک نوکلئوزید موجود در DNA است. در یک ساختار دو رشته‌ای DNA، تیمیدین با دئوکسی آدنوزین جفت می‌شود. Thymidine در سینکرونیزاسیون سلولی در... برای مشاهده ادامه مطلب، مشاهده قیمت آنلاین و خرید اینترنتی تیمیدین به لینک زیر مراجعه فرمایید: https://lnkd.in/ddJqGbdt #قیمت_تیمیدین #خریدتیمیدین #فروش_تیمیدین,router_batch+pubchem,verified_telegram_listing,2026-08-25,5f2347d239d5693e4dad360dc67a7601fafb04bf578e6d821d84ada51cad94ef
"(3R,4S,5S,6R)-6-(hydroxymethyl)oxane-2,3,4,5-tetrol",Glucose,"(3R,4S,5S,6R)-6-(hydroxymethyl)oxane-2,3,4,5-tetrol; Glucose",50-99-7,5793,WQZGKKKJIJFFOK-GASJEMHNSA-N,C6H12O6,180.16,C([C@@H]1[C@H]([C@@H]([C@H](C(O1)O)O)O)O)O,confirmed_organic,organic_reagent,,DigiShimi; Fardad Shimi; TamadKala; telegram:ATRmedShop,Iranian online chemical shops | Iranian online lab-chemical shop | Iranian online wholesale/lab shop,product_page_listed_not_current_stock_verified,https://digishimii.ir/Product/%d8%af%da%a9%d8%b3%d8%aa%d8%b1%d9%88%d8%b2/,دکستروز | دکستروز 1 آبه | ... | گلوکز | گلوکز ۱ آبه MERCK | ...,router_title_normalization,verified_catalogue,2026-08-23,72ab2606e95add52d8c8e4f2cf32cf9bf83a06487aa2fc16d25df7cc2f287fe5
Benzimidazole,Benzimidazole,,,5798,HYZJCKYKOHLVJF-UHFFFAOYSA-N,C7H6N2,118.14,C1=CC=C2C(=C1)NC=N2,confirmed_organic,organic_reagent,,minatajhiz,telegram,listing_evidence_crawled_2026-08-23,https://t.me/minatajhiz/225,فروش ماده شیمیایی بنزایمیدازول واردات جدید از کمپانی مرک کد محصول: 821956 پکیج: 100gr برای کسب اطلاعات بیشتر با ما در ارتباط باشید @minatajhiz_aria Tell:66900058,ai_resolved+pubchem,verified_telegram_listing,2026-08-23,264acbcab2647bd363b33e7a55e29db2cbc8f1fa28df862a1ebb8c7547f23950
(2R)-2-amino-3-sulfanylpropanoic acid,L-Cysteine,(2R)-2-amino-3-sulfanylpropanoic acid; L-Cysteine; L-(+)-Cysteine,52-90-4,5862,XUJNEKJLAYXESH-REOHCLBHSA-N,C3H7NO2S,121.16,C([C@@H](C(=O)O)N)S,confirmed_organic,organic_reagent,research,TamadKala; telegram:labshop,Iranian online wholesale/lab shop,product_page_listed_not_current_stock_verified,https://tamadkala.com/product/149104/%D8%A7%D9%84-%D8%B3%DB%8C%D8%B3%D8%AA%D8%A6%DB%8C%D9%86,ال سیستئین,router_title_normalization,verified_catalogue,2026-08-23,e36a5e2b98f11c9f080f9585cbdb6330bde2857d6b01a2cd074e5ec88370d9f0
"(3S,8R,9S,10R,13S,14S)-3-hydroxy-10,13-dimethyl-1,2,3,4,7,8,9,11,12,14,15,16-dodecahydrocyclopenta[a]phenanthren-17-one",and,"(3S,8R,9S,10R,13S,14S)-3-hydroxy-10,13-dimethyl-1,2,3,4,7,8,9,11,12,14,15,16-dodecahydrocyclopenta[a]phenanthren-17-one; and",,5881,FMGSKLZLMKYGDP-USOAJAOKSA-N,C19H28O2,288.4,CC12CCC3C(C1CCC2=O)CC=C4C3(CCC(C4)O)C,confirmed_organic,,,TamadKala,Iranian online wholesale/lab shop,product_page_listed_not_current_stock_verified,https://tamadkala.com/product/146731/ترازوی-آزمایشگاهی-and-برند-ژاپنی-تحت-لیس,ترازوی آزمایشگاهی and برند ژاپنی تحت لیس,structured_pubchem,verified_web_catalogue,2026-08-25,73f4f876aaf65100a6dc9d73f12d8c3b83c6ae592c486c4b17b8e5699bc097d2
"N,N-diethylnitrous amide",dana,"N,N-diethylnitrous amide; dana",,5921,WBNQDOYYEUMPFS-UHFFFAOYSA-N,C4H10N2O,102.14,CCN(CC)N=O,confirmed_organic,,,TamadKala,Iranian online wholesale/lab shop,product_page_listed_not_current_stock_verified,https://tamadkala.com/product/166403/الایزا-ریدر-دانا-مدل-dana-3200,الایزا ریدر دانا مدل dana 3200,structured_pubchem,verified_web_catalogue,2026-08-25,9d57858f25c511f8f16e00224f2abd5afe8be3d87cf44a4cef0a69e819d91109
tetrachloromethane,Carbon tetrachloride,tetrachloromethane; Carbon tetrachloride,56-23-5,5943,VZGDMQKNWNREIO-UHFFFAOYSA-N,CCl4,153.8,C(Cl)(Cl)(Cl)Cl,confirmed_organic,organic_reagent,,TamadKala,Iranian online wholesale/lab shop,product_page_listed_not_current_stock_verified,https://tamadkala.com/product/164265/%D8%AA%D8%AA%D8%B1%D8%A7-%DA%A9%D9%84%D8%B1%DB%8C%D8%AF-%DA%A9%D8%B1%D8%A8%D9%86-%DA%A9%D8%AF-319961-%D8%B3%DB%8C%DA%AF%D9%85%D8%A7,تترا کلرید کربن کد 319961 سیگما | تتراكلريد كربن قطران شیمی | ...,router_title_normalization,verified_catalogue,2026-08-23,8e4928bcd7e09c23e575710552b263552841877c6bb5c378ca002347bb1be7aa
(2S)-2-aminopropanoic acid,Alanine,(2S)-2-aminopropanoic acid; Alanine,56-41-7,5950,QNAYBMKLOCPYGJ-REOHCLBHSA-N,C3H7NO2,89.09,C[C@@H](C(=O)O)N,confirmed_organic,organic_reagent,research,TamadKala,Iranian online wholesale/lab shop,product_page_listed_not_current_stock_verified,https://tamadkala.com/product/17055/%D8%A7%D8%B3%DB%8C%D8%AF-%D8%A2%D9%85%DB%8C%D9%86%D9%87-%D8%A7%D9%84-%D8%A2%D9%84%D8%A7%D9%86%DB%8C%D9%86,آلانین | اسید آمینه ال آلانین | ال آلانین bioultra,router_title_normalization,verified_catalogue,2026-08-23,bd0088e2bc83c7710f438b12c840babe4ef12584787772afd1ad4a426fdd5a54
(2S)-2-amino-3-hydroxypropanoic acid,Serine,(2S)-2-amino-3-hydroxypropanoic acid; Serine,56-45-1,5951,MTCFGRXMJLQNBG-REOHCLBHSA-N,C3H7NO3,105.09,C([C@@H](C(=O)O)N)O,confirmed_organic,organic_reagent,research,TamadKala; telegram:ATRmedShop,Iranian online wholesale/lab shop,product_page_listed_not_current_stock_verified,https://tamadkala.com/product/16885/%D8%A7%D9%84-%D8%B3%D8%B1%DB%8C%D9%86-bioultra,ال سرین bioultra | سرین,router_title_normalization,verified_catalogue,2026-08-23,2bc9d52bba4df6454bf0a0a2d2d6603008865cf40571075aeed5127fd280518d
"2,2-dichloro-N-[(1R,2R)-1,3-dihydroxy-1-(4-nitrophenyl)propan-2-yl]acetamide","2,2-dichloro-N-[(1R,2R)-1,3-dihydroxy-1-(4-nitrophenyl)propan-2-yl]acetamide",,56-75-7,5959,WIIZWVCIJKGZOK-RKDXNWHRSA-N,C11H12Cl2N2O5,323.13,C1=CC(=CC=C1C(C(CO)NC(=O)C(Cl)Cl)O)[N+](=O)[O-],confirmed_organic,,,telegram:ATRmedShop,public Telegram (seller_research),product_page_listed_not_current_stock_verified,https://t.me/ATRmedShop/820,Chloramphenicol | کلرامفنیکل کلرامفنیکل یک آنتی‌بیوتیک مصنوعی است که از سویه‌های استرپتومایسس ونزوئلا جداشده است. این آنتی‌بیوتیک اغلب برای انتخاب باکتری در کاربردهای زیست‌شناسی مولکولی در غلظت 10-20 میکروگرم/میلی‌لیتر و به‌عنوان یک.... برای مشاهده ادامه مطلب، مشاهده قیمت آنلاین و خرید اینترنتی آدنین به لینک زیر مراجعه فرمایید: https://atrmed.com/product/chloramphenicol/ #کلرامفنیکل_آزمایشگاهی #قیمت_کلرامفنیکل #خریدکلرامفنیکل #فروش_کلرامفنیکل,router_batch+pubchem,verified_telegram_listing,2026-08-25,8e4c2ef8e2c032540a4c0621c5ba1dec12d1ef9833a17deeb9ebe71af86e208f
L-Aspartic Acid,L-Aspartic Acid,L-Aspartic Acid; (2S)-2-aminobutanedioic acid,56-84-8,5960,CKLJMWTZIZZHCS-REOHCLBHSA-N,C4H7NO4,133.10,C(C(C(=O)O)N)C(=O)O,confirmed_organic,organic_reagent,research,telegram:ChemIranSanat; telegram:ATRmedShop,telegram:ChemIranSanat,telegram_listing_evidence,https://t.me/ATRmedShop/324,014036 Exir L-Aspartic acid 100g 🔜 موجود و آماده تحویل ✅ شیمیران صنعت فقط اصلی ♾ موجودی و تنوع بی نظیر از برندهای معتبر 📦 ارسال رایگان 📱 سفارش کالا 👇 📱 0938 648 9001 ☎️ 77 88 18 08 🆔 @ChemIranAdmin 🆔 @ChemIran1,structured_pubchem,verified_telegram_listing,2026-08-23,443d5d3c95c7fbb09fc4719290a4ca55ec3598b1107690e8a4b99b3aaf51f319
"(2S)-2,5-diamino-5-oxopentanoic acid",L-Glutamine,"(2S)-2,5-diamino-5-oxopentanoic acid; L-Glutamine",56-85-9,5961,ZDXPYRJPNDTMRX-VKHMYHEASA-N,C5H10N2O3,146.14,C(CC(=O)N)[C@@H](C(=O)O)N,confirmed_organic,organic_reagent,research,TamadKala,Iranian online wholesale/lab shop,product_page_listed_not_current_stock_verified,https://tamadkala.com/product/16832/%D8%A2%D9%85%DB%8C%D9%86%D9%88-%D8%A7%D8%B3%DB%8C%D8%AF-%D9%85%D8%AD%D9%84%D9%88%D9%84-%D8%A7%D9%84-%DA%AF%D9%84%D9%88%D8%AA%D8%A7%D9%85%DB%8C%D9%86-g7513,آمینو اسید محلول ال گلوتامین g7513 | ال گلوتامین bioultra,router_title_normalization,verified_catalogue,2026-08-23,9c5deced71d19feec91808c380c23e686eded616df679845705c397d3be79500
"(2S)-2,6-diaminohexanoic acid",L-Lysine,"(2S)-2,6-diaminohexanoic acid; L-Lysine",56-87-1,5962,KDXKERNSBIXSRK-YFKPBYRVSA-N,C6H14N2O2,146.19,C(CCN)C[C@@H](C(=O)O)N,confirmed_organic,organic_reagent,,TamadKala,Iranian online wholesale/lab shop,product_page_listed_not_current_stock_verified,https://tamadkala.com/product/164568/%D8%A7%D9%84-%D9%84%D9%88%D8%B3%DB%8C%D9%86-%D8%A8%D8%B1%D9%86%D8%AF-dyc-%DA%86%DB%8C%D9%86,آمینو اسید ال لیزین مونوهیدرات l9037 | ال لوسین برند dyc چین | ال لیزین,router_title_normalization,verified_catalogue,2026-08-23,d007b5ab555ec3b45dba6a30108571696901556106686982efe3f21aa8512d9d
3-isothiocyanatoprop-1-ene,Allyl Isothiocyanate,3-isothiocyanatoprop-1-ene; Allyl Isothiocyanate; Allyl isothiocyanate,,5971,ZOJBYZNEUISWFT-UHFFFAOYSA-N,C4H5NS,99.16,C=CCN=C=S,confirmed_organic,organic_reagent,research,Telegram: minatajhiz,Iranian supplier Telegram catalogue,listed_not_current_stock_verified,https://t.me/minatajhiz/1020,3-isothiocyanatoprop-1-ene,existing skill export,verified_catalogue,2026-08-23,5e17347bf1aa2d17f5a8687152c3e99896130a833a65b5120c74e9e691818af7
hexadecyl(trimethyl)azanium bromide,hexadecyl(trimethyl)azanium bromide,,57-09-0,5974,LZZYPRNAOMGNLH-UHFFFAOYSA-M,C19H42BrN,364.4,CCCCCCCCCCCCCCCC[N+](C)(C)C.[Br-],confirmed_organic,,,telegram:ATRmedShop,public Telegram (seller_research),product_page_listed_not_current_stock_verified,https://t.me/ATRmedShop/636,CTAB | CTAB گرید بیولوژی مولکولی ‌‏⁧ ‌‌‏‌محصولات سیگما اصل را از ما بخواهید. 👇 واردات و فروش مواد شیمیایی سیگما 👇 ‌ ‌ ‌ ☎️ تلفن: ۰۲۱۶۶۳۶۱۵۴۳-۶۶۳۷۹۰۲۶-۰۲۱ ‌ 📱 موبایل: 09120549893 🌐 لینک محصول : https://atrmed.com/product/ctab/?v=e067b3c6b979 #آثل_طب #مواد_ازمایشگاهی #مواد_شیمیایی #بیولوژی #بیولوژی_مولکولی #آنتی_بیوتیک #آنزیم #اسید_آمینه,router_batch+pubchem,verified_telegram_listing,2026-08-25,d0a76e056fa769f43cc058c4bd6d9e0a14d597dace5cbb479205e1fd7cb3e637
"(2R,3R,4S,5S,6R)-2-[(2S,3S,4S,5R)-3,4-dihydroxy-2,5-bis(hydroxymethyl)oxolan-2-yl]oxy-6-(hydroxymethyl)oxane-3,4,5-triol",Sucrose,"(2R,3R,4S,5S,6R)-2-[(2S,3S,4S,5R)-3,4-dihydroxy-2,5-bis(hydroxymethyl)oxolan-2-yl]oxy-6-(hydroxymethyl)oxane-3,4,5-triol; Sucrose",57-50-1,5988,CZMRCDWAGMRECN-UGDNZRGBSA-N,C12H22O11,342.30,C([C@@H]1[C@H]([C@@H]([C@H]([C@H](O1)O[C@]2([C@H]([C@@H]([C@H](O2)CO)O)O)CO)O)O)O)O,confirmed_organic,organic_reagent,industrial,DigiShimi; Fardad Shimi; TamadKala; Telegram: jahaneshimicom; Mojallali Group,Iranian online chemical shops | Iranian online lab-chemical shop | Iranian online wholesale/lab shop | Iranian supplier Telegram catalogue,listed_not_current_stock_verified | product_page_listed_not_current_stock_verified,https://digishimii.ir/Product/%d8%b3%d8%a7%da%a9%d8%a7%d8%b1%d9%88%d8%b2/,"(2R,3R,4S,5S,6R)-2-[(2S,3S,4S,5R)-3,4-dihydroxy-2,5-bis(hydroxymethyl)oxolan-2-yl]oxy-6-(hydroxymethyl)oxane-3,4,5-triol | ساکارز MERCK | ساکارز برند dyc چین | ... | ساکارز نوترون | ساکاروز | ساکاروز قطران شیمی",existing skill export | router_title_normalization,verified_catalogue,2026-08-23,80152302710694f01d17943835b27048cabcb500b6f943d529fb6bc18259a795
"(3S,8S,9S,10R,13R,14S,17R)-10,13-dimethyl-17-[(2R)-6-methylheptan-2-yl]-2,3,4,7,8,9,11,12,14,15,16,17-dodecahydro-1H-cyclopenta[a]phenanthren-3-ol",Cholesterol,"(3S,8S,9S,10R,13R,14S,17R)-10,13-dimethyl-17-[(2R)-6-methylheptan-2-yl]-2,3,4,7,8,9,11,12,14,15,16,17-dodecahydro-1H-cyclopenta[a]phenanthren-3-ol; Cholesterol",57-88-5,5997,HVYWMOMLDIMFJA-DPAQBDIFSA-N,C27H46O,386.7,C[C@H](CCCC(C)C)[C@H]1CC[C@@H]2[C@@]1(CC[C@H]3[C@H]2CC=C4[C@@]3(CC[C@@H](C4)O)C)C,confirmed_organic,organic_reagent,,TamadKala,Iranian online wholesale/lab shop,product_page_listed_not_current_stock_verified,https://tamadkala.com/product/146369/%DA%A9%D9%84%D8%B3%D8%AA%D8%B1%D9%88%D9%84-%D8%B3%DB%8C%DA%AF%D9%85%D8%A7-c8503,کلسترول سیگما c8503 | کلسترول سیگما کد c3045,router_title_normalization,verified_catalogue,2026-08-23,9f33e8198a72d77a68179d7a9274e11f1524f1cec7e5df578d9f4be2cee49e14
"7,12-dimethylbenzo[a]anthracene","7,12-Dimethylbenz(a)anthracene",,57-97-6,6001,ARSRBNBHOADGJU-UHFFFAOYSA-N,C20H16,256.3,CC1=C2C=CC3=CC=CC=C3C2=C(C4=CC=CC=C14)C,confirmed_organic,organic_reagent,,telegram:ChemIranSanat,Iranian supplier Telegram catalogue,listing_evidence_crawled_2026-08-24,https://t.me/ChemIranSanat/1714,,ai_normalised_listing+pubchem_confirmed,verified_telegram_listing,2019-06-01,1ef5d1b9ab901c59da09fb372229ecfe4042f2f7c29e030065af6ef975b0e62a
"(8R,9S,10R,13S,14S,17S)-17-hydroxy-10,13-dimethyl-1,2,6,7,8,9,11,12,14,15,16,17-dodecahydrocyclopenta[a]phenanthren-3-one",Testosterone,,58-22-0,6013,MUMGGOZAMZWBJJ-DYKIIFRCSA-N,C19H28O2,288.4,C[C@]12CC[C@H]3[C@H]([C@@H]1CC[C@@H]2O)CCC4=CC(=O)CC[C@]34C,confirmed_organic,pharmaceutical_or_api,,telegram:minatajhiz,Iranian supplier Telegram catalogue,listing_evidence_crawled_2026-08-24,https://t.me/minatajhiz/396,,ai_normalised_listing+pubchem_confirmed,verified_telegram_listing,2018-05-29,475ee3cb657dd490fefc41315d2532b29e7799f8aa52c1579d1e7628df3d1be4
2-[2-[bis(carboxymethyl)amino]ethyl-(carboxymethyl)amino]acetic acid,EDTA,2-[2-[bis(carboxymethyl)amino]ethyl-(carboxymethyl)amino]acetic acid; EDTA; edta; Ethylenediaminetetraacetic Acid; titriplex ii,60-00-4,6049,KCXVZYZYPLLWCC-UHFFFAOYSA-N,C10H16N2O8,292.24,C(CN(CC(=O)O)CC(=O)O)N(CC(=O)O)CC(=O)O,confirmed_organic,organic_reagent,research,DigiShimi; Fardad Shimi; TamadKala; Telegram: IranChemicals; Isatis Shimi; Mojallali Group; ShimiMan; IR Chem / Pishgaman; telegram:minatajhiz,Iranian online chemical shops | Iranian online lab-chemical shop | Iranian online wholesale/lab shop | Iranian supplier Telegram catalogue,listed_not_current_stock_verified | product_page_listed_not_current_stock_verified,https://digishimii.ir/Product/%d8%a7%d8%af%d8%aa%d8%a7/,2-[2-[bis(carboxymethyl)amino]ethyl-(carboxymethyl)amino]acetic acid | ا د ت آ (EDTA) ۱ کیلویی دکتر مجللی | ا د ت آ extra pure دکتر مجللی | ... | ادتا | ای دی تی آ edta قطران شیمی | ... | تیترانت edta دکتر مجللی | ...,existing skill export | router_title_normalization,verified_catalogue,2026-08-23,95d36593213075157516b561cbf9561c224082b22a8f6346739b56494c40bdda
"N,N-dimethyl-4-phenyldiazenylaniline",Dimethyl yellow,"N,N-dimethyl-4-phenyldiazenylaniline; Dimethyl yellow",60-11-7,6053,JCYPECIVGRXBMO-UHFFFAOYSA-N,C14H15N3,225.29,CN(C)C1=CC=C(C=C1)N=NC2=CC=CC=C2,confirmed_organic,colorant_or_indicator,,Fardad Shimi,Iranian online lab-chemical shop,product_page_listed_not_current_stock_verified,,دی متیل یلو مرک MERCK,router_title_normalization,verified_catalogue,2026-08-23,845eb9e4a6e3324480d3482102c853c2d98d829a2cb7faf123250062c978fdf4
(2S)-2-amino-3-(4-hydroxyphenyl)propanoic acid,L-Tyrosine,(2S)-2-amino-3-(4-hydroxyphenyl)propanoic acid; L-Tyrosine,,6057,OUYCCCASQSFEME-QMMMGPOBSA-N,C9H11NO3,181.19,C1=CC(=CC=C1C[C@@H](C(=O)O)N)O,confirmed_organic,organic_reagent,research,Fardad Shimi; TamadKala,Iranian online lab-chemical shop | Iranian online wholesale/lab shop,product_page_listed_not_current_stock_verified,https://tamadkala.com/product/16908/%D8%A2%D9%85%DB%8C%D9%86%D9%88-%D8%A7%D8%B3%DB%8C%D8%AF-%D8%A7%D9%84-%D8%AA%DB%8C%D8%B1%D9%88%D8%B2%DB%8C%D9%86,آمینو اسید ال تیروزین | آمینو اسید ال تیروزین bioultra | ال تیروزین MERCK | ...,router_title_normalization,verified_catalogue,2026-08-23,2f9560273a1d798c8b4687e26c93d44577fd7b85e22ee1664a3e986a270ef715
Methylene Blue,Methylene blue,Methylene Blue; Methylene blue; [7-(dimethylamino)phenothiazin-3-ylidene]-dimethylazanium chloride; methylene blue,61-73-4,6099,CXKWCBBOMKCUKX-UHFFFAOYSA-M,C16H18ClN3S,319.9,CN(C)C1=CC2=C(C=C1)N=C3C=CC(=[N+](C)C)C=C3S2.[Cl-],confirmed_organic,colorant_or_indicator,,Mojallali Group; TamadKala; ShimiMan; telegram:ATRmedShop,web_catalogue,listing_evidence_crawled_2026-08-23,https://drm-chem.com/en/product/methylene-blue-en/,Methylene blue,pubchem_direct,verified_web_catalogue,2026-08-23,2135ace8bba2530dc0d8f9bd24c96887d9c4e6ef8b84db56a2982e01ff659ed4
4-methylbenzenesulfonic acid,p-Toluenesulfonic acid,4-methylbenzenesulfonic acid; p-Toluenesulfonic acid,104-15-4,6101,JOXIMZWYDAKGHI-UHFFFAOYSA-N,C7H8O3S,172.20,CC1=CC=C(C=C1)S(=O)(=O)O,confirmed_organic,organic_reagent,,Fardad Shimi,Iranian online lab-chemical shop,product_page_listed_not_current_stock_verified,,پارا تولوئن ۴ سولفونیک اسید ۱ آبه MERCK | ...,router_title_normalization,verified_catalogue,2026-08-23,c9c8b56f848eb96bb77491e3afb5e678aaa335a7958048f2ee19f7f430c7a067
(2S)-2-amino-4-methylpentanoic acid,L-Leucine,(2S)-2-amino-4-methylpentanoic acid; L-Leucine,61-90-5,6106,ROHFNLRQFUQHCH-YFKPBYRVSA-N,C6H13NO2,131.17,CC(C)C[C@@H](C(=O)O)N,confirmed_organic,organic_reagent,research,TamadKala; telegram:ATRmedShop,Iranian online wholesale/lab shop,product_page_listed_not_current_stock_verified,https://tamadkala.com/product/17068/%D8%A7%D9%84-%D9%84%D9%88%D8%B3%DB%8C%D9%86-l8912,ال لوسین l8912 | ال لوسین61819 bioultra,router_title_normalization,verified_catalogue,2026-08-23,6e9db4908ba1efa33a5a14bfc2924ed7bf71e61cc1dfe3f5bc8aef05a7e35e90
4-Nitrobenzoic Acid,4-Nitrobenzoic acid,,,6108,OTLNPYWUJOZPPA-UHFFFAOYSA-N,C7H5NO4,167.12,C1=CC(=CC=C1C(=O)O)[N+](=O)[O-],confirmed_organic,organic_reagent,,minatajhiz,telegram,listing_evidence_crawled_2026-08-23,https://t.me/minatajhiz/109,4-نیترو بنزوئیک اسید 99% مرک فروش و واردات انواع مواد شیمیایی آزمایشکاهی از معتبرترین کمپانی های دنیا,ai_resolved+pubchem,verified_telegram_listing,2026-08-23,7c7eadb7e8b62bb6fdfa44a641e907dd674ae6a59d12486b04a02297679aa65f
aniline,Aniline,aniline; Aniline,62-53-3,6115,PAYRUJLWNCNPSJ-UHFFFAOYSA-N,C6H7N,93.13,C1=CC=C(C=C1)N,confirmed_organic,organic_reagent,,telegram:IranChemicals; telegram:ATRmedShop; telegram:ChemIranSanat,Iranian supplier Telegram catalogue,listing_evidence_crawled_2026-08-24,https://t.me/Iranchemicals/26636,Aniline | آنیلین برای سنتز ‌‏⁧ ‌‌‏‌محصولات مرک اصل را از ما بخواهید. 👇 واردات و فروش مواد شیمیایی سیگما و مرک 👇 ‌ ‌ ‌ ☎️ تلفن: ۰۲۱۶۶۳۶۱۵۴۳-۶۶۳۷۹۰۲۶-۰۲۱ ‌ 📱 موبایل: 09120549893 🌐 لینک محصول : https://atrmed.com/product/aniline/?v=e067b3c6b979 #آثل_طب #مواد_ازمایشگاهی #مواد_شیمیایی #بیولوژی #بیولوژی_مولکولی #آنتی_بیوتیک #آنیلین #سنتز,ai_normalised_listing+pubchem_confirmed,verified_telegram_listing,2024-04-09,9012f5e402f486a86a211c157213795c24c3f436afc14fa3df5c5d0145ca4652
calcium diacetate,Calcium acetate,calcium diacetate; Calcium acetate,,6116,VSGNNIFQASZAOI-UHFFFAOYSA-L,C4H6CaO4,158.17,CC(=O)[O-].CC(=O)[O-].[Ca+2],confirmed_organic,organic_reagent,,Fardad Shimi,Iranian online lab-chemical shop,product_page_listed_not_current_stock_verified,,استات کلسیم ۱ آبه MERCK | ...,router_title_normalization,verified_catalogue,2026-08-23,8847cde159ced81dc213236fa0f6df1f3975f134a2dd1243f5ac78b33ac976b3
Sodium Oxalate,Disodium oxalate,Sodium Oxalate; Disodium oxalate; disodium;oxalate,62-76-0,6125,ZNCPFRVNHGOPAG-UHFFFAOYSA-L,C2Na2O4,134.00,C(=O)(C(=O)[O-])[O-].[Na+].[Na+],confirmed_organic,organic_reagent,,Mojallali Group,web_catalogue,listing_evidence_crawled_2026-08-23,https://drm-chem.com/en/product/di-sodium-oxalate-laboratory-en/,Di-Sodium oxalate,ai_resolved+pubchem,verified_web_catalogue,2026-08-23,0d64038a50572f9f61faf94bd5567395a3ac0dd90ab9eb85c9618410525fc7f5
"(2R,3R,4S,5R,6S)-2-(hydroxymethyl)-6-[(2R,3S,4R,5R,6R)-4,5,6-trihydroxy-2-(hydroxymethyl)oxan-3-yl]oxyoxane-3,4,5-triol",Lactose,"(2R,3R,4S,5R,6S)-2-(hydroxymethyl)-6-[(2R,3S,4R,5R,6R)-4,5,6-trihydroxy-2-(hydroxymethyl)oxan-3-yl]oxyoxane-3,4,5-triol; Lactose",63-42-3,6134,GUBGYTABKSRVRQ-DCSYEGIMSA-N,C12H22O11,342.30,C([C@@H]1[C@@H]([C@@H]([C@H]([C@@H](O1)O[C@@H]2[C@H](O[C@H]([C@@H]([C@H]2O)O)O)CO)O)O)O)O,confirmed_organic,organic_reagent,research,TamadKala,Iranian online wholesale/lab shop,product_page_listed_not_current_stock_verified,https://tamadkala.com/product/99056/%D9%84%D8%A7%DA%A9%D8%AA%D9%88%D8%B2-extra-pure-%D9%86%D9%88%D8%AA%D8%B1%D9%88%D9%86,لاکتوز extra pure نوترون,router_title_normalization,verified_catalogue,2026-08-23,aae84e2d3434a80df3030b5658d6820b989415c56875d669f03d7bfc8b43d6f0
(2S)-2-amino-3-phenylpropanoic acid,L-Phenylalanine,(2S)-2-amino-3-phenylpropanoic acid; L-Phenylalanine,63-91-2,6140,COLNVLDHVKWLRT-QMMMGPOBSA-N,C9H11NO2,165.19,C1=CC=C(C=C1)C[C@@H](C(=O)O)N,confirmed_organic,organic_reagent,research,TamadKala,Iranian online wholesale/lab shop,product_page_listed_not_current_stock_verified,https://tamadkala.com/product/17323/%D8%A7%D9%84-%D9%81%D9%86%DB%8C%D9%84-%D8%A2%D9%84%D8%A7%D9%86%DB%8C%D9%86-p5482,ال فنیل آلانین bioultra | ال فنیل آلانین p5482,router_title_normalization,verified_catalogue,2026-08-23,5e85e727068ae36e7ba6d90ca936e089bdd98ce52d1dc4aac2ba6a11a71fcbfe
"N-[(7S)-1,2,3,10-tetramethoxy-9-oxo-6,7-dihydro-5H-benzo[a]heptalen-7-yl]acetamide",Colchicine,,64-86-8,6167,IAKHMKGGTNLKSZ-INIZCTEOSA-N,C22H25NO6,399.4,CC(=O)N[C@H]1CCC2=CC(=C(C(=C2C3=CC=C(C(=O)C=C13)OC)OC)OC)OC,confirmed_organic,secondary_metabolite_or_natural_product,,telegram:labshop,Iranian supplier Telegram catalogue,listing_evidence_crawled_2026-08-24,https://t.me/labshop/9,,ai_normalised_listing+pubchem_confirmed,verified_telegram_listing,2016-03-06,e569a02d9942d125444e5cf0da9ac0251887238e12d70e348e350cb5e47f4b3f
"4-[(2R)-2-[(1S,3S,5S)-3,5-dimethyl-2-oxocyclohexyl]-2-hydroxyethyl]piperidine-2,6-dione","4-[(2R)-2-[(1S,3S,5S)-3,5-dimethyl-2-oxocyclohexyl]-2-hydroxyethyl]piperidine-2,6-dione",,66-81-9,6197,YPHMISFOHDHNIV-FSZOTQKASA-N,C15H23NO4,281.35,CC1CC(C(=O)C(C1)C(CC2CC(=O)NC(=O)C2)O)C,confirmed_organic,,,telegram:ATRmedShop,public Telegram (seller_research),product_page_listed_not_current_stock_verified,https://t.me/ATRmedShop/810,Cycloheximide | سیکلوهگزیمید سیکلوهگزیمید یک آنتی‌بیوتیک گلوتاریمید است که از باکتری استرپتومایسس گریزئوس S. griseus به دست می‌آید. سیکلوهگزامید سنتز پروتئین یوکاریوتی، اما نه پروکاریوتی را مهار می‌کند. این مهار انتخابی آن را در... برای مشاهده ادامه مطلب، مشاهده قیمت آنلاین و خرید اینترنتی سیکلوهگزیمید به لینک زیر مراجعه فرمایید: https://atrmed.com/product/cycloheximide/ #سیکلوهگزامیدچیست #کاربردسیکلوهگزیمید #نقش_سیکلوهگزامیددرمحیط_کشت #قارچ_مقاوم_به_سیکلوهگزامید #قیمت_سیکلوهگزیمید #خریدسیکلوهگز,router_batch+pubchem,verified_telegram_listing,2026-08-25,ef46cabc82b7385f3840357cdbb1285acbc4d0e7907a08ebe5321f9f1a47b986
Thiamine Hydrochloride,Thiamine hydrochloride,"Thiamine Hydrochloride; Thiamine hydrochloride; 2-[3-[(4-amino-2-methylpyrimidin-5-yl)methyl]-4-methyl-1,3-thiazol-3-ium-5-yl]ethanol;chloride;hydrochloride; Thiamine HCL (vitamin B1)",,6202,DPJRMOMPQZCRJU-UHFFFAOYSA-M,C12H18Cl2N4OS,337.3,CC1=C(SC=[N+]1CC2=CN=C(N=C2N)C)CCO.Cl.[Cl-],confirmed_organic,pharmaceutical_or_api,,Temad,web_catalogue,listing_evidence_crawled_2026-08-23,https://www.temad.com/product/12/,Thiamine HCL (vitamin B1) Veterinary,ai_resolved+pubchem,verified_web_catalogue,2026-08-23,282aeabd26ba42f7fdc89bc09c756cf63c400671f015667ea1dd7e90c1159e6f
choline chloride,choline chloride,choline chloride; 2-hydroxyethyl(trimethyl)azanium chloride,67-48-1,6209,SGMZJAMFUVOLNK-UHFFFAOYSA-M,C5H14ClNO,139.62,C[N+](C)(C)CCO.[Cl-],confirmed_organic,organic_reagent,research,telegram:ChemIranSanat; telegram:jahaneshimicom; IR Chem / Pishgaman,telegram:ChemIranSanat; jahaneshimicom,telegram_listing_evidence,https://t.me/ChemIranSanat/1283,کولین کلراید,alias+pubchem,verified_telegram_listing,2026-08-23,87b8baa0239598aca0d614cf4cbe287f0ff5b319f6d302d0aa67ea3fe69e8f1c
chloroform,chloroform,chloroform,67-66-3,6212,HEDRZPFGACZZDS-UHFFFAOYSA-N,CHCl3,119.37,C(Cl)(Cl)Cl,confirmed_organic,organic_reagent,research,Fardad Shimi; TamadKala; Telegram: ChemIranSanat; Telegram: minatajhiz; Mojallali Group; ShimiMan; IR Chem / Pishgaman,Iranian online lab-chemical shop | Iranian online wholesale/lab shop | Iranian supplier Telegram catalogue,listed_not_current_stock_verified | product_page_listed_not_current_stock_verified,https://fardadshimi.com/product/6199224/,chloroform | كلروفرم قطران شیمی | ... | کلرفرم acs دکتر مجللی | ... | کلرفرم laboratory دکتر مجللی | ... | کلروفرم دکتر مجللی,existing skill export | router_title_normalization,verified_catalogue,2026-08-23,00581fcdac89a12b2434d1a87c6d72362f89725476ddcb4b9e28e24b28d6b675
"trisodium;2-hydroxypropane-1,2,3-tricarboxylate",Trisodium citrate,"trisodium;2-hydroxypropane-1,2,3-tricarboxylate; Trisodium citrate",68-04-2,6224,HRXKRNGNAMMEHJ-UHFFFAOYSA-K,C6H5Na3O7,258.07,C(C(=O)[O-])C(CC(=O)[O-])(C(=O)[O-])O.[Na+].[Na+].[Na+],confirmed_organic,organic_reagent,research,Isatis Shimi; TamadKala,Iranian online chemical shops | Iranian online wholesale/lab shop,product_page_listed_not_current_stock_verified,https://isatisshimi.com/en/product/trisodium-citrate/,Trisodium Citrate | تری سدیم سیترات | تری سدیم سیترات 2 آبه laboratory دکتر مجللی | ...,router_title_normalization,verified_catalogue,2026-08-23,19a81205b3ce171b6e03f622fe6f39a54d45845c0194375c4ddd122a5ea9229d
2-bromoacetic acid,Bromoacetic Acid,,79-08-3,6227,KDPAWGWELVVRCH-UHFFFAOYSA-N,C2H3BrO2,138.95,C(C(=O)O)Br,confirmed_organic,organic_reagent,,telegram:ChemIranSanat,Iranian supplier Telegram catalogue,listing_evidence_crawled_2026-08-24,https://t.me/ChemIranSanat/1452,,ai_normalised_listing+pubchem_confirmed,verified_telegram_listing,2018-05-14,a617b98fc2e882d29bdf4536557ae60aef02d72f732448bfb25523aeccdbd99f
"N,N-dimethylformamide",Dimethylformamide,"N,N-dimethylformamide; Dimethylformamide; dimethylformamide",68-12-2,6228,ZMXDDKWLCZADIW-UHFFFAOYSA-N,C3H7NO,73.09,CN(C)C=O,confirmed_organic,organic_reagent,research,Fardad Shimi; TamadKala; Telegram: IranChemicals; Mojallali Group; ShimiMan; IR Chem / Pishgaman,Iranian online lab-chemical shop | Iranian online wholesale/lab shop | Iranian supplier Telegram catalogue,listed_not_current_stock_verified | product_page_listed_not_current_stock_verified,https://fardadshimi.com/product/6199366/,"N,N-dimethylformamide | دی متیل فرمامید dry نوترون | ... | دی متیل فرمامید extra pure دکتر مجللی | دی متیل فرمامید extra pure دکتر مجللی 2 | ... | دی متیل فرمامید gc دکتر مجللی | دی متیل فرمامید gc نوترون | ... | دی متیل فرمامید hplc نوترون | دی متیل فرمامید دکتر مجللی | دی متیل",existing skill export | router_title_normalization,verified_catalogue,2026-08-23,581a8b0f1cfb4054f8e08c3af44bcda1cfc054fab8f67f8d87a046f6de8e0a21
"(2R,3R,4R,5R)-hexane-1,2,3,4,5,6-hexol","(2R,3R,4R,5R)-hexane-1,2,3,4,5,6-hexol",,69-65-8,6251,FBPFZTCFMRRESA-KVTDHHQDSA-N,C6H14O6,182.17,C(C(C(C(C(CO)O)O)O)O)O,confirmed_organic,,,telegram:ATRmedShop,public Telegram (seller_research),product_page_listed_not_current_stock_verified,https://t.me/ATRmedShop/678,D-mannitol | D-مانیتول گرید میکروبیولوژی ‌‏⁧ ‌‌‏‌محصولات سیگما اصل را از ما بخواهید. 👇 واردات و فروش مواد شیمیایی سیگما 👇 ‌ ‌ ‌ ☎️ تلفن: ۰۲۱۶۶۳۶۱۵۴۳-۶۶۳۷۹۰۲۶-۰۲۱ ‌ 📱 موبایل: 09120549893 🌐 لینک محصول : https://atrmed.com/product/d-mannitol/?v=e067b3c6b979 #آثل_طب #مواد_ازمایشگاهی #مواد_شیمیایی #بیولوژی #بیولوژی_مولکولی #آنتی_بیوتیک #آنزیم #سیگماآلدریچ #مرک,router_batch+pubchem,verified_telegram_listing,2026-08-25,1b834f13f6e452b587fc33cb68a172204f92d6a9aab5e6b801e5504e32f5a2ad
5-[(3-carboxy-4-nitrophenyl)disulfanyl]-2-nitrobenzoic acid,5-[(3-carboxy-4-nitrophenyl)disulfanyl]-2-nitrobenzoic acid,,69-78-3,6254,KIUMMUBSPKGMOY-UHFFFAOYSA-N,C14H8N2O8S2,396.4,C1=CC(=C(C=C1SSC2=CC(=C(C=C2)[N+](=O)[O-])C(=O)O)C(=O)O)[N+](=O)[O-],confirmed_organic,,,telegram:ATRmedShop,public Telegram (seller_research),product_page_listed_not_current_stock_verified,https://t.me/ATRmedShop/805,"5,5'-Dithiobis(2-nitrobenzoic acid) | 5،5'-دیتیوبیس (2-نیتروبنزوئیک اسید) توضیحات کلی 5،5'-دیتیوبیس (2-نیتروبنزوئیک اسید) همچنین DTNB یا معرف المان Ellman نیز نامیده می‌شود. DTNB یک معرف محلول در آب است که با گروه‌های تیول اینتراکشن دارد و می‌تواند به‌راحتی در pH خنثی استفاده شود. آنیون تیولات با... برای مشاهده ادامه مطلب، مشاهده قیمت آنلاین و خرید اینترنتی DTNB یا معرف المان Ellman به لینک زیر مراجعه فرمایید: https://lnkd.in/dAJWmDVA #DTNB #معرف_المان #معرف_Ellman #قیمتDTNB #خریدDTNB #فروشDTNB",router_batch+pubchem,verified_telegram_listing,2026-08-25,9e03d2ea82514317894d2e7793686348cc16e6c2444cdc709bf6a066ab64c06b
"(2S)-2,4-diamino-4-oxobutanoic acid","(2S)-2,4-diamino-4-oxobutanoic acid","(2S)-2,4-diamino-4-oxobutanoic acid",70-47-3,6267,DCXYFEDJOCDNAF-REOHCLBHSA-N,C4H8N2O3,132.12,C(C(C(=O)O)N)C(=O)N,confirmed_organic,,,telegram:ATRmedShop,public Telegram (seller_research),product_page_listed_not_current_stock_verified,https://t.me/ATRmedShop/643,L-asparagine | اسیدآمینه ال-آسپاراژین گرید کشت سلول ‌‏⁧ ‌‌‏‌محصولات سیگما اصل را از ما بخواهید. 👇 واردات و فروش مواد شیمیایی سیگما 👇 ‌ ‌ ‌ ☎️ تلفن: ۰۲۱۶۶۳۶۱۵۴۳-۶۶۳۷۹۰۲۶-۰۲۱ ‌ 📱 موبایل: 09120549893 🌐 لینک محصول : https://atrmed.com/product/l-asparagine-2/?v=e067b3c6b979 #آثل_طب #مواد_ازمایشگاهی #مواد_شیمیایی #بیولوژی #بیولوژی_مولکولی #آنتی_بیوتیک #آنزیم #اسیدآمینه_ال_آسپاراژین_گرید_کشت_سلول,router_batch+pubchem,verified_telegram_listing,2026-08-25,6d5fa811d3a2ec341388e1bb7218305cb37bf5b4b1219934c7d030a89444a477
(2S)-2-amino-3-(1H-imidazol-5-yl)propanoic acid,L-Histidine,(2S)-2-amino-3-(1H-imidazol-5-yl)propanoic acid; L-Histidine,71-00-1,6274,HNDVDQJCIGZPNO-YFKPBYRVSA-N,C6H9N3O2,155.15,C1=C(NC=N1)C[C@@H](C(=O)O)N,confirmed_organic,organic_reagent,,TamadKala; telegram:ATRmedShop,Iranian online wholesale/lab shop,product_page_listed_not_current_stock_verified,https://tamadkala.com/product/16853/%D8%A7%D8%B3%DB%8C%D8%AF-%D8%A2%D9%85%DB%8C%D9%86%D9%87-%D8%A7%D9%84-%D9%87%DB%8C%D8%B3%D8%AA%DB%8C%D8%AF%DB%8C%D9%86,اسید آمینه ال هیستیدین,router_title_normalization,verified_catalogue,2026-08-23,b150ef8dc2e8fcb21fc8a4949dca47680784d288177793f5cec44c2b31b1f40f
pentan-1-ol,1-Pentanol,pentan-1-ol; 1-Pentanol; amyl alcohol,71-41-0,6276,AMQJEAYHLZJPGS-UHFFFAOYSA-N,C5H12O,88.15,CCCCCO,confirmed_organic,organic_reagent,research,Telegram: ChemIranSanat; Telegram: minatajhiz; TamadKala,Iranian supplier Telegram catalogue,listed_not_current_stock_verified,https://t.me/ChemIranSanat/367,amyl alcohol,existing skill export,verified_catalogue,2026-08-23,6aca1a1601269aa1cd4940f59b9008e4ad0480808f2395e3f0968ffe48ecd9bf
cobalt(2+) diacetate,Cobalt(II) acetate,cobalt(2+) diacetate; Cobalt(II) acetate,13493-47-5,6277,QAHREYKOYSIQPH-UHFFFAOYSA-L,C4H6CoO4,177.02,CC(=O)[O-].CC(=O)[O-].[Co+2],confirmed_organic,organic_reagent,,Fardad Shimi,Iranian online lab-chemical shop,product_page_listed_not_current_stock_verified,,کبالت ۲ استات ۴ آبه MERCK | ...,router_title_normalization,verified_catalogue,2026-08-23,e917dbc58d12b2b0f807f3c2628eba695a9cb87e203ed332cac34a222d0a87a3
(2S)-2-amino-3-methylbutanoic acid,L-Valine,(2S)-2-amino-3-methylbutanoic acid; L-Valine,72-18-4,6287,KZSNJWFQEVHDMF-BYPYZUCNSA-N,C5H11NO2,117.15,CC(C)[C@@H](C(=O)O)N,confirmed_organic,organic_reagent,research,TamadKala; telegram:ATRmedShop,Iranian online wholesale/lab shop,product_page_listed_not_current_stock_verified,https://tamadkala.com/product/17310/%D8%A7%D9%84-%D9%88%D8%A7%D9%84%DB%8C%D9%86,ال والین | ال والین bioultra 94619,router_title_normalization,verified_catalogue,2026-08-23,8c9fd9539b4b096f5b3691c35eae9950a1f20ab594aa5cb075ac239411a73a11
L-Valine,L-Valine,"L-Valine; (2S,3R)-2-amino-3-hydroxybutanoic acid",72-19-5,6288,AYFVYJQAPQTCCC-GBXIJSLDSA-N,C4H9NO3,119.12,C[C@H]([C@@H](C(=O)O)N)O,confirmed_organic,supplement_active,,TamadKala; telegram:ATRmedShop,Iranian supplier catalogue,listing_evidence_crawled_2026-08-24,https://tamadkala.com/product/164592/%D8%A7%D9%84-%D9%88%D8%A7%D9%84%DB%8C%D9%86-%D8%A8%D8%B1%D9%86%D8%AF-%D9%84%D9%88%D8%A8%D8%A7-%D9%87%D9%86%D8%AF,L-Threonine | اسیدآمینه ال-ترئونین گرید کشت سلول ‌‏⁧ ‌‌‏‌محصولات سیگما اصل را از ما بخواهید. 👇 واردات و فروش مواد شیمیایی سیگما 👇 ‌ ‌ ‌ ☎️ تلفن: ۰۲۱۶۶۳۶۱۵۴۳-۶۶۳۷۹۰۲۶-۰۲۱ ‌ 📱 موبایل: 09120549893 🌐 لینک محصول : https://atrmed.com/product/l-threonine/?v=e067b3c6b979 #آثل_طب #مواد_ازمایشگاهی #مواد_شیمیایی #بیولوژی #بیولوژی_مولکولی #آنتی_بیوتیک #آنزیم #بیولوژی_مولکولی #اسیدآمینه_ال_ترئونین_گرید_کشت_سلول #کشت_سلول,ai_normalised_listing+pubchem_confirmed,verified_catalogue,2026-08-24,bf03289278e80be8347e61a4236b893988f8254239872b83cfdd6f4dc8532d45
"tetrasodium;5-amino-3-[[4-[4-[(8-amino-1-hydroxy-3,6-disulfonatonaphthalen-2-yl)diazenyl]-3-methylphenyl]-2-methylphenyl]diazenyl]-4-hydroxynaphthalene-2,7-disulfonate","tetrasodium;5-amino-3-[[4-[4-[(8-amino-1-hydroxy-3,6-disulfonatonaphthalen-2-yl)diazenyl]-3-methylphenyl]-2-methylphenyl]diazenyl]-4-hydroxynaphthalene-2,7-disulfonate",,72-57-1,6296,GLNADSQYFUSGOU-UHFFFAOYSA-J,C34H24N6Na4O14S4,960.8,CC1=C(C=CC(=C1)C2=CC(=C(C=C2)N=NC3=C(C4=C(C=C(C=C4C=C3S(=O)(=O)[O-])S(=O)(=O)[O-])N)O)C)N=NC5=C(C6=C(C=C(C=C6C=C5S(=O)(=O)[O-])S(=O)(=O)[O-])N)O.[Na+].[Na+].[Na+].[Na+],confirmed_organic,,,telegram:ATRmedShop,public Telegram (seller_research),product_page_listed_not_current_stock_verified,https://t.me/ATRmedShop/544,Trypan blue | تریپان بلوTrypan Blue ‌‏⁧ ‌‌‏‌محصولات سیگما اصل را از ما بخواهید. 👇 واردات و فروش مواد شیمیایی سیگما و مرک 👇 ‌ ‌ ‌ ☎️ تلفن: ۰۲۱۶۶۳۶۱۵۴۳-۶۶۳۷۹۰۲۶-۰۲۱ ‌ 📱 موبایل: 09120549893 🌐 لینک محصول : https://atrmed.com/product/trypan-blue/ #آثل_طب #مواد_ازمایشگاهی #مواد_شیمیایی #بیولوژی #بیولوژی_مولکولی #تریپان_بلو,router_batch+pubchem,verified_telegram_listing,2026-08-25,55ba93a429e9486c6df1c00fe9ae8bc534c8839bf0aed76625a0a99e3f70e881
(2S)-2-amino-3-(1H-indol-3-yl)propanoic acid,Tryptophan,(2S)-2-amino-3-(1H-indol-3-yl)propanoic acid; Tryptophan,73-22-3,6305,QIVBCDIJIAJPQS-VIFPVBQESA-N,C11H12N2O2,204.22,C1=CC=C2C(=C1)C(=CN2)C[C@@H](C(=O)O)N,confirmed_organic,organic_reagent,research,TamadKala,Iranian online wholesale/lab shop,product_page_listed_not_current_stock_verified,https://tamadkala.com/product/17051/%D8%A2%D9%85%DB%8C%D9%86%D9%88-%D8%A7%D8%B3%DB%8C%D8%AF-%D8%A7%D9%84-%D8%AA%D8%B1%DB%8C%D9%BE%D8%AA%D9%88%D9%81%D8%A7%D9%86-bioultra,آمینو اسید ال تریپتوفان bioultra | تریپتوفان,router_title_normalization,verified_catalogue,2026-08-23,8e6f1960571cc5de2e50db6c0fbbba1fed151aa24cb4712f0f1ffd284eda478c
"(2S,3S)-2-amino-3-methylpentanoic acid",Isoleucine,"(2S,3S)-2-amino-3-methylpentanoic acid; Isoleucine",73-32-5,6306,AGPKZVBTJJNPAG-WHFBIAKZSA-N,C6H13NO2,131.17,CC[C@H](C)[C@@H](C(=O)O)N,confirmed_organic,organic_reagent,research,TamadKala; telegram:ATRmedShop,Iranian online wholesale/lab shop,product_page_listed_not_current_stock_verified,https://tamadkala.com/product/17062/%D8%A7%DB%8C%D8%B2%D9%88%D9%84%D9%88%D8%B3%DB%8C%D9%86,آمینو اسید ال ایزولوسین bioultra | ایزولوسین,router_title_normalization,verified_catalogue,2026-08-23,d6488422989f1b60edc98d2e27b117a8278a09d73961acb80439c8827e44b535
4-chlorobenzoic acid,4-Chlorobenzoic Acid,4-chlorobenzoic acid; 4-Chlorobenzoic Acid,,6318,XRHGYUZYPHTUJZ-UHFFFAOYSA-N,C7H5ClO2,156.56,C1=CC(=CC=C1C(=O)O)Cl,confirmed_organic,organic_reagent,research,Telegram: minatajhiz,Iranian supplier Telegram catalogue,listed_not_current_stock_verified,https://t.me/minatajhiz/1033,4-chlorobenzoic acid,existing skill export,verified_catalogue,2026-08-23,3d7fe1c478144e53e634913b4c057a6c3d681b38d8d24ff91de58da3d8028993
(2S)-2-amino-5-(diaminomethylideneamino)pentanoic acid,L-Arginine,(2S)-2-amino-5-(diaminomethylideneamino)pentanoic acid; L-Arginine,74-79-3,6322,ODKSFYDXXFIFQN-BYPYZUCNSA-N,C6H14N4O2,174.20,C(C[C@@H](C(=O)O)N)CN=C(N)N,confirmed_organic,organic_reagent,,Rooz Darou; TamadKala,Iranian online wholesale/lab shop | Iranian pharmaceutical product catalogue,product_page_listed_not_current_stock_verified,https://tamadkala.com/product/16656/%D8%A7%D9%84-%D8%A2%D8%B1%DA%98%D9%86%DB%8C%D9%86,ال آرژنین | قرص ال-آرژنین 1000mg رزاویت,router_title_normalization,verified_catalogue,2026-08-23,3aeb0b62b78487b94164dd54a139eba96e9b84d216bc455c40f8cecfbb6225e8
ethene,Ethylene,,,6325,VGGSQFUCUMXWEO-UHFFFAOYSA-N,C2H4,28.05,C=C,confirmed_organic,organic_reagent,,telegram:minatajhiz,Iranian supplier Telegram catalogue,listing_evidence_crawled_2026-08-24,https://t.me/minatajhiz/92,,ai_normalised_listing+pubchem_confirmed,verified_telegram_listing,2017-09-13,0407243cedb19d51233eb0b16f36090b313f8ee613a217473b88aa6d6c8617b9
acetylene,Acetylene,acetylene; Acetylene,74-86-2,6326,HSFWRNGVRCDJHI-UHFFFAOYSA-N,C2H2,26.04,C#C,confirmed_organic,organic_reagent,industrial,Telegram: chemgroup,Iranian supplier Telegram catalogue,listed_not_current_stock_verified,,acetylene,existing skill export,verified_catalogue,2026-08-23,a3679822cbb22b90a8261e3537f8e3edbc20733cebf624e9672d65527a07d771
chloromethane,Methyl Chloride,chloromethane; Methyl Chloride,74-87-3,6327,NEHMKBQYUWJMIP-UHFFFAOYSA-N,CH3Cl,50.49,CCl,confirmed_organic,organic_reagent,industrial,Telegram: IranChemicals,Iranian supplier Telegram catalogue,listed_not_current_stock_verified,,chloromethane,existing skill export,verified_catalogue,2026-08-23,7758746626b8094d6d5d58d855e3264dd8cf4479a7dddb3f255780cf51c7d253
iodomethane,Methyl iodide,,,6328,INQOMBQAUSQDDS-UHFFFAOYSA-N,CH3I,141.939,CI,confirmed_organic,organic_reagent,,telegram:minatajhiz,Iranian supplier Telegram catalogue,listing_evidence_crawled_2026-08-24,https://t.me/minatajhiz/44,,ai_normalised_listing+pubchem_confirmed,verified_telegram_listing,2017-02-16,bb1109f28efd258a55378fe6f5be8da51a14c7a832bd569f6910c5c91146956b
bromoethane,Ethyl Bromide,bromoethane; Ethyl Bromide,74-96-4,6332,RDHPKYGYEGBMSE-UHFFFAOYSA-N,C2H5Br,108.97,CCBr,confirmed_organic,organic_reagent,industrial,Telegram: jahaneshimicom,Iranian supplier Telegram catalogue,listed_not_current_stock_verified,,bromoethane,existing skill export,verified_catalogue,2026-08-23,8e120b631471ee30a4e8f211904e018cbd2409275ae4541e8e0004c57a23a952
acetonitrile,Acetonitrile,acetonitrile; Acetonitrile,75-05-8,6342,WEVYAHXRMPXWCK-UHFFFAOYSA-N,C2H3N,41.05,CC#N,confirmed_organic,organic_reagent,research,Fardad Shimi; TamadKala; Telegram: ChemIranSanat; Telegram: chemgroup; Mojallali Group; ShimiMan; telegram:minatajhiz,Iranian online lab-chemical shop | Iranian online wholesale/lab shop | Iranian supplier Telegram catalogue,listed_not_current_stock_verified | product_page_listed_not_current_stock_verified,https://fardadshimi.com/product/6199143/,acetonitrile | استونیتریل | استونیتریل acs دکتر مجللی | استونیتریل gc دکتر مجللی | استونیتریل gradient hplc دکتر مجللی | استونیتریل isocratic hplc دکتر مجللی | استونیتریل uv spectroscopy دکتر مجللی | استونیتریل امرتات شیمی isocratic grade | استونیتریل امرتات شیمی preparative chro,existing skill export | router_title_normalization,verified_catalogue,2026-08-23,e001e42b189c4d4e2edaa1ad373a17272b44601927a9f74e5078bf2d5198f911
dichloromethane,Dichloromethane,dichloromethane; Dichloromethane,75-09-2,6344,YMWUJEATGCHHMB-UHFFFAOYSA-N,CH2Cl2,84.93,C(Cl)Cl,confirmed_organic,organic_reagent,research,Fardad Shimi; TamadKala; Telegram: ChemIranSanat; Mojallali Group; ShimiMan,Iranian online lab-chemical shop | Iranian online wholesale/lab shop | Iranian supplier Telegram catalogue,listed_not_current_stock_verified | product_page_listed_not_current_stock_verified,https://fardadshimi.com/product/6199226/,dichloromethane | دی کلرو متان | دی کلرومتان extra pure دکتر مجللی 2 | ... | دی کلرومتان extra pure دکتر مجللی | ... | دی کلرومتان laboratory دکتر مجللی | ... | دی کلرومتان دکتر مجللی | دی کلرومتان قطران شیمی | ...,existing skill export | router_title_normalization,verified_catalogue,2026-08-23,0d96a116002e6e5308e97d781adfdcb9dafe889fc18d1ffd9023790157caca54
diiodomethane,Diiodomethane,diiodomethane; Diiodomethane,75-11-6,6346,NZZFYRREKKOMAT-UHFFFAOYSA-N,CH2I2,267.835,C(I)I,confirmed_organic,organic_reagent,,TamadKala,Iranian online wholesale/lab shop,product_page_listed_not_current_stock_verified,https://tamadkala.com/product/42012/%D8%AF%DB%8C%D9%88%D8%AF%D9%88-%D9%85%D8%AA%D8%A7%D9%86,دیودو متان,router_title_normalization,verified_catalogue,2026-08-23,8ee9dda38746f207787695a44297bc22f33b2aea1ecf5b0d12a70da98abb9157
magnesium;carbanide;bromide,Methyl magnesium bromide,,,6349,NXPHGHWWQRMDIA-UHFFFAOYSA-M,CH3BrMg,119.24,[CH3-].[Mg+2].[Br-],confirmed_organic,organic_reagent,,telegram:minatajhiz,Iranian supplier Telegram catalogue,listing_evidence_crawled_2026-08-24,https://t.me/minatajhiz/332,,ai_normalised_listing+pubchem_confirmed,verified_telegram_listing,2018-03-26,f8346cea7aae68b33c9e1a705e93985a2dc10bc48739adda56200cbd86877e44
oxirane,Ethylene oxide,oxirane; Ethylene oxide,75-21-8,6354,IAYPIBMASNFSPL-UHFFFAOYSA-N,C2H4O,44.05,C1CO1,confirmed_organic,organic_reagent,,TamadKala,Iranian online wholesale/lab shop,product_page_listed_not_current_stock_verified,https://tamadkala.com/product/1500/%D9%81%D8%B1%D9%88%D8%B4-%D8%A7%D8%AA%DB%8C%D9%84%D9%86-%D8%A7%DA%A9%D8%B3%DB%8C%D8%AF,فروش اتیلن اکسید,router_title_normalization,verified_catalogue,2026-08-23,b26eaa758be8ceae864cdc827176474e290017d0f56d7aea7d31142cebf9d274
2-methylpropane,Isobutane,2-methylpropane; Isobutane,,6360,NNPPMTNAJDCUHE-UHFFFAOYSA-N,C4H10,58.12,CC(C)C,confirmed_organic,organic_reagent,research,TamadKala,Iranian online wholesale/lab shop,product_page_listed_not_current_stock_verified,https://tamadkala.com/product/92861/%D8%A7%DB%8C%D8%B2%D9%88%D8%A7%DA%A9%D8%AA%D8%A7%D9%86-extra-pure-%D9%86%D9%88%D8%AA%D8%B1%D9%88%D9%86,ایزواکتان dry نوترون | ایزواکتان extra pure نوترون | ایزواکتان gc نوترون | ایزواکتان hplc نوترون,router_title_normalization,verified_catalogue,2026-08-23,690e1c3f44a696e2b04525058a85ca4bc2623d2d6ef29807259e7d2112dff4cd
propan-2-amine,Isopropylamine,propan-2-amine; Isopropylamine,,6363,JJWLVOIRVHMVIS-UHFFFAOYSA-N,C3H9N,59.11,CC(C)N,confirmed_organic,organic_reagent,,TamadKala,Iranian online wholesale/lab shop,product_page_listed_not_current_stock_verified,,فروش ایزو پروپیل آمین | ...,router_title_normalization,verified_catalogue,2026-08-23,2f987ebebd767f9f44f233b6d6a6d71e1424dd4592fb0b1c9198df4731b6f868
2-methyloxirane,Propylene Oxide,2-methyloxirane; Propylene Oxide; Propylene oxide,75-56-9,6378,GOOHAUXETOMSMM-UHFFFAOYSA-N,C3H6O,58.08,CC1CO1,confirmed_organic,organic_reagent,research,Telegram: minatajhiz,Iranian supplier Telegram catalogue,listed_not_current_stock_verified,https://t.me/minatajhiz/1037,2-methyloxirane,existing skill export,verified_catalogue,2026-08-23,b67f4ee2954668e4ee774bf9bb78b99533e21f255afa262fda9f222e1b30b723
2-methylpropan-2-ol,Tert-Butanol,2-methylpropan-2-ol; Tert-Butanol,75-65-0,6386,DKGAVHZHDRPRBM-UHFFFAOYSA-N,C4H10O,74.12,CC(C)(C)O,confirmed_organic,organic_reagent,,TamadKala,Iranian online wholesale/lab shop,product_page_listed_not_current_stock_verified,https://tamadkala.com/product/164915/%D8%AA%D8%B1%D8%AA-%D8%A8%D9%88%D8%AA%D8%A7%D9%86%D9%88%D9%84-%D8%A8%D8%B1%D9%86%D8%AF-%D9%84%D9%88%D8%A8%D8%A7-%D9%87%D9%86%D8%AF,ترت بوتانول برند لوبا هند,router_title_normalization,verified_catalogue,2026-08-23,bc770ef4d8afd6f5245fe8ac318c8b290e1ac74dc8df5561871561d526636ae2
chloro(trimethyl)silane,Chlorotrimethylsilane,chloro(trimethyl)silane; Chlorotrimethylsilane,75-77-4,6397,IJOOHPMOJXWVHK-UHFFFAOYSA-N,C3H9ClSi,108.64,C[Si](C)(C)Cl,confirmed_organic,organic_reagent,research,Telegram: minatajhiz,Iranian supplier Telegram catalogue,listed_not_current_stock_verified,https://t.me/minatajhiz/1068,chloro(trimethyl)silane,existing skill export,verified_catalogue,2026-08-23,a277c86e66173f2e4f6219e0f12fdb8c6b3b2f14d35612b2fa07cdd3a1ee8131
"2,2,2-trichloroacetic acid",Trichloroacetic acid,"2,2,2-trichloroacetic acid; Trichloroacetic acid",76-03-9,6421,YNJBWRMUSHSURL-UHFFFAOYSA-N,C2HCl3O2,163.38,C(=O)(C(Cl)(Cl)Cl)O,confirmed_organic,organic_reagent,research,Fardad Shimi; TamadKala; Mojallali Group,Iranian online lab-chemical shop | Iranian online wholesale/lab shop,product_page_listed_not_current_stock_verified,https://tamadkala.com/product/9037/%D8%AA%D8%B1%DB%8C-%DA%A9%D9%84%D8%B1%D9%88%D8%A7%D8%B3%D8%AA%DB%8C%DA%A9-%D8%A7%D8%B3%DB%8C%D8%AF,تری کلرو استیک اسید MERCK | ... | تری کلرو استیک اسید extra pure نوترون | تری کلرواستیک اسید,router_title_normalization,verified_catalogue,2026-08-23,2f4c41e1ed735e21801c4b653e3472c5848b29f7884b5e0e4ffbcb21639a5c9d
"2,2,2-trifluoroacetic acid",Trifluoroacetic acid,"2,2,2-trifluoroacetic acid; Trifluoroacetic acid",76-05-1,6422,DTQVDTLACAAQTR-UHFFFAOYSA-N,C2HF3O2,114.02,C(=O)(C(F)(F)F)O,confirmed_organic,organic_reagent,research,TamadKala,Iranian online wholesale/lab shop,product_page_listed_not_current_stock_verified,,تری فلورو استیک اسید extra pure نوترون | ...,router_title_normalization,verified_catalogue,2026-08-23,4920548590cd58705350518284281f29372e648d98f97184404c9997c25c5af4
Triamcinolone Acetonide,Triamcinolone Acetonide,"Triamcinolone Acetonide; (1S,2S,4R,8S,9S,11S,12R,13S)-12-fluoro-11-hydroxy-8-(2-hydroxyacetyl)-6,6,9,13-tetramethyl-5,7-dioxapentacyclo[10.8.0.02,9.04,8.013,18]icosa-14,17-dien-16-one",,6436,YNDXUCZADRHECN-JNQJZLCISA-N,C24H31FO6,434.5,C[C@]12C[C@@H]([C@]3([C@H]([C@@H]1C[C@@H]4[C@]2(OC(O4)(C)C)C(=O)CO)CCC5=CC(=O)C=C[C@@]53C)F)O,confirmed_organic,pharmaceutical_or_api,,Temad,web_catalogue,listing_evidence_crawled_2026-08-23,https://www.temad.com/product/opium-powder-2/,Triamcinolone Acetonide,pubchem_direct,verified_web_catalogue,2026-08-23,8a0bf9845f16c87989c00035736d78ff1c98e2c6163fcb9f4a2479d3b513f526
"2-bromo-4-[3-(3-bromo-4-hydroxy-2-methyl-5-propan-2-ylphenyl)-1,1-dioxo-2,1lambda6-benzoxathiol-3-yl]-3-methyl-6-propan-2-ylphenol",Bromothymol blue,"2-bromo-4-[3-(3-bromo-4-hydroxy-2-methyl-5-propan-2-ylphenyl)-1,1-dioxo-2,1lambda6-benzoxathiol-3-yl]-3-methyl-6-propan-2-ylphenol; Bromothymol blue",76-59-5,6450,NUHCTOLBWMJMLX-UHFFFAOYSA-N,C27H28Br2O5S,624.4,CC1=C(C=C(C(=C1Br)O)C(C)C)C2(C3=CC=CC=C3S(=O)(=O)O2)C4=C(C(=C(C(=C4)C(C)C)O)Br)C,confirmed_organic,colorant_or_indicator,research,TamadKala; Mojallali Group; ShimiMan,Iranian online research/chemical shop | Iranian online wholesale/lab shop,product_page_listed_not_current_stock_verified,https://tamadkala.com/product/23488/%D8%A8%D8%B1%D9%85%D9%88%D8%AA%DB%8C%D9%85%D9%88%D9%84-%D8%A8%D9%84%D9%88-acs-%D8%AF%DA%A9%D8%AA%D8%B1-%D9%85%D8%AC%D9%84%D9%84%DB%8C,برموتیمول بلو ACS دکتر مجللی | برموتیمول بلو acs دکتر مجللی | معرف برمو تيمول بلو محلول قطران شیمی | معرف برومو تیمول بلو قطران شیمی,explicit_category_supplement | router_title_normalization,verified_catalogue,2026-08-23,0835deb15b5d8bdd06d6126d58134eebda1dd4ceb3cf8cc56f358d1f6015f8e3
"2,6-dibromo-4-[3-(3,5-dibromo-4-hydroxy-2-methylphenyl)-1,1-dioxo-2,1lambda6-benzoxathiol-3-yl]-3-methylphenol","2,6-dibromo-4-[3-(3,5-dibromo-4-hydroxy-2-methylphenyl)-1,1-dioxo-2,1lambda6-benzoxathiol-3-yl]-3-methylphenol","2,6-dibromo-4-[3-(3,5-dibromo-4-hydroxy-2-methylphenyl)-1,1-dioxo-2,1lambda6-benzoxathiol-3-yl]-3-methylphenol",76-60-8,6451,FRPHFZCDPYBUAU-UHFFFAOYSA-N,C21H14Br4O5S,698.0,CC1=C(C(=C(C=C1C2(C3=CC=CC=C3S(=O)(=O)O2)C4=CC(=C(C(=C4C)Br)O)Br)Br)O)Br,confirmed_organic,,,Mojallali Group; telegram:ATRmedShop,Iranian WooCommerce catalogue,product_page_listed_not_current_stock_verified,https://drm-chem.com/en/product/bromocresol-green-en/,Bromocresol Green,cas_pubchem,verified_web_catalogue,2026-08-25,62381b804f0ebcdc93199e463165f7700da4a794abc58ea1bac4fd6968849377
"(1R,2R,5S,8S,9S,10R,11S,12S)-5,12-dihydroxy-11-methyl-6-methylidene-16-oxo-15-oxapentacyclo[9.3.2.15,8.01,10.02,8]heptadec-13-ene-9-carboxylic acid",gibberellic acid,"(1R,2R,5S,8S,9S,10R,11S,12S)-5,12-dihydroxy-11-methyl-6-methylidene-16-oxo-15-oxapentacyclo[9.3.2.15,8.01,10.02,8]heptadec-13-ene-9-carboxylic acid; gibberellic acid",50-15-7,6466,IXORZMNAPKEEDV-OBDJNFEBSA-N,C19H22O6,346.4,C[C@@]12[C@H](C=C[C@@]3([C@@H]1[C@@H]([C@]45[C@H]3CC[C@](C4)(C(=C)C5)O)C(=O)O)OC2=O)O,confirmed_organic,organic_reagent,,TamadKala,Iranian online wholesale/lab shop,product_page_listed_not_current_stock_verified,,جیبرلیک اسید برند dyc چین | ...,router_title_normalization,verified_catalogue,2026-08-23,552c5d7d5ce3e3254af20b17a6279df564ca6465e9d99529a0236f1326f17221
"(3-hydroxy-2,2,4-trimethylpentyl) 2-methylpropanoate",Texanol,"(3-hydroxy-2,2,4-trimethylpentyl) 2-methylpropanoate; Texanol",,6490,DAFHKNAQFPVRKR-UHFFFAOYSA-N,C12H24O3,216.32,CC(C)C(C(C)(C)COC(=O)C(C)C)O,confirmed_organic,organic_reagent,industrial,Telegram: Maran_Tejarat_Eshen,Iranian supplier Telegram catalogue,listed_not_current_stock_verified,https://t.me/Maran_Tejarat_Eshen/650,"(3-hydroxy-2,2,4-trimethylpentyl) 2-methylpropanoate",existing skill export,verified_catalogue,2026-08-23,026aae513da81c3a9ee452bfa99bf1de591874b94bb8b975e15d2f5e3b2f41b7
"2-amino-2-(hydroxymethyl)propane-1,3-diol",Tris base,"2-amino-2-(hydroxymethyl)propane-1,3-diol; Tris base; tris buffer; Tris(hydroxymethyl)aminomethane",77-86-1,6503,LENZDBCJOHFCAS-UHFFFAOYSA-N,C4H11NO3,121.14,C(C(CO)(CO)N)O,confirmed_organic,organic_reagent,research,Fardad Shimi; TamadKala; Telegram: ChemIranSanat; telegram:ChemIranSanat; Isatis Shimi; Mojallali Group; ShimiMan; telegram:ATRmedShop; telegram:Ch_Chemical_leaders,Iranian online lab-chemical shop | Iranian online wholesale/lab shop | Iranian supplier Telegram catalogue | telegram:ChemIranSanat,listed_not_current_stock_verified | product_page_listed_not_current_stock_verified,https://t.me/ChemIranSanat/1725,"2-amino-2-(hydroxymethyl)propane-1,3-diol | اسید تارتاریک ۱ کیلویی دکتر مجللی | ... | تریس بیس extra pure نوترون",existing skill export | router_title_normalization | cid_reverified_pubchem_2026-08-24 | alias+pubchem,verified_catalogue | verified_telegram_listing,2026-08-23,d11bbd17321d5d941dfa927b28f2b8524333fe7098f75924cd64b31627f22cc9
"triethyl 2-hydroxypropane-1,2,3-tricarboxylate",Triethyl citrate,"triethyl 2-hydroxypropane-1,2,3-tricarboxylate; Triethyl citrate",,6506,DOOTYTYQINUNNV-UHFFFAOYSA-N,C12H20O7,276.28,CCOC(=O)CC(CC(=O)OCC)(C(=O)OCC)O,confirmed_organic,organic_reagent,,TamadKala,Iranian online wholesale/lab shop,product_page_listed_not_current_stock_verified,https://tamadkala.com/product/16225/%D8%AA%D8%B1%DB%8C-%D8%A7%D8%AA%DB%8C%D9%84-%D8%B3%DB%8C%D8%AA%D8%B1%D8%A7%D8%AA,تری اتیل سیترات | تری اتیل سیترات صنعتی | ...,router_title_normalization,verified_catalogue,2026-08-23,3546cc8cc19006a1e7269b7b1223f6c6f88fcbca092a516110e1591a8c3d5a2c
3-sulfanylpropanoic acid,3-Mercaptopropionic Acid,3-sulfanylpropanoic acid; 3-Mercaptopropionic Acid; Mercaptopropionic acid,,6514,DKIDEFUBRARXTE-UHFFFAOYSA-N,C3H6O2S,106.15,C(CS)C(=O)O,confirmed_organic,organic_reagent,research,Telegram: minatajhiz,Iranian supplier Telegram catalogue,listed_not_current_stock_verified,https://t.me/minatajhiz/1092,3-sulfanylpropanoic acid,existing skill export,verified_catalogue,2026-08-23,9255aa6e4c2ce76b048b12cf3983c2e0ae66b9e077b64ef8d12dda310cbfd60d
tetraethoxysilane,tetraethoxysilane,tetraethoxysilane; tetraethyl silicate,78-10-4,6517,BOTDANWDWHJENH-UHFFFAOYSA-N,C8H20O4Si,208.33,CCO[Si](OCC)(OCC)OCC,confirmed_organic,organic_reagent,research,telegram:minatajhiz,telegram:minatajhiz,telegram_listing_evidence,https://t.me/minatajhiz/682,Tetraethyl orthosilicate Furmola:C8H20O4Si Molar mass:208.33 Cas number:78-10-4 Merck @minatajhiz,cas_anchor+pubchem,verified_telegram_listing,2026-08-23,d71a2b9d03dddddbcf8c7ea2e00b960c4dedcdfab5dd31ca0daef4f35b62cdf7
triethyl phosphate,Triethyl Phosphate,,78-40-0,6535,DQWPFSLDHJDLRL-UHFFFAOYSA-N,C6H15O4P,182.15,CCOP(=O)(OCC)OCC,confirmed_organic,organic_reagent,,telegram:minatajhiz,Iranian supplier Telegram catalogue,listing_evidence_crawled_2026-08-24,https://t.me/minatajhiz/186,,ai_normalised_listing+pubchem_confirmed,verified_telegram_listing,2017-11-08,a5cbf881314e66536b6f394f29fd95c491e43615437ab29cf86c5fcc07f397af
2-(2-cyanopropan-2-yldiazenyl)-2-methylpropanenitrile,Azobisisobutyronitrile,2-(2-cyanopropan-2-yldiazenyl)-2-methylpropanenitrile; Azobisisobutyronitrile,78-67-1,6547,OZAIFHULBGXAKX-UHFFFAOYSA-N,C8H12N4,164.21,CC(C)(C#N)N=NC(C)(C)C#N,confirmed_organic,organic_reagent,,TamadKala,Iranian online wholesale/lab shop,product_page_listed_not_current_stock_verified,https://tamadkala.com/product/19589/%CE%B1%CE%B1-azoisobutyronitrile,αα azoisobutyronitrile,router_title_normalization,verified_catalogue,2026-08-23,f2b31511d93813b4d13d4398a42e747359e05870cdf576a3eb9edd3614144b96
2-methylpropan-1-ol,Isobutanol,2-methylpropan-1-ol; Isobutanol,78-83-1,6560,ZXEKIIBDNHEJCQ-UHFFFAOYSA-N,C4H10O,74.12,CC(C)CO,confirmed_organic,organic_reagent,research,TamadKala; Mojallali Group,Iranian online wholesale/lab shop,product_page_listed_not_current_stock_verified,https://tamadkala.com/product/168025/%D8%A7%DB%8C%D8%B2%D9%88%D8%A8%D9%88%D8%AA%D8%A7%D9%86%D9%88%D9%84-lab-%D8%AF%DA%A9%D8%AA%D8%B1-%D9%85%D8%AC%D9%84%D9%84%DB%8C,ایزوبوتانول lab دکتر مجللی,router_title_normalization,verified_catalogue,2026-08-23,bc877327a763692f520438d153724e09d30ab2ba68f748a0db07f5232f9b466e
butan-2-ol,2-Butanol,butan-2-ol; 2-Butanol,78-92-2,6568,BTANRVKWQNVYAZ-UHFFFAOYSA-N,C4H10O,74.12,CCC(C)O,confirmed_organic,organic_reagent,research,TamadKala,Iranian online wholesale/lab shop,product_page_listed_not_current_stock_verified,https://tamadkala.com/product/154282/2-%D8%A8%D9%88%D8%AA%D8%A7%D9%86%D9%88%D9%84-%D8%A7%D9%85%D8%B1%D8%AA%D8%A7%D8%AA-%D8%B4%DB%8C%D9%85%DB%8C-extra-pure,2 بوتانول | 2 بوتانول امرتات شیمی extra pure,router_title_normalization,verified_catalogue,2026-08-23,701717ff246c66e03b936fea92e8a9c44d991c68f49a98c7e68074069431328d
butan-2-one,Methyl ethyl ketone,butan-2-one; Methyl ethyl ketone; MEK,78-93-3,6569,ZWEHNKRNPOVVGH-UHFFFAOYSA-N,C4H8O,72.11,CCC(=O)C,confirmed_organic,organic_reagent,research,Fardad Shimi; TamadKala; Mojallali Group; IR Chem / Pishgaman,Iranian online lab-chemical shop | Iranian online wholesale/lab shop,product_page_listed_not_current_stock_verified,https://fardadshimi.com/product/6199378/,متیل اتیل کتون mek acs دکتر مجللی | متیل اتیل کتون دکتر مجللی,router_title_normalization,verified_catalogue,2026-08-23,bbf586d086bb3e9db76c12c1581facfad8184dfdb68756fd0791c0b51cef13ca
prop-2-enamide,Acrylamide,prop-2-enamide; Acrylamide,79-06-1,6579,HRPVXLWXLXDGHG-UHFFFAOYSA-N,C3H5NO,71.08,C=CC(=O)N,confirmed_organic,organic_reagent,research,Telegram: ChemIranSanat; telegram:ATRmedShop,Iranian supplier Telegram catalogue,listed_not_current_stock_verified,https://t.me/ChemIranSanat/2017,prop-2-enamide,existing skill export,verified_catalogue,2026-08-23,cfc369bf760fd1307bbf9dd89cce0e53f80c46aa76129cc0f0c18e6b01cfb740
prop-2-enoic acid,Acrylic acid,prop-2-enoic acid; Acrylic acid; acrylic acid,79-10-7,6581,NIXOWILDQLNWCW-UHFFFAOYSA-N,C3H4O2,72.06,C=CC(=O)O,confirmed_organic,organic_reagent,research,TamadKala; Telegram: Maran_Tejarat_Eshen; Telegram: minatajhiz,Iranian online wholesale/lab shop | Iranian supplier Telegram catalogue,listed_not_current_stock_verified | product_page_listed_not_current_stock_verified,https://t.me/Maran_Tejarat_Eshen/216,prop-2-enoic acid | آکریلیک اسید برند ستلایت چینی صنعتی | اسید اکریلیک امرتات شیمی گرید extra pure | اکریلیک اسید,existing skill export | router_title_normalization,verified_catalogue,2026-08-23,d1ef54fdc86377b9afe09ac9a562d2472a8b607abdf5ef9d698dfd09e21dee2a
methyl acetate,methyl acetate,methyl acetate,,6584,KXKVLQRXCPHEJC-UHFFFAOYSA-N,C3H6O2,74.08,CC(=O)OC,confirmed_organic,fragrance_or_aroma,industrial,Chemical Iran,Iranian online research/chemical shop,product_page_listed_not_current_stock_verified,https://www.chemicaliran.com/,Methyl Acetate,explicit_category_supplement,verified_catalogue,2026-08-23,3f40fd0949ed294420b6b7558ffddf86b8693a91cba41a59c401446e1d0cb435
methyl carbonochloridate,Methyl chloroformate,,79-22-1,6586,XMJHPCRAQCTCFT-UHFFFAOYSA-N,C2H3ClO2,94.50,COC(=O)Cl,confirmed_organic,organic_reagent,,telegram:minatajhiz,Iranian supplier Telegram catalogue,listing_evidence_crawled_2026-08-24,https://t.me/minatajhiz/676,,ai_normalised_listing+pubchem_confirmed,verified_telegram_listing,2020-01-01,5eedb9fb0d69b021a51956bbfed37c53257f96908ccae798df7be58e28bb37bd
"1,1,2,2-tetrabromoethane",tbe,"1,1,2,2-tetrabromoethane; tbe; TBE",,6588,QXSZNDIIPUOQMB-UHFFFAOYSA-N,C2H2Br4,345.65,C(C(Br)Br)(Br)Br,confirmed_organic,,,TamadKala; ShimiMan,Iranian online wholesale/lab shop,product_page_listed_not_current_stock_verified,https://tamadkala.com/product/17957/بافر-tbe,بافر tbe,structured_pubchem,verified_web_catalogue,2026-08-25,65304dfc84735b5e877827e3820471c039ed32779e83fe52be8312b99baaceb0
"3-[[(2R)-2,4-dihydroxy-3,3-dimethylbutanoyl]amino]propanoic acid",pantothenic acid,"3-[[(2R)-2,4-dihydroxy-3,3-dimethylbutanoyl]amino]propanoic acid; pantothenic acid",,6613,GHOKWGTUZJEAQD-ZETCQYMHSA-N,C9H17NO5,219.23,CC(C)(CO)[C@H](C(=O)NCCC(=O)O)O,confirmed_organic,pharmaceutical_or_api,,TamadKala,Iranian online research/chemical shop,product_page_listed_not_current_stock_verified,https://tamadkala.com/product/87737/%D9%88%DB%8C%D8%AA%D8%A7%D9%85%DB%8C%D9%86-b5-%D8%AE%D9%88%D8%B1%D8%A7%DA%A9%DB%8C,ویتامین B5 خوراکی,explicit_category_supplement,verified_catalogue,2026-08-23,aaeed845dc2e2988ad452f5c0811b98005eb31a03bcfabc2547aa2181b538f80
"3,3-bis(4-hydroxyphenyl)-2-benzofuran-1-one",Bisphenol A,"3,3-bis(4-hydroxyphenyl)-2-benzofuran-1-one; Bisphenol A; 4-[2-(4-hydroxyphenyl)propan-2-yl]phenol",77-09-8,6623,IISBACLAFKSPIT-UHFFFAOYSA-N,C15H16O2,228.29,CC(C)(C1=CC=C(C=C1)O)C2=CC=C(C=C2)O,confirmed_organic,organic_reagent,research,TamadKala; Telegram: minatajhiz,Iranian online wholesale/lab shop | Iranian supplier Telegram catalogue,listed_not_current_stock_verified | product_page_listed_not_current_stock_verified,https://t.me/minatajhiz/1035,4-[2-(4-hydroxyphenyl)propan-2-yl]phenol | بیسفنول a | فنل فتالئین acs دکتر مجللی | فنل فتالئین قطران شیمی | فنول فتالئین,existing skill export | router_title_normalization,verified_catalogue,2026-08-23,9848a8bddabe4bc77765804ae28e188f41966a2a851cd5601e7ca166f4c09a8b
1-chloro-4-(4-chlorophenyl)sulfonylbenzene,"4,4'-Dichlorodiphenyl sulfone","1-chloro-4-(4-chlorophenyl)sulfonylbenzene; 4,4'-Dichlorodiphenyl sulfone",80-07-9,6625,GPAPPPVRLPGFEQ-UHFFFAOYSA-N,C12H8Cl2O2S,287.2,C1=CC(=CC=C1S(=O)(=O)C2=CC=C(C=C2)Cl)Cl,confirmed_organic,organic_reagent,research,Telegram: ChemIranSanat,Iranian supplier Telegram catalogue,listed_not_current_stock_verified,https://t.me/ChemIranSanat/1955,1-chloro-4-(4-chlorophenyl)sulfonylbenzene,existing skill export,verified_catalogue,2026-08-23,23d3e4a3b778d0340c5a10104400da3d0d8aaa4d323a4da1db9a1b25750b0ce1
methyl 2-methylprop-2-enoate,Methyl methacrylate,methyl 2-methylprop-2-enoate; Methyl methacrylate; methyl methacrylate,80-62-6,6658,VVQNEPGJFQJSBK-UHFFFAOYSA-N,C5H8O2,100.12,CC(=C)C(=O)OC,confirmed_organic,organic_reagent,research,Fardad Shimi; Telegram: Boof_company; Telegram: Maran_Tejarat_Eshen; TamadKala,Iranian online lab-chemical shop | Iranian supplier Telegram catalogue,listed_not_current_stock_verified | product_page_listed_not_current_stock_verified,https://fardadshimi.com/product/%d9%85%d8%aa%db%8c%d9%84-%d9%85%d8%aa%d8%a7%da%a9%d8%b1%db%8c%d9%84%d8%a7%d8%aa-merck/,methyl 2-methylprop-2-enoate | متیل متاکریلات مرک MERCK,existing skill export | router_title_normalization,verified_catalogue,2026-08-23,193227c1c62d7dcf47cf761af914ca673c43f7c72573ce960f3b4d69da632b78
[9-(2-carboxyphenyl)-6-(diethylamino)xanthen-3-ylidene]-diethylazanium chloride,[9-(2-carboxyphenyl)-6-(diethylamino)xanthen-3-ylidene]-diethylazanium chloride,[9-(2-carboxyphenyl)-6-(diethylamino)xanthen-3-ylidene]-diethylazanium chloride,81-88-9,6694,PYWVYCXTNDRMGF-UHFFFAOYSA-N,C28H31ClN2O3,479.0,CCN(CC)C1=CC2=C(C=C1)C(=C3C=CC(=[N+](CC)CC)C=C3O2)C4=CC=CC=C4C(=O)O.[Cl-],confirmed_organic,,,Mojallali Group; telegram:labshop,Iranian WooCommerce catalogue,product_page_listed_not_current_stock_verified,https://drm-chem.com/en/product/rhodamine-b-indicator-en/,Rhodamine B,cas_pubchem,verified_web_catalogue,2026-08-25,3bc8e0efa6d19f824b8501278d11ac6c077e9476d9abae2a91e637375cf0deff
Methyl Green,Light green,,,6727,DWCZIOOZPIDHAB-UHFFFAOYSA-L,C26H33Cl2N3,458.5,CN(C)C1=CC=C(C=C1)C(=C2C=CC(=[N+](C)C)C=C2)C3=CC=C(C=C3)[N+](C)(C)C.[Cl-].[Cl-],confirmed_organic,colorant_or_indicator,,Mojallali Group,web_catalogue,listing_evidence_crawled_2026-08-23,https://drm-chem.com/en/product/light-green-en/,Light green,pubchem_direct,verified_web_catalogue,2026-08-23,32a5014c1d97fecec32934761de8822ba1ffb402727989469c3af2813c73f736
"4-hydroxynaphthalene-1,2-dione","2-Hydroxy-1,4-naphthoquinone",,83-72-7,6755,WVCHIGAIXREVNS-UHFFFAOYSA-N,C10H6O3,174.15,C1=CC=C2C(=C1)C(=CC(=O)C2=O)O,confirmed_organic,colorant_or_indicator,,telegram:minatajhiz,Iranian supplier Telegram catalogue,listing_evidence_crawled_2026-08-24,https://t.me/minatajhiz/499,,ai_normalised_listing+pubchem_confirmed,verified_telegram_listing,2019-01-14,548d48ba565fa001fd851a00b359c81078a6985788841ebb71a00b8de50681f7
"bis(2-methylpropyl) benzene-1,2-dicarboxylate",Diisobutyl phthalate,"bis(2-methylpropyl) benzene-1,2-dicarboxylate; Diisobutyl phthalate",84-69-5,6782,MGWAVDBGNNKXQV-UHFFFAOYSA-N,C16H22O4,278.34,CC(C)COC(=O)C1=CC=CC=C1C(=O)OCC(C)C,confirmed_organic,organic_reagent,industrial,Telegram: IranChemicals,Iranian supplier Telegram catalogue,listed_not_current_stock_verified,,"bis(2-methylpropyl) benzene-1,2-dicarboxylate",existing skill export,verified_catalogue,2026-08-23,bdc67c70cbc357df7c5e8e3e920c60c165edd15531f9d672bb76540055d55328
"2-benzofuran-1,3-dione",Phthalic anhydride,"2-benzofuran-1,3-dione; Phthalic anhydride",85-44-9,6811,LGRFSURHDFAFJT-UHFFFAOYSA-N,C8H4O3,148.11,C1=CC=C2C(=C1)C(=O)OC2=O,confirmed_organic,organic_reagent,,Fardad Shimi,Iranian online lab-chemical shop,product_page_listed_not_current_stock_verified,https://fardadshimi.com/product/6197446/,فتالیک آنیدرید MERCK,router_title_normalization,verified_catalogue,2026-08-23,981ffad9d18d104f66ef6c0abc26639901f0e53cc18d4482c931a4d26a242c48
2-naphthalen-1-ylacetic acid,naa,2-naphthalen-1-ylacetic acid; naa,,6862,PRPINYUDVPFIRX-UHFFFAOYSA-N,C12H10O2,186.21,C1=CC=C2C(=C1)C=CC=C2CC(=O)O,confirmed_organic,,,TamadKala,Iranian online wholesale/lab shop,product_page_listed_not_current_stock_verified,https://tamadkala.com/product/154603/نفتالیک-استیک-اسید-naa-با-کد-806862-مرک,نفتالیک استیک اسید naa با کد 806862 مرک,structured_pubchem,verified_web_catalogue,2026-08-25,dbe3674f3cc61d0562a26f0eb6f13520e999eb0d1384d580fe682afd69d4de8d
"5-bromo-1H-indole-2,3-dione",5-Bromoisatin,,87-48-9,6889,MBVCESWADCIXJN-UHFFFAOYSA-N,C8H4BrNO2,226.03,C1=CC2=C(C=C1Br)C(=O)C(=O)N2,confirmed_organic,organic_reagent,,telegram:minatajhiz,Iranian supplier Telegram catalogue,listing_evidence_crawled_2026-08-24,https://t.me/minatajhiz/498,,ai_normalised_listing+pubchem_confirmed,verified_telegram_listing,2019-01-14,12e650ba75714fab955b86c5f7485075dfa1c1aad65242b9a038fd3d990c2ed4
"(2R,4S)-pentane-1,2,3,4,5-pentol",Xylitol,"(2R,4S)-pentane-1,2,3,4,5-pentol; Xylitol",87-99-0,6912,HEBKCHPVOIAQTA-NGQZWQHPSA-N,C5H12O5,152.15,C([C@H](C([C@H](CO)O)O)O)O,confirmed_organic,organic_reagent,,TamadKala,Iranian online wholesale/lab shop,product_page_listed_not_current_stock_verified,https://tamadkala.com/product/163060/%D8%B2%D8%A7%DB%8C%D9%84%DB%8C%D8%AA%D9%88%D9%84-%D8%B5%D9%86%D8%B9%D8%AA%DB%8C,زایلیتول صنعتی,router_title_normalization,verified_catalogue,2026-08-23,ce4d7b9ec5efe6332b60b70e4e31a6e248fe4e797f83b26184affabdda914749
N-vinyl-2-pyrrolidone,Polyvinylpyrrolidone (PVP),,,6917,WHNWPMSKXPGLAX-UHFFFAOYSA-N,C6H9NO,111.14,C=CN1CCCC1=O,confirmed_organic,organic_reagent,,minatajhiz,telegram,listing_evidence_crawled_2026-08-23,https://t.me/minatajhiz/291,سلام و عرض ادب خدمت اعضای محترم کانال احتراما به استحضار می رسانیم PVP با وزن مولکولی 1،300،000 محصول کمپانی سیگما واردات جدید موجود می باشد .دانشجویان و اساتید محترمی که این کالا را درخواست داشتند میتوانند جهت سفارش اقدام نمایند.,ai_resolved+pubchem,verified_telegram_listing,2026-08-23,447e99b35baa97fabf55c980e4b87d3743e4ca3d98c268dc7dab2ccbc4821071
2-nitrophenol,Nitro phenol,2-nitrophenol; Nitro phenol,88-75-5,6947,IQUPABOKLQSFBK-UHFFFAOYSA-N,C6H5NO3,139.11,C1=CC=C(C(=C1)[N+](=O)[O-])O,confirmed_organic,organic_reagent,,TamadKala,Iranian online wholesale/lab shop,product_page_listed_not_current_stock_verified,https://tamadkala.com/product/164928/%D9%86%DB%8C%D8%AA%D8%B1%D9%88-%D9%81%D9%86%D9%88%D9%84-%D8%A8%D8%B1%D9%86%D8%AF-%D9%84%D9%88%D8%A8%D8%A7-%D9%87%D9%86%D8%AF,نیترو فنول برند لوبا هند,router_title_normalization,verified_catalogue,2026-08-23,d01814134c313eaa84de26b2c4d6609fbfd8ebe9c946523f747c40a390061bf9
"2,4,6-trinitrophenol",Picric acid,"2,4,6-trinitrophenol; Picric acid",88-89-1,6954,OXNIZHLAWKMVMX-UHFFFAOYSA-N,C6H3N3O7,229.10,C1=C(C=C(C(=C1[N+](=O)[O-])O)[N+](=O)[O-])[N+](=O)[O-],confirmed_organic,organic_reagent,,Fardad Shimi,Iranian online lab-chemical shop,product_page_listed_not_current_stock_verified,,پیکریک اسید PALLAV هندوستان | ...,router_title_normalization,verified_catalogue,2026-08-23,9ac94b57e3222aebc223955b936a2d051d6ab111a3d79cb747b6a3c560a9fb45
Pyromellitic dianhydride,Pyromellitic dianhydride,,,6966,ANSXAPJVJOKRDJ-UHFFFAOYSA-N,C10H2O6,218.12,C1=C2C(=CC3=C1C(=O)OC3=O)C(=O)OC2=O,confirmed_organic,organic_reagent,,minatajhiz,telegram,listing_evidence_crawled_2026-08-23,https://t.me/minatajhiz/679,Pyromellitic dianhydride 807516 #merck,ai_resolved+pubchem,verified_telegram_listing,2026-08-23,2719e4f3af5d29b9d58b47b10e0af2966ba0bcc2744a727a1263905fd85b47a3
5-methyl-2-propan-2-ylphenol,Thymol,5-methyl-2-propan-2-ylphenol; Thymol,,6989,MGSRCZKZVOBKFT-UHFFFAOYSA-N,C10H14O,150.22,CC1=CC(=C(C=C1)C(C)C)O,confirmed_organic,organic_reagent,,TamadKala,Iranian online wholesale/lab shop,product_page_listed_not_current_stock_verified,https://tamadkala.com/product/153688/%D8%AA%D8%B1%D8%A7%D9%84%DB%8C-%D8%A7%D8%B3%D8%AA%DB%8C%D9%84-%D8%B3%D8%A7%D8%AF%D9%87,ترالی استیل ساده,router_title_normalization,verified_catalogue,2026-08-23,a90866ad0d3fba5893518708a332fcf1c3fc0c625fa28bd259d384af3b2f1210
10H-anthracen-9-one,Anthrone,10H-anthracen-9-one; Anthrone,90-44-8,7018,RJGDLRCDCYRQOQ-UHFFFAOYSA-N,C14H10O,194.23,C1C2=CC=CC=C2C(=O)C3=CC=CC=C31,confirmed_organic,organic_reagent,,Fardad Shimi,Iranian online lab-chemical shop,product_page_listed_not_current_stock_verified,,آنترون مرک MERCK,router_title_normalization,verified_catalogue,2026-08-23,b7d25ade6518acbb804df36a6066c0ec46b8ba2c83d89f13ba6c3e08db035ef5
7-(diethylamino)-4-methylchromen-2-one,7-(diethylamino)-4-methylchromen-2-one,,91-44-1,7050,AFYCEAFSNDLKSX-UHFFFAOYSA-N,C14H17NO2,231.29,CCN(CC)C1=CC2=C(C=C1)C(=CC(=O)O2)C,confirmed_organic,,,telegram:ChemIranSanat,public Telegram (seller_research),product_page_listed_not_current_stock_verified,https://t.me/ChemIranSanat/1693,Isatoic anhydride | I12808 Sigma-Aldrich Isatoic anhydride 100G 🔜 موجود و آماده تحویل ✅ شیمیران صنعت فقط اصلی 📱 دریافت قیمت یا سفارش کالا 👇 🆔 @ChemIranAdmin 🆔 @ChemIran1,router_batch+pubchem,verified_telegram_listing,2026-08-25,2d50766ac6b56ec6188afb8c6fd1f27eef529ce49b6f91785482d79c6b83767c
2-methylnaphthalene,2-Methylnaphthalene,,91-57-6,7055,QIMMUPPBPVKWKM-UHFFFAOYSA-N,C11H10,142.20,CC1=CC2=CC=CC=C2C=C1,confirmed_organic,organic_reagent,,telegram:minatajhiz,Iranian supplier Telegram catalogue,listing_evidence_crawled_2026-08-24,https://t.me/minatajhiz/637,,ai_normalised_listing+pubchem_confirmed,verified_telegram_listing,2019-09-03,e198ca673ff4be4d5e6d4ef2f9538fb7b6565e4ff9b18fa0b0e4274333f65bfd
"N,N-diethylaniline","N,N-Diethylaniline","N,N-diethylaniline; N,N-Diethylaniline",,7061,GGSUCNLOZRCGPQ-UHFFFAOYSA-N,C10H15N,149.23,CCN(CC)C1=CC=CC=C1,confirmed_organic,organic_reagent,research,Telegram: minatajhiz,Iranian supplier Telegram catalogue,listed_not_current_stock_verified,https://t.me/minatajhiz/1016,"N,N-diethylaniline",existing skill export,verified_catalogue,2026-08-23,61c6af0bef3385e2a2b8cf40bef762f624b14e9e2d33b3ec888067776ac0b66c
"6-phenyl-1,3,5-triazine-2,4-diamine",Benzoguanamine,,91-76-9,7064,GZVHEAJQGPRDLQ-UHFFFAOYSA-N,C9H9N5,187.20,C1=CC=C(C=C1)C2=NC(=NC(=N2)N)N,confirmed_organic,organic_reagent,,telegram:ChemIranSanat,Iranian supplier Telegram catalogue,listing_evidence_crawled_2026-08-24,https://t.me/ChemIranSanat/648,,ai_normalised_listing+pubchem_confirmed,verified_telegram_listing,2017-09-03,3361de88f1d19ecec1a8f0de096a9b05776181b2991f5e5fcc2564490e82ac84
"naphthalene-2,3-diol","2,3-Dihydroxynaphthalene",,,7091,JRNGUTKWMSBIBF-UHFFFAOYSA-N,C10H8O2,160.17,C1=CC=C2C=C(C(=CC2=C1)O)O,confirmed_organic,organic_reagent,,telegram:minatajhiz,Iranian supplier Telegram catalogue,listing_evidence_crawled_2026-08-24,https://t.me/minatajhiz/60,,ai_normalised_listing+pubchem_confirmed,verified_telegram_listing,2017-05-11,d3668f9141d494b9e30dbbf36696e5fd72c0ef655cde6bf8ba83aa21404d976d
10H-phenothiazine,Phenothiazine,10H-phenothiazine; Phenothiazine,,7108,WJFKNYWRSNBZNX-UHFFFAOYSA-N,C12H9NS,199.27,C1=CC=C2C(=C1)NC3=CC=CC=C3S2,confirmed_organic,organic_reagent,research,Telegram: ChemIranSanat; Telegram: minatajhiz,Iranian supplier Telegram catalogue,listed_not_current_stock_verified,https://t.me/ChemIranSanat/1798,10H-phenothiazine,existing skill export,verified_catalogue,2026-08-23,750e25e02dc7ed7485b9369ab51aadda14ff0e100e3a833f36015574f3e19251
propyl 4-hydroxybenzoate,Propylparaben,propyl 4-hydroxybenzoate; Propylparaben,,7175,QELSKZZBTMNZEB-UHFFFAOYSA-N,C10H12O3,180.20,CCCOC(=O)C1=CC=C(C=C1)O,confirmed_organic,cosmetic_raw_material,research,BehChin Chemi Pharmed; TamadKala,Iranian online wholesale/lab shop | Iranian supplier API/intermediate catalogue,product_page_listed_not_current_stock_verified | supplier_catalogue_listed_not_current_stock_verified,https://tamadkala.com/product/147144/%D9%BE%D8%B1%D9%88%D9%BE%DB%8C%D9%84-%D9%BE%D8%A7%D8%B1%D8%A7%D8%A8%D9%86-%D8%B3%DB%8C%DA%AF%D9%85%D8%A7-usp-%DA%A9%D8%AF-1577008,Propylparaben | پروپیل پارابن usp نوترون | ... | پروپیل پارابن سیگما usp کد 1577008 | پروپیل پارابن صنعتی,router_title_normalization | supplier_table,verified_catalogue,2026-08-23,b6dd04136a86bf7fdb638eb666c463ac1678912ae51053975e59c1c2ef99e11a
benzoyl benzenecarboperoxoate,Benzoyl peroxide,benzoyl benzenecarboperoxoate; Benzoyl peroxide; Benzoyl Peroxide,94-36-0,7187,OMPJBNCRMGITSC-UHFFFAOYSA-N,C14H10O4,242.23,C1=CC=C(C=C1)C(=O)OOC(=O)C2=CC=CC=C2,confirmed_organic,organic_reagent,industrial,Fardad Shimi; Telegram: Maran_Tejarat_Eshen,Iranian online lab-chemical shop | Iranian supplier Telegram catalogue,listed_not_current_stock_verified | product_page_listed_not_current_stock_verified,,benzoyl benzenecarboperoxoate | بنزوئیل پراکسید MERCK | ...,existing skill export | router_title_normalization,verified_catalogue,2026-08-23,5c7a039b5547b4d5205bfff2bb198e1cda1f9e832dfab069700f410fe9faf751
"2,4-dihydroxybenzaldehyde","2,4-dihydroxybenzaldehyde",,95-01-2,7213,IUNJCFABHJZSKB-UHFFFAOYSA-N,C7H6O3,138.12,C1=CC(=C(C=C1O)O)C=O,confirmed_organic,,,telegram:ChemIranSanat,public Telegram (seller_research),product_page_listed_not_current_stock_verified,https://t.me/ChemIranSanat/1735,"2,4-Dihydroxybenzaldehyde | بنزالدهید و مشتقات مختلف آن از کمپانی اکروس 10522 Benzaldehyde 250ml 15603 3-Ethoxy-4-hydroxybenzaldehyde 100g 15044 4-Chlorobenzaldehyde 250g 18351 2,3-Dihydroxybenzaldehyde 5g 16277 4-Hydroxybenzaldehyde 50g 33488 4-Isopropylbenzaldehyde 100g 15458 4-Carboxybenzaldehyde 5g 17364 2,4-Dihydroxybenzaldehyde 25g 15699 4-Nitrobenzaldehyde 25g 10665 2-Bromobenzaldehyde 10ml 🔜 موجود و آماده تحویل ✅ شیمیران صنعت فقط اصلی 📱 دریافت قیمت یا سفارش کالا 👇 🆔 @ChemIranAdmin 🆔 @Che",router_batch+pubchem,verified_telegram_listing,2026-08-25,bf5f7615f661551e1b3b5c3724dafd427bc74b5e38dca0d32119d2e846e03a13
2H-benzotriazole,1H-Benzotriazole,2H-benzotriazole; 1H-Benzotriazole,95-14-7,7220,QRUDEWIWKLJBPS-UHFFFAOYSA-N,C6H5N3,119.12,C1=CC2=NNN=C2C=C1,confirmed_organic,organic_reagent,industrial,Telegram: ChemIranSanat,Iranian supplier Telegram catalogue,listed_not_current_stock_verified,,2H-benzotriazole,existing skill export,verified_catalogue,2026-08-23,bf323c88ed132a4a46ab600269572a0daf74fe53b63e71eac735d7e7016735fe
"1,2-dichlorobenzene","1,2-Dichlorobenzene",,95-50-1,7239,RFFLAFLAYFXFSW-UHFFFAOYSA-N,C6H4Cl2,147.00,C1=CC=C(C(=C1)Cl)Cl,confirmed_organic,organic_reagent,,telegram:minatajhiz,Iranian supplier Telegram catalogue,listing_evidence_crawled_2026-08-24,https://t.me/minatajhiz/142,,ai_normalised_listing+pubchem_confirmed,verified_telegram_listing,2017-10-19,ace8d12b7f5f95d55ef4eeef4d0ba265ab2089f18b92d521a0620905dc8288a7
2-methylaniline,Ortho-toluidine,2-methylaniline; Ortho-toluidine,95-53-4,7242,RNVCVTLRINQCPJ-UHFFFAOYSA-N,C7H9N,107.15,CC1=CC=CC=C1N,confirmed_organic,organic_reagent,,TamadKala,Iranian online wholesale/lab shop,product_page_listed_not_current_stock_verified,https://tamadkala.com/product/149101/%D8%A7%D9%88%D8%B1%D8%AA%D9%88-%D8%AA%D9%88%D9%84%DB%8C%D8%AF%DB%8C%D9%86,اورتو تولیدین,router_title_normalization,verified_catalogue,2026-08-23,bb66c39825e92408cd0f5def276cfea394926a367fc968df479fdcadaba5a8ae
"3,4-dimethylaniline","3,4-Dimethylaniline",,,7248,DOLQYFPDPKPQSS-UHFFFAOYSA-N,C8H11N,121.18,CC1=C(C=C(C=C1)N)C,confirmed_organic,organic_reagent,,telegram:minatajhiz,Iranian supplier Telegram catalogue,listing_evidence_crawled_2026-08-24,https://t.me/minatajhiz/113,,ai_normalised_listing+pubchem_confirmed,verified_telegram_listing,2017-10-08,46b94878da5bbb9b4bc3993b91c68c6bf6200342fa8886acaeb469343daf2956
chloro(diethyl)alumane,Diethylaluminium chloride,chloro(diethyl)alumane; Diethylaluminium chloride,,7277,YNLAOSYQHBDIKW-UHFFFAOYSA-M,C4H10AlCl,120.56,CC[Al](CC)Cl,confirmed_organic,organic_reagent,,TamadKala,Iranian online wholesale/lab shop,product_page_listed_not_current_stock_verified,,دی اتیل آلومینیوم کلراید سیگما | ...,router_title_normalization,verified_catalogue,2026-08-23,e92ed33c3e6b1db5790705619fe398c8f374653c2c83095ad64be298445fe426
N-butan-2-ylidenehydroxylamine,2-Butanone oxime,,96-29-7,7292,WHIVNJATOVLWBW-UHFFFAOYSA-N,C4H9NO,87.12,CCC(=NO)C,confirmed_organic,organic_reagent,,telegram:Maran_Tejarat_Eshen,Iranian supplier Telegram catalogue,listing_evidence_crawled_2026-08-24,https://t.me/Maran_Tejarat_Eshen/649,,ai_normalised_listing+pubchem_confirmed,verified_telegram_listing,2026-01-05,b43fb278e90936a254132a3754e00db204ea6088007e39b6fe172e2ece9ca787
methyl prop-2-enoate,Methyl acrylate,methyl prop-2-enoate; Methyl acrylate,96-33-3,7294,BAPJBEWLBFYGME-UHFFFAOYSA-N,C4H6O2,86.09,COC(=O)C=C,confirmed_organic,organic_reagent,,TamadKala,Iranian online wholesale/lab shop,product_page_listed_not_current_stock_verified,https://tamadkala.com/product/19586/%D9%85%D8%AA%DB%8C%D9%84-%D8%A7%DA%A9%D8%B1%DB%8C%D9%84%D8%A7%D8%AA,متیل اکریلات,router_title_normalization,verified_catalogue,2026-08-23,79735e337bd57c08e43d8b0e6b5674fa772a2004f0f09378c3ed07faa2e71cad
2-hydroxy-5-sulfobenzoic acid,Sulfosalicylic acid,2-hydroxy-5-sulfobenzoic acid; Sulfosalicylic acid,,7322,YCPXWRQRBFJBPZ-UHFFFAOYSA-N,C7H6O6S,218.19,C1=CC(=C(C=C1S(=O)(=O)O)C(=O)O)O,confirmed_organic,organic_reagent,research,TamadKala,Iranian online wholesale/lab shop,product_page_listed_not_current_stock_verified,,اسید سولفوسالیسیلیک extra pure دکتر مجللی | ... | اسید سولفوسالیسیلیک laboratory دکتر مجللی | ...,router_title_normalization,verified_catalogue,2026-08-23,7c4b198e79803a267fd24e51c8a177644518a858f24564ac3f32120c0b8cdbaa
ethyl 2-hydroxypropanoate,Ethyl Lactate,ethyl 2-hydroxypropanoate; Ethyl Lactate,97-64-3,7344,LZCLXQDLBQLTDK-UHFFFAOYSA-N,C5H10O3,118.13,CCOC(=O)C(C)O,confirmed_organic,organic_reagent,industrial,Telegram: Maran_Tejarat_Eshen,Iranian supplier Telegram catalogue,listed_not_current_stock_verified,,ethyl 2-hydroxypropanoate,existing skill export,verified_catalogue,2026-08-23,db5e2df036bca9500e71de2d4ecf05b1ebb4409c77a214cd38d6d6eb07ffbc7a
2-methylpropyl 2-methylprop-2-enoate,Isobutyl Methacrylate,,97-86-9,7352,RUMACXVDVNRZJZ-UHFFFAOYSA-N,C8H14O2,142.20,CC(C)COC(=O)C(=C)C,confirmed_organic,organic_reagent,,telegram:ChemIranSanat,Iranian supplier Telegram catalogue,listing_evidence_crawled_2026-08-24,https://t.me/ChemIranSanat/1945,,ai_normalised_listing+pubchem_confirmed,verified_telegram_listing,2020-10-07,902739e2125348ff2738fe509593b4c27d33e10865a4522b7ab083253b5ff93f
furan-2-carbaldehyde,Furfural,,98-01-1,7362,HYBBIBNJHNGZAN-UHFFFAOYSA-N,C5H4O2,96.08,C1=COC(=C1)C=O,confirmed_organic,organic_reagent,,telegram:minatajhiz,Iranian supplier Telegram catalogue,listing_evidence_crawled_2026-08-24,https://t.me/minatajhiz/640,,ai_normalised_listing+pubchem_confirmed,verified_telegram_listing,2019-10-08,8bb03e92e8b76c2587507d83c43957a30bddca24bfb67cb92ab5e8812d5461b6
thiophene-2-carbaldehyde,2-Thiophenecarboxaldehyde,,,7364,CNUDBTRUORMMPA-UHFFFAOYSA-N,C5H4OS,112.15,C1=CSC(=C1)C=O,confirmed_organic,organic_reagent,,telegram:minatajhiz,Iranian supplier Telegram catalogue,listing_evidence_crawled_2026-08-24,https://t.me/minatajhiz/199,,ai_normalised_listing+pubchem_confirmed,verified_telegram_listing,2017-11-15,cc6626fdc7380a91709f460887eedd286074de1523035c4a89362061142c956d
prop-1-en-2-ylbenzene,Alpha-Methylstyrene,,,7407,XYLMUPLGERFSHI-UHFFFAOYSA-N,C9H10,118.18,CC(=C)C1=CC=CC=C1,confirmed_organic,organic_reagent,,telegram:minatajhiz,Iranian supplier Telegram catalogue,listing_evidence_crawled_2026-08-24,https://t.me/minatajhiz/482,,ai_normalised_listing+pubchem_confirmed,verified_telegram_listing,2018-12-20,149df1dc176dfcd9d902fa972012df84f2cf10eaa2cab8781c80af6c8cf8e1d3
3-aminobenzoic acid,3-Aminobenzoic Acid,3-aminobenzoic acid; 3-Aminobenzoic Acid,,7419,XFDUHJPVQKIXHO-UHFFFAOYSA-N,C7H7NO2,137.14,C1=CC(=CC(=C1)N)C(=O)O,confirmed_organic,organic_reagent,research,Telegram: minatajhiz,Iranian supplier Telegram catalogue,listed_not_current_stock_verified,https://t.me/minatajhiz/1067,3-aminobenzoic acid,existing skill export,verified_catalogue,2026-08-23,53dc0868997204d3c7068667668f5441f40feda3d54a33245de8be2bec61379f
"3,5-dinitrobenzoyl chloride","3,5-dinitrobenzoyl chloride","3,5-dinitrobenzoyl chloride",,7432,NNOHXABAQAGKRZ-UHFFFAOYSA-N,C7H3ClN2O5,,C1=C(C=C(C=C1[N+](=O)[O-])[N+](=O)[O-])C(=O)Cl,confirmed_organic,organic_reagent,research,telegram:ChemIranSanat,telegram:ChemIranSanat,telegram_listing_evidence,,"803075 Merck 3,5-Dinitrobenzoyl chloride 100g 🔜 موجود و آماده تحویل ✅ شیمیران صنعت فقط اصلی ♾ موجودی و تنوع بی نظیر از برندهای معتبر 📱 سفارش کالا 👇 🆔 @ChemIranAdmin 🆔 @ChemIran1",structured_pubchem,verified_telegram_listing,2026-08-23,4376ed3dbdb75cd8108b363976ab2d183f6d92b6527bf96f42006e5bf848582f
methyl 4-hydroxybenzoate,Methylparaben,methyl 4-hydroxybenzoate; Methylparaben,99-76-3,7456,LXCFILQKKLGQFO-UHFFFAOYSA-N,C8H8O3,152.15,COC(=O)C1=CC=C(C=C1)O,confirmed_organic,cosmetic_raw_material,research,TamadKala; Mojallali Group,Iranian online research/chemical shop | Iranian online wholesale/lab shop,product_page_listed_not_current_stock_verified,https://tamadkala.com/product/166777/%D9%85%D8%AA%DB%8C%D9%84-%D9%BE%D8%A7%D8%B1%D8%A7%D8%A8%D9%86-extra-pure-%D9%86%D9%88%D8%AA%D8%B1%D9%88%D9%86,متیل پارابن extra pure نوترون,explicit_category_supplement | router_title_normalization,verified_catalogue,2026-08-23,92e33113ce43a910ac54a6bf03f9400b7e5ade8e7f90c911d91053f768b27a91
"N,N,4-trimethylaniline",Dimethyl-p-toluidine,"N,N,4-trimethylaniline; Dimethyl-p-toluidine; N,N-Dimethyl-p-toluidine",,7471,GYVGXEWAOAAJEU-UHFFFAOYSA-N,C9H13N,135.21,CC1=CC=C(C=C1)N(C)C,confirmed_organic,organic_reagent,research,Telegram: minatajhiz,Iranian supplier Telegram catalogue,listed_not_current_stock_verified,https://t.me/minatajhiz/1079,"N,N,4-trimethylaniline",existing skill export,verified_catalogue,2026-08-23,edf5137ed9e4465dd290251ab26585732374249f39d108c8dc05eac257347acc
"4-N,4-N-dimethylbenzene-1,4-diamine","N,N-dimethyl-p-phenylenediamine",,,7472,BZORFPDSXLZWJF-UHFFFAOYSA-N,C8H12N2,136.19,CN(C)C1=CC=C(C=C1)N,confirmed_organic,organic_reagent,,telegram:chemgroup,Iranian supplier Telegram catalogue,listing_evidence_crawled_2026-08-24,https://t.me/chemgroup/1204,,ai_normalised_listing+pubchem_confirmed,verified_telegram_listing,2016-02-09,a2b5dd58c1731c1f9051e1806a9e1fa70753d6f3c29a0895f39bd3224c722a65
4-nitroaniline,4-Nitroaniline,,100-01-6,7475,TYMLOMAKGOJONV-UHFFFAOYSA-N,C6H6N2O2,138.12,C1=CC(=CC=C1N)[N+](=O)[O-],confirmed_organic,organic_reagent,,telegram:chemgroup,Iranian supplier Telegram catalogue,listing_evidence_crawled_2026-08-24,https://t.me/chemgroup/2577,,ai_normalised_listing+pubchem_confirmed,verified_telegram_listing,2016-12-21,f0b067f20701f78b76c4a7f038651fab15548eb5aab2e089dfe8213a7dd9a3b3
4-(Dimethylamino)Benzaldehyde,4-(Dimethylamino)benzaldehyde,,,7479,BGNGWHSBYQYVRX-UHFFFAOYSA-N,C9H11NO,149.19,CN(C)C1=CC=C(C=C1)C=O,confirmed_organic,organic_reagent,,ChemIranSanat,telegram,listing_evidence_crawled_2026-08-23,https://t.me/ChemIranSanat/360,803057 | Merck 4-(Dimethylamino)benzaldehyde 100 g موجود و آماده تحویل می باشد. این محصول خرده فروشی نیز دارد. @ChemIranAdmin 🆔 @ChemIran1,ai_resolved+pubchem,verified_telegram_listing,2026-08-23,074a4013390ab0f4240185c31aba1811084e0efed8e4c6a04a4e864cdfebab99
terephthalic acid,Terephthalic acid,terephthalic acid; Terephthalic acid,100-21-0,7489,KKEYFWRCBNTPAC-UHFFFAOYSA-N,C8H6O4,166.13,C1=CC(=CC=C1C(=O)O)C(=O)O,confirmed_organic,organic_reagent,research,Fardad Shimi; Telegram: ChemIranSanat; Telegram: minatajhiz,Iranian online lab-chemical shop | Iranian supplier Telegram catalogue,listed_not_current_stock_verified | product_page_listed_not_current_stock_verified,https://t.me/ChemIranSanat/1381,terephthalic acid | ترفتالیک اسید MERCK | ...,existing skill export | router_title_normalization,verified_catalogue,2026-08-23,41d29484e919f969a5a9da92b4f7c2dd1ee5f8a314e7510b1427eea2c692c3f2
styrene,styrene,styrene,100-42-5,7501,PPBRXRYQALVLMV-UHFFFAOYSA-N,C8H8,104.15,C=CC1=CC=CC=C1,confirmed_organic,,industrial,telegram:minatajhiz; telegram:Ch_Chemical_leaders; telegram:Boof_company; telegram:chemgroup; Karina Polymer; TamadKala,Iranian online wholesale/lab shop,product_page_listed_not_current_stock_verified,https://tamadkala.com/product/19587/استایرن,استایرن,alias+pubchem,verified_web_catalogue,2026-08-25,9a0a60413b26d261a42f943173a8f9221d419a7bb610c154ea5fc1fe81300038
chloromethylbenzene,Benzyl Chloride,chloromethylbenzene; Benzyl Chloride,100-44-7,7503,KCXMKQUNVWSEMD-UHFFFAOYSA-N,C7H7Cl,126.58,C1=CC=C(C=C1)CCl,confirmed_organic,organic_reagent,research,Telegram: minatajhiz,Iranian supplier Telegram catalogue,listed_not_current_stock_verified,,chloromethylbenzene,existing skill export,verified_catalogue,2026-08-23,d519278972dc191badb4ecc745b44874a5b2021ddba0e43c3f05eb1f183b662a
pyridine-4-carbonitrile,4-Cyanopyridine,,100-48-1,7506,GPHQHTOMRSGBNZ-UHFFFAOYSA-N,C6H4N2,104.11,C1=CN=CC=C1C#N,confirmed_organic,organic_reagent,,telegram:ChemIranSanat,Iranian supplier Telegram catalogue,listing_evidence_crawled_2026-08-24,https://t.me/ChemIranSanat/1455,,ai_normalised_listing+pubchem_confirmed,verified_telegram_listing,2018-05-17,430907d8b0b631a01ff6338f72ab1df686f1dc66dfea3a7a3c0ab0260c03a89b
phenylmercury;hydrate,Phenylmercuric hydroxide,,100-57-2,7512,MSYUMXXVCSLXMR-UHFFFAOYSA-N,C6H7HgO,295.71,C1=CC=C(C=C1)[Hg].O,confirmed_organic,organic_reagent,,telegram:minatajhiz,Iranian supplier Telegram catalogue,listing_evidence_crawled_2026-08-24,https://t.me/minatajhiz/327,,ai_normalised_listing+pubchem_confirmed,verified_telegram_listing,2018-03-18,9475297e87cb0a8a295d2aeedab9700c4d507097fe41c2a3a3b91ea52e22671f
4-chlorobut-2-ynyl N-(3-chlorophenyl)carbamate,Barban,,,7551,MCOQHIWZJUDQIC-UHFFFAOYSA-N,C11H9Cl2NO2,258.10,C1=CC(=CC(=C1)Cl)NC(=O)OCC#CCCl,confirmed_organic,pharmaceutical_or_api,,telegram:chemgroup,Iranian supplier Telegram catalogue,listing_evidence_crawled_2026-08-24,https://t.me/chemgroup/1516,,ai_normalised_listing+pubchem_confirmed,verified_telegram_listing,2016-04-17,f7cb6045a92ab01c0c36245781b0b96d5076c16707ff930bc1c420e2bb6f5941
methyl 2-phenylacetate,Methyl phenylacetate,,101-41-7,7559,CRZQGDNQQAALAY-UHFFFAOYSA-N,C9H10O2,150.17,COC(=O)CC1=CC=CC=C1,confirmed_organic,fragrance_or_aroma,,telegram:Ch_Chemical_leaders,Iranian supplier Telegram catalogue,listing_evidence_crawled_2026-08-24,https://t.me/Ch_Chemical_leaders/241,,ai_normalised_listing+pubchem_confirmed,verified_telegram_listing,2025-07-13,d1be8243748ad90179f9bd8e2bfb1d54f38b8efebe1ec444b762152e286cea60
4-(4-aminophenoxy)aniline,"4,4'-Diaminodiphenyl Ether","4-(4-aminophenoxy)aniline; 4,4'-Diaminodiphenyl Ether; Diaminodiphenyl ether",,7579,HLBLWEWZXPIGSM-UHFFFAOYSA-N,C12H12N2O,200.24,C1=CC(=CC=C1N)OC2=CC=C(C=C2)N,confirmed_organic,organic_reagent,research,Telegram: minatajhiz,Iranian supplier Telegram catalogue,listed_not_current_stock_verified,https://t.me/minatajhiz/1027,4-(4-aminophenoxy)aniline,existing skill export,verified_catalogue,2026-08-23,fc9be7a2e746a4e368f12b191db01b0c7f4e5305c42001ad268c193258ae4f36
"1,2-diphenylguanidine",Diphenylguanidine,,,7594,OWRCNXZUPFZXOS-UHFFFAOYSA-N,C13H13N3,211.26,C1=CC=C(C=C1)NC(=NC2=CC=CC=C2)N,confirmed_organic,organic_reagent,,telegram:minatajhiz,Iranian supplier Telegram catalogue,listing_evidence_crawled_2026-08-24,https://t.me/minatajhiz/172,,ai_normalised_listing+pubchem_confirmed,verified_telegram_listing,2017-11-01,15032291897b385c8e98041e9f0e2a3f99b63450ff1824732d46e610626d5a12
2-[bis(2-hydroxyethyl)amino]ethanol,Triethanolamine,2-[bis(2-hydroxyethyl)amino]ethanol; Triethanolamine,102-71-6,7618,GSEJCLTVZPLZKY-UHFFFAOYSA-N,C6H15NO3,149.19,C(CO)N(CCO)CCO,confirmed_organic,organic_reagent,research,Chemical Iran; DigiShimi; Fardad Shimi; Isatis Shimi; TamadKala,Iranian online chemical shops | Iranian online lab-chemical shop | Iranian online research/chemical shop | Iranian online wholesale/lab shop,product_page_listed_not_current_stock_verified,https://digishimii.ir/Product/%d8%aa%d8%b1%db%8c-%d8%a7%d8%aa%d8%a7%d9%86%d9%88%d9%84-%d8%a2%d9%85%db%8c%d9%86/,Tri Ethanol Amine (TEA) | Triethanolamine (TEA) | تری اتانول آمین | تری اتانول آمین extra pure دکتر مجللی | ... | تری اتانول آمین extra pure نوترون | ... | تری اتانول آمین laboratory دکتر مجللی 2 | ... | تری اتانول آمین usp نوترون | تری اتانول آمین دکتر مجللی | تری اتانول آمین صن,explicit_category_supplement | router_title_normalization,verified_catalogue,2026-08-23,c155a17bce23e5d1c9695ed382e4e6b2cfdbf518d610b103e4add70c3ec9fc4f
2-ethylhexyl prop-2-enoate,2-Ethylhexyl acrylate,2-ethylhexyl prop-2-enoate; 2-Ethylhexyl acrylate; 2EHA,,7636,GOXQRTZXKQZDDN-UHFFFAOYSA-N,C11H20O2,184.27,CCCCC(CC)COC(=O)C=C,confirmed_organic,cosmetic_raw_material,,telegram:Maran_Tejarat_Eshen,Iranian supplier Telegram catalogue,listing_evidence_crawled_2026-08-24,https://t.me/Maran_Tejarat_Eshen/266,"فروش ویژه مونومر 2EHA ستلایت چین به مدت محدود. #ماران_تجارت_اشن 021-22799285,95 09128066375",ai_normalised_listing+pubchem_confirmed,verified_telegram_listing,2019-05-06,b8d9cd4b5003e03414c8f0b7aa3fa74a8a2c5d023ab4686224ad497746f3f08d
2-bromoethenylbenzene,Dopamine hydrochloride,2-bromoethenylbenzene; Dopamine hydrochloride,103-64-0,7667,YMOONIIMQBGTDU-UHFFFAOYSA-N,C8H7Br,183.04,C1=CC=C(C=C1)C=CBr,confirmed_organic,organic_reagent,,TamadKala,Iranian online wholesale/lab shop,product_page_listed_not_current_stock_verified,,دوپامین هیدروکلراید | ...,router_title_normalization,verified_catalogue,2026-08-23,e191b153582f67eadc9b9be2e05aa8888147d99b33b3be5ddd0688ae8de3bd0c
2-ethylhexan-1-ol,2-Ethylhexanol,,104-76-7,7720,YIWUKEYIRIRTPP-UHFFFAOYSA-N,C8H18O,130.23,CCCCC(CC)CO,confirmed_organic,cosmetic_raw_material,,telegram:IranChemicals,Iranian supplier Telegram catalogue,listing_evidence_crawled_2026-08-24,https://t.me/Maran_Tejarat_Eshen/650,,ai_normalised_listing+pubchem_confirmed,verified_telegram_listing,2026-01-05,8e9bb202f9333ec887e8effc239a04685bba64d855a3b7b16fa6cb53f6f8040a
4-chlorobenzaldehyde,4-Chlorobenzaldehyde,4-chlorobenzaldehyde; 4-Chlorobenzaldehyde,104-88-1,7726,AVPYQKSLYISFPO-UHFFFAOYSA-N,C7H5ClO,140.56,C1=CC(=CC=C1C=O)Cl,confirmed_organic,organic_reagent,,telegram:Maran_Tejarat_Eshen; telegram:ATRmedShop; telegram:ChemIranSanat,Iranian supplier Telegram catalogue,listing_evidence_crawled_2026-08-24,https://t.me/Maran_Tejarat_Eshen/554,Tetramethylethylenediamine | تترامتیل اتیلن دی آمین (TEMED)(تمد) ‌‏⁧ ‌‌‏‌محصولات مرک المان اصل را از ما بخواهید. 👇 واردات و فروش مواد شیمیایی سیگما 👇 ‌ ‌ ‌ ☎️ تلفن: ۰۲۱۶۶۳۶۱۵۴۳-۶۶۳۷۹۰۲۶-۰۲۱ ‌ 📱 موبایل: 09120549893 🌐 لینک محصول : https://atrmed.com/product/tetramethyl-ethylenediamine/?v=e067b3c6b979 #آثل_طب #مواد_ازمایشگاهی #مواد_شیمیایی #بیولوژی #بیولوژی_مولکولی #آنتی_بیوتیک #آنزیم #تترامتیل_اتیلن_دی_آمین,ai_normalised_listing+pubchem_confirmed,verified_telegram_listing,2023-11-12,7ecddbc9327597efc0220d4f6f64556d2086ded05933223aeaa481cfdbaf9620
1-methoxy-4-methylbenzene,4-Methylanisole,,104-93-8,7731,CHLICZRVGGXEOD-UHFFFAOYSA-N,C8H10O,122.16,CC1=CC=C(C=C1)OC,confirmed_organic,fragrance_or_aroma,,telegram:minatajhiz,Iranian supplier Telegram catalogue,listing_evidence_crawled_2026-08-24,https://t.me/minatajhiz/679,,ai_normalised_listing+pubchem_confirmed,verified_telegram_listing,2020-01-26,ca88f0402722afd26d0f777f69fa6256fe1afac11cc27e5b7aec1249cf1156f0
"1,4-diethylbenzene","1,4-Diethylbenzene",,105-05-5,7734,DSNHSQKRULAAEI-UHFFFAOYSA-N,C10H14,134.22,CCC1=CC=C(C=C1)CC,confirmed_organic,organic_reagent,,telegram:ChemIranSanat,Iranian supplier Telegram catalogue,listing_evidence_crawled_2026-08-24,https://t.me/ChemIranSanat/1439,,ai_normalised_listing+pubchem_confirmed,verified_telegram_listing,2018-05-06,c138c06d9c8d630141580d0ac294cda9c6b663616c86f79ad39de6ecfe907b62
azepan-2-one,Caprolactam,,105-60-2,7768,JBKVHLHDHHXQEQ-UHFFFAOYSA-N,C6H11NO,113.16,C1CCC(=O)NCC1,confirmed_organic,organic_reagent,,telegram:minatajhiz,Iranian supplier Telegram catalogue,listing_evidence_crawled_2026-08-24,https://t.me/minatajhiz/953,,ai_normalised_listing+pubchem_confirmed,verified_telegram_listing,2023-01-02,2b69fb7a7ddf60c8f585f91c58763560a840a3c25dbe5bbe485097842a282eea
"benzene-1,4-diamine","benzene-1,4-diamine",,106-50-3,7814,CBCKQZAAMUWICA-UHFFFAOYSA-N,C6H8N2,108.14,C1=CC(=CC=C1N)N,confirmed_organic,,,telegram:ChemIranSanat,public Telegram (seller_research),product_page_listed_not_current_stock_verified,https://t.me/ChemIranSanat/1588,p-phenylenediamine | شیمی رنگ مو پایه اغلب رنگ موها پارا-فنیلن دی آمین و پارا-آمینو فنول می باشد. حضور ترکیبات اکسنده و بازی موجب تغییرات رنگ و نفوذ آن به مو میشود. مشتقات دیگر آنیلین و فنول نیز برای انواع رنگ ها استفاده می گردد. 🆔 @ChemIran1,router_batch+pubchem,verified_telegram_listing,2026-08-25,dab682c03dd385c2f7577ee61444e374ae512f48ee78f6cd2ef2d76e3bd4483b
dimethyl butanedioate,dimethyl butanedioate,dimethyl butanedioate,106-65-0,7820,MUXOBHXGJLMRAB-UHFFFAOYSA-N,C6H10O4,146.14,,confirmed_organic,,,TamadKala,Iranian online wholesale/lab shop,product_page_listed_not_current_stock_verified,https://tamadkala.com/product/17307/اسید-آمینه-ال-پرولین-bioultra,L-Proline | اسید آمینه ال پرولین bioultra,ai_hop:arena-router+pubchem,verified_web_catalogue,2026-08-25,a6fe7e15044f6d5330e50c6e1990e1c155754b1f8deee76947280ebc0e690462
dimethyl decanedioate,Dimethyl sebacate,dimethyl decanedioate; Dimethyl sebacate,106-79-6,7829,ALOUNLDAKADEEB-UHFFFAOYSA-N,C12H22O4,230.30,COC(=O)CCCCCCCCC(=O)OC,confirmed_organic,organic_reagent,,TamadKala,Iranian online wholesale/lab shop,product_page_listed_not_current_stock_verified,https://tamadkala.com/product/101083/%D8%AF%DB%8C-%D9%85%D8%AA%DB%8C%D9%84-%D8%B3%D8%A8%D8%A7%D8%B3%D8%A7%D8%AA-%D8%B3%DB%8C%DA%AF%D9%85%D8%A7,دی متیل سباسات سیگما,router_title_normalization,verified_catalogue,2026-08-23,912ff6c395164f133d1667d24efc4b2feac31807e1924665b04cfa5e1191c404
oxiran-2-ylmethyl prop-2-enoate,Glycidyl acrylate,,,7836,RPQRDASANLAFCM-UHFFFAOYSA-N,C6H8O3,128.13,C=CC(=O)OCC1CO1,confirmed_organic,organic_reagent,research,telegram:Maran_Tejarat_Eshen,Iranian supplier catalogue,listing_evidence_crawled_2026-08-24,,,ai_normalised_listing+pubchem_confirmed,verified_catalogue,2026-08-24,e5bac965fe2616753a560f6d0473d2ca2932136d592130c6d947a7d10be57518
oxiran-2-ylmethyl 2-methylprop-2-enoate,Glycidyl methacrylate,oxiran-2-ylmethyl 2-methylprop-2-enoate; Glycidyl methacrylate,106-91-2,7837,VOZRXNHHFUQHIL-UHFFFAOYSA-N,C7H10O3,142.15,CC(=C)C(=O)OCC1CO1,confirmed_organic,organic_reagent,research,Telegram: ChemIranSanat,Iranian supplier Telegram catalogue,listed_not_current_stock_verified,https://t.me/ChemIranSanat/1812,oxiran-2-ylmethyl 2-methylprop-2-enoate,existing skill export,verified_catalogue,2026-08-23,962b6fc26a6c8a0581f821dfee50040d092647ba76a69ef191a8cd67082bb145
1-bromopropane,1-Bromopropane,,106-94-5,7840,CYNYIHKIEHGYOZ-UHFFFAOYSA-N,C3H7Br,122.99,CCCBr,confirmed_organic,organic_reagent,,telegram:minatajhiz,Iranian supplier Telegram catalogue,listing_evidence_crawled_2026-08-24,https://t.me/minatajhiz/941,,ai_normalised_listing+pubchem_confirmed,verified_telegram_listing,2022-12-12,54e023a73d2cd56b816d6cf7b2c641368083c4bd3e56f4c22218e3150c55373c
3-bromoprop-1-ene,Allyl bromide,3-bromoprop-1-ene; Allyl bromide,,7841,BHELZAPQIKSEDF-UHFFFAOYSA-N,C3H5Br,120.98,C=CCBr,confirmed_organic,organic_reagent,research,Telegram: minatajhiz,Iranian supplier Telegram catalogue,listed_not_current_stock_verified,https://t.me/minatajhiz/1003,3-bromoprop-1-ene,existing skill export,verified_catalogue,2026-08-23,f8a2699c05d1f2ad1bbde3cac4bd48faa1deb801ecd8e6a634cdfa2895ab7d6c
3-bromoprop-1-yne,Propargyl bromide,3-bromoprop-1-yne; Propargyl bromide; propargyl bromide,106-96-7,7842,YORCIIVHUBAYBQ-UHFFFAOYSA-N,C3H3Br,118.96,C#CCBr,confirmed_organic,organic_reagent,research,Telegram: minatajhiz,Iranian supplier Telegram catalogue,listed_not_current_stock_verified,https://t.me/minatajhiz/941,propargyl bromide,existing skill export,verified_catalogue,2026-08-23,54b15b0c141a9e030092e6c34f27a52324706aab7f180e1d9bf30864fca707a3
butane,Butane,,106-97-8,7843,IJDNQMDRQITEOD-UHFFFAOYSA-N,C4H10,58.12,CCCC,confirmed_organic,organic_reagent,,telegram:Boof_company,Iranian supplier Telegram catalogue,listing_evidence_crawled_2026-08-24,https://t.me/Boof_company/61,,ai_normalised_listing+pubchem_confirmed,verified_telegram_listing,2026-05-19,e3f093e4ffc7908cf0518e42a640e6c0dbf9ab50c69cda43f9a7c4e8d7dd8e2a
propan-1-amine,Propylamine,propan-1-amine; Propylamine,,7852,WGYKZJWCGVVSQN-UHFFFAOYSA-N,C3H9N,59.11,CCCN,confirmed_organic,organic_reagent,,TamadKala,Iranian online wholesale/lab shop,product_page_listed_not_current_stock_verified,,پروپیل آمین | ...,router_title_normalization,verified_catalogue,2026-08-23,7eda5ef1947523c8686b3d07f41839582c026256ac0467289172ca23056ad01f
prop-2-enenitrile,Acrylonitrile,prop-2-enenitrile; Acrylonitrile,107-13-1,7855,NLHHRLWOUZZQLW-UHFFFAOYSA-N,C3H3N,53.06,C=CC#N,confirmed_organic,organic_reagent,research,Telegram: ChemIranSanat,Iranian supplier Telegram catalogue,listed_not_current_stock_verified,https://t.me/ChemIranSanat/1664,prop-2-enenitrile,existing skill export,verified_catalogue,2026-08-23,645b4b4dc5d6ed6cf2be1ebcbee674f7e5814e849376e33ace6133d348ed4114
Allyl Alcohol,Allyl alcohol,,,7858,XXROGKLTLUQVRX-UHFFFAOYSA-N,C3H6O,58.08,C=CCO,confirmed_organic,organic_reagent,,Fardad Shimi,web_catalogue,listing_evidence_crawled_2026-08-23,https://fardadshimi.com/product/allyl-alcohol-merck/,allyl alcohol merck,ai_resolved+pubchem,verified_web_catalogue,2026-08-23,47b9d554ec410fce895a987ff79ab7bb301dc7f159c56a76e22d0d4a93356640
oxaldehyde,Glyoxal,,107-22-2,7860,LEQAOMBKQFMDFZ-UHFFFAOYSA-N,C2H2O2,58.04,C(=O)C=O,confirmed_organic,organic_reagent,,telegram:minatajhiz,Iranian supplier Telegram catalogue,listing_evidence_crawled_2026-08-24,https://t.me/minatajhiz/851,,ai_normalised_listing+pubchem_confirmed,verified_telegram_listing,2022-03-02,522b264dfe133b89377ff6098c023b2a882057a2664c9f646c6a9b745eab45f9
"2,4,4-trimethylpent-2-ene","2,4,4-Trimethyl-2-pentene","2,4,4-trimethylpent-2-ene; 2,4,4-Trimethyl-2-pentene",107-40-4,7869,LAAVYEUJEMRIGF-UHFFFAOYSA-N,C8H16,112.21,CC(=CC(C)(C)C)C,confirmed_organic,organic_reagent,research,Telegram: minatajhiz,Iranian supplier Telegram catalogue,listed_not_current_stock_verified,,"2,4,4-trimethylpent-2-ene",existing skill export,verified_catalogue,2026-08-23,7974990078fd2cf64e4d5ccd5c59a10879f4a16914343a07791ceba19391dda5
2-[fluoro(methyl)phosphoryl]oxypropane,Sarin,,107-44-8,7871,DYAHQFWOVKZOOW-UHFFFAOYSA-N,C4H10FO2P,140.09,CC(C)OP(=O)(C)F,confirmed_organic,organic_reagent,,telegram:ChemIranSanat,Iranian supplier Telegram catalogue,listing_evidence_crawled_2026-08-24,https://t.me/ChemIranSanat/562,,ai_normalised_listing+pubchem_confirmed,verified_telegram_listing,2017-08-14,a8e3f866cabcd0b5de2ddcd46c4da14de63b0847d6d0c5666d8b4be3573956eb
"butane-1,3-diol","1,3-Butanediol","butane-1,3-diol; 1,3-Butanediol",,7896,PUPZLCDOIYMWBV-UHFFFAOYSA-N,C4H10O2,90.12,CC(CCO)O,confirmed_organic,organic_reagent,research,Telegram: minatajhiz,Iranian supplier Telegram catalogue,listed_not_current_stock_verified,https://t.me/minatajhiz/481,"butane-1,3-diol",existing skill export,verified_catalogue,2026-08-23,cd7ed987c17809c73ba73709fe9a69185620d7c7064a7570e05fedd782296811
2-(dimethylamino)ethanol,Dimethylaminoethanol,2-(dimethylamino)ethanol; Dimethylaminoethanol,108-01-0,7902,UEEJHVSXFDXPFK-UHFFFAOYSA-N,C4H11NO,89.14,CN(C)CCO,confirmed_organic,organic_reagent,,TamadKala,Iranian online wholesale/lab shop,product_page_listed_not_current_stock_verified,https://tamadkala.com/product/18286/%D8%AF%DB%8C-%D9%85%D8%AA%DB%8C%D9%84-%D8%A7%D8%AA%D8%A7%D9%86%D9%88%D9%84-%D8%A2%D9%85%DB%8C%D9%86-dmea,دی متیل اتانول آمین dmea,router_title_normalization,verified_catalogue,2026-08-23,0b53f2be249967dd5d79f40f88ee8b2f93429af3e4352d38bc67c23848254f96
ethenyl acetate,vinyl acetate,ethenyl acetate; vinyl acetate,108-05-4,7904,XTXRWKRVRITETP-UHFFFAOYSA-N,C4H6O2,86.09,CC(=O)OC=C,confirmed_organic,organic_reagent,research,TamadKala; Telegram: Maran_Tejarat_Eshen; ShimiMan; IR Chem / Pishgaman,Iranian online wholesale/lab shop | Iranian supplier Telegram catalogue,listed_not_current_stock_verified | product_page_listed_not_current_stock_verified,https://t.me/Maran_Tejarat_Eshen/640,ethenyl acetate | وینیل استات امرتات شیمی گرید for synthesis | ...,existing skill export | router_title_normalization,verified_catalogue,2026-08-23,7dfc747715dcd19b37196ef352c249b63fddf7480fe3b7c8a9acbf91d5e4d0aa
4-methylpentan-2-one,Methyl isobutyl ketone,4-methylpentan-2-one; Methyl isobutyl ketone,108-10-1,7909,NTIZESTWPVYFNL-UHFFFAOYSA-N,C6H12O,100.16,CC(C)CC(=O)C,confirmed_organic,organic_reagent,research,TamadKala; Mojallali Group,Iranian online wholesale/lab shop,product_page_listed_not_current_stock_verified,https://drm-chem.com/en/product/methyl-isobutyl-ketone-en/,متیل ایزوبوتیل کتون lab دکتر مجللی | ...,router_title_normalization,verified_catalogue,2026-08-23,dcaf6c01c6b425dc6ba9beaae59baa43a010a0a0a3a3580382ad9b55f222711f
4-methylpentan-2-ol,4-Methyl-2-Pentanol,4-methylpentan-2-ol; 4-Methyl-2-Pentanol,,7910,WVYWICLMDOOCFB-UHFFFAOYSA-N,C6H14O,102.17,CC(C)CC(C)O,confirmed_organic,organic_reagent,research,Telegram: minatajhiz,Iranian supplier Telegram catalogue,listed_not_current_stock_verified,https://t.me/minatajhiz/1019,4-methylpentan-2-ol,existing skill export,verified_catalogue,2026-08-23,75028b30bba4508cccfef48109c6b1c0c2dafb5cbfe1174cd912c539a4ed76c9
N-propan-2-ylpropan-2-amine,Diisopropylamine,N-propan-2-ylpropan-2-amine; Diisopropylamine,108-18-9,7912,UAOMVDZJSHZZME-UHFFFAOYSA-N,C6H15N,101.19,CC(C)NC(C)C,confirmed_organic,organic_reagent,,TamadKala,Iranian online wholesale/lab shop,product_page_listed_not_current_stock_verified,https://tamadkala.com/product/18509/%D8%AF%DB%8C-%D8%A7%DB%8C%D8%B2%D9%88-%D9%BE%D8%B1%D9%88%D9%BE%DB%8C%D9%84-%D8%A2%D9%85%DB%8C%D9%86,دی ایزو پروپیل آمین,router_title_normalization,verified_catalogue,2026-08-23,06181d8e07a34d44e02271bf7b2f3d658ef97a8839387024ce680c346af7ace6
carbamoylurea,carbamoylurea,carbamoylurea,108-19-0,7913,OHJMTUPIZMNBFR-UHFFFAOYSA-N,C2H5N3O2,103.08,C(=O)(N)NC(=O)N,confirmed_organic,,,Mojallali Group,Iranian WooCommerce catalogue,product_page_listed_not_current_stock_verified,https://drm-chem.com/en/product/biuret-lab-en/,BIURET,cas_pubchem,verified_web_catalogue,2026-08-25,31119cb64ec0bbd1a852318abea6d0ad016718f5dee40d269eecfde8337540bd
acetyl acetate,Acetic anhydride,acetyl acetate; Acetic anhydride,108-24-7,7918,WFDIJRYMOXRFFG-UHFFFAOYSA-N,C4H6O3,102.09,CC(=O)OC(=O)C,confirmed_organic,organic_reagent,,TamadKala,Iranian online wholesale/lab shop,product_page_listed_not_current_stock_verified,https://tamadkala.com/product/164674/%D8%A7%D9%86%DB%8C%D8%AF%D8%B1%DB%8C%D8%AF-%D8%A7%D8%B3%D8%AA%DB%8C%DA%A9-%DA%A9%D8%AF-320102-%D8%B3%DB%8C%DA%AF%D9%85%D8%A7,انیدرید استیک 98 پارس شیمی | انیدرید استیک کد 320102 سیگما,router_title_normalization,verified_catalogue,2026-08-23,8488ce0d838fe42fc8f47c3368231d5a48600edec1e4d21fd6c1a21fb7f286ec
"furan-2,5-dione",Maleic Anhydride,"furan-2,5-dione; Maleic Anhydride; Maleic anhydride",,7923,FPYJFEHAWHCUMM-UHFFFAOYSA-N,C4H2O3,98.06,C1=CC(=O)OC1=O,confirmed_organic,organic_reagent,research,Telegram: minatajhiz,Iranian supplier Telegram catalogue,listed_not_current_stock_verified,https://t.me/minatajhiz/1018,"furan-2,5-dione",existing skill export,verified_catalogue,2026-08-23,a057e6c55395a959270c24c63b78e6e19b01425c678be865fcb2c0983ffa96f9
"4-methyl-1,3-dioxolan-2-one",Propylene carbonate,"4-methyl-1,3-dioxolan-2-one; Propylene carbonate; Propylene Carbonate",,7924,RUOJZAUFBMNUDX-UHFFFAOYSA-N,C4H6O3,102.09,CC1COC(=O)O1,confirmed_organic,organic_reagent,research,TamadKala; Telegram: minatajhiz,Iranian online wholesale/lab shop | Iranian supplier Telegram catalogue,listed_not_current_stock_verified | product_page_listed_not_current_stock_verified,https://t.me/minatajhiz/1076,"4-methyl-1,3-dioxolan-2-one | پروپیلن کربنات",existing skill export | router_title_normalization,verified_catalogue,2026-08-23,f35cacd5436c8984ff555d35022597a1edd6784687bc343c11957b6f49d12676
1-bromo-3-chlorobenzene,1-Bromo-3-chlorobenzene,,,7928,JRGGUPZKKTVKOV-UHFFFAOYSA-N,C6H4BrCl,191.45,C1=CC(=CC(=C1)Br)Cl,confirmed_organic,organic_reagent,,telegram:minatajhiz,Iranian supplier Telegram catalogue,listing_evidence_crawled_2026-08-24,https://t.me/minatajhiz/170,,ai_normalised_listing+pubchem_confirmed,verified_telegram_listing,2017-11-01,1c25a6aa1aa00dcddf630e40a868616f471548908ce5a434b59c2b0f7565ab9f
"benzene-1,3-diamine",M-Phenylenediamine,"benzene-1,3-diamine; M-Phenylenediamine",,7935,WZCQRUWWHSTZEM-UHFFFAOYSA-N,C6H8N2,108.14,C1=CC(=CC(=C1)N)N,confirmed_organic,organic_reagent,research,Telegram: minatajhiz,Iranian supplier Telegram catalogue,listed_not_current_stock_verified,https://t.me/minatajhiz/1086,"benzene-1,3-diamine",existing skill export,verified_catalogue,2026-08-23,fbfba25b86464300b40d8889dbc645fb09bff432bdf022d1d33983c1a19c9fa1
"1,3,5-triazine-2,4,6-triamine",Melamine,"1,3,5-triazine-2,4,6-triamine; Melamine",108-78-1,7955,JDSHMPZPIAZGSV-UHFFFAOYSA-N,C3H6N6,126.12,C1(=NC(=NC(=N1)N)N)N,confirmed_organic,organic_reagent,research,Fardad Shimi; Telegram: ChemIranSanat,Iranian online lab-chemical shop | Iranian supplier Telegram catalogue,listed_not_current_stock_verified | product_page_listed_not_current_stock_verified,https://t.me/ChemIranSanat/1905,"1,3,5-triazine-2,4,6-triamine | ملامین MERCK | ...",existing skill export | router_title_normalization,verified_catalogue,2026-08-23,cef3831dccbe1b153b380c3e574d5b413640c5590ea9327ac74f9ac07d889c8e
chlorobenzene,chlorobenzene,,108-90-7,7964,MVPPADPHJFYWMZ-UHFFFAOYSA-N,C6H5Cl,112.55,C1=CC=C(C=C1)Cl,confirmed_organic,,,telegram:ATRmedShop,public Telegram (seller_research),product_page_listed_not_current_stock_verified,https://t.me/ATRmedShop/773,"N,N'-Methylenebisacrylamide | N ،N’-متیلن بیس اکریل آمید گرید N ،N’-متیلن بیس آکریل‌ آمید در آماده‌سازی ژل پلی آکریل‌ آمید برای جداسازی اسیدهای نوکلئیک و پروتئین‌ها در الکتروفورز کاربرد دارد. بیس آکریل‌آمید با آکریل‌آمید پلیمریزه شده و پیوندهای متقابل را در داخل ژل پلی آکریل‌آمید ایجاد می‌کند. این محصول قادر به ایجاد یک شبکه به‌جای زنجیره‌های خطی است که به حفظ استحکام ژل کمک می‌کند. ژل پلی آکریل‌ آمید با استفاده از ... برای مشاهده ادامه مطلب، قیمت آنلاین و خرید اینترنتی ان ان متیلن بیس آکریل‌ آم",router_batch+pubchem,verified_telegram_listing,2026-08-25,b11b51aec12941c062b208113d471eeb0ba9cfdb170c921a08dece0b84b51099
Cyclohexanone,Cyclohexanone,Cyclohexanone; cyclohexanone,108-94-1,7967,JHIVVAPYMSGYDF-UHFFFAOYSA-N,C6H10O,98.14,C1CCC(=O)CC1,confirmed_organic,organic_reagent,,Mojallali Group,web_catalogue,listing_evidence_crawled_2026-08-23,https://drm-chem.com/en/product/cyclohexanone-en/,Cyclohexanone,pubchem_direct,verified_web_catalogue,2026-08-23,e96ea1a15ee98486b6f98ac39e16f3c06b7c61ef332a4cb291418109f3104954
1-bromobutane,Butyl bromide,1-bromobutane; Butyl bromide; Bromobutane,109-65-9,8002,MPPPKRYCTPRNTB-UHFFFAOYSA-N,C4H9Br,137.02,CCCCBr,confirmed_organic,organic_reagent,research,Telegram: minatajhiz,Iranian supplier Telegram catalogue,listed_not_current_stock_verified,https://t.me/minatajhiz/1089,1-bromobutane,existing skill export,verified_catalogue,2026-08-23,9c1a99633a408fe9cdd709a16d3bd99e56fb1b499bcca888ad8cffbfe347d963
pentane,n-Pentane,pentane; n-Pentane,109-66-0,8003,OFBQJSOFQDEBGM-UHFFFAOYSA-N,C5H12,72.15,CCCCC,confirmed_organic,organic_reagent,research,Fardad Shimi; TamadKala; Telegram: minatajhiz; Mojallali Group; ShimiMan,Iranian online lab-chemical shop | Iranian online wholesale/lab shop | Iranian supplier Telegram catalogue,listed_not_current_stock_verified | product_page_listed_not_current_stock_verified,https://fardadshimi.com/product/6199240/,pentane | ان پنتان laboratory دکتر مجللی | ... | ان پنتان دکتر مجللی | پنتان نرمال,existing skill export | router_title_normalization,verified_catalogue,2026-08-23,fe4c66c9055ff752aee6894fc06735deda7a80fbffef085773d7967c5fb418d3
1-chlorobutane,1-Chlorobutane,1-chlorobutane; 1-Chlorobutane,109-69-3,8005,VFWCMGCRMGJXDK-UHFFFAOYSA-N,C4H9Cl,92.57,CCCCCl,confirmed_organic,organic_reagent,research,TamadKala,Iranian online wholesale/lab shop,product_page_listed_not_current_stock_verified,,1 کلروبوتان extra pure نوترون 1 | ... | 1 کلروبوتان hplc نوترون | ...,router_title_normalization,verified_catalogue,2026-08-23,9a1d981ecc4319959bd8c680858fba79265e42bf06101920ddc29a93f026f71a
butan-1-amine,n-Butylamine,butan-1-amine; n-Butylamine,109-73-9,8007,HQABUPZFAYXKJW-UHFFFAOYSA-N,C4H11N,73.14,CCCCN,confirmed_organic,organic_reagent,,TamadKala,Iranian online wholesale/lab shop,product_page_listed_not_current_stock_verified,https://tamadkala.com/product/34948/%D8%A7%D9%86-%D8%A8%D9%88%D8%AA%DB%8C%D9%84-%D8%A2%D9%85%DB%8C%D9%86,ان بوتیل آمین,router_title_normalization,verified_catalogue,2026-08-23,8e077135ae8357496bab42e9deef779eb3a35f2db889b3f342e1b6feee91cf03
propanedinitrile,Malononitrile,propanedinitrile; Malononitrile; malononitrile,109-77-3,8010,CUONGYYJJVDODC-UHFFFAOYSA-N,C3H2N2,66.06,C(C#N)C#N,confirmed_organic,organic_reagent,research,Telegram: minatajhiz,Iranian supplier Telegram catalogue,listed_not_current_stock_verified,https://t.me/minatajhiz/995,propanedinitrile,existing skill export,verified_catalogue,2026-08-23,7d74d67a7c6300fd2e1d0efea38178982115083aa2298928eabfadb61df084f4
2-methoxyethanol,2-Methoxyethanol,2-methoxyethanol; 2-Methoxyethanol,,8019,XNWFRZJHXBZDAG-UHFFFAOYSA-N,C3H8O2,76.09,COCCO,confirmed_organic,organic_reagent,,TamadKala,Iranian online wholesale/lab shop,product_page_listed_not_current_stock_verified,,2 متوکسی اتانول | ...,router_title_normalization,verified_catalogue,2026-08-23,1a463c266b759f77f0b5b05c267236ba8cbc7a8d09b5fbef9d67647e80c799ac
dimethoxymethane,Dimethoxymethane,,,8020,NKDDWNXOKDWJAK-UHFFFAOYSA-N,C3H8O2,76.09,COCOC,confirmed_organic,organic_reagent,,telegram:minatajhiz,Iranian supplier Telegram catalogue,listing_evidence_crawled_2026-08-24,https://t.me/minatajhiz/1087,,ai_normalised_listing+pubchem_confirmed,verified_telegram_listing,2024-01-08,8ee74b33429ad5d1dd535f66e26056ca87fef7cc6a2aab01f321abd233f31812
N-ethylethanamine,Diethylamine,N-ethylethanamine; Diethylamine,109-89-7,8021,HPNMFZURTQLUMO-UHFFFAOYSA-N,C4H11N,73.14,CCNCC,confirmed_organic,organic_reagent,,TamadKala,Iranian online wholesale/lab shop,product_page_listed_not_current_stock_verified,https://tamadkala.com/product/18302/%D8%AF%DB%8C-%D8%A7%D8%AA%DB%8C%D9%84-%D8%A2%D9%85%DB%8C%D9%86,دی اتیل آمین,router_title_normalization,verified_catalogue,2026-08-23,8cb374d256a8f8fc3804aef5473b97c4ea368832e4cad621ff1afd39e8f7ca44
ethyl formate,Ethyl formate,ethyl formate; Ethyl formate,109-94-4,8025,WBJINCZRORDGAQ-UHFFFAOYSA-N,C3H6O2,74.08,CCOC=O,confirmed_organic,organic_reagent,research,Telegram: ChemIranSanat,Iranian supplier Telegram catalogue,listed_not_current_stock_verified,https://t.me/ChemIranSanat/1005,ethyl formate,existing skill export,verified_catalogue,2026-08-23,8ab239eda3a87aa46e64820d4078a07cad78cb7dffe6d52901074c7dcf11970a
1H-pyrrole,Pyrrole,1H-pyrrole; Pyrrole,,8027,KAESVJOAVNADME-UHFFFAOYSA-N,C4H5N,67.09,C1=CNC=C1,confirmed_organic,organic_reagent,,telegram:minatajhiz,Iranian supplier Telegram catalogue,listing_evidence_crawled_2026-08-24,https://t.me/minatajhiz/65,پیرول Pyrrole کد محصول مرک 807492 بار جدید رسید   حجم های  25 و  100 سی سی,ai_normalised_listing+pubchem_confirmed,verified_telegram_listing,2017-05-27,e143132436eeed9186ab24f9e240d844b9fcfda43a8d21d2de1c4bb8d7be85b0
oxolane,tetrahydrofuran,oxolane; tetrahydrofuran,109-99-9,8028,WYURNTSHIVDZCO-UHFFFAOYSA-N,C4H8O,72.11,C1CCOC1,confirmed_organic,organic_reagent,research,Fardad Shimi; TamadKala; Telegram: Boof_company; Telegram: LabTel; Telegram: fanchem; Telegram: jahaneshimicom; Mojallali Group; ShimiMan; telegram:minatajhiz; telegram:ChemIranSanat,Iranian online lab-chemical shop | Iranian online wholesale/lab shop | Iranian supplier Telegram catalogue,listed_not_current_stock_verified | product_page_listed_not_current_stock_verified,https://fardadshimi.com/product/6199372/,tetrahydrofuran | تترا هیدرو فوران extra pure دکتر مجللی | تترا هیدروفوران دکتر مجللی | تتراهیدروفوران صنعتی | ... | تتراهیدروفوران مرک MERCK | فروش تتراهیدروفوران,existing skill export | router_title_normalization,verified_catalogue,2026-08-23,6e48baf664e19d082be5e0303720f2f74206a7c62c217e8bc4cceec24e8890de
5-methylhexan-2-one,5-Methyl-2-hexanone,5-methylhexan-2-one; 5-Methyl-2-hexanone,123-92-2,8034,FFWSICBKRCICMR-UHFFFAOYSA-N,C7H14O,114.19,CC(C)CCC(=O)C,confirmed_organic,organic_reagent,,TamadKala,Iranian online wholesale/lab shop,product_page_listed_not_current_stock_verified,https://tamadkala.com/product/146370/5-%D9%85%D8%AA%DB%8C%D9%84-2-%D9%87%DA%AF%D8%B2%D8%A7%D9%86%D9%88%D9%86,5 متیل 2 هگزانون,router_title_normalization,verified_catalogue,2026-08-23,ad1256c54e4ae09fbc7a88f11877f11a57b23bd3bea15e0428c76212b53b7556
"N,N,N',N'-tetramethylethane-1,2-diamine","N,N,N',N'-Tetramethylethylenediamine","N,N,N',N'-tetramethylethane-1,2-diamine; N,N,N',N'-Tetramethylethylenediamine",110-18-9,8037,KWYHDKDOAIKMQN-UHFFFAOYSA-N,C6H16N2,116.20,CN(C)CCN(C)C,confirmed_organic,organic_reagent,research,Telegram: ChemIranSanat; telegram:ATRmedShop,Iranian supplier Telegram catalogue,listed_not_current_stock_verified,https://t.me/ChemIranSanat/1374,"N,N,N',N'-tetramethylethane-1,2-diamine",existing skill export,verified_catalogue,2026-08-23,9bff7fd0ba202670e89148e782dd45a11cc859d8990152c0f22af900fd733f2b
N-[(prop-2-enoylamino)methyl]prop-2-enamide,Methylenebisacrylamide,,,8041,ZIUHHBKFKCYYJD-UHFFFAOYSA-N,C7H10N2O2,154.17,C=CC(=O)NCNC(=O)C=C,confirmed_organic,organic_reagent,,telegram:minatajhiz,Iranian supplier Telegram catalogue,listing_evidence_crawled_2026-08-24,https://t.me/minatajhiz/981,,ai_normalised_listing+pubchem_confirmed,verified_telegram_listing,2023-02-21,52a0c2abd9b2e50a59de1dae5ae78f70ac2c2e0e90b0cd9becd69fc4e477d029
propan-2-yl tetradecanoate,Isopropyl Myristate,propan-2-yl tetradecanoate; Isopropyl Myristate,,8042,AXISYYRBXTVTFY-UHFFFAOYSA-N,C17H34O2,270.5,CCCCCCCCCCCCCC(=O)OC(C)C,confirmed_organic,cosmetic_raw_material,,BehChin Chemi Pharmed,Iranian supplier API/intermediate catalogue,supplier_catalogue_listed_not_current_stock_verified,https://www.behchinchemi.ir/en/our-products/cosmetic-materials,Isopropyl Myristate,supplier_table,verified_catalogue,2026-08-23,16b599646faa95ed2d670e695b857c4d03d6903414233ac64790809ed06ffb78
N-[2-(octadecanoylamino)ethyl]octadecanamide,Ethylenebis(stearamide),N-[2-(octadecanoylamino)ethyl]octadecanamide; Ethylenebis(stearamide),,8044,RKISUIUJZGSLEV-UHFFFAOYSA-N,C38H76N2O2,593.0,CCCCCCCCCCCCCCCCCC(=O)NCCNC(=O)CCCCCCCCCCCCCCCCC,confirmed_organic,organic_reagent,unknown,Telegram: chemgroup,Iranian supplier Telegram catalogue,listed_not_current_stock_verified,https://t.me/chemgroup/1498,N-[2-(octadecanoylamino)ethyl]octadecanamide,existing skill export,verified_catalogue,2026-08-23,3fd0fa016a2a1acfae46b6a4ed7897de8099e23cac552c8953944fa1c9d86f3c
hexane,Hexane,hexane; Hexane,110-54-3,8058,VLKZOEOYAKHREP-UHFFFAOYSA-N,C6H14,86.18,CCCCCC,confirmed_organic,organic_reagent,research,Fardad Shimi; TamadKala; Telegram: ChemIranSanat; Telegram: chemgroup; Telegram: minatajhiz; Mojallali Group; ShimiMan; IR Chem / Pishgaman; telegram:Ch_Chemical_leaders,Iranian online lab-chemical shop | Iranian online wholesale/lab shop | Iranian supplier Telegram catalogue,listed_not_current_stock_verified | product_page_listed_not_current_stock_verified,https://fardadshimi.com/product/6199234/,hexane | n هگزان امرتات شیمی گرید extra pure 55 | ان هگزان acs دکتر مجللی | ... | ان هگزان extra pure دکتر مجللی | ... | ان هگزان laboratory دکتر مجللی | ... | ان هگزان دکتر مجللی | فروش هگزان | ...,existing skill export | router_title_normalization,verified_catalogue,2026-08-23,a6fe1f46cd2556c1c58c46b1149d7848ab306eced9b65a4607c8e327c5570a8f
"butane-1,4-diol","1,4-Butanediol","butane-1,4-diol; 1,4-Butanediol",,8064,WERYXYBDKMZEQL-UHFFFAOYSA-N,C4H10O2,90.12,C(CCO)CO,confirmed_organic,organic_reagent,research,Telegram: minatajhiz,Iranian supplier Telegram catalogue,listed_not_current_stock_verified,https://t.me/minatajhiz/683,"butane-1,4-diol",existing skill export,verified_catalogue,2026-08-23,b1d49536b7e7b000827ef935fc0f829291e1547edcd96677b89dc679f065e739
2-ethoxyethanol,Glycol monoethyl ether,,110-80-5,8076,ZNQVEEAIQZEUHB-UHFFFAOYSA-N,C4H10O2,90.12,CCOCCO,confirmed_organic,organic_reagent,,telegram:Boof_company,Iranian supplier Telegram catalogue,listing_evidence_crawled_2026-08-24,https://t.me/Boof_company/38,,ai_normalised_listing+pubchem_confirmed,verified_telegram_listing,2026-02-14,ecb6f64d201f868094dde1dd484d4506bf6bdb33617d4f69b587022b53358b39
cyclohexane,Cyclohexane,cyclohexane; Cyclohexane,110-82-7,8078,XDTMQSROBMDMFD-UHFFFAOYSA-N,C6H12,84.16,C1CCCCC1,confirmed_organic,organic_reagent,research,Fardad Shimi; TamadKala,Iranian online lab-chemical shop | Iranian online wholesale/lab shop,product_page_listed_not_current_stock_verified,https://fardadshimi.com/product/6468372/,سیکلو هگزان MERCK | سیکلوهگزان lab دکتر مجللی,router_title_normalization,verified_catalogue,2026-08-23,81e9c408bc79a3a5941598ee4e6894b5869e4c9b235537b454c7393693ebe428
1-bromohexane,1-Bromohexane,,,8101,MNDIARAMWBIKFW-UHFFFAOYSA-N,C6H13Br,165.07,CCCCCCBr,confirmed_organic,organic_reagent,,telegram:minatajhiz,Iranian supplier Telegram catalogue,listing_evidence_crawled_2026-08-24,https://t.me/minatajhiz/182,,ai_normalised_listing+pubchem_confirmed,verified_telegram_listing,2017-11-07,f4dbcef6cea9b9b42ff7a3ddf334df6fd9e9d265628022d073be2ea61d8e1f78
hexan-1-ol,1-Hexanol,,111-27-3,8103,ZSIAUFGUXNUGDI-UHFFFAOYSA-N,C6H14O,102.17,CCCCCCO,confirmed_organic,organic_reagent,,telegram:minatajhiz,Iranian supplier Telegram catalogue,listing_evidence_crawled_2026-08-24,https://t.me/minatajhiz/1051,,ai_normalised_listing+pubchem_confirmed,verified_telegram_listing,2023-07-25,dd9541e1c770453deb6820fe302e36abf575a9e42d7783974b30b330ca3b5831
"N'-(2-aminoethyl)ethane-1,2-diamine",Diethylenetriamine,"N'-(2-aminoethyl)ethane-1,2-diamine; Diethylenetriamine",111-40-0,8111,RPNUMPOLZDHAAY-UHFFFAOYSA-N,C4H13N3,103.17,C(CNCCN)N,confirmed_organic,organic_reagent,research,Telegram: minatajhiz,Iranian supplier Telegram catalogue,listed_not_current_stock_verified,https://t.me/minatajhiz/976,"N'-(2-aminoethyl)ethane-1,2-diamine",existing skill export,verified_catalogue,2026-08-23,d6a8f30117172b01dc13cbc3e7fdcac9e134556f0485d5149ed3d0c1e19b3632
2-(2-hydroxyethylamino)ethanol,Diethanolamine,2-(2-hydroxyethylamino)ethanol; Diethanolamine,111-42-2,8113,ZBCBWPMODOFKDW-UHFFFAOYSA-N,C4H11NO2,105.14,C(CO)NCCO,confirmed_organic,organic_reagent,research,Chemical Iran; DigiShimi; Fardad Shimi; Isatis Shimi; TamadKala,Iranian online chemical shops | Iranian online lab-chemical shop | Iranian online research/chemical shop | Iranian online wholesale/lab shop,product_page_listed_not_current_stock_verified,https://digishimii.ir/Product/%d8%af%db%8c-%d8%a7%d8%aa%d8%a7%d9%86%d9%88%d9%84-%d8%a2%d9%85%db%8c%d9%86/,Di Ethanol Amine (DEA) | Diethanolamine (DEA) | دی اتانول آمین | دی اتانول آمین extra pure دکتر مجللی | ... | دی اتانول آمین extra pure نوترون | ... | دی اتانول آمین laboratory دکتر مجللی | ... | دی اتانول آمین دکتر مجللی,explicit_category_supplement | router_title_normalization,verified_catalogue,2026-08-23,81b8946304ec23fba98057d5d2f6b3db4448a9633a586ece53a5f88c3f95ee1e
2-(2-hydroxyethoxy)ethanol,Diethylene glycol,2-(2-hydroxyethoxy)ethanol; Diethylene glycol; Diethylene Glycol; DEG,111-46-6,8117,MTHSVFCYNBDYFN-UHFFFAOYSA-N,C4H10O3,106.12,C(COCCO)O,confirmed_organic,organic_reagent,industrial,Chemical Iran; DigiShimi; Isatis Shimi,Iranian online chemical shops | Iranian online research/chemical shop,product_page_listed_not_current_stock_verified,https://digishimii.ir/Product/%d8%af%db%8c-%d8%a7%d8%aa%db%8c%d9%84%d9%86-%da%af%d9%84%db%8c%da%a9%d9%88%d9%84/,Di Ethylene Glycol (DEG) | Diethylene Glycol (DEG) | دی اتیلن گلیکول,explicit_category_supplement | router_title_normalization,verified_catalogue,2026-08-23,235ba8782214b77da7e0ff469ab913bbb3b9cc64fd27cff545cf9703c8bd31eb
heptan-1-ol,Heptanol,,111-70-6,8129,BBMCTIGTTCKYKF-UHFFFAOYSA-N,C7H16O,116.20,CCCCCCCO,confirmed_organic,organic_reagent,,telegram:minatajhiz,Iranian supplier Telegram catalogue,listing_evidence_crawled_2026-08-24,https://t.me/minatajhiz/98,,ai_normalised_listing+pubchem_confirmed,verified_telegram_listing,2017-09-18,70d7975f888f08498beb5f5ec6a378e74112f9961c2e3b1242e566c626685006
2-butoxyethanol,2-Butoxyethanol,2-butoxyethanol; 2-Butoxyethanol,111-76-2,8133,POAOYUHQDCAZBD-UHFFFAOYSA-N,C6H14O2,118.17,CCCCOCCO,confirmed_organic,organic_reagent,industrial,Telegram: Maran_Tejarat_Eshen,Iranian supplier Telegram catalogue,listed_not_current_stock_verified,,2-butoxyethanol,existing skill export,verified_catalogue,2026-08-23,ffe899ee987d3c2eef9b2c9762f8dc4f9606da5aac3bc34e052a6bd8b9db8eab
2-(2-methoxyethoxy)ethanol,Diethylene glycol monomethyl ether,2-(2-methoxyethoxy)ethanol; Diethylene glycol monomethyl ether,109-86-4,8134,SBASXUCJHJRPEV-UHFFFAOYSA-N,C5H12O3,120.15,COCCOCCO,confirmed_organic,organic_reagent,research,Fardad Shimi; TamadKala,Iranian online lab-chemical shop | Iranian online wholesale/lab shop,product_page_listed_not_current_stock_verified,https://fardadshimi.com/product/6199347/,دی اتیلن گلایکول مونو متیل اتر | دی اتیلن گلایکول مونو متیل اتر lab دکتر مج | ... | دی اتیلن گلایکول مونومتیل اتر دکتر مجللی,router_title_normalization,verified_catalogue,2026-08-23,77a47c7fde62d89ccb340d9a5fbf5ee97628facefb665018deecd67aaba96d96
1-bromooctane,1-Bromooctane,,,8140,VMKOFRJSULQZRM-UHFFFAOYSA-N,C8H17Br,193.12,CCCCCCCCBr,confirmed_organic,organic_reagent,,telegram:minatajhiz,Iranian supplier Telegram catalogue,listing_evidence_crawled_2026-08-24,https://t.me/minatajhiz/184,,ai_normalised_listing+pubchem_confirmed,verified_telegram_listing,2017-11-08,ad7da3682cec7cd7b74cd7c11987bb4454c0f930962456d8e54ab201f329cde3
2-[2-(2-hydroxyethoxy)ethoxy]ethanol,butyl diglycol,2-[2-(2-hydroxyethoxy)ethoxy]ethanol; butyl diglycol,112-27-6,8146,XXJWXESWEXIICW-UHFFFAOYSA-N,C6H14O3,134.17,CCOCCOCCO,confirmed_organic,organic_reagent,research,Chemical Iran; DigiShimi; Fardad Shimi; Isatis Shimi; TamadKala,Iranian online chemical shops | Iranian online lab-chemical shop | Iranian online research/chemical shop | Iranian online wholesale/lab shop,product_page_listed_not_current_stock_verified,https://digishimii.ir/Product/%d8%aa%d8%b1%db%8c-%d8%a7%d8%aa%db%8c%d9%84%d9%86-%da%af%d9%84%db%8c%da%a9%d9%88%d9%84/,Tri Ethylene Glycol (TEG) | بوتیل دی گلایکول صنعتی | ... | تری اتیلن گلیکول | خرید تری‌ اتیلن گلایکول (TEG) | دی اتیلن گلایکول مونو اتیل اتر | دی اتیلن گلایکول مونو اتیل اتر lab دکتر مج | ... | دی اتیلن گلایکول مونواتیل اتر دکتر مجللی | دی اتیلن گلایکول مونوبوتیل اتر | دی اتیلن گ,explicit_category_supplement | router_title_normalization,verified_catalogue,2026-08-23,5888e4d88596dd48ceede3af1df0f69bb197e6f8e1e2262d33cd470b2d12152f
N-butylbutan-1-amine,Dibutylamine,N-butylbutan-1-amine; Dibutylamine,,8148,JQVDAXLFBXTEQA-UHFFFAOYSA-N,C8H19N,129.24,CCCCNCCCC,confirmed_organic,organic_reagent,research,Telegram: minatajhiz,Iranian supplier Telegram catalogue,listed_not_current_stock_verified,https://t.me/minatajhiz/1007,N-butylbutan-1-amine,existing skill export,verified_catalogue,2026-08-23,31cde444cecaa7ab4e7280c33ba9515711b7644fa2c8e9d3a7306648812e1b06
Hexadecyltrimethylammonium chloride,Hexadecyltrimethylammonium chloride,Hexadecyltrimethylammonium chloride; hexadecyl(trimethyl)azanium chloride,112-02-7,8154,WOWHHFRSBJGXCM-UHFFFAOYSA-M,C19H42ClN,320.0,CCCCCCCCCCCCCCCC[N+](C)(C)C.[Cl-],confirmed_organic,organic_reagent,research,telegram:minatajhiz; telegram:ATRmedShop,telegram:minatajhiz,telegram_listing_evidence,https://t.me/minatajhiz/643,814087 merck Hexadecyltrimethylammonium chloride,structured_pubchem,verified_telegram_listing,2026-08-23,2af93ca30b3fe4fa5f40e692cfd428dbe32706a7637ab66b4846763904914998
Triethylene Glycol,Triethylene Glycol,Triethylene Glycol; 2-[2-(2-hydroxyethoxy)ethoxy]ethanol,,8172,ZIBGPFATKBEMQZ-UHFFFAOYSA-N,C6H14O4,150.17,C(COCCOCCO)O,confirmed_organic,organic_reagent,industrial,Chemical Iran,telegram:Chemical Iran,telegram_listing_evidence,,"Tri Ethylene Glycol (TEG). Anti-freeze Lubricants &amp; Automotive, Oil Gas &amp; Petroleum, Plastic &amp; Polyester, Soaps &amp; Detergents, Textile. Origin: Iran Packing: 230 KG HDPE / Steel Drum, Flexi tank, IBC tank Minimum Order Quantity : 1 full container / truck Payment term: 100% in advance",structured_pubchem(over_alias),verified_telegram_listing,2026-08-23,c549dfc6258e5f99f3359e7c5ffc85f9adfa416d50ed77ed9cc45875b06984a7
2-(2-butoxyethoxy)ethanol,Diethylene Glycol Monobutyl Ether,,,8177,OAYXUHPQHDHDDZ-UHFFFAOYSA-N,C8H18O3,162.23,CCCCOCCOCCO,confirmed_organic,organic_reagent,,telegram:Boof_company,Iranian supplier Telegram catalogue,listing_evidence_crawled_2026-08-24,https://t.me/Boof_company/31,,ai_normalised_listing+pubchem_confirmed,verified_telegram_listing,2025-12-08,958da034e72550ef6887fcd63cd4c23b084e5a53289e74b3b039fe97d07ba8f9
dodecane-1-thiol,dodecanethiol,dodecane-1-thiol; dodecanethiol,,8195,WNAHIZMDSQCWRP-UHFFFAOYSA-N,C12H26S,202.40,CCCCCCCCCCCCS,confirmed_organic,organic_reagent,,TamadKala,Iranian online wholesale/lab shop,product_page_listed_not_current_stock_verified,,دودکانتیول | ...,router_title_normalization,verified_catalogue,2026-08-23,9b96dba937b38512cb1db8056260743221b00898008a62c9b1df2e912d9e3f42
"N'-[2-[2-(2-aminoethylamino)ethylamino]ethyl]ethane-1,2-diamine",Tetraethylenepentamine,"N'-[2-[2-(2-aminoethylamino)ethylamino]ethyl]ethane-1,2-diamine; Tetraethylenepentamine; tetraethylene pentamine",112-57-2,8197,FAGUFWYHJQFNRV-UHFFFAOYSA-N,C8H23N5,189.30,C(CNCCNCCNCCN)N,confirmed_organic,organic_reagent,research,Telegram: ChemIranSanat; Telegram: minatajhiz,Iranian supplier Telegram catalogue,listed_not_current_stock_verified,https://t.me/ChemIranSanat/392,"N'-[2-[2-(2-aminoethylamino)ethylamino]ethyl]ethane-1,2-diamine",existing skill export,verified_catalogue,2026-08-23,3158ccfcf84113f094a6dd2bb90526f64f62b07101361b79e251578bf0c9d4f6
octadec-1-ene,1-Octadecene,octadec-1-ene; 1-Octadecene,112-88-9,8217,CCCMONHAUSKTEQ-UHFFFAOYSA-N,C18H36,252.5,CCCCCCCCCCCCCCCCC=C,confirmed_organic,organic_reagent,research,Telegram: minatajhiz,Iranian supplier Telegram catalogue,listed_not_current_stock_verified,https://t.me/minatajhiz/986,octadec-1-ene,existing skill export,verified_catalogue,2026-08-23,a090aeaa1d2a1705d12fe2bdf70c5ab799d45a8371c02009e4402556879fbdc8
octadecan-1-ol,Stearyl Alcohol,octadecan-1-ol; Stearyl Alcohol,112-92-5,8221,GLDOVTGHNKAZLK-UHFFFAOYSA-N,C18H38O,270.5,CCCCCCCCCCCCCCCCCCO,confirmed_organic,organic_reagent,,Isatis Shimi; TamadKala,Iranian online chemical shops | Iranian online wholesale/lab shop,product_page_listed_not_current_stock_verified,https://isatisshimi.com/en/product/stearyl-alcohol-2/,Stearyl Alcohol | ستو استئاریل الکل | ستیل الکل,router_title_normalization,verified_catalogue,2026-08-23,d25878a95c0cad951623517338dbc06d30e5abe2cbe04dedbf943b5d04286584
prop-1-ene,Propylene,,,8252,QQONPFPTGQHPMA-UHFFFAOYSA-N,C3H6,42.08,CC=C,confirmed_organic,organic_reagent,,telegram:IranChemicals,Iranian supplier Telegram catalogue,listing_evidence_crawled_2026-08-24,https://t.me/Iranchemicals/30721,,ai_normalised_listing+pubchem_confirmed,verified_telegram_listing,2025-12-18,93ce391f619bc1938a1c3d97a09f252d5b40d40d032f32ada4fa731dd75a2315
"2,6-dibromo-4-[3-(3,5-dibromo-4-hydroxyphenyl)-1,1-dioxo-2,1lambda6-benzoxathiol-3-yl]phenol",Bromophenol blue,"2,6-dibromo-4-[3-(3,5-dibromo-4-hydroxyphenyl)-1,1-dioxo-2,1lambda6-benzoxathiol-3-yl]phenol; Bromophenol blue",115-39-9,8272,UDSAIICHUKSCKT-UHFFFAOYSA-N,C19H10Br4O5S,670.0,C1=CC=C2C(=C1)C(OS2(=O)=O)(C3=CC(=C(C(=C3)Br)O)Br)C4=CC(=C(C(=C4)Br)O)Br,confirmed_organic,colorant_or_indicator,research,Fardad Shimi; TamadKala,Iranian online lab-chemical shop | Iranian online research/chemical shop | Iranian online wholesale/lab shop,product_page_listed_not_current_stock_verified,https://tamadkala.com/product/23498/%D8%A8%D8%B1%D9%88%D9%85%D9%88%D9%81%D9%86%D9%84-%D8%A8%D9%84%D9%88-acs-%D8%AF%DA%A9%D8%AA%D8%B1-%D9%85%D8%AC%D9%84%D9%84%DB%8C,بروموفنل بلو ACS دکتر مجللی | بروموفنل بلو acs دکتر مجللی | بروموفنل بلو مرک MERCK,explicit_category_supplement | router_title_normalization,verified_catalogue,2026-08-23,9e227adc924780dc9eca761b7438073d8dc32ec4f619af34ae84bbeef22c1f0d
"2-bromo-4-[3-(3-bromo-4-hydroxy-5-methylphenyl)-1,1-dioxo-2,1lambda6-benzoxathiol-3-yl]-6-methylphenol",Bromocresol purple,"2-bromo-4-[3-(3-bromo-4-hydroxy-5-methylphenyl)-1,1-dioxo-2,1lambda6-benzoxathiol-3-yl]-6-methylphenol; Bromocresol purple; bromocresol purple",115-40-2,8273,ABIUHPWEYMSGSR-UHFFFAOYSA-N,C21H16Br2O5S,540.2,CC1=CC(=CC(=C1O)Br)C2(C3=CC=CC=C3S(=O)(=O)O2)C4=CC(=C(C(=C4)C)O)Br,confirmed_organic,organic_reagent,research,Fardad Shimi; TamadKala; Mojallali Group; telegram:ATRmedShop,Iranian online lab-chemical shop | Iranian online wholesale/lab shop,product_page_listed_not_current_stock_verified,https://tamadkala.com/product/173826/%D8%A8%D8%B1%D9%88%D9%85%D9%88%DA%A9%D8%B1%D9%88%D8%B2%D9%88%D9%84-%D8%A8%D9%86%D9%81%D8%B4-acs-%D8%AF%DA%A9%D8%AA%D8%B1-%D9%85%D8%AC%D9%84%D9%84%DB%8C,bromocresol purple | بروموکروزول بنفش acs دکتر مجللی | بروموکروزول پرپل مرک MERCK | معرف برومو كرزول پورپل قطران شیمی,router_title_normalization,verified_catalogue,2026-08-23,2cd6cff4a1abc510e9d6f3b8d594d1c2daedd09df352c9d2d9ee54c629aa1dd5
triphenyl phosphate,Triphenyl Phosphate,,115-86-6,8289,XZZNDPSIHUTMOC-UHFFFAOYSA-N,C18H15O4P,326.3,C1=CC=C(C=C1)OP(=O)(OC2=CC=CC=C2)OC3=CC=CC=C3,confirmed_organic,organic_reagent,,telegram:chemgroup,Iranian supplier Telegram catalogue,listing_evidence_crawled_2026-08-24,https://t.me/chemgroup/615,,ai_normalised_listing+pubchem_confirmed,verified_telegram_listing,2015-12-30,a42f75d3e71ecab25414f383e642d98d83060e22a0ada9e334e3dfb3cf70045f
"bis(2-ethylhexyl) benzene-1,2-dicarboxylate",Di(2-ethylhexyl) phthalate,"bis(2-ethylhexyl) benzene-1,2-dicarboxylate; Di(2-ethylhexyl) phthalate; DOP",117-81-7,8343,BJQHLKABXJIVAM-UHFFFAOYSA-N,C24H38O4,390.6,CCCCC(CC)COC(=O)C1=CC=CC=C1C(=O)OCC(CC)CCCC,confirmed_organic,organic_reagent,industrial,Telegram: jahaneshimicom,Iranian supplier Telegram catalogue,listed_not_current_stock_verified,https://t.me/jahaneshimicom/109,"bis(2-ethylhexyl) benzene-1,2-dicarboxylate",existing skill export,verified_catalogue,2026-08-23,9927f1ef2a11c3f32d0360f57d1f8b3dec292cf3759ca7c689ba283c24d4c6b7
di-N-Octyl Phthalate,Dioctyl phthalate,,,8346,MQIUGAXCHLFZKX-UHFFFAOYSA-N,C24H38O4,390.6,CCCCCCCCOC(=O)C1=CC=CC=C1C(=O)OCCCCCCCC,confirmed_organic,organic_reagent,,jahaneshimicom,telegram,listing_evidence_crawled_2026-08-23,https://t.me/jahaneshimicom/57,سلام یک بشکه روغن DOP برای رنگ زیره کفش نیاز داریم 09191138854,ai_resolved+pubchem,verified_telegram_listing,2026-08-23,1c2a89c3e8ae4b7c0690913d53f2016ddafa8141a996af00234d95f1c8881b97
"1H-3,1-benzoxazine-2,4-dione",Isatoic Anhydride,"1H-3,1-benzoxazine-2,4-dione; Isatoic Anhydride",,8359,TXJUTRJFNRYTHH-UHFFFAOYSA-N,C8H5NO3,163.13,C1=CC=C2C(=C1)C(=O)OC(=O)N2,confirmed_organic,organic_reagent,research,Telegram: ChemIranSanat,Iranian supplier Telegram catalogue,listed_not_current_stock_verified,https://t.me/ChemIranSanat/1693,"1H-3,1-benzoxazine-2,4-dione",existing skill export,verified_catalogue,2026-08-23,ab05d58a76b3cfd908165fc77948d31be97d1dfa4fdc0379f3735daef83013f1
2-chlorobenzoic acid,Chlorobenzoic acid,2-chlorobenzoic acid; Chlorobenzoic acid,,8374,IKCLCGXPQILATA-UHFFFAOYSA-N,C7H5ClO2,156.56,C1=CC=C(C(=C1)C(=O)O)Cl,confirmed_organic,,,telegram:minatajhiz,public Telegram (seller_research),product_page_listed_not_current_stock_verified,https://t.me/minatajhiz/1033,4-کلرو بنزوئیک اسید 4-Chlorobenzoic acid کد محصول مرک 800476 واردات جدید مرک,structured_pubchem,verified_telegram_listing,2026-08-25,490b9dbff90ff775ca4cb2ef4e3d45303281bcdac3d65af24b132dcc242ab2a8
1-(2-hydroxyphenyl)ethanone,1-(2-hydroxyphenyl)ethanone,,118-93-4,8375,JECYUBVRTQDVAT-UHFFFAOYSA-N,C8H8O2,136.15,CC(=O)C1=CC=CC=C1O,confirmed_organic,,,telegram:ATRmedShop,public Telegram (seller_research),product_page_listed_not_current_stock_verified,https://t.me/ATRmedShop/511,Tetramethylbenzidine (TMB) | پودر سوبسترا TMB ‌‏⁧ ‌‌‏‌محصولات سیگما اصل را از ما بخواهید. 👇 واردات و فروش مواد شیمیایی سیگما و مرک 👇 ‌ ‌ ‌ ☎️ تلفن: ۰۲۱۶۶۳۶۱۵۴۳-۶۶۳۷۹۰۲۶-۰۲۱ ‌ 📱 موبایل: 09120549893 🌐 لینک محصول: https://atrmed.com/product/%d8%b3%d9%88%d8%a8%d8%b3%d8%aa%d8%b1%d8%a7%db%8c-tmb/ #اثل_طب #مواد_ازمایشگاهی #مواد_شیمیایی #بیولوژی #بیولوژی_مولکولی,router_batch+pubchem,verified_telegram_listing,2026-08-25,70f25c9204e444bb5dcf9248434b55cab6f409e3ce56de05339cb97cc5ba8e58
"2-(2,4-dichlorophenoxy)propanoic acid",Dichlorprop,,120-36-5,8427,MZHCENGPTKEIGP-UHFFFAOYSA-N,C9H8Cl2O3,235.06,CC(C(=O)O)OC1=C(C=C(C=C1)Cl)Cl,confirmed_organic,organic_reagent,,telegram:minatajhiz,Iranian supplier Telegram catalogue,listing_evidence_crawled_2026-08-24,https://t.me/minatajhiz/991,,ai_normalised_listing+pubchem_confirmed,verified_telegram_listing,2023-03-02,56f8962877c1075120026b46a4d24a7670862027a51c68bdfda2ec2ba595446a
"1,3-diphenylpropane-1,3-dione",Dibenzoylmethane,"1,3-diphenylpropane-1,3-dione; Dibenzoylmethane",,8433,NZZIMKJIVMHWJC-UHFFFAOYSA-N,C15H12O2,224.25,C1=CC=C(C=C1)C(=O)CC(=O)C2=CC=CC=C2,confirmed_organic,organic_reagent,research,Telegram: minatajhiz,Iranian supplier Telegram catalogue,listed_not_current_stock_verified,https://t.me/minatajhiz/1023,"1,3-diphenylpropane-1,3-dione",existing skill export,verified_catalogue,2026-08-23,e779a5bc16c61eb15f791e4f3d11acf01f7682c2e735e5a0443fb3528b7b5cd0
ethyl 4-hydroxybenzoate,Ethyl paraben,ethyl 4-hydroxybenzoate; Ethyl paraben,120-61-6,8434,NUVBSKCKDOMJSU-UHFFFAOYSA-N,C9H10O3,166.17,CCOC(=O)C1=CC=C(C=C1)O,confirmed_organic,organic_reagent,research,TamadKala,Iranian online wholesale/lab shop,product_page_listed_not_current_stock_verified,,اتیل پارابن سیگما usp کد 1267000 | ...,router_title_normalization,verified_catalogue,2026-08-23,c4fb19722b54e84ca648efa4d304a56a71379974e738720e6a4996e5b11f7132
"1-methyl-2,4-dinitrobenzene","2,4-Dinitrotoluene",,121-14-2,8461,RMBFBMJGBANMMK-UHFFFAOYSA-N,C7H6N2O4,182.13,CC1=C(C=C(C=C1)[N+](=O)[O-])[N+](=O)[O-],confirmed_organic,organic_reagent,,telegram:ChemIranSanat,Iranian supplier Telegram catalogue,listing_evidence_crawled_2026-08-24,https://t.me/ChemIranSanat/1368,,ai_normalised_listing+pubchem_confirmed,verified_telegram_listing,2018-04-09,ed8a536137c40ba10edb6091378076202d8130f4b9548a54568bd48e801bad2c
3-ethoxy-4-hydroxybenzaldehyde,Ethylvanillin,3-ethoxy-4-hydroxybenzaldehyde; Ethylvanillin,121-32-4,8467,CBOQJANXLMLOSS-UHFFFAOYSA-N,C9H10O3,166.17,CCOC1=C(C=CC(=C1)C=O)O,confirmed_organic,fragrance_or_aroma,research,Telegram: ChemIranSanat,Iranian supplier Telegram catalogue,listed_not_current_stock_verified,https://t.me/ChemIranSanat/1735,3-ethoxy-4-hydroxybenzaldehyde,existing skill export,verified_catalogue,2026-08-23,b8f805706e3463b43acd4c2d67be295e06768d1bff3e0c5a89c234103cc2ea1c
4-hydroxy-3-methoxybenzoic acid,Vanillic Acid,4-hydroxy-3-methoxybenzoic acid; Vanillic Acid; vanillic acid,121-34-6,8468,WKOLLVMJNQIZCI-UHFFFAOYSA-N,C8H8O4,168.15,COC1=C(C=CC(=C1)C(=O)O)O,confirmed_organic,organic_reagent,research,Telegram: ChemIranSanat,Iranian supplier Telegram catalogue,listed_not_current_stock_verified,https://t.me/ChemIranSanat/1370,4-hydroxy-3-methoxybenzoic acid,existing skill export,verified_catalogue,2026-08-23,7b32987cf6ebc6f88b2a8a35dd852b22ee891b72df3252703f1a31f4eeec532e
trimethyl borate,Trimethyl borate,,,8470,WRECIMRULFAWHA-UHFFFAOYSA-N,C3H9BO3,103.92,B(OC)(OC)OC,confirmed_organic,organic_reagent,,telegram:chemgroup,Iranian supplier Telegram catalogue,listing_evidence_crawled_2026-08-24,https://t.me/chemgroup/2305,,ai_normalised_listing+pubchem_confirmed,verified_telegram_listing,2016-10-18,ac0c80da465b5cd0539abb6f879b4747e32d3152d2a165c93b30787f2ee58ac8
"N,N-diethylethanamine",Triethylamine,,121-44-8,8471,ZMANZCXQSJIPKH-UHFFFAOYSA-N,C6H15N,101.19,CCN(CC)CC,confirmed_organic,organic_reagent,,telegram:minatajhiz,Iranian supplier Telegram catalogue,listing_evidence_crawled_2026-08-24,https://t.me/minatajhiz/196,,ai_normalised_listing+pubchem_confirmed,verified_telegram_listing,2017-11-14,7db81d6d6911410ddf15672a7a25d3015e38def88211c8f9736075283004d53d
"benzyl-dimethyl-[2-[2-[4-(2,4,4-trimethylpentan-2-yl)phenoxy]ethoxy]ethyl]azanium chloride","benzyl-dimethyl-[2-[2-[4-(2,4,4-trimethylpentan-2-yl)phenoxy]ethoxy]ethyl]azanium chloride","benzyl-dimethyl-[2-[2-[4-(2,4,4-trimethylpentan-2-yl)phenoxy]ethoxy]ethyl]azanium chloride",121-54-0,8478,UREZNYTWGJKWBI-UHFFFAOYSA-M,C27H42ClNO2,448.1,CC(C)(C)CC(C)(C)C1=CC=C(C=C1)OCCOCC[N+](C)(C)CC2=CC=CC=C2.[Cl-],confirmed_organic,,,Mojallali Group,Iranian WooCommerce catalogue,product_page_listed_not_current_stock_verified,https://drm-chem.com/en/product/benzethonium-chloride-en/,Benzethonium chloride,cas_pubchem,verified_web_catalogue,2026-08-25,c9933ae855dd93484db4f069864a0ca84283f204afed7a0152a5ec291ee938a1
Sulfanilic acid,Sulfanilic Acid,Sulfanilic acid; Sulfanilic Acid; 4-aminobenzenesulfonic acid,121-57-3,8479,HVBSAKJJOYLTQU-UHFFFAOYSA-N,C6H7NO3S,173.19,C1=CC(=CC=C1N)S(=O)(=O)O,confirmed_organic,organic_reagent,,Mojallali Group,web_catalogue,listing_evidence_crawled_2026-08-23,https://drm-chem.com/en/product/sulfanilic-acid-lab-en/,Sulfanilic Acid,pubchem_direct,verified_web_catalogue,2026-08-23,0d0908614a18ba7ba14f98decaef8ab5e2e4c3643747d6f02a373506f437283c
"benzene-1,3-dicarboxylic acid",Isophthalic Acid,"benzene-1,3-dicarboxylic acid; Isophthalic Acid",,8496,QQVIHTHCMHWDBS-UHFFFAOYSA-N,C8H6O4,166.13,C1=CC(=CC(=C1)C(=O)O)C(=O)O,confirmed_organic,organic_reagent,industrial,Telegram: Maran_Tejarat_Eshen,Iranian supplier Telegram catalogue,listed_not_current_stock_verified,https://t.me/Maran_Tejarat_Eshen/540,"benzene-1,3-dicarboxylic acid",existing skill export,verified_catalogue,2026-08-23,21779286b63c7ce3369516235567eda3e98bde23c488b7d8f10a97f5bd58e647
"sodium 4-[[4-(diethylamino)phenyl]-(4-diethylazaniumylidenecyclohexa-2,5-dien-1-ylidene)methyl]benzene-1,3-disulfonate","sodium 4-[[4-(diethylamino)phenyl]-(4-diethylazaniumylidenecyclohexa-2,5-dien-1-ylidene)methyl]benzene-1,3-disulfonate","sodium 4-[[4-(diethylamino)phenyl]-(4-diethylazaniumylidenecyclohexa-2,5-dien-1-ylidene)methyl]benzene-1,3-disulfonate",129-17-9,8507,SJEYSFABYSGQBG-UHFFFAOYSA-M,C27H31N2NaO6S2,566.7,CCN(CC)C1=CC=C(C=C1)C(=C2C=CC(=[N+](CC)CC)C=C2)C3=C(C=C(C=C3)S(=O)(=O)[O-])S(=O)(=O)[O-].[Na+],confirmed_organic,,,Mojallali Group,Iranian WooCommerce catalogue,product_page_listed_not_current_stock_verified,https://drm-chem.com/en/product/disulfine-blue-vn-150-indicator-en/,Disulfine blue,cas_pubchem,verified_web_catalogue,2026-08-25,22e37eaeb97e66a33eda510cdb2e97cae6f43d1287ffd9f012aa65afdde6a318
naphthalen-1-amine,Alpha-naphthylamine,naphthalen-1-amine; Alpha-naphthylamine,,8640,RUFPHBVGCFYCNW-UHFFFAOYSA-N,C10H9N,143.18,C1=CC=C2C(=C1)C=CC=C2N,confirmed_organic,organic_reagent,,TamadKala,Iranian online wholesale/lab shop,product_page_listed_not_current_stock_verified,https://tamadkala.com/product/149112/%D8%A2%D9%84%D9%81%D8%A7-%D9%86%D9%81%D8%AA%DB%8C%D9%84-%D8%A2%D9%85%DB%8C%D9%86,آلفا نفتیل آمین,router_title_normalization,verified_catalogue,2026-08-23,d5a2ca6c94d14e1aa3a31c8bb29b0572a6294b30b028fc16ac2a151e6e1401c6
methyl 2-cyanoprop-2-enoate,Methyl cyanoacrylate,,,8711,MWCLLHOVUTZFKS-UHFFFAOYSA-N,C5H5NO2,111.10,COC(=O)C(=C)C#N,confirmed_organic,organic_reagent,,telegram:chemgroup,Iranian supplier Telegram catalogue,listing_evidence_crawled_2026-08-24,https://t.me/chemgroup/1519,,ai_normalised_listing+pubchem_confirmed,verified_telegram_listing,2016-04-19,994c67ea39656abdb136432e99a9aeac69a74d12cdf406e0386c89b11daf2b84
2-phenylacetonitrile,Phenylacetonitrile,2-phenylacetonitrile; Phenylacetonitrile; Benzyl cyanide,,8794,SUSQOBVLVYHIEX-UHFFFAOYSA-N,C8H7N,117.15,C1=CC=C(C=C1)CC#N,confirmed_organic,organic_reagent,,telegram:minatajhiz,Iranian supplier Telegram catalogue,listing_evidence_crawled_2026-08-24,https://t.me/minatajhiz/808,Benzyl cyanide      801811,ai_normalised_listing+pubchem_confirmed,verified_telegram_listing,2021-08-22,fa68a3016ce9649b0fd8e5791cc0eb201dffdcda6888a3731de77f211b0b0339
2-piperazin-1-ylethanamine,Aminoethylpiperazine,,,8795,IMUDHTPIFIBORV-UHFFFAOYSA-N,C6H15N3,129.20,C1CN(CCN1)CCN,confirmed_organic,organic_reagent,,telegram:minatajhiz,Iranian supplier Telegram catalogue,listing_evidence_crawled_2026-08-24,https://t.me/minatajhiz/1074,,ai_normalised_listing+pubchem_confirmed,verified_telegram_listing,2023-11-01,80590e309e9f58b7e0e1da4b06abd92a5da69b38516c38c2c626580df4c541db
ethyl prop-2-enoate,Ethyl Acrylate,ethyl prop-2-enoate; Ethyl Acrylate,,8821,JIGUQPWFLRLWPJ-UHFFFAOYSA-N,C5H8O2,100.12,CCOC(=O)C=C,confirmed_organic,organic_reagent,industrial,Telegram: Boof_company,Iranian supplier Telegram catalogue,listed_not_current_stock_verified,https://t.me/Boof_company/58,ethyl prop-2-enoate,existing skill export,verified_catalogue,2026-08-23,db1b8daf8f2f03887cfd3590d628b1f2b460b33c64d692268d7c46f579a692ce
butyl prop-2-enoate,Butyl Acrylate,butyl prop-2-enoate; Butyl Acrylate; butyl acrylate,141-32-2,8846,CQEYYJKEWSMYFG-UHFFFAOYSA-N,C7H12O2,128.17,CCCCOC(=O)C=C,confirmed_organic,organic_reagent,research,Telegram: Boof_company; Telegram: ChemIranSanat; Telegram: IranChemicals; Telegram: Maran_Tejarat_Eshen,Iranian supplier Telegram catalogue,listed_not_current_stock_verified,https://t.me/Boof_company/23,butyl prop-2-enoate,existing skill export,verified_catalogue,2026-08-23,4e801659f4b85b355d8986d1a0aa03175b35a1895c0d55912e2a4ab88ae0e303
ethyl acetate,ethyl acetate,ethyl acetate,141-78-6,8857,XEKOWRVHYACXOJ-UHFFFAOYSA-N,C4H8O2,88.11,CCOC(=O)C,confirmed_organic,,,TamadKala; DigiShimi; Chemical Iran; Mojallali Group; ShimiMan; IR Chem / Pishgaman; telegram:IranChemicals,Iranian online wholesale/lab shop,product_page_listed_not_current_stock_verified,https://tamadkala.com/product/5626/فروش-اتیل-استات-2,فروش اتیل استات 2,alias+cas_pubchem,verified_web_catalogue,2026-08-25,e642b97fdb4966a4e5efc89ee96c9cddb6924325a2ec958d261d76e85017bc38
ethyl 3-oxobutanoate,Ethyl Acetoacetate,ethyl 3-oxobutanoate; Ethyl Acetoacetate,,8868,XYIBRDXRRQCHLP-UHFFFAOYSA-N,C6H10O3,130.14,CCOC(=O)CC(=O)C,confirmed_organic,organic_reagent,research,Telegram: minatajhiz,Iranian supplier Telegram catalogue,listed_not_current_stock_verified,https://t.me/minatajhiz/787,ethyl 3-oxobutanoate,existing skill export,verified_catalogue,2026-08-23,a20513dc44f27ff8bf3ac6da7e8035a51e41f3833663db79c45e4719a7ffa0f2
hexanoic acid,Hexanoic Acid,hexanoic acid; Hexanoic Acid,142-62-1,8892,FUZZWVXGSFPDMH-UHFFFAOYSA-N,C6H12O2,116.16,CCCCCC(=O)O,confirmed_organic,organic_reagent,research,Telegram: ChemIranSanat; Telegram: minatajhiz,Iranian supplier Telegram catalogue,listed_not_current_stock_verified,https://t.me/ChemIranSanat/1384,hexanoic acid,existing skill export,verified_catalogue,2026-08-23,194da1a33e6472bcb8bcbf9ac86d15ed3901d236cdebcdb9f66952f316f0f308
copper diacetate,Copper(II) Acetate,copper diacetate; Copper(II) Acetate,,8895,OPQARKPSCNTWTJ-UHFFFAOYSA-L,C4H6CuO4,181.63,CC(=O)[O-].CC(=O)[O-].[Cu+2],confirmed_organic,organic_reagent,,TamadKala,Iranian online wholesale/lab shop,product_page_listed_not_current_stock_verified,https://tamadkala.com/product/72359/%D8%A7%D8%B3%D8%AA%D8%A7%D8%AA-%D9%85%D8%B3-%D9%82%D8%B7%D8%B1%D8%A7%D9%86-%D8%B4%DB%8C%D9%85%DB%8C,استات مس قطران شیمی,router_title_normalization,verified_catalogue,2026-08-23,3d9b3630db07d40621fb672c7f57b64eda2a8124d6be4f5993ff66428d79a868
heptane,n-Heptane,heptane; n-Heptane,142-82-5,8900,IMNFDUFMRHMDMM-UHFFFAOYSA-N,C7H16,100.20,CCCCCCC,confirmed_organic,organic_reagent,research,Fardad Shimi; TamadKala; Telegram: jahaneshimicom; Mojallali Group; ShimiMan,Iranian online lab-chemical shop | Iranian online wholesale/lab shop | Iranian supplier Telegram catalogue,listed_not_current_stock_verified | product_page_listed_not_current_stock_verified,https://fardadshimi.com/product/6199244/,heptane | ان هپتان laboratory دکتر مجللی | ... | ان هپتان دکتر مجللی,existing skill export | router_title_normalization,verified_catalogue,2026-08-23,01d3e9466bb6ad4a78b2c64c86e9db253e22874746d4fb05087cfa6cacf590aa
nonan-1-ol,1-Nonanol,,143-08-8,8914,ZWRUINPWMLAQRD-UHFFFAOYSA-N,C9H20O,144.25,CCCCCCCCCO,confirmed_organic,organic_reagent,,telegram:minatajhiz,Iranian supplier Telegram catalogue,listing_evidence_crawled_2026-08-24,https://t.me/minatajhiz/1093,,ai_normalised_listing+pubchem_confirmed,verified_telegram_listing,2024-02-14,2dae4b248f53a890ab63cbeeb35f3e75d7b4fede2925ae0ac90d80f2045552ca
(benzyldisulfanyl)methylbenzene,Dibenzyl disulfide,(benzyldisulfanyl)methylbenzene; Dibenzyl disulfide,150-60-7,9012,GVPWHKZIJBODOX-UHFFFAOYSA-N,C14H14S2,246.4,C1=CC=C(C=C1)CSSCC2=CC=CC=C2,confirmed_organic,organic_reagent,,TamadKala,Iranian online wholesale/lab shop,product_page_listed_not_current_stock_verified,,دی بنزیل دی سولفید | ...,router_title_normalization,verified_catalogue,2026-08-23,9e7080f789e77fdcdef88bcffcb2331f86dd73e362b8c88181cc22c9b3c1e761
aziridine,pei,aziridine; pei,,9033,NOWKCMXCCJGMRR-UHFFFAOYSA-N,C2H5N,43.07,C1CN1,confirmed_organic,,,TamadKala,Iranian online wholesale/lab shop,product_page_listed_not_current_stock_verified,https://tamadkala.com/product/96342/پلی-اتر-ایمید-pei,پلی اتر ایمید pei,structured_pubchem,verified_web_catalogue,2026-08-25,26ea5f827be2c9347c35eefcd69edb85dd30d0190dda36a7f6166a7b38acb8ef
"1,4-diazabicyclo[2.2.2]octane",Dabco,"1,4-diazabicyclo[2.2.2]octane; Dabco",280-57-9,9237,IMNIMPAHZVJRPE-UHFFFAOYSA-N,C6H12N2,112.17,C1CN2CCN1CC2,confirmed_organic,organic_reagent,research,Telegram: ChemIranSanat; Telegram: IranChemicals,Iranian supplier Telegram catalogue,listed_not_current_stock_verified,https://t.me/ChemIranSanat/1865,"1,4-diazabicyclo[2.2.2]octane",existing skill export,verified_catalogue,2026-08-23,1b8445064b98303752cae2fbce08f5b701796154aaf6b63ce864b58f00c514ab
"1H-1,2,4-triazole","1H-1,2,4-Triazole","1H-1,2,4-triazole; 1H-1,2,4-Triazole",288-88-0,9257,NSPMIYGKQJPBQR-UHFFFAOYSA-N,C2H3N3,69.07,C1=NC=NN1,confirmed_organic,organic_reagent,research,Telegram: minatajhiz,Iranian supplier Telegram catalogue,listed_not_current_stock_verified,https://t.me/minatajhiz/984,"1H-1,2,4-triazole",existing skill export,verified_catalogue,2026-08-23,e46407e2a890da38292a4ae284964269531b699fcc1dd5604d4ee56a78b54b23
Bis(2-ethylhexyl) phosphate,Bis(2-ethylhexyl) phosphate,Bis(2-ethylhexyl) phosphate; bis(2-ethylhexyl) hydrogen phosphate,,9275,SEGLCEQVOFDUPX-UHFFFAOYSA-N,C16H35O4P,,CCCCC(CC)COP(=O)(O)OCC(CC)CCCC,confirmed_organic,organic_reagent,research,telegram:minatajhiz,telegram:minatajhiz,telegram_listing_evidence,,نام فارسی: بیس 2_ اتیل هگزیل فسفات نام ماده: Bis(2-ethylhexyl) phosphate مختصر: Bis(2-ethylhexyl) phosphate کد محصول مرک: 814181 واردات جدید مرک,structured_pubchem,verified_telegram_listing,2026-08-23,97576334b5e60c8ffd6f2a021faf8b9f88008a8b805f019a38b555e427f8ee64
2-[2-methoxy-4-[3-methoxy-4-[3-(4-nitrophenyl)-5-phenyltetrazol-2-ium-2-yl]phenyl]phenyl]-3-(4-nitrophenyl)-5-phenyltetrazol-2-ium dichloride,nbt,2-[2-methoxy-4-[3-methoxy-4-[3-(4-nitrophenyl)-5-phenyltetrazol-2-ium-2-yl]phenyl]phenyl]-3-(4-nitrophenyl)-5-phenyltetrazol-2-ium dichloride; nbt,,9281,FSVCQIDHPKZJSO-UHFFFAOYSA-L,C40H30Cl2N10O6,817.6,COC1=C(C=CC(=C1)C2=CC(=C(C=C2)[N+]3=NC(=NN3C4=CC=C(C=C4)[N+](=O)[O-])C5=CC=CC=C5)OC)[N+]6=NC(=NN6C7=CC=C(C=C7)[N+](=O)[O-])C8=CC=CC=C8.[Cl-].[Cl-],confirmed_organic,,,TamadKala,Iranian online wholesale/lab shop,product_page_listed_not_current_stock_verified,https://tamadkala.com/product/145762/تست-سریع-احیای-nbt-1-میلی-لیتر,تست سریع احیای nbt 1 میلی لیتر,structured_pubchem,verified_web_catalogue,2026-08-25,00ecfecd9089fca63e74a685182f4e596bc859d0f4bab15a56ab314933eaa4b7
"potassium;sodium;(2R,3R)-2,3-dihydroxybutanedioate",Potassium sodium tartrate,"potassium;sodium;(2R,3R)-2,3-dihydroxybutanedioate; Potassium sodium tartrate",,9357,LJCNRYVRMXRIQR-OLXYHTOASA-L,C4H4KNaO6,210.16,[C@@H]([C@H](C(=O)[O-])O)(C(=O)[O-])O.[Na+].[K+],confirmed_organic,organic_reagent,,Fardad Shimi,Iranian online lab-chemical shop,product_page_listed_not_current_stock_verified,,پتاسیم سدیم تارتارات ۴ آبه (نمک راشل) ۱ کیلویی دکتر مجللی | ...,router_title_normalization,verified_catalogue,2026-08-23,7a052f926e21be6a436bfda272b8fe621aadd85ed98aa65c713293e699f8ea03
"2,2,3,3,4,4,5,5,6,6,7,7,8,8,8-pentadecafluorooctanoic acid",Perfluorooctanoic acid,,335-67-1,9554,SNGREZUHAYWORS-UHFFFAOYSA-N,C8HF15O2,414.07,C(=O)(C(C(C(C(C(C(C(F)(F)F)(F)F)(F)F)(F)F)(F)F)(F)F)(F)F)O,confirmed_organic,organic_reagent,,telegram:chemgroup,Iranian supplier Telegram catalogue,listing_evidence_crawled_2026-08-24,https://t.me/chemgroup/177,,ai_normalised_listing+pubchem_confirmed,verified_telegram_listing,2015-12-03,636feae8ddf8e543cf33fdb319d3ae1f128c39296baa56d386890b73210126d7
2-fluoroaniline,2-Fluoroaniline,,,9584,FTZQXOJYPFINKJ-UHFFFAOYSA-N,C6H6FN,111.12,C1=CC=C(C(=C1)N)F,confirmed_organic,organic_reagent,,telegram:minatajhiz,Iranian supplier Telegram catalogue,listing_evidence_crawled_2026-08-24,https://t.me/minatajhiz/114,,ai_normalised_listing+pubchem_confirmed,verified_telegram_listing,2017-10-08,4466684439844f0311cab656883363cc9d46734e54773914118984eed4c03b63
1-pyridin-3-ylethanone,3-Acetylpyridine,,350-03-8,9589,WEGYGNROSJDEIW-UHFFFAOYSA-N,C7H7NO,121.14,CC(=O)C1=CN=CC=C1,confirmed_organic,organic_reagent,,telegram:ChemIranSanat,Iranian supplier Telegram catalogue,listing_evidence_crawled_2026-08-24,https://t.me/ChemIranSanat/1586,,ai_normalised_listing+pubchem_confirmed,verified_telegram_listing,2018-11-01,7961065363c260a73f1125baaed772524ba6a2fb16cd195e3d4f6723a16accba
3-fluoroaniline,3-Fluoroaniline,,,9742,QZVQQUVWFIZUBQ-UHFFFAOYSA-N,C6H6FN,111.12,C1=CC(=CC(=C1)F)N,confirmed_organic,organic_reagent,,telegram:minatajhiz,Iranian supplier Telegram catalogue,listing_evidence_crawled_2026-08-24,https://t.me/minatajhiz/112,,ai_normalised_listing+pubchem_confirmed,verified_telegram_listing,2017-10-05,7d2787da75f47c476a05829feea7da6ba6ab0686aa466416acf84b228ed556c0
"2,2,3,3,4,4,4-heptafluorobutanoic acid",Heptafluorobutyric acid,"2,2,3,3,4,4,4-heptafluorobutanoic acid; Heptafluorobutyric acid",375-22-4,9777,YPJUNDFVDDCYIH-UHFFFAOYSA-N,C4HF7O2,214.04,C(=O)(C(C(C(F)(F)F)(F)F)(F)F)O,confirmed_organic,organic_reagent,research,Telegram: ChemIranSanat,Iranian supplier Telegram catalogue,listed_not_current_stock_verified,https://t.me/ChemIranSanat/1815,"2,2,3,3,4,4,4-heptafluorobutanoic acid",existing skill export,verified_catalogue,2026-08-23,72d8a550b345c2bc98b43fca8e21dbbe64433133432757ec6082daa0593664e3
Cyproterone Acetate,Cyproterone Acetate,"Cyproterone Acetate; [(1S,2S,3S,5R,11R,12S,15R,16S)-15-acetyl-9-chloro-2,16-dimethyl-6-oxo-15-pentacyclo[9.7.0.02,8.03,5.012,16]octadeca-7,9-dienyl] acetate",,9880,UWFYSQMTEOIJJG-FDTZYFLXSA-N,C24H29ClO4,416.9,CC(=O)[C@]1(CC[C@@H]2[C@@]1(CC[C@H]3[C@H]2C=C(C4=CC(=O)[C@@H]5C[C@@H]5[C@]34C)Cl)C)OC(=O)C,confirmed_organic,pharmaceutical_or_api,,Temad,web_catalogue,listing_evidence_crawled_2026-08-23,https://www.temad.com/product/quetiapine-hemifumarate-2/,Cyproterone Acetate,pubchem_direct,verified_web_catalogue,2026-08-23,1906ea752e13b5e8cc6109631ed062c4ca8372872cf625eeb30a96eef14a7549
2-fluorobenzoic acid,2-Fluorobenzoic acid,2-fluorobenzoic acid; 2-Fluorobenzoic acid,445-29-4,9935,NSTREUWFTAOOKS-UHFFFAOYSA-N,C7H5FO2,140.11,C1=CC=C(C(=C1)C(=O)O)F,confirmed_organic,organic_reagent,research,Telegram: ChemIranSanat,Iranian supplier Telegram catalogue,listed_not_current_stock_verified,https://t.me/ChemIranSanat/1869,2-fluorobenzoic acid,existing skill export,verified_catalogue,2026-08-23,410a2bbf142fa9f51ff8cb742e0ddec045c942445024fced7190b33682212c37
pyridin-3-amine,3-Aminopyridine,,,10009,CUYKNJBYIJFRCU-UHFFFAOYSA-N,C5H6N2,94.11,C1=CC(=CN=C1)N,confirmed_organic,organic_reagent,,telegram:minatajhiz,Iranian supplier Telegram catalogue,listing_evidence_crawled_2026-08-24,https://t.me/minatajhiz/998,,ai_normalised_listing+pubchem_confirmed,verified_telegram_listing,2023-03-07,9881e4f88f2cdc3bdd24063ef86fd3d74be82366cc137ced0543288df23015ee
Calcium Carbonate,calcium carbonate,Calcium Carbonate; calcium carbonate,471-34-1,10112,VTYYLEPIZMXCLO-UHFFFAOYSA-L,CCaO3,100.09,C(=O)([O-])[O-].[Ca+2],confirmed_organic,organic_reagent,industrial,ChemIranSanat; TamadKala; DigiShimi; Isatis Shimi; Mojallali Group; ShimiMan; IR Chem / Pishgaman; telegram:ATRmedShop; telegram:ChemIranSanat; telegram:chemgroup,telegram,listing_evidence_crawled_2026-08-23,https://t.me/ChemIranSanat/45,⭕️ استفاده از پوست میگو برای ساخت كیسه‌های پلاستیكی دوستدار طبیعت 🔹 تیمی از محققان دانشگاه ناتینگهام و دانشگاهی در مصر در حال بررسی روشی برای جایگزینی کیسه‌های پلاستیکی با استفاده از پوسته میگو هستند. این جایگزین برای کیسه های پلی‌اتیلن که از سوخت‌های فسیلی بدست می‌آیند، برای محی,pubchem_direct,verified_telegram_listing,2026-08-23,eb635a1d0f927f14dd8563e03393016915451b7722511b09cff8055d38389b3b
"2,2-dihydroxyindene-1,3-dione",Ninhydrin,"2,2-dihydroxyindene-1,3-dione; Ninhydrin",485-47-2,10236,FEMOMIGRRWSMCU-UHFFFAOYSA-N,C9H6O4,178.14,C1=CC=C2C(=C1)C(=O)C(C2=O)(O)O,confirmed_organic,organic_reagent,,Fardad Shimi; Mojallali Group,Iranian online lab-chemical shop,product_page_listed_not_current_stock_verified,https://drm-chem.com/en/product/ninhydrin-lab-en/,نین هیدرین MERCK | ...,router_title_normalization,verified_catalogue,2026-08-23,be2b75e9e9c97dfae6c31bfdc9c911661a27da75cc41510e23bb69bb5a62e885
2-[[4-(dimethylamino)phenyl]diazenyl]benzoic acid,Methyl red,2-[[4-(dimethylamino)phenyl]diazenyl]benzoic acid; Methyl red,493-52-7,10303,CEQFOVLGLXCDCX-UHFFFAOYSA-N,C15H15N3O2,269.30,CN(C)C1=CC=C(C=C1)N=NC2=CC=CC=C2C(=O)O,confirmed_organic,colorant_or_indicator,,Fardad Shimi; TamadKala; Mojallali Group; ShimiMan,Iranian online lab-chemical shop | Iranian online wholesale/lab shop,product_page_listed_not_current_stock_verified,https://tamadkala.com/product/32900/%D9%85%D8%AA%DB%8C%D9%84-%D8%B1%D8%AF,متیل رد | متیل رد دکتر مجللی | متیل رد مرک MERCK,router_title_normalization,verified_catalogue,2026-08-23,895f8ab9d0ad40fb11d91c8064a30d8584da056eaeefdf27ec0d9fe66173b9a3
Sodium Carbonate,sodium carbonate,Sodium Carbonate; sodium carbonate; disodium;carbonate,497-19-8,10340,CDBYLPFSWZWCQE-UHFFFAOYSA-L,CNa2O3,105.988,C(=O)([O-])[O-].[Na+].[Na+],confirmed_organic,organic_reagent,,Mojallali Group; DigiShimi; Isatis Shimi; TamadKala,web_catalogue,listing_evidence_crawled_2026-08-23,https://drm-chem.com/en/product/sodium-carbonate-extra-pure-en/,Sodium carbonate,cas_anchor+pubchem,verified_web_catalogue,2026-08-23,41ac99db946a47c562f70bb4abba6411a942a65fcc590462c97e04e4e2e76268
2-methyl-5-propan-2-ylphenol,Carvacrol,,25771-52-2,10364,RECUKUPTGUEGMW-UHFFFAOYSA-N,C10H14O,150.22,CC1=C(C=C(C=C1)C(C)C)O,confirmed_organic,fragrance_or_aroma,,telegram:minatajhiz,Iranian supplier Telegram catalogue,listing_evidence_crawled_2026-08-24,https://t.me/minatajhiz/1006,,ai_normalised_listing+pubchem_confirmed,verified_telegram_listing,2023-04-09,12e6fcca6196e944dca256a5b2048048816ae3585c9dd4917017cc56bb96e46e
trichloromethyl carbonochloridate,Diphosgene,trichloromethyl carbonochloridate; Diphosgene,,10426,HCUYBXPSSCRKRF-UHFFFAOYSA-N,C2Cl4O2,197.8,C(=O)(OC(Cl)(Cl)Cl)Cl,confirmed_organic,organic_reagent,,Telegram: chemgroup,Iranian supplier Telegram catalogue,listed_not_current_stock_verified,https://t.me/chemgroup/912,trichloromethyl carbonochloridate,existing skill export,verified_catalogue,2026-08-23,4ad6216ed7e8413f645b65cfbbcca84dbaf94b91a2ff057484aa4a64aeff6995
pyridin-2-amine,2-Aminopyridine,,504-29-0,10439,ICSNLGPSRYBMBD-UHFFFAOYSA-N,C5H6N2,94.11,C1=CC=NC(=C1)N,confirmed_organic,organic_reagent,,telegram:minatajhiz,Iranian supplier Telegram catalogue,listing_evidence_crawled_2026-08-24,https://t.me/minatajhiz/61,,ai_normalised_listing+pubchem_confirmed,verified_telegram_listing,2017-05-11,3b8aacd88e72bfe56a9c218fd924281b0d21f454ae66cc159c333a063e97928d
1-chloro-2-(2-chloroethylsulfanyl)ethane,Sulfur Mustard,,505-60-2,10461,QKSKPIVNLNLAAV-UHFFFAOYSA-N,C4H8Cl2S,159.08,C(CCl)SCCCl,confirmed_organic,organic_reagent,,telegram:chemgroup,Iranian supplier Telegram catalogue,listing_evidence_crawled_2026-08-24,https://t.me/chemgroup/913,,ai_normalised_listing+pubchem_confirmed,verified_telegram_listing,2016-01-13,4a8252121941fa6f646c84edfea416848cb0bf90ec7043d3973cb79a210fe4cd
2-methylbut-2-ene,2-Methyl-2-butene,2-methylbut-2-ene; 2-Methyl-2-butene,,10553,BKOOMYPCSUNDGP-UHFFFAOYSA-N,C5H10,70.13,CC=C(C)C,confirmed_organic,organic_reagent,research,Telegram: ChemIranSanat,Iranian supplier Telegram catalogue,listed_not_current_stock_verified,https://t.me/ChemIranSanat/1390,2-methylbut-2-ene,existing skill export,verified_catalogue,2026-08-23,1e84efd3f00536d66f0f21d831a2737c2366b01e3a06bf59ce630812d1a4e402
barium(2+) carbonate,barium(2+) carbonate,barium(2+) carbonate,513-77-9,10563,AYJRCSIUFZENHW-UHFFFAOYSA-L,CBaO3,197.34,C(=O)([O-])[O-].[Ba+2],confirmed_organic,,,Mojallali Group,Iranian WooCommerce catalogue,product_page_listed_not_current_stock_verified,https://drm-chem.com/en/product/barium-carbonate-en/,Barium carbonate,cas_pubchem,verified_web_catalogue,2026-08-25,1481ae2de31aacc63d4dd9f2bb5219e4581e4333ae17aa16b1f8d68952d37ebc
iron(2+);oxalate,Ferrous Oxalate,,,10589,OWZIYWAUNZMLRT-UHFFFAOYSA-L,C2FeO4,143.86,C(=O)(C(=O)[O-])[O-].[Fe+2],confirmed_organic,organic_reagent,,telegram:chemgroup,Iranian supplier Telegram catalogue,listing_evidence_crawled_2026-08-24,https://t.me/chemgroup/2758,,ai_normalised_listing+pubchem_confirmed,verified_telegram_listing,2017-01-22,0d53b9daf2d7860716631b2e5770aca87740b06e13ca2d0458fbaed05399bc2e
Sodium Fluorescein,Fluorescein sodium,Sodium Fluorescein; Fluorescein sodium; disodium;2-(3-oxido-6-oxoxanthen-9-yl)benzoate,518-47-8,10608,NJDNXYGOVLYJHP-UHFFFAOYSA-L,C20H10Na2O5,376.3,C1=CC=C(C(=C1)C2=C3C=CC(=O)C=C3OC4=C2C=CC(=C4)[O-])C(=O)[O-].[Na+].[Na+],confirmed_organic,colorant_or_indicator,,Mojallali Group,web_catalogue,listing_evidence_crawled_2026-08-23,https://drm-chem.com/en/product/fluorescein-sodium-indicator-en/,Fluorescein sodium,pubchem_direct,verified_web_catalogue,2026-08-23,1abb31ae9a34a82dfed9bea2e125bd82dac1300e5607a1c37df2f57ccadc6de3
"5-amino-2,3-dihydrophthalazine-1,4-dione",Luminol,,521-31-3,10638,HWYHZTIRURJOHG-UHFFFAOYSA-N,C8H7N3O2,177.16,C1=CC2=C(C(=C1)N)C(=O)NNC2=O,confirmed_organic,colorant_or_indicator,,telegram:ChemIranSanat,Iranian supplier Telegram catalogue,listing_evidence_crawled_2026-08-24,https://t.me/ChemIranSanat/1080,,ai_normalised_listing+pubchem_confirmed,verified_telegram_listing,2017-12-14,b1b3c50201873f6634178cde970edde01ba7b1a816d1abaa1a949c9da5466dc9
"2,3-dimethylphenol",Xylenol,"2,3-dimethylphenol; Xylenol",,10687,QWBBPBRQALCEIZ-UHFFFAOYSA-N,C8H10O,122.16,CC1=C(C(=CC=C1)O)C,confirmed_organic,organic_reagent,,TamadKala,Iranian online wholesale/lab shop,product_page_listed_not_current_stock_verified,https://tamadkala.com/product/2426/%D9%81%D8%B1%D9%88%D8%B4-%D8%B2%D8%A7%DB%8C%D9%84%DB%8C%D9%86,فروش زایلین,router_title_normalization,verified_catalogue,2026-08-23,049a6cd0703fbea9e23939258f4e1718de9209aa93898bd0e07b9a94299e28e5
2-iodophenol,2-Iodophenol,,,10784,KQDJTBPASNJQFQ-UHFFFAOYSA-N,C6H5IO,220.01,C1=CC=C(C(=C1)O)I,confirmed_organic,organic_reagent,,telegram:minatajhiz,Iranian supplier Telegram catalogue,listing_evidence_crawled_2026-08-24,https://t.me/minatajhiz/1038,,ai_normalised_listing+pubchem_confirmed,verified_telegram_listing,2023-06-14,912a073a33d12f2928cd3879df4455fe3960606b570379b0117280849a904e20
ethynylbenzene,Phenylacetylene,,536-74-3,10821,UEXCJVNBTNXOEH-UHFFFAOYSA-N,C8H6,102.13,C#CC1=CC=CC=C1,confirmed_organic,organic_reagent,,telegram:minatajhiz,Iranian supplier Telegram catalogue,listing_evidence_crawled_2026-08-24,https://t.me/minatajhiz/788,,ai_normalised_listing+pubchem_confirmed,verified_telegram_listing,2021-02-22,49becc1560cd2fff86efb21a2ef367c1c96ca7a5b9a1951b292cbf2e8548b78d
(2S)-N-methyl-1-phenylpropan-2-amine,Methamphetamine,,537-46-2,10836,MYWUZJCMWCOHBA-VIFPVBQESA-N,C10H15N,149.23,C[C@@H](CC1=CC=CC=C1)NC,confirmed_organic,pharmaceutical_or_api,,telegram:IranChemicals,Iranian supplier Telegram catalogue,listing_evidence_crawled_2026-08-24,https://t.me/chemgroup/4231,,ai_normalised_listing+pubchem_confirmed,verified_telegram_listing,2017-11-20,614d44a23d75ecd62823c8e1452c622930e46c0f8e7fe41a04c27ead0751edc9
"N,N'-dicyclohexylmethanediimine",Dicyclohexylcarbodiimide,,,10868,QOSSAOTZNIDXMA-UHFFFAOYSA-N,C13H22N2,206.33,C1CCC(CC1)N=C=NC2CCCCC2,confirmed_organic,organic_reagent,,telegram:minatajhiz,Iranian supplier Telegram catalogue,listing_evidence_crawled_2026-08-24,https://t.me/minatajhiz/183,,ai_normalised_listing+pubchem_confirmed,verified_telegram_listing,2017-11-08,cca2134ddec2e389475aa240ae1e62921a65d1f623aa337bce1d2615732b3db3
"2,2,4-trimethylpentane","2,2,4-Trimethylpentane","2,2,4-trimethylpentane; 2,2,4-Trimethylpentane",,10907,NHTMVDHEPJAVLT-UHFFFAOYSA-N,C8H18,114.23,CC(C)CC(C)(C)C,confirmed_organic,organic_reagent,research,Telegram: minatajhiz,Iranian supplier Telegram catalogue,listed_not_current_stock_verified,https://t.me/minatajhiz/765,"2,2,4-trimethylpentane",existing skill export,verified_catalogue,2026-08-23,cc12a4804ead15fdff09feebad6398c7ae569a0e07a10db0bdb4877a6618b408
(3R)-3-hydroxy-4-(trimethylazaniumyl)butanoate,levocarnitine,(3R)-3-hydroxy-4-(trimethylazaniumyl)butanoate; levocarnitine,,10917,PHIQHXFUZVPYII-ZCFIWIBFSA-N,C7H15NO3,161.20,C[N+](C)(C)C[C@@H](CC(=O)[O-])O,confirmed_organic,supplement_active,,Rooz Darou,Iranian pharmaceutical product catalogue,product_page_listed_not_current_stock_verified,http://rouzdarou.com/products/%D9%82%D8%B1%D8%B5-%D8%A7%D9%84-%DA%A9%D9%80%D8%A7%D8%B1%D9%86%D9%80%DB%8C%D8%AA%DB%8C%D9%86-1000-%D9%85%DB%8C%D9%84%DB%8C-%DA%AF%D8%B1%D9%85-%D8%B1%D8%B2%D8%A7%D9%88%DB%8C%D8%AA,قرص ال-کـارنـیتین 1000 میلی گرم رزاویت,PubChem name validation from supplier product title,verified_catalogue,2026-08-23,ab605253cfdcebf730a2962234b08ce31fc659998f0eda61adedc577f5bf8e99
ethyl carbonochloridate,Ethyl chloroformate,,541-41-3,10928,RIFGWPKJUGCATF-UHFFFAOYSA-N,C3H5ClO2,108.52,CCOC(=O)Cl,confirmed_organic,organic_reagent,,telegram:minatajhiz,Iranian supplier Telegram catalogue,listing_evidence_crawled_2026-08-24,https://t.me/minatajhiz/1071,,ai_normalised_listing+pubchem_confirmed,verified_telegram_listing,2023-09-19,b338480dd395ef5b5fbba66f004563028a52da334b7bd9a41c27d106d6041d4b
"6-methyl-1,3,5-triazine-2,4-diamine",Acetoguanamine,"6-methyl-1,3,5-triazine-2,4-diamine; Acetoguanamine",,10949,NJYZCEFQAIUHSD-UHFFFAOYSA-N,C4H7N5,125.13,CC1=NC(=NC(=N1)N)N,confirmed_organic,organic_reagent,research,Telegram: ChemIranSanat,Iranian supplier Telegram catalogue,listed_not_current_stock_verified,https://t.me/ChemIranSanat/1611,"6-methyl-1,3,5-triazine-2,4-diamine",existing skill export,verified_catalogue,2026-08-23,3fd8a9afcaaa8825879508790df5bd468a70e963b35e0c094e5dc0e563ff28c3
calcium diformate,Calcium formate,calcium diformate; Calcium formate; calcium formate,544-17-2,10997,CBOCVOKPQGJKKJ-UHFFFAOYSA-L,C2H2CaO4,130.11,C(=O)[O-].C(=O)[O-].[Ca+2],confirmed_organic,organic_reagent,industrial,Telegram: Maran_Tejarat_Eshen; Telegram: jahaneshimicom,Iranian supplier Telegram catalogue,listed_not_current_stock_verified,https://t.me/Maran_Tejarat_Eshen/608,calcium diformate,existing skill export,verified_catalogue,2026-08-23,84a14a962afc5a520613b8c4054463fdf49966aafff95feb555c425664bfabf0
1-butylsulfanylbutane,Dibutyl sulfide,,,11002,HTIRHQRTDBPHNZ-UHFFFAOYSA-N,C8H18S,146.30,CCCCSCCCC,confirmed_organic,organic_reagent,,telegram:minatajhiz,Iranian supplier Telegram catalogue,listing_evidence_crawled_2026-08-24,https://t.me/minatajhiz/146,,ai_normalised_listing+pubchem_confirmed,verified_telegram_listing,2017-10-23,ce4ba09c65d83dd43cb1b20864214bdbc21630a26dcf355e3d23a0fea0335196
hexadecane,Hexadecane,,544-76-3,11006,DCAYPVUWAIABOU-UHFFFAOYSA-N,C16H34,226.44,CCCCCCCCCCCCCCCC,confirmed_organic,organic_reagent,,telegram:minatajhiz,Iranian supplier Telegram catalogue,listing_evidence_crawled_2026-08-24,https://t.me/minatajhiz/149,,ai_normalised_listing+pubchem_confirmed,verified_telegram_listing,2017-10-25,72acd9bcd4036e5528f41246845a2dd314c7a974d71ddb698bf9bbb0ac4001fa
tetrakis(propan-2-olate);titanium(4+),Titanium(IV) isopropoxide,tetrakis(propan-2-olate);titanium(4+); Titanium(IV) isopropoxide; Titanium isopropoxide,,11026,VXUYXOFXAQZZMF-UHFFFAOYSA-N,C12H28O4Ti,284.22,CC(C)[O-].CC(C)[O-].CC(C)[O-].CC(C)[O-].[Ti+4],confirmed_organic,organic_reagent,research,Fardad Shimi; TamadKala; Telegram: ChemIranSanat,Iranian online lab-chemical shop | Iranian online wholesale/lab shop | Iranian supplier Telegram catalogue,listed_not_current_stock_verified | product_page_listed_not_current_stock_verified,https://fardadshimi.com/product/6468370/,tetrakis(propan-2-olate);titanium(4+) | تیتانیوم (IV) ایزوپروپوکسید MERCK | فروش تیتانیوم iv ایزوپروپوکسید | ...,existing skill export | router_title_normalization,verified_catalogue,2026-08-23,33d07bc4041736ca06e5984d64a79de141657572d39dca00a5be089fe7cecdb8
"2,4,6-trinitrobenzenesulfonic acid",Trinitrobenzenesulfonic Acid,"2,4,6-trinitrobenzenesulfonic acid; Trinitrobenzenesulfonic Acid",,11045,NHJVRSWLHSJWIN-UHFFFAOYSA-N,C6H3N3O9S,293.17,C1=C(C=C(C(=C1[N+](=O)[O-])S(=O)(=O)O)[N+](=O)[O-])[N+](=O)[O-],confirmed_organic,organic_reagent,research,Telegram: ChemIranSanat,Iranian supplier Telegram catalogue,listed_not_current_stock_verified,https://t.me/ChemIranSanat/498,"2,4,6-trinitrobenzenesulfonic acid",existing skill export,verified_catalogue,2026-08-23,a4302f8021872a31f16669091a58ebcdaebbc6b721cfee062244aabba425eac4
"disodium;2-(2,4,5,7-tetrabromo-3-oxido-6-oxoxanthen-9-yl)benzoate",Eosin,"disodium;2-(2,4,5,7-tetrabromo-3-oxido-6-oxoxanthen-9-yl)benzoate; Eosin",15086-94-9,11048,SEACYXSIPDVVMV-UHFFFAOYSA-L,C20H6Br4Na2O5,691.9,C1=CC=C(C(=C1)C2=C3C=C(C(=O)C(=C3OC4=C(C(=C(C=C24)Br)[O-])Br)Br)Br)C(=O)[O-].[Na+].[Na+],confirmed_organic,colorant_or_indicator,research,TamadKala; Mojallali Group,Iranian online wholesale/lab shop,product_page_listed_not_current_stock_verified,https://tamadkala.com/product/23480/%D8%A7%D8%A6%D9%88%D8%B2%DB%8C%D9%86-acs-%D8%AF%DA%A9%D8%AA%D8%B1-%D9%85%D8%AC%D9%84%D9%84%DB%8C,ائوزین acs دکتر مجللی,router_title_normalization,verified_catalogue,2026-08-23,382f508b6b76a3da6cde17d0ba8097332efad2af4a3302ff1dd74ba69433eaec
Crystal Violet,Crystal Violet,"Crystal Violet; [4-[bis[4-(dimethylamino)phenyl]methylidene]cyclohexa-2,5-dien-1-ylidene]-dimethylazanium chloride",548-62-9,11057,ZXJXZNDDNMQXFV-UHFFFAOYSA-M,C25H30ClN3,408.0,CN(C)C1=CC=C(C=C1)C(=C2C=CC(=[N+](C)C)C=C2)C3=CC=C(C=C3)N(C)C.[Cl-],confirmed_organic,colorant_or_indicator,,Mojallali Group,web_catalogue,listing_evidence_crawled_2026-08-23,https://drm-chem.com/en/product/crystal-violet-en/,Crystal Violet,pubchem_direct,verified_web_catalogue,2026-08-23,c4981608ea14451efbe859bba5359636e204b4d0952ae7788b29b9bb30b4d560
2-nitrobenzaldehyde,Nitrobenzaldehyde,2-nitrobenzaldehyde; Nitrobenzaldehyde,,11101,CMWKITSNTDAEDT-UHFFFAOYSA-N,C7H5NO3,151.12,C1=CC=C(C(=C1)C=O)[N+](=O)[O-],confirmed_organic,,,telegram:minatajhiz,public Telegram (seller_research),product_page_listed_not_current_stock_verified,https://t.me/minatajhiz/1036,4-نیترو بنزالدهید 4-Nitrobenzaldehyde کد محصول مرک: 806766 واردات جدید مرک,structured_pubchem,verified_telegram_listing,2026-08-25,9c2faf3d90cb1cd35f9259d5c44a24f01cdc65e9daf455b9c0e47162ae2c828f
"8-N,8-N,3-trimethylphenazine-2,8-diamine;hydrochloride",Neutral Red,"8-N,8-N,3-trimethylphenazine-2,8-diamine;hydrochloride; Neutral Red",553-24-2,11105,PGSADBUBUOPOJS-UHFFFAOYSA-N,C15H17ClN4,288.77,CC1=CC2=NC3=C(C=C(C=C3)N(C)C)N=C2C=C1N.Cl,confirmed_organic,organic_reagent,research,TamadKala; Mojallali Group; telegram:ATRmedShop,Iranian online wholesale/lab shop,product_page_listed_not_current_stock_verified,https://tamadkala.com/product/173609/%D9%86%DB%8C%D9%88%D8%AA%D8%B1%D8%A7%D9%84-%D8%B1%D8%AF-acs-%D8%AF%DA%A9%D8%AA%D8%B1-%D9%85%D8%AC%D9%84%D9%84%DB%8C,نوترال رد | نیوترال رد acs دکتر مجللی,router_title_normalization,verified_catalogue,2026-08-23,bb263dad77c6aac8676c02ef1c7a16f8926fa94ee21bb1cd9c68a884bb6e5757
4-pyridin-4-ylpyridine,Styrene,4-pyridin-4-ylpyridine; Styrene,100-42-5,11107,PPBRXRYQALVLMV-UHFFFAOYSA-N,C10H8N2,104.15,C1=CN=CC=C1C2=CC=NC=C2,confirmed_organic,organic_reagent,research,TamadKala; Telegram: Boof_company; Telegram: Ch_Chemical_leaders; Telegram: chemgroup; Telegram: minatajhiz,Iranian online wholesale/lab shop | Iranian supplier Telegram catalogue,listed_not_current_stock_verified | product_page_listed_not_current_stock_verified,https://t.me/Boof_company/65,4-4 بی پریدین | styrene | استایرن | استایرن مونومر صنعتی,existing skill export | router_title_normalization,verified_catalogue,2026-08-23,823170ea7f6c0c5988a7f6dd3cef4edde721aa34eea27e584ebd0c8e8fa4e234
methyl propanoate,Lithium carbonate,methyl propanoate; Lithium carbonate,554-12-1,11124,RJUFJBKOKNCXHH-UHFFFAOYSA-N,C4H8O2,88.11,CCC(=O)OC,confirmed_organic,organic_reagent,,Fardad Shimi,Iranian online lab-chemical shop,product_page_listed_not_current_stock_verified,,لیتیم کربنات MERCK | ...,router_title_normalization,verified_catalogue,2026-08-23,b99e673cfd36b1d8489b1b6bbd94c8ca664974a4776874de95d937a1a6a5bf79
dilithium;carbonate,dilithium;carbonate,dilithium;carbonate,554-13-2,11125,XGZVUEUWXADBQD-UHFFFAOYSA-L,CLi2O3,73.9,[Li+].[Li+].C(=O)([O-])[O-],confirmed_organic,,,Mojallali Group,Iranian WooCommerce catalogue,product_page_listed_not_current_stock_verified,https://drm-chem.com/en/product/lithium-carbonate-en/,Lithium carbonate,cas_pubchem,verified_web_catalogue,2026-08-25,064aefc6f5404284e6660876f6af80c8c45403c49620b9c1d3da7712e7c6d806
"N,N-diethylethanamine;hydrochloride",Triethylamine hydrochloride,"N,N-diethylethanamine;hydrochloride; Triethylamine hydrochloride",,11130,ILWRPSCZWQJDMK-UHFFFAOYSA-N,C6H16ClN,137.65,CCN(CC)CC.Cl,confirmed_organic,organic_reagent,,TamadKala,Iranian online wholesale/lab shop,product_page_listed_not_current_stock_verified,https://tamadkala.com/product/54766/%D8%AA%D8%B1%DB%8C-%D8%A7%D8%AA%DB%8C%D9%84-%D8%A2%D9%85%DB%8C%D9%86-%D9%87%DB%8C%D8%AF%D8%B1%D9%88%DA%A9%D9%84%D8%B1%D8%A7%DB%8C%D8%AF,تری اتیل آمین هیدروکلراید,router_title_normalization,verified_catalogue,2026-08-23,621e94adc197f1986f4a82576c4c5682826c79aa118c66958c168708ea7ec8c5
Aluminum isopropoxide,Aluminium isopropoxide,Aluminum isopropoxide; Aluminium isopropoxide; aluminum tris(propan-2-olate),555-31-7,11143,SMZOGRDCAXLAAR-UHFFFAOYSA-N,C9H21AlO3,204.24,CC(C)[O-].CC(C)[O-].CC(C)[O-].[Al+3],confirmed_organic,organic_reagent,,minatajhiz; telegram:ATRmedShop,telegram,listing_evidence_crawled_2026-08-23,https://t.me/minatajhiz/996,نام فارسی: آلومینیوم تری ایزو پروپیلات Aluminium triisopropylate کد محصول مرک: 801079 واردات جدید مرک,ai_resolved+pubchem,verified_telegram_listing,2026-08-23,fb5f95bf17a023c33662f7793e91fc63bee984773ea064116ca97bbc0d65098f
oxiran-2-ylmethanol,Glycidol,oxiran-2-ylmethanol; Glycidol,556-52-5,11164,CTKINSOISVBQLD-UHFFFAOYSA-N,C3H6O2,74.08,C1C(O1)CO,confirmed_organic,organic_reagent,research,Telegram: minatajhiz,Iranian supplier Telegram catalogue,listed_not_current_stock_verified,,oxiran-2-ylmethanol,existing skill export,verified_catalogue,2026-08-23,8130051ca53bbcd308686d89490edb7d425d87301e031f9a05b8e90cf7c1a9d1
magnesium bis(octadecanoate),Magnesium stearate,magnesium bis(octadecanoate); Magnesium stearate; magnesium stearate,557-04-0,11177,HQKMJHAJHXVSDF-UHFFFAOYSA-L,C36H70MgO4,591.2,CCCCCCCCCCCCCCCCCC(=O)[O-].CCCCCCCCCCCCCCCCCC(=O)[O-].[Mg+2],confirmed_organic,pharmaceutical_or_api,research,TamadKala; Telegram: Ch_Chemical_leaders; Telegram: fanchem; IR Chem / Pishgaman,Iranian online wholesale/lab shop | Iranian supplier Telegram catalogue,listed_not_current_stock_verified | product_page_listed_not_current_stock_verified,https://t.me/Ch_Chemical_leaders/255,magnesium bis(octadecanoate) | استئارات منیزیم extra pure نوترون | استئارات منیزیم خوراکی,existing skill export | router_title_normalization,verified_catalogue,2026-08-23,d3b2e572fbd9438ae33770e1a6b6230e2455f401ded99234653e31f43afb3a3d
zinc bis(octadecanoate),Zinc Stearate,zinc bis(octadecanoate); Zinc Stearate; zinc stearate,557-05-1,11178,XOOUIPVCVHRTMJ-UHFFFAOYSA-L,C36H70O4Zn,632.3,CCCCCCCCCCCCCCCCCC(=O)[O-].CCCCCCCCCCCCCCCCCC(=O)[O-].[Zn+2],confirmed_organic,organic_reagent,research,Telegram: fanchem; TamadKala; IR Chem / Pishgaman,Iranian supplier Telegram catalogue,listed_not_current_stock_verified,https://t.me/fanchem/115,zinc bis(octadecanoate),existing skill export,verified_catalogue,2026-08-23,63cd4bfd600712b5a60d2bcd064f0b38d1752164af478c6ce87c4d0aa066b91d
zinc diacetate,Zinc Acetate,zinc diacetate; Zinc Acetate; zinc acetate,557-34-6,11192,DJWUNCQRNNEAKC-UHFFFAOYSA-L,C4H6O4Zn,183.5,CC(=O)[O-].CC(=O)[O-].[Zn+2],confirmed_organic,organic_reagent,research,Telegram: ChemIranSanat; TamadKala,Iranian supplier Telegram catalogue,listed_not_current_stock_verified,https://t.me/ChemIranSanat/1881,zinc diacetate,existing skill export,verified_catalogue,2026-08-23,22711c30d23ce0a0c8f791ad2c6116328bdb892b5f3fa7a5a1f84a8d70d04879
ethenol,pva,ethenol; pva; Polyvinyl Alcohol (PVA); PVA,9002-89-5,11199,IMROMDMJAWUWLK-UHFFFAOYSA-N,C2H4O,44.05,C=CO,confirmed_organic,,,TamadKala; Isatis Shimi,Iranian online wholesale/lab shop,product_page_listed_not_current_stock_verified,https://tamadkala.com/product/4224/فروش-پلی-وینیل-الکل-فروش-pva,فروش پلی وینیل الکل فروش pva,alias+pubchem,verified_web_catalogue,2026-08-25,52a8dcea8aa56278c1a0e930dcf56428335b977b6dac3d1cf98c3aed6011a837
2-methylbut-1-ene,2-Methyl-1-butene,,563-46-2,11240,MHNNAWXXUZQSNM-UHFFFAOYSA-N,C5H10,70.13,CCC(=C)C,confirmed_organic,organic_reagent,,telegram:ChemIranSanat,Iranian supplier Telegram catalogue,listing_evidence_crawled_2026-08-24,https://t.me/ChemIranSanat/1390,,ai_normalised_listing+pubchem_confirmed,verified_telegram_listing,2018-04-16,09ade74d510b4d8b56962baa47d70b517aa4933b8d200cce81f500a69c538d62
"4-[(4-aminophenyl)-(4-iminocyclohexa-2,5-dien-1-ylidene)methyl]aniline;hydrochloride",Pararosaniline Hydrochloride,,569-61-9,11292,JUQPZRLQQYSMEQ-UHFFFAOYSA-N,C19H18ClN3,323.8,C1=CC(=N)C=CC1=C(C2=CC=C(C=C2)N)C3=CC=C(C=C3)N.Cl,confirmed_organic,colorant_or_indicator,,telegram:minatajhiz,Iranian supplier Telegram catalogue,listing_evidence_crawled_2026-08-24,https://t.me/minatajhiz/1050,,ai_normalised_listing+pubchem_confirmed,verified_telegram_listing,2023-07-11,edf3a3685db6b6b5bbd22e3c48493dfd0fa6c89e40b04f6f1ee6c537fd3cb61b
Pararosaniline,Pararosaniline,,,11293,AFAIELJLZYUNPW-UHFFFAOYSA-N,C19H17N3,287.4,C1=CC(=N)C=CC1=C(C2=CC=C(C=C2)N)C3=CC=C(C=C3)N,confirmed_organic,colorant_or_indicator,,minatajhiz,telegram,listing_evidence_crawled_2026-08-23,https://t.me/minatajhiz/1050,پارا رزانیلین Pararosaniline (chloride) (C.I. 42500) کد محصول مرک: 107509 واردات جدید مرک,ai_resolved+pubchem,verified_telegram_listing,2026-08-23,a112b034742a7ea33e13365f7afab8ed891c6b319baa5c4df72e1b1d99ca5593
Malachite Green,Malachite green,,,11294,FDZZZRQASAIRJF-UHFFFAOYSA-M,C23H25ClN2,364.9,CN(C)C1=CC=C(C=C1)C(=C2C=CC(=[N+](C)C)C=C2)C3=CC=CC=C3.[Cl-],confirmed_organic,colorant_or_indicator,,jahaneshimicom,telegram,listing_evidence_crawled_2026-08-23,https://t.me/jahaneshimicom/90,سلام رنگ مالاشیت گرین دارید؟ 09195743545,ai_resolved+pubchem,verified_telegram_listing,2026-08-23,1cfb0ea2c5fafe62e5b941610cb93be03b355b5f4ea66793ff14cf73008a4e22
disodium;4-amino-3-[[4-[4-[(1-amino-4-sulfonatonaphthalen-2-yl)diazenyl]phenyl]phenyl]diazenyl]naphthalene-1-sulfonate,Congo red,disodium;4-amino-3-[[4-[4-[(1-amino-4-sulfonatonaphthalen-2-yl)diazenyl]phenyl]phenyl]diazenyl]naphthalene-1-sulfonate; Congo red,573-58-0,11313,IQFVPQOLBLOTPF-UHFFFAOYSA-L,C32H22N6Na2O6S2,696.7,C1=CC=C2C(=C1)C(=CC(=C2N)N=NC3=CC=C(C=C3)C4=CC=C(C=C4)N=NC5=C(C6=CC=CC=C6C(=C5)S(=O)(=O)[O-])N)S(=O)(=O)[O-].[Na+].[Na+],confirmed_organic,colorant_or_indicator,,Fardad Shimi; telegram:ATRmedShop; telegram:labshop,Iranian online lab-chemical shop,product_page_listed_not_current_stock_verified,https://t.me/ATRmedShop/679,کنگو رد مرک MERCK,router_title_normalization,verified_catalogue,2026-08-23,07bb6c7ae9530d5484e3cc7eb53a07366bafbbcc619fa08bf6f053f17973997c
"2-(2-bromoethyl)isoindole-1,3-dione","1H-Isoindole-1,3(2H)-dione, 2-(2-bromoethyl)-","2-(2-bromoethyl)isoindole-1,3-dione; 1H-Isoindole-1,3(2H)-dione, 2-(2-bromoethyl)-",574-98-1,11325,CHZXTOCAICMPQR-UHFFFAOYSA-N,C10H8BrNO2,254.08,C1=CC=C2C(=C1)C(=O)N(C2=O)CCBr,confirmed_organic,organic_reagent,research,Telegram: minatajhiz,Iranian supplier Telegram catalogue,listed_not_current_stock_verified,https://t.me/minatajhiz/979,"2-(2-bromoethyl)isoindole-1,3-dione",existing skill export,verified_catalogue,2026-08-23,7af2034410d4ad557e857529eefe51b46e45afd4259796076d2416d96f544704
Potassium Carbonate,Potassium carbonate,Potassium Carbonate; Potassium carbonate; dipotassium;carbonate; potassium carbonate,584-08-7,11430,BWHMMNNQKKPAPP-UHFFFAOYSA-L,CK2O3,138.205,C(=O)([O-])[O-].[K+].[K+],confirmed_organic,organic_reagent,,Mojallali Group; TamadKala; DigiShimi; ShimiMan,web_catalogue,listing_evidence_crawled_2026-08-23,https://drm-chem.com/en/product/potassium-carbonate-en/,Potassium carbonate,pubchem_direct,verified_web_catalogue,2026-08-23,1548d18c3e263403c3604bf3e5c2954e0d52771ce7e329f8786de634625f0f78
"pyrrolidine-2,5-dione",Succinimide,"pyrrolidine-2,5-dione; Succinimide",,11439,KZNICNPSHKQLFF-UHFFFAOYSA-N,C4H5NO2,99.09,C1CC(=O)NC1=O,confirmed_organic,organic_reagent,research,Telegram: minatajhiz,Iranian supplier Telegram catalogue,listed_not_current_stock_verified,https://t.me/minatajhiz/1015,"pyrrolidine-2,5-dione",existing skill export,verified_catalogue,2026-08-23,6d6ffe356dab17a5ef48f0f2ee728e3ef6d015077001f833d442a901a4786e07
3-methoxybenzoic acid,ovm,3-methoxybenzoic acid; ovm,,11461,XHQZJYCNDZAGLW-UHFFFAOYSA-N,C8H8O3,152.15,COC1=CC=CC(=C1)C(=O)O,confirmed_organic,,,TamadKala,Iranian online wholesale/lab shop,product_page_listed_not_current_stock_verified,https://tamadkala.com/product/194305/دستگاه-ویسکومتر-نوری-ژیکان-مدل-ovm-10,دستگاه ویسکومتر نوری ژیکان مدل ovm 10,structured_pubchem,verified_web_catalogue,2026-08-25,684b01cd428b86cada2e726811bf1769cec48299b17fafbca359936465e41a78
N-phenylaniline,Diphenylamine,N-phenylaniline; Diphenylamine,92-67-1,11487,DMBHHRLKUKUOEG-UHFFFAOYSA-N,C12H11N,169.22,C1=CC=C(C=C1)NC2=CC=CC=C2,confirmed_organic,organic_reagent,,TamadKala,Iranian online wholesale/lab shop,product_page_listed_not_current_stock_verified,https://tamadkala.com/product/146363/%D8%AF%DB%8C-%D9%81%D9%86%DB%8C%D9%84-%D8%A2%D9%85%DB%8C%D9%86-%D8%B3%DB%8C%DA%AF%D9%85%D8%A7-820528,دی فنیل آمین سیگما 820528,router_title_normalization,verified_catalogue,2026-08-23,b29d020a49a9a5acf34a9c05dedf42081500d626baac79108efa853e1f4a72ad
mercury(2+) dithiocyanate,mercury(2+) dithiocyanate,mercury(2+) dithiocyanate,592-85-8,11615,GBZANUMDJPCQHY-UHFFFAOYSA-L,C2HgN2S2,316.8,C(#N)[S-].C(#N)[S-].[Hg+2],confirmed_organic,,,Mojallali Group,Iranian WooCommerce catalogue,product_page_listed_not_current_stock_verified,https://drm-chem.com/en/product/mercury-ii-thiocyanate-en/,Mercury (II) thiocyanate,cas_pubchem,verified_web_catalogue,2026-08-25,6deeafbb13015bb9e1c3b6e94ae821fb81dd810e739179543e91dc4f865cf690
Triphenylphosphine,triphenylphosphine,,,11776,RIOQSEWOXXDEQQ-UHFFFAOYSA-N,C18H15P,262.3,C1=CC=C(C=C1)P(C2=CC=CC=C2)C3=CC=CC=C3,confirmed_organic,organic_reagent,,minatajhiz,telegram,listing_evidence_crawled_2026-08-23,https://t.me/minatajhiz/662,Triphenylphosphine 808270 250gr #merck,ai_resolved+pubchem,verified_telegram_listing,2026-08-23,d9a2525fa2de48e54ed7a1227b597b79e39d8b1dc53cb56b8cdc5fe636770acb
"2-hydroxy-3,5-dinitrobenzoic acid","3,5-Dinitrosalicylic acid","2-hydroxy-3,5-dinitrobenzoic acid; 3,5-Dinitrosalicylic acid",609-99-4,11873,LWFUFLREGJMOIZ-UHFFFAOYSA-N,C7H4N2O7,228.12,C1=C(C=C(C(=C1C(=O)O)O)[N+](=O)[O-])[N+](=O)[O-],confirmed_organic,organic_reagent,research,Telegram: ChemIranSanat,Iranian supplier Telegram catalogue,listed_not_current_stock_verified,https://t.me/ChemIranSanat/1855,"2-hydroxy-3,5-dinitrobenzoic acid",existing skill export,verified_catalogue,2026-08-23,b1f8ec415fe9795f94899030e690dd04e55e2144fe085dad637fe2a7b4073896
tert-butyl benzenecarboperoxoate,tert-Butyl peroxybenzoate,,,11966,GJBRNHKUVLOCEB-UHFFFAOYSA-N,C11H14O3,194.23,CC(C)(C)OOC(=O)C1=CC=CC=C1,confirmed_organic,organic_reagent,,telegram:Maran_Tejarat_Eshen,Iranian supplier Telegram catalogue,listing_evidence_crawled_2026-08-24,https://t.me/Maran_Tejarat_Eshen/330,,ai_normalised_listing+pubchem_confirmed,verified_telegram_listing,2019-06-15,3544c1015ffcdd414e9156dd0decfa4f498cf1161411648e4737619d042cc55f
"2,4-dibromoaniline",Cadmium acetate,"2,4-dibromoaniline; Cadmium acetate",615-57-6,12004,DYSRXWYRUJCNFI-UHFFFAOYSA-N,C6H5Br2N,250.92,C1=CC(=C(C=C1Br)Br)N,confirmed_organic,organic_reagent,,Fardad Shimi,Iranian online lab-chemical shop,product_page_listed_not_current_stock_verified,,استات روی ۲ آبه MERCK | ...,router_title_normalization,verified_catalogue,2026-08-23,1034d9c32edfe0af26bece431295a2b40ee19f00198f90f60e6c895ed7e1618d
dimethyl carbonate,Dimethyl Carbonate,,616-38-6,12021,IEJIGPNLZYLLBP-UHFFFAOYSA-N,C3H6O3,90.08,COC(=O)OC,confirmed_organic,organic_reagent,,telegram:minatajhiz,Iranian supplier Telegram catalogue,listing_evidence_crawled_2026-08-24,https://t.me/minatajhiz/121,,ai_normalised_listing+pubchem_confirmed,verified_telegram_listing,2017-10-11,c97e4aacdd581293d838999402b565d1e9219d3ab539b1ebe0fb2881211d0d6b
"5-nitrobenzene-1,3-dicarboxylic acid",5-Nitroisophthalic acid,"5-nitrobenzene-1,3-dicarboxylic acid; 5-Nitroisophthalic acid",,12069,NBDAHKQJXVLAID-UHFFFAOYSA-N,C8H5NO6,211.13,C1=C(C=C(C=C1C(=O)O)[N+](=O)[O-])C(=O)O,confirmed_organic,organic_reagent,research,Telegram: ChemIranSanat,Iranian supplier Telegram catalogue,listed_not_current_stock_verified,https://t.me/ChemIranSanat/1792,"5-nitrobenzene-1,3-dicarboxylic acid",existing skill export,verified_catalogue,2026-08-23,3ce6540d0d273c44cc55c865b6f97db186aba3f409392216cc507e10b4bc8fc6
4-cyanobenzoic acid,4-Cyanobenzoic acid,4-cyanobenzoic acid; 4-Cyanobenzoic acid,,12087,ADCUEPOHPCPMCE-UHFFFAOYSA-N,C8H5NO2,147.13,C1=CC(=CC=C1C#N)C(=O)O,confirmed_organic,organic_reagent,research,Telegram: ChemIranSanat,Iranian supplier Telegram catalogue,listed_not_current_stock_verified,https://t.me/ChemIranSanat/1460,4-cyanobenzoic acid,existing skill export,verified_catalogue,2026-08-23,dd64002c38808997d78a6e27a060e32dcc35417cbbe5b7608c57f3c39646f002
4-formylbenzoic acid,4-Formylbenzoic acid,4-formylbenzoic acid; 4-Formylbenzoic acid,619-66-9,12088,GOUHYARYYWKXHS-UHFFFAOYSA-N,C8H6O3,150.13,C1=CC(=CC=C1C=O)C(=O)O,confirmed_organic,organic_reagent,research,Telegram: ChemIranSanat,Iranian supplier Telegram catalogue,listed_not_current_stock_verified,https://t.me/ChemIranSanat/1368,4-formylbenzoic acid,existing skill export,verified_catalogue,2026-08-23,911ccba42fb2f892d1aadc0f00ca7f5dcad3b40dbe5197b1442ebd597c0a991f
4-hydrazinylbenzoic acid,4-Hydrazinobenzoic acid,4-hydrazinylbenzoic acid; 4-Hydrazinobenzoic acid,,12089,PCNFLKVWBDNNOW-UHFFFAOYSA-N,C7H8N2O2,152.15,C1=CC(=CC=C1C(=O)O)NN,confirmed_organic,organic_reagent,research,Telegram: ChemIranSanat,Iranian supplier Telegram catalogue,listed_not_current_stock_verified,https://t.me/ChemIranSanat/1835,4-hydrazinylbenzoic acid,existing skill export,verified_catalogue,2026-08-23,1a8068f42b96c3b1ff1bf989eb4dc135f1df628e7334a467c01f89bff2c107c0
1-ethyl-4-methylbenzene,1-Ethyl-4-Methylbenzene,,622-96-8,12160,JRLPEMVDPFPYPJ-UHFFFAOYSA-N,C9H12,120.19,CCC1=CC=C(C=C1)C,confirmed_organic,organic_reagent,,telegram:ChemIranSanat,Iranian supplier Telegram catalogue,listing_evidence_crawled_2026-08-24,https://t.me/ChemIranSanat/1400,,ai_normalised_listing+pubchem_confirmed,verified_telegram_listing,2018-04-22,6d6301d4cb66d8923f0e474d856e52eb75b26f26bf5c096711d7ef64f60c57fa
terephthalaldehyde,Terephthalaldehyde,terephthalaldehyde; Terephthalaldehyde,,12173,KUCOHFSKRZZVRO-UHFFFAOYSA-N,C8H6O2,134.13,C1=CC(=CC=C1C=O)C=O,confirmed_organic,organic_reagent,research,Telegram: ChemIranSanat,Iranian supplier Telegram catalogue,listed_not_current_stock_verified,https://t.me/ChemIranSanat/618,terephthalaldehyde,existing skill export,verified_catalogue,2026-08-23,9930410973eb5e5bc97e42d3094f888930a2444fba48127355b4453062074222
ethylurea,Ethylurea,,9009-54-5,12254,RYECOJGRJDOGPP-UHFFFAOYSA-N,C3H8N2O,88.11,CCNC(=O)N,confirmed_organic,organic_reagent,,telegram:IranChemicals,Iranian supplier Telegram catalogue,listing_evidence_crawled_2026-08-24,https://t.me/Iranchemicals/28918,,ai_normalised_listing+pubchem_confirmed,verified_telegram_listing,2025-04-03,c3ef46722461ecfde7286daf7d97e7135bcfe87e333c56315d7264e9e61ec836
"4-[(4-aminophenyl)-(4-imino-3-methylcyclohexa-2,5-dien-1-ylidene)methyl]aniline;hydrochloride",Basic Fuchsin,"4-[(4-aminophenyl)-(4-imino-3-methylcyclohexa-2,5-dien-1-ylidene)methyl]aniline;hydrochloride; Basic Fuchsin",569-61-9,12447,AXDJCCTWPBKUKL-UHFFFAOYSA-N,C20H20ClN3,337.8,CC1=CC(=C(C2=CC=C(C=C2)N)C3=CC=C(C=C3)N)C=CC1=N.Cl,confirmed_organic,organic_reagent,,TamadKala; Mojallali Group,Iranian online wholesale/lab shop,product_page_listed_not_current_stock_verified,https://tamadkala.com/product/173637/%D9%85%D8%B9%D8%B1%D9%81-%D9%81%D9%88%D8%B4%DB%8C%D9%86-%D8%A8%D8%A7%D8%B2%DB%8C-%D8%AF%DA%A9%D8%AA%D8%B1%D9%85%D8%AC%D9%84%D9%84%DB%8C,معرف فوشین بازی دکترمجللی,router_title_normalization,verified_catalogue,2026-08-23,cb3e75de4b0b59dd04a3d3220eef976125b4824234e3d761ae03a751be8c6c25
aluminum tris(octadecanoate),Aluminum stearate,aluminum tris(octadecanoate); Aluminum stearate; aluminium stearate; Aluminum Stearate,637-12-7,12496,CEGOLXSVJUTHNZ-UHFFFAOYSA-K,C54H105AlO6,877.4,CCCCCCCCCCCCCCCCCC(=O)[O-].CCCCCCCCCCCCCCCCCC(=O)[O-].CCCCCCCCCCCCCCCCCC(=O)[O-].[Al+3],confirmed_organic,organic_reagent,research,TamadKala; Telegram: Ch_Chemical_leaders; Telegram: fanchem,Iranian online wholesale/lab shop | Iranian supplier Telegram catalogue,listed_not_current_stock_verified | product_page_listed_not_current_stock_verified,https://t.me/Ch_Chemical_leaders/460,aluminum tris(octadecanoate) | آلومینیوم استئارات امرتات شیمی extra pure,existing skill export | router_title_normalization,verified_catalogue,2026-08-23,39a8a18576d6f8a92beb8c99dd570e327d8c75864559e1a3c12d77679be033b4
2-fluoroacetamide,ftm,2-fluoroacetamide; ftm,,12542,FVTWJXMFYOXOKK-UHFFFAOYSA-N,C2H4FNO,77.06,C(C(=O)N)F,confirmed_organic,,,TamadKala,Iranian online wholesale/lab shop,product_page_listed_not_current_stock_verified,https://tamadkala.com/product/171246/محیط-کشت-تیو-گلیکولات-فلوئید-ftm-کد-108191-مرک,محیط کشت تیو گلیکولات فلوئید ftm کد 108191 مرک,structured_pubchem,verified_web_catalogue,2026-08-25,bc5a3dda65067e8fff892a3e749459ce84f60d3c794f39bd1f50601d9d33e994
"(3R,4S,5S,6R,7R,9R,11R,12R,13S,14R)-6-[(2S,3R,4S,6R)-4-(dimethylamino)-3-hydroxy-6-methyloxan-2-yl]oxy-14-ethyl-7,12,13-trihydroxy-4-[(2R,4R,5S,6S)-5-hydroxy-4-methoxy-4,6-dimethyloxan-2-yl]oxy-3,5,7,9,11,13-hexamethyl-oxacyclotetradecane-2,10-dione",erythromycin,"(3R,4S,5S,6R,7R,9R,11R,12R,13S,14R)-6-[(2S,3R,4S,6R)-4-(dimethylamino)-3-hydroxy-6-methyloxan-2-yl]oxy-14-ethyl-7,12,13-trihydroxy-4-[(2R,4R,5S,6S)-5-hydroxy-4-methoxy-4,6-dimethyloxan-2-yl]oxy-3,5,7,9,11,13-hexamethyl-oxacyclotetradecane-2,10-dione; erythromycin",,12560,ULGZDMOVFRHVEP-RWJQBGPGSA-N,C37H67NO13,733.9,CC[C@@H]1[C@@]([C@@H]([C@H](C(=O)[C@@H](C[C@@]([C@@H]([C@H]([C@@H]([C@H](C(=O)O1)C)O[C@H]2C[C@@]([C@H]([C@@H](O2)C)O)(C)OC)C)O[C@H]3[C@@H]([C@H](C[C@H](O3)C)N(C)C)O)(C)O)C)C)O)(C)O,confirmed_organic,pharmaceutical_or_api,,Rooz Darou,Iranian pharmaceutical product catalogue,product_page_listed_not_current_stock_verified,http://rouzdarou.com/products/%D9%82%D8%B1%D8%B5-%D8%A7%D8%B1%DB%8C%D8%AA%D8%B1%D9%88%D9%85%D8%A7%DB%8C%D8%B3%DB%8C%D9%86-200,قرص اریترومایسین 200,PubChem name validation from supplier product title,verified_catalogue,2026-08-23,b5dc21a6508d82595253e6ef9dd48b1a2f43abe102242f2829b7785f3de6d100
4-methylpent-1-ene,4-Methyl-1-pentene,4-methylpent-1-ene; 4-Methyl-1-pentene,,12724,WSSSPWUEQFSQQG-UHFFFAOYSA-N,C6H12,84.16,CC(C)CC=C,confirmed_organic,organic_reagent,research,Telegram: ChemIranSanat,Iranian supplier Telegram catalogue,listed_not_current_stock_verified,https://t.me/ChemIranSanat/1185,4-methylpent-1-ene,existing skill export,verified_catalogue,2026-08-23,738fed1b33c8ed3deb9b2c15957ebf3e7073636866c264c894ee887933afcf88
2-methyl-1H-imidazole,2-Methylimidazole,2-methyl-1H-imidazole; 2-Methylimidazole; 2-methylimidazole,693-98-1,12749,LXBGSDVWAMZHDD-UHFFFAOYSA-N,C4H6N2,82.10,CC1=NC=CN1,confirmed_organic,organic_reagent,research,Fardad Shimi; Telegram: ChemIranSanat,Iranian online lab-chemical shop | Iranian supplier Telegram catalogue,listed_not_current_stock_verified | product_page_listed_not_current_stock_verified,https://t.me/ChemIranSanat/1319,2-methyl-1H-imidazole | ۲- متیل ایمیدازول MERCK | ...,existing skill export | router_title_normalization,verified_catalogue,2026-08-23,f463a58cee1750cfd4885769bd05438fbf858d14617a7fb206df39cfde5bd287
2-hydroxynaphthalene-1-carbaldehyde,2-Hydroxy-1-naphthaldehyde,,,12819,NTCCNERMXRIPTR-UHFFFAOYSA-N,C11H8O2,172.18,C1=CC=C2C(=C1)C=CC(=C2C=O)O,confirmed_organic,organic_reagent,,telegram:minatajhiz,Iranian supplier Telegram catalogue,listing_evidence_crawled_2026-08-24,https://t.me/minatajhiz/608,,ai_normalised_listing+pubchem_confirmed,verified_telegram_listing,2019-06-02,cd08c149b510b74a46647f07a30c75b0f9ce4ee6ca0c415132dbe4b97f941a5d
Hydroxychloroquine Sulfate,Hydroxychloroquine sulfate,Hydroxychloroquine Sulfate; Hydroxychloroquine sulfate; 2-[4-[(7-chloroquinolin-4-yl)amino]pentyl-ethylamino]ethanol;sulfuric acid,,12947,JCBIVZZPXRZKTI-UHFFFAOYSA-N,C18H28ClN3O5S,434.0,CCN(CCCC(C)NC1=C2C=CC(=CC2=NC=C1)Cl)CCO.OS(=O)(=O)O,confirmed_organic,pharmaceutical_or_api,,Temad,web_catalogue,listing_evidence_crawled_2026-08-23,https://www.temad.com/product/tablet-hydroxychloroquine-sulfate-200-mg/,Tablet &#8211; Hydroxychloroquine Sulfate 200 mg,ai_resolved+pubchem,verified_web_catalogue,2026-08-23,40803637079e1f1d6225107cdb5dc2244f96eac1f3cf6dbd4e246208dbdc42c8
"(1,1'-Biphenyl)-4,4'-dicarboxylic acid","4,4′-Biphenyldicarboxylic acid",,,13084,NEQFBGHQPUXOFH-UHFFFAOYSA-N,C14H10O4,242.23,C1=CC(=CC=C1C2=CC=C(C=C2)C(=O)O)C(=O)O,confirmed_organic,organic_reagent,,ChemIranSanat,telegram,listing_evidence_crawled_2026-08-23,https://t.me/ChemIranSanat/1795,"091522 Fluorochem 4,4′-Biphenyldicarboxylic acid 25g 🔜 موجود و آماده تحویل ✅ شیمیران صنعت فقط اصلی ♾ موجودی و تنوع بی نظیر از برندهای معتبر 📱 سفارش کالا 👇 🆔 @ChemIranAdmin 🆔 @ChemIran1",ai_resolved+pubchem,verified_telegram_listing,2026-08-23,34ea78710c4265077435d4c6f3312ed18cd55b004bfc8aa2f09667f8c8f3f2e3
1-[chloro(ethoxy)phosphoryl]oxyethane,Diethyl chlorophosphate,1-[chloro(ethoxy)phosphoryl]oxyethane; Diethyl chlorophosphate,,13139,LGTLXDJOAJDFLR-UHFFFAOYSA-N,C4H10ClO3P,172.55,CCOP(=O)(OCC)Cl,confirmed_organic,organic_reagent,research,Telegram: ChemIranSanat,Iranian supplier Telegram catalogue,listed_not_current_stock_verified,https://t.me/ChemIranSanat/1923,1-[chloro(ethoxy)phosphoryl]oxyethane,existing skill export,verified_catalogue,2026-08-23,4eae3100473f2ee32e021d3f9ea5b1917f0026affc02dd3dcd9f43f121386401
2-hydroxyethyl prop-2-enoate,2-Hydroxyethyl acrylate,,818-61-1,13165,OMIGHNLMNHATMP-UHFFFAOYSA-N,C5H8O3,116.11,C=CC(=O)OCCO,confirmed_organic,organic_reagent,,telegram:Maran_Tejarat_Eshen,Iranian supplier Telegram catalogue,listing_evidence_crawled_2026-08-24,https://t.me/Maran_Tejarat_Eshen/629,,ai_normalised_listing+pubchem_confirmed,verified_telegram_listing,2025-11-25,30e195af6b1275848462f4e7f5734a0e1ac11808e8e99e3217ca6d939ac7373b
"1,6-diisocyanatohexane",Hexamethylene diisocyanate,"1,6-diisocyanatohexane; Hexamethylene diisocyanate",822-06-0,13192,RRAMGCGOFNQTLD-UHFFFAOYSA-N,C8H12N2O2,168.19,C(CCCN=C=O)CCN=C=O,confirmed_organic,organic_reagent,research,Telegram: minatajhiz,Iranian supplier Telegram catalogue,listed_not_current_stock_verified,https://t.me/minatajhiz/74,"1,6-diisocyanatohexane",existing skill export,verified_catalogue,2026-08-23,cd258d492792e7f16fe5230416a60e55ac1c677c67b22df7e47d50cd887833e5
2-hydroxyethyl 2-methylprop-2-enoate,2-Hydroxyethyl Methacrylate,2-hydroxyethyl 2-methylprop-2-enoate; 2-Hydroxyethyl Methacrylate; HEMA,868-77-9,13360,WOBHKFSMXKNTIM-UHFFFAOYSA-N,C6H10O3,130.14,CC(=C)C(=O)OCCO,confirmed_organic,organic_reagent,industrial,Telegram: Maran_Tejarat_Eshen,Iranian supplier Telegram catalogue,listed_not_current_stock_verified,https://t.me/Maran_Tejarat_Eshen/578,2-hydroxyethyl 2-methylprop-2-enoate,existing skill export,verified_catalogue,2026-08-23,34a01b169a85c736ff9db2af0a61a26c0f3df594aec2d9c019f246fb9e5e8b1e
1-methylpyrrolidin-2-one,1-Methyl-2-pyrrolidone,1-methylpyrrolidin-2-one; 1-Methyl-2-pyrrolidone,872-50-4,13387,SECXISVLQFMRJM-UHFFFAOYSA-N,C5H9NO,99.13,CN1CCCC1=O,confirmed_organic,organic_reagent,,TamadKala,Iranian online wholesale/lab shop,product_page_listed_not_current_stock_verified,https://tamadkala.com/product/29933/%DB%B1%D9%85%D8%AA%DB%8C%D9%84%DB%B2%D9%BE%DB%8C%D8%B1%D9%88%D9%84%DB%8C%D8%AF%D9%88%D9%86,۱متیل۲پیرولیدون,router_title_normalization,verified_catalogue,2026-08-23,0ae1765e27ae131b5e86af7c6743010b59bbac5838b72b5669c6bb33a71760b8
pyridine-4-carbaldehyde,4-Pyridinecarboxaldehyde,,872-85-5,13389,BGUWFUQJCDRPTL-UHFFFAOYSA-N,C6H5NO,107.11,C1=CN=CC=C1C=O,confirmed_organic,organic_reagent,,telegram:ChemIranSanat,Iranian supplier Telegram catalogue,listing_evidence_crawled_2026-08-24,https://t.me/ChemIranSanat/1866,,ai_normalised_listing+pubchem_confirmed,verified_telegram_listing,2019-11-26,7d3b821c5058a396fe62d6fa03295ce3bb30f81fae17c8b04a7ed281b5d9e296
(phenyldisulfanyl)benzene,Diphenyl disulfide,(phenyldisulfanyl)benzene; Diphenyl disulfide,,13436,GUUVPOWQJOLRAS-UHFFFAOYSA-N,C12H10S2,218.3,C1=CC=C(C=C1)SSC2=CC=CC=C2,confirmed_organic,organic_reagent,research,Telegram: minatajhiz,Iranian supplier Telegram catalogue,listed_not_current_stock_verified,https://t.me/minatajhiz/1032,(phenyldisulfanyl)benzene,existing skill export,verified_catalogue,2026-08-23,8187f60481747ac88cfebc75e058a06979f2371a35b7616bad683871e096f9c4
Amaranth,Amaranth,"Amaranth; trisodium;3-hydroxy-4-[(4-sulfonatonaphthalen-1-yl)diazenyl]naphthalene-2,7-disulfonate",915-67-3,13506,WLDHEUZGFKACJH-UHFFFAOYSA-K,C20H11N2Na3O10S3,604.5,C1=CC=C2C(=C1)C(=CC=C2S(=O)(=O)[O-])N=NC3=C4C=CC(=CC4=CC(=C3O)S(=O)(=O)[O-])S(=O)(=O)[O-].[Na+].[Na+].[Na+],confirmed_organic,colorant_or_indicator,,Mojallali Group,web_catalogue,listing_evidence_crawled_2026-08-23,https://drm-chem.com/en/product/amaranth-en/,Amaranth,pubchem_direct,verified_web_catalogue,2026-08-23,77952917c494ebce8bfc7c85867d95f0a9fc58787dbac1ebf25295f6c1bec86b
3-triethoxysilylpropan-1-amine,(3-Aminopropyl)triethoxysilane,3-triethoxysilylpropan-1-amine; (3-Aminopropyl)triethoxysilane,,13521,WYTZZXDRDKSJID-UHFFFAOYSA-N,C9H23NO3Si,221.37,CCO[Si](CCCN)(OCC)OCC,confirmed_organic,organic_reagent,research,Telegram: minatajhiz,Iranian supplier Telegram catalogue,listed_not_current_stock_verified,https://t.me/minatajhiz/686,3-triethoxysilylpropan-1-amine,existing skill export,verified_catalogue,2026-08-23,784d131a58e81b35d5e631637377e51f5a454769fbf566cbb3e232b41410db32
2-Hydroxypropyl methacrylate,2-hydroxypropyl methacrylate,,,13539,VHSHLMUCYSAUQU-UHFFFAOYSA-N,C7H12O3,144.17,CC(COC(=O)C(=C)C)O,confirmed_organic,organic_reagent,,Maran_Tejarat_Eshen,telegram,listing_evidence_crawled_2026-08-23,https://t.me/Maran_Tejarat_Eshen/538,✅ مونومر هیدروکسی پروپیل متااکریلات (HPMA) ✅ برند (JIN DUN) چین ✅ موجود در انبار شورآباد 👤 برای استعلام قیمت و کسب اطلاعات بیشتر با ما در تماس باشید 🏢 بازرگانی ماران تجارت اشن ☎️ 021-26378323 📱 09102296278 📱 09108066146 📱 09912064037 Instagram: @marantejarat Telegram: https://t.m,ai_resolved+pubchem,verified_telegram_listing,2026-08-23,bd1f114e91e2f5d1a94966f3e3b18dd9ec25aea58910eb6321ca50c0b42406c9
"4-(3,5-dichloro-4-hydroxyphenyl)iminocyclohexa-2,5-dien-1-one",Dichlorophenol Indophenol,,,13726,FBWADIKARMIWNM-UHFFFAOYSA-N,C12H7Cl2NO2,268.09,C1=CC(=O)C=CC1=NC2=CC(=C(C(=C2)Cl)O)Cl,confirmed_organic,colorant_or_indicator,,telegram:chemgroup,Iranian supplier Telegram catalogue,listing_evidence_crawled_2026-08-24,https://t.me/chemgroup/2107,,ai_normalised_listing+pubchem_confirmed,verified_telegram_listing,2016-09-17,3244bbc8200b8fce4c3a44d2740db0bcb6170eed685f89671484634b3c72f68d
(7-aminophenothiazin-3-ylidene)-dimethylazanium chloride,(7-aminophenothiazin-3-ylidene)-dimethylazanium chloride,(7-aminophenothiazin-3-ylidene)-dimethylazanium chloride,51811-82-6,13735,NALREUIWICQLPS-UHFFFAOYSA-N,C14H14ClN3S,291.8,C[N+](=C1C=CC2=NC3=C(C=C(C=C3)N)SC2=C1)C.[Cl-],confirmed_organic,,,Mojallali Group,Iranian WooCommerce catalogue,product_page_listed_not_current_stock_verified,https://drm-chem.com/en/product/giemsa-stain-en/,Giemsa Stain,cas_pubchem,verified_web_catalogue,2026-08-25,05f035e6e074fa41f5860087db420a7a123e24b2c81635cc408f1f8279fc3fde
1H-pyrrole-2-carbaldehyde,Pyrrole-2-carboxaldehyde,1H-pyrrole-2-carbaldehyde; Pyrrole-2-carboxaldehyde,,13854,ZSKGQVFRTSEPJT-UHFFFAOYSA-N,C5H5NO,95.10,C1=CNC(=C1)C=O,confirmed_organic,organic_reagent,research,Telegram: minatajhiz,Iranian supplier Telegram catalogue,listed_not_current_stock_verified,https://t.me/minatajhiz/1049,1H-pyrrole-2-carbaldehyde,existing skill export,verified_catalogue,2026-08-23,8bdcfb133c540e80b35b9c0c11d00f1afb8ab88a4986ab7647639fc598dc8668
C.I. Basic Brown 1,Bismarck Brown Y,,,13981,BDFZFGDTHFGWRQ-UHFFFAOYSA-N,C18H18N8,346.4,C1=CC(=CC(=C1)N=NC2=C(C=C(C=C2)N)N)N=NC3=C(C=C(C=C3)N)N,confirmed_organic,colorant_or_indicator,,Mojallali Group,web_catalogue,listing_evidence_crawled_2026-08-23,https://drm-chem.com/en/product/bismarck-brown-y-en/,Bismarck Brown Y,pubchem_direct,verified_web_catalogue,2026-08-23,525117d67fba5dc89cc17841be24fd9698478d12856a2cc34e4bfbb025af5b2a
(2S)-2-[2-[[(2S)-1-hydroxybutan-2-yl]amino]ethylamino]butan-1-ol,emb,(2S)-2-[2-[[(2S)-1-hydroxybutan-2-yl]amino]ethylamino]butan-1-ol; emb,,14052,AEUTYOVWOVBAKS-UWVGGRQHSA-N,C10H24N2O2,204.31,CCC(CO)NCCNC(CC)CO,confirmed_organic,,,TamadKala,Iranian online wholesale/lab shop,product_page_listed_not_current_stock_verified,https://tamadkala.com/product/15020/محیط-کشت-آگار-emb,محیط کشت آگار emb,structured_pubchem,verified_web_catalogue,2026-08-25,d06e21521298688c2cc25cc0c1231dcbaa1a95fd0993ca23b6e17e07944fae96
Methadone Hydrochloride,Methadone HCL,"Methadone Hydrochloride; Methadone HCL; 6-(dimethylamino)-4,4-diphenylheptan-3-one;hydrochloride",,14184,FJQXCDYVZAHXNS-UHFFFAOYSA-N,C21H28ClNO,345.9,CCC(=O)C(CC(C)N(C)C)(C1=CC=CC=C1)C2=CC=CC=C2.Cl,confirmed_organic,pharmaceutical_or_api,,Temad,web_catalogue,listing_evidence_crawled_2026-08-23,https://www.temad.com/product/metformin-hcl/,Methadone HCL,pubchem_direct,verified_web_catalogue,2026-08-23,614681051acc7652d4782e3688abe4c022a6b4c2faab19b59519526ebd724e0f
Metformin Hydrochloride,Metformin HCL,"Metformin Hydrochloride; Metformin HCL; 3-(diaminomethylidene)-1,1-dimethylguanidine;hydrochloride",,14219,OETHQSJEHLVLGH-UHFFFAOYSA-N,C4H12ClN5,165.62,CN(C)C(=N)N=C(N)N.Cl,confirmed_organic,pharmaceutical_or_api,,Temad,web_catalogue,listing_evidence_crawled_2026-08-23,https://www.temad.com/product/carbamazepine-2/,Metformin HCL,pubchem_direct,verified_web_catalogue,2026-08-23,723fae4e4ce795e4e821230dc02983512526fd691dd5a48ef6a30b2c39ed2483
pyridine-2-carbaldehyde,2-Pyridinecarboxaldehyde,,1121-60-4,14273,CSDSSGBPEUDDEE-UHFFFAOYSA-N,C6H5NO,107.11,C1=CC=NC(=C1)C=O,confirmed_organic,organic_reagent,,telegram:ChemIranSanat,Iranian supplier Telegram catalogue,listing_evidence_crawled_2026-08-24,https://t.me/ChemIranSanat/1870,,ai_normalised_listing+pubchem_confirmed,verified_telegram_listing,2019-11-30,8089b2e88d100a597c57ee026daf5abb1c6ba625bcfb1b9222c6caf5b6ce7378
1-pyridin-4-ylethanone,4-Acetylpyridine,,1122-54-9,14282,WMQUKDQWMMOHSA-UHFFFAOYSA-N,C7H7NO,121.14,CC(=O)C1=CC=NC=C1,confirmed_organic,organic_reagent,,telegram:ChemIranSanat,Iranian supplier Telegram catalogue,listing_evidence_crawled_2026-08-24,https://t.me/ChemIranSanat/1583,,ai_normalised_listing+pubchem_confirmed,verified_telegram_listing,2018-10-31,81ab3540b443110a1cee8c5cee5d6fdea239acb84a8d0b22307efe5f74dd9f9e
"naphthalene-2,6-dicarboxylic acid","2,6-Naphthalenedicarboxylic acid","naphthalene-2,6-dicarboxylic acid; 2,6-Naphthalenedicarboxylic acid",1141-38-4,14357,RXOHFPCZGPKIRD-UHFFFAOYSA-N,C12H8O4,216.19,C1=CC2=C(C=CC(=C2)C(=O)O)C=C1C(=O)O,confirmed_organic,organic_reagent,research,Telegram: ChemIranSanat,Iranian supplier Telegram catalogue,listed_not_current_stock_verified,https://t.me/ChemIranSanat/1632,"naphthalene-2,6-dicarboxylic acid",existing skill export,verified_catalogue,2026-08-23,ed5eae7b642c8747ea8cd154f1a8579fcb2960d7394cf7023580ca019c29dd5c
trimethoxy(methyl)silane,Methyltrimethoxysilane,trimethoxy(methyl)silane; Methyltrimethoxysilane,1185-55-3,14456,BFXIKLCIZHOAAZ-UHFFFAOYSA-N,C4H12O3Si,136.22,CO[Si](C)(OC)OC,confirmed_organic,organic_reagent,research,Telegram: minatajhiz,Iranian supplier Telegram catalogue,listed_not_current_stock_verified,https://t.me/minatajhiz/12,trimethoxy(methyl)silane,existing skill export,verified_catalogue,2026-08-23,3631433fda9d8bc8245cae790abde73eaa3680a0a878d1528edbb60bf686f253
2-(4-aminophenyl)acetic acid,4-Aminophenylacetic acid,,,14533,CSEWAUGPAQPMDC-UHFFFAOYSA-N,C8H9NO2,151.16,C1=CC(=CC=C1CC(=O)O)N,confirmed_organic,organic_reagent,,telegram:minatajhiz,Iranian supplier Telegram catalogue,listing_evidence_crawled_2026-08-24,https://t.me/minatajhiz/1034,,ai_normalised_listing+pubchem_confirmed,verified_telegram_listing,2023-05-31,64379beefe5dff0c4502d891dd8fcd8ccf4e8c40987ae4cb1b21bce55346e8cf
"3,5,6,8-tetrahydroxy-1-methyl-9,10-dioxo-7-[(2R,3R,4R,5S,6R)-3,4,5-trihydroxy-6-(hydroxymethyl)oxan-2-yl]anthracene-2-carboxylic acid",Carmine,,,14749,DGQLVPJVXFOQEV-NGOCYOHBSA-N,C22H20O13,492.4,CC1=C2C(=CC(=C1C(=O)O)O)C(=O)C3=C(C2=O)C(=C(C(=C3O)O)[C@@H]4[C@@H]([C@H]([C@@H]([C@H](O4)CO)O)O)O)O,confirmed_organic,colorant_or_indicator,,telegram:chemgroup,Iranian supplier Telegram catalogue,listing_evidence_crawled_2026-08-24,https://t.me/chemgroup/4415,,ai_normalised_listing+pubchem_confirmed,verified_telegram_listing,2018-01-18,81759ecbaeb613fbf6ad13445ae803e8862eab6c214cf5991b20af2d11fdcb62
"2,7,8-trimethyl-2-(4,8,12-trimethyltridecyl)-3,4-dihydrochromen-6-ol",tocopherol,"2,7,8-trimethyl-2-(4,8,12-trimethyltridecyl)-3,4-dihydrochromen-6-ol; tocopherol",,14986,QUEDXNHFTDJVIY-UHFFFAOYSA-N,C28H48O2,416.7,CC1=C(C=C2CCC(OC2=C1C)(C)CCCC(C)CCCC(C)CCCC(C)C)O,confirmed_organic,pharmaceutical_or_api,,Rooz Darou; TamadKala,Iranian online research/chemical shop | Iranian pharmaceutical product catalogue,product_page_listed_not_current_stock_verified,https://tamadkala.com/product/87735/%D9%88%DB%8C%D8%AA%D8%A7%D9%85%DB%8C%D9%86-e-%D8%AE%D9%88%D8%B1%D8%A7%DA%A9%DB%8C,ویتامین E خوراکی | کپسول سافت ژل ویتامین ای 400IU رزاویت,explicit_category_supplement,verified_catalogue,2026-08-23,77c45275a8086fbc25c463f9f69b83205f0f0ec11f566301df1e34b78416f269
pyridine-4-carboxamide,Isonicotinamide,pyridine-4-carboxamide; Isonicotinamide,1453-82-3,15074,VFQXVTODMYMSMJ-UHFFFAOYSA-N,C6H6N2O,122.12,C1=CN=CC=C1C(=O)N,confirmed_organic,organic_reagent,research,Telegram: ChemIranSanat,Iranian supplier Telegram catalogue,listed_not_current_stock_verified,https://t.me/ChemIranSanat/1695,pyridine-4-carboxamide,existing skill export,verified_catalogue,2026-08-23,bc04593c289d1413e7c35216395a333e81f7c04aa1ea1d62509e2e3e2a9103f7
calcium bis(octadecanoate),Calcium Stearate,calcium bis(octadecanoate); Calcium Stearate; calcium stearate,1592-23-0,15324,CJZGTCYPCWQAJB-UHFFFAOYSA-L,C36H70CaO4,607.0,CCCCCCCCCCCCCCCCCC(=O)[O-].CCCCCCCCCCCCCCCCCC(=O)[O-].[Ca+2],confirmed_organic,organic_reagent,industrial,Telegram: Ch_Chemical_leaders; Telegram: fanchem; IR Chem / Pishgaman,Iranian supplier Telegram catalogue,listed_not_current_stock_verified,https://t.me/Ch_Chemical_leaders/470,calcium bis(octadecanoate),existing skill export,verified_catalogue,2026-08-23,a795eca4c9f4fa3335724345d81684dbeb772c598414f0d74bd652e8061b666b
"oxathiane 2,2-dioxide","1,4-Butane sultone","oxathiane 2,2-dioxide; 1,4-Butane sultone",1633-83-6,15411,MHYFEEDKONKGEB-UHFFFAOYSA-N,C4H8O3S,136.17,C1CCS(=O)(=O)OC1,confirmed_organic,organic_reagent,research,Telegram: ChemIranSanat,Iranian supplier Telegram catalogue,listed_not_current_stock_verified,https://t.me/ChemIranSanat/1728,"oxathiane 2,2-dioxide",existing skill export,verified_catalogue,2026-08-23,f593ec0a95c4a7bb7fa7e83b7f14ad3e09963736ec05f6a7c18c9b900f322917
2-methoxy-2-methylpropane,tert-Butyl methyl ether,,1634-04-4,15413,BZLVMXJERCGZMT-UHFFFAOYSA-N,C5H12O,88.15,CC(C)(C)OC,confirmed_organic,organic_reagent,,telegram:IranChemicals,Iranian supplier Telegram catalogue,listing_evidence_crawled_2026-08-24,https://t.me/Iranchemicals/30673,,ai_normalised_listing+pubchem_confirmed,verified_telegram_listing,2025-12-14,3060d1f205b1ecebe3128ab0e0ffbb2638b126e8d20206fec82849fcad614400
"(1R,3S,5R,8R,10R,11S,12S,13R,14S)-8,12,14-trihydroxy-5-methyl-11,13-bis(methylamino)-2,4,9-trioxatricyclo[8.4.0.03,8]tetradecan-7-one",scm,"(1R,3S,5R,8R,10R,11S,12S,13R,14S)-8,12,14-trihydroxy-5-methyl-11,13-bis(methylamino)-2,4,9-trioxatricyclo[8.4.0.03,8]tetradecan-7-one; scm",,15541,UNFWWIHTNXNPBV-WXKVUWSESA-N,C14H24N2O7,332.35,CC1CC(=O)C2(C(O1)OC3C(C(C(C(C3O2)NC)O)NC)O)O,confirmed_organic,,,TamadKala,Iranian online wholesale/lab shop,product_page_listed_not_current_stock_verified,https://tamadkala.com/product/194310/دستگاه-پوشش-دهی-دورانی-ژیکان-مدل-scm-10,دستگاه پوشش دهی دورانی ژیکان مدل scm 10,structured_pubchem,verified_web_catalogue,2026-08-25,973c14164921a1959bbafc66c900ce162928d9f5cbc6bdf757f3801f24c6d6cb
"butane-1,2,3,4-tetracarboxylic acid","1,2,3,4-Butanetetracarboxylic acid","butane-1,2,3,4-tetracarboxylic acid; 1,2,3,4-Butanetetracarboxylic acid; Butanetetracarboxylic acid",,15560,GGAUUQHSCNMCAU-UHFFFAOYSA-N,C8H10O8,234.16,C(C(C(CC(=O)O)C(=O)O)C(=O)O)C(=O)O,confirmed_organic,organic_reagent,research,Telegram: minatajhiz,Iranian supplier Telegram catalogue,listed_not_current_stock_verified,https://t.me/minatajhiz/1009,"butane-1,2,3,4-tetracarboxylic acid",existing skill export,verified_catalogue,2026-08-23,3bed0e86453dfedca4296f3dcf78490e837febf6e4263b683872382f518aaea1
2-hydroxy-5-[(4-nitrophenyl)diazenyl]benzoic acid,Alizarin Yellow R,2-hydroxy-5-[(4-nitrophenyl)diazenyl]benzoic acid; Alizarin Yellow R,2243-76-7,15588,YVJPMMYYRNHJAU-UHFFFAOYSA-N,C13H9N3O5,287.23,C1=CC(=CC=C1N=NC2=CC(=C(C=C2)O)C(=O)O)[N+](=O)[O-],confirmed_organic,organic_reagent,,TamadKala,Iranian online wholesale/lab shop,product_page_listed_not_current_stock_verified,https://tamadkala.com/product/32862/%D8%A2%D9%84%DB%8C%D8%B2%D8%A7%D8%B1%DB%8C%D9%86-%D8%B2%D8%B1%D8%AF-%D8%A2%D8%B1,آلیزارین زرد آر,router_title_normalization,verified_catalogue,2026-08-23,fb94460bc2de81e25fb7c51fc520ae60b96fc9c5269e1a0eea770acab7417859
azanium thiocyanate,azanium thiocyanate,azanium thiocyanate,1762-95-4,15666,SOIFLUNRINLCBN-UHFFFAOYSA-N,CH4N2S,76.12,C(#N)[S-].[NH4+],confirmed_organic,,,Mojallali Group,Iranian WooCommerce catalogue,product_page_listed_not_current_stock_verified,https://drm-chem.com/en/product/ammonium-thiocyanate-en/,Ammonium thiocyanate,cas_pubchem,verified_web_catalogue,2026-08-25,641688a379f16b728d9cb950c73ba0855a7291938c2be403f252e8a15cc9d7f1
phenyl carbonochloridate,Phenyl chloroformate,,,15891,AHWALFGBDFAJAI-UHFFFAOYSA-N,C7H5ClO2,156.56,C1=CC=C(C=C1)OC(=O)Cl,confirmed_organic,organic_reagent,,telegram:minatajhiz,Iranian supplier Telegram catalogue,listing_evidence_crawled_2026-08-24,https://t.me/minatajhiz/1001,,ai_normalised_listing+pubchem_confirmed,verified_telegram_listing,2023-03-15,bd0c5b1593d90371c256190e1507777c6be13694e1c0d7b1a710b0399f24ae5c
"disodium;7-hydroxy-8-phenyldiazenylnaphthalene-1,3-disulfonate",Orange G,"disodium;7-hydroxy-8-phenyldiazenylnaphthalene-1,3-disulfonate; Orange G",1936-15-8,16015,HSXUHWZMNJHFRV-UHFFFAOYSA-L,C16H10N2Na2O7S2,452.4,C1=CC=C(C=C1)N=NC2=C(C=CC3=CC(=CC(=C32)S(=O)(=O)[O-])S(=O)(=O)[O-])O.[Na+].[Na+],confirmed_organic,colorant_or_indicator,,TamadKala; Mojallali Group; ShimiMan,Iranian online wholesale/lab shop,product_page_listed_not_current_stock_verified,https://tamadkala.com/product/23458/%D8%A7%D9%88%D8%B1%D9%86%D8%AC-%D8%AC%DB%8C-%D8%AF%DA%A9%D8%AA%D8%B1-%D9%85%D8%AC%D9%84%D9%84%DB%8C-indicator-reagent,اورنج جی دکتر مجللی indicator reagent,router_title_normalization,verified_catalogue,2026-08-23,4ae8dcc7aea7349e4d2436797ff4c513d01f3e93feedaeb46adcd4d0d91926a2
Tert-Butylhydroquinone,Tert-butylhydroquinone,"Tert-Butylhydroquinone; Tert-butylhydroquinone; 2-tert-butylbenzene-1,4-diol; TBHQ",,16043,BGNXCDMCOKJUMV-UHFFFAOYSA-N,C10H14O2,166.22,CC(C)(C)C1=C(C=CC(=C1)O)O,confirmed_organic,organic_reagent,,jahaneshimicom; IR Chem / Pishgaman; telegram:jahaneshimicom,telegram,listing_evidence_crawled_2026-08-23,https://t.me/jahaneshimicom/143,سلام ترت بوتیل هیدروکینون موجود دارید؟ نباتی شرکت ایستا تحکیم 09351397699,ai_resolved+pubchem,verified_telegram_listing,2026-08-23,8921e964c2c3e261f1da021418ca8d668bf8f075af00d25f6901b4a6d51a9c91
"(6aR,10aR)-6,6,9-trimethyl-3-pentyl-6a,7,8,10a-tetrahydrobenzo[c]chromen-1-ol",Tetrahydrocannabinol,,1972-08-3,16078,CYQFCXCEBYINGO-IAGOWNOFSA-N,C21H30O2,314.5,CCCCCC1=CC(=C2[C@@H]3C=C(CC[C@H]3C(OC2=C1)(C)C)C)O,confirmed_organic,pharmaceutical_or_api,,telegram:ChemIranSanat,Iranian supplier Telegram catalogue,listing_evidence_crawled_2026-08-24,https://t.me/ChemIranSanat/1205,,ai_normalised_listing+pubchem_confirmed,verified_telegram_listing,2018-01-24,e2dd7f6f67e0e5c8247eef4cf12f182a9d21f7b3a33db2b156b03a3104a3c5c3
"octadecyl 3-(3,5-ditert-butyl-4-hydroxyphenyl)propanoate",Octadecyl DI-tert-butyl-4-hydroxyhydrocinnamate,,,16386,SSDSCDGVMJFTEQ-UHFFFAOYSA-N,C35H62O3,530.9,CCCCCCCCCCCCCCCCCCOC(=O)CCC1=CC(=C(C(=C1)C(C)(C)C)O)C(C)(C)C,confirmed_organic,cosmetic_raw_material,,telegram:Ch_Chemical_leaders,Iranian supplier Telegram catalogue,listing_evidence_crawled_2026-08-24,https://t.me/Ch_Chemical_leaders/248,,ai_normalised_listing+pubchem_confirmed,verified_telegram_listing,2025-07-19,1a0568dbb46ab251f5e119599ff1cb4bb41bd552519317fda0b25e0ab197a172
"hexane-1,6-diamine",Hexamethylenediamine,,124-09-4,16402,NAQMVNRVTILPCV-UHFFFAOYSA-N,C6H16N2,116.20,C(CCCN)CCN,confirmed_organic,organic_reagent,,telegram:IranChemicals,Iranian supplier Telegram catalogue,listing_evidence_crawled_2026-08-24,https://t.me/Iranchemicals/23752,,ai_normalised_listing+pubchem_confirmed,verified_telegram_listing,2022-03-01,757d30679dc21a86d9acdc90f83705fa07af2ab8f8b3f94855ccded075d4cc54
Betamethasone Valerate,betamethasone valerate,"Betamethasone Valerate; betamethasone valerate; [(8S,9R,10S,11S,13S,14S,16S,17R)-9-fluoro-11-hydroxy-17-(2-hydroxyacetyl)-10,13,16-trimethyl-3-oxo-6,7,8,11,12,14,15,16-octahydrocyclopenta[a]phenanthren-17-yl] pentanoate",,16533,SNHRLVCMMWUAJD-SUYDQAKGSA-N,C27H37FO6,476.6,CCCCC(=O)O[C@@]1([C@H](C[C@@H]2[C@@]1(C[C@@H]([C@]3([C@H]2CCC4=CC(=O)C=C[C@@]43C)F)O)C)C)C(=O)CO,confirmed_organic,pharmaceutical_or_api,,Temad,web_catalogue,listing_evidence_crawled_2026-08-23,https://www.temad.com/product/hydrocodone-bitartrate-2/,Betamethasone Valerate,ai_resolved+pubchem,verified_web_catalogue,2026-08-23,a8772f936c6fedecae401153af3710c3eaff03a50241376d21e2d14aa9c0b1aa
N-propan-2-ylprop-2-enamide,N-Isopropylacrylamide,N-propan-2-ylprop-2-enamide; N-Isopropylacrylamide,,16637,QNILTEGFHQSKFF-UHFFFAOYSA-N,C6H11NO,113.16,CC(C)NC(=O)C=C,confirmed_organic,organic_reagent,research,Telegram: ChemIranSanat,Iranian supplier Telegram catalogue,listed_not_current_stock_verified,https://t.me/ChemIranSanat/752,N-propan-2-ylprop-2-enamide,existing skill export,verified_catalogue,2026-08-23,008fbb84f2b99ac0f36e4786c68ceae8cdd8a2c6ea324a382a18a324d4c2eb7e
"(1R,2S,5R)-5-methyl-2-propan-2-ylcyclohexan-1-ol","(1R,2S,5R)-5-methyl-2-propan-2-ylcyclohexan-1-ol","(1R,2S,5R)-5-methyl-2-propan-2-ylcyclohexan-1-ol",2216-51-5,16666,NOOLISFMXDJSKH-KXUCPTDWSA-N,C10H20O,156.26,CC1CCC(C(C1)O)C(C)C,confirmed_organic,,,Mojallali Group,Iranian WooCommerce catalogue,product_page_listed_not_current_stock_verified,https://drm-chem.com/en/product/menthol-en/,(-)-Menthol,cas_pubchem,verified_web_catalogue,2026-08-25,a38c52d50e6226d18168de4853fddab3c655f2f457a482913bb123f1ce2aaec8
cadmium(2+);bis(octadecanoate),Cadmium stearate,cadmium(2+);bis(octadecanoate); Cadmium stearate,,16681,GWOWVOYJLHSRJJ-UHFFFAOYSA-L,C36H70CdO4,679.4,CCCCCCCCCCCCCCCCCC(=O)[O-].CCCCCCCCCCCCCCCCCC(=O)[O-].[Cd+2],confirmed_organic,organic_reagent,,Fardad Shimi,Iranian online lab-chemical shop,product_page_listed_not_current_stock_verified,,استئارات روی MERCK | ...,router_title_normalization,verified_catalogue,2026-08-23,b42b27a741ff5bc139f8e5cd6103488706d0afecbe199fe405e7a90680dc962a
dithiolane-4-carboxylic acid,"1,2-Dithiolane-4-carboxylic acid",,2224-02-4,16682,AYGMEFRECNWRJC-UHFFFAOYSA-N,C4H6O2S2,150.2,C1C(CSS1)C(=O)O,confirmed_organic,organic_reagent,,telegram:ChemIranSanat,Iranian supplier Telegram catalogue,listing_evidence_crawled_2026-08-24,https://t.me/ChemIranSanat/989,,ai_normalised_listing+pubchem_confirmed,verified_telegram_listing,2017-11-08,4c3730debd628112947287b1dac45e34e425b0de91f1ac99a8fdf4697a8e310e
"3',6'-dihydroxyspiro[2-benzofuran-3,9'-xanthene]-1-one",Fluorescein,,,16850,GNBHRKFJIUUOQI-UHFFFAOYSA-N,C20H12O5,332.3,C1=CC=C2C(=C1)C(=O)OC23C4=C(C=C(C=C4)O)OC5=C3C=CC(=C5)O,confirmed_organic,colorant_or_indicator,,telegram:chemgroup,Iranian supplier Telegram catalogue,listing_evidence_crawled_2026-08-24,https://t.me/chemgroup/2134,,ai_normalised_listing+pubchem_confirmed,verified_telegram_listing,2016-09-20,8d6270480258c8f50f76d42abd99ea3bc8c4ea91f659ce6b4f76a907c1b93e95
"disodium;2-[[4-[ethyl-[(3-sulfonatophenyl)methyl]amino]phenyl]-[4-[ethyl-[(3-sulfonatophenyl)methyl]azaniumylidene]cyclohexa-2,5-dien-1-ylidene]methyl]-5-hydroxybenzenesulfonate",Fast Green FCF,"disodium;2-[[4-[ethyl-[(3-sulfonatophenyl)methyl]amino]phenyl]-[4-[ethyl-[(3-sulfonatophenyl)methyl]azaniumylidene]cyclohexa-2,5-dien-1-ylidene]methyl]-5-hydroxybenzenesulfonate; Fast Green FCF",2353-45-9,16887,RZSYLLSAWYUBPE-UHFFFAOYSA-L,C37H34N2Na2O10S3,808.9,CCN(CC1=CC(=CC=C1)S(=O)(=O)[O-])C2=CC=C(C=C2)C(=C3C=CC(=[N+](CC)CC4=CC(=CC=C4)S(=O)(=O)[O-])C=C3)C5=C(C=C(C=C5)O)S(=O)(=O)[O-].[Na+].[Na+],confirmed_organic,organic_reagent,,TamadKala; Mojallali Group,Iranian online wholesale/lab shop,product_page_listed_not_current_stock_verified,https://tamadkala.com/product/173739/%D9%85%D8%B9%D8%B1%D9%81-%D9%81%D8%B3%D8%AA-%DA%AF%D8%B1%DB%8C%D9%86-%D8%A7%D9%81-%D8%B3%DB%8C-%D8%A7%D9%81-%D8%AF%DA%A9%D8%AA%D8%B1-%D9%85%D8%AC%D9%84%D9%84%DB%8C,معرف فست گرین اف سی اف دکتر مجللی,router_title_normalization,verified_catalogue,2026-08-23,da97cd9615e70955efc9fb3f1ff612e2390225d64b5cbdf036f1beb5d82e8c7d
Dexamethasone Sodium Phosphate,dexamethasone sodium phosphate,"Dexamethasone Sodium Phosphate; dexamethasone sodium phosphate; disodium;[2-[(8S,9R,10S,11S,13S,14S,16R,17R)-9-fluoro-11,17-dihydroxy-10,13,16-trimethyl-3-oxo-6,7,8,11,12,14,15,16-octahydrocyclopenta[a]phenanthren-17-yl]-2-oxoethyl] phosphate",,16961,PLCQGRYPOISRTQ-FCJDYXGNSA-L,C22H28FNa2O8P,516.4,C[C@@H]1C[C@H]2[C@@H]3CCC4=CC(=O)C=C[C@@]4([C@]3([C@H](C[C@@]2([C@]1(C(=O)COP(=O)([O-])[O-])O)C)O)F)C.[Na+].[Na+],confirmed_organic,pharmaceutical_or_api,,Temad,web_catalogue,listing_evidence_crawled_2026-08-23,https://www.temad.com/product/oxymorphone-hcl/,Dexamethasone Sodium Phosphate,ai_resolved+pubchem,verified_web_catalogue,2026-08-23,fe8a2751c28f84ef0982e6ef9ebbf251d4fcd2a9a868afac553f5610ec06ddee
3-trimethoxysilylpropyl 2-methylprop-2-enoate,3-(Trimethoxysilyl)propyl methacrylate,,,17318,XDLMVUHYZWKMMD-UHFFFAOYSA-N,C10H20O5Si,248.35,CC(=C)C(=O)OCCC[Si](OC)(OC)OC,confirmed_organic,organic_reagent,,telegram:minatajhiz,Iranian supplier Telegram catalogue,listing_evidence_crawled_2026-08-24,https://t.me/minatajhiz/804,,ai_normalised_listing+pubchem_confirmed,verified_telegram_listing,2021-08-07,47ca3a1b126cdc5fcfdd6fc476e011f9ceeb193a2a26105fc55073ba24a06527
disodium;6-hydroxy-5-[(4-sulfonatophenyl)diazenyl]naphthalene-2-sulfonate,Sunset Yellow FCF,disodium;6-hydroxy-5-[(4-sulfonatophenyl)diazenyl]naphthalene-2-sulfonate; Sunset Yellow FCF,2783-94-0,17730,OIQPTROHQCGFEF-UHFFFAOYSA-L,C16H10N2Na2O7S2,452.4,C1=CC(=CC=C1N=NC2=C(C=CC3=C2C=CC(=C3)S(=O)(=O)[O-])O)S(=O)(=O)[O-].[Na+].[Na+],confirmed_organic,colorant_or_indicator,,TamadKala,Iranian online research/chemical shop | Iranian online wholesale/lab shop,product_page_listed_not_current_stock_verified,https://tamadkala.com/product/57985/%D8%B1%D9%86%DA%AF-%D8%AE%D9%88%D8%B1%D8%A7%DA%A9%DB%8C-%D8%B3%D8%A7%D9%86-%D8%B3%D8%AA-%DB%8C%D9%84%D9%88%D9%86%D8%A7%D8%B1%D9%86%D8%AC%DB%8C,رنگ خوراکی سان ست یلونارنجی,explicit_category_supplement | router_title_normalization,verified_catalogue,2026-08-23,6f21a0c124b33588e27b12be98dea1f24a7f3205e8595861a881c716cf36b111
(Dimethylamino)ethyl methacrylate,2-(Dimethylamino)ethyl methacrylate,,,17869,JKNCOURZONDCGV-UHFFFAOYSA-N,C8H15NO2,157.21,CC(=C)C(=O)OCCN(C)C,confirmed_organic,organic_reagent,,minatajhiz,telegram,listing_evidence_crawled_2026-08-23,https://t.me/minatajhiz/1008,2-دی متیل آمینو اتیل متا اکریلات (2-Dimethylaminoethyl) methacrylate کد محصول مرک: 840083 واردات جدید سیگما آلدریچ,ai_resolved+pubchem,verified_telegram_listing,2026-08-23,52ed837d9774276e7ccd2ace28c79bfc9a0d4f613fdf9f3274da9faa6949c117
"azanium 2,4-dioxo-5-[(2,4,6-trioxo-1,3-diazinan-5-ylidene)amino]-1H-pyrimidin-6-olate",Murexide,"azanium 2,4-dioxo-5-[(2,4,6-trioxo-1,3-diazinan-5-ylidene)amino]-1H-pyrimidin-6-olate; Murexide",3051-09-0,18275,LJYRLGOJYKPILZ-UHFFFAOYSA-N,C8H8N6O6,284.19,C1(=C(NC(=O)NC1=O)[O-])N=C2C(=O)NC(=O)NC2=O.[NH4+],confirmed_organic,organic_reagent,,Fardad Shimi; Mojallali Group,Iranian online lab-chemical shop,product_page_listed_not_current_stock_verified,https://drm-chem.com/en/product/murexide-acs-en/,موراکسید مرک MERCK,router_title_normalization,verified_catalogue,2026-08-23,9a30af084957795cf56ca0c0cd0410fa0363ad218c9a6c8a49c3d748ac3ff26c
"2,2-bis(2-methylprop-2-enoyloxymethyl)butyl 2-methylprop-2-enoate",Trimethylolpropane Trimethacrylate,,,18689,OKKRPWIIYQTPQF-UHFFFAOYSA-N,C18H26O6,338.4,CCC(COC(=O)C(=C)C)(COC(=O)C(=C)C)COC(=O)C(=C)C,confirmed_organic,organic_reagent,,telegram:minatajhiz,Iranian supplier Telegram catalogue,listing_evidence_crawled_2026-08-24,https://t.me/minatajhiz/835,,ai_normalised_listing+pubchem_confirmed,verified_telegram_listing,2021-12-29,c95248e1855290560b2027ec7616bbb0ff227d754ba2a56ff6d8adffeac6c65d
"3,5,5-trimethylhexan-1-ol","3,5,5-Trimethyl-1-hexanol","3,5,5-trimethylhexan-1-ol; 3,5,5-Trimethyl-1-hexanol",3452-97-9,18938,BODRLKRKPXBDBN-UHFFFAOYSA-N,C9H20O,144.25,CC(CCO)CC(C)(C)C,confirmed_organic,organic_reagent,,TamadKala,Iranian online wholesale/lab shop,product_page_listed_not_current_stock_verified,https://tamadkala.com/product/101488/3-%D9%88-5-%D9%88-5-%D8%AA%D8%B1%DB%8C-%D9%85%D8%AA%DB%8C%D9%84-1-%D9%87%DA%AF%D8%B2%D8%A7%D9%86%D9%88%D9%84,3 و 5 و 5 تری متیل 1 هگزانول,router_title_normalization,verified_catalogue,2026-08-23,c0209317390be2c90d556286bc20e09351f9e176b8a658c9cddb5c84b0342c09
disodium;4-hydroxy-3-[(4-sulfonatonaphthalen-1-yl)diazenyl]naphthalene-1-sulfonate,Carmoisine,disodium;4-hydroxy-3-[(4-sulfonatonaphthalen-1-yl)diazenyl]naphthalene-1-sulfonate; Carmoisine,3567-69-9,19118,YSVBPNGJESBVRM-UHFFFAOYSA-L,C20H12N2Na2O7S2,502.4,C1=CC=C2C(=C1)C(=CC=C2S(=O)(=O)[O-])N=NC3=C(C4=CC=CC=C4C(=C3)S(=O)(=O)[O-])O.[Na+].[Na+],confirmed_organic,colorant_or_indicator,,TamadKala,Iranian online research/chemical shop | Iranian online wholesale/lab shop,product_page_listed_not_current_stock_verified,https://tamadkala.com/product/58009/%D8%B1%D9%86%DA%AF-%D8%AE%D9%88%D8%B1%D8%A7%DA%A9%DB%8C-%DA%A9%D8%A7%D8%B1%D9%85%D9%88%D8%B2%DB%8C%D9%86%D9%82%D8%B1%D9%85%D8%B2,رنگ خوراکی کارموزین قرمز | رنگ خوراکی کارموزینقرمز,explicit_category_supplement | router_title_normalization,verified_catalogue,2026-08-23,5e1d2f7e67b83c4057c7e05e59699cff6aed8715178963a2cc261257fa43c5c1
"benzyl-[2-(2,6-dimethylanilino)-2-oxoethyl]-diethylazanium benzoate",Denatonium Benzoate,,,19518,VWTINHYPRWEBQY-UHFFFAOYSA-N,C28H34N2O3,446.6,CC[N+](CC)(CC1=CC=CC=C1)CC(=O)NC2=C(C=CC=C2C)C.C1=CC=C(C=C1)C(=O)[O-],confirmed_organic,organic_reagent,,telegram:chemgroup,Iranian supplier Telegram catalogue,listing_evidence_crawled_2026-08-24,https://t.me/chemgroup/2342,,ai_normalised_listing+pubchem_confirmed,verified_telegram_listing,2016-10-25,d118e2cb37fe58146b8017b59db69821cf373babc914c33410073836131c05ab
"bis(2-[(1R,2R,3S,4R,5R,6S)-3-(diaminomethylideneamino)-4-[(2R,3R,4R,5S)-3-[(2S,3S,4S,5R,6S)-4,5-dihydroxy-6-(hydroxymethyl)-3-(methylamino)oxan-2-yl]oxy-4-formyl-4-hydroxy-5-methyloxolan-2-yl]oxy-2,5,6-trihydroxycyclohexyl]guanidine);sulfuric acid",Streptomycin Sulfate,"bis(2-[(1R,2R,3S,4R,5R,6S)-3-(diaminomethylideneamino)-4-[(2R,3R,4R,5S)-3-[(2S,3S,4S,5R,6S)-4,5-dihydroxy-6-(hydroxymethyl)-3-(methylamino)oxan-2-yl]oxy-4-formyl-4-hydroxy-5-methyloxolan-2-yl]oxy-2,5,6-trihydroxycyclohexyl]guanidine);sulfuric acid; Streptomycin Sulfate",3810-74-0,19648,QTENRWWVYAAPBI-YCRXJPFRSA-N,C42H84N14O36S3,1457.4,C[C@H]1[C@@]([C@H]([C@@H](O1)O[C@@H]2[C@H]([C@@H]([C@H]([C@@H]([C@H]2O)O)N=C(N)N)O)N=C(N)N)O[C@H]3[C@H]([C@@H]([C@H]([C@@H](O3)CO)O)O)NC)(C=O)O.C[C@H]1[C@@]([C@H]([C@@H](O1)O[C@@H]2[C@H]([C@@H]([C@H]([C@@H]([C@H]2O)O)N=C(N)N)O)N=C(N)N)O[C@H]3[C@H]([C@@H]([C@H]([C@@H](O3)CO)O)O)NC)(C=O)O.OS(=O)(=O)O.OS(=O)(=O)O.OS(=O)(=O)O,confirmed_organic,pharmaceutical_or_api,,telegram:labshop; telegram:ATRmedShop,Iranian supplier Telegram catalogue,listing_evidence_crawled_2026-08-24,https://t.me/labshop/140,Streptomycin sulfate | استرپتومایسین سولفات مناسب کشت سلول ‌‏⁧ ‌‌‏‌محصولات سیگما اصل را از ما بخواهید. 👇 واردات و فروش مواد شیمیایی سیگما 👇 ‌ ‌ ‌ ☎️ تلفن: ۰۲۱۶۶۳۶۱۵۴۳-۶۶۳۷۹۰۲۶-۰۲۱ ‌ 📱 موبایل: 09120549893 🌐 لینک محصول : https://atrmed.com/product/streptomycin-sulfate/?v=e067b3c6b979 #آثل_طب #مواد_ازمایشگاهی #مواد_شیمیایی #بیولوژی #بیولوژی_مولکولی #آنتی_بیوتیک #آنزیم #استرپتومایسین_سولفات #کشت_سلول,ai_normalised_listing+pubchem_confirmed,verified_telegram_listing,2016-04-26,aa81177ccd63d85695e6d47657f4c5221864417c06925dc6988088fc862d41b8
"disodium;2-[[4-[ethyl-[(3-sulfonatophenyl)methyl]amino]phenyl]-[4-[ethyl-[(3-sulfonatophenyl)methyl]azaniumylidene]cyclohexa-2,5-dien-1-ylidene]methyl]benzenesulfonate",Brilliant Blue FCF,"disodium;2-[[4-[ethyl-[(3-sulfonatophenyl)methyl]amino]phenyl]-[4-[ethyl-[(3-sulfonatophenyl)methyl]azaniumylidene]cyclohexa-2,5-dien-1-ylidene]methyl]benzenesulfonate; Brilliant Blue FCF",3844-45-9,19700,SGHZXLIDFTYFHQ-UHFFFAOYSA-L,C37H34N2Na2O9S3,792.9,CCN(CC1=CC(=CC=C1)S(=O)(=O)[O-])C2=CC=C(C=C2)C(=C3C=CC(=[N+](CC)CC4=CC(=CC=C4)S(=O)(=O)[O-])C=C3)C5=CC=CC=C5S(=O)(=O)[O-].[Na+].[Na+],confirmed_organic,colorant_or_indicator,,TamadKala,Iranian online research/chemical shop | Iranian online wholesale/lab shop,product_page_listed_not_current_stock_verified,https://tamadkala.com/product/58035/%D8%B1%D9%86%DA%AF-%D8%AE%D9%88%D8%B1%D8%A7%DA%A9%DB%8C-%D8%A8%D8%B1%D9%84%DB%8C%D8%A7%D9%86%D8%AA-%D8%A8%D9%84%D9%88%D8%A2%D8%A8%DB%8C,رنگ خوراکی برلیانت بلو آبی | رنگ خوراکی برلیانت بلوآبی,explicit_category_supplement | router_title_normalization,verified_catalogue,2026-08-23,2db9c6b86febf508f5b567a9435b9267995ea15f048804b1095d1f1d5a0a4c3e
2-(propan-2-yloxymethyl)oxirane,2-((1-Methylethoxy)methyl)oxirane,,,19920,NWLUZGJDEZBBRH-UHFFFAOYSA-N,C6H12O2,116.16,CC(C)OCC1CO1,confirmed_organic,organic_reagent,,telegram:minatajhiz,Iranian supplier Telegram catalogue,listing_evidence_crawled_2026-08-24,https://t.me/minatajhiz/187,,ai_normalised_listing+pubchem_confirmed,verified_telegram_listing,2017-11-11,8fb22b0a7dc5506e95e57b7598055b1e7c4e2ee4b0a8cc160196ff69d56f9612
calcium propanoate,Calcium Propionate,calcium propanoate; Calcium Propionate,4075-81-4,19999,BCZXFFBUYPCTSJ-UHFFFAOYSA-L,C6H10CaO4,186.22,CCC(=O)[O-].CCC(=O)[O-].[Ca+2],confirmed_organic,organic_reagent,,DigiShimi,Iranian online chemical shops,product_page_listed_not_current_stock_verified,https://digishimii.ir/Product/%d9%be%d8%b1%d9%88%d9%be%db%8c%d9%88%d9%86%d8%a7%d8%aa-%da%a9%d9%84%d8%b3%db%8c%d9%85/,پروپیونات کلسیم,router_title_normalization,verified_catalogue,2026-08-23,f154544b059c4643f6d7cdf8156a7d61731a47d092c265d12bf46462ccd82570
alpha-Tocopherol succinate,D-alpha-Tocopherol succinate,,,20353,IELOKBJPULMYRW-NJQVLOCASA-N,C33H54O5,530.8,CC1=C(C(=C(C2=C1O[C@](CC2)(C)CCC[C@H](C)CCC[C@H](C)CCCC(C)C)C)OC(=O)CCC(=O)O)C,confirmed_organic,vitamin,,ChemIranSanat,telegram,listing_evidence_crawled_2026-08-23,https://t.me/ChemIranSanat/1852,016654 Exir D-alpha-Tocopherol Succinate (Vitamin E succinate) 2g 5g 10g 🔜 موجود و آماده تحویل ✅ شیمیران صنعت فقط اصلی ♾ موجودی و تنوع بی نظیر از برندهای معتبر 📱 سفارش کالا 👇 🆔 @ChemIranAdmin 🆔 @ChemIran1,ai_resolved+pubchem,verified_telegram_listing,2026-08-23,42d78e83bb7b8e19f6f05b28a39db8993f7ae32c9f9bd4603253be01a09b7e4b
Aminotetrazole,5-Aminotetrazole,Aminotetrazole; 5-Aminotetrazole; 2H-tetrazol-5-amine,4418-61-5,20467,ULRPISSMEBPJLN-UHFFFAOYSA-N,CH3N5,85.07,C1(=NNN=N1)N,confirmed_organic,organic_reagent,,ChemIranSanat; telegram:ChemIranSanat,telegram,listing_evidence_crawled_2026-08-23,https://t.me/ChemIranSanat/1697,A80602 Sigma-Aldrich 5-Aminotetrazole 5G 🔜 موجود و آماده تحویل ✅ شیمیران صنعت فقط اصلی 📱 دریافت قیمت یا سفارش کالا 👇 🆔 @ChemIranAdmin 🆔 @ChemIran1,ai_resolved+pubchem,verified_telegram_listing,2026-08-23,22a67dbc2cc0a360c44eb754ff5611ded21013c5716ff16fc7bbed8f774bd2dc
3-trimethoxysilylpropane-1-thiol,(3-Mercaptopropyl)trimethoxysilane,,,20473,UUEWCQRISZBELL-UHFFFAOYSA-N,C6H16O3SSi,196.34,CO[Si](CCCS)(OC)OC,confirmed_organic,organic_reagent,,telegram:minatajhiz,Iranian supplier Telegram catalogue,listing_evidence_crawled_2026-08-24,https://t.me/minatajhiz/8,,ai_normalised_listing+pubchem_confirmed,verified_telegram_listing,2016-04-30,f0c122cf19b1538937184b16d44f602f2d993458c79b40ebf2991db1c2534467
tetrapropylazanium hydroxide,Tetrapropylammonium hydroxide,,141-69-5,20586,LPSKDVINWQNWFE-UHFFFAOYSA-M,C12H29NO,203.36,CCC[N+](CCC)(CCC)CCC.[OH-],confirmed_organic,organic_reagent,,telegram:minatajhiz,Iranian supplier Telegram catalogue,listing_evidence_crawled_2026-08-24,https://t.me/minatajhiz/204,,ai_normalised_listing+pubchem_confirmed,verified_telegram_listing,2017-11-22,c8f12739f5dca9cb63553a779fb7126459d553d0e094301c5783f39a80c581b9
trioctylphosphane,Trioctylphosphine,trioctylphosphane; Trioctylphosphine,,20851,RMZAYIKUYWXQPB-UHFFFAOYSA-N,C24H51P,370.6,CCCCCCCCP(CCCCCCCC)CCCCCCCC,confirmed_organic,organic_reagent,research,Telegram: minatajhiz,Iranian supplier Telegram catalogue,listed_not_current_stock_verified,https://t.me/minatajhiz/666,trioctylphosphane,existing skill export,verified_catalogue,2026-08-23,3cc5185948a3a4de6e913c0245ab5af1c59af81981d6aa083b1dfe3e31ffddf6
methyl(trioctyl)azanium chloride,Trioctylmethylammonium chloride,,,21218,XKBGEWXEAPTVCK-UHFFFAOYSA-M,C25H54ClN,404.2,CCCCCCCC[N+](C)(CCCCCCCC)CCCCCCCC.[Cl-],confirmed_organic,organic_reagent,,telegram:minatajhiz,Iranian supplier Telegram catalogue,listing_evidence_crawled_2026-08-24,https://t.me/minatajhiz/404,,ai_normalised_listing+pubchem_confirmed,verified_telegram_listing,2018-06-13,b86c1712d2ba4f430c491e9d27f9c8524c586ab65213a1b8f241b1a826730e83
"disodium;3-[[N-ethyl-4-[[4-[ethyl-[(3-sulfonatophenyl)methyl]azaniumylidene]cyclohexa-2,5-dien-1-ylidene]-(4-sulfonatophenyl)methyl]anilino]methyl]benzenesulfonate",Light Green SF Yellowish,"disodium;3-[[N-ethyl-4-[[4-[ethyl-[(3-sulfonatophenyl)methyl]azaniumylidene]cyclohexa-2,5-dien-1-ylidene]-(4-sulfonatophenyl)methyl]anilino]methyl]benzenesulfonate; Light Green SF Yellowish",5141-20-8,21223,DGOBMKYRQHEFGQ-UHFFFAOYSA-L,C37H34N2Na2O9S3,792.9,CCN(CC1=CC(=CC=C1)S(=O)(=O)[O-])C2=CC=C(C=C2)C(=C3C=CC(=[N+](CC)CC4=CC(=CC=C4)S(=O)(=O)[O-])C=C3)C5=CC=C(C=C5)S(=O)(=O)[O-].[Na+].[Na+],confirmed_organic,organic_reagent,,TamadKala; Mojallali Group,Iranian online wholesale/lab shop,product_page_listed_not_current_stock_verified,https://tamadkala.com/product/173749/%D9%85%D8%B9%D8%B1%D9%81-%D9%84%D8%A7%DB%8C%D8%AA-%DA%AF%D8%B1%DB%8C%D9%86-%D8%AF%DA%A9%D8%AA%D8%B1-%D9%85%D8%AC%D9%84%D9%84%DB%8C,معرف لایت گرین دکتر مجللی,router_title_normalization,verified_catalogue,2026-08-23,95482cdb1fb7a0f6665d795fb99ce867c2629c02f8a37fc74350d9e7101cc6ae
"1,10-phenanthroline;hydrate","1,10-Phenanthroline monohydrate","1,10-phenanthroline;hydrate; 1,10-Phenanthroline monohydrate",5144-89-8,21226,PPQJCISYYXZCAE-UHFFFAOYSA-N,C12H10N2O,198.22,C1=CC2=C(C3=C(C=CC=N3)C=C2)N=C1.O,confirmed_organic,organic_reagent,research,Fardad Shimi; TamadKala; Mojallali Group,Iranian online lab-chemical shop | Iranian online wholesale/lab shop,product_page_listed_not_current_stock_verified,https://tamadkala.com/product/193278/110-%D9%81%D9%86%D8%A7%D9%86%D8%AA%D8%B1%D9%88%D9%84%DB%8C%D9%86-%D9%85%D9%88%D9%86%D9%88%D9%87%DB%8C%D8%AF%D8%B1%D8%A7%D8%AA-acs-%D8%AF%DA%A9%D8%AA%D8%B1-%D9%85%D8%AC%D9%84%D9%84%DB%8C,"110 فنانترولین مونوهیدرات acs دکتر مجللی | ۱,۱۰- فنانترولین ۱ آبه مرک MERCK",router_title_normalization,verified_catalogue,2026-08-23,bc053f96e5e31d5439c633284dfe499a5c1e6856d0217869361cd6b713626f4a
"2,3,4,5-tetrafluoroaniline","2,3,4,5-Tetrafluoroaniline","2,3,4,5-tetrafluoroaniline; 2,3,4,5-Tetrafluoroaniline",,21757,BEECAQIHCYTZHC-UHFFFAOYSA-N,C6H3F4N,165.09,C1=C(C(=C(C(=C1F)F)F)F)N,confirmed_organic,organic_reagent,research,Telegram: ChemIranSanat,Iranian supplier Telegram catalogue,listed_not_current_stock_verified,https://t.me/ChemIranSanat/1287,"2,3,4,5-tetrafluoroaniline",existing skill export,verified_catalogue,2026-08-23,3fd895481cdb6845b187a4658350d12f2e5abeeffd803dfc9af3912dbbd76092
"2-hydroxypropane-1,2,3-tricarboxylic acid;hydrate",Citric acid monohydrate,"2-hydroxypropane-1,2,3-tricarboxylic acid;hydrate; Citric acid monohydrate",5949-29-1,22230,YASYEJJMZJALEJ-UHFFFAOYSA-N,C6H10O8,210.14,C(C(=O)O)C(CC(=O)O)(C(=O)O)O.O,confirmed_organic,organic_reagent,research,DigiShimi; Fardad Shimi; ShimiMan; TamadKala; Mojallali Group,Iranian online chemical shop | Iranian online chemical shops | Iranian online lab-chemical shop | Iranian online wholesale/lab shop,product_page_listed_not_current_stock_verified,https://digishimii.ir/Product/%d8%a7%d8%b3%db%8c%d8%af-%d8%b3%db%8c%d8%aa%d8%b1%db%8c%da%a9-%d8%a2%d8%a8%d8%af%d8%a7%d8%b1/,citric acid monohydrate | ... | https://shimiman.com/product/citric-acid-monohydrate-grade-extra-pure/ | https://shimiman.com/product/citric-acid-monohydrate-grade-usp/ | اسید سیتریک آبدار | اسید سیتریک مونو هیدرات extra pure دکتر مجللی | ... | اسید سیتریک مونو هیدرات ۱ کیلویی دک,router_title_normalization | sitemap_title,verified_catalogue,2026-08-23,2de0da6d11a1421248b1bcab795b9e171130b7b45481f09201c4ffe111bab344
1-methyl-4-prop-1-en-2-ylcyclohexene,1-Methyl-4-Prop-1-En-2-Ylcyclohexene,1-methyl-4-prop-1-en-2-ylcyclohexene; 1-Methyl-4-Prop-1-En-2-Ylcyclohexene,,22311,XMGQYMWWDOXHJM-UHFFFAOYSA-N,C10H16,136.23,CC1=CCC(CC1)C(=C)C,confirmed_organic,organic_reagent,research,Telegram: minatajhiz,Iranian supplier Telegram catalogue,listed_not_current_stock_verified,https://t.me/minatajhiz/1043,1-methyl-4-prop-1-en-2-ylcyclohexene,existing skill export,verified_catalogue,2026-08-23,2b920fee5a6051a13d120ffcfd3c9ebac38d43f12df85da59ac5c378e44364f4
Lead diacetate trihydrate,Lead(II) acetate trihydrate,Lead diacetate trihydrate; Lead(II) acetate trihydrate; lead(2+);diacetate;trihydrate,6080-56-4,22456,MCEUZMYFCCOOQO-UHFFFAOYSA-L,C4H12O7Pb,379,CC(=O)[O-].CC(=O)[O-].O.O.O.[Pb+2],confirmed_organic,organic_reagent,,Mojallali Group,web_catalogue,listing_evidence_crawled_2026-08-23,https://drm-chem.com/en/product/lead-ii-acetate-trihydrate-en/,Lead (II) acetate trihydrate,ai_resolved+pubchem,verified_web_catalogue,2026-08-23,7dbd7e59ee9e2e64eb9abcd9595021be2a5ca6d967190522f912fc639a974535
"1,3-bis(hydroxymethyl)-5,5-dimethylimidazolidine-2,4-dione",Dmdm-hydantoin,"1,3-bis(hydroxymethyl)-5,5-dimethylimidazolidine-2,4-dione; Dmdm-hydantoin",,22947,WSDISUOETYTPRL-UHFFFAOYSA-N,C7H12N2O4,188.18,CC1(C(=O)N(C(=O)N1CO)CO)C,confirmed_organic,cosmetic_raw_material,,BehChin Chemi Pharmed,Iranian supplier API/intermediate catalogue,supplier_catalogue_listed_not_current_stock_verified,https://www.behchinchemi.ir/en/our-products/cosmetic-materials,Dmdm-hydantoin,supplier_table,verified_catalogue,2026-08-23,e7e60fd3cf71b342df9bdf9441d906cfe56e1680cd798e1301af0d6a3e4dce1f
(2R)-2-amino-3-sulfanylpropanoic acid;hydrate;hydrochloride,L-Cysteine hydrochloride monohydrate,(2R)-2-amino-3-sulfanylpropanoic acid;hydrate;hydrochloride; L-Cysteine hydrochloride monohydrate,16873-86-2,23462,QIJRTFXNRTXDIP-JIZZDEOASA-N,C3H10ClNO3S,175.64,C([C@@H](C(=O)O)N)S.O.Cl,confirmed_organic,organic_reagent,,telegram:ChemIranSanat; telegram:ATRmedShop,Iranian supplier Telegram catalogue,listing_evidence_crawled_2026-08-24,https://t.me/ChemIranSanat/340,L-cysteine hydrochloride monohydrate | ال-سیستئین هیدروکلراید منوهیدرات گرید کشت سلول ‌‏⁧ ‌‌‏‌محصولات سیگما اصل را از ما بخواهید. 👇 واردات و فروش مواد شیمیایی سیگما 👇 ‌ ‌ ‌ ☎️ تلفن: ۰۲۱۶۶۳۶۱۵۴۳-۶۶۳۷۹۰۲۶-۰۲۱ ‌ 📱 موبایل: 09120549893 🌐 لینک محصول : https://atrmed.com/product/l-cysteine-hydrochloride-monohydrate/?v=e067b3c6b979 #آثل_طب #مواد_ازمایشگاهی #مواد_شیمیایی #بیولوژی #بیولوژی_مولکولی #آنتی_بیوتیک #آنزیم #ال_سیستئین_هیدروکلراید_منوهیدرات_گرید_کشت_سلول,ai_normalised_listing+pubchem_confirmed,verified_telegram_listing,2017-07-01,d1c56a29ae3c1f29052cf6eedd447325fb556fcd16ad337f05b426f4008e08ec
didecyl(dimethyl)azanium chloride,Didecyldimethylammonium Chloride,,,23558,RUPBZQFQVRMKDG-UHFFFAOYSA-M,C22H48ClN,362.1,CCCCCCCCCC[N+](C)(C)CCCCCCCCCC.[Cl-],confirmed_organic,cosmetic_raw_material,,telegram:minatajhiz,Iranian supplier Telegram catalogue,listing_evidence_crawled_2026-08-24,https://t.me/minatajhiz/475,,ai_normalised_listing+pubchem_confirmed,verified_telegram_listing,2018-12-03,a0ff55e9d24291ffd0a7ff1e050b32cb18149279c421ad0007e58ed98da75335
2-[4-(2-hydroxyethyl)piperazin-1-yl]ethanesulfonic acid,4-(2-Hydroxyethyl)-1-piperazineethanesulfonic acid,2-[4-(2-hydroxyethyl)piperazin-1-yl]ethanesulfonic acid; 4-(2-Hydroxyethyl)-1-piperazineethanesulfonic acid; Hepes,7365-45-9,23831,JKMHFZQWWAIEOD-UHFFFAOYSA-N,C8H18N2O4S,238.31,C1CN(CCN1CCO)CCS(=O)(=O)O,confirmed_organic,organic_reagent,,telegram:labshop; telegram:ATRmedShop,Iranian supplier Telegram catalogue,listing_evidence_crawled_2026-08-24,https://t.me/labshop/50,نمک   Hepes-بیومتیک کاناداـ۲۵گرمی ـ۱۲۰۰۰۰تومن,ai_normalised_listing+pubchem_confirmed,verified_telegram_listing,2016-04-03,22567ca26b89f55e2796652137fdb99197bb7bf8ef599a279ae4645d8ac93915
scandium,scandium,,7440-20-2,23952,SIXSYDAISGFNSX-UHFFFAOYSA-N,Sc,44.95591,[Sc],confirmed_organic,,,telegram:ChemIranSanat,public Telegram (seller_research),product_page_listed_not_current_stock_verified,https://t.me/ChemIranSanat/1720,Scandium | اتم به اتم با جدول تناوبی  21. اسکاندینیوم تولید نور شبیه به نور خورشید تولید آلیاژ سبک و محکم برای ساخت لوازم ورزشی و جت جنگی ایزوتوپ Sc-46 برای پیدا کردن نشت در لوله های زیرزمینی استفاده می گردد 🆔 @ChemIran1,router_batch+pubchem,verified_telegram_listing,2026-08-25,5db79f20e8c1c23a978c947d2da57845f485bbc24661b9303aa396db30d97314
"2,6-diacetyl-3,7,9-trihydroxy-8,9b-dimethyldibenzofuran-1-one",s2252,"2,6-diacetyl-3,7,9-trihydroxy-8,9b-dimethyldibenzofuran-1-one; s2252",,24211,WEYVVCKOOFYHRW-UHFFFAOYSA-N,C18H16O7,344.3,CC1=C(C(=C2C(=C1O)C3(C(=CC(=C(C3=O)C(=O)C)O)O2)C)C(=O)C)O,confirmed_organic,,,TamadKala,Iranian online wholesale/lab shop,product_page_listed_not_current_stock_verified,https://tamadkala.com/product/164060/نیتریت-سدیم-کد-s2252-سیگما,نیتریت سدیم کد s2252 سیگما,structured_pubchem,verified_web_catalogue,2026-08-25,92a0fccc596aa0af0412b30e9da56c26aee2ca5954c3744e3420ad6ca1270bb0
Monostearin,Glyceryl monostearate,,,24699,VBICKXHEKHSIBG-UHFFFAOYSA-N,C21H42O4,358.6,CCCCCCCCCCCCCCCCCC(=O)OCC(CO)O,confirmed_organic,cosmetic_raw_material,,Ch_Chemical_leaders,telegram,listing_evidence_crawled_2026-08-23,https://t.me/Ch_Chemical_leaders/388,#تبلیغات 📢 عرضه مستقیم GMS جینکو – JINQIAO TECHNOLOGY محصول GMS (Glyceryl Monostearate) برند جینکو (JINQIAO TECHNOLOGY) توسط پلی زون تأمین و آماده ارائه به تولیدکنندگان محترم است. پلی زون، تأمین‌کننده تخصصی مواد اولیه شیمیایی و غذایی، این محصول را با کیفیت تضمین‌شده و شرایط رقابت,ai_resolved+pubchem,verified_telegram_listing,2026-08-23,ce27b2785eb434b82d623015f382fd77527252d165c437ce84a928b4168ba00c
2-hydroxyethyl octadecanoate,Glycol monostearate,,111-60-4,24762,RFVNOJDQRGSOEL-UHFFFAOYSA-N,C20H40O3,328.5,CCCCCCCCCCCCCCCCCC(=O)OCCO,confirmed_organic,cosmetic_raw_material,,telegram:Ch_Chemical_leaders,Iranian supplier Telegram catalogue,listing_evidence_crawled_2026-08-24,https://t.me/Ch_Chemical_leaders/477,,ai_normalised_listing+pubchem_confirmed,verified_telegram_listing,2026-08-08,e9ff36f0bd18dc93013236f0a31e2e83d66df7b888a893d2e7f07004eddbbedb
trimethyl(trimethylsilyloxy)silane,Hexamethyldisiloxane,trimethyl(trimethylsilyloxy)silane; Hexamethyldisiloxane,107-46-0,24764,UQEAIHBTYFGYIE-UHFFFAOYSA-N,C6H18OSi2,162.38,C[Si](C)(C)O[Si](C)(C)C,confirmed_organic,organic_reagent,,TamadKala,Iranian online wholesale/lab shop,product_page_listed_not_current_stock_verified,https://tamadkala.com/product/12414/%D9%87%DA%AF%D8%B2%D8%A7%D9%85%D8%AA%DB%8C%D9%84-%D8%AF%DB%8C-%D8%B3%DB%8C%D9%84%D9%88%DA%A9%D8%B3%D8%A7%D9%86,هگزامتیل دی سیلوکسان,router_title_normalization,verified_catalogue,2026-08-23,9cb2db4ae38798495bdae4b17ee86f6ced1e4217e64f5820bf8cda70fd0a9874
2-[2-(4-nonylphenoxy)ethoxy]ethanol,2-[2-(4-nonylphenoxy)ethoxy]ethanol,,9016-45-9,24773,BLXVTZPGEOGTGG-UHFFFAOYSA-N,C19H32O3,308.5,CCCCCCCCCC1=CC=C(C=C1)OCCOCCO,confirmed_organic,,,telegram:ATRmedShop,public Telegram (seller_research),product_page_listed_not_current_stock_verified,https://t.me/ATRmedShop/806,CHAPS | CHAPS هیدرات توضیحات کلی CHAPS هیدرات یک دترجنت زویتریونیک و سولفوبتائین غیر دناتوره و ملایم است و پروتئین‌ها و گیرنده‌های غشایی را حل می‌کند. برای شکستن اینتراکشن پروتئین و پروتئین مناسب است. CHAPS یک مشتق از نمک‌های صفراوی طبیعی است. دارای وزن مولکولی میسلی کوچک (6150) و... برای مشاهده ادامه مطلب، مشاهده قیمت آنلاین و خرید اینترنتی CHAPS هیدرات به لینک زیر مراجعه فرمایید: https://lnkd.in/dBHvwi_e #قیمت_CHAPS_هیدرات #خریدCHAPS_هیدرات #فروش_CHAPS_هیدرات,router_batch+pubchem,verified_telegram_listing,2026-08-25,c37ea331deb8c14ae5d71eaa9f199df8a06012f884ffffc3b827bf2a943bb932
dicopper;carbonate;dihydroxide,Malachite,,,25503,ZMMDPCMYTCRWFF-UHFFFAOYSA-J,CH2Cu2O5,221.12,C(=O)([O-])[O-].[OH-].[OH-].[Cu+2].[Cu+2],confirmed_organic,colorant_or_indicator,,telegram:chemgroup,Iranian supplier Telegram catalogue,listing_evidence_crawled_2026-08-24,https://t.me/chemgroup/3596,,ai_normalised_listing+pubchem_confirmed,verified_telegram_listing,2017-07-20,f3d1dbe96611929c7130db933f6b15d01e8873c98ad250a58ea3e5af194c368a
"holmium(3+);2-hydroxypropane-1,2,3-tricarboxylate","Citric acid, holmium(3+) salt(1:1)",,,26032,XWNIZLSRPNZMLP-UHFFFAOYSA-K,C6H5HoO7,354.03,C(C(=O)[O-])C(CC(=O)[O-])(C(=O)[O-])O.[Ho+3],confirmed_organic,organic_reagent,,telegram:chemgroup,Iranian supplier Telegram catalogue,listing_evidence_crawled_2026-08-24,https://t.me/chemgroup/2096,,ai_normalised_listing+pubchem_confirmed,verified_telegram_listing,2016-09-16,853f0ca925f9181badaae7fad890188287901b0f33cbf06812f39eacdb69e2f2
tripotassium;iron(3+);hexacyanide,tripotassium;iron(3+);hexacyanide,tripotassium;iron(3+);hexacyanide,13746-66-2,26250,BYGOPQKDHGXNCD-UHFFFAOYSA-N,C6FeK3N6,329.24,[C-]#N.[C-]#N.[C-]#N.[C-]#N.[C-]#N.[C-]#N.[K+].[K+].[K+].[Fe+3],confirmed_organic,,,Mojallali Group,Iranian WooCommerce catalogue,product_page_listed_not_current_stock_verified,https://drm-chem.com/en/product/potassium-ferricyanide-lab-en/,Potassium ferricyanide,cas_pubchem,verified_web_catalogue,2026-08-25,85fc91c4c4741f66ef90144b2568d5358347dfb593da971046542bd90b889137
carbane,Carbon-14,,14762-75-5,26873,VNWKTOKETHGBQD-NJFSPNSNSA-N,CH4,18.035,[14CH4],confirmed_organic,organic_reagent,,telegram:IranChemicals,Iranian supplier Telegram catalogue,listing_evidence_crawled_2026-08-24,https://t.me/Iranchemicals/28972,,ai_normalised_listing+pubchem_confirmed,verified_telegram_listing,2025-04-14,c859abab9a547e7553f88facfc08f6552aca260efb67338b5ba1e24b7365fbed
"(6S)-6-phenyl-2,3,5,6-tetrahydroimidazo[2,1-b][1,3]thiazole",levamisole,"(6S)-6-phenyl-2,3,5,6-tetrahydroimidazo[2,1-b][1,3]thiazole; levamisole",,26879,HLFSDGLLUJUHTE-SNVBAGLBSA-N,C11H12N2S,204.29,C1CSC2=N[C@H](CN21)C3=CC=CC=C3,confirmed_organic,pharmaceutical_or_api,,Rooz Darou,Iranian pharmaceutical product catalogue,product_page_listed_not_current_stock_verified,http://rouzdarou.com/products/%D9%82%D8%B1%D8%B5-%D9%84%D9%88%D8%A7%D9%85%DB%8C%D8%B2%D9%88%D9%84-50,قرص لوامیزول 50,PubChem name validation from supplier product title,verified_catalogue,2026-08-23,2d5b3ff99909a646de1053582109fa982aad7ba4992a5b212cc90aaa4936993e
"benzyl N-[[(6aR,9S,10aR)-4,7-dimethyl-6,6a,8,9,10,10a-hexahydroindolo[4,3-fg]quinolin-9-yl]methyl]carbamate",mce,"benzyl N-[[(6aR,9S,10aR)-4,7-dimethyl-6,6a,8,9,10,10a-hexahydroindolo[4,3-fg]quinolin-9-yl]methyl]carbamate; mce",,28693,WZHJKEUHNJHDLS-QTGUNEKASA-N,C25H29N3O2,403.5,CN1CC(CC2C1CC3=CN(C4=CC=CC2=C34)C)CNC(=O)OCC5=CC=CC=C5,confirmed_organic,,,TamadKala,Iranian online wholesale/lab shop,product_page_listed_not_current_stock_verified,https://tamadkala.com/product/193299/فیلتر-کاغذی-ممبران-mce-قطر-47-میلی-متر,فیلتر کاغذی ممبران mce قطر 47 میلی متر,structured_pubchem,verified_web_catalogue,2026-08-25,b9de44c176d9a4d779c5d28b79bd795b7d3cb16e3bc45d2045e5fd878fe91693
"1-methyl-1-nitroso-3-[(2S,3R,4R,5S,6R)-2,4,5-trihydroxy-6-(hydroxymethyl)oxan-3-yl]urea","1-methyl-1-nitroso-3-[(2S,3R,4R,5S,6R)-2,4,5-trihydroxy-6-(hydroxymethyl)oxan-3-yl]urea",,18883-66-4,29327,ZSJLQEPLLKMAKR-GKHCUFPYSA-N,C8H15N3O7,265.22,CN(C(=O)NC1C(C(C(OC1O)CO)O)O)N=O,confirmed_organic,,,telegram:ATRmedShop,public Telegram (seller_research),product_page_listed_not_current_stock_verified,https://t.me/ATRmedShop/817,Streptozotocin | استرپتوزوسین STZ استرپتوزوسین STZ یا استرپتوزوتوسین از استرپتومایسس آکروموژنز به دست می‌آید. استرپتوزوتوسین، یک گلوکزآمین-نیتروزوره، یک عامل آلکیله کننده DNA است که منحصراً از طریق پروتئین ترانسپورت گلوکز GLUT2 وارد سلول‌ها می‌شود. استرپتوزوسین، یک دیابتاژن، به‌ویژه برای... برای مشاهده ادامه مطلب، مشاهده قیمت آنلاین و خرید اینترنتی استرپتوزوسین STZ به لینک زیر مراجعه فرمایید: https://atrmed.com/product/streptozocin-stz/ #قیمت_استرپتوزوسین_STZ #خریداسترپتوزوسین_STZ #فروش_استرپتوز,router_batch+pubchem,verified_telegram_listing,2026-08-25,ede54e4c81e68057cad8b66b327e6ff1657420db5670771b20d911bd28340262
"(2R,3R,4R,5R,6S)-2-[(2R,3R,4S,5S,6R)-5-hydroxy-6-(hydroxymethyl)-2-[[(1S,2S,7S,10R,11S,14S,15R,16S,17R,20S,23S)-10,14,16,20-tetramethyl-22-azahexacyclo[12.10.0.02,11.05,10.015,23.017,22]tetracos-4-en-7-yl]oxy]-4-[(2S,3R,4S,5S,6R)-3,4,5-trihydroxy-6-(hydroxymethyl)oxan-2-yl]oxyoxan-3-yl]oxy-6-methyloxane-3,4,5-triol",Solanine,,20562-02-1,30185,ZGVSETXHNHBTRK-OTYSSXIJSA-N,C45H73NO15,868.1,C[C@H]1CC[C@@H]2[C@H]([C@H]3[C@@H](N2C1)C[C@@H]4[C@@]3(CC[C@H]5[C@H]4CC=C6[C@@]5(CC[C@@H](C6)O[C@H]7[C@@H]([C@H]([C@H]([C@H](O7)CO)O)O[C@H]8[C@@H]([C@H]([C@@H]([C@H](O8)CO)O)O)O)O[C@@H]9[C@@H]([C@@H]([C@H]([C@@H](O9)C)O)O)O)C)C)C,confirmed_organic,secondary_metabolite_or_natural_product,,telegram:ChemIranSanat,Iranian supplier Telegram catalogue,listing_evidence_crawled_2026-08-24,https://t.me/ChemIranSanat/602,,ai_normalised_listing+pubchem_confirmed,verified_telegram_listing,2017-08-22,a4893eea5fc29487f598edb2ff97c7d8c59018ac00bc80db36975232392eff49
"2,2,4-trimethylpentan-1-ol","2,2,4-Trimethyl-1-pentanol","2,2,4-trimethylpentan-1-ol; 2,2,4-Trimethyl-1-pentanol",123-44-4,31258,CWPPDTVYIJETDF-UHFFFAOYSA-N,C8H18O,130.23,CC(C)CC(C)(C)CO,confirmed_organic,organic_reagent,industrial,Telegram: chemgroup,Iranian supplier Telegram catalogue,listed_not_current_stock_verified,,"2,2,4-trimethylpentan-1-ol",existing skill export,verified_catalogue,2026-08-23,a9f96668c043d871497e05996c9277f857725dae6158fb8daf4183b577f87237
3-methylbutan-1-ol,Isoamyl alcohol,3-methylbutan-1-ol; Isoamyl alcohol,123-51-3,31260,PHTQWCKDNZKARW-UHFFFAOYSA-N,C5H12O,88.15,CC(C)CCO,confirmed_organic,organic_reagent,research,TamadKala,Iranian online wholesale/lab shop,product_page_listed_not_current_stock_verified,,ایزو آمیل الکل extra pure نوترون | ...,router_title_normalization,verified_catalogue,2026-08-23,35b001d8b435bb0c098a86cff3ff9cf252f92521be7bc83243d252168b9be21b
butyl acetate,Ethyl acetate,butyl acetate; Ethyl acetate,123-86-4,31272,DKPFZGUDAPQIHT-UHFFFAOYSA-N,C6H12O2,116.16,CCCCOC(=O)C,confirmed_organic,fragrance_or_aroma,research,DigiShimi; Fardad Shimi; Isatis Shimi; TamadKala; Telegram: IranChemicals; Telegram: chemgroup; Mojallali Group; ShimiMan; IR Chem / Pishgaman,Iranian online chemical shops | Iranian online lab-chemical shop | Iranian online wholesale/lab shop | Iranian supplier Telegram catalogue,listed_not_current_stock_verified | product_page_listed_not_current_stock_verified,https://digishimii.ir/Product/%d8%a7%d8%aa%db%8c%d9%84-%d8%a7%d8%b3%d8%aa%d8%a7%d8%aa/,Butyl Acetate | butyl acetate | ethyl acetate | اتیل استات | اتیل استات acs دکتر مجللی | ... | اتیل استات extra pure دکتر مجللی | ... | اتیل استات g r a c s پارس شیمی | اتیل استات laboratory دکتر مجللی | ... | اتیل استات u s p extra pure پارس شیمی | اتیل استات دکتر مجللی | اتیل ا,existing skill export | router_title_normalization,verified_catalogue,2026-08-23,1c5e4e9a3134cab5b52a659aadecfc3d783df70d5496ba2bb42781d2582c0235
"1,4-dioxane","1,4-Dioxane","1,4-dioxane; 1,4-Dioxane",123-91-1,31275,RYHBNJHYFVUHQT-UHFFFAOYSA-N,C4H8O2,88.11,C1COCCO1,confirmed_organic,organic_reagent,research,TamadKala,Iranian online wholesale/lab shop,product_page_listed_not_current_stock_verified,,41 دی اکسان extra pure نوترون | ... | 41 دیاکسان dry نوترون 2 | ... | 41 دیاکسان hplc نوترون | ...,router_title_normalization,verified_catalogue,2026-08-23,70a4fd695cad1545c302632599ad28bcea14f12ee3bcefd4555a584ce2df5860
3-methylbutyl acetate,Isoamyl Acetate,,123-92-2,31276,MLFHJEHSLIIPHL-UHFFFAOYSA-N,C7H14O2,130.18,CC(C)CCOC(=O)C,confirmed_organic,fragrance_or_aroma,,telegram:IranChemicals,Iranian supplier Telegram catalogue,listing_evidence_crawled_2026-08-24,https://t.me/Iranchemicals/19842,,ai_normalised_listing+pubchem_confirmed,verified_telegram_listing,2020-11-20,04b46e1e4b246a4c7e8420c43449ade6ce022c69bfc549dd2049797ce13601cd
Nonanal,Nonanal,Nonanal; nonanal,,31289,GYHFUZHODSMOHU-UHFFFAOYSA-N,C9H18O,142.24,CCCCCCCCC=O,confirmed_organic,organic_reagent,,minatajhiz; telegram:minatajhiz,telegram,listing_evidence_crawled_2026-08-23,https://t.me/minatajhiz/1052,نونانال ( پلارگون آلدهید) Nonanal کد محصول مرک: 807166 واردات جدید مرک,ai_resolved+pubchem,verified_telegram_listing,2026-08-23,09054d8b298d3a34d8275adf997b69730c519eb126f30341099028a0fe2218f6
Tetrakis(hydroxymethyl)phosphonium chloride,Tetrakis(hydroxymethyl)phosphonium chloride,Tetrakis(hydroxymethyl)phosphonium chloride; tetrakis(hydroxymethyl)phosphanium chloride,,31298,AKXUUJCMWZFYMV-UHFFFAOYSA-M,C4H12ClO4P,,C(O)[P+](CO)(CO)CO.[Cl-],confirmed_organic,organic_reagent,research,telegram:ChemIranSanat,telegram:ChemIranSanat,telegram_listing_evidence,,404861 Aldrich Tetrakis(hydroxymethyl)phosphonium chloride solution 80% in H2O 100ML لات نامبر مخدوش شده است. موجود و آماده تحویل 09386489001 Admin 🆔 @ChemIranAdmin 🆔 @ChemIran1,structured_pubchem,verified_telegram_listing,2026-08-23,d4f5bc6ded597b770412d54a234a58efd1062d5757a5bf06d8b6e8d11aa54237
"3,3-bis(4-hydroxy-2-methyl-5-propan-2-ylphenyl)-2-benzofuran-1-one",Thymolphthalein,"3,3-bis(4-hydroxy-2-methyl-5-propan-2-ylphenyl)-2-benzofuran-1-one; Thymolphthalein",125-20-2,31316,LDKDGDIWEUUXSH-UHFFFAOYSA-N,C28H30O4,430.5,CC1=CC(=C(C=C1C2(C3=CC=CC=C3C(=O)O2)C4=CC(=C(C=C4C)O)C(C)C)C(C)C)O,confirmed_organic,organic_reagent,,TamadKala; Mojallali Group; telegram:ATRmedShop,Iranian online wholesale/lab shop,product_page_listed_not_current_stock_verified,https://tamadkala.com/product/32856/%D8%AA%DB%8C%D9%85%D9%88%D9%84-%D9%81%D8%AA%D8%A7%D9%84%D8%A6%DB%8C%D9%86,تیمول فتالئین,router_title_normalization,verified_catalogue,2026-08-23,2126673d428fb784967d7e509f7208d1232909d4bde715bc6fa34a80cd8d4061
"2,2-dimethylpropane-1,3-diol",Neopentyl glycol,"2,2-dimethylpropane-1,3-diol; Neopentyl glycol",126-30-7,31344,SLCVBVWXLSEKPL-UHFFFAOYSA-N,C5H12O2,104.15,CC(C)(CO)CO,confirmed_organic,organic_reagent,industrial,Telegram: Maran_Tejarat_Eshen,Iranian supplier Telegram catalogue,listed_not_current_stock_verified,,"2,2-dimethylpropane-1,3-diol",existing skill export,verified_catalogue,2026-08-23,ce823f287b497895260dde7f3701aac6ae985e221474e8f46952b991bc0002ac
"thiolane 1,1-dioxide",Sulfolane,"thiolane 1,1-dioxide; Sulfolane",126-33-0,31347,HXJUTPCZVOIRIF-UHFFFAOYSA-N,C4H8O2S,120.17,C1CCS(=O)(=O)C1,confirmed_organic,organic_reagent,industrial,Telegram: jahaneshimicom,Iranian supplier Telegram catalogue,listed_not_current_stock_verified,,"thiolane 1,1-dioxide",existing skill export,verified_catalogue,2026-08-23,e3b78fc1fe351781640605e5961c7109292e1fdc0de6b9c36a51e14b83c938e9
"5,5-dimethylcyclohexane-1,3-dione",Dimedone,,126-81-8,31358,BADXJIPKFRBFOT-UHFFFAOYSA-N,C8H12O2,140.18,CC1(CC(=O)CC(=O)C1)C,confirmed_organic,organic_reagent,,telegram:ChemIranSanat,Iranian supplier Telegram catalogue,listing_evidence_crawled_2026-08-24,https://t.me/ChemIranSanat/1600,,ai_normalised_listing+pubchem_confirmed,verified_telegram_listing,2018-11-14,d71da8e02ad192551fe8273648f94d77114745c6ef6e8702610c6459a4579f0a
"1,1,2,2-tetrachloroethene",Perchloroethylene,"1,1,2,2-tetrachloroethene; Perchloroethylene",127-18-4,31373,CYTYCFOTNPOANT-UHFFFAOYSA-N,C2Cl4,165.8,C(=C(Cl)Cl)(Cl)Cl,confirmed_organic,organic_reagent,,DigiShimi; TamadKala,Iranian online chemical shops | Iranian online wholesale/lab shop,product_page_listed_not_current_stock_verified,https://digishimii.ir/Product/%d9%be%d8%b1%da%a9%d9%84%d8%b1%d9%88%d8%a7%d8%aa%db%8c%d9%84%d9%86/,تترا کلروقلع | پرکلرواتیلن,router_title_normalization,verified_catalogue,2026-08-23,56401b5c462fdb02ba22801c9f6132300827378f1e27f5d54b7e0edc841ed17e
"N,N-dimethylacetamide","N,N-Dimethylacetamide","N,N-dimethylacetamide; N,N-Dimethylacetamide",127-19-5,31374,FXHOOIRPVKKKFG-UHFFFAOYSA-N,C4H9NO,87.12,CC(=O)N(C)C,confirmed_organic,organic_reagent,research,TamadKala,Iranian online wholesale/lab shop,product_page_listed_not_current_stock_verified,,nn دی متیل استامید extra pure نوترون | ... | nn دی متیل استامید gc نوترون | ...,router_title_normalization,verified_catalogue,2026-08-23,02fe1f3d0d697a644acc2c99646d5c357eaefe7e5331e7b839f7e06f0c4db538
"2,6-ditert-butyl-4-methylphenol","2,6-Di-tert-butyl-4-methylphenol","2,6-ditert-butyl-4-methylphenol; 2,6-Di-tert-butyl-4-methylphenol",128-37-0,31404,NLZUEZXRPGMBCV-UHFFFAOYSA-N,C15H24O,220.35,CC1=CC(=C(C(=C1)C(C)(C)C)O)C(C)(C)C,confirmed_organic,organic_reagent,industrial,Telegram: jahaneshimicom,Iranian supplier Telegram catalogue,listed_not_current_stock_verified,,"2,6-ditert-butyl-4-methylphenol",existing skill export,verified_catalogue,2026-08-23,58f6ad2fc9710903302dd9ee8bb6f0f9a1ac15dc3ff339d22699184b6d19f8e0
"3,4,5-trimethoxyaniline","3,4,5-Trimethoxyaniline","3,4,5-trimethoxyaniline; 3,4,5-Trimethoxyaniline",,32285,XEFRNCLPPFDWAC-UHFFFAOYSA-N,C9H13NO3,183.20,COC1=CC(=CC(=C1OC)OC)N,confirmed_organic,organic_reagent,research,Telegram: minatajhiz,Iranian supplier Telegram catalogue,listed_not_current_stock_verified,https://t.me/minatajhiz/1021,"3,4,5-trimethoxyaniline",existing skill export,verified_catalogue,2026-08-23,7fc5e0cfaa4548e84d40a17a70a673f93ae2cb9526236ed431930ea48111e97f
"2,2,2-trifluoro-N-methyl-N-trimethylsilylacetamide",N-methyl-N-(trimethylsilyl)trifluoroacetamide,"2,2,2-trifluoro-N-methyl-N-trimethylsilylacetamide; N-methyl-N-(trimethylsilyl)trifluoroacetamide; N-Methyl-N-trimethylsilyl-trifluoroacetamide",,32510,MSPCIZMDDUQPGJ-UHFFFAOYSA-N,C6H12F3NOSi,199.25,CN(C(=O)C(F)(F)F)[Si](C)(C)C,confirmed_organic,organic_reagent,research,Telegram: minatajhiz,Iranian supplier Telegram catalogue,listed_not_current_stock_verified,https://t.me/minatajhiz/1094,"2,2,2-trifluoro-N-methyl-N-trimethylsilylacetamide",existing skill export,verified_catalogue,2026-08-23,161e8b1446544de42609bb4d07605d2ce636adcb2be1c33fb50e14a3ef8aa3c9
"benzene-1,2-diamine;benzene-1,3-diamine;benzene-1,4-diamine",Phenylenediamine,"benzene-1,2-diamine;benzene-1,3-diamine;benzene-1,4-diamine; Phenylenediamine",,32858,LGZPGNGUUUOHAI-UHFFFAOYSA-N,C18H24N6,324.4,C1=CC=C(C(=C1)N)N.C1=CC(=CC(=C1)N)N.C1=CC(=CC=C1N)N,confirmed_organic,,,telegram:minatajhiz,public Telegram (seller_research),product_page_listed_not_current_stock_verified,https://t.me/minatajhiz/1086,"1و3 فنیلن دی آمین 1,3-Phenylenediamine کد محصول مرک 820991 واردات جدید سیگما آلدریچ",structured_pubchem,verified_telegram_listing,2026-08-25,14d18ee09100f56e40260d4dabae360ee565fc9f319ee9f95e17d09c221f7375
(2S)-2-aminopentanedioic acid,Glutamic acid,(2S)-2-aminopentanedioic acid; Glutamic acid,56-84-8,33032,WHUUTDBJXJRKMK-VKHMYHEASA-N,C5H9NO4,147.13,C(CC(=O)O)[C@@H](C(=O)O)N,confirmed_organic,organic_reagent,research,TamadKala; Telegram: ChemIranSanat,Iranian online wholesale/lab shop | Iranian supplier Telegram catalogue,listed_not_current_stock_verified | product_page_listed_not_current_stock_verified,https://t.me/ChemIranSanat/1983,(2S)-2-aminobutanedioic acid | آمینو اسید دی آسپارتیک اسید | آمینو اسید دی گلوتامیک اسید | اسید گلوتامیک | ال آسپارتیک اسید | گلوتامیک اسید,existing skill export | router_title_normalization | cid_reverified_pubchem_2026-08-24,verified_catalogue,2026-08-23,bd83da3b72be44524dbec4f7aa0d3adaff5aba2d369cb9297a551245a4e1173c
"cis-(1R,2R)-2-[(dimethylamino)methyl]-1-(3-methoxyphenyl)cyclohexan-1-ol",tramadol,"cis-(1R,2R)-2-[(dimethylamino)methyl]-1-(3-methoxyphenyl)cyclohexan-1-ol; tramadol",,33741,TVYLLZQTGLZFBW-ZBFHGGJFSA-N,C16H25NO2,263.37,CN(C)C[C@H]1CCCC[C@@]1(C2=CC(=CC=C2)OC)O,confirmed_organic,pharmaceutical_or_api,research,Rooz Darou; TamadKala,Iranian online research/chemical shop | Iranian pharmaceutical product catalogue,product_page_listed_not_current_stock_verified,https://tamadkala.com/product/146252/%D8%A7%D8%B3%D8%AA%D8%A7%D9%86%D8%AF%D8%A7%D8%B1%D8%AF-%D8%AA%D8%B1%D8%A7%D9%85%D8%A7%D8%AF%D9%88%D9%84,استاندارد ترامادول | قرص ترامادول 50,explicit_category_supplement,verified_catalogue,2026-08-23,becbf5c78d989918465c95884ddc0332e1c7b6888267c6916e157966411ebeaf
1-hydroxypropan-2-yl 2-methylprop-2-enoate,Hydroxypropyl Methacrylate,,,34023,ZMARGGQEAJXRFP-UHFFFAOYSA-N,C7H12O3,144.17,CC(CO)OC(=O)C(=C)C,confirmed_organic,organic_reagent,,telegram:Maran_Tejarat_Eshen,Iranian supplier Telegram catalogue,listing_evidence_crawled_2026-08-24,https://t.me/Maran_Tejarat_Eshen/628,,ai_normalised_listing+pubchem_confirmed,verified_telegram_listing,2025-11-25,5addb4beec4933012e6f5cef7060f3592b1218d8816bff7829188628c197237a
"[(1S,2S,3R,4S,7R,9S,10S,12R,15S)-4,12-diacetyloxy-15-[(2R,3S)-3-benzamido-2-hydroxy-3-phenylpropanoyl]oxy-1,9-dihydroxy-10,14,17,17-tetramethyl-11-oxo-6-oxatetracyclo[11.3.1.03,10.04,7]heptadec-13-en-2-yl] benzoate",Paclitaxel,,33069-62-4,36314,RCINICONZNJXQF-MZXODVADSA-N,C47H51NO14,853.9,CC1=C2[C@H](C(=O)[C@@]3([C@H](C[C@@H]4[C@]([C@H]3[C@@H]([C@@](C2(C)C)(C[C@@H]1OC(=O)[C@@H]([C@H](C5=CC=CC=C5)NC(=O)C6=CC=CC=C6)O)O)OC(=O)C7=CC=CC=C7)(CO4)OC(=O)C)O)C)OC(=O)C,confirmed_organic,pharmaceutical_or_api,,telegram:chemgroup,Iranian supplier Telegram catalogue,listing_evidence_crawled_2026-08-24,https://t.me/chemgroup/990,,ai_normalised_listing+pubchem_confirmed,verified_telegram_listing,2016-01-19,0c5bdef2face7c8d72aec880b7e92bcd88c6f7c842a27b2fd3e16beacc169bf8
"1-[(2R,3R,4S,5R)-3,4-dihydroxy-5-(hydroxymethyl)oxolan-2-yl]-1,2,4-triazole-3-carboxamide",Ribavirin,,,37542,IWUCXVSUMQZMFG-AFCXAGJDSA-N,C8H12N4O5,244.20,C1=NC(=NN1[C@H]2[C@@H]([C@@H]([C@H](O2)CO)O)O)C(=O)N,confirmed_organic,pharmaceutical_or_api,,telegram:ChemIranSanat,Iranian supplier Telegram catalogue,listing_evidence_crawled_2026-08-24,https://t.me/ChemIranSanat/1197,,ai_normalised_listing+pubchem_confirmed,verified_telegram_listing,2018-01-22,5a498e5986f3acafb6b2a33aa4234f16186a450c33a4e67ce9533ec68516a8fe
N-[2-[ethoxy(methyl)phosphoryl]sulfanylethyl]-N-propan-2-ylpropan-2-amine,"Phosphonothioic acid, methyl-, S-(2-(bis(1-methylethyl)amino)ethyl) O-ethyl ester",,,39793,JJIUCEJQJXNMHV-UHFFFAOYSA-N,C11H26NO2PS,267.37,CCOP(=O)(C)SCCN(C(C)C)C(C)C,confirmed_organic,organic_reagent,,telegram:chemgroup,Iranian supplier Telegram catalogue,listing_evidence_crawled_2026-08-24,https://t.me/chemgroup/513,,ai_normalised_listing+pubchem_confirmed,verified_telegram_listing,2015-12-27,4e74448541a29f9b20954a545b2e5c54074cb1e92803598d52703b21d420faeb
"2-methyl-1,2-thiazol-3-one",Methylisothiazolinone,,2682-20-4,39800,BEGLCMHJXHIJLR-UHFFFAOYSA-N,C4H5NOS,115.16,CN1C(=O)C=CS1,confirmed_organic,cosmetic_raw_material,,telegram:Maran_Tejarat_Eshen,Iranian supplier Telegram catalogue,listing_evidence_crawled_2026-08-24,https://t.me/Maran_Tejarat_Eshen/529,,ai_normalised_listing+pubchem_confirmed,verified_telegram_listing,2020-09-01,9b288d119b8e83b7f108fee14c9a9d8213aa57562142e13ff188b82d6a6441ba
(2S)-1-[(2S)-2-methyl-3-sulfanylpropanoyl]pyrrolidine-2-carboxylic acid,captopril,(2S)-1-[(2S)-2-methyl-3-sulfanylpropanoyl]pyrrolidine-2-carboxylic acid; captopril,,44093,FAKRSMQSSFJEIM-RQJHMYQMSA-N,C9H15NO3S,217.29,C[C@H](CS)C(=O)N1CCC[C@H]1C(=O)O,confirmed_organic,pharmaceutical_or_api,,Rooz Darou,Iranian pharmaceutical product catalogue,product_page_listed_not_current_stock_verified,http://rouzdarou.com/products/%D9%82%D8%B1%D8%B5-%DA%A9%D8%A7%D9%BE%D8%AA%D9%88%D9%BE%D8%B1%DB%8C%D9%84-50,قرص کاپتوپریل 50,PubChem name validation from supplier product title,verified_catalogue,2026-08-23,074e23123709bdbd834f00c92af0c8560e51706f527d08caacb64237e1279cf5
"1-[4-[4-[[(2S,4R)-2-(2,4-dichlorophenyl)-2-(imidazol-1-ylmethyl)-1,3-dioxolan-4-yl]methoxy]phenyl]piperazin-1-yl]ethanone",ketoconazole,"1-[4-[4-[[(2S,4R)-2-(2,4-dichlorophenyl)-2-(imidazol-1-ylmethyl)-1,3-dioxolan-4-yl]methoxy]phenyl]piperazin-1-yl]ethanone; ketoconazole",,47576,XMAYWYJOQHXEEK-ZEQKJWHPSA-N,C26H28Cl2N4O4,531.4,CC(=O)N1CCN(CC1)C2=CC=C(C=C2)OC[C@@H]3CO[C@@](O3)(CN4C=CN=C4)C5=C(C=C(C=C5)Cl)Cl,confirmed_organic,pharmaceutical_or_api,,Rooz Darou,Iranian pharmaceutical product catalogue,product_page_listed_not_current_stock_verified,http://rouzdarou.com/products/%DA%A9%D8%AA%D9%88%DA%A9%D9%88%D9%86%D9%80%D9%80%D9%80%D8%A7%D8%B2%D9%88%D9%84-200,کتوکونـــازول 200,PubChem name validation from supplier product title,verified_catalogue,2026-08-23,37ae1a5472d6a57b2ca25e4b32830fda61743d0460de5e9ac8774f7e9055a0d3
1-methylpiperazine,1-Methylpiperazine,1-methylpiperazine; 1-Methylpiperazine,,53167,PVOAHINGSUIXLS-UHFFFAOYSA-N,C5H12N2,100.16,CN1CCNCC1,confirmed_organic,organic_reagent,research,Telegram: ChemIranSanat,Iranian supplier Telegram catalogue,listed_not_current_stock_verified,https://t.me/ChemIranSanat/1010,1-methylpiperazine,existing skill export,verified_catalogue,2026-08-23,736dbb06c9600e573e30aa91226766745ff59a90017f7dac5672e3c6fea3854c
"2-butan-2-yl-4-[4-[4-[4-[[(2R,4S)-2-(2,4-dichlorophenyl)-2-(1,2,4-triazol-1-ylmethyl)-1,3-dioxolan-4-yl]methoxy]phenyl]piperazin-1-yl]phenyl]-1,2,4-triazol-3-one",itraconazole,"2-butan-2-yl-4-[4-[4-[4-[[(2R,4S)-2-(2,4-dichlorophenyl)-2-(1,2,4-triazol-1-ylmethyl)-1,3-dioxolan-4-yl]methoxy]phenyl]piperazin-1-yl]phenyl]-1,2,4-triazol-3-one; itraconazole",,55283,VHVPQPYKVGDNFY-ZPGVKDDISA-N,C35H38Cl2N8O4,705.6,CCC(C)N1C(=O)N(C=N1)C2=CC=C(C=C2)N3CCN(CC3)C4=CC=C(C=C4)OC[C@H]5CO[C@](O5)(CN6C=NC=N6)C7=C(C=C(C=C7)Cl)Cl,confirmed_organic,pharmaceutical_or_api,,Rooz Darou,Iranian pharmaceutical product catalogue,product_page_listed_not_current_stock_verified,http://rouzdarou.com/products/%DA%A9%D9%BE%D8%B3%D9%88%D9%84-%D8%A7%DB%8C%D8%AA%D8%B1%D8%A7%DA%A9%D9%88%D9%86%D8%A7%D8%B2%D9%88%D9%84,کپسول ایتراکونازول,PubChem name validation from supplier product title,verified_catalogue,2026-08-23,8875ed5d98a0686444c50dbac66273b504c779427b9c38301bc88092fd3475f6
Pioglitazone Hydrochloride,Pioglitazone HCL,"Pioglitazone Hydrochloride; Pioglitazone HCL; 5-[[4-[2-(5-ethyl-2-pyridinyl)ethoxy]phenyl]methyl]-1,3-thiazolidine-2,4-dione;hydrochloride",,60560,GHUUBYQTCDQWRA-UHFFFAOYSA-N,C19H21ClN2O3S,392.9,CCC1=CN=C(C=C1)CCOC2=CC=C(C=C2)CC3C(=O)NC(=O)S3.Cl,confirmed_organic,pharmaceutical_or_api,,Temad,web_catalogue,listing_evidence_crawled_2026-08-23,https://www.temad.com/product/erythromycin-ethylsuccinate/,Pioglitazone HCL,pubchem_direct,verified_web_catalogue,2026-08-23,b00dd9598e0c4cdca78f406ef43d4766723f6f744392e5da5c49e561eb538d09
Atorvastatin Calcium,Atorvastatin Calcium,"Atorvastatin Calcium; calcium bis((3R,5R)-7-[2-(4-fluorophenyl)-3-phenyl-4-(phenylcarbamoyl)-5-propan-2-ylpyrrol-1-yl]-3,5-dihydroxyheptanoate)",,60822,FQCKMBLVYCEXJB-MNSAWQCASA-L,C66H68CaF2N4O10,1155.3,CC(C)C1=C(C(=C(N1CC[C@H](C[C@H](CC(=O)[O-])O)O)C2=CC=C(C=C2)F)C3=CC=CC=C3)C(=O)NC4=CC=CC=C4.CC(C)C1=C(C(=C(N1CC[C@H](C[C@H](CC(=O)[O-])O)O)C2=CC=C(C=C2)F)C3=CC=CC=C3)C(=O)NC4=CC=CC=C4.[Ca+2],confirmed_organic,pharmaceutical_or_api,,Temad,web_catalogue,listing_evidence_crawled_2026-08-23,https://www.temad.com/product/thebaine-2/,Atorvastatin Calcium,pubchem_direct,verified_web_catalogue,2026-08-23,b2cbb8eb65e71c57ec81ab2c1aa6b52e0ca837373cb3e8a5113b18095fda8b5c
"(3R,5R)-7-[2-(4-fluorophenyl)-3-phenyl-4-(phenylcarbamoyl)-5-propan-2-ylpyrrol-1-yl]-3,5-dihydroxyheptanoic acid",atorvastatin,"(3R,5R)-7-[2-(4-fluorophenyl)-3-phenyl-4-(phenylcarbamoyl)-5-propan-2-ylpyrrol-1-yl]-3,5-dihydroxyheptanoic acid; atorvastatin",,60823,XUKUURHRXDUEBC-KAYWLYCHSA-N,C33H35FN2O5,558.6,CC(C)C1=C(C(=C(N1CC[C@H](C[C@H](CC(=O)O)O)O)C2=CC=C(C=C2)F)C3=CC=CC=C3)C(=O)NC4=CC=CC=C4,confirmed_organic,pharmaceutical_or_api,,Rooz Darou,Iranian pharmaceutical product catalogue,product_page_listed_not_current_stock_verified,http://rouzdarou.com/products/%D9%82%D8%B1%D8%B5-%D8%A2%D8%AA%D9%88%D8%B1%D9%88%D8%A7%D8%B3%D8%AA%D8%A7%D8%AA%DB%8C%D9%86-40,قرص آتورواستاتین 40,PubChem name validation from supplier product title,verified_catalogue,2026-08-23,13361e600ad8099802a86897788f7297da5321069073a3c3ec61bcd9b590e941
phenylhydrazine;hydrochloride,Phenylhydrazine hydrochloride,phenylhydrazine;hydrochloride; Phenylhydrazine hydrochloride,59-88-1,60962,JOVOSQBPPZZESK-UHFFFAOYSA-N,C6H9ClN2,144.60,C1=CC=C(C=C1)NN.Cl,confirmed_organic,organic_reagent,,TamadKala; Mojallali Group,Iranian online wholesale/lab shop,product_page_listed_not_current_stock_verified,https://drm-chem.com/en/product/phenylhydrazine-hydrochloride-lab-en/,فنیل هیدرازین هیدروکلراید کد 114715 سیگما | ...,router_title_normalization,verified_catalogue,2026-08-23,06b76979c4061cd83c13d7a62879c3536dffeaf8b221644abba5275223903baf
tetramethylazanium hydroxide,Tetramethylammonium hydroxide,,75-59-2,60966,WGTYBPLFGIVFAS-UHFFFAOYSA-M,C4H13NO,91.15,C[N+](C)(C)C.[OH-],confirmed_organic,organic_reagent,,telegram:ChemIranSanat,Iranian supplier Telegram catalogue,listing_evidence_crawled_2026-08-24,https://t.me/ChemIranSanat/1961,,ai_normalised_listing+pubchem_confirmed,verified_telegram_listing,2021-04-06,75da98fd531e38c315f11de1f7544194aed37ca2feab2f4752824ed92c47cdb7
2-octadecanoyloxyethyl octadecanoate,Glycol Distearate,2-octadecanoyloxyethyl octadecanoate; Glycol Distearate,,61174,FPVVYTCTZKCSOJ-UHFFFAOYSA-N,C38H74O4,595.0,CCCCCCCCCCCCCCCCCC(=O)OCCOC(=O)CCCCCCCCCCCCCCCCC,confirmed_organic,cosmetic_raw_material,,BehChin Chemi Pharmed,Iranian supplier API/intermediate catalogue,supplier_catalogue_listed_not_current_stock_verified,https://www.behchinchemi.ir/en/our-products/cosmetic-materials,Glycol Distearate,supplier_table,verified_catalogue,2026-08-23,1659f3b856c8470033df81a5db7b33e2eab91228d6ee08c28f9ac2bf5bd3557a
dibutyl(oxo)tin,Dibutyltin oxide,dibutyl(oxo)tin; Dibutyltin oxide,,61221,JGFBRKRYDCGYKD-UHFFFAOYSA-N,C8H18OSn,248.94,CCCC[Sn](=O)CCCC,confirmed_organic,organic_reagent,research,Telegram: minatajhiz,Iranian supplier Telegram catalogue,listed_not_current_stock_verified,https://t.me/minatajhiz/1031,dibutyl(oxo)tin,existing skill export,verified_catalogue,2026-08-23,9ed0dfed3429a4072a512b2be0df793804594d0a68ddbf5cfad8741274841b5f
"(2,2-dimethyl-1,3-dihydroperimidin-6-yl)-(4-phenyldiazenylnaphthalen-1-yl)diazene",Sudan Black B,"(2,2-dimethyl-1,3-dihydroperimidin-6-yl)-(4-phenyldiazenylnaphthalen-1-yl)diazene; Sudan Black B",4197-25-5,61336,YCUVUDODLRLVIC-UHFFFAOYSA-N,C29H24N6,456.5,CC1(NC2=C3C(=C(C=C2)N=NC4=CC=C(C5=CC=CC=C54)N=NC6=CC=CC=C6)C=CC=C3N1)C,confirmed_organic,organic_reagent,,TamadKala; Mojallali Group,Iranian online wholesale/lab shop,product_page_listed_not_current_stock_verified,https://tamadkala.com/product/173734/%D9%85%D8%B9%D8%B1%D9%81-%D8%B3%D9%88%D8%AF%D8%A7%D9%86-%D8%A8%D9%84%DA%A9-b-%D8%AF%DA%A9%D8%AA%D8%B1-%D9%85%D8%AC%D9%84%D9%84%DB%8C,معرف سودان بلک b دکتر مجللی,router_title_normalization,verified_catalogue,2026-08-23,b502391c7e53b568e0135da12d7c0cd5a5bb912504bd9f542443dace9039efe0
"sodium 3-[[4-[[4-(4-ethoxyanilino)phenyl]-[4-[ethyl-[(3-sulfonatophenyl)methyl]azaniumylidene]-2-methylcyclohexa-2,5-dien-1-ylidene]methyl]-N-ethyl-3-methylanilino]methyl]benzenesulfonate",Coomassie Brilliant Blue,"sodium 3-[[4-[[4-(4-ethoxyanilino)phenyl]-[4-[ethyl-[(3-sulfonatophenyl)methyl]azaniumylidene]-2-methylcyclohexa-2,5-dien-1-ylidene]methyl]-N-ethyl-3-methylanilino]methyl]benzenesulfonate; Coomassie Brilliant Blue; coomassie brilliant blue",6104-59-2,61363,RWVGQQGBQSJDQV-UHFFFAOYSA-M,C47H48N3NaO7S2,854.0,CCN(CC1=CC(=CC=C1)S(=O)(=O)[O-])C2=CC(=C(C=C2)C(=C3C=CC(=[N+](CC)CC4=CC(=CC=C4)S(=O)(=O)[O-])C=C3C)C5=CC=C(C=C5)NC6=CC=C(C=C6)OCC)C.[Na+],confirmed_organic,colorant_or_indicator,,TamadKala; telegram:ATRmedShop,Iranian online wholesale/lab shop,product_page_listed_not_current_stock_verified,https://tamadkala.com/product/6408/coomassie-brilliant-blue,coomassie brilliant blue,router_title_normalization,verified_catalogue,2026-08-23,0bb34608015cd14b966e4c4d3f4c987e99f467f74d280d686ea760a19015be8b
"sodium 3-[[4-[[4-(4-ethoxyanilino)phenyl]-[4-[ethyl-[(3-sulfonatophenyl)methyl]azaniumylidene]cyclohexa-2,5-dien-1-ylidene]methyl]-N-ethylanilino]methyl]benzenesulfonate","sodium 3-[[4-[[4-(4-ethoxyanilino)phenyl]-[4-[ethyl-[(3-sulfonatophenyl)methyl]azaniumylidene]cyclohexa-2,5-dien-1-ylidene]methyl]-N-ethylanilino]methyl]benzenesulfonate","sodium 3-[[4-[[4-(4-ethoxyanilino)phenyl]-[4-[ethyl-[(3-sulfonatophenyl)methyl]azaniumylidene]cyclohexa-2,5-dien-1-ylidene]methyl]-N-ethylanilino]methyl]benzenesulfonate",6104-59-2,61365,NKLPQNGYXWVELD-UHFFFAOYSA-M,C45H44N3NaO7S2,826.0,CCN(CC1=CC(=CC=C1)S(=O)(=O)[O-])C2=CC=C(C=C2)C(=C3C=CC(=[N+](CC)CC4=CC(=CC=C4)S(=O)(=O)[O-])C=C3)C5=CC=C(C=C5)NC6=CC=C(C=C6)OCC.[Na+],confirmed_organic,,,telegram:ATRmedShop,public Telegram (seller_research),product_page_listed_not_current_stock_verified,https://t.me/ATRmedShop/538,Coomassie Brilliant Blue G-250 | کوماسی برلیانت بلو G-250(شرکت سیگما) ‌‏⁧ ‌‌‏‌محصولات سیگما اصل را از ما بخواهید. 👇 واردات و فروش مواد شیمیایی سیگما و مرک 👇 ‌ ‌ ‌ ☎️ تلفن: ۰۲۱۶۶۳۶۱۵۴۳-۶۶۳۷۹۰۲۶-۰۲۱ ‌ 📱 موبایل: 09120549893 🌐 لینک محصول : https://atrmed.com/product/brilliant-blue-g/ #آثل_طب #مواد_ازمایشگاهی #مواد_شیمیایی #بیولوژی #بیولوژی_مولکولی #کوماسی_برلیانت_بلو,router_batch+pubchem,verified_telegram_listing,2026-08-25,02a5d02a86524b7956da9cdd33ac8addb2a396fa343cefff074e9a6a330a1d36
oxalic acid;dihydrate,Oxalic acid dihydrate,oxalic acid;dihydrate; Oxalic acid dihydrate,6153-56-6,61373,GEVPUGOOGXGPIO-UHFFFAOYSA-N,C2H6O6,126.07,C(=O)(C(=O)O)O.O.O,confirmed_organic,organic_reagent,,TamadKala; Mojallali Group; ShimiMan,Iranian online wholesale/lab shop,product_page_listed_not_current_stock_verified,https://tamadkala.com/product/15501/%D8%A7%D8%B3%DB%8C%D8%AF-%D8%A7%DA%AF%D8%B2%D8%A7%D9%84%DB%8C%DA%A9-%D8%AF%D9%88-%D8%A2%D8%A8%D9%87,اسید اگزالیک دو آبه,router_title_normalization,verified_catalogue,2026-08-23,0ab3ca9176b6e36ea185a30b078b3ff4bbfb0a840ea0fdd4c14f021ebf4dbbc1
"(2R,3R,4S,5R,6S)-2-(hydroxymethyl)-6-[(2R,3S,4R,5R)-4,5,6-trihydroxy-2-(hydroxymethyl)oxan-3-yl]oxyoxane-3,4,5-triol;hydrate","(2R,3R,4S,5R,6S)-2-(hydroxymethyl)-6-[(2R,3S,4R,5R)-4,5,6-trihydroxy-2-(hydroxymethyl)oxan-3-yl]oxyoxane-3,4,5-triol;hydrate","(2R,3R,4S,5R,6S)-2-(hydroxymethyl)-6-[(2R,3S,4R,5R)-4,5,6-trihydroxy-2-(hydroxymethyl)oxan-3-yl]oxyoxane-3,4,5-triol;hydrate",10039-26-6,62223,WSVLPVUVIUVCRA-RJMJUYIDSA-N,C12H24O12,360.31,C(C1C(C(C(C(O1)OC2C(OC(C(C2O)O)O)CO)O)O)O)O.O,confirmed_organic,,,Mojallali Group,Iranian WooCommerce catalogue,product_page_listed_not_current_stock_verified,https://drm-chem.com/en/product/lactose-monohydrate-laboratory-en/,Lactose monohydrate,cas_pubchem,verified_web_catalogue,2026-08-25,7a58846759cea41afaf35bfc105ebb2ccb3e3a22466ac1cd57ea708c683c23c3
trifluoromethanesulfonic acid,Trifluoromethanesulfonic acid,,1493-13-6,62406,ITMCEJHCFYSIIV-UHFFFAOYSA-N,CHF3O3S,150.08,C(F)(F)(F)S(=O)(=O)O,confirmed_organic,organic_reagent,,telegram:minatajhiz,Iranian supplier Telegram catalogue,listing_evidence_crawled_2026-08-24,https://t.me/minatajhiz/159,,ai_normalised_listing+pubchem_confirmed,verified_telegram_listing,2017-10-29,95210c37fe9c4fd037916a0a5fcbffa29b5c6abda1655d2a7775ece17a5d39f8
3-chloropropyl(trimethoxy)silane,3-(Trimethoxysilyl)propyl chloride,3-chloropropyl(trimethoxy)silane; 3-(Trimethoxysilyl)propyl chloride,2530-87-2,62449,OXYZDRAJMHGSMW-UHFFFAOYSA-N,C6H15ClO3Si,198.72,CO[Si](CCCCl)(OC)OC,confirmed_organic,organic_reagent,,telegram:ChemIranSanat,Iranian supplier Telegram catalogue,listing_evidence_crawled_2026-08-24,https://t.me/ChemIranSanat/1920,"(3-Chloropropyl)trimethoxysilane | 13728 Acros (3-Chloropropyl)trimethoxysilane, 98+% 100ml 🔜 موجود و آماده تحویل ✅ شیمیران صنعت فقط اصلی ♾ موجودی و تنوع بی نظیر از برندهای معتبر 📦 ارسال رایگان 📱 سفارش کالا 👇 📞 0938-648-9001 🆔 @ChemIranAdmin 🆔 @ChemIran1",ai_normalised_listing+pubchem_confirmed,verified_telegram_listing,2020-06-13,6c61e413728ccaacda34e7466bc7bdf6f81baa9fbc36c92e4d911dc5784e1913
N-methyl-3-phenyl-3-[4-(trifluoromethyl)phenoxy]propan-1-amine;hydrochloride,Fluoxetine HCL,N-methyl-3-phenyl-3-[4-(trifluoromethyl)phenoxy]propan-1-amine;hydrochloride; Fluoxetine HCL,,62857,GIYXAJPCNFJEHY-UHFFFAOYSA-N,C17H19ClF3NO,345.8,CNCCC(C1=CC=CC=C1)OC2=CC=C(C=C2)C(F)(F)F.Cl,confirmed_organic,pharmaceutical_or_api,research,BehChin Chemi Pharmed,Iranian supplier API/intermediate catalogue,supplier_catalogue_listed_not_current_stock_verified,https://www.behchinchemi.ir/en/our-products/active-pharmaceutical-ingredient,Fluoxetine HCL,supplier_table,verified_catalogue,2026-08-23,7e1d6764c9d5e85c40407f7c2ff12b23dde84ab43dcb98597c579c5d91e9f8a9
butanedioic acid;bis(1-[4-(2-methoxyethyl)phenoxy]-3-(propan-2-ylamino)propan-2-ol),Metoprolol Succinate,butanedioic acid;bis(1-[4-(2-methoxyethyl)phenoxy]-3-(propan-2-ylamino)propan-2-ol); Metoprolol Succinate,,62937,RGHAZVBIOOEVQX-UHFFFAOYSA-N,C34H56N2O10,652.8,CC(C)NCC(COC1=CC=C(C=C1)CCOC)O.CC(C)NCC(COC1=CC=C(C=C1)CCOC)O.C(CC(=O)O)C(=O)O,confirmed_organic,pharmaceutical_or_api,research,BehChin Chemi Pharmed,Iranian supplier API/intermediate catalogue,supplier_catalogue_listed_not_current_stock_verified,https://www.behchinchemi.ir/en/our-products/active-pharmaceutical-ingredient,Metoprolol Succinate,supplier_table,verified_catalogue,2026-08-23,bfa8a728fc43a1e22abfc3eec10daf084c12b7b93e83787340a1da3c0ade25cb
Ciprofloxacin hydrochloride monohydrate,Ciprofloxacin HCL,Ciprofloxacin hydrochloride monohydrate; Ciprofloxacin HCL; 1-cyclopropyl-6-fluoro-4-oxo-7-piperazin-1-ylquinoline-3-carboxylic acid;hydrate;hydrochloride,,62998,ARPUHYJMCVWYCZ-UHFFFAOYSA-N,C17H21ClFN3O4,385.8,C1CC1N2C=C(C(=O)C3=CC(=C(C=C32)N4CCNCC4)F)C(=O)O.O.Cl,confirmed_organic,pharmaceutical_or_api,,Temad,web_catalogue,listing_evidence_crawled_2026-08-23,https://www.temad.com/product/ketorolac-tromethamine/,Ciprofloxacin HCL,pubchem_direct,verified_web_catalogue,2026-08-23,0996f32d612a4e26868ea64b5ecf8be80dc2359c8b5c8f1eb80a8ec4bffa9538
Tramadol Hydrochloride,Tramadol HCL,"Tramadol Hydrochloride; Tramadol HCL; cis-(1R,2R)-2-[(dimethylamino)methyl]-1-(3-methoxyphenyl)cyclohexan-1-ol;hydrochloride",,63013,PPKXEPBICJTCRU-XMZRARIVSA-N,C16H26ClNO2,299.83,CN(C)C[C@H]1CCCC[C@@]1(C2=CC(=CC=C2)OC)O.Cl,confirmed_organic,pharmaceutical_or_api,,Temad,web_catalogue,listing_evidence_crawled_2026-08-23,https://www.temad.com/product/methadone-hcl/,Tramadol HCL,pubchem_direct,verified_web_catalogue,2026-08-23,f32cf0ba7c651ec50f5eabeb3ad7d0536659475e67e1db2686a92868981dc060
"(2R,3R,4S,5S,6R)-6-(hydroxymethyl)oxane-2,3,4,5-tetrol","(2R,3R,4S,5S,6R)-6-(hydroxymethyl)oxane-2,3,4,5-tetrol",,492-61-5,64689,WQZGKKKJIJFFOK-VFUOTHLCSA-N,C6H12O6,180.16,C(C1C(C(C(C(O1)O)O)O)O)O,confirmed_organic,,,telegram:ATRmedShop,public Telegram (seller_research),product_page_listed_not_current_stock_verified,https://t.me/ATRmedShop/626,D-glucose monohydrate | D (+)-گلوکز مونوهیدرات گرید میکروبیولوژی ‌‏⁧ ‌‌‏‌محصولات مرک اصل را از ما بخواهید. 👇 واردات و فروش مواد شیمیایی مرک 👇 ‌ ‌ ‌ ☎️ تلفن: ۰۲۱۶۶۳۶۱۵۴۳-۶۶۳۷۹۰۲۶-۰۲۱ ‌ 📱 موبایل: 09120549893 🌐 لینک محصول : https://atrmed.com/product/d-glucose-monohydrate/?v=e067b3c6b979 #آثل_طب #مواد_ازمایشگاهی #مواد_شیمیایی #بیولوژی #بیولوژی_مولکولی #آنتی_بیوتیک #آنزیم #کشت_سلول #محیط_کشت #گلوکز #میکرو_بیولوژی,router_batch+pubchem,verified_telegram_listing,2026-08-25,d8e1bffa590eadf0fb1e78f0681428a99d6bbc43f56b8354820c63f427612602
"(2S,4R)-N-[(1R,2R)-2-hydroxy-1-[(2R,3R,4S,5R,6R)-3,4,5-trihydroxy-6-methylsulfanyloxan-2-yl]propyl]-1-methyl-4-propylpyrrolidine-2-carboxamide;hydrochloride","(2S,4R)-N-[(1R,2R)-2-hydroxy-1-[(2R,3R,4S,5R,6R)-3,4,5-trihydroxy-6-methylsulfanyloxan-2-yl]propyl]-1-methyl-4-propylpyrrolidine-2-carboxamide;hydrochloride",,859-18-7,64710,POUMFISTNHIPTI-BOMBIWCESA-N,C18H35ClN2O6S,443.0,CCCC1CC(N(C1)C)C(=O)NC(C2C(C(C(C(O2)SC)O)O)O)C(C)O.Cl,confirmed_organic,,,telegram:ATRmedShop,public Telegram (seller_research),product_page_listed_not_current_stock_verified,https://t.me/ATRmedShop/759,Lincomycin hydrochloride | لینکومایسین هیدروکلرید ‌‏⁧ ‌‌‏‌محصولات سیگما اصل را از ما بخواهید. 👇 واردات و فروش مواد شیمیایی سیگما 👇 ‌‌ ‌ ☎️ تلفن: ۰۲۱۶۶۳۶۱۵۴۳-۶۶۳۷۹۰۲۶-۰۲۱ ‌ 📱 موبایل: 09120549893 🌐 لینک محصول : https://atrmed.com/product/lincomycin-hydrochloride/?v=e067b3c6b979 #آثل_طب #مواد_ازمایشگاه #مواد_شیمیایی #بیولوژی #بیولوژی_مولکولی #آنتی_بیوتیک #آنزیم #سیگماآلدریچ #مرک #لینکمایسین_هیدروکلرید,router_batch+pubchem,verified_telegram_listing,2026-08-25,b2a565fcd171ac67a155837c4bb5f29a0b84184a6f58dd700a75b275b98da19c
"[3-[3-(3,5-ditert-butyl-4-hydroxyphenyl)propanoyloxy]-2,2-bis[3-(3,5-ditert-butyl-4-hydroxyphenyl)propanoyloxymethyl]propyl] 3-(3,5-ditert-butyl-4-hydroxyphenyl)propanoate",Antioxidant 1010,,,64819,BGYHLZZASRKEJE-UHFFFAOYSA-N,C73H108O12,1177.6,CC(C)(C)C1=CC(=CC(=C1O)C(C)(C)C)CCC(=O)OCC(COC(=O)CCC2=CC(=C(C(=C2)C(C)(C)C)O)C(C)(C)C)(COC(=O)CCC3=CC(=C(C(=C3)C(C)(C)C)O)C(C)(C)C)COC(=O)CCC4=CC(=C(C(=C4)C(C)(C)C)O)C(C)(C)C,confirmed_organic,organic_reagent,,telegram:Ch_Chemical_leaders,Iranian supplier Telegram catalogue,listing_evidence_crawled_2026-08-24,https://t.me/Ch_Chemical_leaders/293,,ai_normalised_listing+pubchem_confirmed,verified_telegram_listing,2025-08-09,34ae3f30ba7579a6cdaad1dcaa5d18c8eb7f14ad5a1b3d4a95120eff46a9933e
"2-(3,5-diphenyltetrazol-2-ium-2-yl)-4,5-dimethyl-1,3-thiazole bromide","2-(3,5-diphenyltetrazol-2-ium-2-yl)-4,5-dimethyl-1,3-thiazole bromide",,298-93-1,64965,AZKSAVLVSZKNRD-UHFFFAOYSA-M,C18H16BrN5S,414.3,CC1=C(SC(=N1)[N+]2=NC(=NN2C3=CC=CC=C3)C4=CC=CC=C4)C.[Br-],confirmed_organic,,,telegram:ATRmedShop,public Telegram (seller_research),product_page_listed_not_current_stock_verified,https://t.me/ATRmedShop/564,Thiazolyl Blue Tetrazolium Bromide | پودر MTT ‌‏⁧ ‌‌‏‌محصولات سیگما اصل را از ما بخواهید. 👇 واردات و فروش مواد شیمیایی سیگما و مرک 👇 ‌ ‌ ‌ ☎️ تلفن: ۰۲۱۶۶۳۶۱۵۴۳-۶۶۳۷۹۰۲۶-۰۲۱ ‌ 📱 موبایل: 09120549893 🌐 لینک محصول : https://atrmed.com/product/thiazolyl-blue-tetrazolium-bromide/ #آثل_طب #مواد_ازمایشگاهی #مواد_شیمیایی #بیولوژی #بیولوژی_مولکولی #آنتی_بیوتیک #MTT,router_batch+pubchem,verified_telegram_listing,2026-08-25,2af5ba9432cb7f872e5ab638057be372d55b0856c1d8be7303b15ec7b8a8f096
guanidine;thiocyanic acid,guanidine thiocyanate,guanidine;thiocyanic acid; guanidine thiocyanate; Guanidine thiocyanate,593-84-0,65046,ZJYYHGLJYGJLLN-UHFFFAOYSA-N,C2H6N4S,118.16,C(#N)S.C(=N)(N)N,confirmed_organic,organic_reagent,research,TamadKala; Telegram: ChemIranSanat; telegram:labshop,Iranian online wholesale/lab shop | Iranian supplier Telegram catalogue,listed_not_current_stock_verified | product_page_listed_not_current_stock_verified,https://t.me/ChemIranSanat/2008,guanidine;thiocyanic acid | گوانیدین تیوسیانات سیگما کد g9277 | ...,existing skill export | router_title_normalization,verified_catalogue,2026-08-23,34e47a2af7b33664fdfe35100f5f210139574b7f8a2af816816d86aca9fbeb18
9-(diethylamino)benzo[a]phenoxazin-5-one,Nile Red,,,65182,VOFUROIFQGPCGE-UHFFFAOYSA-N,C20H18N2O2,318.4,CCN(CC)C1=CC2=C(C=C1)N=C3C4=CC=CC=C4C(=O)C=C3O2,confirmed_organic,colorant_or_indicator,,telegram:chemgroup,Iranian supplier Telegram catalogue,listing_evidence_crawled_2026-08-24,https://t.me/chemgroup/2214,,ai_normalised_listing+pubchem_confirmed,verified_telegram_listing,2016-10-02,0fc66a6d739a72a742c4380da15244566ddc7af239113366da8c207bd88112b4
"4-(2-aminoethyl)benzene-1,2-diol;hydrochloride",Dopamine Hydrochloride,"4-(2-aminoethyl)benzene-1,2-diol;hydrochloride; Dopamine Hydrochloride",62-31-7,65340,CTENFNNZBMHDDG-UHFFFAOYSA-N,C8H12ClNO2,189.64,C1=CC(=C(C=C1CCN)O)O.Cl,confirmed_organic,pharmaceutical_or_api,,telegram:ChemIranSanat,Iranian supplier Telegram catalogue,listing_evidence_crawled_2026-08-24,https://t.me/ChemIranSanat/1994,Dopamine hydrochloride | 822073 Merck 3-Hydroxytyraminium chloride (Dopamine hydrochloride) 10g 🔜 موجود و آماده تحویل ✅ شیمیران صنعت فقط اصلی ♾ موجودی و تنوع بی نظیر از برندهای معتبر 📦 ارسال رایگان 📱 سفارش کالا 👇 📱 0938 648 9001 ☎️ 77 88 18 08 🆔 @ChemIranAdmin 🆔 @ChemIran1,ai_normalised_listing+pubchem_confirmed,verified_telegram_listing,2021-04-18,dc1f40306f41b9789535c9d76104d06b5213afd06b18f514075e7ed2c8f7d4e5
Betamethasone Sodium Phosphate,betamethasone sodium phosphate,"Betamethasone Sodium Phosphate; betamethasone sodium phosphate; disodium;[2-[(8S,9R,10S,11S,13S,14S,16S,17R)-9-fluoro-11,17-dihydroxy-10,13,16-trimethyl-3-oxo-6,7,8,11,12,14,15,16-octahydrocyclopenta[a]phenanthren-17-yl]-2-oxoethyl] phosphate",,65478,PLCQGRYPOISRTQ-LWCNAHDDSA-L,C22H28FNa2O8P,516.4,C[C@H]1C[C@H]2[C@@H]3CCC4=CC(=O)C=C[C@@]4([C@]3([C@H](C[C@@]2([C@]1(C(=O)COP(=O)([O-])[O-])O)C)O)F)C.[Na+].[Na+],confirmed_organic,pharmaceutical_or_api,,Temad,web_catalogue,listing_evidence_crawled_2026-08-23,https://www.temad.com/product/gliclazide-2/,Betamethasone Sodium Phosphate,ai_resolved+pubchem,verified_web_catalogue,2026-08-23,648da25c3c1446d4b8e75589ca3e6e073a1dfca85c2d3a9047b2f16b83ae23a4
"4-[3-(4-hydroxy-2-methyl-5-propan-2-ylphenyl)-1,1-dioxo-2,1lambda6-benzoxathiol-3-yl]-5-methyl-2-propan-2-ylphenol",Thymol blue,"4-[3-(4-hydroxy-2-methyl-5-propan-2-ylphenyl)-1,1-dioxo-2,1lambda6-benzoxathiol-3-yl]-5-methyl-2-propan-2-ylphenol; Thymol blue",76-61-9,65565,FRPHFZCDPYBUAU-UHFFFAOYSA-N,C21H14Br4O5S,698.0,CC1=CC(=C(C=C1C2(C3=CC=CC=C3S(=O)(=O)O2)C4=CC(=C(C=C4C)O)C(C)C)C(C)C)O,confirmed_organic,organic_reagent,research,TamadKala; Mojallali Group; telegram:ATRmedShop,Iranian online wholesale/lab shop,product_page_listed_not_current_stock_verified,https://tamadkala.com/product/173831/%D8%A8%D8%B1%D9%88%D9%85%D9%88%DA%A9%D8%B1%D9%88%D8%B2%D9%88%D9%84-%D8%B3%D8%A8%D8%B2-acs-%D8%AF%DA%A9%D8%AA%D8%B1-%D9%85%D8%AC%D9%84%D9%84%DB%8C,برمو کرسول گرین | بروموکروزول سبز acs دکتر مجللی | تیمول بلو | معرف برومو كرزول گرين قطران شیمی | معرف تورنسل قطران شیمی,router_title_normalization,verified_catalogue,2026-08-23,dd7fcf9b637f8543141c1062001bff8fe8a606a24fb57acf55a5aa18ff099b20
oxalyl dichloride,Oxalyl chloride,oxalyl dichloride; Oxalyl chloride; oxalyl chloride,79-37-8,65578,CTSLXHKWHWQRSH-UHFFFAOYSA-N,C2Cl2O2,126.92,C(=O)(C(=O)Cl)Cl,confirmed_organic,organic_reagent,research,Telegram: ChemIranSanat,Iranian supplier Telegram catalogue,listed_not_current_stock_verified,https://t.me/ChemIranSanat/271,oxalyl dichloride,existing skill export,verified_catalogue,2026-08-23,3c81f279091eec498775934a1fa6099308bcf860d1df60a6f1ce333c26cca5ea
hexanedihydrazide,Adipic Dihydrazide,hexanedihydrazide; Adipic Dihydrazide; Adipic dihydrazide,,66117,IBVAQQYNSHJXBV-UHFFFAOYSA-N,C6H14N4O2,174.20,C(CCC(=O)NN)CC(=O)NN,confirmed_organic,organic_reagent,research,Telegram: minatajhiz,Iranian supplier Telegram catalogue,listed_not_current_stock_verified,https://t.me/minatajhiz/1085,hexanedihydrazide,existing skill export,verified_catalogue,2026-08-23,2c6ced065334f06c3dec121505870a448c9fd6ac40dd5f98fcfa7578c4f7673e
1-ethenylimidazole,1-Vinylimidazole,,,66171,OSSNTDFYBPYIEC-UHFFFAOYSA-N,C5H6N2,94.11,C=CN1C=CN=C1,confirmed_organic,organic_reagent,,telegram:minatajhiz,Iranian supplier Telegram catalogue,listing_evidence_crawled_2026-08-24,https://t.me/minatajhiz/850,,ai_normalised_listing+pubchem_confirmed,verified_telegram_listing,2022-03-02,a9cb6e5b0f3192eef1d4c947495cf227f7cd317cedd1d0ecd17f84af9415eeee
"[(8S,13S,14S,17S)-13-methyl-3-oxo-2,6,7,8,14,15,16,17-octahydro-1H-cyclopenta[a]phenanthren-17-yl] acetate","[(8S,13S,14S,17S)-13-methyl-3-oxo-2,6,7,8,14,15,16,17-octahydro-1H-cyclopenta[a]phenanthren-17-yl] acetate",,10161-34-9,66359,CMRJPMODSSEAPL-FYQPLNBISA-N,C20H24O3,312.4,CC(=O)OC1CCC2C1(C=CC3=C4CCC(=O)C=C4CCC23)C,confirmed_organic,,,telegram:ATRmedShop,public Telegram (seller_research),product_page_listed_not_current_stock_verified,https://t.me/ATRmedShop/734,"3,6-Diaminoacridine dihydrochloride | خرید 6،3-دی آمینوآکریدین هیدروکلراید | قیمت 6،3-دی آمینوآکریدین هیدروکلراید ‌‏⁧ ‌‌‏‌محصولات سیگما اصل را از ما بخواهید. 👇 واردات و فروش مواد شیمیایی سیگما 👇 ‌‌ ‌ ☎️ تلفن: ۰۲۱۶۶۳۶۱۵۴۳-۶۶۳۷۹۰۲۶-۰۲۱ ‌ 📱 موبایل: 09120549893 🌐 لینک محصول : https://atrmed.com/product/36-diaminoacridine-hydrochloride/?v=e067b3c6b979 #آثل_طب #مواد_ازمایشگاه #مواد_شیمیایی #بیولوژی #بیولوژی_مولکولی #آنتی_بیوتیک #آنزیم #سیگماآلدریچ #مرک",router_batch+pubchem,verified_telegram_listing,2026-08-25,78c7640334f0ef3d033130874e5f091029dda17ecae69661fa8e6cb03e2266d9
"(2S,3R,4S,5S,6R)-6-(hydroxymethyl)oxane-2,3,4,5-tetrol;hydrate",alpha-D-Glucose monohydrate,"(2S,3R,4S,5S,6R)-6-(hydroxymethyl)oxane-2,3,4,5-tetrol;hydrate; alpha-D-Glucose monohydrate",14431-43-7,66370,OSNSWKAZFASRNG-WNFIKIDCSA-N,C6H14O7,198.17,C([C@@H]1[C@H]([C@@H]([C@H]([C@H](O1)O)O)O)O)O.O,confirmed_organic,secondary_metabolite_or_natural_product,,telegram:jahaneshimicom; Mojallali Group,Iranian supplier Telegram catalogue,listing_evidence_crawled_2026-08-24,https://t.me/jahaneshimicom/168,Dextrose monohydrate,ai_normalised_listing+pubchem_confirmed,verified_telegram_listing,2024-02-04,9e70bb726b553647b39d4198e092956a947c9520d30bf8581769013c67cb1329
"2,4-diaminobenzenesulfonic acid","2,4-Diaminobenzenesulfonic acid",,,66623,JVMSQRAXNZPDHF-UHFFFAOYSA-N,C6H8N2O3S,188.21,C1=CC(=C(C=C1N)N)S(=O)(=O)O,confirmed_organic,organic_reagent,,telegram:minatajhiz,Iranian supplier Telegram catalogue,listing_evidence_crawled_2026-08-24,https://t.me/minatajhiz/168,,ai_normalised_listing+pubchem_confirmed,verified_telegram_listing,2017-11-01,490519eaa78568b82f253ed415f28154cf4d04ce3975ebfff6a389674b1e9609
"dimethyl 5-aminobenzene-1,3-dicarboxylate",Dimethyl 5-aminoisophthalate,,99-27-4,66831,DEKPYXUDJRABNK-UHFFFAOYSA-N,C10H11NO4,209.20,COC(=O)C1=CC(=CC(=C1)N)C(=O)OC,confirmed_organic,organic_reagent,,telegram:ChemIranSanat,Iranian supplier Telegram catalogue,listing_evidence_crawled_2026-08-24,https://t.me/ChemIranSanat/1979,,ai_normalised_listing+pubchem_confirmed,verified_telegram_listing,2021-04-12,3a69210eed4d75c94c49cb56947f220a7914a4de137b875e79823e16bbca90a1
"5-aminobenzene-1,3-dicarboxylic acid",5-Aminoisophthalic acid,"5-aminobenzene-1,3-dicarboxylic acid; 5-Aminoisophthalic acid",99-31-0,66833,KBZFDRWPMZESDI-UHFFFAOYSA-N,C8H7NO4,181.15,C1=C(C=C(C=C1C(=O)O)N)C(=O)O,confirmed_organic,organic_reagent,research,Telegram: ChemIranSanat,Iranian supplier Telegram catalogue,listed_not_current_stock_verified,https://t.me/ChemIranSanat/1908,"5-aminobenzene-1,3-dicarboxylic acid",existing skill export,verified_catalogue,2026-08-23,ca7223824523e17878fb0760510c24ca608c4034a5534107051601d7537f38d6
"1-bromopyrrolidine-2,5-dione",n-Bromosuccinimide,"1-bromopyrrolidine-2,5-dione; n-Bromosuccinimide",,67184,PCLIMKBDDGJMGD-UHFFFAOYSA-N,C4H4BrNO2,177.98,C1CC(=O)N(C1=O)Br,confirmed_organic,organic_reagent,,TamadKala,Iranian online wholesale/lab shop,product_page_listed_not_current_stock_verified,https://tamadkala.com/product/55234/n-%D8%A8%D8%B1%D9%88%D9%85%D9%88-%D8%B3%D9%88%DA%A9%D8%B3%DB%8C%D8%A7%D9%86%DB%8C%D9%85%DB%8C%D8%AF,n برومو سوکسیانیمید,router_title_normalization,verified_catalogue,2026-08-23,27f962917841740ee8f4e23ea1b562ebb0e148829b66fe1676e08834c5ea0883
"7,18-dioxaheptacyclo[14.6.2.22,5.03,12.04,9.013,23.020,24]hexacosa-1(23),2,4,9,11,13,15,20(24),21,25-decaene-6,8,17,19-tetrone","3,4,9,10-Perylenetetracarboxylic dianhydride",,,67191,CLYVDMAATCIVBF-UHFFFAOYSA-N,C24H8O6,392.3,C1=CC2=C3C(=CC=C4C3=C1C5=C6C4=CC=C7C6=C(C=C5)C(=O)OC7=O)C(=O)OC2=O,confirmed_organic,colorant_or_indicator,,telegram:minatajhiz,Iranian supplier Telegram catalogue,listing_evidence_crawled_2026-08-24,https://t.me/minatajhiz/678,,ai_normalised_listing+pubchem_confirmed,verified_telegram_listing,2020-01-26,3d1dc496002015005460e212196abc698bf61654595e56c59564aba1ad41afbf
2-nonylphenol,Nonylphenol,,,67296,SNQQPOLDUKLAAF-UHFFFAOYSA-N,C15H24O,220.35,CCCCCCCCCC1=CC=CC=C1O,confirmed_organic,organic_reagent,,telegram:IranChemicals,Iranian supplier Telegram catalogue,listing_evidence_crawled_2026-08-24,https://t.me/Iranchemicals/23430,,ai_normalised_listing+pubchem_confirmed,verified_telegram_listing,2022-01-04,ff63739bc8261d73d4b1dde1dba5e3e17f42bee9e6c6ad904eec4756f400de15
trifluoromethylsulfonyl trifluoromethanesulfonate,trifluoromethylsulfonyl trifluoromethanesulfonate,,358-23-6,67749,WJKHJLXJJJATHN-UHFFFAOYSA-N,C2F6O5S2,282.14,,confirmed_organic,,,ShimiMan,Iranian WooCommerce catalogue,product_page_listed_not_current_stock_verified,https://shimiman.com/product/trifluoromethanesulfonic-anhydride-for-synthesis-cas-358-23-6-ec-number-206-616-8-chemical-formula-cf-so-o/,"Trifluoromethanesulfonic anhydride for synthesis. CAS 358-23-6, EC Number 206-616-8, chemical formula (CF₃SO₂)₂O.",cas_pubchem,verified_web_catalogue,2026-08-25,732a94fec71ff7e9dcfe12e90c90bc0c868681121e05116f60fa672ef574edba
4-fluorobenzaldehyde,4-Fluorobenzaldehyde,,,68023,UOQXIWFBQSVDPP-UHFFFAOYSA-N,C7H5FO,124.11,C1=CC(=CC=C1C=O)F,confirmed_organic,organic_reagent,,telegram:minatajhiz,Iranian supplier Telegram catalogue,listing_evidence_crawled_2026-08-24,https://t.me/minatajhiz/120,,ai_normalised_listing+pubchem_confirmed,verified_telegram_listing,2017-10-11,314b693d6e652f3cce29f9c5292e115b4900f04effb058309fb0ac922614e94c
"5-methyl-6-phenylphenanthridin-5-ium-3,8-diamine bromide","5-methyl-6-phenylphenanthridin-5-ium-3,8-diamine bromide","5-methyl-6-phenylphenanthridin-5-ium-3,8-diamine bromide",518-67-2,68207,MQOKYEROIFEEBH-UHFFFAOYSA-N,C20H18BrN3,380.3,C[N+]1=C2C=C(C=CC2=C3C=CC(=CC3=C1C4=CC=CC=C4)N)N.[Br-],confirmed_organic,,,Mojallali Group,Iranian WooCommerce catalogue,product_page_listed_not_current_stock_verified,https://drm-chem.com/en/product/dimidium-bromide-indicator-en/,Dimidium bromide,cas_pubchem,verified_web_catalogue,2026-08-25,35965b00e3d8dad72926573d41cec9370d43f23178594fb15de09d75e3cb5538
furan-2-carbonyl chloride,2-Furancarbonyl chloride,,,68242,OFTKFKYVSBNYEC-UHFFFAOYSA-N,C5H3ClO2,130.53,C1=COC(=C1)C(=O)Cl,confirmed_organic,organic_reagent,,telegram:minatajhiz,Iranian supplier Telegram catalogue,listing_evidence_crawled_2026-08-24,https://t.me/minatajhiz/200,,ai_normalised_listing+pubchem_confirmed,verified_telegram_listing,2017-11-16,cdbd9f1557d5cd4ea8d6d32bfd5a5f3c23ad7a4bd023eb9f52a5fffc8fb55aae
di(imidazol-1-yl)methanone,"1,1'-Carbonyldiimidazole","di(imidazol-1-yl)methanone; 1,1'-Carbonyldiimidazole",530-62-1,68263,PFKFTWBEEFSNDU-UHFFFAOYSA-N,C7H6N4O,162.15,C1=CN(C=N1)C(=O)N2C=CN=C2,confirmed_organic,organic_reagent,,telegram:ChemIranSanat,Iranian supplier Telegram catalogue,listing_evidence_crawled_2026-08-24,https://t.me/ChemIranSanat/1535,"N,N'-Carbonyldiimidazole | 003800 Fluorochem N,N'-Carbonyldiimidazole (CDI) 50g 🔜 موجود و آماده تحویل ✅ شیمیران صنعت فقط اصلی 📱 سفارش کالا 👇 🆔 @ChemIranAdmin 🆔 @ChemIran1",ai_normalised_listing+pubchem_confirmed,verified_telegram_listing,2018-09-22,113373b9a567995b30404a797a32bcffe3d49148a2bd631ca11dc28d2459a284
"N,N-Dimethyl-7-(methylamino)-3H-phenothiazin-3-iminium chloride",Azure B,"N,N-Dimethyl-7-(methylamino)-3H-phenothiazin-3-iminium chloride; Azure B; dimethyl-[7-(methylamino)phenothiazin-3-ylidene]azanium chloride",531-55-5,68275,DNDJEIWCTMMZBX-UHFFFAOYSA-N,C15H16ClN3S,305.8,CNC1=CC2=C(C=C1)N=C3C=CC(=[N+](C)C)C=C3S2.[Cl-],confirmed_organic,organic_reagent,,Mojallali Group,web_catalogue,listing_evidence_crawled_2026-08-23,https://drm-chem.com/en/product/azure-b-en/,Azure B,pubchem_direct,verified_web_catalogue,2026-08-23,c3a06ab230046c7309861f4085b2e4a5956780bdac6959c1e90dc2b952ec1f6f
2-bromoterephthalic acid,Bromoterephthalic acid,,,68513,QPBGNSFASPVGTP-UHFFFAOYSA-N,C8H5BrO4,245.03,C1=CC(=C(C=C1C(=O)O)Br)C(=O)O,confirmed_organic,organic_reagent,,telegram:minatajhiz,Iranian supplier Telegram catalogue,listing_evidence_crawled_2026-08-24,https://t.me/minatajhiz/601,,ai_normalised_listing+pubchem_confirmed,verified_telegram_listing,2019-05-26,8172b0512506f3f984748a1420b1e9e99051f406cb3c5ef209c0cae0b19282b8
Prazosin Hydrochloride,prazosin hydrochloride,"Prazosin Hydrochloride; prazosin hydrochloride; [4-(4-amino-6,7-dimethoxyquinazolin-2-yl)piperazin-1-yl]-(furan-2-yl)methanone;hydrochloride; Prazosin HCL",,68546,WFXFYZULCQKPIP-UHFFFAOYSA-N,C19H22ClN5O4,419.9,COC1=C(C=C2C(=C1)C(=NC(=N2)N3CCN(CC3)C(=O)C4=CC=CO4)N)OC.Cl,confirmed_organic,pharmaceutical_or_api,,Temad,web_catalogue,listing_evidence_crawled_2026-08-23,https://www.temad.com/product/noscapine-base-2/,Prazosin HCL,ai_resolved+pubchem,verified_web_catalogue,2026-08-23,37910c5dfe2ee03a70fbcb7931dbcc5458d7fbac9ad07434c2b4f25ddda6a650
"(1S,4S)-4-(3,4-dichlorophenyl)-N-methyl-1,2,3,4-tetrahydronaphthalen-1-amine",sertraline,"(1S,4S)-4-(3,4-dichlorophenyl)-N-methyl-1,2,3,4-tetrahydronaphthalen-1-amine; sertraline",,68617,VGKDLMBJGBXTGI-SJCJKPOMSA-N,C17H17Cl2N,306.2,CN[C@H]1CC[C@H](C2=CC=CC=C12)C3=CC(=C(C=C3)Cl)Cl,confirmed_organic,pharmaceutical_or_api,,Rooz Darou,Iranian pharmaceutical product catalogue,product_page_listed_not_current_stock_verified,http://rouzdarou.com/products/%D9%82%D8%B1%D8%B5-%D8%B3%D8%B1%D8%AA%D8%B1%D8%A7%D9%84%D9%8A%D9%86-50,قرص سرترالين 50,PubChem name validation from supplier product title,verified_catalogue,2026-08-23,92c0409c751174d1c0dfd7d081a1d3760534bae41895756f5fd2cbd568f82f78
Sodium Picosulfate,Sodium picosulfate,,,68654,GOZDTZWAMGHLDY-UHFFFAOYSA-L,C18H13NNa2O8S2,481.4,C1=CC=NC(=C1)C(C2=CC=C(C=C2)OS(=O)(=O)[O-])C3=CC=C(C=C3)OS(=O)(=O)[O-].[Na+].[Na+],confirmed_organic,organic_reagent,,Exir Pharmaceutical Co.,web_catalogue,listing_evidence_crawled_2026-08-23,https://exir.co.ir/product/colistim-1000000/,کلیستیمتات سدیم 1000000,ai_resolved+pubchem,verified_web_catalogue,2026-08-23,c62b72648575804cd7914c5f7a40e20baaa257243576dff04579cc87e7c85e6d
"(1R,4S,5R,8S,9R,12S,13R)-1,5,9-trimethyl-11,14,15,16-tetraoxatetracyclo[10.3.1.04,13.08,13]hexadecan-10-one",Artemisinin,,,68827,BLUAFEHZUWYNDE-NNWCWBAJSA-N,C15H22O5,282.33,C[C@@H]1CC[C@H]2[C@H](C(=O)O[C@H]3[C@@]24[C@H]1CC[C@](O3)(OO4)C)C,confirmed_organic,secondary_metabolite_or_natural_product,,telegram:chemgroup,Iranian supplier Telegram catalogue,listing_evidence_crawled_2026-08-24,https://t.me/chemgroup/3261,,ai_normalised_listing+pubchem_confirmed,verified_telegram_listing,2017-06-06,93d642bb397231b05db6b4dda235c0df8b1bcf9de4b22d2e052be609d9d38811
"naphthalene-1,4-dicarboxylic acid","1,4-Naphthalenedicarboxylic acid","naphthalene-1,4-dicarboxylic acid; 1,4-Naphthalenedicarboxylic acid",,69065,ABMFBCRYHDZLRD-UHFFFAOYSA-N,C12H8O4,216.19,C1=CC=C2C(=C1)C(=CC=C2C(=O)O)C(=O)O,confirmed_organic,organic_reagent,research,Telegram: ChemIranSanat,Iranian supplier Telegram catalogue,listed_not_current_stock_verified,https://t.me/ChemIranSanat/1873,"naphthalene-1,4-dicarboxylic acid",existing skill export,verified_catalogue,2026-08-23,9cbd78c4f06bb050650ec335cde96c8378818913f141eae0201fb8c1bf665181
2-nitroterephthalic acid,"1,4-Benzenedicarboxylic acid, 2-nitro-",,610-29-7,69122,QUMITRDILMWWBC-UHFFFAOYSA-N,C8H5NO6,211.13,C1=CC(=C(C=C1C(=O)O)[N+](=O)[O-])C(=O)O,confirmed_organic,organic_reagent,,telegram:ChemIranSanat,Iranian supplier Telegram catalogue,listing_evidence_crawled_2026-08-24,https://t.me/ChemIranSanat/1862,,ai_normalised_listing+pubchem_confirmed,verified_telegram_listing,2019-11-05,b12dc5ab35b1a8fdecea55801aab8500bf6caaa8cbbf3c3d9ace7283f9f1d7a1
"2,5-dihydroxyterephthalic acid","2,5-Dihydroxyterephthalic acid",,,69131,OYFRNYNHAZOYNF-UHFFFAOYSA-N,C8H6O6,198.13,C1=C(C(=CC(=C1O)C(=O)O)O)C(=O)O,confirmed_organic,organic_reagent,,telegram:ChemIranSanat,Iranian supplier Telegram catalogue,listing_evidence_crawled_2026-08-24,https://t.me/ChemIranSanat/507,,ai_normalised_listing+pubchem_confirmed,verified_telegram_listing,2017-08-03,12b9c592f826645f7849a60286c313dbfcd396ae96537689e5c987199a640eb8
bis(4-hydroxyphenyl)methanone,bis(4-hydroxyphenyl)methanone,,611-99-4,69150,RXNYJUSEXLAVNQ-UHFFFAOYSA-N,C13H10O3,214.22,C1=CC(=CC=C1C(=O)C2=CC=C(C=C2)O)O,confirmed_organic,,,telegram:ChemIranSanat,public Telegram (seller_research),product_page_listed_not_current_stock_verified,https://t.me/ChemIranSanat/1873,"Naphthalene-1,4-dicarboxylic acid | 210972 Fluorochem Naphthalene-1,4-dicarboxylic acid 25g 🔜 موجود و آماده تحویل ✅ شیمیران صنعت فقط اصلی ♾ موجودی و تنوع بی نظیر از برندهای معتبر 📱 سفارش کالا 👇 🆔 @ChemIranAdmin 🆔 @ChemIran1",router_batch+pubchem,verified_telegram_listing,2026-08-25,ced4746061501141a667184d3a8cd41bba3aedf466f35afc5d314ed7d2ce6af7
dimethyl 2-methylidenebutanedioate,dimethyl 2-methylidenebutanedioate,,617-52-7,69240,ZWWQRMFIZFPUAA-UHFFFAOYSA-N,C7H10O4,158.15,COC(=O)CC(=C)C(=O)OC,confirmed_organic,,,telegram:ATRmedShop,public Telegram (seller_research),product_page_listed_not_current_stock_verified,https://t.me/ATRmedShop/725,Dimethyl itaconate | خرید دی متیل ایتاکونات ‌‏⁧ ‌‌‏‌محصولات سیگما اصل را از ما بخواهید. 👇 واردات و فروش مواد شیمیایی سیگما 👇 ‌‌ ‌ ☎️ تلفن: ۰۲۱۶۶۳۶۱۵۴۳-۶۶۳۷۹۰۲۶-۰۲۱ ‌ 📱 موبایل: 09120549893 🌐 لینک محصول : https://atrmed.com/product/dimethyl-itaconate/?v=e067b3c6b979 #آثل_طب #مواد_ازمایشگاه #مواد_شیمیایی #بیولوژی #بیولوژی_مولکولی #آنتی_بیوتیک #آنزیم #سیگماآلدریچ #مرک #دی_متیل_ایتاکونات,router_batch+pubchem,verified_telegram_listing,2026-08-25,039feeb6ee833eca81ec9de2efefd502b9c66d390611b650d30271026c95131d
anthracene-9-carbaldehyde,9-Anthracenecarboxaldehyde,anthracene-9-carbaldehyde; 9-Anthracenecarboxaldehyde,,69504,YMNKUHIVVMFOFO-UHFFFAOYSA-N,C15H10O,206.24,C1=CC=C2C(=C1)C=C3C=CC=CC3=C2C=O,confirmed_organic,organic_reagent,research,Telegram: ChemIranSanat,Iranian supplier Telegram catalogue,listed_not_current_stock_verified,https://t.me/ChemIranSanat/1470,anthracene-9-carbaldehyde,existing skill export,verified_catalogue,2026-08-23,17a40b0e7560aacb40573b52299f08f478b1db1b97bc4cd4c0e869aab0a66e5c
"(2S)-2,6-diaminohexanoic acid;hydrochloride","(2S)-2,6-diaminohexanoic acid;hydrochloride",,657-27-2,69568,BVHLGVCQOALMSV-JEDNCBNOSA-N,C6H15ClN2O2,182.65,C(CCN)CC(C(=O)O)N.Cl,confirmed_organic,,,telegram:ATRmedShop,public Telegram (seller_research),product_page_listed_not_current_stock_verified,https://t.me/ATRmedShop/608,L-Lysine monohydrochloride | اسیدآمینه ال-لیزین مونوهیدروکلراید گرید کشت سلول ‌‏⁧ ‌‌‏‌محصولات سیگما اصل را از ما بخواهید. 👇 واردات و فروش مواد شیمیایی سیگما 👇 ‌ ‌ ‌ ☎️ تلفن: ۰۲۱۶۶۳۶۱۵۴۳-۶۶۳۷۹۰۲۶-۰۲۱ ‌ 📱 موبایل: 09120549893 🌐 لینک محصول : https://atrmed.com/product/l-lysine-monohydrochloride/?v=e067b3c6b979 #آثل_طب #مواد_ازمایشگاهی #مواد_شیمیایی #بیولوژی #بیولوژی_مولکولی #آنتی_بیوتیک #آنزیم #اسیدآمینه_ال_لیزین_مونوهیدروکلراید_گرید_کشت_سلول #کشت_سلول,router_batch+pubchem,verified_telegram_listing,2026-08-25,b44f3e645c57103cef88d05549199f34add4fac9789c37495f148cc4a082fd76
"sodium 2,4-dinitrobenzenesulfonate","Sodium 2,4-dinitrobenzenesulfonate",,,70168,GSBYVRKLPCSLNV-UHFFFAOYSA-M,C6H3N2NaO7S,270.15,C1=CC(=C(C=C1[N+](=O)[O-])[N+](=O)[O-])S(=O)(=O)[O-].[Na+],confirmed_organic,colorant_or_indicator,,telegram:minatajhiz,Iranian supplier Telegram catalogue,listing_evidence_crawled_2026-08-24,https://t.me/minatajhiz/476,,ai_normalised_listing+pubchem_confirmed,verified_telegram_listing,2018-12-08,871f202153112a2c730256618feb2b512011451dcf33fc9cec177edbf85d8799
"5-[2-(1,3-dioxo-2-benzofuran-5-yl)-1,1,1,3,3,3-hexafluoropropan-2-yl]-2-benzofuran-1,3-dione","4,4'-(Hexafluoroisopropylidene)diphthalic anhydride","5-[2-(1,3-dioxo-2-benzofuran-5-yl)-1,1,1,3,3,3-hexafluoropropan-2-yl]-2-benzofuran-1,3-dione; 4,4'-(Hexafluoroisopropylidene)diphthalic anhydride",,70677,QHHKLPCQTTWFSS-UHFFFAOYSA-N,C19H6F6O6,444.2,C1=CC2=C(C=C1C(C3=CC4=C(C=C3)C(=O)OC4=O)(C(F)(F)F)C(F)(F)F)C(=O)OC2=O,confirmed_organic,organic_reagent,research,Telegram: ChemIranSanat,Iranian supplier Telegram catalogue,listed_not_current_stock_verified,https://t.me/ChemIranSanat/1848,"5-[2-(1,3-dioxo-2-benzofuran-5-yl)-1,1,1,3,3,3-hexafluoropropan-2-yl]-2-benzofuran-1,3-dione",existing skill export,verified_catalogue,2026-08-23,a655e9f25d276c49d1a9794fb699082f7cd4da9426386123d53d13ddff56305c
3-morpholin-4-ylpropane-1-sulfonic acid,3-morpholin-4-ylpropane-1-sulfonic acid,,1132-61-2,70807,DVLFYONBTKHTER-UHFFFAOYSA-N,C7H15NO4S,209.27,C1COCCN1CCCS(=O)(=O)O,confirmed_organic,,,telegram:ATRmedShop,public Telegram (seller_research),product_page_listed_not_current_stock_verified,https://t.me/ATRmedShop/650,MOPS | MOPS گرید بیولوژی مولکولی ‌‏⁧ ‌‌‏‌محصولات سیگما اصل را از ما بخواهید. 👇 واردات و فروش مواد شیمیایی سیگما 👇 ‌ ‌ ‌ ☎️ تلفن: ۰۲۱۶۶۳۶۱۵۴۳-۶۶۳۷۹۰۲۶-۰۲۱ ‌ 📱 موبایل: 09120549893 🌐 لینک محصول : https://atrmed.com/product/mops/?v=e067b3c6b979 #آثل_طب #مواد_ازمایشگاهی #مواد_شیمیایی #بیولوژی #بیولوژی_مولکولی #آنتی_بیوتیک #آنزیم,router_batch+pubchem,verified_telegram_listing,2026-08-25,73207315b0f8668f47840f6a81cad6ffdf0524f5332b0f1f0c5a6be3ffdacffd
Enrofloxacin,Enrofloxacin,,,71188,SPFYMRJSYKOXGV-UHFFFAOYSA-N,C19H22FN3O3,359.4,CCN1CCN(CC1)C2=C(C=C3C(=C2)N(C=C(C3=O)C(=O)O)C4CC4)F,confirmed_organic,pharmaceutical_or_api,,Temad,web_catalogue,listing_evidence_crawled_2026-08-23,https://www.temad.com/product/fluoxetine-hcl-veterinary/,Enrofloxacin-Veterinary,ai_resolved+pubchem,verified_web_catalogue,2026-08-23,4f085ffe32e18c5d92b19cf5fb87b623ff4784f0ff94c85a3acee60aef8feca8
"trisodium;2-hydroxypropane-1,2,3-tricarboxylate;dihydrate",Trisodium citrate dihydrate,"trisodium;2-hydroxypropane-1,2,3-tricarboxylate;dihydrate; Trisodium citrate dihydrate",6132-04-3,71474,NLJMYIDDQXHKNR-UHFFFAOYSA-K,C6H9Na3O9,294.10,C(C(=O)[O-])C(CC(=O)[O-])(C(=O)[O-])O.O.O.[Na+].[Na+].[Na+],confirmed_organic,organic_reagent,research,TamadKala; Mojallali Group; ShimiMan; telegram:ATRmedShop,Iranian online wholesale/lab shop,product_page_listed_not_current_stock_verified,https://drm-chem.com/en/product/tri-sodium-citrate-dihydrate-laboratory-en/,تری سدیم سیترات 2 آبه extra pure دکتر مجللی | ...,router_title_normalization,verified_catalogue,2026-08-23,73aec3c11d50ba55fa393309f0055e6e0cfa27efde6c671e3c77e0e0a1fcb635
Sucralose,Sucralose,,,71485,BAQAVOSOZGMPRM-QBMZZYIRSA-N,C12H19Cl3O8,397.6,C([C@@H]1[C@@H]([C@@H]([C@H]([C@H](O1)O[C@]2([C@H]([C@@H]([C@H](O2)CCl)O)O)CCl)O)O)Cl)O,confirmed_organic,supplement_active,,jahaneshimicom,telegram,listing_evidence_crawled_2026-08-23,https://t.me/jahaneshimicom/72,🟢 🟢 شرکت بازرگانی اکسیر گستر رازی وارد کننده مواد اولیه غذایی و دارویی 🟠 🟡 سوکرالوز کانبو چین بسته بندی ۱۰ کیلویی 🟡 ویتامین D3 پودری صد هزار برند fbl هند 🟡 ویتامینE50% پودری برندZmc 🟡 آسکوربیک اسید برند زیبو 🟡 کافئین آرتی هند 🟡 بتاکاروتن پودری محلول در آب ۱۰٪ برندBasf آلمان 🟡 کلا,ai_resolved+pubchem,verified_telegram_listing,2026-08-23,19f89cb2b184abc3d663154e6647dad2bbbcfe96f9f17c004bd767b5d602e198
5-bromo-2-hydroxybenzaldehyde,5-Bromosalicylaldehyde,5-bromo-2-hydroxybenzaldehyde; 5-Bromosalicylaldehyde,,72863,MKKSTJKBKNCMRV-UHFFFAOYSA-N,C7H5BrO2,201.02,C1=CC(=C(C=C1Br)C=O)O,confirmed_organic,fragrance_or_aroma,research,Telegram: ChemIranSanat,Iranian supplier Telegram catalogue,listed_not_current_stock_verified,https://t.me/ChemIranSanat/1605,5-bromo-2-hydroxybenzaldehyde,existing skill export,verified_catalogue,2026-08-23,e4f072750a024e5a56baba8c7b3c87b209241568e49fee7fdba4198238879397
"4-[3-(4-hydroxy-3-methylphenyl)-1,1-dioxo-2,1lambda6-benzoxathiol-3-yl]-2-methylphenol","4-[3-(4-hydroxy-3-methylphenyl)-1,1-dioxo-2,1lambda6-benzoxathiol-3-yl]-2-methylphenol","4-[3-(4-hydroxy-3-methylphenyl)-1,1-dioxo-2,1lambda6-benzoxathiol-3-yl]-2-methylphenol",1733-12-6,73013,OBRMNDMBJQTZHV-UHFFFAOYSA-N,C21H18O5S,382.4,CC1=C(C=CC(=C1)C2(C3=CC=CC=C3S(=O)(=O)O2)C4=CC(=C(C=C4)O)C)O,confirmed_organic,,,Mojallali Group,Iranian WooCommerce catalogue,product_page_listed_not_current_stock_verified,https://drm-chem.com/en/product/cresol-red-indicator-en/,Cresol red,cas_pubchem,verified_web_catalogue,2026-08-25,a5b11587764ed0683db5a3c3c3c9eb60348ee49dfb401aca21872cafff3c4082
m-Cresol Purple,m-cresol purple,"m-Cresol Purple; m-cresol purple; 4-[3-(4-hydroxy-2-methylphenyl)-1,1-dioxo-2,1lambda6-benzoxathiol-3-yl]-3-methylphenol",2303-01-7,73030,OLQIKGSZDTXODA-UHFFFAOYSA-N,C21H18O5S,382.4,CC1=C(C=CC(=C1)O)C2(C3=CC=CC=C3S(=O)(=O)O2)C4=C(C=C(C=C4)O)C,confirmed_organic,colorant_or_indicator,,Mojallali Group,web_catalogue,listing_evidence_crawled_2026-08-23,https://drm-chem.com/en/product/m-cresol-purple-indicator-en/,m-cresol purple,pubchem_direct,verified_web_catalogue,2026-08-23,d21fa62a3e36c8e90bd430154692f659f80caa1905b4fc605e480d787b58c779
"2-[[5-[3-[3-[[bis(carboxymethyl)amino]methyl]-4-hydroxy-5-methylphenyl]-1,1-dioxo-2,1lambda6-benzoxathiol-3-yl]-2-hydroxy-3-methylphenyl]methyl-(carboxymethyl)amino]acetic acid",Xylenol orange,"2-[[5-[3-[3-[[bis(carboxymethyl)amino]methyl]-4-hydroxy-5-methylphenyl]-1,1-dioxo-2,1lambda6-benzoxathiol-3-yl]-2-hydroxy-3-methylphenyl]methyl-(carboxymethyl)amino]acetic acid; Xylenol orange",,73041,ORZHVTYKPFFVMG-UHFFFAOYSA-N,C31H32N2O13S,672.7,CC1=CC(=CC(=C1O)CN(CC(=O)O)CC(=O)O)C2(C3=CC=CC=C3S(=O)(=O)O2)C4=CC(=C(C(=C4)C)O)CN(CC(=O)O)CC(=O)O,confirmed_organic,organic_reagent,research,TamadKala,Iranian online wholesale/lab shop,product_page_listed_not_current_stock_verified,https://tamadkala.com/product/173846/%D8%B2%D8%A7%DB%8C%D9%84%DB%8C%D9%86%D9%88%D9%84-%D8%A7%D9%88%D8%B1%D9%86%D8%AC-acs-%D8%AF%DA%A9%D8%AA%D8%B1-%D9%85%D8%AC%D9%84%D9%84%DB%8C,زایلنگزیلول قطران شیمی گرید آموزشی | زایلینول اورنج acs دکتر مجللی,router_title_normalization,verified_catalogue,2026-08-23,78bd296b48a95b71501d43e65bc05fc87350e3c8ba03344e2b9421013bea23ee
"3-aminopropane-1,2-diol","3-Amino-1,2-propanediol","3-aminopropane-1,2-diol; 3-Amino-1,2-propanediol",,73561,KQIGMPWTAHJUMN-UHFFFAOYSA-N,C3H9NO2,91.11,C(C(CO)O)N,confirmed_organic,organic_reagent,research,Telegram: minatajhiz,Iranian supplier Telegram catalogue,listed_not_current_stock_verified,https://t.me/minatajhiz/1014,"3-aminopropane-1,2-diol",existing skill export,verified_catalogue,2026-08-23,e1fc74d85c33558d63f6d89c71753b022b8c3b1660f0043b32f88e3be0f1f8d4
1-(chloromethyl)-4-ethenylbenzene,p-Vinylbenzyl chloride,1-(chloromethyl)-4-ethenylbenzene; p-Vinylbenzyl chloride,,74126,ZRZHXNCATOYMJH-UHFFFAOYSA-N,C9H9Cl,152.62,C=CC1=CC=C(C=C1)CCl,confirmed_organic,organic_reagent,research,Telegram: minatajhiz,Iranian supplier Telegram catalogue,listed_not_current_stock_verified,https://t.me/minatajhiz/713,1-(chloromethyl)-4-ethenylbenzene,existing skill export,verified_catalogue,2026-08-23,94c8a92cbb367403d02c8393dd1329e87de09134e87cb9f12529b882810dda86
"4,4'-Oxybis(benzoic acid)","4,4'-Oxybis(benzoic acid)",,,75183,WVDRSXGPQWNUBN-UHFFFAOYSA-N,C14H10O5,258.23,C1=CC(=CC=C1C(=O)O)OC2=CC=C(C=C2)C(=O)O,confirmed_organic,organic_reagent,,ChemIranSanat,telegram,listing_evidence_crawled_2026-08-23,https://t.me/ChemIranSanat/1820,"022353 Exir 4,4'-Oxybis(benzoic acid) 25g 🔜 موجود و آماده تحویل ✅ شیمیران صنعت فقط اصلی ♾ موجودی و تنوع بی نظیر از برندهای معتبر 📱 سفارش کالا 👇 🆔 @ChemIranAdmin 🆔 @ChemIran1",ai_resolved+pubchem,verified_telegram_listing,2026-08-23,bb381d472db6e94d47d3946e70b5c4c5fe9840047089fa30ae5205c883910e59
2-(dimethylamino)acetic acid;hydrochloride,2-(dimethylamino)acetic acid;hydrochloride,,2491-06-7,75605,FKASAVXZZLJTNX-UHFFFAOYSA-N,C4H10ClNO2,139.58,CN(C)CC(=O)O.Cl,confirmed_organic,,,telegram:ATRmedShop,public Telegram (seller_research),product_page_listed_not_current_stock_verified,https://t.me/ATRmedShop/762,"N,N-dimethylglycine hydrochloride | ان ان دی متیل گلایسین هیدروکلراید ان ان دی متیل گلایسین هیدروکلراید (DMG) یا ان ان دی متیل آمینو استیک اسید هیدروکلراید یک گلایسین N-متیله طبیعی است که در آنالیز مقایسه‌ای با سایر گلایسین‌های N-متیله مانند سارکوزین و βine استفاده می‌شود. N,N-Dimethylglycine در... قیمت و خرید ان ان دی متیل گلایسین هیدروکلراید برای مشاهده قیمت آنلاین و خرید اینترنتی ان ان دی متیل آمینو استیک اسید هیدروکلراید از... برای ادامه مطلب، مشاهده قیمت آنلاین و خرید اینترنتیان ان دی متیل",router_batch+pubchem,verified_telegram_listing,2026-08-25,df5e7e88cd890d9df337f0bbf22730450267367cfc405bbe63d07011227d35cf
triethoxy(octyl)silane,Octyltriethoxysilane,triethoxy(octyl)silane; Octyltriethoxysilane,2943-75-1,76262,MSRJTTSHWYDFIU-UHFFFAOYSA-N,C14H32O3Si,276.49,CCCCCCCC[Si](OCC)(OCC)OCC,confirmed_organic,organic_reagent,research,Telegram: minatajhiz,Iranian supplier Telegram catalogue,listed_not_current_stock_verified,https://t.me/minatajhiz/791,triethoxy(octyl)silane,existing skill export,verified_catalogue,2026-08-23,f059328ef4a0556ed0d509b84a95136ac0d8c570caafecdc281737c186c2991b
2-[(1-amino-1-imino-2-methylpropan-2-yl)diazenyl]-2-methylpropanimidamide;dihydrochloride,"2,2'-Azobis(2-methylpropanimidamide) dihydrochloride","2-[(1-amino-1-imino-2-methylpropan-2-yl)diazenyl]-2-methylpropanimidamide;dihydrochloride; 2,2'-Azobis(2-methylpropanimidamide) dihydrochloride; AAPH",2997-92-4,76344,LXEKPEMOWBOYRF-UHFFFAOYSA-N,C8H20Cl2N6,271.19,CC(C)(C(=N)N)N=NC(C)(C)C(=N)N.Cl.Cl,confirmed_organic,organic_reagent,,telegram:minatajhiz,Iranian supplier Telegram catalogue,listing_evidence_crawled_2026-08-24,https://t.me/minatajhiz/776,AAPH      Ex 💫 واردات جدید,ai_normalised_listing+pubchem_confirmed,verified_telegram_listing,2020-12-06,6423d31803e625d909446d0c7b72d56133c5ece7bb4d281a6610df6e28a8e747
"benzoic acid;N,N-dimethyl-2-[5-(1,2,4-triazol-1-ylmethyl)-1H-indol-3-yl]ethanamine",Rizatriptan Benzoate,"benzoic acid;N,N-dimethyl-2-[5-(1,2,4-triazol-1-ylmethyl)-1H-indol-3-yl]ethanamine; Rizatriptan Benzoate",,77997,JPRXYLQNJJVCMZ-UHFFFAOYSA-N,C22H25N5O2,391.5,CN(C)CCC1=CNC2=C1C=C(C=C2)CN3C=NC=N3.C1=CC=C(C=C1)C(=O)O,confirmed_organic,pharmaceutical_or_api,research,BehChin Chemi Pharmed,Iranian supplier API/intermediate catalogue,supplier_catalogue_listed_not_current_stock_verified,https://www.behchinchemi.ir/en/our-products/active-pharmaceutical-ingredient,Rizatriptan Benzoate,supplier_table,verified_catalogue,2026-08-23,7da051578bf4aef8a1f9bbe501bca3003c825e7cb40644593e8274fffe8e7d10
"2-[[1,3-dihydroxy-2-(hydroxymethyl)propan-2-yl]amino]acetic acid",Tricine,"2-[[1,3-dihydroxy-2-(hydroxymethyl)propan-2-yl]amino]acetic acid; Tricine",5704-04-1,79784,SEQKRHFRPICQDD-UHFFFAOYSA-N,C6H13NO5,179.17,C(C(=O)O)NC(CO)(CO)CO,confirmed_organic,organic_reagent,,telegram:ChemIranSanat; telegram:ATRmedShop,Iranian supplier Telegram catalogue,listing_evidence_crawled_2026-08-24,https://t.me/ChemIranSanat/39,Tricine | تریسین ‌‏⁧ ‌‌‏‌محصولات سیگما اصل را از ما بخواهید. 👇 واردات و فروش مواد شیمیایی سیگما 👇 ‌ ‌ ‌ ☎️ تلفن: ۰۲۱۶۶۳۶۱۵۴۳-۶۶۳۷۹۰۲۶-۰۲۱ ‌ 📱 موبایل: 09120549893 🌐 لینک محصول : https://atrmed.com/product/tricine/?v=e067b3c6b979 #آثل_طب #مواد_ازمایشگاهی #مواد_شیمیایی #بیولوژی #بیولوژی_مولکولی #آنتی_بیوتیک #آنزیم #تریسین,ai_normalised_listing+pubchem_confirmed,verified_telegram_listing,2017-05-23,be9f0101aac35f76fbbe0c8678a3695213b384089cedddc80e6a61876962e9ad
"4-N,4-N-diethylbenzene-1,4-diamine;sulfuric acid","4-N,4-N-diethylbenzene-1,4-diamine;sulfuric acid","4-N,4-N-diethylbenzene-1,4-diamine;sulfuric acid",6283-63-2,80166,AYLDJQABCMPYEN-UHFFFAOYSA-N,C10H18N2O4S,262.33,CCN(CC)C1=CC=C(C=C1)N.OS(=O)(=O)O,confirmed_organic,,,Mojallali Group,Iranian WooCommerce catalogue,product_page_listed_not_current_stock_verified,https://drm-chem.com/en/product/dpd-sulfate-lab-en/,DPD sulfate,cas_pubchem,verified_web_catalogue,2026-08-25,04e26ec451150ec0c3c5e0c19d2f0451bd8df20fac9560746eb2280fe69b2678
"1-hydroxypyrrolidine-2,5-dione",N-Hydroxysuccinimide,"1-hydroxypyrrolidine-2,5-dione; N-Hydroxysuccinimide",6066-82-6,80170,NQTADLQHYWFPDB-UHFFFAOYSA-N,C4H5NO3,115.09,C1CC(=O)N(C1=O)O,confirmed_organic,organic_reagent,research,Telegram: ChemIranSanat,Iranian supplier Telegram catalogue,listed_not_current_stock_verified,https://t.me/ChemIranSanat/1991,"1-hydroxypyrrolidine-2,5-dione",existing skill export,verified_catalogue,2026-08-23,4d120f78b335a9a160768329b7be42378a74c32aaea49644ec78453174b1b2d3
bis(4-anilinobenzenesulfonate);barium(2+),bis(4-anilinobenzenesulfonate);barium(2+),bis(4-anilinobenzenesulfonate);barium(2+),6211-24-1,80342,IVCNVXFNTKXMCA-UHFFFAOYSA-L,C24H20BaN2O6S2,633.9,C1=CC=C(C=C1)NC2=CC=C(C=C2)S(=O)(=O)[O-].C1=CC=C(C=C1)NC2=CC=C(C=C2)S(=O)(=O)[O-].[Ba+2],confirmed_organic,,,Mojallali Group,Iranian WooCommerce catalogue,product_page_listed_not_current_stock_verified,https://drm-chem.com/en/product/barium-diphenylamine-sulfonate-2/,Barium diphenylamine sulfonate,cas_pubchem,verified_web_catalogue,2026-08-25,62dd71b4a707e564229b63a9920149564255dad6a81edde88a90b009ac7aeda9
4-chloro-2-phenylquinazoline,4-Chloro-2-phenylquinazoline,4-chloro-2-phenylquinazoline; 4-Chloro-2-phenylquinazoline,,80977,OBHKONRNYCDRKM-UHFFFAOYSA-N,C14H9ClN2,240.69,C1=CC=C(C=C1)C2=NC3=CC=CC=C3C(=N2)Cl,confirmed_organic,organic_reagent,research,Telegram: ChemIranSanat,Iranian supplier Telegram catalogue,listed_not_current_stock_verified,https://t.me/ChemIranSanat/1917,4-chloro-2-phenylquinazoline,existing skill export,verified_catalogue,2026-08-23,babf8b84fba071cbd314d37b0d4a616a06f26bf1f00f6261fd418ca3d7c02b85
"6-amino-1,3-dimethylpyrimidine-2,4-dione","6-Amino-1,3-dimethyluracil",,,81152,VFGRNTYELNYSKJ-UHFFFAOYSA-N,C6H9N3O2,155.15,CN1C(=CC(=O)N(C1=O)C)N,confirmed_organic,organic_reagent,,telegram:minatajhiz,Iranian supplier Telegram catalogue,listing_evidence_crawled_2026-08-24,https://t.me/minatajhiz/117,,ai_normalised_listing+pubchem_confirmed,verified_telegram_listing,2017-10-09,d8c8371e6221ddcca7fd32d3f83309c393e38ddcf6ed518a118c138f943a5462
"2,3,4,6,7,8,9,10-octahydropyrimido[1,2-a]azepine","1,8-Diazabicyclo(5.4.0)undec-7-ene","2,3,4,6,7,8,9,10-octahydropyrimido[1,2-a]azepine; 1,8-Diazabicyclo(5.4.0)undec-7-ene",,81184,GQHTUMJGOHRCHB-UHFFFAOYSA-N,C9H16N2,152.24,C1CCC2=NCCCN2CC1,confirmed_organic,organic_reagent,research,Telegram: minatajhiz,Iranian supplier Telegram catalogue,listed_not_current_stock_verified,https://t.me/minatajhiz/1010,"2,3,4,6,7,8,9,10-octahydropyrimido[1,2-a]azepine",existing skill export,verified_catalogue,2026-08-23,9fe1e9e682f43e23a0e01b9e005324e06797ac24b2c4bc13041123245f1e85fe
2-[2-[2-[2-[2-[2-[2-[2-[2-[2-(2-hydroxyethoxy)ethoxy]ethoxy]ethoxy]ethoxy]ethoxy]ethoxy]ethoxy]ethoxy]ethoxy]ethanol,PEG12,2-[2-[2-[2-[2-[2-[2-[2-[2-[2-(2-hydroxyethoxy)ethoxy]ethoxy]ethoxy]ethoxy]ethoxy]ethoxy]ethoxy]ethoxy]ethoxy]ethanol; PEG12,,81260,PSVXZQVXSXSQRO-UHFFFAOYSA-N,C22H46O12,502.6,C(COCCOCCOCCOCCOCCOCCOCCOCCOCCOCCO)O,confirmed_organic,,,IR Chem / Pishgaman,Iranian WooCommerce catalogue,product_page_listed_not_current_stock_verified,https://irchem.ir/dimeticon-peg12/,دایمتیکون PEG12,structured_pubchem,verified_web_catalogue,2026-08-25,dd75b7375e967974ff0d55f3801113903bb97fbc2b40a2a35c9f7635e89ad2a7
ethyl 2-cyanoprop-2-enoate,Ethyl 2-cyanoacrylate,ethyl 2-cyanoprop-2-enoate; Ethyl 2-cyanoacrylate,7085-85-0,81530,FGBJXOREULPLGL-UHFFFAOYSA-N,C6H7NO2,125.13,CCOC(=O)C(=C)C#N,confirmed_organic,organic_reagent,,TamadKala,Iranian online wholesale/lab shop,product_page_listed_not_current_stock_verified,https://tamadkala.com/product/101080/%D8%A7%D8%AA%DB%8C%D9%84-2-%D8%B3%DB%8C%D8%A7%D9%86%D9%88%D8%A7%DA%A9%D8%B1%DB%8C%D9%84%D8%A7%D8%AA-%D8%B3%DB%8C%DA%AF%D9%85%D8%A7,اتیل 2 سیانواکریلات سیگما,router_title_normalization,verified_catalogue,2026-08-23,cd745cdf50ac913578edb7d3bcca98fc7f9d0cb6acfdeb8745a2a7dab7ff17bc
ethyl 4-methyl-3-oxopentanoate,Ethyl isobutyrylacetate,ethyl 4-methyl-3-oxopentanoate; Ethyl isobutyrylacetate,7152-15-0,81583,XCLDSQRVMMXWMS-UHFFFAOYSA-N,C8H14O3,158.19,CCOC(=O)CC(=O)C(C)C,confirmed_organic,organic_reagent,research,Telegram: ChemIranSanat,Iranian supplier Telegram catalogue,listed_not_current_stock_verified,https://t.me/ChemIranSanat/1729,ethyl 4-methyl-3-oxopentanoate,existing skill export,verified_catalogue,2026-08-23,a8968464224ca80fc5af38989f1b57242c1b2ea943d591ac1232b957903482dc
2-[4-(carboxymethyl)phenyl]acetic acid,p-Phenylenediacetic acid,,,81760,SLWIPPZWFZGHEU-UHFFFAOYSA-N,C10H10O4,194.18,C1=CC(=CC=C1CC(=O)O)CC(=O)O,confirmed_organic,organic_reagent,,telegram:ChemIranSanat,Iranian supplier Telegram catalogue,listing_evidence_crawled_2026-08-24,https://t.me/ChemIranSanat/1805,,ai_normalised_listing+pubchem_confirmed,verified_telegram_listing,2019-09-07,48a37111d8471c6a08c7c7f65fd9188fa774b12d23ac4e16e3c0a948fa9fa827
methyl 4-carbonochloridoylbenzoate,Methyl 4-(chlorocarbonyl)benzoate,methyl 4-carbonochloridoylbenzoate; Methyl 4-(chlorocarbonyl)benzoate,7377-26-6,81850,CVXXHXPNTZBZEL-UHFFFAOYSA-N,C9H7ClO3,198.6,COC(=O)C1=CC=C(C=C1)C(=O)Cl,confirmed_organic,organic_reagent,industrial,Telegram: ChemIranSanat,Iranian supplier Telegram catalogue,listed_not_current_stock_verified,,methyl 4-carbonochloridoylbenzoate,existing skill export,verified_catalogue,2026-08-23,f2ad98bee40650c57723ef5ef1cfb6c1875b8cd25cc69d4099de126571695112
"4-[[3-[(2,4-diaminophenyl)diazenyl]phenyl]diazenyl]benzene-1,3-diamine;dihydrochloride","4-[[3-[(2,4-diaminophenyl)diazenyl]phenyl]diazenyl]benzene-1,3-diamine;dihydrochloride","4-[[3-[(2,4-diaminophenyl)diazenyl]phenyl]diazenyl]benzene-1,3-diamine;dihydrochloride",10114-58-6,82360,MCZVRBLCRZWFJH-UHFFFAOYSA-N,C18H20Cl2N8,419.3,C1=CC(=CC(=C1)N=NC2=C(C=C(C=C2)N)N)N=NC3=C(C=C(C=C3)N)N.Cl.Cl,confirmed_organic,,,Mojallali Group,Iranian WooCommerce catalogue,product_page_listed_not_current_stock_verified,https://drm-chem.com/en/product/bismarck-brown-y-en/,Bismarck Brown Y,cas_pubchem,verified_web_catalogue,2026-08-25,ab7a6cdca48cc0931a27b24593e09561e1123facdaa58beae2c26a60f133b188
Tetramethylammonium Hydroxide Pentahydrate,Tetramethylammonium Hydroxide Pentahydrate,Tetramethylammonium Hydroxide Pentahydrate; tetramethylazanium;hydroxide;pentahydrate,10424-65-4,82620,MYXKPFMQWULLOH-UHFFFAOYSA-M,C4H23NO6,181.23,C[N+](C)(C)C.O.O.O.O.O.[OH-],confirmed_organic,organic_reagent,research,telegram:ChemIranSanat,telegram:ChemIranSanat,telegram_listing_evidence,https://t.me/ChemIranSanat/1961,013978 Exir Tetramethylammonium hydroxide pentahydrate 100g 🔜 موجود و آماده تحویل ✅ شیمیران صنعت فقط اصلی ♾ موجودی و تنوع بی نظیر از برندهای معتبر 📦 ارسال رایگان 📱 سفارش کالا 👇 📞 0938-648-9001 🆔 @ChemIranAdmin 🆔 @ChemIran1,structured_pubchem,verified_telegram_listing,2026-08-23,b8cb579f797f121bd8537f377bd4a549a8f5660e87d5725495ddedc10f63e528
3-trimethoxysilylpropan-1-amine,Aminopropyltrimethoxysilane,,,83756,SJECZPVISLOESU-UHFFFAOYSA-N,C6H17NO3Si,179.29,CO[Si](CCCN)(OC)OC,confirmed_organic,organic_reagent,,telegram:minatajhiz,Iranian supplier Telegram catalogue,listing_evidence_crawled_2026-08-24,https://t.me/minatajhiz/10,,ai_normalised_listing+pubchem_confirmed,verified_telegram_listing,2016-04-30,df0a23a520854649b5dbc2631e0f763e95ff32c11527d19d263ec18ddba34200
aminomethanesulfonic acid,aminomethanesulfonic acid,,13881-91-9,83791,OBESRABRARNZJB-UHFFFAOYSA-N,CH5NO3S,111.12,C(N)S(=O)(=O)O,confirmed_organic,,,telegram:ATRmedShop,public Telegram (seller_research),product_page_listed_not_current_stock_verified,https://t.me/ATRmedShop/445,Aminomethanesulfonic acid | آمینومتان‌ سولفونیک اسید آمینومتان‌ سولفونیک اسید یک ترکیب شیمیایی با فرمول  CH5NO3Sمی باشد و به صورت پودرکریستالی جامد است. آمینومتان‌ سولفونیک اسید دارای... برای ادامه مطالب، مشاهده و خرید آنلاین این محصول به لینک زیر مراجعه فرمایید: https://atrmedshop.com/product/aminomotan-sulfonyic-acid/ #اگزالیک_اسید #اسیداگزالیک #ماتان‌دیوئیک_اسیدد‌هیدرات #سیگما #موادشیمیایی_سیگما #فروشگاهATR_MRD #Oxalic_acid #Sigma,router_batch+pubchem,verified_telegram_listing,2026-08-25,78d08088fcdaa85d665cf15820fe608f65a9c3dea810584cd74e4976c6551c1b
Ketorolac Tromethamine,Ketorolac Tromethamine,"Ketorolac Tromethamine; 2-amino-2-(hydroxymethyl)propane-1,3-diol;5-benzoyl-2,3-dihydro-1H-pyrrolizine-1-carboxylic acid",,84003,BWHLPLXXIDYSNW-UHFFFAOYSA-N,C19H24N2O6,376.4,C1CN2C(=CC=C2C(=O)C3=CC=CC=C3)C1C(=O)O.C(C(CO)(CO)N)O,confirmed_organic,pharmaceutical_or_api,,Temad,web_catalogue,listing_evidence_crawled_2026-08-23,https://www.temad.com/product/prazosin-hcl/,Ketorolac Tromethamine,pubchem_direct,verified_web_catalogue,2026-08-23,281b6c7afc08806c3bb4583007e4a1a6433d72ca30587665a439edc950da0297
"(3R,4S,5S,6R,7R,9R,11R,12R,13S,14R)-6-[(2S,3R,4S,6R)-4-(dimethylamino)-3-hydroxy-6-methyloxan-2-yl]oxy-14-ethyl-12,13-dihydroxy-4-[(2R,4R,5S,6S)-5-hydroxy-4-methoxy-4,6-dimethyloxan-2-yl]oxy-7-methoxy-3,5,7,9,11,13-hexamethyl-oxacyclotetradecane-2,10-dione",clarithromycin,"(3R,4S,5S,6R,7R,9R,11R,12R,13S,14R)-6-[(2S,3R,4S,6R)-4-(dimethylamino)-3-hydroxy-6-methyloxan-2-yl]oxy-14-ethyl-12,13-dihydroxy-4-[(2R,4R,5S,6S)-5-hydroxy-4-methoxy-4,6-dimethyloxan-2-yl]oxy-7-methoxy-3,5,7,9,11,13-hexamethyl-oxacyclotetradecane-2,10-dione; clarithromycin; Clarithromycin",,84029,AGOYDEPGAOXOCK-KCBOHYOISA-N,C38H69NO13,748.0,CC[C@@H]1[C@@]([C@@H]([C@H](C(=O)[C@@H](C[C@@]([C@@H]([C@H]([C@@H]([C@H](C(=O)O1)C)O[C@H]2C[C@@]([C@H]([C@@H](O2)C)O)(C)OC)C)O[C@H]3[C@@H]([C@H](C[C@H](O3)C)N(C)C)O)(C)OC)C)C)O)(C)O,confirmed_organic,pharmaceutical_or_api,,Rooz Darou; Temad,Iranian pharmaceutical product catalogue,product_page_listed_not_current_stock_verified,http://rouzdarou.com/products/%D9%82%D8%B1%D8%B5-%DA%A9%D9%84%D8%A7%D8%B1%DB%8C%D8%AA%D8%B1%D9%88%D9%85%D8%A7%DB%8C%D8%B3%DB%8C%D9%86-500,قرص کلاریترومایسین 500,PubChem name validation from supplier product title,verified_catalogue,2026-08-23,7b21c552830a3eff3278991e07850eaf0cca32544c68fca41ddbbe7c3c6c375f
Syringaldazine,Syringaldazine,,,84422,YARKTHNUMGKMGS-UHFFFAOYSA-N,C18H20N2O6,360.4,COC1=CC(=CC(=C1O)OC)C=NN=CC2=CC(=C(C(=C2)OC)O)OC,confirmed_organic,organic_reagent,,minatajhiz,telegram,listing_evidence_crawled_2026-08-23,https://t.me/minatajhiz/40,Syringaldazine-500mg-sigma aldrich-290000واردات جدید-تومان,ai_resolved+pubchem,verified_telegram_listing,2026-08-23,ec1ce3fa1126937297076b27d0d604504ded8e76c7c993edd988b33015ea2cae
hexadecyl(trimethoxy)silane,Cetyl trimethoxysilane,hexadecyl(trimethoxy)silane; Cetyl trimethoxysilane,,85406,RSKGMYDENCAJEN-UHFFFAOYSA-N,C19H42O3Si,346.6,CCCCCCCCCCCCCCCC[Si](OC)(OC)OC,confirmed_organic,organic_reagent,research,Telegram: minatajhiz,Iranian supplier Telegram catalogue,listed_not_current_stock_verified,https://t.me/minatajhiz/646,hexadecyl(trimethoxy)silane,existing skill export,verified_catalogue,2026-08-23,5f6575c893d0c3c8ac8ce4b29924fd6f63c5817686e5bc915bf8f49c49893322
3-[(2S)-1-methylpyrrolidin-2-yl]pyridine,Nicotine,,54-11-5,89594,SNICXCGAKADSCV-JTQLQIEISA-N,C10H14N2,162.23,CN1CCC[C@H]1C2=CN=CC=C2,confirmed_organic,secondary_metabolite_or_natural_product,,telegram:chemgroup,Iranian supplier Telegram catalogue,listing_evidence_crawled_2026-08-24,https://t.me/chemgroup/502,,ai_normalised_listing+pubchem_confirmed,verified_telegram_listing,2015-12-27,56b961348bea84b411f5dbd5754075cfd1995268fa650e46fb234adc2f91024d
"5-cyanobenzene-1,3-dicarboxylic acid",5-Cyanoisophthalic acid,,,90070,YKADUTAIRWMMFI-UHFFFAOYSA-N,C9H5NO4,191.14,C1=C(C=C(C=C1C(=O)O)C(=O)O)C#N,confirmed_organic,organic_reagent,,telegram:ChemIranSanat,Iranian supplier Telegram catalogue,listing_evidence_crawled_2026-08-24,https://t.me/ChemIranSanat/1774,,ai_normalised_listing+pubchem_confirmed,verified_telegram_listing,2019-08-17,1c2326fc47b619719ec5ec8bbd7cc88d1c1b81cd6a31d8c4b44dd84cd5356d7e
"(S)-[(2R,4S,5R)-5-ethenyl-1-azabicyclo[2.2.2]octan-2-yl]-quinolin-4-ylmethanol",Cinchonine,,118-10-5,90454,KMPWYEUPVWOPIM-QAMTZSDWSA-N,C19H22N2O,294.4,C=C[C@H]1CN2CC[C@H]1C[C@@H]2[C@H](C3=CC=NC4=CC=CC=C34)O,confirmed_organic,secondary_metabolite_or_natural_product,,telegram:minatajhiz,Iranian supplier Telegram catalogue,listing_evidence_crawled_2026-08-24,https://t.me/minatajhiz/1015,,ai_normalised_listing+pubchem_confirmed,verified_telegram_listing,2023-04-29,b47bebcc2597a7b2deb0d6e1e868f9f66fa2afb1345d71f436ca79199cc8b072
(3R)-3-hydroxybutanoic acid,bhib,(3R)-3-hydroxybutanoic acid; bhib,,92135,WHBMMWSBFZVSSR-GSVOUGTGSA-N,C4H8O3,104.1,CC(CC(=O)O)O,confirmed_organic,,,TamadKala,Iranian online wholesale/lab shop,product_page_listed_not_current_stock_verified,https://tamadkala.com/product/22515/محیط-کشت-عصاره-قلب-مغز-براثbhib,محیط کشت عصاره قلب مغز براثbhib,structured_pubchem,verified_web_catalogue,2026-08-25,3eb767ff0baf614c9a4aa2f9630e6888f786f3999100a529b7659cce2253b80e
(-)-Zingiberene,zingiberene,,,92776,KKOXKGNSUHTUBV-LSDHHAIUSA-N,C15H24,204.35,CC1=CC[C@@H](C=C1)[C@@H](C)CCC=C(C)C,confirmed_organic,fragrance_or_aroma,,ChemIranSanat,telegram,listing_evidence_crawled_2026-08-23,https://t.me/ChemIranSanat/973,شیمی زنجبیل ترکیب zingibirene یک نوع روغن و عامل اصلی بوی زنجبیل است. اکثر مواد موجود در زنجبیل برای سلامتی انسان بسیار سودمند هستند. 🆔 @ChemIran1,ai_resolved+pubchem,verified_telegram_listing,2026-08-23,ef91bc983cd9cd2570884b6b67acbc411031ab4b89f8b48f916857a595bd6c2e
"butane-1,4-diol;dimethyl benzene-1,4-dicarboxylate","Butane-1,4-diol; dimethyl benzene-1,4-dicarboxylate",,,93143,DHQLHXKTPYFDCS-UHFFFAOYSA-N,C14H20O6,284.30,COC(=O)C1=CC=C(C=C1)C(=O)OC.C(CCO)CO,confirmed_organic,organic_reagent,,telegram:chemgroup,Iranian supplier Telegram catalogue,listing_evidence_crawled_2026-08-24,https://t.me/chemgroup/904,,ai_normalised_listing+pubchem_confirmed,verified_telegram_listing,2016-01-12,db4d609945ee3791bea9dc43d7f4392d1b19ee1932da1f28ba0eba47ae8bee74
Tromethamine hydrochloride,tris(hydroxymethyl)aminomethane hydrochloride,"Tromethamine hydrochloride; tris(hydroxymethyl)aminomethane hydrochloride; 2-amino-2-(hydroxymethyl)propane-1,3-diol;hydrochloride",1185-53-1,93573,QKNYBSVHEMOAJP-UHFFFAOYSA-N,C4H12ClNO3,157.59,C(C(CO)(CO)N)O.Cl,confirmed_organic,organic_reagent,,Mojallali Group,web_catalogue,listing_evidence_crawled_2026-08-23,https://drm-chem.com/en/product/tris-hydrochloride-en/,Tris hydrochloride,ai_resolved+pubchem,verified_web_catalogue,2026-08-23,4792c6324b4b226669b1b2072bb48dd052da730f288b4bda4575ff088ee2f87b
Triphosgene,Triphosgene,Triphosgene; bis(trichloromethyl) carbonate; Bis(trichloromethyl) carbonate,,94429,UCPYLLCMEDAXFR-UHFFFAOYSA-N,C3Cl6O3,296.7,C(=O)(OC(Cl)(Cl)Cl)OC(Cl)(Cl)Cl,confirmed_organic,organic_reagent,research,telegram:minatajhiz,telegram:minatajhiz,telegram_listing_evidence,https://t.me/minatajhiz/997,نام فارسی: بیس (تری کلرو متیل )کربنات نام ماده: Bis(trichloromethyl) carbonate کد محصول مرک: 814283 شرکت مینا تجهیزآریا وارد کننده مواد شیمیایی و آزمایشگاهی برند مرک و سیگما آلدریچ,structured_pubchem,verified_telegram_listing,2026-08-23,2b646ff7eb95516137789ed64ac2f012589551bb5b2e5e960378f6638246f519
Magnesium bicarbonate,Magnesium bicarbonate,,,102204,QWDJLDTYWNBUKE-UHFFFAOYSA-L,C2H2MgO6,146.34,C(=O)(O)[O-].C(=O)(O)[O-].[Mg+2],confirmed_organic,organic_reagent,,Fardad Shimi,web_catalogue,listing_evidence_crawled_2026-08-23,https://fardadshimi.com/product/6227873/,6227873,ai_resolved+pubchem,verified_web_catalogue,2026-08-23,b070b6ae394be0bb2ab7620e754d052a21128a419c24e3d58e1ecbcf75488078
ethyl 3-[acetyl(butyl)amino]propanoate,Ethyl butylacetylaminopropionate,ethyl 3-[acetyl(butyl)amino]propanoate; Ethyl butylacetylaminopropionate; ir3535,52304-36-6,104150,VZRKEAFHFMSHCD-UHFFFAOYSA-N,C11H21NO3,215.29,CCCCN(CCC(=O)OCC)C(=O)C,confirmed_organic,pharmaceutical_or_api,,TamadKala,Iranian online wholesale/lab shop,product_page_listed_not_current_stock_verified,https://tamadkala.com/product/163126/%D8%A7%D8%AA%DB%8C%D9%84-%D8%A8%D9%88%D8%AA%DB%8C%D9%84-%D8%A7%D8%B3%D8%AA%DB%8C%D9%84-%D8%A2%D9%85%DB%8C%D9%86%D9%88-%D9%BE%D8%B1%D9%88%D9%BE%DB%8C%D9%88%D9%86%D8%A7%D8%AA-ir3535-%D8%A8%D8%B1,اتیل بوتیل استیل آمینو پروپیونات ir3535 بر,router_title_normalization,verified_catalogue,2026-08-23,7334e4985f60acff186effa260da8ada7ffefc545d3471e6273c294609b9644d
"(2R,3R,4S,5R,6S)-2-(hydroxymethyl)-6-[(2R,3S,4R,5R,6S)-4,5,6-trihydroxy-2-(hydroxymethyl)oxan-3-yl]oxyoxane-3,4,5-triol;hydrate",Lactose monohydrate,"(2R,3R,4S,5R,6S)-2-(hydroxymethyl)-6-[(2R,3S,4R,5R,6S)-4,5,6-trihydroxy-2-(hydroxymethyl)oxan-3-yl]oxyoxane-3,4,5-triol;hydrate; Lactose monohydrate",64044-51-5,104938,WSVLPVUVIUVCRA-KPKNDVKVSA-N,C12H24O12,360.31,C([C@@H]1[C@@H]([C@@H]([C@H]([C@@H](O1)O[C@@H]2[C@H](O[C@@H]([C@@H]([C@H]2O)O)O)CO)O)O)O)O.O,confirmed_organic,organic_reagent,research,TamadKala,Iranian online wholesale/lab shop,product_page_listed_not_current_stock_verified,https://tamadkala.com/product/173201/%D9%84%D8%A7%DA%A9%D8%AA%D9%88%D8%B2-1-%D8%A2%D8%A8%D9%87-lab-%D8%AF%DA%A9%D8%AA%D8%B1-%D9%85%D8%AC%D9%84%D9%84%DB%8C,لاکتوز 1 آبه lab دکتر مجللی,router_title_normalization,verified_catalogue,2026-08-23,b51f4ec4415cbc81006dbee61e9f2a3120b0a64b48751d9de1a52f1fb5d6d331
"3-(3,8-diamino-6-phenylphenanthridin-5-ium-5-yl)propyl-diethyl-methylazanium diiodide",Propidium Iodide,"3-(3,8-diamino-6-phenylphenanthridin-5-ium-5-yl)propyl-diethyl-methylazanium diiodide; Propidium Iodide",25535-16-4,104981,XJMOSONTPMZWPB-UHFFFAOYSA-M,C27H34I2N4,668.4,CC[N+](C)(CC)CCC[N+]1=C2C=C(C=CC2=C3C=CC(=CC3=C1C4=CC=CC=C4)N)N.[I-].[I-],confirmed_organic,organic_reagent,research,Telegram: ChemIranSanat; telegram:ATRmedShop,Iranian supplier Telegram catalogue,listed_not_current_stock_verified,https://t.me/ChemIranSanat/281,"3-(3,8-diamino-6-phenylphenanthridin-5-ium-5-yl)propyl-diethyl-methylazanium diiodide",existing skill export,verified_catalogue,2026-08-23,b83870759850addc873771061f951c3da661a5beb1c9e8b1acfdd6696adeb4e6
(2S)-2-hydroxypropanoic acid,(2S)-2-hydroxypropanoic acid,,79-33-4,107689,JVTAAEKCZFNVCJ-REOHCLBHSA-N,C3H6O3,90.08,CC(C(=O)O)O,confirmed_organic,,,telegram:ATRmedShop,public Telegram (seller_research),product_page_listed_not_current_stock_verified,https://t.me/ATRmedShop/399,(S)-lactic acid | (S)-لاکتیک اسید 90 درصد (S)-لاکتیک اسید 90 درصد یک اسید آلی است که دارای فرمول شیمیایی CH3CH(OH)COOH می باشد. در حالت جامد سفید است و در حالی که در... هیدریودیک اسید 67 درصد هیدریودیک اسید یک محلول مایع بسیار اسیدی از یدید هیدروژن است. اسید هیدریودیک یک اسید قوی است که از ... برای ادامه مطالب، مشاهده و خرید آنلاین این محصول به لینک زیر مراجعه فرمایید: https://atrmedshop.com/product/s-90-lactic-acid/ تلفن: ۰۲۱۶۶۳۶۱۵۴۳-۶۶۳۷۹۰۲۶-۰۲۱ : ☎ موبایل:۰۹۱۲۰۵۴۹۸۹۳ 📱 آدرس سایت: ‎ atrmedshop,router_batch+pubchem,verified_telegram_listing,2026-08-25,089a93fc8a638886d95c7fa256292bf33b90096a1b8a4b706c05acc64ee7e96d
"(2R,8R)-2-(1,3-benzodioxol-5-yl)-6-methyl-3,6,17-triazatetracyclo[8.7.0.03,8.011,16]heptadeca-1(10),11,13,15-tetraene-4,7-dione",tadalafil,"(2R,8R)-2-(1,3-benzodioxol-5-yl)-6-methyl-3,6,17-triazatetracyclo[8.7.0.03,8.011,16]heptadeca-1(10),11,13,15-tetraene-4,7-dione; tadalafil",,110635,WOXKDUGGOYFFRN-IIBYNOLFSA-N,C22H19N3O4,389.4,CN1CC(=O)N2[C@@H](C1=O)CC3=C([C@H]2C4=CC5=C(C=C4)OCO5)NC6=CC=CC=C36,confirmed_organic,pharmaceutical_or_api,,Rooz Darou,Iranian pharmaceutical product catalogue,product_page_listed_not_current_stock_verified,http://rouzdarou.com/products/%D9%82%D8%B1%D8%B5-%D8%AA%D8%A7%D8%AF%D8%A7%D9%84%D8%A7%D9%81%DB%8C%D9%84-20-%D8%AA%D8%A7%D8%AF%D8%A7%D8%B1%DA%A9%D8%AA%DB%8C%D9%84,قرص تادالافیل 20 ( تادارکتیل ),PubChem name validation from supplier product title,verified_catalogue,2026-08-23,7c2f7d94058bedf0ac5600932e632f3524d8b68c200b566635c8275d3bcc4c0a
"trisodium;3-hydroxy-4-[(2-hydroxy-4-sulfonatonaphthalen-1-yl)diazenyl]naphthalene-2,7-disulfonate",Hydroxy Naphthol Blue,"trisodium;3-hydroxy-4-[(2-hydroxy-4-sulfonatonaphthalen-1-yl)diazenyl]naphthalene-2,7-disulfonate; Hydroxy Naphthol Blue",63451-35-4,113232,AUIINJJXRXMPGT-UHFFFAOYSA-K,C20H11N2Na3O11S3,620.5,C1=CC=C2C(=C1)C(=CC(=C2N=NC3=C4C=CC(=CC4=CC(=C3O)S(=O)(=O)[O-])S(=O)(=O)[O-])O)S(=O)(=O)[O-].[Na+].[Na+].[Na+],confirmed_organic,colorant_or_indicator,,TamadKala; Mojallali Group,Iranian online wholesale/lab shop,product_page_listed_not_current_stock_verified,https://tamadkala.com/product/173616/%D9%87%DB%8C%D8%AF%D8%B1%D9%88%DA%A9%D8%B3%DB%8C-%D9%86%D9%81%D8%AA%D9%88%D9%84-%D8%A8%D9%84%D9%88-indicator-%D8%AF%DA%A9%D8%AA%D8%B1%D9%85%D8%AC%D9%84%D9%84%DB%8C,هیدروکسی نفتول بلو indicator دکترمجللی,router_title_normalization,verified_catalogue,2026-08-23,c738ea6b8943f3e99e2772982cc6a73b6336e0429369808414b4a03c5ee12eda
Florfenicol,Florfenicol,,,114811,AYIRNRDRBQJXIF-NXEZZACHSA-N,C12H14Cl2FNO4S,358.2,CS(=O)(=O)C1=CC=C(C=C1)[C@H]([C@@H](CF)NC(=O)C(Cl)Cl)O,confirmed_organic,pharmaceutical_or_api,,Temad,web_catalogue,listing_evidence_crawled_2026-08-23,https://www.temad.com/product/noroxymorphone-base-veterinary/,Florfenicol-Veterinary,ai_resolved+pubchem,verified_web_catalogue,2026-08-23,d710125a8ff9a7a030b88ab94485238e384880d52a96355ffe1b0a0dab074842
"(1S,2S,6R,14R,15R,16R)-16-[(2S)-2-hydroxy-3,3-dimethylbutan-2-yl]-15-methoxy-13-oxa-5-azahexacyclo[13.2.2.12,8.01,6.02,14.012,20]icosa-8(20),9,11-trien-11-ol",Norbuprenorphine,"(1S,2S,6R,14R,15R,16R)-16-[(2S)-2-hydroxy-3,3-dimethylbutan-2-yl]-15-methoxy-13-oxa-5-azahexacyclo[13.2.2.12,8.01,6.02,14.012,20]icosa-8(20),9,11-trien-11-ol; Norbuprenorphine",,114976,YOYLLRBMGQRFTN-IOMBULRVSA-N,C25H35NO4,413.5,CC(C)(C)C(C)(C1CC23CCC1(C4C25CCNC3CC6=C5C(=C(C=C6)O)O4)OC)O,confirmed_organic,,,Temad,Iranian WooCommerce catalogue,product_page_listed_not_current_stock_verified,https://www.temad.com/product/norbuprenorphine/,Norbuprenorphine,structured_pubchem,verified_web_catalogue,2026-08-25,e68753d127ab8bfef687c87676b0e970aeac0507f6f4be10d4772e34d7d971ee
"3-acetyl-6-methylpyran-2,4-dione",Dehydroacetic acid,,,122903,PGRHXDWITVMQBC-UHFFFAOYSA-N,C8H8O4,168.15,CC1=CC(=O)C(C(=O)O1)C(=O)C,confirmed_organic,organic_reagent,,telegram:minatajhiz,Iranian supplier Telegram catalogue,listing_evidence_crawled_2026-08-24,https://t.me/minatajhiz/1030,,ai_normalised_listing+pubchem_confirmed,verified_telegram_listing,2023-05-24,b22340e1c3f2d72938b786d13527c6f46cad6e96032db09f3a58835327b74235
trideuteriomethanol,(2H3)Methanol,,1849-29-2,123132,OKKJLVBELUTLKV-FIBGUPNXSA-N,CH4O,35.060,[2H]C([2H])([2H])O,confirmed_organic,organic_reagent,,telegram:IranChemicals,Iranian supplier Telegram catalogue,listing_evidence_crawled_2026-08-24,https://t.me/Iranchemicals/29025,,ai_normalised_listing+pubchem_confirmed,verified_telegram_listing,2025-04-22,a2380e15dccdf9186cde551577a30aa8868d6155765ec3121ca9a726ddcef460
"(C60-Ih)[5,6]fullerene",Fullerenes,,99685-96-8,123591,XMWRBQBLMFGWIX-UHFFFAOYSA-N,C60,720.6,C12=C3C4=C5C6=C1C7=C8C9=C1C%10=C%11C(=C29)C3=C2C3=C4C4=C5C5=C9C6=C7C6=C7C8=C1C1=C8C%10=C%10C%11=C2C2=C3C3=C4C4=C5C5=C%11C%12=C(C6=C95)C7=C1C1=C%12C5=C%11C4=C3C3=C5C(=C81)C%10=C23,confirmed_organic,organic_reagent,,telegram:chemgroup,Iranian supplier Telegram catalogue,listing_evidence_crawled_2026-08-24,https://t.me/chemgroup/1124,,ai_normalised_listing+pubchem_confirmed,verified_telegram_listing,2016-02-01,9c23b09020b18632e2447e417ac05f061dce2b9eaf8e3c061dd2dc6357d758c3
4-methylbenzenesulfonic acid;1-oxido-2-pyridin-2-ylindol-1-ium-3-one,pit,4-methylbenzenesulfonic acid;1-oxido-2-pyridin-2-ylindol-1-ium-3-one; pit,,124333,MMPTYEXNPWSTOR-UHFFFAOYSA-N,C20H16N2O5S,396.4,CC1=CC=C(C=C1)S(=O)(=O)O.C1=CC=C2C(=C1)C(=O)C(=[N+]2[O-])C3=CC=CC=N3,confirmed_organic,,,TamadKala,Iranian online wholesale/lab shop,product_page_listed_not_current_stock_verified,https://tamadkala.com/product/154510/همزن-مغناطیسی-هیتر-استیرر-آنالوگ-مدل-pit-30,همزن مغناطیسی هیتر استیرر آنالوگ مدل pit 30,structured_pubchem,verified_web_catalogue,2026-08-25,fc52868580a1bc76a96c33f88e1a9571261ad0e63a3a0d744e593196300bac8f
(2S)-2-amino-5-[[(2R)-1-(carboxymethylamino)-1-oxo-3-sulfanylpropan-2-yl]amino]-5-oxopentanoic acid,Glutathione,(2S)-2-amino-5-[[(2R)-1-(carboxymethylamino)-1-oxo-3-sulfanylpropan-2-yl]amino]-5-oxopentanoic acid; Glutathione,70-18-8,124886,RWSXRVCMGQZWBV-WDSKDSINSA-N,C10H17N3O6S,307.33,C(CC(=O)N[C@@H](CS)C(=O)NCC(=O)O)[C@@H](C(=O)O)N,confirmed_organic,organic_reagent,research,Telegram: ChemIranSanat; telegram:ATRmedShop,Iranian supplier Telegram catalogue,listed_not_current_stock_verified,https://t.me/ChemIranSanat/1202,(2S)-2-amino-5-[[(2R)-1-(carboxymethylamino)-1-oxo-3-sulfanylpropan-2-yl]amino]-5-oxopentanoic acid,existing skill export,verified_catalogue,2026-08-23,0af530944ebb780efccd9a16731ecc05caf953e0c8983dbf7c3882cea4b942d0
"[[(2R,3R,4R,5R)-5-(6-aminopurin-9-yl)-4-fluoro-3-hydroxyoxolan-2-yl]methoxy-hydroxyphosphoryl] phosphono hydrogen phosphate",ygc,"[[(2R,3R,4R,5R)-5-(6-aminopurin-9-yl)-4-fluoro-3-hydroxyoxolan-2-yl]methoxy-hydroxyphosphoryl] phosphono hydrogen phosphate; ygc",,126365,CCXCDDWASROAJA-QYYRPYCUSA-N,C10H15FN5O12P3,509.17,C1=NC(=C2C(=N1)N(C=N2)C3C(C(C(O3)COP(=O)(O)OP(=O)(O)OP(=O)(O)O)O)F)N,confirmed_organic,,,TamadKala; telegram:merckmillipore,Iranian online wholesale/lab shop,product_page_listed_not_current_stock_verified,https://tamadkala.com/product/22328/محیط-کشت-یس-اکسترک-گلوکزygc,محیط کشت یس اکسترک گلوکزygc,structured_pubchem,verified_web_catalogue,2026-08-25,ec893e7da02d3c526637f66e8c956cae67d702a042fd2a15955fb586f5532c86
"(2R)-2,4-dihydroxy-N-(3-hydroxypropyl)-3,3-dimethylbutanamide","(2R)-2,4-dihydroxy-N-(3-hydroxypropyl)-3,3-dimethylbutanamide","(2R)-2,4-dihydroxy-N-(3-hydroxypropyl)-3,3-dimethylbutanamide",81-13-0,131204,SNPLKNRPJHDVJA-ZETCQYMHSA-N,C9H19NO4,205.25,CC(C)(CO)C(C(=O)NCCCO)O,confirmed_organic,,,IR Chem / Pishgaman,Iranian WooCommerce catalogue,product_page_listed_not_current_stock_verified,https://irchem.ir/dexpanthenol/,پودر دکسپانتنول | دی پانتنول | پانتنول,cas_pubchem,verified_web_catalogue,2026-08-25,9dff206a8d5a37a15b5c4db3b80393103d06ae9e230f44cf4421ae43d149c26a
"(6aR,9R)-5-butyl-7-methyl-6,6a,8,9-tetrahydro-4H-indolo[4,3-fg]quinoline-9-carboxamide",lsb,"(6aR,9R)-5-butyl-7-methyl-6,6a,8,9-tetrahydro-4H-indolo[4,3-fg]quinoline-9-carboxamide; lsb",,132093,WPUBLQOZLSDKAF-KZULUSFZSA-N,C20H25N3O,323.4,CCCCC1=C2CC3C(=CC(CN3C)C(=O)N)C4=C2C(=CC=C4)N1,confirmed_organic,,,TamadKala,Iranian online wholesale/lab shop,product_page_listed_not_current_stock_verified,https://tamadkala.com/product/22350/محیط-کشت-لوریل-سولفات-براثlsb,محیط کشت لوریل سولفات براثlsb,structured_pubchem,verified_web_catalogue,2026-08-25,fa45c3678eb0ab914f8308b41df7ffc85cf70c704e6a8eed0da717f5dbb78fff
"[(3R,5S,8R,9S,10S,13S,14S)-10,13-dimethyl-17-oxo-1,2,3,4,5,6,7,8,9,11,12,14,15,16-tetradecahydrocyclopenta[a]phenanthren-3-yl] 2-bromoacetate",brand,"[(3R,5S,8R,9S,10S,13S,14S)-10,13-dimethyl-17-oxo-1,2,3,4,5,6,7,8,9,11,12,14,15,16-tetradecahydrocyclopenta[a]phenanthren-3-yl] 2-bromoacetate; brand",,134233,MHVSXHSVOGMZQU-DQACUKESSA-N,C21H31BrO3,411.4,CC12CCC(CC1CCC3C2CCC4(C3CCC4=O)C)OC(=O)CBr,confirmed_organic,,,TamadKala,Iranian online wholesale/lab shop,product_page_listed_not_current_stock_verified,https://tamadkala.com/product/154187/بورت-دیجیتال-و-اتوماتیک-brand-آلمان,بورت دیجیتال و اتوماتیک brand آلمان,structured_pubchem,verified_web_catalogue,2026-08-25,458d65d3f3695325413b8e715ab934cee76989b3cce9eca771f626abc9fda6b5
magnesium;diacetate;tetrahydrate,magnesium;diacetate;tetrahydrate,,16674-78-5,134717,XKPKPGCRSHFTKM-UHFFFAOYSA-L,C4H14MgO8,214.45,CC(=O)[O-].CC(=O)[O-].O.O.O.O.[Mg+2],confirmed_organic,,,telegram:ATRmedShop,public Telegram (seller_research),product_page_listed_not_current_stock_verified,https://t.me/ATRmedShop/750,Magnesium acetate tetrahydrate | منیزیم استات تتراهیدرات ‌‏⁧ ‌‌‏‌محصولات سیگما اصل را از ما بخواهید. 👇 واردات و فروش مواد شیمیایی سیگما 👇 ‌‌ ‌ ☎️ تلفن: ۰۲۱۶۶۳۶۱۵۴۳-۶۶۳۷۹۰۲۶-۰۲۱ ‌ 📱 موبایل: 09120549893 🌐 لینک محصول : https://atrmed.com/product/magnesium-acetate-tetrahydrate-2/?v=e067b3c6b979 #آثل_طب #مواد_ازمایشگاه #مواد_شیمیایی #بیولوژی #بیولوژی_مولکولی #آنتی_بیوتیک #آنزیم #سیگماآلدریچ #مرک #محیط_کشت #منیزیم_استات_تتراهیدرات,router_batch+pubchem,verified_telegram_listing,2026-08-25,efc374fa12742e61b57b1b2bf46a710e59cc6a88fdda2f162a074c2b31018e52
tris(trimethylsilyl) phosphite,Tris(trimethylsilyl) phosphite,,10475-02-2,137213,VMZOBROUFBEGAR-UHFFFAOYSA-N,C9H27O3PSi3,298.54,C[Si](C)(C)OP(O[Si](C)(C)C)O[Si](C)(C)C,confirmed_organic,organic_reagent,,telegram:ChemIranSanat,Iranian supplier Telegram catalogue,listing_evidence_crawled_2026-08-24,https://t.me/ChemIranSanat/1725,,ai_normalised_listing+pubchem_confirmed,verified_telegram_listing,2019-06-12,26af2c7a27399063deabbbb3de34e577f45bf391b7c805ebe72b061ee55e11e4
4-amino-3-hydroxybenzoic acid,4-Amino-3-hydroxybenzoic acid,4-amino-3-hydroxybenzoic acid; 4-Amino-3-hydroxybenzoic acid,,137566,NFPYJDZQOKCYIE-UHFFFAOYSA-N,C7H7NO3,153.14,C1=CC(=C(C=C1C(=O)O)O)N,confirmed_organic,organic_reagent,research,Telegram: ChemIranSanat,Iranian supplier Telegram catalogue,listed_not_current_stock_verified,https://t.me/ChemIranSanat/1997,4-amino-3-hydroxybenzoic acid,existing skill export,verified_catalogue,2026-08-23,03ffa28beb952acdbb72853580b2d61bf2c89c7c44863b0361d5d4acb09e9d87
(2S)-pyrrolidine-2-carboxylic acid,Proline,(2S)-pyrrolidine-2-carboxylic acid; Proline,147-85-3,145742,ONIBWKKTOPOVIA-BYPYZUCNSA-N,C5H9NO2,115.13,C1C[C@H](NC1)C(=O)O,confirmed_organic,organic_reagent,research,TamadKala,Iranian online wholesale/lab shop,product_page_listed_not_current_stock_verified,https://tamadkala.com/product/164587/%D8%A7%D9%84-%D9%BE%D8%B1%D9%88%D9%84%DB%8C%D9%86-%D8%A8%D8%B1%D9%86%D8%AF-dyc-%DA%86%DB%8C%D9%86,اسید آمینه ال پرولین bioultra | ال پرولین p5607 | ال پرولین برند dyc چین | پرولین p3350000,router_title_normalization,verified_catalogue,2026-08-23,e3c52c27b4bbee76dbd57e79dc9e6017d8d89849b352af83c8bdf7f5a2199774
2-phenylchromenylium,Anthocyanins,,,145858,NWKFECICNXDNOQ-UHFFFAOYSA-N,C15H11O+,207.25,C1=CC=C(C=C1)C2=[O+]C3=CC=CC=C3C=C2,confirmed_organic,colorant_or_indicator,,telegram:IranChemicals,Iranian supplier Telegram catalogue,listing_evidence_crawled_2026-08-24,https://t.me/Iranchemicals/22646,,ai_normalised_listing+pubchem_confirmed,verified_telegram_listing,2021-08-17,879c57d4765f21e05678a750e3809ad11ed1be82016036ba1681238c1e728e8d
"(2S)-7-fluoro-2-methyl-6-(4-methylpiperazin-1-yl)-10-oxo-4-oxa-1-azatricyclo[7.3.1.05,13]trideca-5(13),6,8,11-tetraene-11-carboxylic acid",levofloxacin,"(2S)-7-fluoro-2-methyl-6-(4-methylpiperazin-1-yl)-10-oxo-4-oxa-1-azatricyclo[7.3.1.05,13]trideca-5(13),6,8,11-tetraene-11-carboxylic acid; levofloxacin; Levofloxacin",,149096,GSDSWSVVBLHKDQ-JTQLQIEISA-N,C18H20FN3O4,361.4,C[C@H]1COC2=C3N1C=C(C(=O)C3=CC(=C2N4CCN(CC4)C)F)C(=O)O,confirmed_organic,pharmaceutical_or_api,,Rooz Darou; Temad,Iranian pharmaceutical product catalogue,product_page_listed_not_current_stock_verified,http://rouzdarou.com/products/%D9%82%D8%B1%D8%B5-%D9%84%D9%88%D9%88%D9%81%D9%84%D9%88%DA%A9%D8%B3%D8%A7%D8%B3%DB%8C%D9%86-500,قرص لووفلوکساسین 500,PubChem name validation from supplier product title,verified_catalogue,2026-08-23,1285f755bab7535114250b2b7555f782cc99f305fcfc88d63fd907c903f8be92
Hydroxyquinone,2-hydroxy-p-benzoquinone,,,151011,GPLIMIJPIZGPIF-UHFFFAOYSA-N,C6H4O3,124.09,C1=CC(=O)C(=CC1=O)O,confirmed_organic,organic_reagent,,minatajhiz,telegram,listing_evidence_crawled_2026-08-23,https://t.me/minatajhiz/511,واردات جدید 👆 👆 👆 2-هیدروکسی پارا نفتوکینون #اکروس,ai_resolved+pubchem,verified_telegram_listing,2026-08-23,daf3a0db8ac601bd6d285ead6c20d0caaae211ebd173a80bff3e54ba6c8b2c50
(2S)-2-(6-methoxynaphthalen-2-yl)propanoic acid,naproxen,(2S)-2-(6-methoxynaphthalen-2-yl)propanoic acid; naproxen,,156391,CMWTZPSULFXXJA-VIFPVBQESA-N,C14H14O3,230.26,C[C@@H](C1=CC2=C(C=C1)C=C(C=C2)OC)C(=O)O,confirmed_organic,pharmaceutical_or_api,,Rooz Darou,Iranian pharmaceutical product catalogue,product_page_listed_not_current_stock_verified,http://rouzdarou.com/products/%D9%82%D8%B1%D8%B5-%D9%86%D8%A7%D9%BE%D8%B1%D9%88%DA%A9%D8%B3%D9%86-500,قرص ناپروکسن 500,PubChem name validation from supplier product title,verified_catalogue,2026-08-23,efa3197366a88ac57c12c8ce41fdd4dfbf107775513c3737887d164cae995fc0
N-[(1R)-1-naphthalen-1-ylethyl]-3-[3-(trifluoromethyl)phenyl]propan-1-amine,CNC,N-[(1R)-1-naphthalen-1-ylethyl]-3-[3-(trifluoromethyl)phenyl]propan-1-amine; CNC,,156419,VDHAWDNDOKGFTD-MRXNPFEDSA-N,C22H22F3N,357.4,CC(C1=CC=CC2=CC=CC=C21)NCCCC3=CC(=CC=C3)C(F)(F)F,confirmed_organic,,,telegram:IranChemicals,public Telegram (news),product_page_listed_not_current_stock_verified,https://t.me/IranChemicals/31663,🔴 #صنعت #فرآیند ها 🟩 ماشین کاری با دست در حضور CNC های پنج محوره !؟ 🔴 چرا و با چه انگیزه ای ؟ 🥇 🥇 🥇,structured_pubchem,verified_telegram_listing,2026-08-25,48e9e9e2c15f4bfd87f7770caf41284dcefad80618750a25dd4ce2f399ed8c35
2-(4-carbamimidoylphenyl)-1H-indole-6-carboximidamide;dihydrochloride,2-(4-carbamimidoylphenyl)-1H-indole-6-carboximidamide;dihydrochloride,,28718-90-3,160166,FPNZBYLXNYPRLR-UHFFFAOYSA-N,C16H17Cl2N5,350.2,C1=CC(=CC=C1C2=CC3=C(N2)C=C(C=C3)C(=N)N)C(=N)N.Cl.Cl,confirmed_organic,,,telegram:ATRmedShop,public Telegram (seller_research),product_page_listed_not_current_stock_verified,https://t.me/ATRmedShop/504,"4',6-Diamidino-2-phenylindole (DAPI) | رنگ DAPI ‌‏⁧ ‌‌‏‌محصولات سیگما اصل را از ما بخواهید. 👇 واردات و فروش مواد شیمیایی سیگما و مرک 👇 ‌ ‌ ‌ ☎️ تلفن: ۰۲۱۶۶۳۶۱۵۴۳-۶۶۳۷۹۰۲۶-۰۲۱ ‌ 📱 موبایل: 09120549893 🌐 لینک محصول:  ‎ https://atrmed.com/product/color-dapi/ #اثل_طب #مواد_ازمایشگاهی #مواد_شیمیایی #رنگ",router_batch+pubchem,verified_telegram_listing,2026-08-25,1d421e2cce7b03cd395d8618439c810483edb52b77a850f772acce741ebaa38f
Potassium ferrocyanide trihydrate,Potassium ferrocyanide trihydrate,Potassium ferrocyanide trihydrate; tetrapotassium;iron(2+);hexacyanide;trihydrate,14459-95-1,161067,UTYXJYFJPBYDKY-UHFFFAOYSA-N,C6H6FeK4N6O3,422.39,[C-]#N.[C-]#N.[C-]#N.[C-]#N.[C-]#N.[C-]#N.O.O.O.[K+].[K+].[K+].[K+].[Fe+2],confirmed_organic,organic_reagent,,Mojallali Group,web_catalogue,listing_evidence_crawled_2026-08-23,https://drm-chem.com/en/product/potassium-ferrocyanide-trihydrate-lab-en/,Potassium ferrocyanide trihydrate,pubchem_direct,verified_web_catalogue,2026-08-23,c1bc69e9ced05bc671a473bae3c9f7e199a1833a700abfac597f46c9f5b5f413
trisodium;5-oxo-1-(4-sulfonatophenyl)-4-[(4-sulfonatophenyl)diazenyl]-4H-pyrazole-3-carboxylate,Tartrazine,trisodium;5-oxo-1-(4-sulfonatophenyl)-4-[(4-sulfonatophenyl)diazenyl]-4H-pyrazole-3-carboxylate; Tartrazine,1934-21-0,164825,UJMBCXLDXJUMFB-UHFFFAOYSA-K,C16H9N4Na3O9S2,534.4,C1=CC(=CC=C1N=NC2C(=NN(C2=O)C3=CC=C(C=C3)S(=O)(=O)[O-])C(=O)[O-])S(=O)(=O)[O-].[Na+].[Na+].[Na+],confirmed_organic,colorant_or_indicator,,TamadKala,Iranian online research/chemical shop | Iranian online wholesale/lab shop,product_page_listed_not_current_stock_verified,https://tamadkala.com/product/57968/%D8%B1%D9%86%DA%AF-%D8%AE%D9%88%D8%B1%D8%A7%DA%A9%DB%8C-%D8%AA%D8%A7%D8%B1%D8%AA%D8%B1%D8%A7%D8%B2%DB%8C%D9%86%D8%B2%D8%B1%D8%AF,رنگ خوراکی تارترازین زرد | رنگ خوراکی تارترازینزرد,explicit_category_supplement | router_title_normalization,verified_catalogue,2026-08-23,e575b38697751f080f117cf38e53c1aab018c6fbdaf2947b3cb39cad9fb35533
"[(3S,8S,9S,10R,13R,14S,17R)-10,13-dimethyl-17-[(2R)-6-methylheptan-2-yl]-2,3,4,7,8,9,11,12,14,15,16,17-dodecahydro-1H-cyclopenta[a]phenanthren-3-yl] formate",Ester,,,165217,YEYCQJVCAMFWCO-PXBBAZSNSA-N,C28H46O2,414.7,C[C@H](CCCC(C)C)[C@H]1CC[C@@H]2[C@@]1(CC[C@H]3[C@H]2CC=C4[C@@]3(CC[C@@H](C4)OC=O)C)C,confirmed_organic,organic_reagent,,telegram:IranChemicals,Iranian supplier Telegram catalogue,listing_evidence_crawled_2026-08-24,https://t.me/Iranchemicals/25622,,ai_normalised_listing+pubchem_confirmed,verified_telegram_listing,2023-11-07,e8feaf8a2527e98e503b7f9c2fe59e2682e8f8f2081acdd05c066a96cb854e62
"potassium;sodium;(2R,3R)-2,3-dihydroxybutanedioate;tetrahydrate","potassium;sodium;(2R,3R)-2,3-dihydroxybutanedioate;tetrahydrate","potassium;sodium;(2R,3R)-2,3-dihydroxybutanedioate;tetrahydrate",6381-59-5,165453,VZOPRCCTKLAGPN-ZFJVMAEJSA-L,C4H12KNaO10,282.22,C(C(C(=O)[O-])O)(C(=O)[O-])O.O.O.O.O.[Na+].[K+],confirmed_organic,,,Mojallali Group,Iranian WooCommerce catalogue,product_page_listed_not_current_stock_verified,https://drm-chem.com/en/product/potassium-sodium-tartrate-tetrahydrate/,Potassium sodium tartrate tetrahydrate,cas_pubchem,verified_web_catalogue,2026-08-25,5d82fd981558f0f913c8ab124a28c5da0ba73c0cf7173ff5ebaf4fa784fb3187
"diphenylphosphoryl-(2,4,6-trimethylphenyl)methanone","2,4,6-Trimethylbenzoyl diphenylphosphine oxide",,75980-60-8,166480,VFHVQBAGLAREND-UHFFFAOYSA-N,C22H21O2P,348.4,CC1=CC(=C(C(=C1)C)C(=O)P(=O)(C2=CC=CC=C2)C3=CC=CC=C3)C,confirmed_organic,organic_reagent,,telegram:IranChemicals,Iranian supplier Telegram catalogue,listing_evidence_crawled_2026-08-24,https://t.me/Iranchemicals/29783,,ai_normalised_listing+pubchem_confirmed,verified_telegram_listing,2025-09-12,3748a61c7358534500254a68241795bd9d63b804a7fd8df041927d6d2e6168be
2-(chloromethyl)oxirane;4-[2-(4-hydroxyphenyl)propan-2-yl]phenol;prop-2-enoic acid,Epoxy Resin,,,169944,RYSXGWPNVZQNNB-UHFFFAOYSA-N,C21H25ClO5,392.9,CC(C)(C1=CC=C(C=C1)O)C2=CC=C(C=C2)O.C=CC(=O)O.C1C(O1)CCl,confirmed_organic,organic_reagent,,telegram:IranChemicals,Iranian supplier Telegram catalogue,listing_evidence_crawled_2026-08-24,https://t.me/Iranchemicals/25620,,ai_normalised_listing+pubchem_confirmed,verified_telegram_listing,2023-11-07,a012c60a8ee04a671e8d5ffba3b53b04b976a628d14ab6a7b399a46ce14b85d8
"(2S)-2,4-diamino-4-oxobutanoic acid;hydrate",L-Asparagine monohydrate,"(2S)-2,4-diamino-4-oxobutanoic acid;hydrate; L-Asparagine monohydrate",5794-13-8,170358,RBMGJIZCEWRQES-DKWTVANSSA-N,C4H10N2O4,150.13,C([C@@H](C(=O)O)N)C(=O)N.O,confirmed_organic,organic_reagent,,TamadKala; telegram:ATRmedShop,Iranian online wholesale/lab shop,product_page_listed_not_current_stock_verified,https://tamadkala.com/product/16846/%D8%A7%D9%84-%D8%A2%D8%B3%D9%BE%D8%A7%D8%B1%DA%98%DB%8C%D9%86-%D9%85%D9%88%D9%86%D9%88%D9%87%DB%8C%D8%AF%D8%A7%D8%B1%D8%AA,ال آسپارژین مونوهیدارت,router_title_normalization,verified_catalogue,2026-08-23,28dae6081ef466995cae6f9d2ff82c7c19196e369d122e0f22b17b121e256f66
"5-[(3aS,4S,6aR)-2-oxo-1,3,3a,4,6,6a-hexahydrothieno[3,4-d]imidazol-4-yl]pentanoic acid",D-Biotin,"5-[(3aS,4S,6aR)-2-oxo-1,3,3a,4,6,6a-hexahydrothieno[3,4-d]imidazol-4-yl]pentanoic acid; D-Biotin",56-57-5,171548,YBJHBAHKTGYVGT-ZKWXMUAHSA-N,C10H16N2O3S,244.31,C1[C@H]2[C@@H]([C@@H](S1)CCCCC(=O)O)NC(=O)N2,confirmed_organic,organic_reagent,,Rooz Darou; TamadKala,Iranian online wholesale/lab shop | Iranian pharmaceutical product catalogue,product_page_listed_not_current_stock_verified,https://tamadkala.com/product/164617/%D8%AF%DB%8C-%D8%A8%DB%8C%D9%88%D8%AA%DB%8C%D9%86-%D8%A8%D8%B1%D9%86%D8%AF-%D9%84%D9%88%D8%A8%D8%A7-%D9%87%D9%86%D8%AF,دی بیوتین برند لوبا هند | قرص بیوتین 1000 میکروگرم رزاویت,router_title_normalization,verified_catalogue,2026-08-23,be2ba8bb364a5395de94e1bd710c03e805efaa1e9fd103d792b977165f9ee91e
"[(1S,5R)-8-methyl-8-azabicyclo[3.2.1]octan-3-yl] 3-hydroxy-2-phenylpropanoate",Atropine,"[(1S,5R)-8-methyl-8-azabicyclo[3.2.1]octan-3-yl] 3-hydroxy-2-phenylpropanoate; Atropine",51-55-8,174174,RKUNBYITZUJHSG-PJPHBNEVSA-N,C17H23NO3,289.4,CN1[C@@H]2CC[C@H]1CC(C2)OC(=O)C(CO)C3=CC=CC=C3,confirmed_organic,pharmaceutical_or_api,,TamadKala,Iranian online wholesale/lab shop,product_page_listed_not_current_stock_verified,https://tamadkala.com/product/17267/%D8%A2%D8%AA%D8%B1%D9%88%D9%BE%D8%A7%D8%AA-%D8%B3%D8%B1%D9%85%D8%A7%DB%8C%DB%8C,آتروپات سرمایی,router_title_normalization,verified_catalogue,2026-08-23,405040013d95555e330419e13ef6ca116de1c6bd70e05db38bb95cd043747815
6-bromo-2-(6-bromo-3-hydroxy-1H-indol-2-yl)indol-3-one,"3H-Indol-3-one, 6-bromo-2-(6-bromo-1,3-dihydro-3-oxo-2H-indol-2-ylidene)-1,2-dihydro-",,,177057,UOZOCOQLYQNHII-UHFFFAOYSA-N,C16H8Br2N2O2,420.05,C1=CC2=C(C=C1Br)NC(=C2O)C3=NC4=C(C3=O)C=CC(=C4)Br,confirmed_organic,colorant_or_indicator,,telegram:IranChemicals,Iranian supplier Telegram catalogue,listing_evidence_crawled_2026-08-24,https://t.me/Iranchemicals/22360,,ai_normalised_listing+pubchem_confirmed,verified_telegram_listing,2021-07-22,72d6f66f3b87ffcc8e9af5a31fc8489bd3d6bcc99721f36fbeea266640d7ce02
calcium 2-(carboxymethyl)-2-hydroxybutanedioate,calcium 2-(carboxymethyl)-2-hydroxybutanedioate,,1185-56-4,189190,PFKGDYCESFRMAP-UHFFFAOYSA-L,C6H6CaO7,230.19,C(C(=O)O)C(CC(=O)[O-])(C(=O)[O-])O.[Ca+2],confirmed_organic,,,telegram:ChemIranSanat,public Telegram (seller_research),product_page_listed_not_current_stock_verified,https://t.me/ChemIranSanat/1852,Vitamin E succinate | 016654 Exir D-alpha-Tocopherol Succinate (Vitamin E succinate) 2g 5g 10g 🔜 موجود و آماده تحویل ✅ شیمیران صنعت فقط اصلی ♾ موجودی و تنوع بی نظیر از برندهای معتبر 📱 سفارش کالا 👇 🆔 @ChemIranAdmin 🆔 @ChemIran1,router_batch+pubchem,verified_telegram_listing,2026-08-25,d697f9bdd50215d7583db1f9cc1be47f4f91d05d7fca69a2b6cd81bad4e7e108
"3,4,5-trihydroxy-5-(hydroxymethyl)-2-methoxycyclohex-2-en-1-one",Gadusol,"3,4,5-trihydroxy-5-(hydroxymethyl)-2-methoxycyclohex-2-en-1-one; Gadusol",,195955,KENOUOLPKKQXMX-UHFFFAOYSA-N,C8H12O6,204.18,COC1=C(C(C(CC1=O)(CO)O)O)O,confirmed_organic,organic_reagent,research,Telegram: ChemIranSanat,Iranian supplier Telegram catalogue,listed_not_current_stock_verified,https://t.me/ChemIranSanat/1295,"3,4,5-trihydroxy-5-(hydroxymethyl)-2-methoxycyclohex-2-en-1-one",existing skill export,verified_catalogue,2026-08-23,61d0d547969bda636868cb94929e2fc86450c4fe3e9fd2d694b1aa772a0fb9b3
"(2R,3S,4R,5R,6R)-5-amino-2-(aminomethyl)-6-[(1R,2R,3S,4R,6S)-4,6-diamino-2-[(2S,3R,4S,5R)-4-[(2R,3R,4R,5S,6S)-3-amino-6-(aminomethyl)-4,5-dihydroxyoxan-2-yl]oxy-3-hydroxy-5-(hydroxymethyl)oxolan-2-yl]oxy-3-hydroxycyclohexyl]oxyoxane-3,4-diol;sulfuric acid","(2R,3S,4R,5R,6R)-5-amino-2-(aminomethyl)-6-[(1R,2R,3S,4R,6S)-4,6-diamino-2-[(2S,3R,4S,5R)-4-[(2R,3R,4R,5S,6S)-3-amino-6-(aminomethyl)-4,5-dihydroxyoxan-2-yl]oxy-3-hydroxy-5-(hydroxymethyl)oxolan-2-yl]oxy-3-hydroxycyclohexyl]oxyoxane-3,4-diol;sulfuric acid",,1405-10-3,197162,OIXVKQDWLFHVGR-WQDIDPJDSA-N,C23H48N6O17S,712.7,C1C(C(C(C(C1N)OC2C(C(C(C(O2)CN)O)O)N)OC3C(C(C(O3)CO)OC4C(C(C(C(O4)CN)O)O)N)O)O)N.OS(=O)(=O)O,confirmed_organic,,,telegram:ATRmedShop,public Telegram (seller_research),product_page_listed_not_current_stock_verified,https://t.me/ATRmedShop/836,Neomycin sulfate | آنتی بیوتیک نئومایسین نئومایسین سولفات یک آنتی بیوتیک با طیف وسیع آمینوگلیکوزید است که از تخمیر استرپتومایسس فرادیه یا استرپتومایسس دکاریس تولید می شود. نئومایسین تری سولفات توسط استرپتومایسس که حاوی حداقل 85% نئومایسین B است، تولید می شود. نئومایسین به‌عنوان یک عامل ... برای مشاهده ادامه مطلب، مشاهده قیمت آنلاین و خرید آنتی بیوتیک نئومایسین به لینک زیر مراجعه فرمایید: https://atrmed.com/product/neomycin-sulfate/ #خریدآنتی_بیوتیک_نئومایسین #قیمت_آنتی_بیوتیک_نئومایسین #فروش_آنت,router_batch+pubchem,verified_telegram_listing,2026-08-25,e655ae62cee522b1dbbb12e128fe443a60858a7ca448f44019fd6113d45dfe0b
Demecolcine,Colcemid,"Demecolcine; Colcemid; (7S)-1,2,3,10-tetramethoxy-7-(methylamino)-6,7-dihydro-5H-benzo[a]heptalen-9-one",,220401,NNJPGOLRFBJNIW-HNNXBMFYSA-N,C21H25NO5,371.4,CN[C@H]1CCC2=CC(=C(C(=C2C3=CC=C(C(=O)C=C13)OC)OC)OC)OC,confirmed_organic,pharmaceutical_or_api,,merckmillipore; telegram:labshop,telegram,listing_evidence_crawled_2026-08-23,https://t.me/merckmillipore/305,تعداد محدودی colsemid گیبکو موجود میباشد 09121161187,ai_resolved+pubchem,verified_telegram_listing,2026-08-23,4ad99dfb5c8e3ed1b0b629ad969922455a99e0e91316ffd7dabc73ca46cf4dc5
4-aminopentanoic acid,4-Aminobutyric Acid,4-aminopentanoic acid; 4-Aminobutyric Acid,,223130,ABSTXSZPGHDTAF-UHFFFAOYSA-N,C5H11NO2,117.15,CC(CCC(=O)O)N,confirmed_organic,organic_reagent,research,Telegram: ChemIranSanat,Iranian supplier Telegram catalogue,listed_not_current_stock_verified,https://t.me/ChemIranSanat/152,4-aminopentanoic acid,existing skill export,verified_catalogue,2026-08-23,356777ec2e92691856a87ee111df13253557d50846f671dc3d39d962c4e50858
5-(hydroxymethyl)furan-2-carbaldehyde,5-(Hydroxymethyl)furfural,,67-47-0,237332,NOEGNKMFWQHSLB-UHFFFAOYSA-N,C6H6O3,126.11,C1=C(OC(=C1)C=O)CO,confirmed_organic,secondary_metabolite_or_natural_product,,telegram:minatajhiz,Iranian supplier Telegram catalogue,listing_evidence_crawled_2026-08-24,https://t.me/minatajhiz/502,,ai_normalised_listing+pubchem_confirmed,verified_telegram_listing,2019-01-16,36a31ccf9e09f2fd3fc0108db23b14995da9ba99335ba7596b1d415dbc43bf4c
1-(bromomethyl)-2-phenylbenzene,1-(Bromomethyl)-2-phenylbenzene,1-(bromomethyl)-2-phenylbenzene; 1-(Bromomethyl)-2-phenylbenzene,,263365,SEXZHJJUKFXNDY-UHFFFAOYSA-N,C13H11Br,247.13,C1=CC=C(C=C1)C2=CC=CC=C2CBr,confirmed_organic,organic_reagent,research,Telegram: ChemIranSanat,Iranian supplier Telegram catalogue,listed_not_current_stock_verified,https://t.me/ChemIranSanat/65,1-(bromomethyl)-2-phenylbenzene,existing skill export,verified_catalogue,2026-08-23,4aa171c756561de064e24da7df54467986134f04a400ce89d24650c8c2fbe213
"(3S)-6,7-dimethoxy-3-[(5R)-4-methoxy-6-methyl-7,8-dihydro-5H-[1,3]dioxolo[4,5-g]isoquinolin-5-yl]-3H-2-benzofuran-1-one",Noscapine Base,"(3S)-6,7-dimethoxy-3-[(5R)-4-methoxy-6-methyl-7,8-dihydro-5H-[1,3]dioxolo[4,5-g]isoquinolin-5-yl]-3H-2-benzofuran-1-one; Noscapine Base",,275196,AKNNEGZIBPJZJG-MSOLQXFVSA-N,C22H23NO7,413.4,CN1CCC2=CC3=C(C(=C2C1C4C5=C(C(=C(C=C5)OC)OC)C(=O)O4)OC)OCO3,confirmed_organic,,,Temad,Iranian WooCommerce catalogue,product_page_listed_not_current_stock_verified,https://www.temad.com/product/triamcinolone-acetonide-2/,Noscapine Base,structured_pubchem,verified_web_catalogue,2026-08-25,8b92830c0fcac934b3e83f6e72ec0503a78a2e66911780517eda250c8b926ae6
"4-amino-1-[3,4-dihydroxy-5-(hydroxymethyl)oxolan-2-yl]-5-fluoropyrimidin-2-one","4-amino-1-[3,4-dihydroxy-5-(hydroxymethyl)oxolan-2-yl]-5-fluoropyrimidin-2-one","4-amino-1-[3,4-dihydroxy-5-(hydroxymethyl)oxolan-2-yl]-5-fluoropyrimidin-2-one",9007-81-2,352938,STRZQWQNZQMHQR-UHFFFAOYSA-N,C9H12FN3O5,261.21,C1=C(C(=NC(=O)N1C2C(C(C(O2)CO)O)O)N)F,confirmed_organic,,,telegram:ATRmedShop,public Telegram (seller_research),product_page_listed_not_current_stock_verified,https://t.me/ATRmedShop/499,Freund's complete adjuvant | ادجوانت کامل فروند ‌‏⁧ ‌‌‏‌محصولات سیگما اصل را از ما بخواهید. 👇 واردات و فروش مواد شیمیایی سیگما و مرک 👇 ‌ ‌ ‌ ☎️ تلفن: ۰۲۱۶۶۳۶۱۵۴۳-۶۶۳۷۹۰۲۶-۰۲۱ ‌ 📱 موبایل: 09120549893 🌐 لینک محصول:  ‎ https://atrmed.com/product/freunds-complete-adjuvant/,router_batch+pubchem,verified_telegram_listing,2026-08-25,63932058f675614cabb4760db6357a03fd093fbdd3086686a07d050a8a11a068
Maltose,Maltose,,,439186,GUBGYTABKSRVRQ-PICCSMPSSA-N,C12H22O11,342.30,C([C@@H]1[C@H]([C@@H]([C@H]([C@H](O1)O[C@@H]2[C@H](OC([C@@H]([C@H]2O)O)O)CO)O)O)O)O,confirmed_organic,organic_reagent,,jahaneshimicom,telegram,listing_evidence_crawled_2026-08-23,https://t.me/jahaneshimicom/80,سلام گلوتن گندم هیدرولیز شده و آب پنیر دلاکتوز شده و پروتئین سویا و مالتوز از هرکدام ١٠٠ کیلو میخواستم 09134469010,ai_resolved+pubchem,verified_telegram_listing,2026-08-23,f19e0481e421c56bdcec1220ddbb7805c07c7206d84c0e27826b982cff82e2bc
"(2R,3R)-1,4-bis(sulfanyl)butane-2,3-diol","(2R,3R)-1,4-bis(sulfanyl)butane-2,3-diol",,3483-12-3,439196,VHJLVAABSRFDPM-IMJSIDKUSA-N,C4H10O2S2,154.3,C(C(C(CS)O)O)S,confirmed_organic,,,telegram:ATRmedShop,public Telegram (seller_research),product_page_listed_not_current_stock_verified,https://t.me/ATRmedShop/531,DL-تیوتریتول | DL-دی تیو تریتول گرید بیولوژی مولکولی ‌‏⁧ ‌‌‏‌محصولات سیگما اصل را از ما بخواهید. 👇 واردات و فروش مواد شیمیایی سیگما و مرک 👇 ‌ ‌ ‌ ☎️ تلفن: ۰۲۱۶۶۳۶۱۵۴۳-۶۶۳۷۹۰۲۶-۰۲۱ ‌ 📱 موبایل: 09120549893 🌐 لینک محصول : https://atrmed.com/product/dl-dt-erythritol-2/ #اثل_طب #مواد_ازمایشگاهی #مواد_شیمیایی #بیولوژی #بیولوژی_مولکولی,router_batch+pubchem,verified_telegram_listing,2026-08-25,e93cd3c1a842c8c8b3e7290203c1186be3a6a80e1a3bdcff0fe8cc7b9049c827
Norepinephrine,Norepinephrine,,,439260,SFLSHLFXELFNJZ-QMMMGPOBSA-N,C8H11NO3,169.18,C1=CC(=C(C=C1[C@H](CN)O)O)O,confirmed_organic,pharmaceutical_or_api,,Exir Pharmaceutical Co.,web_catalogue,listing_evidence_crawled_2026-08-23,https://exir.co.ir/product/norepinephrine-4-2/,امپول نوراپی نفرین 10 میلی لیتری,ai_resolved+pubchem,verified_web_catalogue,2026-08-23,b841c15b3fcc5bd1bc39f122c911e4b57bd6ebba9d98b95438524c7be91a994e
"(2S)-1-[(4R,7S,10S,13S,16S,19R)-19-amino-7-(2-amino-2-oxoethyl)-10-(3-amino-3-oxopropyl)-13-[(2S)-butan-2-yl]-16-[(4-hydroxyphenyl)methyl]-6,9,12,15,18-pentaoxo-1,2-dithia-5,8,11,14,17-pentazacycloicosane-4-carbonyl]-N-[(2S)-1-[(2-amino-2-oxoethyl)amino]-4-methyl-1-oxopentan-2-yl]pyrrolidine-2-carboxamide",Oxytocin,,50-56-6,439302,XNOPRXBHLZRZKH-DSZYJQQASA-N,C43H66N12O12S2,1007.2,CC[C@H](C)[C@H]1C(=O)N[C@H](C(=O)N[C@H](C(=O)N[C@@H](CSSC[C@@H](C(=O)N[C@H](C(=O)N1)CC2=CC=C(C=C2)O)N)C(=O)N3CCC[C@H]3C(=O)N[C@@H](CC(C)C)C(=O)NCC(=O)N)CC(=O)N)CCC(=O)N,confirmed_organic,pharmaceutical_or_api,,telegram:chemgroup,Iranian supplier Telegram catalogue,listing_evidence_crawled_2026-08-24,https://t.me/chemgroup/1818,,ai_normalised_listing+pubchem_confirmed,verified_telegram_listing,2016-08-02,e901046ef23f781ab6bf48c07f941dff177388acf5503f422cec2bc5c400965a
"(2R,3S,4S,5R,6R)-2-(hydroxymethyl)-6-[(2R,3S,4R,5R,6S)-4,5,6-trihydroxy-2-(hydroxymethyl)oxan-3-yl]oxyoxane-3,4,5-triol","(2R,3S,4S,5R,6R)-2-(hydroxymethyl)-6-[(2R,3S,4R,5R,6S)-4,5,6-trihydroxy-2-(hydroxymethyl)oxan-3-yl]oxyoxane-3,4,5-triol","(2R,3S,4S,5R,6R)-2-(hydroxymethyl)-6-[(2R,3S,4R,5R,6S)-4,5,6-trihydroxy-2-(hydroxymethyl)oxan-3-yl]oxyoxane-3,4,5-triol",9005-84-9,439341,GUBGYTABKSRVRQ-ASMJPISFSA-N,C12H22O11,342.3,C(C1C(C(C(C(O1)OC2C(OC(C(C2O)O)O)CO)O)O)O)O,confirmed_organic,,,Mojallali Group,Iranian WooCommerce catalogue,product_page_listed_not_current_stock_verified,https://drm-chem.com/en/product/starch-soluble-ex-potato-en/,Starch soluble (EX potato),cas_pubchem,verified_web_catalogue,2026-08-25,d8af80ea925c0aa0c22e94801d1d805626557a020a2ae667085bcf996e80e3bc
Dithioerythritol,"1,4-Dithioerythritol",,,439352,VHJLVAABSRFDPM-ZXZARUISSA-N,C4H10O2S2,154.3,C([C@H]([C@H](CS)O)O)S,confirmed_organic,organic_reagent,,minatajhiz,telegram,listing_evidence_crawled_2026-08-23,https://t.me/minatajhiz/690,"1,4-Dithioerythritol for biochemistry 124511 #merck",ai_resolved+pubchem,verified_telegram_listing,2026-08-23,cc5d484a5e3452a060c1cdbe6632b82ecf5ec83706155b73a763159834ca5638
(4R)-1-methyl-4-prop-1-en-2-ylcyclohexene,(+)-Limonene,(4R)-1-methyl-4-prop-1-en-2-ylcyclohexene; (+)-Limonene; (R)-(+)-Limonene,5989-27-5,440917,XMGQYMWWDOXHJM-JTQLQIEISA-N,C10H16,136.23,CC1=CC[C@@H](CC1)C(=C)C,confirmed_organic,fragrance_or_aroma,,telegram:minatajhiz,Iranian supplier Telegram catalogue,listing_evidence_crawled_2026-08-24,https://t.me/minatajhiz/1043,لیمونن (R)-(+)-Limonene کد محصول مرک: 818407 واردات جدید مرک,ai_normalised_listing+pubchem_confirmed,verified_telegram_listing,2023-06-24,01d78c0c5926489585bd27f75926f7d06333e6c75d299ed3a4e5dc1bff5457fe
"(4R,5S,6S)-3-[(3S,5S)-5-(dimethylcarbamoyl)pyrrolidin-3-yl]sulfanyl-6-[(1R)-1-hydroxyethyl]-4-methyl-7-oxo-1-azabicyclo[3.2.0]hept-2-ene-2-carboxylic acid",Meropenem,"(4R,5S,6S)-3-[(3S,5S)-5-(dimethylcarbamoyl)pyrrolidin-3-yl]sulfanyl-6-[(1R)-1-hydroxyethyl]-4-methyl-7-oxo-1-azabicyclo[3.2.0]hept-2-ene-2-carboxylic acid; Meropenem",,441130,DMJNNHOOLUXYBV-PQTSNVLCSA-N,C17H25N3O5S,383.5,C[C@@H]1[C@@H]2[C@H](C(=O)N2C(=C1S[C@H]3C[C@H](NC3)C(=O)N(C)C)C(=O)O)[C@@H](C)O,confirmed_organic,pharmaceutical_or_api,research,BehChin Chemi Pharmed,Iranian supplier API/intermediate catalogue,supplier_catalogue_listed_not_current_stock_verified,https://www.behchinchemi.ir/en/our-products/active-pharmaceutical-ingredient,Meropenem,supplier_table,verified_catalogue,2026-08-23,07e8c5b657512dc11da459af3d88bbee6a9c184de40d104e1cda321b2ac83d9c
"(2R,3S,4S,5R,6R)-2-(aminomethyl)-6-[(1R,2R,3S,4R,6S)-4,6-diamino-3-[(2S,3R,4S,5S,6R)-4-amino-3,5-dihydroxy-6-(hydroxymethyl)oxan-2-yl]oxy-2-hydroxycyclohexyl]oxyoxane-3,4,5-triol;sulfuric acid","(2R,3S,4S,5R,6R)-2-(aminomethyl)-6-[(1R,2R,3S,4R,6S)-4,6-diamino-3-[(2S,3R,4S,5S,6R)-4-amino-3,5-dihydroxy-6-(hydroxymethyl)oxan-2-yl]oxy-2-hydroxycyclohexyl]oxyoxane-3,4,5-triol;sulfuric acid",,25389-94-0,441374,OOYGSFOGFJDDHP-KMCOLRRFSA-N,C18H38N4O15S,582.6,C1C(C(C(C(C1N)OC2C(C(C(C(O2)CN)O)O)O)O)OC3C(C(C(C(O3)CO)O)N)O)N.OS(=O)(=O)O,confirmed_organic,,,telegram:ATRmedShop,public Telegram (seller_research),product_page_listed_not_current_stock_verified,https://t.me/ATRmedShop/580,Kanamycin sulfate | کانامایسین سولفات ‌‏⁧ ‌‌‏‌محصولات سیگما اصل را از ما بخواهید. 👇 واردات و فروش مواد شیمیایی سیگما 👇 ‌ ‌ ‌ ☎️ تلفن: ۰۲۱۶۶۳۶۱۵۴۳-۶۶۳۷۹۰۲۶-۰۲۱ ‌ 📱 موبایل: 09120549893 🌐 لینک محصول : https://atrmed.com/product/kanamycin-monosulfate/?v=e067b3c6b979 #آثل_طب #مواد_ازمایشگاهی #مواد_شیمیایی #بیولوژی #بیولوژی_مولکولی #آنتی_بیوتیک #آنزیم #کانامایسین_سولفات,router_batch+pubchem,verified_telegram_listing,2026-08-25,4774fddff7c4ce3c307e09a1f535444c05b714fc2418f383311dd948a10cd9e1
"(2S,3R,4S,5R,6R)-3,4,5,6-tetrahydroxyoxane-2-carboxylic acid",Pectin,"(2S,3R,4S,5R,6R)-3,4,5,6-tetrahydroxyoxane-2-carboxylic acid; Pectin",9000-69-5,441476,AEMOLEFTQBMNLQ-DTEWXJGMSA-N,C6H10O7,194.14,[C@@H]1([C@H]([C@H](O[C@H]([C@@H]1O)O)C(=O)O)O)O,confirmed_organic,organic_reagent,industrial,Telegram: jahaneshimicom,Iranian supplier Telegram catalogue,listed_not_current_stock_verified,,"(2S,3R,4S,5R,6R)-3,4,5,6-tetrahydroxyoxane-2-carboxylic acid",existing skill export,verified_catalogue,2026-08-23,6e1dbd24e39b87d684937507c766ad1fc3cfabd35e20c1e88ef321ae6a771abb
"(6aS,11bR)-7,11b-dihydro-6H-indeno[2,1-c]chromene-3,4,6a,9,10-pentol",Hematoxylin,"(6aS,11bR)-7,11b-dihydro-6H-indeno[2,1-c]chromene-3,4,6a,9,10-pentol; Hematoxylin",517-28-2,442514,WZUVPPKBWHMQCE-XJKSGUPXSA-N,C16H14O6,302.28,C1C2=CC(=C(C=C2[C@H]3[C@@]1(COC4=C3C=CC(=C4O)O)O)O)O,confirmed_organic,colorant_or_indicator,,TamadKala; Mojallali Group; telegram:ATRmedShop,Iranian online wholesale/lab shop,product_page_listed_not_current_stock_verified,https://tamadkala.com/product/173613/%D9%87%D9%85%D8%A7%D8%AA%D9%88%DA%A9%D8%B3%DB%8C%D9%84%DB%8C%D9%86-indicator-%D8%AF%DA%A9%D8%AA%D8%B1-%D9%85%D8%AC%D9%84%D9%84%DB%8C,هماتوکسیلین indicator دکتر مجللی,router_title_normalization,verified_catalogue,2026-08-23,a3720739a20765992f89a1ecb258443a93413ebad680447e5dba61e960044143
"(2S)-2-amino-N-[(2S,3S,4R,5R)-5-[6-(dimethylamino)purin-9-yl]-4-hydroxy-2-(hydroxymethyl)oxolan-3-yl]-3-(4-methoxyphenyl)propanamide;dihydrochloride","(2S)-2-amino-N-[(2S,3S,4R,5R)-5-[6-(dimethylamino)purin-9-yl]-4-hydroxy-2-(hydroxymethyl)oxolan-3-yl]-3-(4-methoxyphenyl)propanamide;dihydrochloride",,58-58-2,443311,MKSVFGKWZLUTTO-FZFAUISWSA-N,C22H31Cl2N7O5,544.4,CN(C)C1=NC=NC2=C1N=CN2C3C(C(C(O3)CO)NC(=O)C(CC4=CC=C(C=C4)OC)N)O.Cl.Cl,confirmed_organic,,,telegram:ATRmedShop,public Telegram (seller_research),product_page_listed_not_current_stock_verified,https://t.me/ATRmedShop/699,Puromycin dihydrochloride | خرید پورومایسین دی هیدروکلرید | قیمت پورومایسین دی هیدروکلرید ‌‏⁧ ‌‌‏‌محصولات سیگما اصل را از ما بخواهید. 👇 واردات و فروش مواد شیمیایی سیگما 👇 ‌ ‌ ‌ ☎️ تلفن: ۰۲۱۶۶۳۶۱۵۴۳-۶۶۳۷۹۰۲۶-۰۲۱ ‌ 📱 موبایل: 09120549893 🌐 لینک محصول : https://atrmed.com/product/puromycin-dihydrochloride-from-streptomyces-alboniger/?v=e067b3c6b979 #آثل_طب #مواد_ازمایشگاهی #مواد_شیمیایی #بیولوژی #بیولوژی_مولکولی #آنتی_بیوتیک #آنزیم #سیگماآلدریچ #مرک #رنگ_رایت #پورومایسین_دی_هیدروکلرید,router_batch+pubchem,verified_telegram_listing,2026-08-25,69fdaeb62674328fc032e55fbb9cae90e6a60c9ef97df4fff6b25d7dcec36319
"methyl (1R,2S,9R,10R,11S,14R,15S,17R)-2,15-dimethyl-5,5'-dioxospiro[18-oxapentacyclo[8.8.0.01,17.02,7.011,15]octadec-6-ene-14,2'-oxolane]-9-carboxylate",Eplerenone,"methyl (1R,2S,9R,10R,11S,14R,15S,17R)-2,15-dimethyl-5,5'-dioxospiro[18-oxapentacyclo[8.8.0.01,17.02,7.011,15]octadec-6-ene-14,2'-oxolane]-9-carboxylate; Eplerenone",,443872,JUKPWJGBANNWMW-VWBFHTRKSA-N,C24H30O6,414.5,C[C@]12CCC(=O)C=C1C[C@H]([C@@H]3[C@]24[C@H](O4)C[C@]5([C@H]3CC[C@@]56CCC(=O)O6)C)C(=O)OC,confirmed_organic,pharmaceutical_or_api,research,BehChin Chemi Pharmed,Iranian supplier API/intermediate catalogue,supplier_catalogue_listed_not_current_stock_verified,https://www.behchinchemi.ir/en/our-products/active-pharmaceutical-ingredient,Eplerenone,supplier_table,verified_catalogue,2026-08-23,ee6538b73eba17746d254eedc2b7e748551349cd3d3347562b74dd4a65fa7ab8
"4-O-[(2S,3R,4S,6R)-4-(dimethylamino)-2-[[(3R,4S,5S,6R,7R,9R,11R,12R,13S,14R)-14-ethyl-7,12,13-trihydroxy-4-[(2R,4R,5S,6S)-5-hydroxy-4-methoxy-4,6-dimethyloxan-2-yl]oxy-3,5,7,9,11,13-hexamethyl-2,10-dioxo-oxacyclotetradec-6-yl]oxy]-6-methyloxan-3-yl] 1-O-ethyl butanedioate",Erythromycin Ethylsuccinate,"4-O-[(2S,3R,4S,6R)-4-(dimethylamino)-2-[[(3R,4S,5S,6R,7R,9R,11R,12R,13S,14R)-14-ethyl-7,12,13-trihydroxy-4-[(2R,4R,5S,6S)-5-hydroxy-4-methoxy-4,6-dimethyloxan-2-yl]oxy-3,5,7,9,11,13-hexamethyl-2,10-dioxo-oxacyclotetradec-6-yl]oxy]-6-methyloxan-3-yl] 1-O-ethyl butanedioate; Erythromycin Ethylsuccinate",,443953,NSYZCCDSJNWWJL-YXOIYICCSA-N,C43H75NO16,862.1,CCC1C(C(C(C(=O)C(CC(C(C(C(C(C(=O)O1)C)OC2CC(C(C(O2)C)O)(C)OC)C)OC3C(C(CC(O3)C)N(C)C)OC(=O)CCC(=O)OCC)(C)O)C)C)O)(C)O,confirmed_organic,,,Temad,Iranian WooCommerce catalogue,product_page_listed_not_current_stock_verified,https://www.temad.com/product/paracetamol-acetaminophen/,Erythromycin Ethylsuccinate,structured_pubchem,verified_web_catalogue,2026-08-25,34916103a1647f7afd840c843bc6d9c5ec3045c9a6738745a970e7f1ef896a75
(Z)-but-2-enedioic acid,Maleic Acid,(Z)-but-2-enedioic acid; Maleic Acid,110-16-7,444266,VZCYOOQTPOCHFL-UPHRSURJSA-N,C4H4O4,116.07,C(=C\C(=O)O)\C(=O)O,confirmed_organic,organic_reagent,research,Fardad Shimi; TamadKala; telegram:ATRmedShop,Iranian online lab-chemical shop | Iranian online wholesale/lab shop,product_page_listed_not_current_stock_verified,https://fardadshimi.com/product/6857954/,مالئیک اسید امرتات شیمی گرید for synthesis rd | مالئیک اسید مرک MERCK,router_title_normalization,verified_catalogue,2026-08-23,e6a85b970ac34935f2a17c5c744d2bca495f5815fd4565eab7a15ce28adeb12e
"2-amino-2-(hydroxymethyl)propane-1,3-diol",Tris base,"2-amino-2-(hydroxymethyl)propane-1,3-diol; Tris base; (2R,3R)-2,3-dihydroxybutanedioic acid",77-86-1,444305,LENZDBCJOHFCAS-UHFFFAOYSA-N,C4H11NO3,121.14,C(C(C(=O)O)O)(C(=O)O)O,confirmed_organic,organic_reagent,,Fardad Shimi; TamadKala; Telegram: ChemIranSanat; Mojallali Group,Iranian online lab-chemical shop | Iranian online wholesale/lab shop | Iranian supplier Telegram catalogue,listed_not_current_stock_verified | product_page_listed_not_current_stock_verified,https://drm-chem.com/en/product/l-tartaric-acid-laboratory-en/,L-(+)-Tartaric acid,existing skill export | router_title_normalization,verified_web_catalogue,2026-08-25,875aad925210224cc5dbea7dd21096fca63df898a21b1371b50cbc1e65ef393a
"(2E,4E,6R)-7-[4-(dimethylamino)phenyl]-N-hydroxy-4,6-dimethyl-7-oxohepta-2,4-dienamide",tsa,"(2E,4E,6R)-7-[4-(dimethylamino)phenyl]-N-hydroxy-4,6-dimethyl-7-oxohepta-2,4-dienamide; tsa",,444732,RTKIYFITIVXBLE-QEQCGCAPSA-N,C17H22N2O3,302.37,CC(C=C(C)C=CC(=O)NO)C(=O)C1=CC=C(C=C1)N(C)C,confirmed_organic,,,TamadKala,Iranian online wholesale/lab shop,product_page_listed_not_current_stock_verified,https://tamadkala.com/product/16092/محیط-کشت-تریپتیک-سوی-آگار-tsa-کیولب,محیط کشت تریپتیک سوی آگار tsa کیولب,structured_pubchem,verified_web_catalogue,2026-08-25,3207bfd5e83289e7cd91f5f59c6ca8a2eebd9fe06eb7fd87b76854f2cfc96878
(E)-but-2-enedioic acid,Fumaric acid,(E)-but-2-enedioic acid; Fumaric acid,,444972,VZCYOOQTPOCHFL-OWOJBTEDSA-N,C4H4O4,116.07,C(=C/C(=O)O)\C(=O)O,confirmed_organic,organic_reagent,,TamadKala,Iranian online wholesale/lab shop,product_page_listed_not_current_stock_verified,https://tamadkala.com/product/176075/%D8%A7%D8%B3%DB%8C%D8%AF-%D9%81%D9%88%D9%85%D8%A7%D8%B1%DB%8C%DA%A9-%D8%B5%D9%86%D8%B9%D8%AA%DB%8C,اسید فوماریک صنعتی,router_title_normalization,verified_catalogue,2026-08-23,0fb4f19a7820dc8f7281d4200d658b3ef6bf2bbefe6849cc99578a3369bdeb09
2-[hydroxy-(4-nitrophenoxy)phosphoryl]oxyethyl-trimethylazanium,npcc,2-[hydroxy-(4-nitrophenoxy)phosphoryl]oxyethyl-trimethylazanium; npcc,,445100,NAIXASFEPQPICN-UHFFFAOYSA-O,C11H18N2O6P+,305.24,C[N+](C)(C)CCOP(=O)(O)OC1=CC=C(C=C1)[N+](=O)[O-],confirmed_organic,,,TamadKala,Iranian online wholesale/lab shop,product_page_listed_not_current_stock_verified,https://tamadkala.com/product/58595/npcc,npcc,structured_pubchem,verified_web_catalogue,2026-08-25,00e3551b1af6ed46bf2a05c0352bf53f63ee4fc35185ad8be5047ff150f78153
"5-[(E)-2-(4-hydroxyphenyl)ethenyl]benzene-1,3-diol",Resveratrol,,501-36-0,445154,LUKBXSAWLPMMSZ-OWOJBTEDSA-N,C14H12O3,228.24,C1=CC(=CC=C1/C=C/C2=CC(=CC(=C2)O)O)O,confirmed_organic,secondary_metabolite_or_natural_product,,telegram:minatajhiz,Iranian supplier Telegram catalogue,listing_evidence_crawled_2026-08-24,https://t.me/minatajhiz/470,,ai_normalised_listing+pubchem_confirmed,verified_telegram_listing,2018-11-11,6a9b311ffadd7e8db5871d12429251f7a4dcc1fcfde8a49d4f8f8f35904de51c
"6-[[(4R,5R)-4-(hydroxymethyl)-5-methyl-2,6-dioxo-1,3-diazinan-5-yl]methyl]-5-methyl-1H-pyrimidine-2,4-dione",rca,"6-[[(4R,5R)-4-(hydroxymethyl)-5-methyl-2,6-dioxo-1,3-diazinan-5-yl]methyl]-5-methyl-1H-pyrimidine-2,4-dione; rca; RCA",,445213,KBBKHMIEEMSXSM-JVXZTZIISA-N,C12H16N4O5,296.28,CC1=C(NC(=O)NC1=O)CC2(C(NC(=O)NC2=O)CO)C,confirmed_organic,,,TamadKala; ShimiMan,Iranian online wholesale/lab shop,product_page_listed_not_current_stock_verified,https://tamadkala.com/product/166443/محیط-کشت-رینفورس-کلاستریدیالrca-آگار-کد-105,محیط کشت رینفورس کلاستریدیالrca آگار کد 105,structured_pubchem,verified_web_catalogue,2026-08-25,f74663513eaf5e94ed7f37031cec34b2b474df353892339b00bfabdb99842d42
"[(2R,3S,4R,5R)-5-(6-aminopurin-9-yl)-3,4-dihydroxyoxolan-2-yl]methyl N-[(2S,3R)-2-amino-3-hydroxybutanoyl]sulfamate",tsb,"[(2R,3S,4R,5R)-5-(6-aminopurin-9-yl)-3,4-dihydroxyoxolan-2-yl]methyl N-[(2S,3R)-2-amino-3-hydroxybutanoyl]sulfamate; tsb",,445439,UPVAPSGKXAAHBG-CKTDUXNWSA-N,C14H21N7O8S,447.43,CC(C(C(=O)NS(=O)(=O)OCC1C(C(C(O1)N2C=NC3=C(N=CN=C32)N)O)O)N)O,confirmed_organic,,,TamadKala,Iranian online wholesale/lab shop,product_page_listed_not_current_stock_verified,https://tamadkala.com/product/16093/محیط-کشت-تریپتیک-سوی-براث-tsb,محیط کشت تریپتیک سوی براث tsb,structured_pubchem,verified_web_catalogue,2026-08-25,628b40b476645ae7414ffc07e646cc924c71ff2155c35c4a90aa5d03b4da94a9
(Z)-octadec-9-enoic acid,Oleic acid,(Z)-octadec-9-enoic acid; Oleic acid; Oleic Acid,112-80-1,445639,ZQPPMHVWECSIRJ-KTKRTIGZSA-N,C18H34O2,282.5,CCCCCCCC/C=C\CCCCCCCC(=O)O,confirmed_organic,organic_reagent,,Isatis Shimi; TamadKala; IR Chem / Pishgaman,Iranian online chemical shops | Iranian online wholesale/lab shop,product_page_listed_not_current_stock_verified,https://isatisshimi.com/en/product/oleic-acid/,Oleic Acid | اسید اولئیک | اولئیک اسید,router_title_normalization,verified_catalogue,2026-08-23,e50dba5cffa86f14fdf06b3239a7c27205a606e1ca830f0910601790466ac357
N-[(2R)-3-indol-1-yl-2-methylpropyl]-4-sulfamoylbenzamide,SBR,N-[(2R)-3-indol-1-yl-2-methylpropyl]-4-sulfamoylbenzamide; SBR,,446276,ZFWHOUCRVSOZJE-CQSZACIVSA-N,C19H21N3O3S,371.5,CC(CNC(=O)C1=CC=C(C=C1)S(=O)(=O)N)CN2C=CC3=CC=CC=C32,confirmed_organic,,,telegram:IranChemicals,public Telegram (news),product_page_listed_not_current_stock_verified,https://t.me/IranChemicals/31677,🔴 #خرید درود و عرض ادب آعاز هفته همگی پر از برکت. SBR 1502 چند پالت لطفا چنانچه هر یک از شما عزیزان ماده فوق را  موجود داشته باشند ممنون میشم اطلاع رسانی بفرمایند. ۰۹۱۲۱۸۴۴۶۹۲,structured_pubchem,verified_telegram_listing,2026-08-25,5440a0ecd59bc489cfadea84b00b61114479f61ee243c24177f59c94c2d5d161
"(6E,8E,10E,12E,14E,16E,18E,20E,22E,24E,26E)-2,6,10,14,19,23,27,31-octamethyldotriaconta-2,6,8,10,12,14,16,18,20,22,24,26,30-tridecaene","(6E,8E,10E,12E,14E,16E,18E,20E,22E,24E,26E)-2,6,10,14,19,23,27,31-octamethyldotriaconta-2,6,8,10,12,14,16,18,20,22,24,26,30-tridecaene",,502-65-8,446925,OAIJSZIZWZSQBC-GYZMGTAESA-N,C40H56,536.9,CC(=CCCC(=CC=CC(=CC=CC(=CC=CC=C(C)C=CC=C(C)C=CC=C(C)CCC=C(C)C)C)C)C)C,confirmed_organic,,,telegram:ChemIranSanat,public Telegram (seller_research),product_page_listed_not_current_stock_verified,https://t.me/ChemIranSanat/1616,Lycopene | شیمی هندوانه رنگ و بوی هندوانه به ترتیب ناشی از Lycopene و آلدهیدهای باتعداد 6 و 9 کربن است هورمون رشد گیاهی Forchlorfenurane در هندوانه ممکن است منجر به انفجار آن شود! 🍉 یلدایتان گرم و با انفجار خنده و شادی 🍉 🆔 @ChemIran1,router_batch+pubchem,verified_telegram_listing,2026-08-25,4453060801a167214c1b8ffa646518e03dfceff53384044b6387c7cc7ab6a6b8
"(2R,3S,4R,5R,8R,10R,11R,12S,13S,14R)-11-[(2S,3R,4S,6R)-4-(dimethylamino)-3-hydroxy-6-methyloxan-2-yl]oxy-2-ethyl-3,4,10-trihydroxy-13-[(2R,4R,5S,6S)-5-hydroxy-4-methoxy-4,6-dimethyloxan-2-yl]oxy-3,5,6,8,10,12,14-heptamethyl-1-oxa-6-azacyclopentadecan-15-one",azithromycin,"(2R,3S,4R,5R,8R,10R,11R,12S,13S,14R)-11-[(2S,3R,4S,6R)-4-(dimethylamino)-3-hydroxy-6-methyloxan-2-yl]oxy-2-ethyl-3,4,10-trihydroxy-13-[(2R,4R,5S,6S)-5-hydroxy-4-methoxy-4,6-dimethyloxan-2-yl]oxy-3,5,6,8,10,12,14-heptamethyl-1-oxa-6-azacyclopentadecan-15-one; azithromycin",,447043,MQTOSJVFKKJCRP-BICOPXKESA-N,C38H72N2O12,749.0,CC[C@@H]1[C@@]([C@@H]([C@H](N(C[C@@H](C[C@@]([C@@H]([C@H]([C@@H]([C@H](C(=O)O1)C)O[C@H]2C[C@@]([C@H]([C@@H](O2)C)O)(C)OC)C)O[C@H]3[C@@H]([C@H](C[C@H](O3)C)N(C)C)O)(C)O)C)C)C)O)(C)O,confirmed_organic,pharmaceutical_or_api,,Rooz Darou,Iranian pharmaceutical product catalogue,product_page_listed_not_current_stock_verified,http://rouzdarou.com/products/%D9%82%D8%B1%D8%B5-%D8%A2%D8%B2%DB%8C%D8%AA%D8%B1%D9%88%D9%85%D8%A7%DB%8C%D8%B3%DB%8C%D9%86-250,قرص آزیترومایسین 250,PubChem name validation from supplier product title,verified_catalogue,2026-08-23,5edcc3788dc9ef207865c1c5be734fda5006d4b1678371f0b4fe80516d4fe332
"3-chloro-N-[4-chloro-2-[(5-chloro-2-pyridinyl)carbamoyl]-6-methoxyphenyl]-4-[[methyl(1,3-oxazol-2-yl)amino]methyl]thiophene-2-carboxamide",xld,"3-chloro-N-[4-chloro-2-[(5-chloro-2-pyridinyl)carbamoyl]-6-methoxyphenyl]-4-[[methyl(1,3-oxazol-2-yl)amino]methyl]thiophene-2-carboxamide; xld",,447194,YVPSRJBNOKCMAX-UHFFFAOYSA-N,C23H18Cl3N5O4S,566.8,CN(CC1=CSC(=C1Cl)C(=O)NC2=C(C=C(C=C2OC)Cl)C(=O)NC3=NC=C(C=C3)Cl)C4=NC=CO4,confirmed_organic,,,TamadKala,Iranian online wholesale/lab shop,product_page_listed_not_current_stock_verified,https://tamadkala.com/product/31726/محیط-کشت-xld-آگار,محیط کشت xld آگار,structured_pubchem,verified_web_catalogue,2026-08-25,654533fc9f07eb3b72a9d5dae58dac4bcd3625c384b7d0f68ddc85404da5ffcf
"(2S)-2-amino-5-[[(2R)-1-(carboxymethylamino)-3-[[(9R,10R)-10-hydroxy-9,10-dihydrophenanthren-9-yl]sulfanyl]-1-oxopropan-2-yl]amino]-5-oxopentanoic acid",GPS,"(2S)-2-amino-5-[[(2R)-1-(carboxymethylamino)-3-[[(9R,10R)-10-hydroxy-9,10-dihydrophenanthren-9-yl]sulfanyl]-1-oxopropan-2-yl]amino]-5-oxopentanoic acid; GPS",,449366,JNNIZILNBMPOAC-MOXQZVSFSA-N,C24H27N3O7S,501.6,C1=CC=C2C(=C1)C(C(C3=CC=CC=C32)SCC(C(=O)NCC(=O)O)NC(=O)CCC(C(=O)O)N)O,confirmed_organic,,,telegram:ChemIranSanat,public Telegram (seller_research),product_page_listed_not_current_stock_verified,https://t.me/ChemIranSanat/1784,اتم به اتم با جدول تناوبی  37. روبیدیم واکنش پذیری شدید روبیدیم به این معنی است که کاربردهای آن در فرم ابتدایی محدود است. با این حال، یک استفاده در ماهواره هاست که ما را قادر می سازد از GPS در تلفن های خود استفاده کنیم. ساعتهای اتمی روبییدیم از انتقال الکترونها…,structured_pubchem,verified_telegram_listing,2026-08-25,59785f983ebcdf24276c5851398fd633a6a1eb50f0646c526a103c24245c04bd
5-fluoro-2-oxo-1H-pyrazine-3-carboxamide,Favipiravir,,,492405,ZCGNOVWYSGBHAU-UHFFFAOYSA-N,C5H4FN3O2,157.10,C1=C(N=C(C(=O)N1)C(=O)N)F,confirmed_organic,pharmaceutical_or_api,,telegram:IranChemicals,Iranian supplier Telegram catalogue,listing_evidence_crawled_2026-08-24,https://t.me/Iranchemicals/18894,,ai_normalised_listing+pubchem_confirmed,verified_telegram_listing,2020-09-12,38cde70f572f77e5c3bbdcbd99f44a4152ec203b1e9b7a2a1c272a48a661affa
"7,8-dimethyl-10-[(2S,3S,4R)-2,3,4,5-tetrahydroxypentyl]benzo[g]pteridine-2,4-dione",Riboflavin,"7,8-dimethyl-10-[(2S,3S,4R)-2,3,4,5-tetrahydroxypentyl]benzo[g]pteridine-2,4-dione; Riboflavin",,493570,AUNGANRZJHBGPY-SCRDCRAPSA-N,C17H20N4O6,376.4,CC1=CC2=C(C=C1C)N(C3=NC(=O)NC(=O)C3=N2)C[C@@H]([C@@H]([C@@H](CO)O)O)O,confirmed_organic,secondary_metabolite_or_natural_product,research,TamadKala,Iranian online research/chemical shop | Iranian online wholesale/lab shop,product_page_listed_not_current_stock_verified,https://tamadkala.com/product/164606/%D8%B1%DB%8C%D8%A8%D9%88-%D9%81%D9%84%D8%A7%D9%88%DB%8C%D9%86-%D8%A8%D8%B1%D9%86%D8%AF-%D9%84%D9%88%D8%A8%D8%A7-%D9%87%D9%86%D8%AF,ریبو فلاوین برند لوبا هند | ریبوفلاوین,explicit_category_supplement | router_title_normalization,verified_catalogue,2026-08-23,2ebae4b70d94f47aa279a19ff8709b068b8f4c1e42684071b937f223b111946d
Potassium thiocyanate,Potassium thiocyanate,Potassium thiocyanate; potassium thiocyanate,333-20-0,516872,ZNNZYHKDIALBAK-UHFFFAOYSA-M,CKNS,97.18,C(#N)[S-].[K+],confirmed_organic,organic_reagent,,Mojallali Group,web_catalogue,listing_evidence_crawled_2026-08-23,https://drm-chem.com/en/product/potassium-thiocyanate-en/,Potassium thiocyanate,pubchem_direct,verified_web_catalogue,2026-08-23,c19a5b3c4f6dee8eb20a5a967d746b17109142584279c78e3b22524f292d9e26
sodium bicarbonate,sodium bicarbonate,sodium bicarbonate; sodium hydrogen carbonate; Baking soda,144-55-8,516892,UIIMBOGNXHQVGW-UHFFFAOYSA-M,CHNaO3,84.007,C(=O)(O)[O-].[Na+],confirmed_organic,organic_reagent,research,telegram:ChemIranSanat; telegram:chemgroup; Chemical Iran; TamadKala; DigiShimi; Isatis Shimi; Mojallali Group; ShimiMan; IR Chem / Pishgaman; telegram:ATRmedShop,telegram:ChemIranSanat; chemgroup; Chemical Iran,telegram_listing_evidence,https://t.me/chemgroup/2838,فروش بی کربنات سدیم,alias+pubchem,verified_telegram_listing,2026-08-23,37bffb2573a14ceaa0d8df16a9a8b6bd6125df22efce3947dee867efae55dcf3
sodium 4-anilinobenzenesulfonate,sodium 4-anilinobenzenesulfonate,,6152-67-6,517002,DGXTZMPQSMIFEC-UHFFFAOYSA-M,C12H10NNaO3S,271.27,C1=CC=C(C=C1)NC2=CC=C(C=C2)S(=O)(=O)[O-].[Na+],confirmed_organic,,,telegram:ATRmedShop,public Telegram (seller_research),product_page_listed_not_current_stock_verified,https://t.me/ATRmedShop/732,Sodium diphenylamine-4-sulfonate | خرید سدیم دیفنیل آمین-4-سولفونات | قیمت سدیم دیفنیل آمین-4-سولفونات ‌‏⁧ ‌‌‏‌محصولات سیگما اصل را از ما بخواهید. 👇 واردات و فروش مواد شیمیایی سیگما 👇 ‌‌ ‌ ☎️ تلفن: ۰۲۱۶۶۳۶۱۵۴۳-۶۶۳۷۹۰۲۶-۰۲۱ ‌ 📱 موبایل: 09120549893 🌐 لینک محصول : https://atrmed.com/product/sodium-diphenylamine-4-sulfonate/?v=e067b3c6b979 #آثل_طب #مواد_ازمایشگاه #مواد_شیمیایی #بیولوژی #بیولوژی_مولکولی #آنتی_بیوتیک #آنزیم #سیگماآلدریچ #مرک #سدیم_دیفنیل,router_batch+pubchem,verified_telegram_listing,2026-08-25,e56883af1c22943056f5d6203b9b9781238ce7006c7b5b1946d19e94a80daf56
potassium acetate,Sodium acetate,potassium acetate; Sodium acetate,127-09-3,517044,SCVFZCLFOSHCOH-UHFFFAOYSA-M,C2H3NaO2,98.14,CC(=O)[O-].[K+],confirmed_organic,organic_reagent,research,DigiShimi; Fardad Shimi; TamadKala; Mojallali Group,Iranian online chemical shops | Iranian online lab-chemical shop | Iranian online wholesale/lab shop,product_page_listed_not_current_stock_verified,https://digishimii.ir/Product/%d8%a7%d8%b3%d8%aa%d8%a7%d8%aa-%d8%b3%d8%af%db%8c%d9%85/,استات سدیم | سدیم استات خشک extra pure دکتر مجللی | ... | سدیم استات خشک laboratory دکتر مجللی | ... | سدیم استات خشک usp دکتر مجللی | ... | سدیم استات قطران شیمی | فروش استات سدیم | ... | پتاسیم استات extra pure دکتر مجللی | ... | پتاسیم استات قطران شیمی | ... | پتاسیم استات ۱ ک,router_title_normalization,verified_catalogue,2026-08-23,0da5ac0279060e11169e06e610cc958313f046d6e5f393c2bad9a2d7e1f66a16
Sodium Acetate,Sodium acetate anhydrous,Sodium Acetate; Sodium acetate anhydrous; sodium acetate,127-09-3,517045,VMHLLURERBWHNL-UHFFFAOYSA-M,C2H3NaO2,82.03,CC(=O)[O-].[Na+],confirmed_organic,organic_reagent,,Mojallali Group; TamadKala; DigiShimi; ShimiMan; IR Chem / Pishgaman; telegram:ATRmedShop,web_catalogue,listing_evidence_crawled_2026-08-23,https://drm-chem.com/en/product/sodium-acetate-anhydrous-bp-en/,Sodium acetate anhydrous,pubchem_direct,verified_web_catalogue,2026-08-23,09e89cc09dbe2d95613dfabc9289b1d48459a0b7c9aa82ab207b4120bfb6ad70
sodium benzoate,Sodium benzoate,sodium benzoate; Sodium benzoate; Sodium Benzoate,540-16-9,517055,WXMKPNITSTVMEF-UHFFFAOYSA-M,C7H5NaO2,144.10,C1=CC=C(C=C1)C(=O)[O-].[Na+],confirmed_organic,organic_reagent,research,ShimiMan; TamadKala; Isatis Shimi; Mojallali Group; telegram:ATRmedShop,Iranian online chemical shop | Iranian online wholesale/lab shop,product_page_listed_not_current_stock_verified,https://shimiman.com/product/sodium-benzoate-grade-extra-pure/,https://shimiman.com/product/sodium-benzoate-grade-extra-pure/ | https://shimiman.com/product/sodium-benzoate-grade-laboratory/ | بنزوات سدیم صنعتی | سدیم بنزوات extra pure دکتر مجللی | ... | سدیم بنزوات extra pure کد 05785 برند لوباکمی هند | سدیم بنزوات laboratory دکتر مجللی | .,router_title_normalization | sitemap_title,verified_catalogue,2026-08-23,e50fa463d0e2f0edc7aaa8b0f7752de86e9b7715c40cb6932340df5e428bf6c1
azanium acetate,Ammonium acetate,azanium acetate; Ammonium acetate,631-61-8,517165,USFZMSVCRYTOJT-UHFFFAOYSA-N,C2H7NO2,77.08,CC(=O)[O-].[NH4+],confirmed_organic,organic_reagent,research,DigiShimi; Fardad Shimi; ShimiMan; TamadKala; Mojallali Group,Iranian online chemical shop | Iranian online chemical shops | Iranian online lab-chemical shop | Iranian online wholesale/lab shop,product_page_listed_not_current_stock_verified,https://digishimii.ir/Product/%d8%a7%d8%b3%d8%aa%d8%a7%d8%aa-%d8%a2%d9%85%d9%88%d9%86%db%8c%d9%88%d9%85/,https://shimiman.com/product/ammonium-acetate-grade-extra-pure/ | آمونیوم استات acs دکتر مجللی | ... | آمونیوم استات extra pure دکتر مجللی | ... | آمونیوم استات امرتات شیمی گرید extra pure | آمونیوم استات خوراکی | ... | آمونیوم استات قطران شیمی | استات آمونیوم | استات آمونیوم MER,router_title_normalization | sitemap_title,verified_catalogue,2026-08-23,9165cdbf89390018c98983a4a5c668ca95008cbcc3d666a9761b55cdafad056e
Sodium saccharin dihydrate,Saccharin sodium dihydrate,"Sodium saccharin dihydrate; Saccharin sodium dihydrate; sodium;1,1-dioxo-1,2-benzothiazol-2-id-3-one;dihydrate",6155-57-3,517320,AYGJDUHQRFKLBG-UHFFFAOYSA-M,C7H8NNaO5S,241.20,C1=CC=C2C(=C1)C(=O)[N-]S2(=O)=O.O.O.[Na+],confirmed_organic,organic_reagent,,Mojallali Group,web_catalogue,listing_evidence_crawled_2026-08-23,https://drm-chem.com/en/product/saccharin-sodium-dihydrate/,Saccharin sodium dihydrate,pubchem_direct,verified_web_catalogue,2026-08-23,d2e9427b480dab21e066229c8a029a52edc67ed752f5e5cb509353236780e2cc
sodium;chloro-(4-methylphenyl)sulfonylazanide;trihydrate,sodium;chloro-(4-methylphenyl)sulfonylazanide;trihydrate,sodium;chloro-(4-methylphenyl)sulfonylazanide;trihydrate,7080-50-4,517414,NZYOAGBNMCVQIV-UHFFFAOYSA-N,C7H13ClNNaO5S,281.69,CC1=CC=C(C=C1)S(=O)(=O)[N-]Cl.O.O.O.[Na+],confirmed_organic,,,Mojallali Group,Iranian WooCommerce catalogue,product_page_listed_not_current_stock_verified,https://drm-chem.com/en/product/chloramine-t-trihydrate-ext-en/,Chloramine T trihydrate,cas_pubchem,verified_web_catalogue,2026-08-25,17651022aee5eb25fb6aa2672165b7e4c282041d19ba902388a88b550cb7ebf6
"3-oct-2-enyloxolane-2,5-dione",osa,"3-oct-2-enyloxolane-2,5-dione; osa; OSA",,534543,WSGFXVFLWVXTCJ-UHFFFAOYSA-N,C12H18O3,210.27,CCCCCC=CCC1CC(=O)OC1=O,confirmed_organic,,,TamadKala; ShimiMan,Iranian online wholesale/lab shop,product_page_listed_not_current_stock_verified,https://tamadkala.com/product/41737/محیط-کشت-osa,محیط کشت osa,structured_pubchem,verified_web_catalogue,2026-08-25,53490a384552add262b491819b189b168714ea245ae38b209b09d9328b483556
"Benzophenone-4,4'-dicarboxylic Acid","4,4'-Carbonyldibenzoic acid",,,590830,LFEWXDOYPCWFHR-UHFFFAOYSA-N,C15H10O5,270.24,C1=CC(=CC=C1C(=O)C2=CC=C(C=C2)C(=O)O)C(=O)O,confirmed_organic,organic_reagent,,ChemIranSanat,telegram,listing_evidence_crawled_2026-08-23,https://t.me/ChemIranSanat/1823,"235885 Fluorochem 4,4'-Carbonyldibenzoic acid 25g 🔜 موجود و آماده تحویل ✅ شیمیران صنعت فقط اصلی ♾ موجودی و تنوع بی نظیر از برندهای معتبر 📱 سفارش کالا 👇 🆔 @ChemIranAdmin 🆔 @ChemIran1",ai_resolved+pubchem,verified_telegram_listing,2026-08-23,57b1247819ca20fcda233a0b627aa6a4954906ef78e89ed7b362c652c2415ce7
Edetate Disodium,Edetate Disodium,,,636371,OVBJJZOQPCKUOR-UHFFFAOYSA-L,C10H18N2Na2O10,372.24,C(CN(CC(=O)O)CC(=O)[O-])N(CC(=O)O)CC(=O)[O-].O.O.[Na+].[Na+],confirmed_organic,organic_reagent,,Mojallali Group,web_catalogue,listing_evidence_crawled_2026-08-23,https://drm-chem.com/en/product/edetate-disodium/,Edetate Disodium,pubchem_direct,verified_web_catalogue,2026-08-23,18a1fc5684c12cc06fde7d914116a4f3da378550fcf774cd1e8b9c4e8b451f2e
(E)-3-phenylprop-2-enal,Cinnamaldehyde,(E)-3-phenylprop-2-enal; Cinnamaldehyde,104-55-2,637511,KJPRLNWUNMBNBZ-QPJJXVBHSA-N,C9H8O,132.16,C1=CC=C(C=C1)/C=C/C=O,confirmed_organic,organic_reagent,industrial,Telegram: ChemIranSanat,Iranian supplier Telegram catalogue,listed_not_current_stock_verified,,(E)-3-phenylprop-2-enal,existing skill export,verified_catalogue,2026-08-23,2e0482ce752c86ad28397189b0b2bbb7ae7565d7d136a673f0dbe416cde9aa6e
"1,2-dimethoxy-4-[(E)-prop-1-enyl]benzene",Methylisoeugenol,"1,2-dimethoxy-4-[(E)-prop-1-enyl]benzene; Methylisoeugenol",,637776,NNWHUJCUHAELCL-SNAWJCMRSA-N,C11H14O2,178.23,C/C=C/C1=CC(=C(C=C1)OC)OC,confirmed_organic,organic_reagent,research,Telegram: minatajhiz,Iranian supplier Telegram catalogue,listed_not_current_stock_verified,https://t.me/minatajhiz/100,"1,2-dimethoxy-4-[(E)-prop-1-enyl]benzene",existing skill export,verified_catalogue,2026-08-23,e1f3e558b0738ce319695563ac6bdb1fed277fdef6bbd5df074e3f3b4f8e5988
"(2E,4E)-5-(1,3-benzodioxol-5-yl)-1-piperidin-1-ylpenta-2,4-dien-1-one",Piperine,,94-62-2,638024,MXXWOMGUGJBKIW-YPCIICBESA-N,C17H19NO3,285.34,C1CCN(CC1)C(=O)/C=C/C=C/C2=CC3=C(C=C2)OCO3,confirmed_organic,secondary_metabolite_or_natural_product,,telegram:ChemIranSanat,Iranian supplier Telegram catalogue,listing_evidence_crawled_2026-08-24,https://t.me/ChemIranSanat/1349,,ai_normalised_listing+pubchem_confirmed,verified_telegram_listing,2018-04-03,8d80aca8f859b273e4fd7f84ad0ae31f97fa4acf3c978df347b1c7247722b2c0
"(2E,4E)-hexa-2,4-dienoic acid",Sorbic acid,"(2E,4E)-hexa-2,4-dienoic acid; Sorbic acid",110-44-1,643460,WSWCOQWTEOXDQX-MQQKCMAXSA-N,C6H8O2,112.13,C/C=C/C=C/C(=O)O,confirmed_organic,organic_reagent,,Fardad Shimi,Iranian online lab-chemical shop,product_page_listed_not_current_stock_verified,https://fardadshimi.com/product/6195767/,اسید سوربیک MERCK,router_title_normalization,verified_catalogue,2026-08-23,312a5e1a174e1a8bcc54c99a576234885c8c192e3ea2990770fe4c1411396935
Buprenorphine,Buprenorphine,,,644073,RMRJXGBAOAMLHD-IHFGGWKQSA-N,C29H41NO4,467.6,C[C@]([C@H]1C[C@@]23CC[C@@]1([C@H]4[C@@]25CCN([C@@H]3CC6=C5C(=C(C=C6)O)O4)CC7CC7)OC)(C(C)(C)C)O,confirmed_organic,pharmaceutical_or_api,,Temad,web_catalogue,listing_evidence_crawled_2026-08-23,https://www.temad.com/product/buprenorphine-base/,Buprenorphine Base,ai_resolved+pubchem,verified_web_catalogue,2026-08-23,95509f8678ea8ff6b6f1a9fa528c754f53502902ee608b53ddbdbc8161519a3f
"(2R)-2-phenyl-2-[(2R,3R,4S,5S,6R)-3,4,5-trihydroxy-6-[[(2R,3R,4S,5S,6R)-3,4,5-trihydroxy-6-(hydroxymethyl)oxan-2-yl]oxymethyl]oxan-2-yl]oxyacetonitrile","(2R)-2-phenyl-2-[(2R,3R,4S,5S,6R)-3,4,5-trihydroxy-6-[[(2R,3R,4S,5S,6R)-3,4,5-trihydroxy-6-(hydroxymethyl)oxan-2-yl]oxymethyl]oxan-2-yl]oxyacetonitrile",,29883-15-6,656516,XUCIJNAGGSZNQT-JHSLDZJXSA-N,C20H27NO11,457.4,C1=CC=C(C=C1)C(C#N)OC2C(C(C(C(O2)COC3C(C(C(C(O3)CO)O)O)O)O)O)O,confirmed_organic,,,telegram:ChemIranSanat,public Telegram (seller_research),product_page_listed_not_current_stock_verified,https://t.me/ChemIranSanat/1755,Amygdalin | برخی مواد طبیعی در (هسته) سیب (Amygdalin) و (جوانه های سبز) سیب زمینی (Solanine) یا مواد ساخته دست بشر مانند آسپرین در مقادیر بیش از 1000 میلی گرم به ازای 1 کیلوگرم وزن بدن انسان سمی هستند (دوز سمی برای یک انسان 70 کیلویی، بیش از 7 گرم است). مواد دیگری چون قند طبیعی و تفلون مصنوعی در این دوز سمی نیستند. 🆔 @ChemIran1,router_batch+pubchem,verified_telegram_listing,2026-08-25,7eda688d8ec92c6e8403b1abfa765ca19b808360cbc20ea349650735f5093f29
"sodium 1,1-dioxo-1,2-benzothiazol-2-id-3-one",Sodium saccharin,"sodium 1,1-dioxo-1,2-benzothiazol-2-id-3-one; Sodium saccharin",,656582,WINXNKPZLFISPD-UHFFFAOYSA-M,C7H4NNaO3S,205.17,C1=CC=C2C(=C1)C(=O)[N-]S2(=O)=O.[Na+],confirmed_organic,pharmaceutical_or_api,research,DigiShimi; Fardad Shimi; TamadKala,Iranian online chemical shops | Iranian online lab-chemical shop | Iranian online wholesale/lab shop,product_page_listed_not_current_stock_verified,https://digishimii.ir/Product/%d8%b3%d8%af%db%8c%d9%85-%d8%b3%d8%a7%d8%ae%d8%a7%d8%b1%db%8c%d9%86/,سدیم ساخارین | سدیم ساخارین extra pure نوترون | سدیم ساخارین خوراکی | ... | سدیم ساخارین ۲ آبه مرک MERCK,router_title_normalization,verified_catalogue,2026-08-23,fdb1c8a6b0201b2488375dae0bdbffef0328f80efc4f8978deda503651953021
"(2R,3R,4S,5R,6S)-2-(hydroxymethyl)-6-propan-2-ylsulfanyloxane-3,4,5-triol","(2R,3R,4S,5R,6S)-2-(hydroxymethyl)-6-propan-2-ylsulfanyloxane-3,4,5-triol","(2R,3R,4S,5R,6S)-2-(hydroxymethyl)-6-propan-2-ylsulfanyloxane-3,4,5-triol",367-93-1,656894,BPHPUYQFMNQIOC-NXRLNHOXSA-N,C9H18O5S,238.30,CC(C)SC1C(C(C(C(O1)CO)O)O)O,confirmed_organic,,,telegram:ATRmedShop,public Telegram (seller_research),product_page_listed_not_current_stock_verified,https://t.me/ATRmedShop/779,Isopropyl β-D-1-thiogalactopyranoside (IPTG) | IPTG(آی پی تی جی) IPTG(آی پی تی جی) یا ایزوپروپیل بتا-دی-تیوگالاکتوپیرانوزید القاکننده بیان بتا گالاکتوزیداز است و به‌عنوان یک مولکول شبیه متابولیت لاکتوز عمل می‌کند. حضور این ماده با اتصال به مهارکننده lac، موجب فعال شدن اپران lac در رونویسی ژن‌های پایین‌دست می‌شود. همچنین در القای پروتئین‌های نوترکیب مورد استفاده قرار می‌گیرد. بیان پروتئین مورد نظر در ژن‌های پایین‌دست از... برا ی ادامه مطلب، مشاهده و خرید آنلاین IPTG(آی پی تی جی) یا ایزوپروپیل بتا,router_batch+pubchem,verified_telegram_listing,2026-08-25,8d4d90f949c029eb20ad8aa6f01e86a2697a78af27ed72bcf46991a2ee36e931
3-[(4-carboxy-2-hydroxyphenyl)sulfamoyl]thiophene-2-carboxylic acid,htc,3-[(4-carboxy-2-hydroxyphenyl)sulfamoyl]thiophene-2-carboxylic acid; htc,,657106,RDPXXOOKKRIKFN-UHFFFAOYSA-N,C12H9NO7S2,343.3,C1=CC(=C(C=C1C(=O)O)O)NS(=O)(=O)C2=C(SC=C2)C(=O)O,confirmed_organic,,,TamadKala,Iranian online wholesale/lab shop,product_page_listed_not_current_stock_verified,https://tamadkala.com/product/54101/دماسنج-و-رطوبت-سنج-محیطی-htc-2,دماسنج و رطوبت سنج محیطی htc 2,structured_pubchem,verified_web_catalogue,2026-08-25,411efe1b68aaa5e44d0b1ddccab10d9fa612961f12fa9e0cea0c86244b9dea58
(Z)-2-benzamido-3-[4-(2-bromophenoxy)phenyl]prop-2-enoic acid,ph7,(Z)-2-benzamido-3-[4-(2-bromophenoxy)phenyl]prop-2-enoic acid; ph7,,657131,WLPJLQNKCJWAFL-RGEXLXHISA-N,C22H16BrNO4,438.3,C1=CC=C(C=C1)C(=O)NC(=CC2=CC=C(C=C2)OC3=CC=CC=C3Br)C(=O)O,confirmed_organic,,,telegram:labshop,public Telegram (seller_research),product_page_listed_not_current_stock_verified,https://t.me/labshop/60,"استاندارد ph7,4,10  ـ۱۴۵۰۰۰تومن",structured_pubchem,verified_telegram_listing,2026-08-25,6919dede094fc5fd199c1a2d407fc6c4101125e7cec8b54720ba44b5a971a965
(Phenylazo)thioformic acid 2-phenylhydrazide,Dithizone,(Phenylazo)thioformic acid 2-phenylhydrazide; Dithizone; 1-anilino-3-phenyliminothiourea,60-10-6,657262,UOFGSWVZMUXXIY-UHFFFAOYSA-N,C13H12N4S,256.33,C1=CC=C(C=C1)NNC(=S)N=NC2=CC=CC=C2,confirmed_organic,organic_reagent,,Mojallali Group,web_catalogue,listing_evidence_crawled_2026-08-23,https://drm-chem.com/en/product/dithizone-indicator-en/,Dithizone,pubchem_direct,verified_web_catalogue,2026-08-23,fd9194549db43f24b7859671d74e5fe065d17b2f702e6ec0cfb85a9fbb102099
2-(4-carboxy-2-pyridinyl)pyridine-4-carboxylic acid,2-(4-carboxy-2-pyridinyl)pyridine-4-carboxylic acid,,6813-38-3,688094,FXPLCAKVOYHAJA-UHFFFAOYSA-N,C12H8N2O4,244.20,C1=CN=C(C=C1C(=O)O)C2=NC=CC(=C2)C(=O)O,confirmed_organic,,,telegram:ChemIranSanat,public Telegram (seller_research),product_page_listed_not_current_stock_verified,https://t.me/ChemIranSanat/1816,"2,2'-Dipyridyl-4,4'-dicarboxylic acid | 047799 Fluorochem 2,2'-Dipyridyl-4,4'-dicarboxylic acid 5g 🔜 موجود و آماده تحویل ✅ شیمیران صنعت فقط اصلی ♾ موجودی و تنوع بی نظیر از برندهای معتبر 📱 سفارش کالا 👇 🆔 @ChemIranAdmin 🆔 @ChemIran1",router_batch+pubchem,verified_telegram_listing,2026-08-25,5bfe9b09ec2e9d25d9c8c4a929c6904b2ca77bb414cf147aa13e4fe624287bcc
2-methylpropyl (E)-3-phenylprop-2-enoate,Isobutyl Cinnamate,,122-67-8,778574,IQZUZPKOFSOVET-CMDGGOBGSA-N,C13H16O2,204.26,CC(C)COC(=O)/C=C/C1=CC=CC=C1,confirmed_organic,fragrance_or_aroma,,telegram:minatajhiz,Iranian supplier Telegram catalogue,listing_evidence_crawled_2026-08-24,https://t.me/minatajhiz/1016,,ai_normalised_listing+pubchem_confirmed,verified_telegram_listing,2023-04-30,6661ab1338ccd34fb1db493cfb81c54e391c64bb88744f9084f877be4b3a2ad7
"(5S,7R)-3-aminoadamantan-1-ol",low,"(5S,7R)-3-aminoadamantan-1-ol; low",,796820,DWPIPTNBOVJYAD-BQKDNTBBSA-N,C10H17NO,167.25,C1C2CC3(CC1CC(C2)(C3)O)N,confirmed_organic,,,TamadKala,Iranian online wholesale/lab shop,product_page_listed_not_current_stock_verified,https://tamadkala.com/product/48447/کیتوسان-low-آزمایشگاهی-ایران-کیتوزان,کیتوسان low آزمایشگاهی ایران کیتوزان,structured_pubchem,verified_web_catalogue,2026-08-25,9fe21189823f00ed3ba0f3e6a564336c609f5917ea03bb8fcaa1dd9446c856a8
"(1E,6E)-1,7-bis(4-hydroxy-3-methoxyphenyl)hepta-1,6-diene-3,5-dione",Curcumin,"(1E,6E)-1,7-bis(4-hydroxy-3-methoxyphenyl)hepta-1,6-diene-3,5-dione; Curcumin",458-37-7,969516,VFLDPWHFBUODDF-FCXRPNKRSA-N,C21H20O6,368.4,COC1=C(C=CC(=C1)/C=C/C(=O)CC(=O)/C=C/C2=CC(=C(C=C2)O)OC)O,confirmed_organic,secondary_metabolite_or_natural_product,,telegram:IranChemicals; telegram:ATRmedShop,Iranian supplier Telegram catalogue,listing_evidence_crawled_2026-08-24,https://t.me/chemgroup/4420,Curcumin | خرید کورکومین از کورکوما لونگا| قیمت کورکومین از کورکوما لونگا ‌‏⁧ ‌‌‏‌محصولات سیگما اصل را از ما بخواهید. 👇 واردات و فروش مواد شیمیایی سیگما 👇 ‌ ‌ ‌ ☎️ تلفن: ۰۲۱۶۶۳۶۱۵۴۳-۶۶۳۷۹۰۲۶-۰۲۱ ‌ 📱 موبایل: 09120549893 🌐 لینک محصول : https://atrmed.com/product/curcumin/?v=e067b3c6b979 #آثل_طب #مواد_ازمایشگاهی #مواد_شیمیایی #بیولوژی #بیولوژی_مولکولی #آنتی_بیوتیک #آنزیم #سیگماآلدریچ #مرک,ai_normalised_listing+pubchem_confirmed,verified_telegram_listing,2018-01-19,ab3052d42a65b76518e19778cbb8a6bf702b5ab78618434456cab951c6056367
"ethyl 10,10,16,16-tetramethyl-4-oxo-3-oxa-13-azatetracyclo[7.7.1.02,7.013,17]heptadeca-1,5,7,9(17)-tetraene-5-carboxylate",c3045,"ethyl 10,10,16,16-tetramethyl-4-oxo-3-oxa-13-azatetracyclo[7.7.1.02,7.013,17]heptadeca-1,5,7,9(17)-tetraene-5-carboxylate; c3045",,1268215,VQQDHBUBOPTRBY-UHFFFAOYSA-N,C22H27NO4,369.5,CCOC(=O)C1=CC2=CC3=C4C(=C2OC1=O)C(CCN4CCC3(C)C)(C)C,confirmed_organic,,,TamadKala,Iranian online wholesale/lab shop,product_page_listed_not_current_stock_verified,https://tamadkala.com/product/152205/کلسترول-سیگما-کد-c3045,کلسترول سیگما کد c3045,structured_pubchem,verified_web_catalogue,2026-08-25,6fbe0dabcc2b219c7319891b89d9de56a9d093b663af56444745095cce65d729
(E)-N-[(4-hydroxy-3-methoxyphenyl)methyl]-8-methylnon-6-enamide,Capsaicin,,,1548943,YKPUWZUDDOIDPM-SOFGYWHQSA-N,C18H27NO3,305.4,CC(C)/C=C/CCCCC(=O)NCC1=CC(=C(C=C1)O)OC,confirmed_organic,secondary_metabolite_or_natural_product,,telegram:chemgroup,Iranian supplier Telegram catalogue,listing_evidence_crawled_2026-08-24,https://t.me/chemgroup/3856,,ai_normalised_listing+pubchem_confirmed,verified_telegram_listing,2017-08-20,7221895f1a3182212e596cd5030538fb150a6d42ee8fefc2f9299a36e578dc9c
2-hydroxy-5-sulfobenzoic acid;dihydrate,2-hydroxy-5-sulfobenzoic acid;dihydrate,2-hydroxy-5-sulfobenzoic acid;dihydrate,5965-83-3,2723734,BHDKTFQBRFWJKR-UHFFFAOYSA-N,C7H10O8S,254.22,C1=CC(=C(C=C1S(=O)(=O)O)C(=O)O)O.O.O,confirmed_organic,,,Mojallali Group; ShimiMan,Iranian WooCommerce catalogue,product_page_listed_not_current_stock_verified,https://drm-chem.com/en/product/5-sulfosalicylic-acid-dihydrate-2/,5-Sulfosalicylic acid dihydrate,cas_pubchem,verified_web_catalogue,2026-08-25,5354e8127d223aafdc45a369eb7a4b2102ab2e08b920d19248c202f161b31a2e
thiourea,Thiourea,thiourea; Thiourea,62-56-6,2723790,UMGDCJDMYOKAJW-UHFFFAOYSA-N,CH4N2S,76.12,C(=S)(N)N,confirmed_organic,organic_reagent,,Fardad Shimi; TamadKala,Iranian online lab-chemical shop | Iranian online wholesale/lab shop,product_page_listed_not_current_stock_verified,https://tamadkala.com/product/176678/%D8%AA%DB%8C%D9%88-%D8%A7%D9%88%D8%B1%D9%87-%D8%B5%D9%86%D8%B9%D8%AA%DB%8C,تیو اوره صنعتی | تیواوره MERCK | ... | تیواوره | ...,router_title_normalization,verified_catalogue,2026-08-23,7f86f490d033a5620436e9bdbe90f82e0a7494a0bd17afb530cf68f720cf8349
C.I. Basic Red 2,Safranine,"C.I. Basic Red 2; Safranine; 3,7-dimethyl-10-phenylphenazin-10-ium-2,8-diamine chloride",477-73-6,2723800,OARRHUQTFTUEOS-UHFFFAOYSA-N,C20H19ClN4,350.8,CC1=CC2=C(C=C1N)[N+](=C3C=C(C(=CC3=N2)C)N)C4=CC=CC=C4.[Cl-],confirmed_organic,colorant_or_indicator,,Mojallali Group,web_catalogue,listing_evidence_crawled_2026-08-23,https://drm-chem.com/en/product/safranine-en/,Safranine,pubchem_direct,verified_web_catalogue,2026-08-23,9ded58dd0d5e91c5c8f4809159452cc62d022a6202dd35fbdede60fbb0c8282b
sodium formate,Sodium Formate,sodium formate; Sodium Formate,,2723810,HLBBKKJFGFRGMU-UHFFFAOYSA-M,CHNaO2,68.007,C(=O)[O-].[Na+],confirmed_organic,organic_reagent,,TamadKala,Iranian online wholesale/lab shop,product_page_listed_not_current_stock_verified,https://tamadkala.com/product/9531/%D8%B3%D8%AF%DB%8C%D9%85-%D9%81%D8%B1%D9%85%D8%A7%D8%AA,سدیم فرمات,router_title_normalization,verified_catalogue,2026-08-23,889811986cebd69f7941133a2e04b60c0e5b1809f2e9a20dfdd145a4e3a753cd
Disodium chromotropate dihydrate,Chromotropic acid disodium salt dihydrate,"Disodium chromotropate dihydrate; Chromotropic acid disodium salt dihydrate; disodium;4,5-dihydroxynaphthalene-2,7-disulfonate;dihydrate",5808-22-0,2723846,QUEAKWJKJBFNEG-UHFFFAOYSA-L,C10H10Na2O10S2,400.3,C1=C2C=C(C=C(C2=C(C=C1S(=O)(=O)[O-])O)O)S(=O)(=O)[O-].O.O.[Na+].[Na+],confirmed_organic,organic_reagent,,Mojallali Group,web_catalogue,listing_evidence_crawled_2026-08-23,https://drm-chem.com/en/product/chromotropic-acid-disodium-salt-dihydrate-lab-en/,Chromotropic acid disodium salt dihydrate,pubchem_direct,verified_web_catalogue,2026-08-23,57ccb47d540adf3aebd6f4291e3061ee19ba032a7a671ed54eccb2499aa114df
disodium;2-(3-hydroxy-5-sulfonato-1H-indol-2-yl)-3-oxoindole-5-sulfonate,Indigo carmine,disodium;2-(3-hydroxy-5-sulfonato-1H-indol-2-yl)-3-oxoindole-5-sulfonate; Indigo carmine,860-22-0,2723854,JFVXEJADITYJHK-UHFFFAOYSA-L,C16H8N2Na2O8S2,466.4,C1=CC2=C(C=C1S(=O)(=O)[O-])C(=C(N2)C3=NC4=C(C3=O)C=C(C=C4)S(=O)(=O)[O-])O.[Na+].[Na+],confirmed_organic,colorant_or_indicator,research,TamadKala; Mojallali Group; telegram:ATRmedShop,Iranian online research/chemical shop | Iranian online wholesale/lab shop,product_page_listed_not_current_stock_verified,https://tamadkala.com/product/173545/%D8%A7%DB%8C%D9%86%D8%AF%DB%8C%DA%AF%D9%88-%DA%A9%D8%A7%D8%B1%D9%85%DB%8C%D9%86-acs-%D8%AF%DA%A9%D8%AA%D8%B1%D9%85%D8%AC%D9%84%D9%84%DB%8C,ایندیگو کارمین ACS دکتر مجللی | ایندیگو کارمین acs دکترمجللی,explicit_category_supplement | router_title_normalization,verified_catalogue,2026-08-23,204595d4fbf9da3a42119484af71b50ff8a3c738c201e06f86807475203d93d5
"(3S,4R,5R)-2-(hydroxymethyl)oxane-2,3,4,5-tetrol",Fructose,"(3S,4R,5R)-2-(hydroxymethyl)oxane-2,3,4,5-tetrol; Fructose",57-48-7,2723872,LKDRXBCSQODPBY-VRPWFDPXSA-N,C6H12O6,180.16,C1[C@H]([C@H]([C@@H](C(O1)(CO)O)O)O)O,confirmed_organic,organic_reagent,,Fardad Shimi; Mojallali Group,Iranian online lab-chemical shop,product_page_listed_not_current_stock_verified,https://drm-chem.com/en/product/d-fructose-en/,فروکتوز MERCK | ...,router_title_normalization,verified_catalogue,2026-08-23,94c03eadc647673a11176096c29b52ed94efcc30bb3f70418a4685960e7570a3
"tetrasodium;3-hydroxy-4-[[2-sulfonato-4-[(4-sulfonatophenyl)diazenyl]phenyl]diazenyl]naphthalene-2,7-disulfonate","tetrasodium;3-hydroxy-4-[[2-sulfonato-4-[(4-sulfonatophenyl)diazenyl]phenyl]diazenyl]naphthalene-2,7-disulfonate",,6226-79-5,2723873,KQHKSGRIBYJYFX-UHFFFAOYSA-J,C22H12N4Na4O13S4,760.6,C1=CC(=CC=C1N=NC2=CC(=C(C=C2)N=NC3=C4C=CC(=CC4=CC(=C3O)S(=O)(=O)[O-])S(=O)(=O)[O-])S(=O)(=O)[O-])S(=O)(=O)[O-].[Na+].[Na+].[Na+].[Na+],confirmed_organic,,,telegram:ATRmedShop,public Telegram (seller_research),product_page_listed_not_current_stock_verified,https://t.me/ATRmedShop/546,Ponceau S | پانسو اس Ponceau S ‌‏⁧ ‌‌‏‌محصولات سیگما اصل را از ما بخواهید. 👇 واردات و فروش مواد شیمیایی سیگما و مرک 👇 ‌ ‌ ‌ ☎️ تلفن: ۰۲۱۶۶۳۶۱۵۴۳-۶۶۳۷۹۰۲۶-۰۲۱ ‌ 📱 موبایل: 09120549893 🌐 لینک محصول : https://atrmed.com/product/ponceau-s-dye/ #آثل_طب #مواد_ازمایشگاهی #مواد_شیمیایی #بیولوژی #بیولوژی_مولکولی #پانسو_اس,router_batch+pubchem,verified_telegram_listing,2026-08-25,2b4645ac643da3ea66ba3399c87809c1b9e928abbde16111a85ecc4a35be3c03
azanium formate,Ammonium formate,,540-69-2,2723923,VZTDIZULWFCMLS-UHFFFAOYSA-N,CH5NO2,63.056,C(=O)[O-].[NH4+],confirmed_organic,organic_reagent,,telegram:chemgroup,Iranian supplier Telegram catalogue,listing_evidence_crawled_2026-08-24,https://t.me/chemgroup/4130,,ai_normalised_listing+pubchem_confirmed,verified_telegram_listing,2017-10-25,bbfba4e3e370fe1d6afa4ae8b3a70e0b18c1ee0f80568006140cba6b1bfdec14
"3-(ethyliminomethylideneamino)-N,N-dimethylpropan-1-amine;hydrochloride","3-(ethyliminomethylideneamino)-N,N-dimethylpropan-1-amine;hydrochloride",,25952-53-8,2723939,FPQQSJJWHUJYPU-UHFFFAOYSA-N,C8H18ClN3,191.70,CCN=C=NCCCN(C)C.Cl,confirmed_organic,,,telegram:ChemIranSanat,public Telegram (seller_research),product_page_listed_not_current_stock_verified,https://t.me/ChemIranSanat/1811,N-(3-Dimethylaminopropyl)-N′-ethylcarbodiimide hydrochloride | E7750 Sigma-Aldrich N-(3-Dimethylaminopropyl)-N′-ethylcarbodiimide hydrochloride (EDC.HCl) 5g 🔜 موجود و آماده تحویل ✅ شیمیران صنعت فقط اصلی ♾ موجودی و تنوع بی نظیر از برندهای معتبر 📱 سفارش کالا 👇 🆔 @ChemIranAdmin 🆔 @ChemIran1,router_batch+pubchem,verified_telegram_listing,2026-08-25,b99c0aa9bc83dc9f025ad6ccd3455dc501c5c11b45d7c6325a8ec050f7ceac1c
ethanethioamide,taa,ethanethioamide; taa,62-55-5,2723949,YUKQRDCYNOVPGJ-UHFFFAOYSA-N,C2H5NS,75.14,CC(=S)N,confirmed_organic,,,TamadKala; Mojallali Group,Iranian online wholesale/lab shop,product_page_listed_not_current_stock_verified,https://tamadkala.com/product/41911/محیط-کشت-taa,محیط کشت taa,structured_pubchem,verified_web_catalogue,2026-08-25,47687b622e110cf2d42566f42be7e76fd43295101adb3c2a93be9d5a14a931d2
"1-[[4-[(2,5-dimethylphenyl)diazenyl]-2,5-dimethylphenyl]diazenyl]naphthalen-2-ol","1-[[4-[(2,5-dimethylphenyl)diazenyl]-2,5-dimethylphenyl]diazenyl]naphthalen-2-ol","1-[[4-[(2,5-dimethylphenyl)diazenyl]-2,5-dimethylphenyl]diazenyl]naphthalen-2-ol",1320-06-5,2724054,NPGIHFRTRXVWOY-UHFFFAOYSA-N,C26H24N4O,408.5,CC1=CC(=C(C=C1)C)N=NC2=C(C=C(C(=C2)C)N=NC3=C(C=CC4=CC=CC=C43)O)C,confirmed_organic,,,Mojallali Group,Iranian WooCommerce catalogue,product_page_listed_not_current_stock_verified,https://drm-chem.com/en/product/oil-red-o-en/,Oil Red O,cas_pubchem,verified_web_catalogue,2026-08-25,f8f5dfaf655bcefe82c5211b23a4e2f84a3ced2d6871bd3124566fa9671c32bc
"potassium;sodium;2,3-dihydroxybutanedioate;tetrahydrate",Sodium potassium tartrate tetrahydrate,"potassium;sodium;2,3-dihydroxybutanedioate;tetrahydrate; Sodium potassium tartrate tetrahydrate",10124-69-3,2724148,VZOPRCCTKLAGPN-UHFFFAOYSA-L,C4H12KNaO10,282.22,C(C(C(=O)[O-])O)(C(=O)[O-])O.O.O.O.O.[Na+].[K+],confirmed_organic,organic_reagent,,TamadKala,Iranian online wholesale/lab shop,product_page_listed_not_current_stock_verified,,فروش سدیم پتاسیم تارتارات 4 آبه | ...,router_title_normalization,verified_catalogue,2026-08-23,a40b5f578d4ba07b519d33a92da5c4e882eedc686e3b9a61a1cc889e22a29ff7
Xylenol Orange tetrasodium salt,Xylenol orange tetrasodium salt,"Xylenol Orange tetrasodium salt; Xylenol orange tetrasodium salt; tetrasodium;2-[[5-[3-[3-[[bis(carboxylatomethyl)amino]methyl]-4-hydroxy-5-methylphenyl]-1,1-dioxo-2,1lambda6-benzoxathiol-3-yl]-2-hydroxy-3-methylphenyl]methyl-(carboxylatomethyl)amino]acetate",3618-43-7,2724221,YIIQUYHVWRJXEM-UHFFFAOYSA-J,C31H28N2Na4O13S,760.6,CC1=CC(=CC(=C1O)CN(CC(=O)[O-])CC(=O)[O-])C2(C3=CC=CC=C3S(=O)(=O)O2)C4=CC(=C(C(=C4)C)O)CN(CC(=O)[O-])CC(=O)[O-].[Na+].[Na+].[Na+].[Na+],confirmed_organic,colorant_or_indicator,,Mojallali Group,web_catalogue,listing_evidence_crawled_2026-08-23,https://drm-chem.com/en/product/xylenol-orange-tetrasodium-salt-en/,Xylenol orange tetrasodium salt,pubchem_direct,verified_web_catalogue,2026-08-23,4c22107bdc2ce482172e5b2df8097fd175c3810b0ec7ea961a1f2b6903eab55c
"3-[(3S,5R,8R,9S,10S,12R,13S,14S,17R)-3-[(2R,4S,5S,6R)-5-[(2S,4S,5S,6R)-5-[(2S,4S,5S,6R)-4,5-dihydroxy-6-methyloxan-2-yl]oxy-4-hydroxy-6-methyloxan-2-yl]oxy-4-hydroxy-6-methyloxan-2-yl]oxy-12,14-dihydroxy-10,13-dimethyl-1,2,3,4,5,6,7,8,9,11,12,15,16,17-tetradecahydrocyclopenta[a]phenanthren-17-yl]-2H-furan-5-one",Digoxin,,,2724385,LTMHDMANZUZIPE-PUGKRICDSA-N,C41H64O14,780.9,C[C@@H]1[C@H]([C@H](C[C@@H](O1)O[C@@H]2[C@H](O[C@H](C[C@@H]2O)O[C@@H]3[C@H](O[C@H](C[C@@H]3O)O[C@H]4CC[C@]5([C@@H](C4)CC[C@@H]6[C@@H]5C[C@H]([C@]7([C@@]6(CC[C@@H]7C8=CC(=O)OC8)O)C)O)C)C)C)O)O,confirmed_organic,pharmaceutical_or_api,,telegram:ChemIranSanat,Iranian supplier Telegram catalogue,listing_evidence_crawled_2026-08-24,https://t.me/ChemIranSanat/1096,,ai_normalised_listing+pubchem_confirmed,verified_telegram_listing,2017-12-19,fbbc3be6f22416d9ef6dd807fbd96835fbe1f1a265971e16971420d2943bef75
"bis([4-[[4-(dimethylamino)phenyl]-phenylmethylidene]cyclohexa-2,5-dien-1-ylidene]-dimethylazanium);bis(2-hydroxy-2-oxoacetate);oxalic acid",Malachite Green Oxalate,"bis([4-[[4-(dimethylamino)phenyl]-phenylmethylidene]cyclohexa-2,5-dien-1-ylidene]-dimethylazanium);bis(2-hydroxy-2-oxoacetate);oxalic acid; Malachite Green Oxalate",2437-29-8,2724411,CNYGFPPAGUCRIC-UHFFFAOYSA-L,C52H54N4O12,927.0,CN(C)C1=CC=C(C=C1)C(=C2C=CC(=[N+](C)C)C=C2)C3=CC=CC=C3.CN(C)C1=CC=C(C=C1)C(=C2C=CC(=[N+](C)C)C=C2)C3=CC=CC=C3.C(=O)(C(=O)O)O.C(=O)(C(=O)[O-])O.C(=O)(C(=O)[O-])O,confirmed_organic,colorant_or_indicator,,Fardad Shimi; TamadKala; Mojallali Group; telegram:ATRmedShop,Iranian online lab-chemical shop | Iranian online wholesale/lab shop,product_page_listed_not_current_stock_verified,https://tamadkala.com/product/173755/%D9%85%D8%B9%D8%B1%D9%81-%D9%85%D8%A7%D9%84%D8%A7%D8%B4%DB%8C%D8%AA-%DA%AF%D8%B1%DB%8C%D9%86-%D8%A7%DA%AF%D8%B2%D8%A7%D9%84%D8%A7%D8%AA-%D8%AF%DA%A9%D8%AA%D8%B1-%D9%85%D8%AC%D9%84%D9%84%DB%8C,اگزالات مالاشیت گرین مرک MERCK | معرف مالاشیت گرین اگزالات دکتر مجللی,router_title_normalization,verified_catalogue,2026-08-23,a24d27c94d4654c0414adb0d80b966d9bd5a93ddf54109e5465aa53213621a62
sodium octadecanoate,Sodium stearate,sodium octadecanoate; Sodium stearate; sodium stearate,822-16-2,2724691,RYYKJJJTJZKILX-UHFFFAOYSA-M,C18H35NaO2,306.5,CCCCCCCCCCCCCCCCCC(=O)[O-].[Na+],confirmed_organic,organic_reagent,industrial,DigiShimi; Fardad Shimi; TamadKala; Telegram: fanchem,Iranian online chemical shops | Iranian online lab-chemical shop | Iranian online wholesale/lab shop | Iranian supplier Telegram catalogue,listed_not_current_stock_verified | product_page_listed_not_current_stock_verified,https://digishimii.ir/Product/%d8%a7%d8%b3%d8%aa%d8%a6%d8%a7%d8%b1%d8%a7%d8%aa-%d8%b3%d8%af%db%8c%d9%85/,sodium octadecanoate | استئارات سدیم | استئارات سدیم صنعتی | ... | سدیم استئارات ۹۹% MERCK,existing skill export | router_title_normalization,verified_catalogue,2026-08-23,4af1dcd1fa154146a3346ac174499b0a03d3bd3c5033da20da774ccbf554fe89
2-Aminoterephthalic acid,2-Aminoterephthalic acid,,,2724822,GPNNOCMCNFXRAO-UHFFFAOYSA-N,C8H7NO4,181.15,C1=CC(=C(C=C1C(=O)O)N)C(=O)O,confirmed_organic,organic_reagent,,minatajhiz,telegram,listing_evidence_crawled_2026-08-23,https://t.me/minatajhiz/712,2-Aminoterephthalic 99% #sigma ✨ با توجه به درخواست متعدد شما اساتید و دانشجویان گرامی این کالا مجددا موجود شد,ai_resolved+pubchem,verified_telegram_listing,2026-08-23,91b858beaf8eed284ef757ee2772e441dd0ef2e6ca6220ad69939cd48e410bed
"sodium 4-[(2,4-dihydroxyphenyl)diazenyl]benzenesulfonate","sodium 4-[(2,4-dihydroxyphenyl)diazenyl]benzenesulfonate",,547-57-9,2728027,COEZWFYORILMOM-UHFFFAOYSA-M,C12H9N2NaO5S,316.27,C1=CC(=CC=C1N=NC2=C(C=C(C=C2)O)O)S(=O)(=O)[O-].[Na+],confirmed_organic,,,telegram:ATRmedShop,public Telegram (seller_research),product_page_listed_not_current_stock_verified,https://t.me/ATRmedShop/740,Orange II sodium salt | خرید اورنج II سدیم سالت | قیمت اورنج II سدیم سالت ‌‏⁧ ‌‌‏‌محصولات سیگما اصل را از ما بخواهید. 👇 واردات و فروش مواد شیمیایی سیگما 👇 ‌‌ ‌ ☎️ تلفن: ۰۲۱۶۶۳۶۱۵۴۳-۶۶۳۷۹۰۲۶-۰۲۱ ‌ 📱 موبایل: 09120549893 🌐 لینک محصول : https://atrmed.com/product/orange-ii-sodium-salt/?v=e067b3c6b979 #آثل_طب #مواد_ازمایشگاه #مواد_شیمیایی #بیولوژی #بیولوژی_مولکولی #آنتی_بیوتیک #آنزیم #سیگماآلدریچ #مرک #اورنج_ll_سدیم_سالت,router_batch+pubchem,verified_telegram_listing,2026-08-25,c54ea0d777b60611298c07368c2bdb7913ffd6be67b82441ec188851f6c1c5ff
"2-Propenoic acid, 2-methyl-, trimethylsilyl ester",(Trimethylsilyl)methacrylate,,,2733839,PGQNYIRJCLTTOJ-UHFFFAOYSA-N,C7H14O2Si,158.27,CC(=C)C(=O)O[Si](C)(C)C,confirmed_organic,organic_reagent,,ChemIranSanat,telegram,listing_evidence_crawled_2026-08-23,https://t.me/ChemIranSanat/1635,"347493 Aldrich (Trimethylsilyl)methacrylate, 98% 25g 🔜 موجود و آماده تحویل ✅ شیمیران صنعت فقط اصلی ❓ قیمت و سفارش 👇 0938-648-9001 Admin 🆔 @ChemIranAdmin 🆔 @ChemIran1",ai_resolved+pubchem,verified_telegram_listing,2026-08-23,aeb1a437362b0d441d240a6ab2c2edc586f8a175af84d55d2a344ee3536f2aa8
"2,2-Diphenyl-1-picrylhydrazyl",DPPH,"2,2-Diphenyl-1-picrylhydrazyl; DPPH",1898-66-4,2735032,HHEAADYXPMHMCT-UHFFFAOYSA-N,C18H12N5O6,394.3,C1=CC=C(C=C1)N(C2=CC=CC=C2)[N]C3=C(C=C(C=C3[N+](=O)[O-])[N+](=O)[O-])[N+](=O)[O-],confirmed_organic,organic_reagent,,TamadKala,Iranian online wholesale/lab shop,product_page_listed_not_current_stock_verified,https://tamadkala.com/product/154569/%D8%AF%DB%8C-%D9%BE%DB%8C-%D9%BE%DB%8C-%D8%A7%DA%86-dpph-%D8%A8%D8%A7-%DA%A9%D8%AF-d9132-%D8%B3%DB%8C%DA%AF%D9%85%D8%A7,22 دی فنیل پیکریل هیدرازیل | دی پی پی اچ dpph با کد d9132 سیگما,router_title_normalization,verified_catalogue,2026-08-23,82a2f36226952d2aedf5177063d8357bf187cad9aaec1864e92d5104b9d7379c
disodium;carbonate;hydrate,disodium;carbonate;hydrate,disodium;carbonate;hydrate,5968-11-6,2735133,MQRJBSHKWOFOGF-UHFFFAOYSA-L,CH2Na2O4,124.0,C(=O)([O-])[O-].O.[Na+].[Na+],confirmed_organic,,,Mojallali Group; ShimiMan,Iranian WooCommerce catalogue,product_page_listed_not_current_stock_verified,https://drm-chem.com/product/sodium-carbonate-monohydrate-extra-pure/,سدیم کربنات مونو هیدرات,cas_pubchem,verified_web_catalogue,2026-08-25,a02021d0fa3e478f19d90b255c6770d18d209b75623fb653169c9447ce9398c3
(4-ethenylphenyl)methyl acetate,4-Vinylbenzyl acetate,,1592-12-7,2735161,LEIKPUSDAWATBV-UHFFFAOYSA-N,C11H12O2,176.21,CC(=O)OCC1=CC=C(C=C1)C=C,confirmed_organic,fragrance_or_aroma,,telegram:minatajhiz,Iranian supplier Telegram catalogue,listing_evidence_crawled_2026-08-24,https://t.me/minatajhiz/496,,ai_normalised_listing+pubchem_confirmed,verified_telegram_listing,2019-01-14,6ae987596a2ff83f6ad8bfc85adacc60608b721375d0fa8546acd34969daa90f
"tripotassium;2-hydroxypropane-1,2,3-tricarboxylate;hydrate",Potassium citrate,"tripotassium;2-hydroxypropane-1,2,3-tricarboxylate;hydrate; Potassium citrate",6132-04-3,2735208,PJAHUDTUZRZBKM-UHFFFAOYSA-K,C6H7K3O8,324.41,C(C(=O)[O-])C(CC(=O)[O-])(C(=O)[O-])O.O.[K+].[K+].[K+],confirmed_organic,organic_reagent,,DigiShimi; Fardad Shimi,Iranian online chemical shops | Iranian online lab-chemical shop,product_page_listed_not_current_stock_verified,https://digishimii.ir/Product/%d8%b3%db%8c%d8%aa%d8%b1%d8%a7%d8%aa-%d9%be%d8%aa%d8%a7%d8%b3%db%8c%d9%85/,سیترات پتاسیم | پتاسیم سیترات ۱ آبه DAE JUNG کره | ...,router_title_normalization,verified_catalogue,2026-08-23,bf46de0d064c80aaff9b0020033cae8d2eae24d39c8d00896d7b5d2a50e89e4d
"2,2,3,4,4,4-hexafluorobutyl prop-2-enoate","2,2,3,4,4,4-Hexafluorobutyl acrylate",,,2774977,LMVLEDTVXAGBJV-UHFFFAOYSA-N,C7H6F6O2,236.11,C=CC(=O)OCC(C(C(F)(F)F)F)(F)F,confirmed_organic,organic_reagent,,telegram:ChemIranSanat,Iranian supplier Telegram catalogue,listing_evidence_crawled_2026-08-24,https://t.me/ChemIranSanat/595,,ai_normalised_listing+pubchem_confirmed,verified_telegram_listing,2017-08-21,ca8b5f7c875f713a0f118973274a59c43cf8741ee1f923b088d1d08bc15fb992
"(E)-1-N'-[2-[[5-[(dimethylamino)methyl]furan-2-yl]methylsulfanyl]ethyl]-1-N-methyl-2-nitroethene-1,1-diamine",ranitidine,"(E)-1-N'-[2-[[5-[(dimethylamino)methyl]furan-2-yl]methylsulfanyl]ethyl]-1-N-methyl-2-nitroethene-1,1-diamine; ranitidine",,3001055,VMXUWOKSQNHOCA-UKTHLTGXSA-N,C13H22N4O3S,314.41,CN/C(=C\[N+](=O)[O-])/NCCSCC1=CC=C(O1)CN(C)C,confirmed_organic,pharmaceutical_or_api,,Rooz Darou,Iranian pharmaceutical product catalogue,product_page_listed_not_current_stock_verified,http://rouzdarou.com/products/%D9%82%D8%B1%D8%B5-%D8%B1%D8%A7%D9%86%DB%8C%D8%AA%DB%8C%D8%AF%DB%8C%D9%86-150,قرص رانیتیدین 150,PubChem name validation from supplier product title,verified_catalogue,2026-08-23,5fc9386794d68e02432b9e4eaceda409ed65b9203a8f27e654eaa13cf5e64d31
Buprenorphine Hydrochloride,Buprenorphine HCL,"Buprenorphine Hydrochloride; Buprenorphine HCL; (1S,2S,6R,14R,15R,16R)-5-(cyclopropylmethyl)-16-[(2S)-2-hydroxy-3,3-dimethylbutan-2-yl]-15-methoxy-13-oxa-5-azahexacyclo[13.2.2.12,8.01,6.02,14.012,20]icosa-8(20),9,11-trien-11-ol;hydrochloride",,3033050,UAIXRPCCYXNJMQ-RZIPZOSSSA-N,C29H42ClNO4,504.1,C[C@]([C@H]1C[C@@]23CC[C@@]1([C@H]4[C@@]25CCN([C@@H]3CC6=C5C(=C(C=C6)O)O4)CC7CC7)OC)(C(C)(C)C)O.Cl,confirmed_organic,pharmaceutical_or_api,,Temad,web_catalogue,listing_evidence_crawled_2026-08-23,https://www.temad.com/product/gemfibrozil-veterinary/,Buprenorphine HCL,pubchem_direct,verified_web_catalogue,2026-08-23,bc2148c2c087df4d561ea32db62724bcbc0cdf24d0eee7239134beeb4c739598
Sodium Lauryl Sulfate,Sodium Lauryl Sulfate,Sodium Lauryl Sulfate; sodium dodecyl sulfate; Sodium dodecyl sulfate,151-21-3,3423265,DBMJMQXJHONAFJ-UHFFFAOYSA-M,C12H25NaO4S,288.38,CCCCCCCCCCCCOS(=O)(=O)[O-].[Na+],confirmed_organic,organic_reagent,research,telegram:IranChemicals; TamadKala; Mojallali Group; ShimiMan; telegram:ATRmedShop; telegram:chemgroup,telegram:IranChemicals,telegram_listing_evidence,https://t.me/IranChemicals/30984,سدیم دودسیل سولفات sls usp نوترون,alias+pubchem,verified_telegram_listing,2026-08-23,a4bb0341a0d6e401089e1b48c42fe66f20452f474070eb05869c074b62283624
2-hydroperoxy-2-(2-hydroperoxybutan-2-ylperoxy)butane,Methyl ethyl ketone peroxide,,,3672772,WFUGQJXVXHBTEM-UHFFFAOYSA-N,C8H18O6,210.22,CCC(C)(OO)OOC(C)(CC)OO,confirmed_organic,organic_reagent,,telegram:IranChemicals,Iranian supplier Telegram catalogue,listing_evidence_crawled_2026-08-24,https://t.me/Iranchemicals/21551,,ai_normalised_listing+pubchem_confirmed,verified_telegram_listing,2021-04-02,01c4b00aa5f674fe012f8f714a7d3e639d75ab7c1cbadf4cbb47966b0b7be263
"(2,4-dinitrophenyl)hydrazine","(2,4-Dinitrophenyl)hydrazine",,,3772977,HORQAOAYAYGIBM-UHFFFAOYSA-N,C6H6N4O4,198.14,C1=CC(=C(C=C1[N+](=O)[O-])[N+](=O)[O-])NN,confirmed_organic,organic_reagent,,telegram:minatajhiz,Iranian supplier Telegram catalogue,listing_evidence_crawled_2026-08-24,https://t.me/minatajhiz/428,,ai_normalised_listing+pubchem_confirmed,verified_telegram_listing,2018-07-30,ff73c95a9b7f637827d3303cfb7a4bc191b55d43f50ef13e6ef46a24060d3ea8
"sodium 3,4-dihydroxy-9,10-dioxoanthracene-2-sulfonate","sodium 3,4-dihydroxy-9,10-dioxoanthracene-2-sulfonate","sodium 3,4-dihydroxy-9,10-dioxoanthracene-2-sulfonate",130-22-3,3955344,HFVAFDPGUJEFBQ-UHFFFAOYSA-M,C14H7NaO7S,342.26,C1=CC=C2C(=C1)C(=O)C3=CC(=C(C(=C3C2=O)O)O)S(=O)(=O)[O-].[Na+],confirmed_organic,,,Mojallali Group,Iranian WooCommerce catalogue,product_page_listed_not_current_stock_verified,https://drm-chem.com/en/product/alizarin-red-s-mono-sodiumsalt-en/,Alizarin red S mono sodiumsalt,cas_pubchem,verified_web_catalogue,2026-08-25,250b882b0723e5b2a0727c415e878439feb4fc7692e1617fd57a8c0d503d8d17
"1-[[3,4,5-tris(2-hydroxypropoxy)-6-[4,5,6-tris(2-hydroxypropoxy)-2-(2-hydroxypropoxymethyl)oxan-3-yl]oxyoxan-2-yl]methoxy]propan-2-ol",Hydroxyethyl cellulose,,9004-62-0,4327536,DFJVHKAPIXJTSC-UHFFFAOYSA-N,C36H70O19,806.9,CC(COCC1C(C(C(C(O1)OC2C(OC(C(C2OCC(C)O)OCC(C)O)OCC(C)O)COCC(C)O)OCC(C)O)OCC(C)O)OCC(C)O)O,confirmed_organic,cosmetic_raw_material,,telegram:IranChemicals,Iranian supplier Telegram catalogue,listing_evidence_crawled_2026-08-24,https://t.me/Iranchemicals/30555,,ai_normalised_listing+pubchem_confirmed,verified_telegram_listing,2025-11-30,b021f3fc7a1b65c54559a0bec87c123d2f2dccdb5db0c92745f466bb6ce6cb68
"(3R)-3-amino-1-[3-(trifluoromethyl)-6,8-dihydro-5H-[1,2,4]triazolo[4,3-a]pyrazin-7-yl]-4-(2,4,5-trifluorophenyl)butan-1-one",Sitagliptin,"(3R)-3-amino-1-[3-(trifluoromethyl)-6,8-dihydro-5H-[1,2,4]triazolo[4,3-a]pyrazin-7-yl]-4-(2,4,5-trifluorophenyl)butan-1-one; Sitagliptin",,4369359,MFFMDFFZMYYVKS-SECBINFHSA-N,C16H15F6N5O,407.31,C1CN2C(=NN=C2C(F)(F)F)CN1C(=O)C[C@@H](CC3=CC(=C(C=C3F)F)F)N,confirmed_organic,pharmaceutical_or_api,research,BehChin Chemi Pharmed,Iranian supplier API/intermediate catalogue,supplier_catalogue_listed_not_current_stock_verified,https://www.behchinchemi.ir/en/our-products/active-pharmaceutical-ingredient,Sitagliptin,supplier_table,verified_catalogue,2026-08-23,7159c5090c72b7bb604a2d22b31ff6b8038b32805cfacb86b300d26b3bc0c4d9
"sodium 2-[2-(2,6-dichloroanilino)phenyl]acetate","sodium 2-[2-(2,6-dichloroanilino)phenyl]acetate","sodium 2-[2-(2,6-dichloroanilino)phenyl]acetate",15307-79-6,5018304,KPHWPUGNDIVLNH-UHFFFAOYSA-M,C14H10Cl2NNaO2,318.1,C1=CC=C(C(=C1)CC(=O)[O-])NC2=C(C=CC=C2Cl)Cl.[Na+],confirmed_organic,,,IR Chem / Pishgaman,Iranian WooCommerce catalogue,product_page_listed_not_current_stock_verified,https://irchem.ir/diclofenac-sodium/,پودر دیکلوفناک سدیم,cas_pubchem,verified_web_catalogue,2026-08-25,cff220fdf6b0295a491f840e5a228dfa6779f8ceeaf18fe2329a874f3f4e5924
sodium butanoate,sodium butanoate,,156-54-7,5222465,MFBOGIVSZKQAPD-UHFFFAOYSA-M,C4H7NaO2,110.09,CCCC(=O)[O-].[Na+],confirmed_organic,,,telegram:ATRmedShop,public Telegram (seller_research),product_page_listed_not_current_stock_verified,https://t.me/ATRmedShop/731,Sodium butyrate | خرید سدیم بوتیرات | قیمت سدیم بوتیرات | فروش سدیم بوتیرات ‌‏⁧ ‌‌‏‌محصولات سیگما اصل را از ما بخواهید. 👇 واردات و فروش مواد شیمیایی سیگما 👇 ‌‌ ‌ ☎️ تلفن: ۰۲۱۶۶۳۶۱۵۴۳-۶۶۳۷۹۰۲۶-۰۲۱ ‌ 📱 موبایل: 09120549893 🌐 لینک محصول : https://atrmed.com/product/sodium-butyrate/?v=e067b3c6b979 #آثل_طب #مواد_ازمایشگاه #مواد_شیمیایی #بیولوژی #بیولوژی_مولکولی #آنتی_بیوتیک #آنزیم #سیگماآلدریچ #مرک #سدیم_بوتیرات,router_batch+pubchem,verified_telegram_listing,2026-08-25,1c35ac404d7d70088a52d53167fca3efe24c9c40710e5e3597f2d7a0214dfac4
dimethyl (Z)-but-2-enedioate,Dimethyl maleate,dimethyl (Z)-but-2-enedioate; Dimethyl maleate,,5271565,LDCRTTXIJACKKU-ARJAWSKDSA-N,C6H8O4,144.12,COC(=O)/C=C\C(=O)OC,confirmed_organic,organic_reagent,research,Telegram: minatajhiz,Iranian supplier Telegram catalogue,listed_not_current_stock_verified,https://t.me/minatajhiz/1044,dimethyl (Z)-but-2-enedioate,existing skill export,verified_catalogue,2026-08-23,157895532f776867dd4d49445028397fd35141ea5246f8b3408ada7b264ea279
"(1S,3Z)-3-[(2E)-2-[(1R,3aS,7aR)-1-[(E,2R,5R)-5,6-dimethylhept-3-en-2-yl]-7a-methyl-2,3,3a,5,6,7-hexahydro-1H-inden-4-ylidene]ethylidene]-4-methylidenecyclohexan-1-ol",Vitamin D2,"(1S,3Z)-3-[(2E)-2-[(1R,3aS,7aR)-1-[(E,2R,5R)-5,6-dimethylhept-3-en-2-yl]-7a-methyl-2,3,3a,5,6,7-hexahydro-1H-inden-4-ylidene]ethylidene]-4-methylidenecyclohexan-1-ol; Vitamin D2",50-14-6,5280793,MECHNRXZTMCUDQ-RKHKHRCZSA-N,C28H44O,396.6,C[C@H](/C=C/[C@H](C)C(C)C)[C@H]1CC[C@@H]\2[C@@]1(CCC/C2=C\C=C/3\C[C@H](CCC3=C)O)C,confirmed_organic,pharmaceutical_or_api,research,TamadKala,Iranian online research/chemical shop | Iranian online wholesale/lab shop,product_page_listed_not_current_stock_verified,https://tamadkala.com/product/34731/%D9%88%DB%8C%D8%AA%D8%A7%D9%85%DB%8C%D9%86-d2-%D8%B3%DB%8C%DA%AF%D9%85%D8%A7,ویتامین D2 سیگما | ویتامین d2 سیگما,explicit_category_supplement | router_title_normalization,verified_catalogue,2026-08-23,195ba10456e903743d0ae01bf6d5f2802db8752199b8ce0e602e14e5b4d93181
"(1S,3Z)-3-[(2E)-2-[(1R,3aS,7aR)-7a-methyl-1-[(2R)-6-methylheptan-2-yl]-2,3,3a,5,6,7-hexahydro-1H-inden-4-ylidene]ethylidene]-4-methylidenecyclohexan-1-ol",cholecalciferol,"(1S,3Z)-3-[(2E)-2-[(1R,3aS,7aR)-7a-methyl-1-[(2R)-6-methylheptan-2-yl]-2,3,3a,5,6,7-hexahydro-1H-inden-4-ylidene]ethylidene]-4-methylidenecyclohexan-1-ol; cholecalciferol",,5280795,QYSXJUFSXHHAJI-YRZJJWOYSA-N,C27H44O,384.6,C[C@H](CCCC(C)C)[C@H]1CC[C@@H]\2[C@@]1(CCC/C2=C\C=C/3\C[C@H](CCC3=C)O)C,confirmed_organic,vitamin,,Rooz Darou,Iranian pharmaceutical product catalogue,product_page_listed_not_current_stock_verified,http://rouzdarou.com/products/%DA%A9%D9%BE%D8%B3%D9%88%D9%84-%D9%88%DB%8C%D8%AA%D8%A7%D9%85%DB%8C%D9%86-%D8%AF-3,کپسول ویتامین د 3,PubChem name validation from supplier product title,verified_catalogue,2026-08-23,f111030b8ae64367bee3f50a0198378cc742cb7be2543fe77a1deffe01d8d4a0
"3,5,7-trihydroxy-2-(4-hydroxyphenyl)chromen-4-one",kaempferol,"3,5,7-trihydroxy-2-(4-hydroxyphenyl)chromen-4-one; kaempferol",,5280863,IYRMWMYZSQPJKC-UHFFFAOYSA-N,C15H10O6,286.24,C1=CC(=CC=C1C2=C(C(=O)C3=C(C=C(C=C3O2)O)O)O)O,confirmed_organic,secondary_metabolite_or_natural_product,research,TamadKala,Iranian online research/chemical shop,product_page_listed_not_current_stock_verified,https://tamadkala.com/product/90740/%DA%A9%D8%A7%D8%A6%D9%85%D9%81%D8%B1%D9%88%D9%84-%D8%B3%DB%8C%DA%AF%D9%85%D8%A7,کائمفرول سیگما,explicit_category_supplement,verified_catalogue,2026-08-23,adad9343d32848c00172069f3e8dde388054f0d46f0026fc0f0c52a5ba64bf71
"(1R,3S,5R,6R,9R,11R,15S,16R,17R,18S,19E,21E,23E,25E,27E,29E,31E,33R,35S,36R,37S)-33-[(2R,3S,4S,5S,6R)-4-amino-3,5-dihydroxy-6-methyloxan-2-yl]oxy-1,3,5,6,9,11,17,37-octahydroxy-15,16,18-trimethyl-13-oxo-14,39-dioxabicyclo[33.3.1]nonatriaconta-19,21,23,25,27,29,31-heptaene-36-carboxylic acid",Amphotericin B,,,5280965,APKFDSVGJQXUKY-INPOYWNPSA-N,C47H73NO17,924.1,C[C@H]1/C=C/C=C/C=C/C=C/C=C/C=C/C=C/[C@@H](C[C@H]2[C@@H]([C@H](C[C@](O2)(C[C@H](C[C@H]([C@@H](CC[C@H](C[C@H](CC(=O)O[C@H]([C@@H]([C@@H]1O)C)C)O)O)O)O)O)O)O)C(=O)O)O[C@H]3[C@H]([C@H]([C@@H]([C@H](O3)C)O)N)O,confirmed_organic,pharmaceutical_or_api,,telegram:labshop,Iranian supplier Telegram catalogue,listing_evidence_crawled_2026-08-24,https://t.me/labshop/87,,ai_normalised_listing+pubchem_confirmed,verified_telegram_listing,2016-04-09,154fa5a33e85a28b83146ca8ea3d91786772c54ae927c12faa603c00b14513c0
Quetiapine Fumarate,Quetiapine Hemifumarate,"Quetiapine Fumarate; Quetiapine Hemifumarate; bis(2-[2-(4-benzo[b][1,4]benzothiazepin-6-ylpiperazin-1-yl)ethoxy]ethanol);(E)-but-2-enedioic acid",,5281025,ZTHJULTYCAQOIJ-WXXKFALUSA-N,C46H54N6O8S2,883.1,C1CN(CCN1CCOCCO)C2=NC3=CC=CC=C3SC4=CC=CC=C42.C1CN(CCN1CCOCCO)C2=NC3=CC=CC=C3SC4=CC=CC=C42.C(=C/C(=O)O)\C(=O)O,confirmed_organic,pharmaceutical_or_api,,Temad,web_catalogue,listing_evidence_crawled_2026-08-23,https://www.temad.com/product/dexamethasone-sodium-phosphate-2/,Quetiapine Hemifumarate,pubchem_direct,verified_web_catalogue,2026-08-23,a88055e3ade31fd7cf502383bdc054befe12b25f0e15240ac9d51833628ae8ab
"6,7,13,14-tetrahydroxy-2,9-dioxatetracyclo[6.6.2.04,16.011,15]hexadeca-1(15),4,6,8(16),11,13-hexaene-3,10-dione",ellagic acid,"6,7,13,14-tetrahydroxy-2,9-dioxatetracyclo[6.6.2.04,16.011,15]hexadeca-1(15),4,6,8(16),11,13-hexaene-3,10-dione; ellagic acid",,5281855,AFSDNFLWKVMVRB-UHFFFAOYSA-N,C14H6O8,302.19,C1=C2C3=C(C(=C1O)O)OC(=O)C4=CC(=C(C(=C43)OC2=O)O)O,confirmed_organic,secondary_metabolite_or_natural_product,research,TamadKala,Iranian online research/chemical shop,product_page_listed_not_current_stock_verified,https://tamadkala.com/product/90737/%D8%A7%D9%84%D8%A7%D8%AC%DB%8C%DA%A9-%D8%A7%D8%B3%DB%8C%D8%AF-%D8%B3%DB%8C%DA%AF%D9%85%D8%A7,الاجیک اسید سیگما,explicit_category_supplement,verified_catalogue,2026-08-23,e8dea5854cfe7640b9feb37784b2c04e42065908e2381ca901d748fe69a07d31
"methyl 2-[(1R,2R)-3-oxo-2-[(Z)-pent-2-enyl]cyclopentyl]acetate",(-)-Methyl jasmonate,,1211-29-6,5281929,GEWDNTWNSAZUDX-WQMVXFAESA-N,C13H20O3,224.30,CC/C=C\C[C@@H]1[C@H](CCC1=O)CC(=O)OC,confirmed_organic,secondary_metabolite_or_natural_product,,telegram:minatajhiz,Iranian supplier Telegram catalogue,listing_evidence_crawled_2026-08-24,https://t.me/minatajhiz/77,,ai_normalised_listing+pubchem_confirmed,verified_telegram_listing,2017-08-22,a9b09bd3c471703e3e6dadc1377edecd74d6313acafe9edb085699b248760301
"(E)-but-2-enedioic acid;2-(1-methylpiperidin-4-ylidene)-6-thiatricyclo[8.4.0.03,7]tetradeca-1(14),3(7),4,10,12-pentaen-8-one",Ketotifen Fumarate,"(E)-but-2-enedioic acid;2-(1-methylpiperidin-4-ylidene)-6-thiatricyclo[8.4.0.03,7]tetradeca-1(14),3(7),4,10,12-pentaen-8-one; Ketotifen Fumarate",,5282408,YNQQEYBLVYAWNX-WLHGVMLRSA-N,C23H23NO5S,425.5,CN1CCC(=C2C3=C(C(=O)CC4=CC=CC=C42)SC=C3)CC1.C(=C/C(=O)O)\C(=O)O,confirmed_organic,pharmaceutical_or_api,research,BehChin Chemi Pharmed; Temad,Iranian supplier API/intermediate catalogue,supplier_catalogue_listed_not_current_stock_verified,https://www.behchinchemi.ir/en/our-products/active-pharmaceutical-ingredient,Ketotifen Fumarate,supplier_table,verified_catalogue,2026-08-23,72b408cba2e9777c0e31b49d1b1319c47fc2ede531d6d0c20959694126dc27b4
Rosuvastatin Calcium,rosuvastatin calcium,"Rosuvastatin Calcium; rosuvastatin calcium; calcium bis((E,3R,5S)-7-[4-(4-fluorophenyl)-2-[methyl(methylsulfonyl)amino]-6-propan-2-ylpyrimidin-5-yl]-3,5-dihydroxyhept-6-enoate)",,5282455,LALFOYNTGMUKGG-BGRFNVSISA-L,C44H54CaF2N6O12S2,1001.1,CC(C1=NC(=NC(=C1/C=C/[C@@H](O)C[C@@H](O)CC(=O)[O-])C2=CC=C(C=C2)F)N(S(=O)(=O)C)C)C.CC(C1=NC(=NC(=C1/C=C/[C@@H](O)C[C@@H](O)CC(=O)[O-])C2=CC=C(C=C2)F)N(S(=O)(=O)C)C)C.[Ca+2],confirmed_organic,pharmaceutical_or_api,,Temad,web_catalogue,listing_evidence_crawled_2026-08-23,https://www.temad.com/product/morphine-sulfate/,Rosuvastatin Calcium,ai_resolved+pubchem,verified_web_catalogue,2026-08-23,b69d14ec3ec5ce969c2890e2d15b306b854ef71557a4fdded1079d480adcb9b7
Codeine,Codeine,"Codeine; (4R,4aR,7S,7aR,12bS)-9-methoxy-3-methyl-2,4,4a,7,7a,13-hexahydro-1H-4,12-methanobenzofuro[3,2-e]isoquinolin-7-ol",,5284371,OROGSEYTTFOCAN-DNJOTXNNSA-N,C18H21NO3,299.4,CN1CCC23C4C1CC5=C2C(=C(C=C5)OC)OC3C(C=C4)O,confirmed_organic,,,Temad,Iranian WooCommerce catalogue,product_page_listed_not_current_stock_verified,https://www.temad.com/product/codeine/,Codeine,structured_pubchem,verified_web_catalogue,2026-08-25,b7e61ff1c3d1e288d6a21f109dc588a2195beac998bd67296b9b09e12f8be3f4
"2-amino-N-[(1S,2R,3R,4S,5S,6R)-4-amino-3-[(2R,3R,6S)-3-amino-6-[(1S)-1-aminoethyl]oxan-2-yl]oxy-2,5-dihydroxy-6-methoxycyclohexyl]-N-methylacetamide",astm,"2-amino-N-[(1S,2R,3R,4S,5S,6R)-4-amino-3-[(2R,3R,6S)-3-amino-6-[(1S)-1-aminoethyl]oxan-2-yl]oxy-2,5-dihydroxy-6-methoxycyclohexyl]-N-methylacetamide; astm",,5284517,BIDUPMYXGFNAEJ-APGVDKLISA-N,C17H35N5O6,405.5,CC(C1CCC(C(O1)OC2C(C(C(C(C2O)N(C)C(=O)CN)OC)O)N)N)N,confirmed_organic,,,TamadKala,Iranian online wholesale/lab shop,product_page_listed_not_current_stock_verified,https://tamadkala.com/product/52597/سدیم-کلراید-astm-نوترون,سدیم کلراید astm نوترون,structured_pubchem,verified_web_catalogue,2026-08-25,cce4900cac3aac19a08379da9ac328bafa838ec8d1fbfe17c00f8bb87052654f
Hydrocodone,Hydrocodone,"Hydrocodone; (4R,4aR,7aR,12bS)-9-methoxy-3-methyl-1,2,4,4a,5,6,7a,13-octahydro-4,12-methanobenzofuro[3,2-e]isoquinolin-7-one",,5284569,LLPOLZWFYMWNKH-CMKMFDCUSA-N,C18H21NO3,299.4,CN1CC[C@]23[C@@H]4[C@H]1CC5=C2C(=C(C=C5)OC)O[C@H]3C(=O)CC4,confirmed_organic,pharmaceutical_or_api,,Temad,web_catalogue,listing_evidence_crawled_2026-08-23,https://www.temad.com/product/hydrocodone/,Hydrocodone,pubchem_direct,verified_web_catalogue,2026-08-23,280ab21de428c6abb1dd94fa2e6ef8bb96be68da86e4569281aa8c12e1aef3cc
Naloxone,Naloxone,,,5284596,UZHSEJADLWPNLE-GRGSLBFTSA-N,C19H21NO4,327.4,C=CCN1CC[C@]23[C@@H]4C(=O)CC[C@]2([C@H]1CC5=C3C(=C(C=C5)O)O4)O,confirmed_organic,pharmaceutical_or_api,,Temad,web_catalogue,listing_evidence_crawled_2026-08-23,https://www.temad.com/product/naloxone-base/,Naloxone Base,ai_resolved+pubchem,verified_web_catalogue,2026-08-23,6ace3bb672b79436902cb718617096b276f28e15348d8fb3b84573556c7f665d
"(4R,4aS,7aR,12bS)-4a-hydroxy-9-methoxy-3-methyl-2,4,5,6,7a,13-hexahydro-1H-4,12-methanobenzofuro[3,2-e]isoquinolin-7-one",Oxycodone,"(4R,4aS,7aR,12bS)-4a-hydroxy-9-methoxy-3-methyl-2,4,5,6,7a,13-hexahydro-1H-4,12-methanobenzofuro[3,2-e]isoquinolin-7-one; Oxycodone",,5284603,BRUQQQPBMZOVGD-XFKAJCMBSA-N,C18H21NO4,315.4,CN1CCC23C4C(=O)CCC2(C1CC5=C3C(=C(C=C5)OC)O4)O,confirmed_organic,,,Temad,Iranian WooCommerce catalogue,product_page_listed_not_current_stock_verified,https://www.temad.com/product/oxycodone/,Oxycodone,structured_pubchem,verified_web_catalogue,2026-08-25,d94837871fcb259de3fe3412cfba46eecc0d58ed1067f6fc2a602c55c74c0202
Oxymorphone,Oxymorphone,"Oxymorphone; (4R,4aS,7aR,12bS)-4a,9-dihydroxy-3-methyl-2,4,5,6,7a,13-hexahydro-1H-4,12-methanobenzofuro[3,2-e]isoquinolin-7-one",,5284604,UQCNKQCJZOAFTQ-ISWURRPUSA-N,C17H19NO4,301.34,CN1CC[C@]23[C@@H]4C(=O)CC[C@]2([C@H]1CC5=C3C(=C(C=C5)O)O4)O,confirmed_organic,pharmaceutical_or_api,,Temad,web_catalogue,listing_evidence_crawled_2026-08-23,https://www.temad.com/product/oxymorphone-2/,Oxymorphone,pubchem_direct,verified_web_catalogue,2026-08-23,d4b03ff29978261aff11abff8874d0f4d79f7e7c50f57fd47fefdcbd42b55e43
"[(1R,2S,6S,9R)-4,4,11,11-tetramethyl-3,5,7,10,12-pentaoxatricyclo[7.3.0.02,6]dodecan-6-yl]methyl sulfamate",tpm,"[(1R,2S,6S,9R)-4,4,11,11-tetramethyl-3,5,7,10,12-pentaoxatricyclo[7.3.0.02,6]dodecan-6-yl]methyl sulfamate; tpm",,5284627,KJADKKWYZYXHBB-XBWDGYHZSA-N,C12H21NO8S,339.36,CC1(OC2COC3(C(C2O1)OC(O3)(C)C)COS(=O)(=O)N)C,confirmed_organic,,,TamadKala,Iranian online wholesale/lab shop,product_page_listed_not_current_stock_verified,https://tamadkala.com/product/54181/دماسنج-محیطی-مدل-tpm-10,دماسنج محیطی مدل tpm 10,structured_pubchem,verified_web_catalogue,2026-08-25,07302dd0e6ee28ca1b7bbed9991b0e140a2c5672810c5781b0abcf0198266eb3
Thebaine,Thebaine,"Thebaine; (4R,7aR,12bS)-7,9-dimethoxy-3-methyl-2,4,7a,13-tetrahydro-1H-4,12-methanobenzofuro[3,2-e]isoquinoline",,5324289,FQXXSQDCDRQNQE-VMDGZTHMSA-N,C19H21NO3,311.4,CN1CC[C@]23[C@@H]4C(=CC=C2[C@H]1CC5=C3C(=C(C=C5)OC)O4)OC,confirmed_organic,pharmaceutical_or_api,,Temad,web_catalogue,listing_evidence_crawled_2026-08-23,https://www.temad.com/product/fluvoxamine-maleate-2/,Thebaine,pubchem_direct,verified_web_catalogue,2026-08-23,e14136471a58819a6bb8269eb2178c8d588277257db4d91c5ae513daf0bda41a
"N-[(2S)-1-[[(2S,3S)-1-(benzenesulfonyl)-2-sulfanylhexan-3-yl]amino]-1-oxo-3-phenylpropan-2-yl]-4-morpholin-4-ylpiperidine-1-carboxamide",myp,"N-[(2S)-1-[[(2S,3S)-1-(benzenesulfonyl)-2-sulfanylhexan-3-yl]amino]-1-oxo-3-phenylpropan-2-yl]-4-morpholin-4-ylpiperidine-1-carboxamide; myp",,5326642,LYTLZVODZQVOQP-YTCPBCGMSA-N,C31H44N4O5S2,616.8,CCCC(C(CS(=O)(=O)C1=CC=CC=C1)S)NC(=O)C(CC2=CC=CC=C2)NC(=O)N3CCC(CC3)N4CCOCC4,confirmed_organic,,,TamadKala,Iranian online wholesale/lab shop,product_page_listed_not_current_stock_verified,https://tamadkala.com/product/22389/محیط-کشت-باسیلوس-سرئوسmyp,محیط کشت باسیلوس سرئوسmyp,structured_pubchem,verified_web_catalogue,2026-08-25,0afb723c16e070df6fd82425163de61760693b02a633137bdd3ba9d8ee1a8309
Oleylamine,Oleylamine,,,5356789,QGLWBTPVKHMVHM-KTKRTIGZSA-N,C18H37N,267.5,CCCCCCCC/C=C\CCCCCCCCN,confirmed_organic,organic_reagent,,ChemIranSanat,telegram,listing_evidence_crawled_2026-08-23,https://t.me/ChemIranSanat/1742,"12954 Acros Oleylamine, approximate C18-content 80-90% 100ml 🔜 موجود و آماده تحویل ✅ شیمیران صنعت فقط اصلی 📱 دریافت قیمت یا سفارش کالا 👇 🆔 @ChemIranAdmin 🆔 @ChemIran1",ai_resolved+pubchem,verified_telegram_listing,2026-08-23,10dfd06423b9ec8799c79947bf3846550f3f8b0a74e572d2534ecb4d3d27d7b5
(-)-Codeine phosphate,Codeine Phosphate,"(-)-Codeine phosphate; Codeine Phosphate; (4R,4aR,7S,7aR,12bS)-9-methoxy-3-methyl-2,4,4a,7,7a,13-hexahydro-1H-4,12-methanobenzofuro[3,2-e]isoquinolin-7-ol;phosphoric acid",,5359227,WUXLCJZUUHIXFY-FFHNEAJVSA-N,C18H24NO7P,397.4,CN1CC[C@]23[C@@H]4[C@H]1CC5=C2C(=C(C=C5)OC)O[C@H]3[C@H](C=C4)O.OP(=O)(O)O,confirmed_organic,pharmaceutical_or_api,,Temad,web_catalogue,listing_evidence_crawled_2026-08-23,https://www.temad.com/product/ciprofloxacin-hcl/,Codeine Phosphate,pubchem_direct,verified_web_catalogue,2026-08-23,2aa785d9b0c5d69216cdbb622d5d94288c7f46150927edca5ac853e3670e9a67
Oxymorphone Hydrochloride,Oxymorphone HCL,"Oxymorphone Hydrochloride; Oxymorphone HCL; (4R,4aS,7aR,12bS)-4a,9-dihydroxy-3-methyl-2,4,5,6,7a,13-hexahydro-1H-4,12-methanobenzofuro[3,2-e]isoquinolin-7-one;hydrochloride",,5359390,BCGJBQBWUGVESK-KCTCKCTRSA-N,C17H20ClNO4,337.8,CN1CC[C@]23[C@@H]4C(=O)CC[C@]2([C@H]1CC5=C3C(=C(C=C5)O)O4)O.Cl,confirmed_organic,pharmaceutical_or_api,,Temad,web_catalogue,listing_evidence_crawled_2026-08-23,https://www.temad.com/product/rosuvastatin-calcium-2/,Oxymorphone HCL,pubchem_direct,verified_web_catalogue,2026-08-23,01ae3e5f633abaa23c0f643891697f9db264d7046eff3b8e41cd8589347b9881
Tamsulosin Hydrochloride,Tamsulosin HCL,Tamsulosin Hydrochloride; Tamsulosin HCL; 5-[(2R)-2-[2-(2-ethoxyphenoxy)ethylamino]propyl]-2-methoxybenzenesulfonamide;hydrochloride,,5362376,ZZIZZTHXZRDOFM-XFULWGLBSA-N,C20H29ClN2O5S,445.0,CCOC1=CC=CC=C1OCCN[C@H](C)CC2=CC(=C(C=C2)OC)S(=O)(=O)N.Cl,confirmed_organic,pharmaceutical_or_api,,Temad,web_catalogue,listing_evidence_crawled_2026-08-23,https://www.temad.com/product/oxycodone-hcl/,Tamsulosin HCL,pubchem_direct,verified_web_catalogue,2026-08-23,f9729bf74652d1957340b07c94a26dead43c2206b464fd748931e0577c1895d4
"(4R,4aR,7S,7aR,12bS)-9-methoxy-3-methyl-2,4,4a,7,7a,13-hexahydro-1H-4,12-methanobenzofuro[3,2-e]isoquinolin-7-ol;hydrate",Codeine Monohydrate,"(4R,4aR,7S,7aR,12bS)-9-methoxy-3-methyl-2,4,4a,7,7a,13-hexahydro-1H-4,12-methanobenzofuro[3,2-e]isoquinolin-7-ol;hydrate; Codeine Monohydrate",,5362471,WRRSFOZOETZUPG-FFHNEAJVSA-N,C18H23NO4,317.4,CN1CCC23C4C1CC5=C2C(=C(C=C5)OC)OC3C(C=C4)O.O,confirmed_organic,,,Temad,Iranian WooCommerce catalogue,product_page_listed_not_current_stock_verified,https://www.temad.com/product/ofloxacin-2/,Codeine Monohydrate,structured_pubchem,verified_web_catalogue,2026-08-25,d6acc883a270f057eb6d670ba98b51736bb1b0199b335949fff69f04b281920b
[(Z)-octadec-9-enyl] acetate,Oleyl acetate,,693-80-1,5363289,GYGAZRPDUOHMAF-KHPPLWFESA-N,C20H38O2,310.5,CCCCCCCC/C=C\CCCCCCCCOC(=O)C,confirmed_organic,fragrance_or_aroma,,telegram:ChemIranSanat,Iranian supplier Telegram catalogue,listing_evidence_crawled_2026-08-24,https://t.me/ChemIranSanat/1897,,ai_normalised_listing+pubchem_confirmed,verified_telegram_listing,2020-04-20,add8f697cd8e207a35137a3f10fcc7c8cb5e944ae45fe8b7652f41c34d20e43c
methyl 2-[3-oxo-2-[(E)-pent-2-enyl]cyclopentyl]acetate,Methyl 2-(3-Oxo-2-((E)-Pent-2-Enyl)Cyclopentyl)Acetate,methyl 2-[3-oxo-2-[(E)-pent-2-enyl]cyclopentyl]acetate; Methyl 2-(3-Oxo-2-((E)-Pent-2-Enyl)Cyclopentyl)Acetate,39924-52-2,5367719,GEWDNTWNSAZUDX-SNAWJCMRSA-N,C13H20O3,224.30,CC/C=C/CC1C(CCC1=O)CC(=O)OC,confirmed_organic,organic_reagent,research,Telegram: minatajhiz,Iranian supplier Telegram catalogue,listed_not_current_stock_verified,https://t.me/minatajhiz/78,methyl 2-[3-oxo-2-[(E)-pent-2-enyl]cyclopentyl]acetate,existing skill export,verified_catalogue,2026-08-23,bec277b032b154f2758b0b38eea68ee93dcf822e86cdf156d3a546cde7af6179
(Z)-but-2-enedioic acid;(2S)-1-[(2S)-2-[[(2S)-1-ethoxy-1-oxo-4-phenylbutan-2-yl]amino]propanoyl]pyrrolidine-2-carboxylic acid,Enalapril Maleate,(Z)-but-2-enedioic acid;(2S)-1-[(2S)-2-[[(2S)-1-ethoxy-1-oxo-4-phenylbutan-2-yl]amino]propanoyl]pyrrolidine-2-carboxylic acid; Enalapril Maleate,,5388961,OYFJQPXVCSSHAI-QFPUQLAESA-N,C24H32N2O9,492.5,CCOC(=O)[C@H](CCC1=CC=CC=C1)N[C@@H](C)C(=O)N2CCC[C@H]2C(=O)O.C(=C\C(=O)O)\C(=O)O,confirmed_organic,pharmaceutical_or_api,research,BehChin Chemi Pharmed,Iranian supplier API/intermediate catalogue,supplier_catalogue_listed_not_current_stock_verified,https://www.behchinchemi.ir/en/our-products/active-pharmaceutical-ingredient,Enalapril Maleate,supplier_table,verified_catalogue,2026-08-23,831e0e040503cf8613459b566dad20af53c4742d4c5e3b251573796b0a2858b2
(2S)-1-[(2S)-2-[[(2S)-1-ethoxy-1-oxo-4-phenylbutan-2-yl]amino]propanoyl]pyrrolidine-2-carboxylic acid,enalapril,(2S)-1-[(2S)-2-[[(2S)-1-ethoxy-1-oxo-4-phenylbutan-2-yl]amino]propanoyl]pyrrolidine-2-carboxylic acid; enalapril,,5388962,GBXSMTUPTTWBMN-XIRDDKMYSA-N,C20H28N2O5,376.4,CCOC(=O)[C@H](CCC1=CC=CC=C1)N[C@@H](C)C(=O)N2CCC[C@H]2C(=O)O,confirmed_organic,pharmaceutical_or_api,,Rooz Darou,Iranian pharmaceutical product catalogue,product_page_listed_not_current_stock_verified,http://rouzdarou.com/products/%D9%82%D8%B1%D8%B5-%D8%A7%D9%86%D8%A7%D9%84%D8%A7%D9%BE%D8%B1%DB%8C%D9%84-20,قرص انالاپریل 20,PubChem name validation from supplier product title,verified_catalogue,2026-08-23,4a65f5877ad5545c5bb8bd76fe02be2b0517127f4503a41f2832eb4284ca91dd
methane,Activated Carbon,,7440-44-0,5462310,VNWKTOKETHGBQD-UHFFFAOYSA-N,CH4,16.043,,confirmed_organic,organic_reagent,,DigiShimi; Telegram: ChemIranSanat,Iranian online chemical shops | Iranian supplier Telegram catalogue,listed_not_current_stock_verified | product_page_listed_not_current_stock_verified,https://digishimii.ir/Product/دوده/,,existing skill export | router_title_normalization,,,4f15773e84d53df3f4045db0601e12997d2615dde609c2e591be343529125075
Oxycodone Hydrochloride,oxycodone hydrochloride,"Oxycodone Hydrochloride; oxycodone hydrochloride; (4R,4aS,7aR,12bS)-4a-hydroxy-9-methoxy-3-methyl-2,4,5,6,7a,13-hexahydro-1H-4,12-methanobenzofuro[3,2-e]isoquinolin-7-one;hydrochloride; Oxycodone HCL",,5462350,MUZQPDBAOYKNLO-RKXJKUSZSA-N,C18H22ClNO4,351.8,CN1CC[C@]23[C@@H]4C(=O)CC[C@]2([C@H]1CC5=C3C(=C(C=C5)OC)O4)O.Cl,confirmed_organic,pharmaceutical_or_api,,Temad,web_catalogue,listing_evidence_crawled_2026-08-23,https://www.temad.com/product/acyclovir-2/,Oxycodone HCL,ai_resolved+pubchem,verified_web_catalogue,2026-08-23,1ae4b55c5873f81f43d8ad5164e69d2b4a297e3b006e6e2fabee1a8fd295a8a6
Dextromethorphan Hydrobromide,Dextromethorphan Hydrobromide,"Dextromethorphan Hydrobromide; (1S,9S,10S)-4-methoxy-17-methyl-17-azatetracyclo[7.5.3.01,10.02,7]heptadeca-2(7),3,5-triene;hydrobromide",,5464025,MISZALMBODQYFT-URVXVIKDSA-N,C18H26BrNO,352.3,CN1CC[C@@]23CCCC[C@@H]2[C@@H]1CC4=C3C=C(C=C4)OC.Br,confirmed_organic,pharmaceutical_or_api,,Temad,web_catalogue,listing_evidence_crawled_2026-08-23,https://www.temad.com/product/pioglitazone-hcl/,Dextromethorphan Hydrobromide,pubchem_direct,verified_web_catalogue,2026-08-23,54b4d3f5cc6749950b9134f0611598841771ef842e20b59c8356e742ca5414ab
Naloxone Hydrochloride,naloxone hydrochloride,"Naloxone Hydrochloride; naloxone hydrochloride; (4R,4aS,7aR,12bS)-4a,9-dihydroxy-3-prop-2-enyl-2,4,5,6,7a,13-hexahydro-1H-4,12-methanobenzofuro[3,2-e]isoquinolin-7-one;hydrochloride; Naloxone HCL",,5464092,RGPDIGOSVORSAK-STHHAXOLSA-N,C19H22ClNO4,363.8,C=CCN1CC[C@]23[C@@H]4C(=O)CC[C@]2([C@H]1CC5=C3C(=C(C=C5)O)O4)O.Cl,confirmed_organic,pharmaceutical_or_api,,Temad,web_catalogue,listing_evidence_crawled_2026-08-23,https://www.temad.com/product/buprenorphine-hcl/,Naloxone HCL,ai_resolved+pubchem,verified_web_catalogue,2026-08-23,b98f50758821e8c2d6a3d4db61c114a3f71de4471d48cb20a297757ebe8ae29d
"disodium;(3Z)-3-[(4-amino-3-sulfonatophenyl)-(4-amino-3-sulfophenyl)methylidene]-6-imino-5-methylcyclohexa-1,4-diene-1-sulfonate",Acid Fuchsin,"disodium;(3Z)-3-[(4-amino-3-sulfonatophenyl)-(4-amino-3-sulfophenyl)methylidene]-6-imino-5-methylcyclohexa-1,4-diene-1-sulfonate; Acid Fuchsin",3244-88-0,5464362,WZRZTHMJPHPAMU-UHFFFAOYSA-L,C20H17N3Na2O9S3,585.5,CC1=C/C(=C(/C2=CC(=C(C=C2)N)S(=O)(=O)O)\C3=CC(=C(C=C3)N)S(=O)(=O)[O-])/C=C(C1=N)S(=O)(=O)[O-].[Na+].[Na+],confirmed_organic,organic_reagent,,TamadKala,Iranian online wholesale/lab shop,product_page_listed_not_current_stock_verified,https://tamadkala.com/product/173640/%D9%85%D8%B9%D8%B1%D9%81-%D9%81%D9%88%D8%B4%DB%8C%D9%86-%D8%A7%D8%B3%DB%8C%D8%AF%DB%8C-%D8%AF%DA%A9%D8%AA%D8%B1%D9%85%D8%AC%D9%84%D9%84%DB%8C,معرف فوشین اسیدی دکترمجللی,router_title_normalization,verified_catalogue,2026-08-23,575d283cc153fa7a205d9bd9ad2868504074744d1c7b720f76aad9f308646930
Naltrexone Hydrochloride,naltrexone hydrochloride,"Naltrexone Hydrochloride; naltrexone hydrochloride; (4R,4aS,7aR,12bS)-3-(cyclopropylmethyl)-4a,9-dihydroxy-2,4,5,6,7a,13-hexahydro-1H-4,12-methanobenzofuro[3,2-e]isoquinolin-7-one;hydrochloride; Naltrexone HCL",,5485201,RHBRMCOKKKZVRY-ITLPAZOVSA-N,C20H24ClNO4,377.9,C1CC1CN2CC[C@]34[C@@H]5C(=O)CC[C@]3([C@H]2CC6=C4C(=C(C=C6)O)O5)O.Cl,confirmed_organic,pharmaceutical_or_api,,Temad,web_catalogue,listing_evidence_crawled_2026-08-23,https://www.temad.com/product/vitamin-b1-veterinary-2/,Naltrexone HCL,ai_resolved+pubchem,verified_web_catalogue,2026-08-23,65bb3c38118bd95c9efb3969ae4e237ab673995ce362624f8a61975fffd655ac
(3S)-3-(aminomethyl)-5-methylhexanoic acid,Pregabalin,(3S)-3-(aminomethyl)-5-methylhexanoic acid; Pregabalin,,5486971,AYXYPKUFHZROOJ-ZETCQYMHSA-N,C8H17NO2,159.23,CC(C)CC(CC(=O)O)CN,confirmed_organic,,,Temad,Iranian WooCommerce catalogue,product_page_listed_not_current_stock_verified,https://www.temad.com/product/betamethasone-valerate-2/,Pregabalin,structured_pubchem,verified_web_catalogue,2026-08-25,baa0df278166aff1e571945a732af646ec8c7e2108bdd066a3f4910c976c79e9
"Peonidin 3,5-diglucoside",Peonin,,,5488811,IPVSUYLZIAYTOK-DPOJTEBASA-O,C28H33O16+,625.6,COC1=C(C=CC(=C1)C2=C(C=C3C(=CC(=CC3=[O+]2)O)O[C@H]4[C@@H]([C@H]([C@@H]([C@H](O4)CO)O)O)O)O[C@H]5[C@@H]([C@H]([C@@H]([C@H](O5)CO)O)O)O)O,confirmed_organic,organic_reagent,,ChemIranSanat,telegram,listing_evidence_crawled_2026-08-23,https://t.me/ChemIranSanat/1472,شیمی گل صد تومانی مولکول موجود (Peonin) در این گل در pHهای مختلف رنگ های متفاوتی دارد بنابراین رنگ گلبرگها نیز متغیر خواهد بود. 🆔 @ChemIran1,ai_resolved+pubchem,verified_telegram_listing,2026-08-23,02c4cf79f7b37e03a3e84c5039a6a4786be508040c40e503099b58fb2d227b47
(-)-Noroxymorphone,Noroxymorphone,"(-)-Noroxymorphone; Noroxymorphone; (4R,4aS,7aR,12bS)-4a,9-dihydroxy-1,2,3,4,5,6,7a,13-octahydro-4,12-methanobenzofuro[3,2-e]isoquinolin-7-one",,5497189,HLMSIZPQBSYUNL-IPOQPSJVSA-N,C16H17NO4,287.31,C1C[C@]2([C@H]3CC4=C5[C@@]2(CCN3)[C@H](C1=O)OC5=C(C=C4)O)O,confirmed_organic,pharmaceutical_or_api,,Temad,web_catalogue,listing_evidence_crawled_2026-08-23,https://www.temad.com/product/noroxymorphone/,Noroxymorphone,pubchem_direct,verified_web_catalogue,2026-08-23,87b03e1c341c1c77ad96b03ffb4a5788d06b16ed9be18559ebaf05772479d4b7
bromorhenium;carbon monoxide,(I),,,6096983,NWJBOTGGBYFKEJ-UHFFFAOYSA-M,C5BrO5Re,406.16,,confirmed_organic,,,ShimiMan,Iranian WooCommerce catalogue,product_page_listed_not_current_stock_verified,https://shimiman.com/product/klryd-i-ms-code-102739-merck/,کلرید (I) مس کد 102739 مرک,structured_pubchem,verified_web_catalogue,2026-08-25,e7e12f18759ea927e7fdf4a258ec6bf9a3bf5614124483e60965ab163029c414
"[(1S)-1-[(1R,5R,6S,9R,11S,12R,14R)-9,12-dihydroxy-6,16-dimethyl-10,19-dioxa-16-azahexacyclo[12.5.3.15,9.01,14.02,11.06,11]tricosa-2,21-dien-22-yl]ethyl] 2,4-dimethyl-1H-pyrrole-3-carboxylate",Batrachotoxin,,,6324647,ISNYUQWBWALXEY-OMIQOYQYSA-N,C31H42N2O6,538.7,CC1=CNC(=C1C(=O)O[C@@H](C)C2=CC[C@@]34[C@@]2(C[C@H]([C@@]56C3=CC[C@H]7[C@@]5(CC[C@](C7)(O6)O)C)O)CN(CCO4)C)C,confirmed_organic,secondary_metabolite_or_natural_product,,telegram:ChemIranSanat,Iranian supplier Telegram catalogue,listing_evidence_crawled_2026-08-24,https://t.me/ChemIranSanat/944,,ai_normalised_listing+pubchem_confirmed,verified_telegram_listing,2017-10-22,cca4de6d0f41ca1a99d1ae21df58a18e2c454295bafe2b40e414287ebf825a4f
Dimethylamine-borane,Dimethylamine-borane,,,6328035,RJTANRZEWTUVMA-UHFFFAOYSA-N,C2H7BN,55.90,[B].CNC,confirmed_organic,organic_reagent,,telegram:minatajhiz,Iranian supplier Telegram catalogue,listing_evidence_crawled_2026-08-24,https://t.me/minatajhiz/993,,ai_normalised_listing+pubchem_confirmed,verified_telegram_listing,2023-03-04,3b2628b456760c3356e69ddb12f13551307cf05570be7e58fc6e4cd9afa32ebd
Sodium carboxymethyl cellulose,Sodium carboxymethyl cellulose,Sodium carboxymethyl cellulose,9004-32-4,6328154,DPXJVFZANSGRMM-UHFFFAOYSA-N,C8H16NaO8,263.20,CC(=O)O.C(C(C(C(C(C=O)O)O)O)O)O.[Na],confirmed_organic,cosmetic_raw_material,,telegram:minatajhiz; TamadKala,Iranian supplier Telegram catalogue,listing_evidence_crawled_2026-08-24,https://t.me/minatajhiz/240,Carboxymethyl cellulose (CMC) | فروش کربوکسی متیل سلولز cmc,ai_normalised_listing+pubchem_confirmed,verified_telegram_listing,2017-12-27,d58d7519dfae1100919af56c07940e398294e8f6bf741e1eb5cc135c8c584830
"(1S,2R,18R,19R,22S,25R,28R,40S)-48-[(2S,3R,4S,5S,6R)-3-[(2S,4S,5S,6S)-4-amino-5-hydroxy-4,6-dimethyloxan-2-yl]oxy-4,5-dihydroxy-6-(hydroxymethyl)oxan-2-yl]oxy-22-(2-amino-2-oxoethyl)-5,15-dichloro-2,18,32,35,37-pentahydroxy-19-[[(2R)-4-methyl-2-(methylamino)pentanoyl]amino]-20,23,26,42,44-pentaoxo-7,13-dioxa-21,24,27,41,43-pentazaoctacyclo[26.14.2.23,6.214,17.18,12.129,33.010,25.034,39]pentaconta-3,5,8(48),9,11,14,16,29(45),30,32,34(39),35,37,46,49-pentadecaene-40-carboxylic acid;hydrochloride","(1S,2R,18R,19R,22S,25R,28R,40S)-48-[(2S,3R,4S,5S,6R)-3-[(2S,4S,5S,6S)-4-amino-5-hydroxy-4,6-dimethyloxan-2-yl]oxy-4,5-dihydroxy-6-(hydroxymethyl)oxan-2-yl]oxy-22-(2-amino-2-oxoethyl)-5,15-dichloro-2,18,32,35,37-pentahydroxy-19-[[(2R)-4-methyl-2-(methylamino)pentanoyl]amino]-20,23,26,42,44-pentaoxo-7,13-dioxa-21,24,27,41,43-pentazaoctacyclo[26.14.2.23,6.214,17.18,12.129,33.010,25.034,39]pentaconta-3,5,8(48),9,11,14,16,29(45),30,32,34(39),35,37,46,49-pentadecaene-40-carboxylic acid;hydrochloride",,1404-93-9,6420023,LCTORFDMHNKUSG-XTTLPDOESA-N,C66H76Cl3N9O24,1485.7,CC1C(C(CC(O1)OC2C(C(C(OC2OC3=C4C=C5C=C3OC6=C(C=C(C=C6)C(C(C(=O)NC(C(=O)NC5C(=O)NC7C8=CC(=C(C=C8)O)C9=C(C=C(C=C9O)O)C(NC(=O)C(C(C1=CC(=C(O4)C=C1)Cl)O)NC7=O)C(=O)O)CC(=O)N)NC(=O)C(CC(C)C)NC)O)Cl)CO)O)O)(C)N)O.Cl,confirmed_organic,,,telegram:ATRmedShop,public Telegram (seller_research),product_page_listed_not_current_stock_verified,https://t.me/ATRmedShop/693,Vancomycin Hydrochloride | خرید وانکومایسین هیدروکلراید | قیمت وانکومایسین هیدروکلراید ‌‏⁧ ‌‌‏‌محصولات سیگما اصل را از ما بخواهید. 👇 واردات و فروش مواد شیمیایی سیگما 👇 ‌ ‌ ‌ ☎️ تلفن: ۰۲۱۶۶۳۶۱۵۴۳-۶۶۳۷۹۰۲۶-۰۲۱ ‌ 📱 موبایل: 09120549893 🌐 لینک محصول : https://atrmed.com/product/vancomycin-hydrochloride-from-streptomyces-orientalis/?v=e067b3c6b979 #آثل_طب #مواد_ازمایشگاهی #مواد_شیمیایی #بیولوژی #بیولوژی_مولکولی #آنتی_بیوتیک #آنزیم #سیگماآلدریچ #مرک #وانکومایسین_هیدروکلراید,router_batch+pubchem,verified_telegram_listing,2026-08-25,ec3d0570b7f20f958d2d27066ac6a8f9c2faf3830a26490049cdcbadc9c54bd2
"(2S)-4-[(E)-2-[(2S)-2-carboxy-6-hydroxy-5-[(2S,3R,4S,5S,6R)-3,4,5-trihydroxy-6-(hydroxymethyl)oxan-2-yl]oxy-2,3-dihydroindol-1-yl]ethenyl]-2,3-dihydropyridine-2,6-dicarboxylic acid",Betanin,,,6540685,CTMLKIKAUFEMLE-FTNGGYTGSA-N,C24H26N2O13,550.5,C1[C@H](N=C(C=C1/C=C/N2[C@@H](CC3=CC(=C(C=C32)O)O[C@H]4[C@@H]([C@H]([C@@H]([C@H](O4)CO)O)O)O)C(=O)O)C(=O)O)C(=O)O,confirmed_organic,colorant_or_indicator,,telegram:ChemIranSanat,Iranian supplier Telegram catalogue,listing_evidence_crawled_2026-08-24,https://t.me/ChemIranSanat/1157,,ai_normalised_listing+pubchem_confirmed,verified_telegram_listing,2018-01-15,3d89e55ad6a9236be3c1c18d27295f8b1007bf9239456fe4baa2bbf92c68c615
"(2S,3S,4R,5R)-3,4,5,6-tetrahydroxyoxane-2-carboxylic acid",alla,"(2S,3S,4R,5R)-3,4,5,6-tetrahydroxyoxane-2-carboxylic acid; alla",,6602103,AEMOLEFTQBMNLQ-PKKLWIBTSA-N,C6H10O7,194.14,C1(C(C(OC(C1O)O)C(=O)O)O)O,confirmed_organic,,,TamadKala,Iranian online wholesale/lab shop,product_page_listed_not_current_stock_verified,https://tamadkala.com/product/164437/دماسنج-شیشه-ای-الکلی-ساخت-کمپانی-alla,دماسنج شیشه ای الکلی ساخت کمپانی alla,structured_pubchem,verified_web_catalogue,2026-08-25,3dd757b44c2ed5df4762bc667a410e65b7a07905019fdce040cfa15a48156596
"(2S,3R,4R,5R,6S)-2-[(2R,3R,4S,5S,6R)-5-hydroxy-6-(hydroxymethyl)-2-[[(1S,2S,7S,10R,11S,14S,15R,16S,17R,20S,23S)-10,14,16,20-tetramethyl-22-azahexacyclo[12.10.0.02,11.05,10.015,23.017,22]tetracos-4-en-7-yl]oxy]-4-[(2S,3R,4S,5S,6R)-3,4,5-trihydroxy-6-(hydroxymethyl)oxan-2-yl]oxyoxan-3-yl]oxy-6-methyloxane-3,4,5-triol","(2S,3R,4R,5R,6S)-2-[(2R,3R,4S,5S,6R)-5-hydroxy-6-(hydroxymethyl)-2-[[(1S,2S,7S,10R,11S,14S,15R,16S,17R,20S,23S)-10,14,16,20-tetramethyl-22-azahexacyclo[12.10.0.02,11.05,10.015,23.017,22]tetracos-4-en-7-yl]oxy]-4-[(2S,3R,4S,5S,6R)-3,4,5-trihydroxy-6-(hydroxymethyl)oxan-2-yl]oxyoxan-3-yl]oxy-6-methyloxane-3,4,5-triol",,20562-02-1,9549171,ZGVSETXHNHBTRK-UDJLNJFBSA-N,C45H73NO15,868.1,CC1CCC2C(C3C(N2C1)CC4C3(CCC5C4CC=C6C5(CCC(C6)OC7C(C(C(C(O7)CO)O)OC8C(C(C(C(O8)CO)O)O)O)OC9C(C(C(C(O9)C)O)O)O)C)C)C,confirmed_organic,,,telegram:ChemIranSanat,public Telegram (seller_research),product_page_listed_not_current_stock_verified,https://t.me/ChemIranSanat/1755,Solanine | برخی مواد طبیعی در (هسته) سیب (Amygdalin) و (جوانه های سبز) سیب زمینی (Solanine) یا مواد ساخته دست بشر مانند آسپرین در مقادیر بیش از 1000 میلی گرم به ازای 1 کیلوگرم وزن بدن انسان سمی هستند (دوز سمی برای یک انسان 70 کیلویی، بیش از 7 گرم است). مواد دیگری چون قند طبیعی و تفلون مصنوعی در این دوز سمی نیستند. 🆔 @ChemIran1,router_batch+pubchem,verified_telegram_listing,2026-08-25,7d95caaf081bdec11a8a7342b38776749b7a95224dee177faf9ea8da32601cbe
Chlorhexidine Gluconate,Chlorhexidine gluconate,,,9552081,YZIYKJHYYHPJIB-UUPCJSQJSA-N,C34H54Cl2N10O14,897.8,C1=CC(=CC=C1N/C(=N/C(=NCCCCCCN=C(/N=C(/NC2=CC=C(C=C2)Cl)\N)N)N)/N)Cl.C(O)[C@@H](O)[C@@H](O)[C@H](O)[C@@H](O)C(=O)O.C(O)[C@@H](O)[C@@H](O)[C@H](O)[C@@H](O)C(=O)O,confirmed_organic,pharmaceutical_or_api,,jahaneshimicom,telegram,listing_evidence_crawled_2026-08-23,https://t.me/jahaneshimicom/79,سلام محلول ساولن موجود دارین؟ 09126382937,ai_resolved+pubchem,verified_telegram_listing,2026-08-23,d42593eaf746eceee31f184fb41fd4a255fe5dc3e71e8b35ad8b829aae08fb19
Fluvoxamine Maleate,Fluvoxamine Maleate,Fluvoxamine Maleate; (Z)-but-2-enedioic acid;2-[(E)-[5-methoxy-1-[4-(trifluoromethyl)phenyl]pentylidene]amino]oxyethanamine,,9560989,LFMYNZPAVPMEGP-PIDGMYBPSA-N,C19H25F3N2O6,434.4,COCCCC/C(=N\OCCN)/C1=CC=C(C=C1)C(F)(F)F.C(=C\C(=O)O)\C(=O)O,confirmed_organic,pharmaceutical_or_api,,Temad,web_catalogue,listing_evidence_crawled_2026-08-23,https://www.temad.com/product/tamsulosin-hcl-2/,Fluvoxamine Maleate,pubchem_direct,verified_web_catalogue,2026-08-23,6a9d2904c82975e5e0eda5e36f2a8dfe958558e578babc58c6e33efc12ad4132
Esomeprazole,Esomeprazole,,,9568614,SUBDBMMJDZJVOS-DEOSSOPVSA-N,C17H19N3O3S,345.4,CC1=CN=C(C(=C1OC)C)C[S@](=O)C2=NC3=C(N2)C=C(C=C3)OC,confirmed_organic,pharmaceutical_or_api,,Temad,web_catalogue,listing_evidence_crawled_2026-08-23,https://www.temad.com/product/capsule-esomeprazole-40-mg/,Capsule &#8211; Esomeprazole 40 mg,ai_resolved+pubchem,verified_web_catalogue,2026-08-23,96d84761088d70916bad0fc982c2053423ea37e4bdaa68b19a76c2c4123e325e
N-(cyanomethyl)-4-(trifluoromethyl)pyridine-3-carboxamide,Flonicamid,N-(cyanomethyl)-4-(trifluoromethyl)pyridine-3-carboxamide; Flonicamid,158062-67-0,9834513,RLQJEEJISHYWON-UHFFFAOYSA-N,C9H6F3N3O,229.16,C1=CN=CC(=C1C(F)(F)F)C(=O)NCC#N,confirmed_organic,organic_reagent,industrial,Telegram: jahaneshimicom,Iranian supplier Telegram catalogue,listed_not_current_stock_verified,,N-(cyanomethyl)-4-(trifluoromethyl)pyridine-3-carboxamide,existing skill export,verified_catalogue,2026-08-23,24d3166b221f24460e852d961c19bcabe8da4f9bf02177f78e38392c6443c220
nickel(2+);bis((Z)-4-oxopent-2-en-2-olate),Nickel(II) acetylacetonate,nickel(2+);bis((Z)-4-oxopent-2-en-2-olate); Nickel(II) acetylacetonate,,9834912,BMGNSKKZFQMGDH-FDGPNNRMSA-L,C10H14NiO4,256.91,C/C(=C/C(=O)C)/[O-].C/C(=C/C(=O)C)/[O-].[Ni+2],confirmed_organic,organic_reagent,,TamadKala,Iranian online wholesale/lab shop,product_page_listed_not_current_stock_verified,,فروش نیکلii استیل استونات | ...,router_title_normalization,verified_catalogue,2026-08-23,5eeb08797fdeac24f5cb0ae308549b201ed08dd6e1ee0b0f54dc3f8dac962075
"5-chloro-N-[[(5S)-2-oxo-3-[4-(3-oxomorpholin-4-yl)phenyl]-1,3-oxazolidin-5-yl]methyl]thiophene-2-carboxamide",Rivaroxaban,"5-chloro-N-[[(5S)-2-oxo-3-[4-(3-oxomorpholin-4-yl)phenyl]-1,3-oxazolidin-5-yl]methyl]thiophene-2-carboxamide; Rivaroxaban",,9875401,KGFYHTZWPPHNLQ-AWEZNQCLSA-N,C19H18ClN3O5S,435.9,C1COCC(=O)N1C2=CC=C(C=C2)N3C[C@@H](OC3=O)CNC(=O)C4=CC=C(S4)Cl,confirmed_organic,pharmaceutical_or_api,research,BehChin Chemi Pharmed,Iranian supplier API/intermediate catalogue,supplier_catalogue_listed_not_current_stock_verified,https://www.behchinchemi.ir/en/our-products/active-pharmaceutical-ingredient,Rivaroxaban,supplier_table,verified_catalogue,2026-08-23,798d3072402187f208009a303c35dab521f4a93ec6a28b6216b814f77e54fd0c
tricopper;dicarbonate;dihydroxide,Azurite,,,9884557,GWBUNZLLLLDXMD-UHFFFAOYSA-H,C2H2Cu3O8,344.67,C(=O)([O-])[O-].C(=O)([O-])[O-].[OH-].[OH-].[Cu+2].[Cu+2].[Cu+2],confirmed_organic,colorant_or_indicator,,telegram:IranChemicals,Iranian supplier Telegram catalogue,listing_evidence_crawled_2026-08-24,https://t.me/Iranchemicals/22577,,ai_normalised_listing+pubchem_confirmed,verified_telegram_listing,2021-08-09,2643a1a889f0f360c9f26aaed371439f82b4a3bb724f4cf300244d920bd1e81a
"[2-oxo-3-(2,4,6-trimethylphenyl)-1-oxaspiro[4.4]non-3-en-4-yl] 3,3-dimethylbutanoate",Spiromesifen,"[2-oxo-3-(2,4,6-trimethylphenyl)-1-oxaspiro[4.4]non-3-en-4-yl] 3,3-dimethylbutanoate; Spiromesifen",283594-90-1,9907412,GOLXNESZZPUPJE-UHFFFAOYSA-N,C23H30O4,370.5,CC1=CC(=C(C(=C1)C)C2=C(C3(CCCC3)OC2=O)OC(=O)CC(C)(C)C)C,confirmed_organic,organic_reagent,,TamadKala,Iranian online wholesale/lab shop,product_page_listed_not_current_stock_verified,https://tamadkala.com/product/162555/%D8%A7%D8%B3%D9%BE%DB%8C%D8%B1%D9%88-%D8%A7%D9%85%D8%AA%D8%A7%D8%AF-%D8%A8%D8%B1%D9%86%D8%AF-borun,اسپیرو امتاد برند borun,router_title_normalization,verified_catalogue,2026-08-23,dc14038ee54ce01530be27e143beaf523b72d02088c7633e9676354331936d86
Noscapine Hydrochloride,noscapine hydrochloride,"Noscapine Hydrochloride; noscapine hydrochloride; (3S)-6,7-dimethoxy-3-[(5R)-4-methoxy-6-methyl-7,8-dihydro-5H-[1,3]dioxolo[4,5-g]isoquinolin-5-yl]-3H-2-benzofuran-1-one;hydrochloride; Noscapine HCL",,9933439,MFLVZFXCSKVCSH-URBRKQAFSA-N,C22H24ClNO7,449.9,CN1CCC2=CC3=C(C(=C2[C@@H]1[C@@H]4C5=C(C(=C(C=C5)OC)OC)C(=O)O4)OC)OCO3.Cl,confirmed_organic,pharmaceutical_or_api,,Temad,web_catalogue,listing_evidence_crawled_2026-08-23,https://www.temad.com/product/levofloxacin-2/,Noscapine HCL,ai_resolved+pubchem,verified_web_catalogue,2026-08-23,fab8a7dc46a41b05585d52be323a9f3fccf3299ca7c944a14cb9ed60df6b703a
3-hydroxypropyl nitrate,3-Nitrooxypropanol,,,10011893,PTMLFFXFTRSBJW-UHFFFAOYSA-N,C3H7NO4,121.09,C(CO)CO[N+](=O)[O-],confirmed_organic,organic_reagent,,telegram:ChemIranSanat,Iranian supplier Telegram catalogue,listing_evidence_crawled_2026-08-24,https://t.me/ChemIranSanat/1315,,ai_normalised_listing+pubchem_confirmed,verified_telegram_listing,2018-03-11,ce7038b61b8d6cce232a5a6f85cde77ce256cd9d55a869c2c447cbebe0883a41
2-[2-(2-hydroxyethoxy)propoxy]ethanol,"Poly(oxy-1,2-ethanediyl) alpha,alpha-(1-methyl-1,2-ethanediyl)bis(omega-hydroxy-",,9003-11-6,10154203,OQNWUUGFAWNUME-UHFFFAOYSA-N,C7H16O4,164.20,CC(COCCO)OCCO,confirmed_organic,cosmetic_raw_material,,telegram:ChemIranSanat,Iranian supplier Telegram catalogue,listing_evidence_crawled_2026-08-24,https://t.me/ChemIranSanat/2028,,ai_normalised_listing+pubchem_confirmed,verified_telegram_listing,2021-04-27,85043cd3e8b04de83fdc981f097080bcf38efbaef3205945c48a13b4e32f74d5
Calcium bicarbonate,Calcium bicarbonate,,,10176262,NKWPZUCBCARRDP-UHFFFAOYSA-L,C2H2CaO6,162.11,C(=O)(O)[O-].C(=O)(O)[O-].[Ca+2],confirmed_organic,organic_reagent,,Fardad Shimi,web_catalogue,listing_evidence_crawled_2026-08-23,https://fardadshimi.com/product/6227857/,6227857,ai_resolved+pubchem,verified_web_catalogue,2026-08-23,a7ecde13baba3cfd21250c6fa220a16a6f0d6b71be0573c92afc9b951d14f82f
N-ethylethanamine;hydrochloride,Diethylammonium Chloride,N-ethylethanamine;hydrochloride; Diethylammonium Chloride,993-36-2,10197650,HDITUCONWLWUJR-UHFFFAOYSA-N,C4H12ClN,109.60,CCNCC.Cl,confirmed_organic,organic_reagent,,TamadKala,Iranian online wholesale/lab shop,product_page_listed_not_current_stock_verified,https://tamadkala.com/product/18306/%D8%AF%DB%8C-%D8%A7%D8%AA%DB%8C%D9%84-%D8%A2%D9%85%D9%88%D9%86%DB%8C%D9%88%D9%85-%DA%A9%D9%84%D8%B1%D8%A7%DB%8C%D8%AF,دی اتیل آمونیوم کلراید,router_title_normalization,verified_catalogue,2026-08-23,9f45bc285bcf7bc8caaa472c89ada28783f7ce3179f1332dddb757bb85525029
Ferrocene,Ferrocene,,,10219726,DFRHTHSZMBROSH-UHFFFAOYSA-N,C10H10Fe,186.03,C1=C[CH]C=C1.C1=C[CH]C=C1.[Fe],confirmed_organic,organic_reagent,,telegram:chemgroup,Iranian supplier Telegram catalogue,listing_evidence_crawled_2026-08-24,https://t.me/chemgroup/1128,,ai_normalised_listing+pubchem_confirmed,verified_telegram_listing,2016-02-01,aac02c12da662d9c159e27a3a11b9cb2fc5674afe3fb94be871ea4235721ef30
sodium methanolate,Sodium Methoxide,sodium methanolate; Sodium Methoxide; Sodium methylate,,10942334,WQDUMFSSJAZKTM-UHFFFAOYSA-N,CH3NaO,54.024,C[O-].[Na+],confirmed_organic,organic_reagent,research,Telegram: minatajhiz,Iranian supplier Telegram catalogue,listed_not_current_stock_verified,https://t.me/minatajhiz/1093,sodium methanolate,existing skill export,verified_catalogue,2026-08-23,3d9473a74e2f4856b68ed0b0739432ea3715d260084a7e37a4fbb07758dcfaad
N-ethylethanamine;hydrobromide,Diethylammonium Bromide,N-ethylethanamine;hydrobromide; Diethylammonium Bromide,536-69-6,10986453,AATGHKSFEUVOPF-UHFFFAOYSA-N,C4H12BrN,154.05,CCNCC.Br,confirmed_organic,organic_reagent,,TamadKala,Iranian online wholesale/lab shop,product_page_listed_not_current_stock_verified,https://tamadkala.com/product/18318/%D8%AF%DB%8C-%D8%A7%D8%AA%DB%8C%D9%84-%D8%A2%D9%85%D9%88%D9%86%DB%8C%D9%88%D9%85-%D8%A8%D8%B1%D9%88%D9%85%D8%A7%DB%8C%D8%AF,دی اتیل آمونیوم بروماید,router_title_normalization,verified_catalogue,2026-08-23,771515ba4576f8b3a024f7fb0c27babd40fa456854c7f1ce942d9c142effab76
"trans-(1R,2R)-2-methoxycyclohexan-1-ol","rel-(1R,2R)-2-Methoxycyclohexanol",,7429-40-5,11051680,DCQQZLGQRIVCNH-RNFRBKRXSA-N,C7H14O2,130.18,CO[C@@H]1CCCC[C@H]1O,confirmed_organic,organic_reagent,,telegram:chemgroup,Iranian supplier Telegram catalogue,listing_evidence_crawled_2026-08-24,https://t.me/chemgroup/1780,,ai_normalised_listing+pubchem_confirmed,verified_telegram_listing,2016-07-24,f85a9b0232c07ab34f1d76bce45fb0918dbc89ac7d482230fa3b00430ccecb0f
"N,N-diethyl-12,14-dioxa-13-phosphapentacyclo[13.8.0.02,11.03,8.018,23]tricosa-1(15),2(11),3,5,7,9,16,18,20,22-decaen-13-amine","N,N","N,N-diethyl-12,14-dioxa-13-phosphapentacyclo[13.8.0.02,11.03,8.018,23]tricosa-1(15),2(11),3,5,7,9,16,18,20,22-decaen-13-amine; N,N",,11058169,SQKCCVLITFBZPD-UHFFFAOYSA-N,C24H22NO2P,387.4,CCN(CC)P1OC2=C(C3=CC=CC=C3C=C2)C4=C(O1)C=CC5=CC=CC=C54,confirmed_organic,,,ShimiMan,Iranian WooCommerce catalogue,product_page_listed_not_current_stock_verified,https://shimiman.com/product/n-n-dy-mtyl-anylyn-code-803060-merck/,"N,N- دی متیل آنیلین کد 803060 مرک",structured_pubchem,verified_web_catalogue,2026-08-25,ddcd8a19dcd938e1bc1d77cb8cf06ddeae98f9f476b5bd1fcc9a2899cdb69963
"4-benzyl-2-naphthalen-1-yl-1,2,4-thiadiazolidine-3,5-dione",Tideglusib,,865854-05-3,11313622,PMJIHLSCWIDGMD-UHFFFAOYSA-N,C19H14N2O2S,334.4,C1=CC=C(C=C1)CN2C(=O)N(SC2=O)C3=CC=CC4=CC=CC=C43,confirmed_organic,pharmaceutical_or_api,,telegram:ChemIranSanat,Iranian supplier Telegram catalogue,listing_evidence_crawled_2026-08-24,https://t.me/ChemIranSanat/245,,ai_normalised_listing+pubchem_confirmed,verified_telegram_listing,2017-06-18,42166955962832b8a0502c8fc85dd2d53ed082c5b2b09355db65d59e79a74847
Sitagliptin Phosphate Monohydrate,Sitagliptin Phosphate Monohydrate,"Sitagliptin Phosphate Monohydrate; (3R)-3-amino-1-[3-(trifluoromethyl)-6,8-dihydro-5H-[1,2,4]triazolo[4,3-a]pyrazin-7-yl]-4-(2,4,5-trifluorophenyl)butan-1-one;phosphoric acid;hydrate",,11591741,GQPYTJVDPQTBQC-KLQYNRQASA-N,C16H20F6N5O6P,523.32,C1CN2C(=NN=C2C(F)(F)F)CN1C(=O)C[C@@H](CC3=CC(=C(C=C3F)F)F)N.O.OP(=O)(O)O,confirmed_organic,pharmaceutical_or_api,,Temad,web_catalogue,listing_evidence_crawled_2026-08-23,https://www.temad.com/product/pholcodine-monohydrate-2/,Sitagliptin Phosphate Monohydrate,pubchem_direct,verified_web_catalogue,2026-08-23,fee079d11b494ed456e94107dacff4bc878e8c8b29d6d6bebfae53f166f56d59
bis((Z)-4-hydroxypent-3-en-2-one);oxovanadium,Vanadium(IV) Oxide Acetylacetonate,bis((Z)-4-hydroxypent-3-en-2-one);oxovanadium; Vanadium(IV) Oxide Acetylacetonate,,11821519,FSJSYDFBTIVUFD-SUKNRPLKSA-N,C10H16O5V,267.17,C/C(=C/C(=O)C)/O.C/C(=C/C(=O)C)/O.O=[V],confirmed_organic,organic_reagent,research,Telegram: minatajhiz,Iranian supplier Telegram catalogue,listed_not_current_stock_verified,https://t.me/minatajhiz/685,bis((Z)-4-hydroxypent-3-en-2-one);oxovanadium,existing skill export,verified_catalogue,2026-08-23,2e764a1932b4dab7e732957d1dc78be886bc49c7181a81470c8f6d6e0111b86a
Isonicotinoyl chloride hydrochloride,Isonicotinoyl chloride hydrochloride,Isonicotinoyl chloride hydrochloride; pyridine-4-carbonyl chloride;hydrochloride,,12262826,BNTRVUUJBGBGLZ-UHFFFAOYSA-N,C6H5Cl2NO,,C1=CN=CC=C1C(=O)Cl.Cl,confirmed_organic,organic_reagent,research,telegram:ChemIranSanat,telegram:ChemIranSanat,telegram_listing_evidence,https://t.me/ChemIranSanat/1554,Isonicotinoyl chloride hydrochloride واردات از شرکت آلفاایسر 🆔 @ChemIran1,structured_pubchem,verified_telegram_listing,2026-08-23,6925cc7bccac2ed0f40df6cd54a6fecaf06881e6338df932dd2d7e9a1fea452b
"8-benzyl-1-oxa-3,8-diazaspiro[4.5]decane-2,4-dione;hydrochloride","8-benzyl-1-oxa-3,8-diazaspiro[4.5]decane-2,4-dione;hydrochloride",,26733-61-9,12343429,UYAYVVXQBIKHLI-UHFFFAOYSA-N,C14H17ClN2O3,296.75,C1CN(CCC12C(=O)NC(=O)O2)CC3=CC=CC=C3.Cl,confirmed_organic,,,telegram:ATRmedShop,public Telegram (seller_research),product_page_listed_not_current_stock_verified,https://t.me/ATRmedShop/812,Ammonium formate | آمونیوم فرمات آمونیوم فرمات یک نمک آمونیوم اسید فرمیک است. آمونیوم فرمات در یک مطالعه برای ایجاد یک روش کروماتوگرافی فوق حساس و انتخابی مایع با کارایی بالا HPLC و برای یکی از فیتوهورمون‌های سیگنال دهنده فرار، اسید جاسمونیک (JA) استفاده شده است. همچنین آمونیوم فرمات در یک مطالعه برای ایجاد و... برای مشاهده ادامه مطلب، مشاهده قیمت آنلاین و خرید اینترنتی آمونیوم فرمات به لینک زیر مراجعه فرمایید: https://atrmed.com/product/ammonium-formate/ #قیمت_آمونیوم_فرمات #خریدآمونیوم_فرمات #,router_batch+pubchem,verified_telegram_listing,2026-08-25,eacb50961b3f15e1624b006f6a168ee16e7329879f80dadb12778671dc6a1f0a
Sodium tartrate dihydrate,Disodium tartrate dihydrate,"Sodium tartrate dihydrate; Disodium tartrate dihydrate; disodium;(2R,3R)-2,3-dihydroxybutanedioate;dihydrate",6106-24-7,12598458,FGJLAJMGHXGFDE-DGFHWNFOSA-L,C4H8Na2O8,230.08,[C@@H]([C@H](C(=O)[O-])O)(C(=O)[O-])O.O.O.[Na+].[Na+],confirmed_organic,organic_reagent,,Mojallali Group,web_catalogue,listing_evidence_crawled_2026-08-23,https://drm-chem.com/en/product/di-sodium-tartarate-dihydrate-en/,di-sodium tartarate dihydrate,ai_resolved+pubchem,verified_web_catalogue,2026-08-23,76499ce7a6a1d15822668fab283091252caeb52950a6c5a6b69ca8465f60bd74
"disodium;4',5'-dibromo-2',7'-dinitro-3-oxospiro[2-benzofuran-1,9'-xanthene]-3',6'-diolate",Eosin B,"disodium;4',5'-dibromo-2',7'-dinitro-3-oxospiro[2-benzofuran-1,9'-xanthene]-3',6'-diolate; Eosin B",548-24-3,12961637,QGAYMQGSQUXCQO-UHFFFAOYSA-L,C20H6Br2N2Na2O9,624.1,C1=CC=C2C(=C1)C(=O)OC23C4=CC(=C(C(=C4OC5=C(C(=C(C=C35)[N+](=O)[O-])[O-])Br)Br)[O-])[N+](=O)[O-].[Na+].[Na+],confirmed_organic,colorant_or_indicator,,TamadKala; Mojallali Group,Iranian online wholesale/lab shop,product_page_listed_not_current_stock_verified,https://tamadkala.com/product/173548/%D8%A7%D8%A6%D9%88%D8%B2%DB%8C%D9%86-b-%DA%AF%D8%B1%DB%8C%D8%AF-indicator-%D8%AF%DA%A9%D8%AA%D8%B1-%D9%85%D8%AC%D9%84%D9%84%DB%8C,ائوزین b گرید indicator دکتر مجللی,router_title_normalization,verified_catalogue,2026-08-23,4be89099f2a8d0f6efffcf2d9c1d7f396183c2f9ccb7648a921db51d711288a0
disodium;2-[2-[carboxylatomethyl(carboxymethyl)amino]ethyl-(carboxymethyl)amino]acetate,Disodium EDTA,disodium;2-[2-[carboxylatomethyl(carboxymethyl)amino]ethyl-(carboxymethyl)amino]acetate; Disodium EDTA,6381-92-6,13020083,ZGTMUACCHSMWAC-UHFFFAOYSA-L,C10H18N2Na2O10,336.21,C(CN(CC(=O)[O-])CC(=O)[O-])N(CC(=O)O)CC(=O)O.[Na+].[Na+],confirmed_organic,organic_reagent,research,Fardad Shimi; Isatis Shimi; TamadKala,Iranian online chemical shops | Iranian online lab-chemical shop | Iranian online wholesale/lab shop,product_page_listed_not_current_stock_verified,https://isatisshimi.com/en/product/disodium-edta/,Disodium EDTA | اتیلن دی نیتریلو تترا استیک اسید دی سدی | ادتا 2 سدیم | ادتا 4 سدیم | ادتا دی سدیم | ادتا دی سدیم ( تیتری پلکس ۳ ) MERCK | ... | ادتا دی سدیم صنعتی | تترا سدیم ادتا extra pure نوترون | دی سدیم ادتا extra pure نوترون | دی سدیم ادتات laboratory دکتر مجللی | ... | فر,router_title_normalization,verified_catalogue,2026-08-23,b1f544c9b695f29081f036e82566c52bad100e4f2f7aee3446990a925b8eb062
3-phenylphthalic acid,"Biphenyl-2,3-dicarboxylic acid","3-phenylphthalic acid; Biphenyl-2,3-dicarboxylic acid",,13074915,HSSYVKMJJLDTKZ-UHFFFAOYSA-N,C14H10O4,242.23,C1=CC=C(C=C1)C2=C(C(=CC=C2)C(=O)O)C(=O)O,confirmed_organic,organic_reagent,research,Telegram: ChemIranSanat,Iranian supplier Telegram catalogue,listed_not_current_stock_verified,https://t.me/ChemIranSanat/1795,3-phenylphthalic acid,existing skill export,verified_catalogue,2026-08-23,c85e0dfb80afb9f8260d1bd7a062964329cc4ce829ef164d04d041823e290f05
"2-chloro-N-(2,4-dimethylthiophen-3-yl)-N-[(2S)-1-methoxypropan-2-yl]acetamide",Dimethenamid-P,,163515-14-8,13633097,JLYFCTQDENRSOL-VIFPVBQESA-N,C12H18ClNO2S,275.80,CC1=CSC(=C1N([C@@H](C)COC)C(=O)CCl)C,confirmed_organic,organic_reagent,,telegram:jahaneshimicom,Iranian supplier Telegram catalogue,listing_evidence_crawled_2026-08-24,https://t.me/jahaneshimicom/53,,ai_normalised_listing+pubchem_confirmed,verified_telegram_listing,2023-12-19,69257c8ec5cf8da960262f8cb9a1a3154e25a57d952a7da7bea5010ff14a2434
14-Hydroxycodeine,14-Hydroxycodeine,,,14261327,YPZPXTZKBNWUTF-QMVVXIJUSA-N,C18H21NO4,315.4,CN1CC[C@]23[C@@H]4[C@H](C=C[C@]2([C@H]1CC5=C3C(=C(C=C5)OC)O4)O)O,confirmed_organic,pharmaceutical_or_api,,Temad,web_catalogue,listing_evidence_crawled_2026-08-23,https://www.temad.com/product/hydroxycodeine-14/,Hydroxycodeine &#8211; 14,ai_resolved+pubchem,verified_web_catalogue,2026-08-23,a48755be4ddb59e959800301a01708adbb4fbe65cef14a646a204d026bf5ce5b
"2,7-diamino-4,6-dimethyl-3-oxo-1-N,9-N-bis[(3R,6S,7R,10S,16S)-7,11,14-trimethyl-2,5,9,12,15-pentaoxo-3,10-di(propan-2-yl)-8-oxa-1,4,11,14-tetrazabicyclo[14.3.0]nonadecan-6-yl]phenoxazine-1,9-dicarboxamide","2,7-diamino-4,6-dimethyl-3-oxo-1-N,9-N-bis[(3R,6S,7R,10S,16S)-7,11,14-trimethyl-2,5,9,12,15-pentaoxo-3,10-di(propan-2-yl)-8-oxa-1,4,11,14-tetrazabicyclo[14.3.0]nonadecan-6-yl]phenoxazine-1,9-dicarboxamide",,7240-37-1,14924508,YXHLJMWYDTXDHS-IRFLANFNSA-N,C62H87N13O16,1270.4,CC1C(C(=O)NC(C(=O)N2CCCC2C(=O)N(CC(=O)N(C(C(=O)O1)C(C)C)C)C)C(C)C)NC(=O)C3=CC(=C(C4=C3N=C5C(=C(C(=O)C(=C5O4)C)N)C(=O)NC6C(OC(=O)C(N(C(=O)CN(C(=O)C7CCCN7C(=O)C(NC6=O)C(C)C)C)C)C(C)C)C)C)N,confirmed_organic,,,telegram:labshop,public Telegram (seller_research),product_page_listed_not_current_stock_verified,https://t.me/labshop/205,Alcian blue | 🛑 کیت های رنگ آمیزی اختصاصی پاتولوژی ✅ Alcian blue PAS ✅ Congo red ✅ Rhodamine for Wilson disease ✅ Mycobact for cold stainof mycobacteria,router_batch+pubchem,verified_telegram_listing,2026-08-25,4948782cba927afcab1e31fc262c2e20eaea1dfbe1fad415b1605f5d7eca0be4
Sorbitan trioctadecanoate,sorbitan tristearate,,,15181202,IJCWFDPJFXGQBN-RYNSOKOISA-N,C60H114O8,963.5,CCCCCCCCCCCCCCCCCC(=O)OC[C@H]([C@@H]1[C@@H]([C@H](CO1)O)OC(=O)CCCCCCCCCCCCCCCCC)OC(=O)CCCCCCCCCCCCCCCCC,confirmed_organic,organic_reagent,,jahaneshimicom,telegram,listing_evidence_crawled_2026-08-23,https://t.me/jahaneshimicom/135,سلام کمالی از مشهد هستم سوربیتان تری استئارات غذایی پودری میخواستم 09367065792,ai_resolved+pubchem,verified_telegram_listing,2026-08-23,dacd4d2b565ffedc2bb9bfac4eedbb13b83d84b1c7986b261ab20a24e004a6d5
Morphine Sulfate,Morphine Sulfate,"Morphine Sulfate; bis((4R,4aR,7S,7aR,12bS)-3-methyl-2,4,4a,7,7a,13-hexahydro-1H-4,12-methanobenzofuro[3,2-e]isoquinoline-7,9-diol);sulfuric acid",,16051935,USAHOPJHPJHUNS-IFCNUISUSA-N,C34H40N2O10S,668.8,CN1CC[C@]23[C@@H]4[C@H]1CC5=C2C(=C(C=C5)O)O[C@H]3[C@H](C=C4)O.CN1CC[C@]23[C@@H]4[C@H]1CC5=C2C(=C(C=C5)O)O[C@H]3[C@H](C=C4)O.OS(=O)(=O)O,confirmed_organic,pharmaceutical_or_api,,Temad,web_catalogue,listing_evidence_crawled_2026-08-23,https://www.temad.com/product/methadone-base/,Morphine Sulfate,pubchem_direct,verified_web_catalogue,2026-08-23,b3cb540bfdb7d9745ede9f73d157ff404f8a215224ea6fc2a29d8b0aa5f0e72a
"(2S,4R)-N-[(1S,2S)-2-chloro-1-[(2R,3R,4S,5R,6R)-3,4,5-trihydroxy-6-methylsulfanyloxan-2-yl]propyl]-1-methyl-4-propylpyrrolidine-2-carboxamide;hydrochloride",Clindamycin Hydrochloride,"(2S,4R)-N-[(1S,2S)-2-chloro-1-[(2R,3R,4S,5R,6R)-3,4,5-trihydroxy-6-methylsulfanyloxan-2-yl]propyl]-1-methyl-4-propylpyrrolidine-2-carboxamide;hydrochloride; Clindamycin Hydrochloride",,16051951,AUODDLQVRAJAJM-XJQDNNTCSA-N,C18H34Cl2N2O5S,461.4,CCC[C@@H]1C[C@H](N(C1)C)C(=O)N[C@@H]([C@@H]2[C@@H]([C@@H]([C@H]([C@H](O2)SC)O)O)O)[C@H](C)Cl.Cl,confirmed_organic,pharmaceutical_or_api,research,BehChin Chemi Pharmed,Iranian supplier API/intermediate catalogue,supplier_catalogue_listed_not_current_stock_verified,https://www.behchinchemi.ir/en/our-products/active-pharmaceutical-ingredient,Clindamycin Hydrochloride,supplier_table,verified_catalogue,2026-08-23,c07be37e00929ebe319a35ec709396a0d594350e374519e75e7080ba581b36d3
"[2,3-dihydroxy-5-[[(2R,3R,4S,5R,6S)-3,4,5,6-tetrakis[[3,4-dihydroxy-5-(3,4,5-trihydroxybenzoyl)oxybenzoyl]oxy]oxan-2-yl]methoxycarbonyl]phenyl] 3,4,5-trihydroxybenzoate",Tannic acid,"[2,3-dihydroxy-5-[[(2R,3R,4S,5R,6S)-3,4,5,6-tetrakis[[3,4-dihydroxy-5-(3,4,5-trihydroxybenzoyl)oxybenzoyl]oxy]oxan-2-yl]methoxycarbonyl]phenyl] 3,4,5-trihydroxybenzoate; Tannic acid",,16129778,LRBQNJMCXXYXIU-PPKXGCFTSA-N,C76H52O46,1701.2,C1=C(C=C(C(=C1O)O)O)C(=O)OC2=CC(=CC(=C2O)O)C(=O)OC[C@@H]3[C@H]([C@@H]([C@H]([C@@H](O3)OC(=O)C4=CC(=C(C(=C4)OC(=O)C5=CC(=C(C(=C5)O)O)O)O)O)OC(=O)C6=CC(=C(C(=C6)OC(=O)C7=CC(=C(C(=C7)O)O)O)O)O)OC(=O)C8=CC(=C(C(=C8)OC(=O)C9=CC(=C(C(=C9)O)O)O)O)O)OC(=O)C1=CC(=C(C(=C1)OC(=O)C1=CC(=C(C(=C1)O)O)O)O)O,confirmed_organic,organic_reagent,,Fardad Shimi,Iranian online lab-chemical shop,product_page_listed_not_current_stock_verified,,پودر تانیک اسید MERCK | ...,router_title_normalization,verified_catalogue,2026-08-23,43242be75706970b80cdca0eb7c7ae644261448bf8feb932bc6255def475463e
"[(2R)-2-[(2R,3R,4S)-3,4-dihydroxyoxolan-2-yl]-2-hydroxyethyl] octadecanoate",Sorbitan monooctadecanoate,,1338-41-6,16218600,HVUMOYIDDBPOLL-XWVZOOPGSA-N,C24H46O6,430.6,CCCCCCCCCCCCCCCCCC(=O)OC[C@H]([C@@H]1[C@@H]([C@H](CO1)O)O)O,confirmed_organic,cosmetic_raw_material,,telegram:jahaneshimicom,Iranian supplier Telegram catalogue,listing_evidence_crawled_2026-08-24,https://t.me/jahaneshimicom/135,,ai_normalised_listing+pubchem_confirmed,verified_telegram_listing,2024-01-14,59d41561ab576ab5e33a806897251e50b2d60c1614c5fbcdc002a16073be956a
"disodium;(3E)-3-[(4-amino-3-sulfonatophenyl)-(4-amino-3-sulfophenyl)methylidene]-6-imino-5-methylcyclohexa-1,4-diene-1-sulfonate","disodium;(3E)-3-[(4-amino-3-sulfonatophenyl)-(4-amino-3-sulfophenyl)methylidene]-6-imino-5-methylcyclohexa-1,4-diene-1-sulfonate","disodium;(3E)-3-[(4-amino-3-sulfonatophenyl)-(4-amino-3-sulfophenyl)methylidene]-6-imino-5-methylcyclohexa-1,4-diene-1-sulfonate",3244-88-0,16219374,WZRZTHMJPHPAMU-UHFFFAOYSA-L,C20H17N3Na2O9S3,585.5,CC1=CC(=C(C2=CC(=C(C=C2)N)S(=O)(=O)O)C3=CC(=C(C=C3)N)S(=O)(=O)[O-])C=C(C1=N)S(=O)(=O)[O-].[Na+].[Na+],confirmed_organic,,,Mojallali Group,Iranian WooCommerce catalogue,product_page_listed_not_current_stock_verified,https://drm-chem.com/en/product/fuchsin-acid-en/,Fuchsin acid,cas_pubchem,verified_web_catalogue,2026-08-25,670f12a08006992323daad4d843026a5acfe9a164ed9c03308f36ce34139d5cd
triethylalumane,Triethylaluminium,triethylalumane; Triethylaluminium,,16682930,VOITXYVAKOUIBA-UHFFFAOYSA-N,C6H15Al,114.16,CC[Al](CC)CC,confirmed_organic,organic_reagent,,TamadKala,Iranian online wholesale/lab shop,product_page_listed_not_current_stock_verified,,تری اتیل آلومینیوم سیگما | ...,router_title_normalization,verified_catalogue,2026-08-23,620c90e3e039eaeb1a03c8dd8356869e2902d8d3c1306ef73c0eefd425482306
2-hydroxypropanoyloxy(phenyl)mercury,Phenylmercuric lactate,,122-64-5,16683023,RRFGSWMKSSCUSU-UHFFFAOYSA-M,C9H10HgO3,366.77,CC(C(=O)O[Hg]C1=CC=CC=C1)O,confirmed_organic,organic_reagent,,telegram:minatajhiz,Iranian supplier Telegram catalogue,listing_evidence_crawled_2026-08-24,https://t.me/minatajhiz/165,,ai_normalised_listing+pubchem_confirmed,verified_telegram_listing,2017-10-31,07341f1698f188d85599199f1f61e71d14b13a31e23cecbaa116a2d4ae9c4b65
1-benzyl-5-chloro-3-phenylsulfanylindole-2-carboxylic acid,sf1,1-benzyl-5-chloro-3-phenylsulfanylindole-2-carboxylic acid; sf1,,16758220,RFESUVTWCSFPBG-UHFFFAOYSA-N,C22H16ClNO2S,393.9,C1=CC=C(C=C1)CN2C3=C(C=C(C=C3)Cl)C(=C2C(=O)O)SC4=CC=CC=C4,confirmed_organic,,,TamadKala,Iranian online wholesale/lab shop,product_page_listed_not_current_stock_verified,https://tamadkala.com/product/1566/کوره-رسوب-بخار-شیمیایی-1-منطقه-ای-مدل-sf1,کوره رسوب بخار شیمیایی 1 منطقه ای مدل sf1,structured_pubchem,verified_web_catalogue,2026-08-25,9a16844d4ac8422cb4237479de934a3392499e92aacecec4ba06aedea97e387b
sodium 2-hydroxybenzoate,Sodium Salicylate,sodium 2-hydroxybenzoate; Sodium Salicylate,54-21-7,16760658,ABBQHOQBGMUPJH-UHFFFAOYSA-M,C7H5NaO3,160.10,C1=CC=C(C(=C1)C(=O)[O-])O.[Na+],confirmed_organic,organic_reagent,,Fardad Shimi,Iranian online lab-chemical shop,product_page_listed_not_current_stock_verified,https://fardadshimi.com/product/6197526/,سدیم سالیسیلات MERCK,router_title_normalization,verified_catalogue,2026-08-23,51a46b51a942201c03cfad80f56c214f3b9a1c76c30940a6605c1beab9939ed2
sodium 2-propylpentanoate,sodium valproate,sodium 2-propylpentanoate; sodium valproate,,16760703,AEQFSUDEHCCHBT-UHFFFAOYSA-M,C8H15NaO2,166.19,CCCC(CCC)C(=O)[O-].[Na+],confirmed_organic,pharmaceutical_or_api,,Rooz Darou,Iranian pharmaceutical product catalogue,product_page_listed_not_current_stock_verified,http://rouzdarou.com/products/%D9%82%D8%B1%D8%B5-%D9%88%D8%A7%D9%84%D9%BE%D8%B1%D9%88%D8%A7%D8%AA-%D8%B3%D8%AF%DB%8C%D9%85-200,قرص والپروات سدیم 200,PubChem name validation from supplier product title,verified_catalogue,2026-08-23,aaa0eb8be8bc8dca21f18e8a7082f1e8575c3f8febc38b9b25b709b25bad9bef
"2-(2,4-dihydroxyphenyl)-3,5,7-trihydroxychromen-4-one;dihydrate",Morin hydrate,,,18542136,AEVKYFNHIADTEI-UHFFFAOYSA-N,C15H14O9,338.27,C1=CC(=C(C=C1O)O)C2=C(C(=O)C3=C(C=C(C=C3O2)O)O)O.O.O,confirmed_organic,secondary_metabolite_or_natural_product,,telegram:minatajhiz,Iranian supplier Telegram catalogue,listing_evidence_crawled_2026-08-24,https://t.me/minatajhiz/175,,ai_normalised_listing+pubchem_confirmed,verified_telegram_listing,2017-11-05,b810e2d11a687f977fc3644064ebb8fbbbe75436e14a899adab0fba0311dd44b
Naltrexone Base,Naltrexone Base,"Naltrexone Base; (4R,4aS,12bS)-3-(cyclopropylmethyl)-4a,9-dihydroxy-2,4,5,6,7a,13-hexahydro-1H-4,12-methanobenzofuro[3,2-e]isoquinolin-7-one",,21159611,DQCKKXVULJGBQN-UWFFTQNDSA-N,C20H23NO4,341.4,C1CC1CN2CC[C@]34C5C(=O)CC[C@]3([C@H]2CC6=C4C(=C(C=C6)O)O5)O,confirmed_organic,pharmaceutical_or_api,,Temad,web_catalogue,listing_evidence_crawled_2026-08-23,https://www.temad.com/product/dextromethorphan-hydrobromide-veterinary/,Naltrexone Base,pubchem_direct,verified_web_catalogue,2026-08-23,9d3acc20c325e034e880fe4e6e7f3d239bb92297c45fcf8e8dc952954d049f95
2-aminoacetic acid nitrate,Glycine Nitrate,,,22315836,GVZLGFXZMYVTAC-UHFFFAOYSA-N,C2H5N2O5-,137.07,C(C(=O)O)N.[N+](=O)([O-])[O-],confirmed_organic,organic_reagent,,telegram:ChemIranSanat,Iranian supplier Telegram catalogue,listing_evidence_crawled_2026-08-24,https://t.me/ChemIranSanat/195,,ai_normalised_listing+pubchem_confirmed,verified_telegram_listing,2017-06-10,9be65612c7a183407e65dec12695557548e4cc95f51d1f11b598a4f1bc90c991
"N,N,2-trimethoxyaniline",Trimethoxyaniline,"N,N,2-trimethoxyaniline; Trimethoxyaniline",,22326887,NDPOGQHCFNMYTR-UHFFFAOYSA-N,C9H13NO3,183.20,COC1=CC=CC=C1N(OC)OC,confirmed_organic,,,telegram:minatajhiz,public Telegram (seller_research),product_page_listed_not_current_stock_verified,https://t.me/minatajhiz/1021,"3و4و5 تری متوکسی آنیلین 3,4,5-Trimethoxyaniline کد محصول مرک: 841091 واردات جدید مرک",structured_pubchem,verified_telegram_listing,2026-08-25,767986b241a3ba71c53c220cba6491124de472fc35b59e7339ab056f2b92c177
"(2R,3S,4R,5R)-2,3,4,5,6-pentahydroxyhexanal;hydrate",glucose monohydrate,"(2R,3S,4R,5R)-2,3,4,5,6-pentahydroxyhexanal;hydrate; glucose monohydrate",,22814120,SPFMQWBKVUQXJV-BTVCFUMJSA-N,C6H14O7,198.17,C([C@H]([C@H]([C@@H]([C@H](C=O)O)O)O)O)O.O,confirmed_organic,organic_reagent,,TamadKala,Iranian online wholesale/lab shop,product_page_listed_not_current_stock_verified,,گلوکز 1 آبه | ...,router_title_normalization,verified_catalogue,2026-08-23,7aa725cb5734bc90052896113900c71544e903df6e22c6c3a60f537e4a45fe1c
sodium 2-dodecylbenzenesulfonate,Sodium dodecylbenzenesulfonate,sodium 2-dodecylbenzenesulfonate; Sodium dodecylbenzenesulfonate,25155-30-0,23662403,HFQQZARZPUDIFP-UHFFFAOYSA-M,C18H29NaO3S,348.5,CCCCCCCCCCCCC1=CC=CC=C1S(=O)(=O)[O-].[Na+],confirmed_organic,organic_reagent,,TamadKala,Iranian online wholesale/lab shop,product_page_listed_not_current_stock_verified,https://tamadkala.com/product/30052/%D8%B3%D8%AF%DB%8C%D9%85-%D8%AF%D9%88%D8%AF%D8%B3%DB%8C%D9%84-%D8%A8%D9%86%D8%B2%D9%86-%D8%B3%D9%88%D9%84%D9%81%D9%88%D9%86%D8%A7%D8%AA,سدیم دودسیل بنزن سولفونات,router_title_normalization,verified_catalogue,2026-08-23,8c506d89cac255c32a999142c216c202f13091ee662d5694d8c446b9c043738f
sodium 4-methoxycarbonylphenolate,Sodium Methylparaben,sodium 4-methoxycarbonylphenolate; Sodium Methylparaben,,23663626,PESXGULMKCKJCC-UHFFFAOYSA-M,C8H7NaO3,174.13,COC(=O)C1=CC=C(C=C1)[O-].[Na+],confirmed_organic,cosmetic_raw_material,,BehChin Chemi Pharmed,Iranian supplier API/intermediate catalogue,supplier_catalogue_listed_not_current_stock_verified,https://www.behchinchemi.ir/en/our-products/cosmetic-materials,Sodium Methylparaben,supplier_table,verified_catalogue,2026-08-23,2c17dfb0b19a84f35fe258554b7e0c157e5af1e5929ecb9f1bb826bb5320266f
sodium;2-propylpentanoate;2-propylpentanoic acid,divalproex sodium,sodium;2-propylpentanoate;2-propylpentanoic acid; divalproex sodium,,23663956,MSRILKIQRXUYCT-UHFFFAOYSA-M,C16H31NaO4,310.40,CCCC(CCC)C(=O)O.CCCC(CCC)C(=O)[O-].[Na+],confirmed_organic,pharmaceutical_or_api,,Rooz Darou,Iranian pharmaceutical product catalogue,product_page_listed_not_current_stock_verified,http://rouzdarou.com/products/%D9%82%D8%B1%D8%B5-%D8%AF%DB%8C-%D9%88%D8%A7%D9%84%D9%BE%D8%B1%D9%88%D8%A6%DA%A9%D8%B3-500,قرص دی والپروئکس 500,PubChem name validation from supplier product title,verified_catalogue,2026-08-23,b8092ac9f2dc77e36c183a84959f7d99a8d89e2c6c7e41da11d71c3ae7fe31a4
"sodium (2S,5R,6R)-6-[[(2R)-2-amino-2-phenylacetyl]amino]-3,3-dimethyl-7-oxo-4-thia-1-azabicyclo[3.2.0]heptane-2-carboxylate",Ampicillin,"sodium (2S,5R,6R)-6-[[(2R)-2-amino-2-phenylacetyl]amino]-3,3-dimethyl-7-oxo-4-thia-1-azabicyclo[3.2.0]heptane-2-carboxylate; Ampicillin",69-52-3,23663979,KLOHDWPABZXLGI-YWUHCJSESA-M,C16H18N3NaO4S,371.4,CC1([C@@H](N2[C@H](S1)[C@@H](C2=O)NC(=O)[C@@H](C3=CC=CC=C3)N)C(=O)[O-])C.[Na+],confirmed_organic,pharmaceutical_or_api,research,TamadKala,Iranian online wholesale/lab shop,product_page_listed_not_current_stock_verified,,آمپیسیلین سیگما usp کد 1033000 | ...,router_title_normalization,verified_catalogue,2026-08-23,9484a98989352b4f1a7711b667148910afa796414daf4e8197926aeef2d65e87
sodium;acetate;trihydrate,Sodium acetate trihydrate,sodium;acetate;trihydrate; Sodium acetate trihydrate,6131-90-4,23665404,AYRVGWHSXIMRAB-UHFFFAOYSA-M,C2H9NaO5,136.08,CC(=O)[O-].O.O.O.[Na+],confirmed_organic,organic_reagent,research,Fardad Shimi; ShimiMan; TamadKala; Mojallali Group,Iranian online chemical shop | Iranian online lab-chemical shop | Iranian online wholesale/lab shop,product_page_listed_not_current_stock_verified,https://fardadshimi.com/product/6195765/,https://shimiman.com/product/sodium-acetate-trihydrate-grade-usp/ | سدیم استات تری هیدرات extra pure دکتر مجللی | ... | سدیم استات تری هیدرات laboratory دکتر مجللی | ... | سدیم استات تری هیدرات usp دکتر مجللی | ... | سدیم استات ۳ آبه MERCK,router_title_normalization | sitemap_title,verified_catalogue,2026-08-23,b7d869f421ef60bcee7d989a6badd152fc188ffced32c814740d9648afecff77
sodium 2-chloroacetate,Sodium chloroacetate,,,23665759,FDRCDNZGSXJAFP-UHFFFAOYSA-M,C2H2ClNaO2,116.48,C(C(=O)[O-])Cl.[Na+],confirmed_organic,organic_reagent,research,telegram:minatajhiz,Iranian supplier catalogue,listing_evidence_crawled_2026-08-24,,,ai_normalised_listing+pubchem_confirmed,verified_catalogue,2026-08-24,c2fa60f8f57998f53178945545d68f9fb179d3c8740dde83ad656a622f03a8f9
sodium 2-dodecoxyethyl sulfate,sles,sodium 2-dodecoxyethyl sulfate; sles,,23665884,ASEFUFIKYOCPIJ-UHFFFAOYSA-M,C14H29NaO5S,332.43,CCCCCCCCCCCCOCCOS(=O)(=O)[O-].[Na+],confirmed_organic,,,TamadKala,Iranian online wholesale/lab shop,product_page_listed_not_current_stock_verified,https://tamadkala.com/product/162539/سدیم-لوریل-اتر-سولفات-70-sles,سدیم لوریل اتر سولفات 70 sles,structured_pubchem,verified_web_catalogue,2026-08-25,e04f7af316275fde0281ddb403c9f5ceaf38d5386c111146e3ead34795fe9584
sodium 2-hydroxypropanoate,Sodium lactate,sodium 2-hydroxypropanoate; Sodium lactate,72-17-3,23666456,NGSFWBMYFKHRBD-UHFFFAOYSA-M,C3H5NaO3,112.06,CC(C(=O)[O-])O.[Na+],confirmed_organic,organic_reagent,,TamadKala,Iranian online wholesale/lab shop,product_page_listed_not_current_stock_verified,https://tamadkala.com/product/55642/%D9%84%D8%A7%DA%A9%D8%AA%D8%A7%D8%AA-%D8%B3%D8%AF%DB%8C%D9%85-%D8%B5%D9%86%D8%B9%D8%AA%DB%8C,لاکتات سدیم صنعتی,router_title_normalization,verified_catalogue,2026-08-23,79aac4728f7b7e2ca92d7be5dd71fc495f2fac9b9e6f86ec5bd3480a43bbac17
"sodium (2S,5R,6R)-3,3-dimethyl-7-oxo-6-[(2-phenylacetyl)amino]-4-thia-1-azabicyclo[3.2.0]heptane-2-carboxylate","sodium (2S,5R,6R)-3,3-dimethyl-7-oxo-6-[(2-phenylacetyl)amino]-4-thia-1-azabicyclo[3.2.0]heptane-2-carboxylate",,69-57-8,23668834,FCPVYOBCFFNJFS-LQDWTQKMSA-M,C16H17N2NaO4S,356.4,CC1(C(N2C(S1)C(C2=O)NC(=O)CC3=CC=CC=C3)C(=O)[O-])C.[Na+],confirmed_organic,,,telegram:ATRmedShop,public Telegram (seller_research),product_page_listed_not_current_stock_verified,https://t.me/ATRmedShop/583,Penicillin G sodium salt | آنتی‌بیوتیک پنیسیلین G ‌‏⁧ ‌‌‏‌محصولات سیگما اصل را از ما بخواهید. 👇 واردات و فروش مواد شیمیایی سیگما 👇 ‌ ‌ ‌ ☎️ تلفن: ۰۲۱۶۶۳۶۱۵۴۳-۶۶۳۷۹۰۲۶-۰۲۱ ‌ 📱 موبایل: 09120549893 🌐 لینک محصول : https://atrmed.com/product/penicillin-g-sodium-salt/?v=e067b3c6b979 #آثل_طب #مواد_ازمایشگاهی #مواد_شیمیایی #بیولوژی #بیولوژی_مولکولی #آنتی_بیوتیک #آنزیم #کشت_سلول #آنتی‌بیوتیک_پنی_سیلینG,router_batch+pubchem,verified_telegram_listing,2026-08-25,ad6d9b3312820b8466b30fcb4688c01c645f2bdfa7c38ac5a93ecab0f6e2b1b3
"sodium (2R,3S,4R,5R)-2,3,4,5,6-pentahydroxyhexanoate",Sodium gluconate,"sodium (2R,3S,4R,5R)-2,3,4,5,6-pentahydroxyhexanoate; Sodium gluconate",,23672301,UPMFZISCCZSDND-JJKGCWMISA-M,C6H11NaO7,218.14,C([C@H]([C@H]([C@@H]([C@H](C(=O)[O-])O)O)O)O)O.[Na+],confirmed_organic,organic_reagent,,TamadKala,Iranian online wholesale/lab shop,product_page_listed_not_current_stock_verified,,سدیم گلوکونات کد 822058 | ...,router_title_normalization,verified_catalogue,2026-08-23,30436db0cc7e9a0428fa773ea1de0744cfedb3e38cddc687d008f259fcd67a9e
sodium 4-[[4-(dimethylamino)phenyl]diazenyl]benzenesulfonate,Methyl orange,sodium 4-[[4-(dimethylamino)phenyl]diazenyl]benzenesulfonate; Methyl orange,547-58-0,23673835,STZCRXQWRGQSJD-UHFFFAOYSA-M,C14H14N3NaO3S,327.34,CN(C)C1=CC=C(C=C1)N=NC2=CC=C(C=C2)S(=O)(=O)[O-].[Na+],confirmed_organic,colorant_or_indicator,research,Fardad Shimi; TamadKala; Mojallali Group; ShimiMan,Iranian online lab-chemical shop | Iranian online wholesale/lab shop,product_page_listed_not_current_stock_verified,https://fardadshimi.com/product/6392026/,متیل اورنج هندی | متیل اورنژ acs دکتر مجللی,router_title_normalization,verified_catalogue,2026-08-23,56c3a5af79ed2a6ee0938ba7206e114f60d1054dd681e7a3eb03dfbcb1414e8b
potassium 2-carboxybenzoate,potassium 2-carboxybenzoate,potassium 2-carboxybenzoate,877-24-7,23676735,IWZKICVEHNUQTL-UHFFFAOYSA-M,C8H5KO4,204.22,C1=CC=C(C(=C1)C(=O)O)C(=O)[O-].[K+],confirmed_organic,,,Mojallali Group,Iranian WooCommerce catalogue,product_page_listed_not_current_stock_verified,https://drm-chem.com/en/product/potassium-hydrogen-phthalate-laboratory-en/,Potassium hydrogen phthalate,cas_pubchem,verified_web_catalogue,2026-08-25,0ec799c49f6f43b721c36795c287cc259ca29f86e65036d1ea18f179bf127027
"potassium (2E,4E)-hexa-2,4-dienoate",Potassium sorbate,"potassium (2E,4E)-hexa-2,4-dienoate; Potassium sorbate",590-00-1,23676745,CHHHXKFHOYLYRE-STWYSWDKSA-M,C6H7KO2,150.22,C/C=C/C=C/C(=O)[O-].[K+],confirmed_organic,organic_reagent,,TamadKala,Iranian online wholesale/lab shop,product_page_listed_not_current_stock_verified,https://tamadkala.com/product/56503/%D9%BE%D8%AA%D8%A7%D8%B3%DB%8C%D9%85-%D8%B3%D9%88%D8%B1%D8%A8%D8%A7%D8%AA,پتاسیم سوربات,router_title_normalization,verified_catalogue,2026-08-23,43067cf288c7dcb377333c305ec8087748b76ff2b87ffb818e17c211aa870b02
Closantel sodium,Closantel sodium,,,23683671,LREGMDNUOGTSIK-UHFFFAOYSA-M,C22H13Cl2I2N2NaO2,685.1,CC1=CC(=C(C=C1NC(=O)C2=C(C(=CC(=C2)I)I)[O-])Cl)C(C#N)C3=CC=C(C=C3)Cl.[Na+],confirmed_organic,pharmaceutical_or_api,,Temad,web_catalogue,listing_evidence_crawled_2026-08-23,https://www.temad.com/product/thiamine-hcl-vitamin-b1-veterinary/,Closantel sodium-Veterinary,ai_resolved+pubchem,verified_web_catalogue,2026-08-23,4b9a97d81dc94930dd5e3eb4cfd1a6fe4d32bfe59b9870433fdb036293b2a928
sodium;(4S)-4-amino-5-hydroxy-5-oxopentanoate;hydrate,Monosodium glutamate,sodium;(4S)-4-amino-5-hydroxy-5-oxopentanoate;hydrate; Monosodium glutamate,,23689119,GJBHGUUFMNITCI-QTNFYWBSSA-M,C5H10NNaO5,187.13,C(CC(=O)[O-])[C@@H](C(=O)O)N.O.[Na+],confirmed_organic,organic_reagent,,TamadKala,Iranian online wholesale/lab shop,product_page_listed_not_current_stock_verified,https://tamadkala.com/product/74875/%D9%85%D9%88%D9%86%D9%88%D8%B3%D8%AF%DB%8C%D9%85-%DA%AF%D9%84%D9%88%D8%AA%D8%A7%D9%85%D8%A7%D8%AA-%D8%AE%D9%88%D8%B1%D8%A7%DA%A9%DB%8C,مونوسدیم گلوتامات خوراکی,router_title_normalization,verified_catalogue,2026-08-23,6e98e338bd99a36d2b817f22616f8c745fe92503e8c3b7ada34f4d40422bdfcd
sodium hydroxymethanesulfinate,Sodium Formaldehyde Sulfoxylate,,,23689980,XWGJFPHUCFXLBL-UHFFFAOYSA-M,CH3NaO3S,118.09,C(O)S(=O)[O-].[Na+],confirmed_organic,organic_reagent,,telegram:Boof_company,Iranian supplier Telegram catalogue,listing_evidence_crawled_2026-08-24,https://t.me/Boof_company/66,,ai_normalised_listing+pubchem_confirmed,verified_telegram_listing,2026-06-16,1ac14f2df728a410631d4f55fac77bb1401b6041421ec148104ee5e770a84d90
Sodium Thioglycolate,Sodium thioglycolate,Sodium Thioglycolate; Sodium thioglycolate; sodium 2-sulfanylacetate,367-51-1,23690444,GNBVPFITFYNRCN-UHFFFAOYSA-M,C2H3NaO2S,114.10,C(C(=O)[O-])S.[Na+],confirmed_organic,organic_reagent,,Mojallali Group,web_catalogue,listing_evidence_crawled_2026-08-23,https://drm-chem.com/en/product/sodium-thioglycolate-lab-en/,Sodium thioglycolate,pubchem_direct,verified_web_catalogue,2026-08-23,1ea0bd4c70f9c705c82898e8d489a07261d1c682bacf8e6645360546312994c7
Hydrocodone Bitartrate,Hydrocodone Bitartrate,"Hydrocodone Bitartrate; bis((4R,4aR,7aR,12bS)-9-methoxy-3-methyl-1,2,4,4a,5,6,7a,13-octahydro-4,12-methanobenzofuro[3,2-e]isoquinolin-7-one);bis((2R,3R)-2,3-dihydroxybutanedioic acid);pentahydrate",,23724881,JMBRWJAVUIITGV-LNNMZZBZSA-N,C44H64N2O23,989.0,CN1CC[C@]23[C@@H]4[C@H]1CC5=C2C(=C(C=C5)OC)O[C@H]3C(=O)CC4.CN1CC[C@]23[C@@H]4[C@H]1CC5=C2C(=C(C=C5)OC)O[C@H]3C(=O)CC4.[C@@H]([C@H](C(=O)O)O)(C(=O)O)O.[C@@H]([C@H](C(=O)O)O)(C(=O)O)O.O.O.O.O.O,confirmed_organic,pharmaceutical_or_api,,Temad,web_catalogue,listing_evidence_crawled_2026-08-23,https://www.temad.com/product/morphine-hcl/,Hydrocodone Bitartrate,pubchem_direct,verified_web_catalogue,2026-08-23,1e43bff611048e94527dda3122f59e3bd0fda326fc5082bfe476a1921f82b073
acetic acid;zinc;hydrate,zinc acetate dihydrate,acetic acid;zinc;hydrate; zinc acetate dihydrate,,24212194,AJBKKRFPIWOFAE-UHFFFAOYSA-N,C2H6O3Zn,143.4,CC(=O)O.O.[Zn],confirmed_organic,organic_reagent,,TamadKala,Iranian online wholesale/lab shop,product_page_listed_not_current_stock_verified,,zinc acetate dihydrate | ...,router_title_normalization,verified_catalogue,2026-08-23,c969cbdc60b7c78abc699af04a35db960465061700d7fa4fd26067e51e1dded1
3-[hydroxy-(2-phosphonooxyacetyl)amino]propyl dihydrogen phosphate,ph4,3-[hydroxy-(2-phosphonooxyacetyl)amino]propyl dihydrogen phosphate; ph4,,24880023,IISKWLQYGVRJHI-UHFFFAOYSA-N,C5H13NO10P2,309.11,C(CN(C(=O)COP(=O)(O)O)O)COP(=O)(O)O,confirmed_organic,,,TamadKala,Iranian online wholesale/lab shop,product_page_listed_not_current_stock_verified,https://tamadkala.com/product/51654/بافر-ph4-شرکت-نوترون,بافر ph4 شرکت نوترون,structured_pubchem,verified_web_catalogue,2026-08-25,ae534112ae34fa729d9f89b8d334da92addf873debdf873dbf58aeeaab5df1a9
2-(trimethylazaniumyl)acetate;hydrate,2-(trimethylazaniumyl)acetate;hydrate,,17146-86-0,24884197,NJZRLXNBGZBREL-UHFFFAOYSA-N,C5H13NO3,135.16,C[N+](C)(C)CC(=O)[O-].O,confirmed_organic,,,telegram:ATRmedShop,public Telegram (seller_research),product_page_listed_not_current_stock_verified,https://t.me/ATRmedShop/830,Betaine hydrochloride | بتائین هیدروکلراید بتائین در شیمی یک ترکیب شیمیایی خنثی با یک گروه عاملی کاتیونی با بار مثبت است، مانند کاتیون آمونیوم یا فسفونیوم چهارتایی (به‌طورکلی: یون‌های یونیوم) که فاقد اتم هیدروژن است که یک گروه عاملی با بار منفی مانند یک گروه کربوکسیلات ممکن است در مجاور سایت کاتیونی نباشد. بتائین یک اسیدآمینه اصلاح‌شده متشکل از گلیسین با سه گروه متیل است که... برای مشاهده ادامه مطلب، مشاهده قیمت آنلاین و خرید اینترنتی بتائین هیدروکلراید به لینک زیر مراجعه فرمایید: https://atrmed,router_batch+pubchem,verified_telegram_listing,2026-08-25,8c839f66cf6a9308749149b502cd68936a8d477ec3f85de8e991e777d67a3f7f
2-(11H-benzo[a]fluoren-11-yl)acetic acid,yeast extract powder,2-(11H-benzo[a]fluoren-11-yl)acetic acid; yeast extract powder,,24973165,GQNBDGXKDJSVGQ-UHFFFAOYSA-N,C19H14O2,274.3,C1=CC=C2C(=C1)C=CC3=C2C(C4=CC=CC=C34)CC(=O)O,confirmed_organic,,,TamadKala,Iranian online wholesale/lab shop,product_page_listed_not_current_stock_verified,https://tamadkala.com/product/180686/yeast-extract-powder-پودر-عصاره-مخمر,yeast extract powder پودر عصاره مخمر,structured_pubchem,verified_web_catalogue,2026-08-25,35d16787fb35e6d6548952b128bb724d97ff2d472d5ddb9437fbdf9ca6602146
"[7-(dimethylamino)phenothiazin-3-ylidene]-dimethylazanium;2-(2,4,5,7-tetrabromo-3,6-dihydroxyxanthen-10-ium-9-yl)benzoic acid",Wright stain,"[7-(dimethylamino)phenothiazin-3-ylidene]-dimethylazanium;2-(2,4,5,7-tetrabromo-3,6-dihydroxyxanthen-10-ium-9-yl)benzoic acid; Wright stain",68988-92-1,25113599,AXIKDPDWFVPGOD-UHFFFAOYSA-O,C36H27Br4N3O5S+2,933.3,CN(C)C1=CC2=C(C=C1)N=C3C=CC(=[N+](C)C)C=C3S2.C1=CC=C(C(=C1)C2=C3C=C(C(=C(C3=[O+]C4=C(C(=C(C=C24)Br)O)Br)Br)O)Br)C(=O)O,confirmed_organic,,,Mojallali Group,Iranian WooCommerce catalogue,product_page_listed_not_current_stock_verified,https://drm-chem.com/en/product/wright-stain-en/,Wright stain,structured_pubchem,verified_web_catalogue,2026-08-25,6954476b0c490f889ab8726111251c0a0aa61fade7c79e138d3d709ed0117915
disodium;2-[2-[bis(carboxymethyl)amino]ethyl-(carboxylatomethyl)amino]acetate;dihydrate,disodium;2-[2-[bis(carboxymethyl)amino]ethyl-(carboxylatomethyl)amino]acetate;dihydrate,disodium;2-[2-[bis(carboxymethyl)amino]ethyl-(carboxylatomethyl)amino]acetate;dihydrate,6381-92-6,44120005,OVBJJZOQPCKUOR-UHFFFAOYSA-L,C10H18N2Na2O10,372.24,C(CN(CC(=O)[O-])CC(=O)[O-])N(CC(=O)O)CC(=O)O.O.O.[Na+].[Na+],confirmed_organic,,,Mojallali Group; ShimiMan,Iranian WooCommerce catalogue,product_page_listed_not_current_stock_verified,https://drm-chem.com/en/product/edetate-disodium/,Edetate Disodium,cas_pubchem,verified_web_catalogue,2026-08-25,448b13ce1e82be8105f0f63433b1473afece5e9bf4f298a677150dc1f6272f41
N-(2-amino-5-phenylphenyl)benzamide,3max,N-(2-amino-5-phenylphenyl)benzamide; 3max,,44454143,ZWLFHHHQRUYIBT-UHFFFAOYSA-N,C19H16N2O,288.3,C1=CC=C(C=C1)C2=CC(=C(C=C2)N)NC(=O)C3=CC=CC=C3,confirmed_organic,,,TamadKala,Iranian online wholesale/lab shop,product_page_listed_not_current_stock_verified,https://tamadkala.com/product/28576/پوتین-ایمنی-3max-قهوه-ای,پوتین ایمنی 3max قهوه ای,structured_pubchem,verified_web_catalogue,2026-08-25,f5c06dcf298e8aaedb20b6b8d6aa633bb17c771aa8f53067f11450eb85dc0bf8
[(2R)-1-pentadecanoyloxy-3-phosphonooxypropan-2-yl] hexadecanoate,gp7,[(2R)-1-pentadecanoyloxy-3-phosphonooxypropan-2-yl] hexadecanoate; gp7,,44552608,UNPVCVLEAVYZII-JGCGQSQUSA-N,C34H67O8P,634.9,CCCCCCCCCCCCCCCC(=O)OC(COC(=O)CCCCCCCCCCCCCC)COP(=O)(O)O,confirmed_organic,,,TamadKala,Iranian online wholesale/lab shop,product_page_listed_not_current_stock_verified,https://tamadkala.com/product/10380/نانو-صفحات-گرافن-gp7,نانو صفحات گرافن gp7,structured_pubchem,verified_web_catalogue,2026-08-25,947d3ca7f0f15a6be15d3f03bfdc3ddc31afc11085093ae769e49c5286181619
"4-amino-1-[(2R,4S,5R)-3,4-dihydroxy-5-(hydroxymethyl)oxolan-2-yl]-1,3,5-triazin-2-one",a2033,"4-amino-1-[(2R,4S,5R)-3,4-dihydroxy-5-(hydroxymethyl)oxolan-2-yl]-1,3,5-triazin-2-one; a2033",,44629846,NMUSYJAQQFHJEW-DUVQVXGLSA-N,C8H12N4O5,244.2,C1=NC(=NC(=O)N1C2C(C(C(O2)CO)O)O)N,confirmed_organic,,,TamadKala,Iranian online wholesale/lab shop,product_page_listed_not_current_stock_verified,https://tamadkala.com/product/164106/آلژینیک-اسید-سدیم-سالت-کد-a2033-سیگما-آلدری,آلژینیک اسید سدیم سالت کد a2033 سیگما آلدری,structured_pubchem,verified_web_catalogue,2026-08-25,0e9da9069522b0209e4f5d072c8c9f13fe396bb83e9d9fd86b47ba081e58b8be
"2-(2,5-dimethoxy-4-methylphenyl)-2-methoxyethanamine",bod,"2-(2,5-dimethoxy-4-methylphenyl)-2-methoxyethanamine; bod",,44719486,VTEIFHQUZWABDE-UHFFFAOYSA-N,C12H19NO3,225.28,CC1=CC(=C(C=C1OC)C(CN)OC)OC,confirmed_organic,,,TamadKala,Iranian online wholesale/lab shop,product_page_listed_not_current_stock_verified,https://tamadkala.com/product/22105/بطری-bod,بطری bod,structured_pubchem,verified_web_catalogue,2026-08-25,0f2937276335008d8f648b17e5096ad77f62f1c06a3fe831a8d72b38f4663c5e
Butyllithium,Butyllithium,,,53627823,MZRVEZGGRBJDDB-UHFFFAOYSA-N,C4H9Li,64.1,[Li].CCC[CH2],confirmed_organic,organic_reagent,,telegram:minatajhiz,Iranian supplier Telegram catalogue,listing_evidence_crawled_2026-08-24,https://t.me/minatajhiz/664,,ai_normalised_listing+pubchem_confirmed,verified_telegram_listing,2019-11-26,7c7521b2f26c5c1dd7b97e0090b378f50d1a9eae8e843d68ed186f6096aa0372
"(2R)-2-[(1S)-1,2-dihydroxyethyl]-3,4-dihydroxy-2H-furan-5-one",Ascorbic acid,"(2R)-2-[(1S)-1,2-dihydroxyethyl]-3,4-dihydroxy-2H-furan-5-one; Ascorbic acid; L-Ascorbic Acid",50-81-7,54670067,CIWBSHSKHKDKBQ-JLAZNSOCSA-N,C6H8O6,176.12,C([C@@H]([C@@H]1C(=C(C(=O)O1)O)O)O)O,confirmed_organic,secondary_metabolite_or_natural_product,research,DigiShimi; Fardad Shimi; Isatis Shimi; TamadKala; Telegram: ChemIranSanat; Mojallali Group; telegram:ATRmedShop; telegram:jahaneshimicom,Iranian online chemical shops | Iranian online lab-chemical shop | Iranian online wholesale/lab shop | Iranian supplier Telegram catalogue,listed_not_current_stock_verified | product_page_listed_not_current_stock_verified,https://digishimii.ir/Product/%d8%a7%d8%b3%db%8c%d8%af-%d8%a2%d8%b3%da%a9%d9%88%d8%b1%d8%a8%db%8c%da%a9/,"(2R)-2-[(1S)-1,2-dihydroxyethyl]-3,4-dihydroxy-2H-furan-5-one | Ascorbic Acid (Vitamin C) | آسکوربیک اسید ۹۹ گرید صنعتی | ... | اسید آسکوربیک | اسید آسکوربیک extra pure دکتر مجللی | ... | اسید آسکوربیک ۱ کیلویی دکتر مجللی | ... | اسید اسکوربیک | اسید اسکوربیک خوراکی | فروش اسید ا",existing skill export | router_title_normalization,verified_catalogue,2026-08-23,8b4e7c8c554e4932862643052c71c8a61d0433a88506eb13abdbef5e94cc80e1
"(4S,4aS,5aS,6S,12aR)-7-chloro-4-(dimethylamino)-1,6,10,11,12a-pentahydroxy-6-methyl-3,12-dioxo-4,4a,5,5a-tetrahydrotetracene-2-carboxamide;hydrochloride","(4S,4aS,5aS,6S,12aR)-7-chloro-4-(dimethylamino)-1,6,10,11,12a-pentahydroxy-6-methyl-3,12-dioxo-4,4a,5,5a-tetrahydrotetracene-2-carboxamide;hydrochloride",,64-72-2,54682468,QYAPHLRPFNSDNH-MRFRVZCGSA-N,C22H24Cl2N2O8,515.3,CC1(C2CC3C(C(=O)C(=C(C3(C(=O)C2=C(C4=C(C=CC(=C41)Cl)O)O)O)O)C(=O)N)N(C)C)O.Cl,confirmed_organic,,,telegram:ATRmedShop,public Telegram (seller_research),product_page_listed_not_current_stock_verified,https://t.me/ATRmedShop/816,Chlortetracycline hydrochloride | کلرتتراسایکلین هیدروکلراید کلرتتراسایکلین هیدروکلراید یا 7-کلرتتراسایکلین هیدروکلراید یک آنتی‌بیوتیک است که توسط برخی از سویه‌های Streptomyces aureofaciens تولید می‌شود. کلرتتراسایکلین هیدروکلراید یک آنتی‌بیوتیک یونوفور اختصاصی و قوی کلسیم است. در مطالعات شبکه آندوپلاسمی کورتتراسایکلین به‌عنوان یک.... برای مشاهده ادامه مطلب، مشاهده قیمت آنلاین و خرید اینترنتی کلرتتراسایکلین هیدروکلراید به لینک زیر مراجعه فرمایید: https://atrmed.com/product/chlortetracycline-hydr,router_batch+pubchem,verified_telegram_listing,2026-08-25,8f2ff32764b124fce3a60d6bd85f7623ebff6505b939d427b8e28cb7b80c8588
"bis((4S,4aR,5S,5aR,6R,12aR)-4-(dimethylamino)-1,5,10,11,12a-pentahydroxy-6-methyl-3,12-dioxo-4a,5,5a,6-tetrahydro-4H-tetracene-2-carboxamide);ethanol;hydrate;dihydrochloride","bis((4S,4aR,5S,5aR,6R,12aR)-4-(dimethylamino)-1,5,10,11,12a-pentahydroxy-6-methyl-3,12-dioxo-4a,5,5a,6-tetrahydro-4H-tetracene-2-carboxamide);ethanol;hydrate;dihydrochloride",,24390-14-5,54686183,UHHHTIKWXBRCLT-VDBOFHIQSA-N,C46H58Cl2N4O18,1025.9,CCO.CC1C2C(C3C(C(=O)C(=C(C3(C(=O)C2=C(C4=C1C=CC=C4O)O)O)O)C(=O)N)N(C)C)O.CC1C2C(C3C(C(=O)C(=C(C3(C(=O)C2=C(C4=C1C=CC=C4O)O)O)O)C(=O)N)N(C)C)O.O.Cl.Cl,confirmed_organic,,,telegram:ATRmedShop,public Telegram (seller_research),product_page_listed_not_current_stock_verified,https://t.me/ATRmedShop/738,Doxycycline hydrochloride | خرید داکسی سایکلین هیدروکلرید | قیمت داکسی سایکلین هیدروکلرید ‌‏⁧ ‌‌‏‌محصولات سیگما اصل را از ما بخواهید. 👇 واردات و فروش مواد شیمیایی سیگما 👇 ‌‌ ‌ ☎️ تلفن: ۰۲۱۶۶۳۶۱۵۴۳-۶۶۳۷۹۰۲۶-۰۲۱ ‌ 📱 موبایل: 09120549893 🌐 لینک محصول : https://atrmed.com/product/doxycycline-hydrochloride/?v=e067b3c6b979 #آثل_طب #مواد_ازمایشگاه #مواد_شیمیایی #بیولوژی #بیولوژی_مولکولی #آنتی_بیوتیک #آنزیم #سیگماآلدریچ #مرک #داکسی_سایکیلین,router_batch+pubchem,verified_telegram_listing,2026-08-25,0890705e1bc2b18a0d6a320644bdaa3b0b319cdd0ddc617ce9c17c32b88bafd5
"(4S,4aS,5aS,6S,12aR)-4-(dimethylamino)-1,6,10,11,12a-pentahydroxy-6-methyl-3,12-dioxo-4,4a,5,5a-tetrahydrotetracene-2-carboxamide;hydrochloride","(4S,4aS,5aS,6S,12aR)-4-(dimethylamino)-1,6,10,11,12a-pentahydroxy-6-methyl-3,12-dioxo-4,4a,5,5a-tetrahydrotetracene-2-carboxamide;hydrochloride",,64-75-5,54704426,YCIHPQHVWDULOY-FMZCEJRJSA-N,C22H25ClN2O8,480.9,CC1(C2CC3C(C(=O)C(=C(C3(C(=O)C2=C(C4=C1C=CC=C4O)O)O)O)C(=O)N)N(C)C)O.Cl,confirmed_organic,,,telegram:ATRmedShop,public Telegram (seller_research),product_page_listed_not_current_stock_verified,https://t.me/ATRmedShop/605,Tetracycline hydrochloride | تتراسایکلین هیدروکلراید مناسب برای کشت سلول ‌‏⁧ ‌‌‏‌محصولات سیگما و پرومگا اصل را از ما بخواهید. 👇 واردات و فروش مواد شیمیایی سیگما 👇 ‌ ‌ ‌ ☎️ تلفن: ۰۲۱۶۶۳۶۱۵۴۳-۶۶۳۷۹۰۲۶-۰۲۱ ‌ 📱 موبایل: 09120549893 🌐 لینک محصول : https://atrmed.com/product/tetracycline-hydrochloride/?v=e067b3c6b979 #آثل_طب #مواد_ازمایشگاهی #مواد_شیمیایی #بیولوژی #بیولوژی_مولکولی #آنتی_بیوتیک #آنزیم #تتراسایکلین_هیدروکلراید #کشت_سلول,router_batch+pubchem,verified_telegram_listing,2026-08-25,181c55a93d245430e9f6b837eaaffe8fd8c244629dbcbcb3ece2b7abdb658acf
"2-[[(1S,3R,4S,6S,8R,10R,12S,16R,18S,20R,22S,24Z,27R,29S,33R,35S,37R,39R,41S,42S,44R,46S,48R,49Z)-41-hydroxy-4,8,10-trimethyl-14-oxo-2,7,13,17,21,28,34,38,43,47-decaoxadecacyclo[25.24.0.03,22.06,20.08,18.012,16.029,48.033,46.035,44.037,42]henpentaconta-24,49-dien-39-yl]methyl]prop-2-enal",b6916,"2-[[(1S,3R,4S,6S,8R,10R,12S,16R,18S,20R,22S,24Z,27R,29S,33R,35S,37R,39R,41S,42S,44R,46S,48R,49Z)-41-hydroxy-4,8,10-trimethyl-14-oxo-2,7,13,17,21,28,34,38,43,47-decaoxadecacyclo[25.24.0.03,22.06,20.08,18.012,16.029,48.033,46.035,44.037,42]henpentaconta-24,49-dien-39-yl]methyl]prop-2-enal; b6916",,56841987,NQICGQXVXIAURW-UUSBQWGHSA-N,C48H68O13,853.0,CC1CC2C(CC(=O)O2)OC3CC4C(CC(C5C(O4)CC=CCC6C(O5)CC=CC7C(O6)CCCC8C(O7)CC9C(O8)CC2C(O9)C(CC(O2)CC(=C)C=O)O)C)OC3(C1)C,confirmed_organic,,,TamadKala,Iranian online wholesale/lab shop,product_page_listed_not_current_stock_verified,https://tamadkala.com/product/146362/واکنشگر-بردفورد-سیگما-b6916,واکنشگر بردفورد سیگما b6916,structured_pubchem,verified_web_catalogue,2026-08-25,5ff216cd81b88bef177507e61fcfc3dbc8f1286d640ad1c63e635962e641d63f
Semaglutide,Semaglutide,,,56843331,DLSWIYLPEUIQAV-CCUURXOWSA-N,C187H291N45O59,4114,CC[C@H](C)[C@@H](C(=O)N[C@@H](C)C(=O)N[C@@H](CC1=CNC2=CC=CC=C21)C(=O)N[C@@H](CC(C)C)C(=O)N[C@@H](C(C)C)C(=O)N[C@@H](CCCNC(=N)N)C(=O)NCC(=O)N[C@@H](CCCNC(=N)N)C(=O)NCC(=O)O)NC(=O)[C@H](CC3=CC=CC=C3)NC(=O)[C@H](CCC(=O)O)NC(=O)[C@H](CCCCNC(=O)COCCOCCNC(=O)COCCOCCNC(=O)CC[C@H](C(=O)O)NC(=O)CCCCCCCCCCCCCCCCC(=O)O)NC(=O)[C@H](C)NC(=O)[C@H](C)NC(=O)[C@H](CCC(=O)N)NC(=O)CNC(=O)[C@H](CCC(=O)O)NC(=O)[C@H](CC(C)C)NC(=O)[C@H](CC4=CC=C(C=C4)O)NC(=O)[C@H](CO)NC(=O)[C@H](CO)NC(=O)[C@H](C(C)C)NC(=O)[C@H](CC(=O)O)NC(=O)[C@H](CO)NC(=O)[C@H]([C@@H](C)O)NC(=O)[C@H](CC5=CC=CC=C5)NC(=O)[C@H]([C@@H](C)O)NC(=O)CNC(=O)[C@H](CCC(=O)O)NC(=O)C(C)(C)NC(=O)[C@H](CC6=CN=CN6)N,confirmed_organic,pharmaceutical_or_api,,IranChemicals,telegram,listing_evidence_crawled_2026-08-23,https://t.me/IranChemicals/31774,🆘 🍀 🆘 🔴 #بهداشت 🟩 آمپول اوزمپیک ؛ داروی دیابت یا لاغری ؟ 🔴 آمپول‌های لاغری چقدر موثرند و عوارض جانبی‌شان چیست؟ https://youtu.be/kIEr-eK86fU?si=SbT5RuOixAAjOLFy,ai_resolved+pubchem,verified_telegram_listing,2026-08-23,dae06660675dd905bf5d7dfaacb984144d14fa3e66165ced143782d9fb25af9e
potassium;(2S)-2-aminopentanedioate;hydron;hydrate,MPG,potassium;(2S)-2-aminopentanedioate;hydron;hydrate; MPG,,56844440,XIBUKSQTWSKJMQ-QTNFYWBSSA-M,C5H10KNO5,203.23,[H+].C(CC(=O)[O-])C(C(=O)[O-])N.O.[K+],confirmed_organic,,,IR Chem / Pishgaman,Iranian WooCommerce catalogue,product_page_listed_not_current_stock_verified,https://irchem.ir/buy-monopropylene-glycol/,مونو پروپیلن گلیکول MPG,structured_pubchem,verified_web_catalogue,2026-08-25,ceab0caab39b5f3995bae96ea184999ebede3f04fd69c6818279002de2d29fe6
"[(4S,11R,12R)-11-[(2R,3R,4R,5R,6R)-4,5-dihydroxy-6-methyl-3-(methylamino)oxan-2-yl]oxy-4-(2-oxo-1,3-dioxolan-4-yl)-5-oxatricyclo[8.3.0.04,6]tridec-1(13)-en-2,7-diyn-12-yl] 2-hydroxy-7-methoxy-5-methylnaphthalene-1-carboxylate","[(4S,11R,12R)-11-[(2R,3R,4R,5R,6R)-4,5-dihydroxy-6-methyl-3-(methylamino)oxan-2-yl]oxy-4-(2-oxo-1,3-dioxolan-4-yl)-5-oxatricyclo[8.3.0.04,6]tridec-1(13)-en-2,7-diyn-12-yl] 2-hydroxy-7-methoxy-5-methylnaphthalene-1-carboxylate",,9014-02-2,57125363,BLXZMHNVKCEIJX-LTZUVELHSA-N,C35H35NO12,661.6,CC1C(C(C(C(O1)OC2C3CC#CC4C(O4)(C#CC3=CC2OC(=O)C5=C(C=CC6=C5C=C(C=C6C)OC)O)C7COC(=O)O7)NC)O)O,confirmed_organic,,,telegram:labshop,public Telegram (seller_research),product_page_listed_not_current_stock_verified,https://t.me/labshop/213,Immunoglobulin M | 🔴 آنتی بادی های ایمنوفلورسنت ✅ Ig A ✅ Ig M ✅ Ig G ✅ Kappa ✅ Lambda ✅ Finrinogen,router_batch+pubchem,verified_telegram_listing,2026-08-25,e1cdd9b6301e2a70c3f5264ef26c31d0b45d59166bff24cb2c7a913ba1899959
Pantoprazole sodium sesquihydrate,Pantoprazole Sodium Sesquihydrate,Pantoprazole sodium sesquihydrate; Pantoprazole Sodium Sesquihydrate,,67047490,RJRBTVMZZGMTQI-UHFFFAOYSA-N,C16H17F2N3NaO5S,424.4,COC1=C(C(=NC=C1)CS(=O)C2=NC3=C(N2)C=C(C=C3)OC(F)F)OC.O.[Na],confirmed_organic,pharmaceutical_or_api,,Temad,web_catalogue,listing_evidence_crawled_2026-08-23,https://www.temad.com/product/dapoxetine-hcl-2/,Pantoprazole Sodium Sesquihydrate,pubchem_direct,verified_web_catalogue,2026-08-23,2b1ebdb1fb6cccdaf5f9e01a8460c39a71e7d979991eefc3dfcd81756dbb5f4b
3-[2-(3-chlorophenyl)ethynyl]-2-[4-[2-(cyclopropylamino)-2-oxoethoxy]phenyl]-6-hydroxy-1-benzofuran-5-carboxylic acid,N75,3-[2-(3-chlorophenyl)ethynyl]-2-[4-[2-(cyclopropylamino)-2-oxoethoxy]phenyl]-6-hydroxy-1-benzofuran-5-carboxylic acid; N75,,70673568,IIURSEJMCKFEQG-UHFFFAOYSA-N,C28H20ClNO6,501.9,C1CC1NC(=O)COC2=CC=C(C=C2)C3=C(C4=CC(=C(C=C4O3)O)C(=O)O)C#CC5=CC(=CC=C5)Cl,confirmed_organic,,,telegram:Maran_Tejarat_Eshen,public Telegram (seller_industrial),product_page_listed_not_current_stock_verified,https://t.me/Maran_Tejarat_Eshen/576,✅️ هاردنر پلی اورتان N75 موجود شد 🇩🇪 ساخت آلمان 🇩🇪,structured_pubchem,verified_telegram_listing,2026-08-25,b371c314f3e2f3d506272d56c88ff2dbb7b5f013b43b6e390c00ee887b4df42b
"(4S)-4-[[2-[[(1R,6R,12S,15S,18S,21S,24S,27S,30S,33S,36S,39S,42R,47R,50S,53S,56S,59S,62S,65S,68S,71S,74S,77S,80S,83S,88R)-88-[[(2S)-5-amino-2-[[(2S)-2-[[(2S)-2-[[(2S,3R)-2-[(2-aminoacetyl)amino]-3-methylpentanoyl]amino]-3-methylbutanoyl]amino]-4-carboxybutanoyl]amino]-5-oxopentanoyl]amino]-6-[[(2S)-2-[[(2S)-2-[[(2S)-5-amino-2-[[(2S)-3-amino-2-[[(2S)-2-[[(2S)-2-amino-3-phenylpropanoyl]amino]-3-methylbutanoyl]amino]-3-oxopropanoyl]amino]-5-oxopentanoyl]amino]-3-(1H-imidazol-4-yl)propanoyl]amino]-4-methylpentanoyl]amino]-47-[[(1S)-3-amino-1-carboxy-3-oxopropyl]carbamoyl]-53-(2-amino-2-oxoethyl)-62-(3-amino-3-oxopropyl)-77-[(2R)-butan-2-yl]-24,56-bis(2-carboxyethyl)-83-[(1S)-1-hydroxyethyl]-12,71,80-tris(hydroxymethyl)-33,50,65-tris[(4-hydroxyphenyl)methyl]-15-(1H-imidazol-4-ylmethyl)-27-methyl-18,30,36,59,68-pentakis(2-methylpropyl)-7,10,13,16,19,22,25,28,31,34,37,40,49,52,55,58,61,64,67,70,73,76,79,82,85,87-hexacosaoxo-21,39-di(propan-2-yl)-3,4,44,45,90,91-hexathia-8,11,14,17,20,23,26,29,32,35,38,41,48,51,54,57,60,63,66,69,72,75,78,81,84,86-hexacosazabicyclo[72.11.7]dononacontane-42-carbonyl]amino]acetyl]amino]-5-[[(2S)-1-[[2-[[(2S)-1-[[(2S)-1-[[(2S)-1-[[(2S,3S)-1-[(2S)-2-[[(2S)-6-amino-1-[[(1S,2S)-1-carboxy-2-hydroxypropyl]amino]-1-oxohexan-2-yl]carbamoyl]pyrrolidin-1-yl]-3-hydroxy-1-oxobutan-2-yl]amino]-3-(4-hydroxyphenyl)-1-oxopropan-2-yl]amino]-1-oxo-3-phenylpropan-2-yl]amino]-1-oxo-3-phenylpropan-2-yl]amino]-2-oxoethyl]amino]-5-carbamimidamido-1-oxopentan-2-yl]amino]-5-oxopentanoic acid",Insulin,,,70678557,YAJCHEVQCOHZDC-QMMNLEPNSA-N,C256H381N65O77S6,5794,CC[C@@H](C)[C@H]1C(=O)N[C@@H]2CSSC[C@@H](C(=O)N[C@@H](CSSC[C@@H](C(=O)NCC(=O)N[C@H](C(=O)N[C@H](C(=O)N[C@H](C(=O)N[C@H](C(=O)N[C@H](C(=O)N[C@H](C(=O)N[C@H](C(=O)N[C@H](C(=O)N[C@H](C(=O)N[C@H](C(=O)N[C@@H](CSSC[C@H](NC(=O)[C@@H](NC(=O)[C@@H](NC(=O)[C@@H](NC(=O)[C@@H](NC(=O)[C@@H](NC(=O)[C@@H](NC(=O)[C@@H](NC(=O)[C@@H](NC2=O)CO)CC(C)C)CC3=CC=C(C=C3)O)CCC(=O)N)CC(C)C)CCC(=O)O)CC(=O)N)CC4=CC=C(C=C4)O)C(=O)N[C@@H](CC(=O)N)C(=O)O)C(=O)NCC(=O)N[C@@H](CCC(=O)O)C(=O)N[C@@H](CCCNC(=N)N)C(=O)NCC(=O)N[C@@H](CC5=CC=CC=C5)C(=O)N[C@@H](CC6=CC=CC=C6)C(=O)N[C@@H](CC7=CC=C(C=C7)O)C(=O)N[C@@H]([C@H](C)O)C(=O)N8CCC[C@H]8C(=O)N[C@@H](CCCCN)C(=O)N[C@@H]([C@H](C)O)C(=O)O)C(C)C)CC(C)C)CC9=CC=C(C=C9)O)CC(C)C)C)CCC(=O)O)C(C)C)CC(C)C)CC2=CNC=N2)CO)NC(=O)[C@H](CC(C)C)NC(=O)[C@H](CC2=CNC=N2)NC(=O)[C@H](CCC(=O)N)NC(=O)[C@H](C(=O)N)NC(=O)[C@H](C(C)C)NC(=O)[C@H](CC2=CC=CC=C2)N)C(=O)N[C@H](C(=O)N[C@H](C(=O)N1)CO)[C@H](C)O)NC(=O)[C@H](CCC(=O)N)NC(=O)[C@H](CCC(=O)O)NC(=O)[C@H](C(C)C)NC(=O)[C@H]([C@H](C)CC)NC(=O)CN,confirmed_organic,pharmaceutical_or_api,,telegram:IranChemicals,Iranian supplier Telegram catalogue,listing_evidence_crawled_2026-08-24,https://t.me/Iranchemicals/23122,,ai_normalised_listing+pubchem_confirmed,verified_telegram_listing,2021-11-13,03c928fad59d32d127c8ab022c91ef4bf9e3f773144a38191a932d27441c405d
"(2R,3S,4S,5R)-2-(hydroxymethyl)-6-[[(4R,5S)-4-hydroxy-3-methyl-2,6-dioxabicyclo[3.2.1]octan-8-yl]oxy]-4-methoxyoxane-3,5-diol",agar,"(2R,3S,4S,5R)-2-(hydroxymethyl)-6-[[(4R,5S)-4-hydroxy-3-methyl-2,6-dioxabicyclo[3.2.1]octan-8-yl]oxy]-4-methoxyoxane-3,5-diol; agar; Agar",9002-18-0,71571511,GYYDPBCUIJTIBM-DYOGSRDZSA-N,C14H24O9,336.33,CC1C(C2C(C(O1)CO2)OC3C(C(C(C(O3)CO)O)OC)O)O,confirmed_organic,,,TamadKala; ShimiMan; telegram:ATRmedShop,Iranian online wholesale/lab shop,product_page_listed_not_current_stock_verified,https://tamadkala.com/product/23472/محیط-کشت-سالمونلا-شیگلا-ss-agar,محیط کشت سالمونلا شیگلا ss agar,structured_pubchem,verified_web_catalogue,2026-08-25,52dc8a06b1422cf9b9be2f514e6f51b2ac5fe194746b2c2316a64a62bb039aef
"(2S)-N-[(2S)-4-amino-1-[[(2S,3S)-1-[(2S)-2-[[(2S)-1-[[(2S)-1-amino-3-hydroxy-1-oxopropan-2-yl]amino]-3-(1H-indol-3-yl)-1-oxopropan-2-yl]carbamoyl]-4-(3-cyclopenta-1,3-dien-1-yl-1,2-dihydrotriazol-5-yl)pyrrolidin-1-yl]-3-methyl-1-oxopentan-2-yl]amino]-1,4-dioxobutan-2-yl]-2-[[(2S)-2-amino-5-(diaminomethylideneamino)pentanoyl]amino]butanediamide;cyclopenta-1,3-diene;iron(2+)",um22,"(2S)-N-[(2S)-4-amino-1-[[(2S,3S)-1-[(2S)-2-[[(2S)-1-[[(2S)-1-amino-3-hydroxy-1-oxopropan-2-yl]amino]-3-(1H-indol-3-yl)-1-oxopropan-2-yl]carbamoyl]-4-(3-cyclopenta-1,3-dien-1-yl-1,2-dihydrotriazol-5-yl)pyrrolidin-1-yl]-3-methyl-1-oxopentan-2-yl]amino]-1,4-dioxobutan-2-yl]-2-[[(2S)-2-amino-5-(diaminomethylideneamino)pentanoyl]amino]butanediamide;cyclopenta-1,3-diene;iron(2+); um22",,71588919,YPSKNISVNARNHF-ULQDOXDXSA-N,C51H71FeN17O10,1138.1,CCC(C)C(C(=O)N1CC(CC1C(=O)NC(CC2=CNC3=CC=CC=C32)C(=O)NC(CO)C(=O)N)C4=CN(NN4)C5=CC=C[CH-]5)NC(=O)C(CC(=O)N)NC(=O)C(CC(=O)N)NC(=O)C(CCCN=C(N)N)N.[CH-]1C=CC=C1.[Fe+2],confirmed_organic,,,TamadKala,Iranian online wholesale/lab shop,product_page_listed_not_current_stock_verified,https://tamadkala.com/product/165160/بن-ماری-جوش-و-سرولوژی-22-لیتری-مدل-um22-فن-آزم,بن ماری جوش و سرولوژی 22 لیتری مدل um22 فن آزم,structured_pubchem,verified_web_catalogue,2026-08-25,68595d03346e2fd80408957fb8690b297c54fdf2dc0a16a4c7c8b56c447c9508
"iron(4+);(1Z,11Z,19Z,29Z)-2,11,20,29-tetraza-37,38,39,40-tetrazanidanonacyclo[28.6.1.13,10.112,19.121,28.04,9.013,18.022,27.031,36]tetraconta-1,3,5,7,9,11,13,15,17,19,21,23,25,27,29,31,33,35-octadecaene",wpc,"iron(4+);(1Z,11Z,19Z,29Z)-2,11,20,29-tetraza-37,38,39,40-tetrazanidanonacyclo[28.6.1.13,10.112,19.121,28.04,9.013,18.022,27.031,36]tetraconta-1,3,5,7,9,11,13,15,17,19,21,23,25,27,29,31,33,35-octadecaene; wpc",,72710560,NKNLYPSKMPTHHX-UHFFFAOYSA-N,C32H16FeN8,568.4,C1=CC=C2C(=C1)C3=NC4=C5C=CC=CC5=C([N-]4)N=C6C7=CC=CC=C7C(=NC8=C9C=CC=CC9=C([N-]8)N=C2[N-]3)[N-]6.[Fe+4],confirmed_organic,,,telegram:jahaneshimicom,public Telegram (seller_industrial),product_page_listed_not_current_stock_verified,https://t.me/jahaneshimicom/107,سلام تناژ wpc برای داروسازی موجود دارید؟ 09914641316,structured_pubchem,verified_telegram_listing,2026-08-25,f262a0e4178b184c4785e0abd05dde0538932bc00a7ee5f0284191b076cd3662
Magnesium carbonate hydroxide,magnesium carbonate hydroxide,Magnesium carbonate hydroxide; magnesium carbonate hydroxide; hexamagnesium;tetracarbonate;dihydroxide;pentahydrate,39409-82-0,73415762,UOVKYUCEFPSRIJ-UHFFFAOYSA-D,C4H12Mg6O19+2,509.96,C(=O)([O-])[O-].C(=O)([O-])[O-].C(=O)([O-])[O-].C(=O)([O-])[O-].O.O.O.O.O.[OH-].[OH-].[Mg+2].[Mg+2].[Mg+2].[Mg+2].[Mg+2].[Mg+2],confirmed_organic,organic_reagent,,Mojallali Group,web_catalogue,listing_evidence_crawled_2026-08-23,https://drm-chem.com/en/product/magnesium-carbonate-basic-light-en/,Magnesium carbonate basic light,ai_resolved+pubchem,verified_web_catalogue,2026-08-23,eb7bda519b3819f6523f6002746bb032616dd8a13ee4e2fd87dc1016af74d1ad
"copper;[dimethylamino-[[15,24,34-tris[[dimethylamino(dimethylazaniumylidene)methyl]sulfanylmethyl]-2,11,20,29,37,38-hexaza-39,40-diazanidanonacyclo[28.6.1.13,10.112,19.121,28.04,9.013,18.022,27.031,36]tetraconta-1,4(9),5,7,11,13(18),14,16,19,21(38),22(27),23,25,28,30(37),31(36),32,34-octadecaen-6-yl]methylsulfanyl]methylidene]-dimethylazanium;tetrachloride",Alcian Blue,"copper;[dimethylamino-[[15,24,34-tris[[dimethylamino(dimethylazaniumylidene)methyl]sulfanylmethyl]-2,11,20,29,37,38-hexaza-39,40-diazanidanonacyclo[28.6.1.13,10.112,19.121,28.04,9.013,18.022,27.031,36]tetraconta-1,4(9),5,7,11,13(18),14,16,19,21(38),22(27),23,25,28,30(37),31(36),32,34-octadecaen-6-yl]methylsulfanyl]methylidene]-dimethylazanium;tetrachloride; Alcian Blue; Alcian blue",75851-12-6,76418923,OBSNQDWGQFWBKH-UHFFFAOYSA-J,C56H70Cl4CuN16S4,1300.9,CN(C)C(=[N+](C)C)SCC1=CC2=C(C=C1)C3[N-]C2N=C4C5=C(C=CC(=C5)CSC(=[N+](C)C)N(C)C)C(=N4)N=C6C7=C(C=C(C=C7)CSC(=[N+](C)C)N(C)C)C(=N6)N=C8C9=C(C=C(C=C9)CSC(=[N+](C)C)N(C)C)C(=N3)[N-]8.[Cl-].[Cl-].[Cl-].[Cl-].[Cu+2],confirmed_organic,organic_reagent,,TamadKala; Mojallali Group,Iranian online wholesale/lab shop,product_page_listed_not_current_stock_verified,https://tamadkala.com/product/173816/%D9%85%D8%B9%D8%B1%D9%81-%D8%A2%D9%84%D8%B3%DB%8C%D9%86-%D8%A8%D9%84%D9%88-%D8%AF%DA%A9%D8%AA%D8%B1-%D9%85%D8%AC%D9%84%D9%84%DB%8C,معرف آلسین بلو دکتر مجللی,router_title_normalization,verified_catalogue,2026-08-23,d5f292915a570ca15399cc25e8ba2effc402197bde3ea7dd47efdf51e6bba056
"disodium;4-[4-[[4-(4-sulfoanilino)phenyl]-[4-(4-sulfonatophenyl)azaniumylidenecyclohexa-2,5-dien-1-ylidene]methyl]anilino]benzenesulfonate","disodium;4-[4-[[4-(4-sulfoanilino)phenyl]-[4-(4-sulfonatophenyl)azaniumylidenecyclohexa-2,5-dien-1-ylidene]methyl]anilino]benzenesulfonate","disodium;4-[4-[[4-(4-sulfoanilino)phenyl]-[4-(4-sulfonatophenyl)azaniumylidenecyclohexa-2,5-dien-1-ylidene]methyl]anilino]benzenesulfonate",28983-56-4,76956083,MCPLVIGCWWTHFH-UHFFFAOYSA-M,C37H28N3Na2O9S3+,800.8,C1=CC(=[NH+]C2=CC=C(C=C2)S(=O)(=O)[O-])C=CC1=C(C3=CC=C(C=C3)NC4=CC=C(C=C4)S(=O)(=O)O)C5=CC=C(C=C5)NC6=CC=C(C=C6)S(=O)(=O)[O-].[Na+].[Na+],confirmed_organic,,,Mojallali Group,Iranian WooCommerce catalogue,product_page_listed_not_current_stock_verified,https://drm-chem.com/en/product/aniline-blue-indicator-en/,Aniline blue,cas_pubchem,verified_web_catalogue,2026-08-25,0dad515dbc7c04a294fd1f9828885f4551ac0014dcb8588d600fc08f8465132c
methane;tricosahydrate,Methane clathrate,,,85782665,NMJORVOYSJLJGU-UHFFFAOYSA-N,C4H62O23,478.52,C.C.C.C.O.O.O.O.O.O.O.O.O.O.O.O.O.O.O.O.O.O.O.O.O.O.O,confirmed_organic,organic_reagent,,telegram:chemgroup,Iranian supplier Telegram catalogue,listing_evidence_crawled_2026-08-24,https://t.me/chemgroup/2396,,ai_normalised_listing+pubchem_confirmed,verified_telegram_listing,2016-11-04,8972567868990404e090bd3895167c05698967fa7fc90575bb80514f82956575
Pholcodine monohydrate,Pholcodine Monohydrate,"Pholcodine monohydrate; Pholcodine Monohydrate; (4R,4aR,7S,7aR,12bS)-3-methyl-9-(2-morpholin-4-ylethoxy)-2,4,4a,7,7a,13-hexahydro-1H-4,12-methanobenzofuro[3,2-e]isoquinolin-7-ol;hydrate",,86278131,VOMHFFCEDKOLBR-RNFKYSJUSA-N,C23H32N2O5,416.5,CN1CC[C@]23[C@@H]4[C@H]1CC5=C2C(=C(C=C5)OCCN6CCOCC6)O[C@H]3[C@H](C=C4)O.O,confirmed_organic,pharmaceutical_or_api,,Temad,web_catalogue,listing_evidence_crawled_2026-08-23,https://www.temad.com/product/methadone-hcl-2/,Pholcodine Monohydrate,pubchem_direct,verified_web_catalogue,2026-08-23,52daabc5455e0e717e1c32c1231424cd7695bf5029e8a88f18a96dfd8232fb94
"(2R)-N-[(2R,3S)-1-[[(2S,3S)-1-[[(2S)-1-[[(3S,6S,9S,12R,13S)-6-[[(5S)-2-amino-4,5-dihydro-1H-imidazol-5-yl]methyl]-3-[(2S)-butan-2-yl]-9,13-dimethyl-2,5,8,11-tetraoxo-1-oxa-4,7,10-triazacyclotridec-12-yl]amino]-3-hydroxy-1-oxopropan-2-yl]amino]-3-methyl-1-oxopentan-2-yl]amino]-3-methyl-1-oxopentan-2-yl]-2-[[(2S)-3-hydroxy-2-[[(2S,3S)-3-methyl-2-[[(2R)-2-(methylamino)-3-phenylpropanoyl]amino]pentanoyl]amino]propanoyl]amino]pentanediamide",Teixobactin,,,86341926,LMBFAGIMSUYTBN-MPZNNTNKSA-N,C58H95N15O15,1242.5,CC[C@H](C)[C@H]1C(=O)O[C@H]([C@H](C(=O)N[C@H](C(=O)N[C@H](C(=O)N1)C[C@H]2CN=C(N2)N)C)NC(=O)[C@H](CO)NC(=O)[C@H]([C@@H](C)CC)NC(=O)[C@@H]([C@@H](C)CC)NC(=O)[C@@H](CCC(=O)N)NC(=O)[C@H](CO)NC(=O)[C@H]([C@@H](C)CC)NC(=O)[C@@H](CC3=CC=CC=C3)NC)C,confirmed_organic,secondary_metabolite_or_natural_product,,telegram:ChemIranSanat,Iranian supplier Telegram catalogue,listing_evidence_crawled_2026-08-24,https://t.me/ChemIranSanat/1142,,ai_normalised_listing+pubchem_confirmed,verified_telegram_listing,2018-01-01,83f07356eb9319ef67ca5378e5a1e455f92bd1b4cbbdde5049f1a314e0f2f63f
"4-(2-aminoethoxy)-2-N,6-N-bis[4-[2-(dimethylamino)ethoxy]quinolin-2-yl]pyridine-2,6-dicarboxamide",pdf,"4-(2-aminoethoxy)-2-N,6-N-bis[4-[2-(dimethylamino)ethoxy]quinolin-2-yl]pyridine-2,6-dicarboxamide; pdf",,90466365,HKYSQNSSWMSNTN-UHFFFAOYSA-N,C35H40N8O5,652.7,CN(C)CCOC1=CC(=NC2=CC=CC=C21)NC(=O)C3=CC(=CC(=N3)C(=O)NC4=NC5=CC=CC=C5C(=C4)OCCN(C)C)OCCN,confirmed_organic,,,telegram:labshop,public Telegram (seller_research),product_page_listed_not_current_stock_verified,https://t.me/labshop/229,آنالیز1.pdf,structured_pubchem,verified_telegram_listing,2026-08-25,3fc1070aedb1652da72c8bb69d0f6aebfb5860b31c88f2e4d853e8f0d0eff46e
"[(2R)-2,3-dihydroxypropyl] [(2R,3R,5S,6R)-2,3,4,5,6-pentahydroxycyclohexyl] phosphate;2-hydroxyethyl(trimethyl)azanium",plain,"[(2R)-2,3-dihydroxypropyl] [(2R,3R,5S,6R)-2,3,4,5,6-pentahydroxycyclohexyl] phosphate;2-hydroxyethyl(trimethyl)azanium; plain",,91936944,PTZZCYHESHNXFL-SECXAADESA-M,C14H32NO12P,437.38,C[N+](C)(C)CCO.C(C(COP(=O)([O-])OC1C(C(C(C(C1O)O)O)O)O)O)O,confirmed_organic,,,TamadKala,Iranian online wholesale/lab shop,product_page_listed_not_current_stock_verified,https://tamadkala.com/product/8572/لوله-خون-گیری-خلا-بدون-افزودنی-plain,لوله خون گیری خلا بدون افزودنی plain,structured_pubchem,verified_web_catalogue,2026-08-25,4b5a41a6b3ffb09b13f32003f8241ba66b76031b1ea89bc52c56d22faa85da79
2-[[4-amino-2-[[2-[[2-[2-[[2-[[2-[2-[[2-[[2-[[2-[[5-amino-2-[[1-[2-[[2-[[2-[[2-[(2-amino-5-carbamimidamidopentanoyl)amino]-3-methylbutanoyl]amino]-3-methylbutanoyl]amino]-5-carbamimidamidopentanoyl]amino]-3-carboxypropanoyl]pyrrolidine-2-carbonyl]amino]-5-oxopentanoyl]amino]acetyl]amino]-3-methylpentanoyl]amino]-5-carbamimidamidopentanoyl]amino]propanoylamino]-3-(1H-indol-3-yl)propanoyl]amino]-3-methylbutanoyl]amino]propanoylamino]-3-(1H-indol-3-yl)propanoyl]amino]-5-carbamimidamidopentanoyl]amino]-4-oxobutanoyl]amino]-5-carbamimidamidopentanoic acid,2-[[4-amino-2-[[2-[[2-[2-[[2-[[2-[2-[[2-[[2-[[2-[[5-amino-2-[[1-[2-[[2-[[2-[[2-[(2-amino-5-carbamimidamidopentanoyl)amino]-3-methylbutanoyl]amino]-3-methylbutanoyl]amino]-5-carbamimidamidopentanoyl]amino]-3-carboxypropanoyl]pyrrolidine-2-carbonyl]amino]-5-oxopentanoyl]amino]acetyl]amino]-3-methylpentanoyl]amino]-5-carbamimidamidopentanoyl]amino]propanoylamino]-3-(1H-indol-3-yl)propanoyl]amino]-3-methylbutanoyl]amino]propanoylamino]-3-(1H-indol-3-yl)propanoyl]amino]-5-carbamimidamidopentanoyl]amino]-4-oxobutanoyl]amino]-5-carbamimidamidopentanoic acid,,12650-88-3,91976556,ZJCXKXFAOCLSRV-UHFFFAOYSA-N,C99H159N37O23,2235.6,CCC(C)C(C(=O)NC(CCCNC(=N)N)C(=O)NC(C)C(=O)NC(CC1=CNC2=CC=CC=C21)C(=O)NC(C(C)C)C(=O)NC(C)C(=O)NC(CC3=CNC4=CC=CC=C43)C(=O)NC(CCCNC(=N)N)C(=O)NC(CC(=O)N)C(=O)NC(CCCNC(=N)N)C(=O)O)NC(=O)CNC(=O)C(CCC(=O)N)NC(=O)C5CCCN5C(=O)C(CC(=O)O)NC(=O)C(CCCNC(=N)N)NC(=O)C(C(C)C)NC(=O)C(C(C)C)NC(=O)C(CCCNC(=N)N)N,confirmed_organic,,,telegram:ATRmedShop,public Telegram (seller_research),product_page_listed_not_current_stock_verified,https://t.me/ATRmedShop/532,لیزوزیم | لیزوزیم از سفیده تخم مرغ ‌‏⁧ ‌‌‏‌محصولات سیگما اصل را از ما بخواهید. 👇 واردات و فروش مواد شیمیایی سیگما و مرک 👇 ‌ ‌ ‌ ☎️ تلفن: ۰۲۱۶۶۳۶۱۵۴۳-۶۶۳۷۹۰۲۶-۰۲۱ ‌ 📱 موبایل: 09120549893 🌐 لینک محصول : https://atrmed.com/product/lysozyme-from-egg-whites/ #اثل_طب #مواد_ازمایشگاهی #مواد_شیمیایی #بیولوژی #بیولوژی_مولکولی,router_batch+pubchem,verified_telegram_listing,2026-08-25,6549924ac03283b9e5f45600460eaa9f09ad03a558b7b0ddd4ce6eda8b284bc6
"sodium 6-[6-[6-[5-acetamido-4,6-dihydroxy-2-(sulfooxymethyl)oxan-3-yl]oxy-2-carboxy-4-hydroxy-5-sulfooxyoxan-3-yl]oxy-2-(hydroxymethyl)-5-(sulfoamino)-4-sulfooxyoxan-3-yl]oxy-3,4-dihydroxy-5-sulfooxyoxane-2-carboxylic acid",Heparin Sodium,"sodium 6-[6-[6-[5-acetamido-4,6-dihydroxy-2-(sulfooxymethyl)oxan-3-yl]oxy-2-carboxy-4-hydroxy-5-sulfooxyoxan-3-yl]oxy-2-(hydroxymethyl)-5-(sulfoamino)-4-sulfooxyoxan-3-yl]oxy-3,4-dihydroxy-5-sulfooxyoxane-2-carboxylic acid; Heparin Sodium",,92044406,JRTRSJGZMRQDHI-UHFFFAOYSA-N,C26H42N2NaO37S5+,1157.9,CC(=O)NC1C(C(C(OC1O)COS(=O)(=O)O)OC2C(C(C(C(O2)C(=O)O)OC3C(C(C(C(O3)CO)OC4C(C(C(C(O4)C(=O)O)O)O)OS(=O)(=O)O)OS(=O)(=O)O)NS(=O)(=O)O)O)OS(=O)(=O)O)O.[Na+],confirmed_organic,pharmaceutical_or_api,research,BehChin Chemi Pharmed,Iranian supplier API/intermediate catalogue,supplier_catalogue_listed_not_current_stock_verified,https://www.behchinchemi.ir/en/our-products/active-pharmaceutical-ingredient,Heparin Sodium,supplier_table,verified_catalogue,2026-08-23,4f8cc9da95d06471ec2b8fa4bd6e6ea3470776cf49acbd89f5c542002e392d33
(Z)-14-methylpentadec-2-enoic acid,C12,(Z)-14-methylpentadec-2-enoic acid; C12,,92136105,WTXXSZUATXIAJO-OWBHPGMISA-N,C16H30O2,254.41,CC(C)CCCCCCCCCCC=CC(=O)O,confirmed_organic,,,IR Chem / Pishgaman,Iranian WooCommerce catalogue,product_page_listed_not_current_stock_verified,https://irchem.ir/buy-c12-15-alkyl-benzoate/,C12-15 آلکیل بنزوات,structured_pubchem,verified_web_catalogue,2026-08-25,595b231fb0d26bb6f6aeb47eebd604f949e328ec3db4d35809a985915965606f
"(6'-acetyloxy-4',5'-dichloro-3-oxospiro[2-benzofuran-1,9'-xanthene]-3'-yl) acetate",Dichlorofluorescein diacetate,"(6'-acetyloxy-4',5'-dichloro-3-oxospiro[2-benzofuran-1,9'-xanthene]-3'-yl) acetate; Dichlorofluorescein diacetate",76-54-0,101615877,ISQNSAUDJAOTFD-UHFFFAOYSA-N,C24H14Cl2O7,485.3,CC(=O)OC1=C(C2=C(C=C1)C3(C4=C(O2)C(=C(C=C4)OC(=O)C)Cl)C5=CC=CC=C5C(=O)O3)Cl,confirmed_organic,organic_reagent,,TamadKala,Iranian online wholesale/lab shop,product_page_listed_not_current_stock_verified,https://tamadkala.com/product/34998/%D8%AF%DB%8C-%DA%A9%D9%84%D8%B1%D9%88-%D9%81%D9%84%D9%88%D8%B1%D8%B3%DB%8C%D9%86-%D8%AF%DB%8C-%D8%A7%D8%B3%D8%AA%D8%A7%D8%AA,دی کلرو فلورسین دی استات,router_title_normalization,verified_catalogue,2026-08-23,7a63608d6fdd46d30a431920db07be7387215faec6ee5717b102aa30826b0107
Diethylzinc,Diethylzinc,,557-20-0,101667988,HQWPLXHWEZZGKY-UHFFFAOYSA-N,C4H10Zn,123.5,C[CH2].C[CH2].[Zn],confirmed_organic,organic_reagent,,telegram:fanchem,Iranian supplier Telegram catalogue,listing_evidence_crawled_2026-08-24,https://t.me/fanchem/277,,ai_normalised_listing+pubchem_confirmed,verified_telegram_listing,2023-06-24,7804fc407181c7fad30f5e1ec195a9b4ac7076cf6a02c6844b86f5d15d9c99df
"azane;2-hydroxypropane-1,2,3-tricarboxylic acid;iron(3+)",Ferric ammonium citrate,"azane;2-hydroxypropane-1,2,3-tricarboxylic acid;iron(3+); Ferric ammonium citrate",,118984355,FRHBOQMZUOWXQL-UHFFFAOYSA-N,C6H11FeNO7+3,265.00,C(C(=O)O)C(CC(=O)O)(C(=O)O)O.N.[Fe+3],confirmed_organic,organic_reagent,,Fardad Shimi; TamadKala,Iranian online lab-chemical shop | Iranian online wholesale/lab shop,product_page_listed_not_current_stock_verified,https://fardadshimi.com/product/6392241/,آمونیوم آهن (III) سیترات MERCK | فروش فریک آمونیوم سیترات,router_title_normalization,verified_catalogue,2026-08-23,fa03879e74f7f262f34ce05eda5c7e0d82404b9a9a428f0e7f3fba72b78be744
"2-ethylbutyl (2S)-2-[[[(2R,3S,4R,5R)-5-(4-aminopyrrolo[2,1-f][1,2,4]triazin-7-yl)-5-cyano-3,4-dihydroxyoxolan-2-yl]methoxy-phenoxyphosphoryl]amino]propanoate",Remdesivir,,1809249-37-3,121304016,RWWYLEGWBNMMLJ-YSOARWBDSA-N,C27H35N6O8P,602.6,CCC(CC)COC(=O)[C@H](C)N[P@](=O)(OC[C@@H]1[C@H]([C@H]([C@](O1)(C#N)C2=CC=C3N2N=CN=C3N)O)O)OC4=CC=CC=C4,confirmed_organic,pharmaceutical_or_api,,telegram:IranChemicals,Iranian supplier Telegram catalogue,listing_evidence_crawled_2026-08-24,https://t.me/Iranchemicals/20027,,ai_normalised_listing+pubchem_confirmed,verified_telegram_listing,2020-11-30,2a30e9bdcb2d14d3e3347061dadc964254d4467ca708685c4c75dcd0df51e94d
[(2R)-2-[2-[hydroxy(methyl)amino]-2-oxoethyl]-5-(4-methylphenyl)pentyl]phosphonic acid,l50,[(2R)-2-[2-[hydroxy(methyl)amino]-2-oxoethyl]-5-(4-methylphenyl)pentyl]phosphonic acid; l50,,121493980,PCPXBXKPZNRAMA-CQSZACIVSA-N,C15H24NO5P,329.33,CC1=CC=C(C=C1)CCCC(CC(=O)N(C)O)CP(=O)(O)O,confirmed_organic,,,TamadKala,Iranian online wholesale/lab shop,product_page_listed_not_current_stock_verified,https://tamadkala.com/product/177559/هیدرومتر-سری-l50-برند-گرینر-آلمان,هیدرومتر سری l50 برند گرینر آلمان,structured_pubchem,verified_web_catalogue,2026-08-25,ae927f333a8b382e5fb80c3e051b56cd0a1ca85af07098877526b75b492571cd
potassium;sodium;2-hydroxy-2-oxoacetate;fluoride,sodium fluoride potassium oxalate,potassium;sodium;2-hydroxy-2-oxoacetate;fluoride; sodium fluoride potassium oxalate,,129711792,KYVSJWWJQYYDFC-UHFFFAOYSA-L,C2HFKNaO4,170.11,C(=O)(C(=O)[O-])O.[F-].[Na+].[K+],confirmed_organic,,,TamadKala,Iranian online wholesale/lab shop,product_page_listed_not_current_stock_verified,https://tamadkala.com/product/8742/لوله-خلا-خون-گیری-گلوکز-sodium-fluoride-potassium-oxalate,لوله خلا خون گیری گلوکز sodium fluoride potassium oxalate,structured_pubchem,verified_web_catalogue,2026-08-25,915e34b0dce091128db834b33af873ee0850332887c9d6352dbf8e69ae86a0ec
2-amino-N-butyl-5-(4-chlorophenyl)thiophene-3-carboxamide,R110,2-amino-N-butyl-5-(4-chlorophenyl)thiophene-3-carboxamide; R110,,134152941,IADRJQICSPVBQR-UHFFFAOYSA-N,C15H17ClN2OS,308.8,CCCCNC(=O)C1=C(SC(=C1)C2=CC=C(C=C2)Cl)N,confirmed_organic,,,telegram:Maran_Tejarat_Eshen,public Telegram (seller_industrial),product_page_listed_not_current_stock_verified,https://t.me/Maran_Tejarat_Eshen/467,"پترو رزین C9 چینی کد R110 با قیمت مناسب موجود می باشد #ماران_تجارت_اشن 021-22799285,95 09128066375",structured_pubchem,verified_telegram_listing,2026-08-25,a686a48a10dd81af96f77552cb3ae1664098cc61188e1dd0283c74fccaf5ce19
2-amino-9-(2-hydroxyethoxymethyl)-1H-purin-6-one,acyclovir,2-amino-9-(2-hydroxyethoxymethyl)-1H-purin-6-one; acyclovir; Acyclovir,,135398513,MKUXAQIIEYXACX-UHFFFAOYSA-N,C8H11N5O3,225.20,C1=NC2=C(N1COCCO)N=C(NC2=O)N,confirmed_organic,pharmaceutical_or_api,,Rooz Darou; Temad,Iranian pharmaceutical product catalogue,product_page_listed_not_current_stock_verified,http://rouzdarou.com/products/%D9%82%D8%B1%D8%B5-%D8%A2%D8%B3%DB%8C%DA%A9%D9%84%D9%88%D9%88%DB%8C%D8%B1-800,قرص آسیکلوویر 800,PubChem name validation from supplier product title,verified_catalogue,2026-08-23,fad239fb0165baa0b41111fca4f6599ead0c0075c8d1e5cdbd7283a323826837
(2S)-2-[[4-[(2-amino-4-oxo-3H-pteridin-6-yl)methylamino]benzoyl]amino]pentanedioic acid,folic acid,(2S)-2-[[4-[(2-amino-4-oxo-3H-pteridin-6-yl)methylamino]benzoyl]amino]pentanedioic acid; folic acid,59-30-3,135398658,OVBPIULPVIDEAO-LBPRGKRZSA-N,C19H19N7O6,441.4,C1=CC(=CC=C1C(=O)N[C@@H](CCC(=O)O)C(=O)O)NCC2=CN=C3C(=N2)C(=O)NC(=N3)N,confirmed_organic,vitamin,,Rooz Darou; telegram:ATRmedShop,Iranian pharmaceutical product catalogue,product_page_listed_not_current_stock_verified,http://rouzdarou.com/products/%D9%82%D8%B1%D8%B5-%D9%81%D9%88%D9%84%D9%8A%D9%83%D9%88%D9%81%D8%B1-%D8%A2%D9%87%D9%86-%D9%81%D9%88%D9%84%DB%8C%DA%A9-%D8%A7%D8%B3%DB%8C%D8%AF,قرص فوليكوفر ( آهن / فولیک اسید ),PubChem name validation from supplier product title,verified_catalogue,2026-08-23,d1f999d449ef6dc846a7bde44f44d8c59ea53b8fb5bb6beec48b8c67682b573f
"[(7S,9E,11S,12R,13S,14R,15R,16R,17S,18S,19E,21Z)-2,15,17,27,29-pentahydroxy-11-methoxy-3,7,12,14,16,18,22-heptamethyl-26-[(E)-(4-methylpiperazin-1-yl)iminomethyl]-6,23-dioxo-8,30-dioxa-24-azatetracyclo[23.3.1.14,7.05,28]triaconta-1(29),2,4,9,19,21,25,27-octaen-13-yl] acetate","[(7S,9E,11S,12R,13S,14R,15R,16R,17S,18S,19E,21Z)-2,15,17,27,29-pentahydroxy-11-methoxy-3,7,12,14,16,18,22-heptamethyl-26-[(E)-(4-methylpiperazin-1-yl)iminomethyl]-6,23-dioxo-8,30-dioxa-24-azatetracyclo[23.3.1.14,7.05,28]triaconta-1(29),2,4,9,19,21,25,27-octaen-13-yl] acetate",,13292-46-1,135398735,JQXXHWHPUNPDRT-WLSIYKJHSA-N,C43H58N4O12,822.9,CC1C=CC=C(C(=O)NC2=C(C(=C3C(=C2O)C(=C(C4=C3C(=O)C(O4)(OC=CC(C(C(C(C(C(C1O)C)O)C)OC(=O)C)C)OC)C)C)O)O)C=NN5CCN(CC5)C)C,confirmed_organic,,,telegram:ATRmedShop,public Telegram (seller_research),product_page_listed_not_current_stock_verified,https://t.me/ATRmedShop/735,Rifampicin | خرید ریفامپیسین گرید کشت سلول | قیمت ریفامپیسین گرید کشت سلول ‌‏⁧ ‌‌‏‌محصولات سیگما اصل را از ما بخواهید. 👇 واردات و فروش مواد شیمیایی سیگما 👇 ‌‌ ‌ ☎️ تلفن: ۰۲۱۶۶۳۶۱۵۴۳-۶۶۳۷۹۰۲۶-۰۲۱ ‌ 📱 موبایل: 09120549893 🌐 لینک محصول : https://atrmed.com/product/rifampicin/?v=e067b3c6b979 #آثل_طب #مواد_ازمایشگاه #مواد_شیمیایی #بیولوژی #بیولوژی_مولکولی #آنتی_بیوتیک #آنزیم #سیگماآلدریچ #مرک,router_batch+pubchem,verified_telegram_listing,2026-08-25,8cd732d5d42f673dda7a5ca76c66c35c716982fd9eb8e87fbba274cdb9a041c6
"5-[2-ethoxy-5-(4-methylpiperazin-1-yl)sulfonylphenyl]-1-methyl-3-propyl-6H-pyrazolo[4,5-d]pyrimidin-7-one",sildenafil,"5-[2-ethoxy-5-(4-methylpiperazin-1-yl)sulfonylphenyl]-1-methyl-3-propyl-6H-pyrazolo[4,5-d]pyrimidin-7-one; sildenafil",,135398744,BNRNXUUZRGQAQC-UHFFFAOYSA-N,C22H30N6O4S,474.6,CCCC1=NN(C2=C1N=C(NC2=O)C3=C(C=CC(=C3)S(=O)(=O)N4CCN(CC4)C)OCC)C,confirmed_organic,pharmaceutical_or_api,,Rooz Darou,Iranian pharmaceutical product catalogue,product_page_listed_not_current_stock_verified,http://rouzdarou.com/products/%D9%82%D8%B1%D8%B5-%D8%B3%DB%8C%D9%84%D8%AF%D9%86%D8%A7%D9%81%DB%8C%D9%84-100,قرص سیلدنافیل 100,PubChem name validation from supplier product title,verified_catalogue,2026-08-23,83a34e2e55b4b01e86111092ca62ff1e7808e4dd3d006c0f1b0ff9bc9b7c9430
"2-methyl-4-(4-methylpiperazin-1-yl)-10H-thieno[2,3-b][1,5]benzodiazepine",olanzapine,"2-methyl-4-(4-methylpiperazin-1-yl)-10H-thieno[2,3-b][1,5]benzodiazepine; olanzapine",,135398745,KVWDHTXUZHCGIO-UHFFFAOYSA-N,C17H20N4S,312.4,CC1=CC2=C(S1)NC3=CC=CC=C3N=C2N4CCN(CC4)C,confirmed_organic,pharmaceutical_or_api,,Rooz Darou,Iranian pharmaceutical product catalogue,product_page_listed_not_current_stock_verified,http://rouzdarou.com/products/%D9%82%D8%B1%D8%B5-%D8%A7%D9%84%D8%A7%D9%86%D8%B2%D8%A7%D9%BE%DB%8C%D9%86-5,قرص الانزاپین 5,PubChem name validation from supplier product title,verified_catalogue,2026-08-23,6011f3ffafbac3ca609a9ede40c481c3ae64001896578f329470325aabee623f
2-amino-9-[4-hydroxy-3-(hydroxymethyl)butyl]-1H-purin-6-one,pe2,2-amino-9-[4-hydroxy-3-(hydroxymethyl)butyl]-1H-purin-6-one; pe2,,135398748,JNTOCHDNEULJHD-UHFFFAOYSA-N,C10H15N5O3,253.26,C1=NC2=C(N1CCC(CO)CO)N=C(NC2=O)N,confirmed_organic,,,TamadKala,Iranian online wholesale/lab shop,product_page_listed_not_current_stock_verified,https://tamadkala.com/product/31856/محیط-کشت-pe2,محیط کشت pe2,structured_pubchem,verified_web_catalogue,2026-08-25,cddf595d0fc5347487c34fcbeeb2d3fc8d8c9569461c03fef9fbecad2466619d
N-(3-hydroxyiminobutan-2-ylidene)hydroxylamine,Dimethylglyoxime,N-(3-hydroxyiminobutan-2-ylidene)hydroxylamine; Dimethylglyoxime,95-45-4,135459645,JGUQDUKBUKFFRO-UHFFFAOYSA-N,C4H8N2O2,116.12,CC(=NO)C(=NO)C,confirmed_organic,organic_reagent,,Fardad Shimi; Mojallali Group,Iranian online lab-chemical shop,product_page_listed_not_current_stock_verified,https://drm-chem.com/en/product/dimethyl-glyoxime-indicator-en/,دی متیل گلی اکسیم MERCK | ...,router_title_normalization,verified_catalogue,2026-08-23,0b5e738abf71441bb416c7250070b9e8fa1a22e7646ac007931b105c93d06a81
sodium 3-hydroxy-4-[(1-hydroxynaphthalen-2-yl)diazenyl]-7-nitronaphthalene-1-sulfonate,Eriochrome Black T,sodium 3-hydroxy-4-[(1-hydroxynaphthalen-2-yl)diazenyl]-7-nitronaphthalene-1-sulfonate; Eriochrome Black T,1787-61-7,135465089,AMMWFYKTZVIRFN-UHFFFAOYSA-M,C20H12N3NaO7S,461.4,C1=CC=C2C(=C1)C=CC(=C2O)N=NC3=C4C=CC(=CC4=C(C=C3O)S(=O)(=O)[O-])[N+](=O)[O-].[Na+],confirmed_organic,organic_reagent,research,Fardad Shimi; TamadKala; Mojallali Group; ShimiMan,Iranian online lab-chemical shop | Iranian online wholesale/lab shop,product_page_listed_not_current_stock_verified,https://tamadkala.com/product/23452/%D8%A7%D8%B1%DB%8C%D9%88-%DA%A9%D8%B1%D9%88%D9%85-%D8%A8%D9%84%DA%A9-%D8%AA%DB%8C-acs-%D8%AF%DA%A9%D8%AA%D8%B1-%D9%85%D8%AC%D9%84%D9%84%DB%8C,آریو کروم بلک تی مرک MERCK | اریو کروم بلک تی acs دکتر مجللی,router_title_normalization,verified_catalogue,2026-08-23,d0a931fe3efdf436c26744986daf2d2cc7d8122a674fd8a18d2725e254d2aba3
"[[(2R,3S,4R,5R)-5-(2-amino-6-oxo-1H-purin-9-yl)-3,4-dihydroxyoxolan-2-yl]methoxy-hydroxyphosphoryl] [hydroxy-[(1R)-1-(2-nitrophenyl)ethoxy]phosphoryl] hydrogen phosphate",cag,"[[(2R,3S,4R,5R)-5-(2-amino-6-oxo-1H-purin-9-yl)-3,4-dihydroxyoxolan-2-yl]methoxy-hydroxyphosphoryl] [hydroxy-[(1R)-1-(2-nitrophenyl)ethoxy]phosphoryl] hydrogen phosphate; cag",,135509080,NYWDUFBXCCSYMK-JPDTYCKISA-N,C18H23N6O16P3,672.3,CC(C1=CC=CC=C1[N+](=O)[O-])OP(=O)(O)OP(=O)(O)OP(=O)(O)OCC2C(C(C(O2)N3C=NC4=C3N=C(NC4=O)N)O)O,confirmed_organic,,,TamadKala,Iranian online wholesale/lab shop,product_page_listed_not_current_stock_verified,https://tamadkala.com/product/194293/دستگاه-اندازه-گیری-زاویه-تماس-سطوح-و-کشش-سطح-مایعات-ژیکان-مدل-cag-10,دستگاه اندازه گیری زاویه تماس سطوح و کشش سطح مایعات ژیکان مدل cag 10,structured_pubchem,verified_web_catalogue,2026-08-25,fc4d542651a529438a66ae92ee2241f6edf4a6b71e3d9f4b5f3c93bb840f1897
bis((2S)-2-[3-(6-amino-2-oxo-1H-pyrimidin-3-ium-3-yl)propanoylamino]-3-hydroxypropanoate);dihydrate,(II),bis((2S)-2-[3-(6-amino-2-oxo-1H-pyrimidin-3-ium-3-yl)propanoylamino]-3-hydroxypropanoate);dihydrate; (II),7783-85-9,139059712,PTPBHZGNAPRFJM-YVXDRTILSA-N,C20H32N8O12,576.5,C1=C(NC(=O)[N+](=C1)CCC(=O)NC(CO)C(=O)[O-])N.C1=C(NC(=O)[N+](=C1)CCC(=O)NC(CO)C(=O)[O-])N.O.O,confirmed_organic,,,Mojallali Group; ShimiMan,Iranian WooCommerce catalogue,product_page_listed_not_current_stock_verified,https://drm-chem.com/product/ammonium-ironii-sulfate-hexahydrate-laboratory/,آمونیوم آهن(II) سولفات هگزا هیدرات,structured_pubchem,verified_web_catalogue,2026-08-25,f07311672256da6379852cb81265979fd45604c65ef4e9b134698005dc4ec33d
(2S)-2-[3-(4-amino-2-oxopyrimidin-1-yl)propanoylamino]-6-azaniumylhexanoate,(III),(2S)-2-[3-(4-amino-2-oxopyrimidin-1-yl)propanoylamino]-6-azaniumylhexanoate; (III),,139059714,AJVQUXYLHFLDPB-XFNAGHOKSA-N,C26H42N10O8,622.7,C1=CN(C(=O)N=C1N)CCC(=O)NC(CCCC[NH3+])C(=O)[O-].C1=CN(C(=O)N=C1N)CCC(=O)NC(CCCC[NH3+])C(=O)[O-],confirmed_organic,,,ShimiMan; telegram:ChemIranSanat,Iranian WooCommerce catalogue,product_page_listed_not_current_stock_verified,https://shimiman.com/product/ahn-iii-nytrat-9-abh-nytrat-ahn-code-103883-merck/,آهن(III) نیترات 9 آبه (نیترات آهن) کد 103883 مرک,structured_pubchem,verified_web_catalogue,2026-08-25,5197439c7ef9b7ccef4f1b277db4b263dcdc7f80e62e77380e9e22f5aa25aa80
"[(2R,3S,4R,5R)-3,4-dihydroxy-5-[4-(hydroxyamino)-2-oxopyrimidin-1-yl]oxolan-2-yl]methyl 2-methylpropanoate",Molnupiravir,,2349386-89-4,145996610,HTNPEHXGEKVIHG-QCNRFFRDSA-N,C13H19N3O7,329.31,CC(C)C(=O)OC[C@@H]1[C@H]([C@H]([C@@H](O1)N2C=CC(=NC2=O)NO)O)O,confirmed_organic,pharmaceutical_or_api,,telegram:IranChemicals,Iranian supplier Telegram catalogue,listing_evidence_crawled_2026-08-24,https://t.me/Iranchemicals/22600,,ai_normalised_listing+pubchem_confirmed,verified_telegram_listing,2021-08-12,3204c711e945d5ca4c3faa8b26508f719be0794ae957b00b09e888fd92e1818d
"3-(4-bromophenyl)-7H-imidazo[2,1-b][1,3]thiazol-4-ium",dyc,"3-(4-bromophenyl)-7H-imidazo[2,1-b][1,3]thiazol-4-ium; dyc",,145998259,LVDOGHLCDFUJNK-UHFFFAOYSA-O,C11H8BrN2S+,280.17,C1=CC(=CC=C1C2=CSC3=[N+]2C=CN3)Br,confirmed_organic,,,TamadKala,Iranian online wholesale/lab shop,product_page_listed_not_current_stock_verified,https://tamadkala.com/product/154861/بنزیل-بنزوات-برند-dyc-چین,بنزیل بنزوات برند dyc چین,structured_pubchem,verified_web_catalogue,2026-08-25,09c9e0f289efdb363ee45ead669372d951424483ab8de13360cd68d23ad33095
"(2R)-6-amino-3-methyl-2H-1,3-benzoxazol-2-ol",usp,"(2R)-6-amino-3-methyl-2H-1,3-benzoxazol-2-ol; usp",,146160376,SFDSWFBFHNEOAA-MRVPVSSYSA-N,C8H10N2O2,166.18,CN1C(OC2=C1C=CC(=C2)N)O,confirmed_organic,,,TamadKala,Iranian online wholesale/lab shop,product_page_listed_not_current_stock_verified,https://tamadkala.com/product/19254/اسید-کلریدیک-37-usp-دکتر-مجللی,اسید کلریدیک 37 usp دکتر مجللی,structured_pubchem,verified_web_catalogue,2026-08-25,583e60a96ad2bcbf231fceccafc1c412810a2eb312bd41cd09c68661cce9f602
"magnesium methyl (3R,22S)-16-ethenyl-11-ethyl-4-hydroxy-12,17,21,26-tetramethyl-22-[3-oxo-3-[(E,7R,11R)-3,7,11,15-tetramethylhexadec-2-enoxy]propyl]-23,25-diazonia-7,24-diazanidahexacyclo[18.2.1.15,8.110,13.115,18.02,6]hexacosa-1(23),2(6),4,8(26),9,11,13(25),14,16,18,20-undecaene-3-carboxylate",Chlorophyll,,,156620228,KPJIJGZVAWIZMG-LEGXGVPYSA-P,C55H74MgN4O5+2,895.5,CCC\1=C(C\2=[NH+]/C1=C\C3=C(C4=C([C@@H](C(=C4[N-]3)C5=[NH+]C(=C([C@@H]5CCC(=O)OC/C=C(\C)/CCC[C@H](C)CCC[C@H](C)CCCC(C)C)C)/C=C\6/C(=C(/C(=C2)/[N-]6)C=C)C)C(=O)OC)O)C)C.[Mg+2],confirmed_organic,colorant_or_indicator,,telegram:chemgroup,Iranian supplier Telegram catalogue,listing_evidence_crawled_2026-08-24,https://t.me/chemgroup/3178,,ai_normalised_listing+pubchem_confirmed,verified_telegram_listing,2017-05-17,26f8392d4755f46a22ed51d73e46544b2f1d3ba6f31505551946158cf6431eb8
"2-[(R)-butylsulfinyl]-4-(1-ethylimidazol-2-yl)-6-(1,3-thiazol-2-yl)thieno[2,3-b]pyridin-3-amine",hplc,"2-[(R)-butylsulfinyl]-4-(1-ethylimidazol-2-yl)-6-(1,3-thiazol-2-yl)thieno[2,3-b]pyridin-3-amine; hplc; HPLC",,158780133,IQYSUJXWDACBKB-MUUNZHRXSA-N,C19H21N5OS3,431.6,CCCCS(=O)C1=C(C2=C(S1)N=C(C=C2C3=NC=CN3CC)C4=NC=CS4)N,confirmed_organic,,,TamadKala; ShimiMan,Iranian online wholesale/lab shop,product_page_listed_not_current_stock_verified,https://tamadkala.com/product/92862/ایزواکتان-hplc-نوترون,ایزواکتان hplc نوترون,structured_pubchem,verified_web_catalogue,2026-08-25,5389785f8051d589cf266e548a1ce7bb665c256c26323c5288b9d1a88fe405db
"(1S,2S)-1-[[4-(cyclopropylcarbamoylamino)benzoyl]amino]-1,2,3,4-tetrahydronaphthalene-2-carboxylic acid",rvs,"(1S,2S)-1-[[4-(cyclopropylcarbamoylamino)benzoyl]amino]-1,2,3,4-tetrahydronaphthalene-2-carboxylic acid; rvs; RVS",,164513210,BJZXTCJBAZHJRX-RBUKOAKNSA-N,C22H23N3O4,393.4,C1CC1NC(=O)NC2=CC=C(C=C2)C(=O)NC3C(CCC4=CC=CC=C34)C(=O)O,confirmed_organic,,,TamadKala; ShimiMan,Iranian online wholesale/lab shop,product_page_listed_not_current_stock_verified,https://tamadkala.com/product/23537/محیط-کشت-راپاپورت-واسیلیادیس-براث-rvs,محیط کشت راپاپورت واسیلیادیس براث rvs,structured_pubchem,verified_web_catalogue,2026-08-25,804b7d9b85330634789e1dd5af9da66f2e864edde675ec4ac130a6b9950a9a2c
cyanocobalamin,cyanocobalamin,cyanocobalamin,,166596686,RMRCNWBMXRMIRW-WZHZPDAFSA-L,C63H88CoN14O14P,1355.4,CC1=CC2=C(C=C1C)[N+](=CN2)[C@@H]3[C@@H]([C@@H]([C@H](O3)CO)OP(=O)(O)O[C@H](C)CNC(=O)CC[C@@]4([C@H]([C@@H]5[C@]6([C@@]([C@@H](C(=N6)/C(=C\7/[C@@]([C@@H](/C(=C/C8=N/C(=C(\C4=N5)/C)/[C@H](C8(C)C)CCC(=N)[O-])/N7)CCC(=N)[O-])(C)CC(=O)N)/C)CCC(=N)[O-])(C)CC(=O)N)C)CC(=O)N)C)O.[C]#N.[Co+2],confirmed_organic,secondary_metabolite_or_natural_product,,TamadKala,Iranian online research/chemical shop,product_page_listed_not_current_stock_verified,https://tamadkala.com/product/34539/%D9%88%DB%8C%D8%AA%D8%A7%D9%85%DB%8C%D9%86-b12,ویتامین B12,explicit_category_supplement,verified_catalogue,2026-08-23,aed6ccf0ddd258990985e969e62274b9bb8deddf6feb5d71d3c16e4203625f0e
"[3-[[6-[(3aS,6aR)-2,3,3a,4,6,6a-hexahydro-1H-pyrrolo[3,4-c]pyrrol-5-yl]-3-cyano-4-(trifluoromethyl)-2-pyridinyl]amino]-4-methylsulfanylphenyl]methoxy-methylphosphinic acid",VTM,"[3-[[6-[(3aS,6aR)-2,3,3a,4,6,6a-hexahydro-1H-pyrrolo[3,4-c]pyrrol-5-yl]-3-cyano-4-(trifluoromethyl)-2-pyridinyl]amino]-4-methylsulfanylphenyl]methoxy-methylphosphinic acid; VTM",,171715906,NSLCTDAHCNFOEO-GASCZTMLSA-N,C22H25F3N5O3PS,527.5,CP(=O)(O)OCC1=CC(=C(C=C1)SC)NC2=C(C(=CC(=N2)N3CC4CNCC4C3)C(F)(F)F)C#N,confirmed_organic,,,telegram:labshop,public Telegram (seller_research),product_page_listed_not_current_stock_verified,https://t.me/labshop/238,VTM ✅ محیط کشت,structured_pubchem,verified_telegram_listing,2026-08-25,48ab63bffb88e8f1450a7f7a6ed8601f00d99bba608e8d534136812d34b394c8
(5E)-5-[[3-methoxy-5-(1H-pyrrol-2-yl)-1H-pyrrol-2-yl]methylidene]-2-methyl-3-pentylpyrrole,Prodigiosin,,,172897611,SZXDNGVQRDTJSD-FOWTUZBSSA-N,C20H25N3O,323.4,CCCCCC1=C/C(=C\C2=C(C=C(N2)C3=CC=CN3)OC)/N=C1C,confirmed_organic,secondary_metabolite_or_natural_product,,telegram:LabTel,Iranian supplier Telegram catalogue,listing_evidence_crawled_2026-08-24,https://t.me/LabTel/65530,,ai_normalised_listing+pubchem_confirmed,verified_telegram_listing,2024-10-03,27c4b95d83c30267caaa0391557b59d2be1c74a3efbaac5a1bfa7367964e5e7f
"1-[5-(Diaminomethylideneamino)-2-[3-[4,5-dihydroxy-6-(hydroxymethyl)-3-(methylamino)oxan-2-yl]oxy-4-formyl-4-hydroxy-5-methyloxolan-2-yl]oxy-3,4,6-trihydroxycyclohexyl]guanidine;3,3-dimethyl-7-oxo-6-[(2-phenylacetyl)amino]-4-thia-1-azabicyclo[3.2.0]heptane-2-carboxylic acid",Penicillin-Streptomycin,,,176540074,YVSHCKXUFJPXCX-UHFFFAOYSA-N,C37H57N9O16S,916.0,CC1C(C(C(O1)OC2C(C(C(C(C2O)O)N=C(N)N)O)NC(=N)N)OC3C(C(C(C(O3)CO)O)O)NC)(C=O)O.CC1(C(N2C(S1)C(C2=O)NC(=O)CC3=CC=CC=C3)C(=O)O)C,confirmed_organic,pharmaceutical_or_api,,merckmillipore,telegram,listing_evidence_crawled_2026-08-23,https://t.me/merckmillipore/309,تعداد محدودی penicillin-stereptomycin موجود میباشد 09121161187,ai_resolved+pubchem,verified_telegram_listing,2026-08-23,09cf4a3959e2c707153d0e9af45421f68054e9d269f9f4b41fb9228f152f0ad6
