"# export_metadata: {""exported_at"": ""2026-08-27T12:27:57Z"", ""skill"": ""iran-chem-database@2.21.1 (clawhub: @orionshaowswmw/iran-chem-database)"", ""workspace_router_models"": ""9 providers / 767 models (tools/router.py fleet)"", ""rows"": 1399, ""confirmed_organic"": 1399, ""organic_gate"": ""carried from PubChem/RDKit-verified seed for seed-sourced rows; structure/formula first for all live rows (organic_status=true)"", ""unique_cids"": 1352, ""inchikey_merged_alt_cids"": 10, ""rows_flagged_cas_cid_conflict"": 23, ""cas_cid_conflict_meaning"": ""row CAS resolves in PubChem to a CID set that does not include the row CID — inherited from supplier catalogue data; flagged for human review, not silently edited"", ""unique_inchikeys"": 1352, ""rows_with_cas"": 705, ""rows_with_canonical_smiles"": 1029, ""rows_with_evidence_url"": 1315, ""input_rows_by_source"": {""seed_2026-08-25"": 1041, ""seed_2026-08-24"": 1068, ""live_web_catalogue"": 114, ""live_telegram_listing"": 349, ""ai_model_fleet"": 615, ""wayback_archived_pages"": 0}, ""rejected_rows"": 225, ""model_fleet_normalization"": {""pass"": {""titles"": 2400, ""pubchem_confirmed_names"": 1825, ""confirmed_unique_cids"": 505, ""multi_model_agreement"": 403, ""models"": [""gemini"", ""mistral"", ""groq"", ""llm7"", ""router""]}, ""pass_p2"": {""titles"": 3200, ""pubchem_confirmed_names"": 110, ""confirmed_unique_cids"": 53, ""multi_model_agreement"": 23, ""models"": [""gemini"", ""mistral"", ""groq"", ""llm7"", ""router""]}, ""pass_p3"": {""titles"": 2500, ""pubchem_confirmed_names"": 130, ""confirmed_unique_cids"": 57, ""multi_model_agreement"": 17, ""models"": [""gemini"", ""mistral"", ""groq"", ""llm7"", ""router""]}}, ""model_fleet_rule"": ""model answers accepted ONLY when PubChem confirms the identity; disagreement -> left unresolved, never guessed"", ""composition_top"": {""seed_2026-08-24 + seed_2026-08-25"": 496, ""ai_model_fleet"": 197, ""seed_2026-08-25"": 136, ""ai_model_fleet + seed_2026-08-24 + seed_2026-08-25"": 116, ""seed_2026-08-24"": 92, ""ai_model_fleet + live_telegram_listing + seed_2026-08-24 + seed_2026-08-25"": 87, ""live_telegram_listing + seed_2026-08-24 + seed_2026-08-25"": 81, ""ai_model_fleet + live_web_catalogue"": 35}, ""pipeline"": ""seed baseline + 2026-08-27 LIVE crawl (Telegram full-history mirror, public WooCommerce Store API, WP product sitemaps, Wayback CDX enumeration for geo-blocked .ir catalogues) -> skill parsers -> grade policy -> ChemicalValidator (RDKit/PubChem/CAS checksum) -> organic gate (structure first) -> model-fleet normalization (5 providers, PubChem-confirmed only) -> CID dedupe -> provenance_hash"", ""scope"": ""BEST-EFFORT dated index of CONFIRMED-ORGANIC molecules appearing in public Iranian supplier catalogues/channels reachable from this sandbox. NOT a national census; NOT complete; product page presence is not proof of stock. Coverage of the configured crawl is reported in coverage_report.json."", ""cid_dedupe"": ""enforced — zero same-CID rows"", ""provenance_hash"": ""sha256(evidence_text|evidence_url|CID) per row"", ""supersedes"": ""skill seed iran_organic_molecules_catalogue_verified_2026-08-25.csv""}"
molecule_name,common_name,name_variants,cas_number,pubchem_cid,alt_cids,cas_cid_conflict,inchi_key,molecular_formula,molecular_weight,canonical_smiles,organic_status,category,category_source,grade,supplier_name,supplier_platform,availability_status,evidence_url,evidence_text,identity_method,source_type,record_date,provenance_hash
(-)-Codeine phosphate,Codeine Phosphate,"(-)-Codeine phosphate; Codeine Phosphate; (4R,4aR,7S,7aR,12bS)-9-methoxy-3-methyl-2,4,4a,7,7a,13-hexahydro-1H-4,12-methanobenzofuro[3,2-e]isoquinolin-7-ol;phosphoric acid",,5359227,,,WUXLCJZUUHIXFY-FFHNEAJVSA-N,C18H24NO7P,397.4,CN1CC[C@]23[C@@H]4[C@H]1CC5=C2C(=C(C=C5)OC)O[C@H]3[C@H](C=C4)O.OP(=O)(O)O,confirmed_organic,pharmaceutical_or_api,,,Temad,web_catalogue,listing_evidence_crawled_2026-08-23,https://www.temad.com/product/ciprofloxacin-hcl/,Codeine Phosphate,pubchem_direct,seed_2026-08-24 + seed_2026-08-25,2026-08-23,2aa785d9b0c5d69216cdbb622d5d94288c7f46150927edca5ac853e3670e9a67
(-)-Noroxymorphone,Noroxymorphone,"(-)-Noroxymorphone; Noroxymorphone; (4R,4aS,7aR,12bS)-4a,9-dihydroxy-1,2,3,4,5,6,7a,13-octahydro-4,12-methanobenzofuro[3,2-e]isoquinolin-7-one",,5497189,,,HLMSIZPQBSYUNL-IPOQPSJVSA-N,C16H17NO4,287.31,C1C[C@]2([C@H]3CC4=C5[C@@]2(CCN3)[C@H](C1=O)OC5=C(C=C4)O)O,confirmed_organic,pharmaceutical_or_api,,,Temad,web_catalogue,listing_evidence_crawled_2026-08-23,https://www.temad.com/product/noroxymorphone/,Noroxymorphone,pubchem_direct,seed_2026-08-24 + seed_2026-08-25,2026-08-23,87b03e1c341c1c77ad96b03ffb4a5788d06b16ed9be18559ebaf05772479d4b7
(-)-Zingiberene,zingiberene,,,92776,,,KKOXKGNSUHTUBV-LSDHHAIUSA-N,C15H24,204.35,CC1=CC[C@@H](C=C1)[C@@H](C)CCC=C(C)C,confirmed_organic,fragrance_or_aroma,,,ChemIranSanat + t.me/ChemIranSanat,ai_normalized|telegram,listing_evidence_crawled_2026-08-23,https://t.me/ChemIranSanat/973,"شیمی زنجبیل ترکیب zingibirene یک نوع روغن و عامل اصلی بوی زنجبیل است. اکثر مواد موجود در زنجبیل برای سلامتی انسان بسیار سودمند هستند. 🆔 @ChemIran1 || شیمی زنجبیل
ترکیب zingibirene یک نوع روغن و عامل اصلی بوی زنجبیل است.
اکثر مواد موجود در زنجبیل برای سلامتی انسان بسیار سودمند هستند.

 🆔 @ChemIran1",ai_resolved+pubchem,ai_model_fleet + seed_2026-08-24 + seed_2026-08-25,2026-08-23,b0c07bbacfdcdbdbf3a92e400962b17975e9ef6965ccfeac14e6bfd749076d94
"(1'R,2R,3S,4'S,6S,8'R,10'E,12'S,13'S,14'E,16'E,20'R,21'R,24'S)-2-[(2S)-butan-2-yl]-21',24'-dihydroxy-12'-[(2R,4S,5S,6S)-5-[(2S,4S,5S,6S)-5-hydroxy-4-methoxy-6-methyloxan-2-yl]oxy-4-methoxy-6-methyloxan-2-yl]oxy-3,11',13',22'-tetramethylspiro[2,3-dihydropyran-6,6'-3,7,19-trioxatetracyclo[15.6.1.14,8.020,24]pentacosa-10,14,16,22-tetraene]-2'-one;(1'R,2R,3S,4'S,6S,8'R,10'E,12'S,13'S,14'E,16'E,20'R,21'R,24'S)-21',24'-dihydroxy-12'-[(2R,4S,5S,6S)-5-[(2S,4S,5S,6S)-5-hydroxy-4-methoxy-6-methyloxan-2-yl]oxy-4-methoxy-6-methyloxan-2-yl]oxy-3,11',13',22'-tetramethyl-2-propan-2-ylspiro[2,3-dihydropyran-6,6'-3,7,19-trioxatetracyclo[15.6.1.14,8.020,24]pentacosa-10,14,16,22-tetraene]-2'-one",,,,9920327,,,IBSREHMXUMOFBB-JFUDTMANSA-N,C95H142O28,1732.1,,confirmed_organic,organic_reagent,derived:supplier_platform,,Shimi Merck,ai_normalized,,https://shimimerck.ir/buy-abamectin-sigma-aldrich.html,buy abamectin sigma aldrich,model_fleet+pubchem,ai_model_fleet,2026-08-27,a98197cea9c5fc04f2e2b7c211541566be260916c3557d7bb4fd381d697eb84e
"(1,1'-Biphenyl)-4,4'-dicarboxylic acid","4,4′-Biphenyldicarboxylic acid",,,13084,,,NEQFBGHQPUXOFH-UHFFFAOYSA-N,C14H10O4,242.23,C1=CC(=CC=C1C2=CC=C(C=C2)C(=O)O)C(=O)O,confirmed_organic,organic_reagent,,,ChemIranSanat + t.me/ChemIranSanat,ai_normalized|telegram,listing_evidence_crawled_2026-08-23,https://t.me/ChemIranSanat/1795,"091522 Fluorochem 4,4′-Biphenyldicarboxylic acid 25g 🔜 موجود و آماده تحویل ✅ شیمیران صنعت فقط اصلی ♾ موجودی و تنوع بی نظیر از برندهای معتبر 📱 سفارش کالا 👇 🆔 @ChemIranAdmin 🆔 @ChemIran1 || 091522 Fluorochem
4,4′-Biphenyldicarboxylic acid
25g

 🔜 موجود و آماده تحویل
 ✅ شیمیران صنعت فقط اصلی
 ♾ موجودی ",ai_resolved+pubchem,ai_model_fleet + seed_2026-08-24 + seed_2026-08-25,2026-08-23,331a10eb8293abdee258335b1028bcab8df174b72a5c528403624bd13b85ffa8
(1-hydroxy-1-phosphonoethyl)phosphonic acid,hedp,(1-hydroxy-1-phosphonoethyl)phosphonic acid; hedp,,3305,,,DBVJJBKOTRCVKF-UHFFFAOYSA-N,C2H8O7P2,206.03,CC(O)(P(=O)(O)O)P(=O)(O)O,confirmed_organic,organic_reagent,derived:supplier_platform,,IR Chem / Pishgaman,Iranian WooCommerce catalogue,product_page_listed_not_current_stock_verified,https://irchem.ir/buy-ethidronic-acid/,اتیدرونیک اسید hedp,structured_pubchem,seed_2026-08-25,2026-08-25,aa4ce9b2e47c9efb9d017a352018850ed485b4b057ebf0d7a57ab3ff5653bdad
"(1E,6E)-1,7-bis(4-hydroxy-3-methoxyphenyl)hepta-1,6-diene-3,5-dione",Curcumin,"(1E,6E)-1,7-bis(4-hydroxy-3-methoxyphenyl)hepta-1,6-diene-3,5-dione; Curcumin",458-37-7,969516,,,VFLDPWHFBUODDF-FCXRPNKRSA-N,C21H20O6,368.4,COC1=C(C=CC(=C1)/C=C/C(=O)CC(=O)/C=C/C2=CC(=C(C=C2)O)OC)O,confirmed_organic,secondary_metabolite_or_natural_product,,,t.me/ATRmedShop + t.me/IranChemicals + telegram:IranChemicals; telegram:ATRmedShop,Iranian supplier Telegram catalogue|ai_normalized,listing_evidence_crawled_2026-08-24,https://t.me/IranChemicals/21805,Curcumin | خرید کورکومین از کورکوما لونگا| قیمت کورکومین از کورکوما لونگا ‌‏⁧ ‌‌‏‌محصولات سیگما اصل را از ما بخواهید. 👇 واردات و فروش مواد شیمیایی سیگما 👇 ‌ ‌ ‌ ☎️ تلفن: ۰۲۱۶۶۳۶۱۵۴۳-۶۶۳۷۹۰۲۶-۰۲۱ ‌ 📱 موبایل: 09120549893 🌐 لینک محصول : https://atrmed.com/product/curcumin/?v=e067b3c6b979 #آثل_طب #مواد_,ai_normalised_listing+pubchem_confirmed,ai_model_fleet + seed_2026-08-24 + seed_2026-08-25,2018-01-19,0bbaa179a3f9dcd280d203e3b7f61e1d0861aadd0e47bc64c47cc84df425701b
"(1R,2R,5S,8S,9S,10R,11S,12S)-5,12-dihydroxy-11-methyl-6-methylidene-16-oxo-15-oxapentacyclo[9.3.2.15,8.01,10.02,8]heptadec-13-ene-9-carboxylic acid",gibberellic acid,"(1R,2R,5S,8S,9S,10R,11S,12S)-5,12-dihydroxy-11-methyl-6-methylidene-16-oxo-15-oxapentacyclo[9.3.2.15,8.01,10.02,8]heptadec-13-ene-9-carboxylic acid; gibberellic acid",50-15-7,6466,,,IXORZMNAPKEEDV-OBDJNFEBSA-N,C19H22O6,346.4,C[C@@]12[C@H](C=C[C@@]3([C@@H]1[C@@H]([C@]45[C@H]3CC[C@](C4)(C(=C)C5)O)C(=O)O)OC2=O)O,confirmed_organic,organic_reagent,,Shimi Merck,Shimi Merck + TamadKala + https://shimimerck.ir/gibberellic-acid.html,Iranian online wholesale/lab shop|ai_normalized|live_supplier_catalogue,product_page_listed_not_current_stock_verified,https://shimimerck.ir/gibberellic-acid.html,جیبرلیک اسید برند dyc چین | ... || gibberellic acid,router_title_normalization,ai_model_fleet + live_web_catalogue + seed_2026-08-24 + seed_2026-08-25,2026-08-23,17da33c7a0104038e506160f8c69e0252e26f69e37b2b8b2621219248c4b8b9b
"(1R,2S,5R)-5-methyl-2-propan-2-ylcyclohexan-1-ol","(1R,2S,5R)-5-methyl-2-propan-2-ylcyclohexan-1-ol","(1R,2S,5R)-5-methyl-2-propan-2-ylcyclohexan-1-ol",2216-51-5,16666,,,NOOLISFMXDJSKH-KXUCPTDWSA-N,C10H20O,156.26,CC1CCC(C(C1)O)C(C)C,confirmed_organic,organic_reagent,derived:supplier_platform,,Mojallali Group,Iranian WooCommerce catalogue,product_page_listed_not_current_stock_verified,https://drm-chem.com/en/product/menthol-en/,(-)-Menthol,cas_pubchem,seed_2026-08-25,2026-08-25,a38c52d50e6226d18168de4853fddab3c655f2f457a482913bb123f1ce2aaec8
"(1R,3aS,5aR,5bR,7aR,9S,11aR,11bR,13aR,13bR)-9-hydroxy-5a,5b,8,8,11a-pentamethyl-1-prop-1-en-2-yl-1,2,3,4,5,6,7,7a,9,10,11,11b,12,13,13a,13b-hexadecahydrocyclopenta[a]chrysene-3a-carboxylic acid",,,,64971,,,QGJZLNKBHJESQX-FZFNOLFKSA-N,C30H48O3,456.7,,confirmed_organic,organic_reagent,derived:supplier_platform,,Shimi Merck,ai_normalized,,https://shimimerck.ir/betulinic-of-sigma-aldrich-acid.html,betulinic of sigma aldrich acid,model_fleet+pubchem,ai_model_fleet,2026-08-27,ca66a2158a01ad76d5cd75dc3a0b5d15c419f24676b51b93a8883951f1af3230
"(1R,3S,5R,6R,9R,11R,15S,16R,17R,18S,19E,21E,23E,25E,27E,29E,31E,33R,35S,36R,37S)-33-[(2R,3S,4S,5S,6R)-4-amino-3,5-dihydroxy-6-methyloxan-2-yl]oxy-1,3,5,6,9,11,17,37-octahydroxy-15,16,18-trimethyl-13-oxo-14,39-dioxabicyclo[33.3.1]nonatriaconta-19,21,23,25,27,29,31-heptaene-36-carboxylic acid",Amphotericin B,,,5280965,,,APKFDSVGJQXUKY-INPOYWNPSA-N,C47H73NO17,924.1,C[C@H]1/C=C/C=C/C=C/C=C/C=C/C=C/C=C/[C@@H](C[C@H]2[C@@H]([C@H](C[C@](O2)(C[C@H](C[C@H]([C@@H](CC[C@H](C[C@H](CC(=O)O[C@H]([C@@H]([C@@H]1O)C)C)O)O)O)O)O)O)O)C(=O)O)O[C@H]3[C@H]([C@H]([C@@H]([C@H](O3)C)O)N)O,confirmed_organic,pharmaceutical_or_api,,,telegram:labshop,Iranian supplier Telegram catalogue,listing_evidence_crawled_2026-08-24,https://t.me/labshop/87,,ai_normalised_listing+pubchem_confirmed,seed_2026-08-24 + seed_2026-08-25,2016-04-09,154fa5a33e85a28b83146ca8ea3d91786772c54ae927c12faa603c00b14513c0
"(1R,3S,5R,8R,10R,11S,12S,13R,14S)-8,12,14-trihydroxy-5-methyl-11,13-bis(methylamino)-2,4,9-trioxatricyclo[8.4.0.03,8]tetradecan-7-one",scm,"(1R,3S,5R,8R,10R,11S,12S,13R,14S)-8,12,14-trihydroxy-5-methyl-11,13-bis(methylamino)-2,4,9-trioxatricyclo[8.4.0.03,8]tetradecan-7-one; scm",,15541,,,UNFWWIHTNXNPBV-WXKVUWSESA-N,C14H24N2O7,332.35,CC1CC(=O)C2(C(O1)OC3C(C(C(C(C3O2)NC)O)NC)O)O,confirmed_organic,organic_reagent,derived:supplier_platform,,TamadKala,Iranian online wholesale/lab shop,product_page_listed_not_current_stock_verified,https://tamadkala.com/product/194310/دستگاه-پوشش-دهی-دورانی-ژیکان-مدل-scm-10,دستگاه پوشش دهی دورانی ژیکان مدل scm 10,structured_pubchem,seed_2026-08-25,2026-08-25,973c14164921a1959bbafc66c900ce162928d9f5cbc6bdf757f3801f24c6d6cb
"(1R,4S,5R,8S,9R,12S,13R)-1,5,9-trimethyl-11,14,15,16-tetraoxatetracyclo[10.3.1.04,13.08,13]hexadecan-10-one",Artemisinin,,,68827,,,BLUAFEHZUWYNDE-NNWCWBAJSA-N,C15H22O5,282.33,C[C@@H]1CC[C@H]2[C@H](C(=O)O[C@H]3[C@@]24[C@H]1CC[C@](O3)(OO4)C)C,confirmed_organic,secondary_metabolite_or_natural_product,,,telegram:chemgroup,Iranian supplier Telegram catalogue,listing_evidence_crawled_2026-08-24,https://t.me/chemgroup/3261,,ai_normalised_listing+pubchem_confirmed,seed_2026-08-24 + seed_2026-08-25,2017-06-06,93d642bb397231b05db6b4dda235c0df8b1bcf9de4b22d2e052be609d9d38811
"(1S,2R,18R,19R,22S,25R,28R,40S)-48-[(2S,3R,4S,5S,6R)-3-[(2S,4S,5S,6S)-4-amino-5-hydroxy-4,6-dimethyloxan-2-yl]oxy-4,5-dihydroxy-6-(hydroxymethyl)oxan-2-yl]oxy-22-(2-amino-2-oxoethyl)-5,15-dichloro-2,18,32,35,37-pentahydroxy-19-[[(2R)-4-methyl-2-(methylamino)pentanoyl]amino]-20,23,26,42,44-pentaoxo-7,13-dioxa-21,24,27,41,43-pentazaoctacyclo[26.14.2.23,6.214,17.18,12.129,33.010,25.034,39]pentaconta-3,5,8(48),9,11,14,16,29(45),30,32,34(39),35,37,46,49-pentadecaene-40-carboxylic acid;hydrochloride","(1S,2R,18R,19R,22S,25R,28R,40S)-48-[(2S,3R,4S,5S,6R)-3-[(2S,4S,5S,6S)-4-amino-5-hydroxy-4,6-dimethyloxan-2-yl]oxy-4,5-dihydroxy-6-(hydroxymethyl)oxan-2-yl]oxy-22-(2-amino-2-oxoethyl)-5,15-dichloro-2,18,32,35,37-pentahydroxy-19-[[(2R)-4-methyl-2-(methylamino)pentanoyl]amino]-20,23,26,42,44-pentaoxo-7,13-dioxa-21,24,27,41,43-pentazaoctacyclo[26.14.2.23,6.214,17.18,12.129,33.010,25.034,39]pentaconta-3,5,8(48),9,11,14,16,29(45),30,32,34(39),35,37,46,49-pentadecaene-40-carboxylic acid;hydrochloride",,1404-93-9,6420023,,,LCTORFDMHNKUSG-XTTLPDOESA-N,C66H76Cl3N9O24,1485.7,CC1C(C(CC(O1)OC2C(C(C(OC2OC3=C4C=C5C=C3OC6=C(C=C(C=C6)C(C(C(=O)NC(C(=O)NC5C(=O)NC7C8=CC(=C(C=C8)O)C9=C(C=C(C=C9O)O)C(NC(=O)C(C(C1=CC(=C(O4)C=C1)Cl)O)NC7=O)C(=O)O)CC(=O)N)NC(=O)C(CC(C)C)NC)O)Cl)CO)O)O)(C)N)O.Cl,confirmed_organic,pharmaceutical_or_api,derived:supplier_platform,,t.me/ATRmedShop + telegram:ATRmedShop,ai_normalized|public Telegram (seller_research),product_page_listed_not_current_stock_verified,https://t.me/ATRmedShop/693,Vancomycin Hydrochloride | خرید وانکومایسین هیدروکلراید | قیمت وانکومایسین هیدروکلراید ‌‏⁧ ‌‌‏‌محصولات سیگما اصل را از ما بخواهید. 👇 واردات و فروش مواد شیمیایی سیگما 👇 ‌ ‌ ‌ ☎️ تلفن: ۰۲۱۶۶۳۶۱۵۴۳-۶۶۳۷۹۰۲۶-۰۲۱ ‌ 📱 موبایل: 09120549893 🌐 لینک محصول : https://atrmed.com/product/vancomycin-hydrochloride-f,router_batch+pubchem,ai_model_fleet + seed_2026-08-25,2026-08-25,0555c30827b817f70d7a4bfd794ffbcf9234f68591945525ca98c5f894b86314
"(1S,2S)-1-[[4-(cyclopropylcarbamoylamino)benzoyl]amino]-1,2,3,4-tetrahydronaphthalene-2-carboxylic acid",rvs,"(1S,2S)-1-[[4-(cyclopropylcarbamoylamino)benzoyl]amino]-1,2,3,4-tetrahydronaphthalene-2-carboxylic acid; rvs; RVS",,164513210,,,BJZXTCJBAZHJRX-RBUKOAKNSA-N,C22H23N3O4,393.4,C1CC1NC(=O)NC2=CC=C(C=C2)C(=O)NC3C(CCC4=CC=CC=C34)C(=O)O,confirmed_organic,organic_reagent,derived:supplier_platform,,TamadKala; ShimiMan,Iranian online wholesale/lab shop,product_page_listed_not_current_stock_verified,https://tamadkala.com/product/23537/محیط-کشت-راپاپورت-واسیلیادیس-براث-rvs,محیط کشت راپاپورت واسیلیادیس براث rvs,structured_pubchem,seed_2026-08-25,2026-08-25,804b7d9b85330634789e1dd5af9da66f2e864edde675ec4ac130a6b9950a9a2c
"(1S,2S,6R,14R,15R,16R)-16-[(2S)-2-hydroxy-3,3-dimethylbutan-2-yl]-15-methoxy-13-oxa-5-azahexacyclo[13.2.2.12,8.01,6.02,14.012,20]icosa-8(20),9,11-trien-11-ol",Norbuprenorphine,"(1S,2S,6R,14R,15R,16R)-16-[(2S)-2-hydroxy-3,3-dimethylbutan-2-yl]-15-methoxy-13-oxa-5-azahexacyclo[13.2.2.12,8.01,6.02,14.012,20]icosa-8(20),9,11-trien-11-ol; Norbuprenorphine",,114976,,,YOYLLRBMGQRFTN-IOMBULRVSA-N,C25H35NO4,413.5,CC(C)(C)C(C)(C1CC23CCC1(C4C25CCNC3CC6=C5C(=C(C=C6)O)O4)OC)O,confirmed_organic,organic_reagent,derived:supplier_platform,,Temad,Iranian WooCommerce catalogue,product_page_listed_not_current_stock_verified,https://www.temad.com/product/norbuprenorphine/,Norbuprenorphine,structured_pubchem,seed_2026-08-25,2026-08-25,e68753d127ab8bfef687c87676b0e970aeac0507f6f4be10d4772e34d7d971ee
"(1S,3Z)-3-[(2E)-2-[(1R,3aS,7aR)-1-[(E,2R,5R)-5,6-dimethylhept-3-en-2-yl]-7a-methyl-2,3,3a,5,6,7-hexahydro-1H-inden-4-ylidene]ethylidene]-4-methylidenecyclohexan-1-ol",Vitamin D2,"(1S,3Z)-3-[(2E)-2-[(1R,3aS,7aR)-1-[(E,2R,5R)-5,6-dimethylhept-3-en-2-yl]-7a-methyl-2,3,3a,5,6,7-hexahydro-1H-inden-4-ylidene]ethylidene]-4-methylidenecyclohexan-1-ol; Vitamin D2",50-14-6,5280793,,,MECHNRXZTMCUDQ-RKHKHRCZSA-N,C28H44O,396.6,C[C@H](/C=C/[C@H](C)C(C)C)[C@H]1CC[C@@H]\2[C@@]1(CCC/C2=C\C=C/3\C[C@H](CCC3=C)O)C,confirmed_organic,pharmaceutical_or_api,,research,TamadKala,Iranian online research/chemical shop | Iranian online wholesale/lab shop,product_page_listed_not_current_stock_verified,https://tamadkala.com/product/34731/%D9%88%DB%8C%D8%AA%D8%A7%D9%85%DB%8C%D9%86-d2-%D8%B3%DB%8C%DA%AF%D9%85%D8%A7,ویتامین D2 سیگما | ویتامین d2 سیگما,explicit_category_supplement | router_title_normalization,seed_2026-08-24 + seed_2026-08-25,2026-08-23,195ba10456e903743d0ae01bf6d5f2802db8752199b8ce0e602e14e5b4d93181
"(1S,3Z)-3-[(2E)-2-[(1R,3aS,7aR)-7a-methyl-1-[(2R)-6-methylheptan-2-yl]-2,3,3a,5,6,7-hexahydro-1H-inden-4-ylidene]ethylidene]-4-methylidenecyclohexan-1-ol",cholecalciferol,"(1S,3Z)-3-[(2E)-2-[(1R,3aS,7aR)-7a-methyl-1-[(2R)-6-methylheptan-2-yl]-2,3,3a,5,6,7-hexahydro-1H-inden-4-ylidene]ethylidene]-4-methylidenecyclohexan-1-ol; cholecalciferol",67-97-0,5280795,,,QYSXJUFSXHHAJI-YRZJJWOYSA-N,C27H44O,384.6,C[C@H](CCCC(C)C)[C@H]1CC[C@@H]\2[C@@]1(CCC/C2=C\C=C/3\C[C@H](CCC3=C)O)C,confirmed_organic,vitamin,,,Rooz Darou,Iranian pharmaceutical product catalogue,product_page_listed_not_current_stock_verified,http://rouzdarou.com/products/%DA%A9%D9%BE%D8%B3%D9%88%D9%84-%D9%88%DB%8C%D8%AA%D8%A7%D9%85%DB%8C%D9%86-%D8%AF-3,کپسول ویتامین د 3,PubChem name validation from supplier product title,seed_2026-08-24 + seed_2026-08-25,2026-08-23,f111030b8ae64367bee3f50a0198378cc742cb7be2543fe77a1deffe01d8d4a0
"(1S,4S)-4-(3,4-dichlorophenyl)-N-methyl-1,2,3,4-tetrahydronaphthalen-1-amine",sertraline,"(1S,4S)-4-(3,4-dichlorophenyl)-N-methyl-1,2,3,4-tetrahydronaphthalen-1-amine; sertraline",,68617,,,VGKDLMBJGBXTGI-SJCJKPOMSA-N,C17H17Cl2N,306.2,CN[C@H]1CC[C@H](C2=CC=CC=C12)C3=CC(=C(C=C3)Cl)Cl,confirmed_organic,pharmaceutical_or_api,,,Rooz Darou,Iranian pharmaceutical product catalogue,product_page_listed_not_current_stock_verified,http://rouzdarou.com/products/%D9%82%D8%B1%D8%B5-%D8%B3%D8%B1%D8%AA%D8%B1%D8%A7%D9%84%D9%8A%D9%86-50,قرص سرترالين 50,PubChem name validation from supplier product title,seed_2026-08-24 + seed_2026-08-25,2026-08-23,92c0409c751174d1c0dfd7d081a1d3760534bae41895756f5fd2cbd568f82f78
"(2,2-dimethyl-1,3-dihydroperimidin-6-yl)-(4-phenyldiazenylnaphthalen-1-yl)diazene",Sudan Black B,"(2,2-dimethyl-1,3-dihydroperimidin-6-yl)-(4-phenyldiazenylnaphthalen-1-yl)diazene; Sudan Black B",4197-25-5,61336,,,YCUVUDODLRLVIC-UHFFFAOYSA-N,C29H24N6,456.5,CC1(NC2=C3C(=C(C=C2)N=NC4=CC=C(C5=CC=CC=C54)N=NC6=CC=CC=C6)C=CC=C3N1)C,confirmed_organic,organic_reagent,,,TamadKala; Mojallali Group,Iranian online wholesale/lab shop,product_page_listed_not_current_stock_verified,https://tamadkala.com/product/173734/%D9%85%D8%B9%D8%B1%D9%81-%D8%B3%D9%88%D8%AF%D8%A7%D9%86-%D8%A8%D9%84%DA%A9-b-%D8%AF%DA%A9%D8%AA%D8%B1-%D9%85%D8%AC%D9%84%D9%84%DB%8C,معرف سودان بلک b دکتر مجللی,router_title_normalization,seed_2026-08-24 + seed_2026-08-25,2026-08-23,b502391c7e53b568e0135da12d7c0cd5a5bb912504bd9f542443dace9039efe0
"(2,2-dimethyl-3H-1-benzofuran-7-yl) N-methylcarbamate",,,,2566,,,DUEPRVBVGDRKAG-UHFFFAOYSA-N,C12H15NO3,221.25,,confirmed_organic,organic_reagent,derived:supplier_platform,,t.me/IranChemicals,ai_normalized,,https://t.me/IranChemicals/30661,"🔴 #تاریخ_ایران ۹۲۴ #کارآفرین 

 
 🟩 محمدتقی برخوردار 


 🔴 پدر صنایع خانگی ؛ کارآفرینان خودساخته 

 ✅ متولد یزد ۱۳۰۳ 
 ✅ سفر به تهران و استقلال تجاری ۱۳۲۳ 
 ✅ یادگیری زبان انگلیسی و فرانسه بی معلم 
 ✅ اخذ نمایندگی های خا",model_fleet+pubchem,ai_model_fleet,2026-08-27,00b2c2c5b2541c7f2e176ef108cd52b2c328a021cc1650a3524f5ebb78e92a65
"(2,4-dinitrophenyl)hydrazine","(2,4-Dinitrophenyl)hydrazine",,,3772977,,,HORQAOAYAYGIBM-UHFFFAOYSA-N,C6H6N4O4,198.14,C1=CC(=C(C=C1[N+](=O)[O-])[N+](=O)[O-])NN,confirmed_organic,organic_reagent,,,telegram:minatajhiz,Iranian supplier Telegram catalogue,listing_evidence_crawled_2026-08-24,https://t.me/minatajhiz/428,,ai_normalised_listing+pubchem_confirmed,seed_2026-08-24 + seed_2026-08-25,2018-07-30,ff73c95a9b7f637827d3303cfb7a4bc191b55d43f50ef13e6ef46a24060d3ea8
"(2,5-dioxoimidazolidin-4-yl)urea",Allantoin,"(2,5-dioxoimidazolidin-4-yl)urea; Allantoin",97-59-6,204,,,POJWUDADGALRAB-UHFFFAOYSA-N,C4H6N4O3,158.12,C1(C(=O)NC(=O)N1)NC(=O)N,confirmed_organic,cosmetic_raw_material,,,BehChin Chemi Pharmed; Mojallali Group; IR Chem / Pishgaman,Iranian supplier API/intermediate catalogue,supplier_catalogue_listed_not_current_stock_verified,https://www.behchinchemi.ir/en/our-products/cosmetic-materials,Allantoin,supplier_table,seed_2026-08-24 + seed_2026-08-25,2026-08-23,cb6f3cc531c236cef08ddc6745036dd02401e8b0bc2c5c7ad22de1085245efb1
(2-acetyloxy-3-carboxypropyl)-trimethylazanium chloride,,,,197763,,,JATPLOXBFFRHDN-UHFFFAOYSA-N,C9H18ClNO4,239.69,,confirmed_organic,organic_reagent,derived:supplier_platform,,Shimi Merck,ai_normalized,,https://shimimerck.ir/buy-acetyl-dl-carnitine-hydrochloride.html,buy acetyl dl carnitine hydrochloride,model_fleet+pubchem,ai_model_fleet,2026-08-27,b31aab085810f4a7e756fa363cb55a741e6904e6819b1976f018a58e52a2a6b0
(2-hydroxy-4-methoxyphenyl)-phenylmethanone,Benzophenone-3,(2-hydroxy-4-methoxyphenyl)-phenylmethanone; Benzophenone-3,,4632,,,DXGLGDHPHMLXJC-UHFFFAOYSA-N,C14H12O3,228.24,COC1=CC(=C(C=C1)C(=O)C2=CC=CC=C2)O,confirmed_organic,cosmetic_raw_material,,,BehChin Chemi Pharmed,Iranian supplier API/intermediate catalogue,supplier_catalogue_listed_not_current_stock_verified,https://www.behchinchemi.ir/en/our-products/cosmetic-materials,Benzophenone-3,supplier_table,seed_2026-08-24 + seed_2026-08-25,2026-08-23,44a78a925ca338224099793c870c11e02f9e2049c69805c6a6f5ca056eeebafc
"(2E,4E)-5-(1,3-benzodioxol-5-yl)-1-piperidin-1-ylpenta-2,4-dien-1-one",Piperine,,94-62-2,638024,,,MXXWOMGUGJBKIW-YPCIICBESA-N,C17H19NO3,285.34,C1CCN(CC1)C(=O)/C=C/C=C/C2=CC3=C(C=C2)OCO3,confirmed_organic,secondary_metabolite_or_natural_product,,,telegram:ChemIranSanat,Iranian supplier Telegram catalogue,listing_evidence_crawled_2026-08-24,https://t.me/ChemIranSanat/1349,,ai_normalised_listing+pubchem_confirmed,seed_2026-08-24 + seed_2026-08-25,2018-04-03,8d80aca8f859b273e4fd7f84ad0ae31f97fa4acf3c978df347b1c7247722b2c0
"(2E,4E)-hexa-2,4-dienoic acid",Sorbic acid,"(2E,4E)-hexa-2,4-dienoic acid; Sorbic acid",110-44-1,643460,,,WSWCOQWTEOXDQX-MQQKCMAXSA-N,C6H8O2,112.13,C/C=C/C=C/C(=O)O,confirmed_organic,organic_reagent,,,Fardad Shimi,Iranian online lab-chemical shop,product_page_listed_not_current_stock_verified,https://fardadshimi.com/product/6195767/,اسید سوربیک MERCK,router_title_normalization,seed_2026-08-24 + seed_2026-08-25,2026-08-23,312a5e1a174e1a8bcc54c99a576234885c8c192e3ea2990770fe4c1411396935
"(2E,4E,6R)-7-[4-(dimethylamino)phenyl]-N-hydroxy-4,6-dimethyl-7-oxohepta-2,4-dienamide",tsa,"(2E,4E,6R)-7-[4-(dimethylamino)phenyl]-N-hydroxy-4,6-dimethyl-7-oxohepta-2,4-dienamide; tsa",,444732,,,RTKIYFITIVXBLE-QEQCGCAPSA-N,C17H22N2O3,302.37,CC(C=C(C)C=CC(=O)NO)C(=O)C1=CC=C(C=C1)N(C)C,confirmed_organic,organic_reagent,derived:supplier_platform,,TamadKala,Iranian online wholesale/lab shop,product_page_listed_not_current_stock_verified,https://tamadkala.com/product/16092/محیط-کشت-تریپتیک-سوی-آگار-tsa-کیولب,محیط کشت تریپتیک سوی آگار tsa کیولب,structured_pubchem,seed_2026-08-25,2026-08-25,3207bfd5e83289e7cd91f5f59c6ca8a2eebd9fe06eb7fd87b76854f2cfc96878
"(2R)-2,4-dihydroxy-N-(3-hydroxypropyl)-3,3-dimethylbutanamide","(2R)-2,4-dihydroxy-N-(3-hydroxypropyl)-3,3-dimethylbutanamide","(2R)-2,4-dihydroxy-N-(3-hydroxypropyl)-3,3-dimethylbutanamide",81-13-0,131204,,,SNPLKNRPJHDVJA-ZETCQYMHSA-N,C9H19NO4,205.25,CC(C)(CO)C(C(=O)NCCCO)O,confirmed_organic,organic_reagent,derived:supplier_platform,,IR Chem / Pishgaman,Iranian WooCommerce catalogue,product_page_listed_not_current_stock_verified,https://irchem.ir/dexpanthenol/,پودر دکسپانتنول | دی پانتنول | پانتنول,cas_pubchem,seed_2026-08-25,2026-08-25,9dff206a8d5a37a15b5c4db3b80393103d06ae9e230f44cf4421ae43d149c26a
"(2R)-2,5,7,8-tetramethyl-2-[(4R,8R)-4,8,12-trimethyltridecyl]-3,4-dihydrochromen-6-ol",,,,14985,,,GVJHHUAWPYXKBD-IEOSBIPESA-N,C29H50O2,430.7,,confirmed_organic,organic_reagent,derived:supplier_platform,,Shimi Merck,ai_normalized,,https://shimimerck.ir/buy-a-tocopherol-96-vitamin-e.html,buy a tocopherol 96 vitamin e,model_fleet+pubchem,ai_model_fleet,2026-08-27,f72d3afc812f414ca3006973e911dcbc7164493510c172a06f9fc7a8c8f4535a
"(2R)-2-[(1S)-1,2-dihydroxyethyl]-3,4-dihydroxy-2H-furan-5-one",Ascorbic acid,"(2R)-2-[(1S)-1,2-dihydroxyethyl]-3,4-dihydroxy-2H-furan-5-one; Ascorbic acid; L-Ascorbic Acid",50-81-7,54670067,,,CIWBSHSKHKDKBQ-JLAZNSOCSA-N,C6H8O6,176.12,C([C@@H]([C@@H]1C(=C(C(=O)O1)O)O)O)O,confirmed_organic,secondary_metabolite_or_natural_product,,research,DigiShimi; Fardad Shimi; Isatis Shimi; TamadKala; Telegram: ChemIranSanat; Mojallali Group; telegram:ATRmedShop; telegram:jahaneshimicom + t.me/ATRmedShop + t.me/IranChemicals,Iranian online chemical shops | Iranian online lab-chemical shop | Iranian online wholesale/lab shop | Iranian supplier ,listed_not_current_stock_verified | product_page_listed_not_current_stock_verified,https://t.me/IranChemicals/27086,"(2R)-2-[(1S)-1,2-dihydroxyethyl]-3,4-dihydroxy-2H-furan-5-one | Ascorbic Acid (Vitamin C) | آسکوربیک اسید ۹۹ گرید صنعتی | ... | اسید آسکوربیک | اسید آسکوربیک extra pure دکتر مجللی | ... | اسید آسکوربیک ۱ کیلویی دکتر مجللی | ... | اسید اسکوربیک | اسید اسکوربیک خوراکی | فروش اسید ا || اسید ال-آسکوربیک",existing skill export | router_title_normalization,ai_model_fleet + live_telegram_listing + seed_2026-08-24 + seed_2026-08-25,2026-08-23,c15b0b13a83a6da94c216a3f6baf4f3a8e74e4b6e63575e39322a66188aeabaa
(2R)-2-acetamido-3-sulfanylpropanoic acid,,,,12035,,,PWKSKIMOESPYIA-BYPYZUCNSA-N,C5H9NO3S,163.20,,confirmed_organic,pharmaceutical_or_api,derived:supplier_platform,research,t.me/ATRmedShop,ai_normalized|telegram,,https://t.me/ATRmedShop/289,"ان استیل-ال-سیستئین 
ان استیل-ال-سیستئین آنتی‌اکسیدان و عامل موکولیتیک است و همچنین اسکاونجر رادیکال‌های آزاد را ....
برای ادامه مطالب، مشاهده و خرید آنلاین این محصول به لینک زیر مراجعه فرمایید:
 https://atrmedshop.com/p",model_fleet+pubchem,ai_model_fleet + live_telegram_listing,2026-08-27,6a9ae19b5c0f9d719461d97c5c4eb6e01baa002336daa5cbfa2cb6d5ce410bac
(2R)-2-amino-3-(carboxymethylsulfanyl)propanoic acid,,,,193653,,,GBFLZEXEOZUWRN-VKHMYHEASA-N,C5H9NO4S,179.2,,confirmed_organic,organic_reagent,derived:supplier_platform,,Shimi Merck,ai_normalized,,https://shimimerck.ir/s-carboxymethyl-l-cysteine.html,s carboxymethyl l cysteine,model_fleet+pubchem,ai_model_fleet,2026-08-27,d819accde053aabd86e84efc3eaabeb3db5bda07cf253ac9a5ff98044e4bc6f4
(2R)-2-amino-3-sulfanylpropanoic acid,L-Cysteine,(2R)-2-amino-3-sulfanylpropanoic acid; L-Cysteine; L-(+)-Cysteine,52-90-4,5862,,,XUJNEKJLAYXESH-REOHCLBHSA-N,C3H7NO2S,121.16,C([C@@H](C(=O)O)N)S,confirmed_organic,organic_reagent,,research,TamadKala; telegram:labshop,Iranian online wholesale/lab shop,product_page_listed_not_current_stock_verified,https://tamadkala.com/product/149104/%D8%A7%D9%84-%D8%B3%DB%8C%D8%B3%D8%AA%D8%A6%DB%8C%D9%86,ال سیستئین,router_title_normalization,seed_2026-08-24 + seed_2026-08-25,2026-08-23,e36a5e2b98f11c9f080f9585cbdb6330bde2857d6b01a2cd074e5ec88370d9f0
(2R)-2-amino-3-sulfanylpropanoic acid;hydrate;hydrochloride,L-Cysteine hydrochloride monohydrate,(2R)-2-amino-3-sulfanylpropanoic acid;hydrate;hydrochloride; L-Cysteine hydrochloride monohydrate,16873-86-2,23462,,,QIJRTFXNRTXDIP-JIZZDEOASA-N,C3H10ClNO3S,175.64,C([C@@H](C(=O)O)N)S.O.Cl,confirmed_organic,organic_reagent,,research,t.me/ATRmedShop + telegram:ChemIranSanat; telegram:ATRmedShop,Iranian supplier Telegram catalogue|ai_normalized|telegram,listing_evidence_crawled_2026-08-24,https://t.me/ATRmedShop/639,L-cysteine hydrochloride monohydrate | ال-سیستئین هیدروکلراید منوهیدرات گرید کشت سلول ‌‏⁧ ‌‌‏‌محصولات سیگما اصل را از ما بخواهید. 👇 واردات و فروش مواد شیمیایی سیگما 👇 ‌ ‌ ‌ ☎️ تلفن: ۰۲۱۶۶۳۶۱۵۴۳-۶۶۳۷۹۰۲۶-۰۲۱ ‌ 📱 موبایل: 09120549893 🌐 لینک محصول : https://atrmed.com/product/l-cysteine-hydrochloride-mo,ai_normalised_listing+pubchem_confirmed,ai_model_fleet + live_telegram_listing + seed_2026-08-24 + seed_2026-08-25,2017-07-01,1f41861bbf02677a87892783e7e98964b3edd673383edda9fb4c870bf1955837
(2R)-2-amino-3-sulfanylpropanoic acid;hydrochloride,,,,60960,,,IFQSXNOEEPCSLW-DKWTVANSSA-N,C3H8ClNO2S,157.62,,confirmed_organic,organic_reagent,derived:supplier_platform,,Shimi Merck,ai_normalized,,https://shimimerck.ir/l-cysteine-hydrochloride.html,l cysteine hydrochloride,model_fleet+pubchem,ai_model_fleet,2026-08-27,52b63eb24dfdc113200e2df7d056a979dea56a0fd319979afaf9740761bb8831
"(2R)-2-phenyl-2-[(2R,3R,4S,5S,6R)-3,4,5-trihydroxy-6-[[(2R,3R,4S,5S,6R)-3,4,5-trihydroxy-6-(hydroxymethyl)oxan-2-yl]oxymethyl]oxan-2-yl]oxyacetonitrile","(2R)-2-phenyl-2-[(2R,3R,4S,5S,6R)-3,4,5-trihydroxy-6-[[(2R,3R,4S,5S,6R)-3,4,5-trihydroxy-6-(hydroxymethyl)oxan-2-yl]oxymethyl]oxan-2-yl]oxyacetonitrile",,29883-15-6,656516,,,XUCIJNAGGSZNQT-JHSLDZJXSA-N,C20H27NO11,457.4,C1=CC=C(C=C1)C(C#N)OC2C(C(C(C(O2)COC3C(C(C(C(O3)CO)O)O)O)O)O)O,confirmed_organic,organic_reagent,derived:supplier_platform,,telegram:ChemIranSanat,public Telegram (seller_research),product_page_listed_not_current_stock_verified,https://t.me/ChemIranSanat/1755,Amygdalin | برخی مواد طبیعی در (هسته) سیب (Amygdalin) و (جوانه های سبز) سیب زمینی (Solanine) یا مواد ساخته دست بشر مانند آسپرین در مقادیر بیش از 1000 میلی گرم به ازای 1 کیلوگرم وزن بدن انسان سمی هستند (دوز سمی برای یک انسان 70 کیلویی، بیش از 7 گرم است). مواد دیگری چون قند طبیعی و تفلون مصنوعی در این,router_batch+pubchem,seed_2026-08-25,2026-08-25,a1d12b0168b92d238b7baa4088b6c4fc6d3a2b06791fb657e1014d2fb54a28ed
"(2R)-6-amino-3-methyl-2H-1,3-benzoxazol-2-ol",usp,"(2R)-6-amino-3-methyl-2H-1,3-benzoxazol-2-ol; usp",,146160376,,,SFDSWFBFHNEOAA-MRVPVSSYSA-N,C8H10N2O2,166.18,CN1C(OC2=C1C=CC(=C2)N)O,confirmed_organic,organic_reagent,derived:supplier_platform,,TamadKala,Iranian online wholesale/lab shop,product_page_listed_not_current_stock_verified,https://tamadkala.com/product/19254/اسید-کلریدیک-37-usp-دکتر-مجللی,اسید کلریدیک 37 usp دکتر مجللی,structured_pubchem,seed_2026-08-25,2026-08-25,583e60a96ad2bcbf231fceccafc1c412810a2eb312bd41cd09c68661cce9f602
"(2R)-N-[(2R,3S)-1-[[(2S,3S)-1-[[(2S)-1-[[(3S,6S,9S,12R,13S)-6-[[(5S)-2-amino-4,5-dihydro-1H-imidazol-5-yl]methyl]-3-[(2S)-butan-2-yl]-9,13-dimethyl-2,5,8,11-tetraoxo-1-oxa-4,7,10-triazacyclotridec-12-yl]amino]-3-hydroxy-1-oxopropan-2-yl]amino]-3-methyl-1-oxopentan-2-yl]amino]-3-methyl-1-oxopentan-2-yl]-2-[[(2S)-3-hydroxy-2-[[(2S,3S)-3-methyl-2-[[(2R)-2-(methylamino)-3-phenylpropanoyl]amino]pentanoyl]amino]propanoyl]amino]pentanediamide",Teixobactin,,,86341926,,,LMBFAGIMSUYTBN-MPZNNTNKSA-N,C58H95N15O15,1242.5,CC[C@H](C)[C@H]1C(=O)O[C@H]([C@H](C(=O)N[C@H](C(=O)N[C@H](C(=O)N1)C[C@H]2CN=C(N2)N)C)NC(=O)[C@H](CO)NC(=O)[C@H]([C@@H](C)CC)NC(=O)[C@@H]([C@@H](C)CC)NC(=O)[C@@H](CCC(=O)N)NC(=O)[C@H](CO)NC(=O)[C@H]([C@@H](C)CC)NC(=O)[C@@H](CC3=CC=CC=C3)NC)C,confirmed_organic,secondary_metabolite_or_natural_product,,,telegram:ChemIranSanat,Iranian supplier Telegram catalogue,listing_evidence_crawled_2026-08-24,https://t.me/ChemIranSanat/1142,,ai_normalised_listing+pubchem_confirmed,seed_2026-08-24 + seed_2026-08-25,2018-01-01,83f07356eb9319ef67ca5378e5a1e455f92bd1b4cbbdde5049f1a314e0f2f63f
"(2R,3R)-1,4-bis(sulfanyl)butane-2,3-diol","(2R,3R)-1,4-bis(sulfanyl)butane-2,3-diol",,3483-12-3,439196,,,VHJLVAABSRFDPM-IMJSIDKUSA-N,C4H10O2S2,154.3,C(C(C(CS)O)O)S,confirmed_organic,pharmaceutical_or_api,derived:supplier_platform,,t.me/ATRmedShop + telegram:ATRmedShop,ai_normalized|public Telegram (seller_research),product_page_listed_not_current_stock_verified,https://t.me/ATRmedShop/276,DL-تیوتریتول | DL-دی تیو تریتول گرید بیولوژی مولکولی ‌‏⁧ ‌‌‏‌محصولات سیگما اصل را از ما بخواهید. 👇 واردات و فروش مواد شیمیایی سیگما و مرک 👇 ‌ ‌ ‌ ☎️ تلفن: ۰۲۱۶۶۳۶۱۵۴۳-۶۶۳۷۹۰۲۶-۰۲۱ ‌ 📱 موبایل: 09120549893 🌐 لینک محصول : https://atrmed.com/product/dl-dt-erythritol-2/ #اثل_طب #مواد_ازمایشگاهی #مواد_شیم,router_batch+pubchem,ai_model_fleet + seed_2026-08-25,2026-08-25,6cc8d53684a460cee0495b3991a5715d066710e78e987f693ef0739e9945f88c
"(2R,3R)-2,3-bis[[(E)-3-(3,4-dihydroxyphenyl)prop-2-enoyl]oxy]butanedioic acid",,,,5281764,,,YDDGKXBLOXEEMN-IABMMNSOSA-N,C22H18O12,474.4,,confirmed_organic,organic_reagent,derived:supplier_platform,,Shimi Merck,ai_normalized,,https://shimimerck.ir/merck-chicory-acid.html,merck chicory acid,model_fleet+pubchem,ai_model_fleet,2026-08-27,226e51c9b1061a574a473e4fd0c80168061c05d92da4dc3441830d23b3be954a
"(2R,3R,4R,5R)-2-[(1S,2S,3R,4R,6R)-4,6-diamino-3-[(2S,3R,4S,5S,6R)-3-amino-4,5-dihydroxy-6-[(1R)-1-hydroxyethyl]oxan-2-yl]oxy-2-hydroxycyclohexyl]oxy-5-methyl-4-(methylamino)oxane-3,5-diol;sulfuric acid",,,,131632478,,,UHEPSJJJMTWUCP-GRUJMDMASA-N,C20H44N4O18S2,692.7,,confirmed_organic,pharmaceutical_or_api,derived:supplier_platform,research,t.me/ATRmedShop,telegram,,https://t.me/s/ATRmedShop,,seed,live_telegram_listing,2026-08-27,6f5648c86ea55ce8bca4e7506eac9374ab2fc2d9ce24f7cc40f77885550debba
"(2R,3R,4R,5R)-2-[(1S,2S,3R,4S,6R)-4,6-diamino-3-[(2S,3R,4R,5S,6R)-3-amino-4,5-dihydroxy-6-[(1R)-1-hydroxyethyl]oxan-2-yl]oxy-2-hydroxycyclohexyl]oxy-5-methyl-4-(methylamino)oxane-3,5-diol",,,,123865,,,BRZYSWJRSDMWLG-DJWUNRQOSA-N,C20H40N4O10,496.6,,confirmed_organic,pharmaceutical_or_api,derived:supplier_platform,,t.me/ATRmedShop,ai_normalized,,https://t.me/ATRmedShop/654,"آنتی بیوتیک G418 گرید کشت سلول

‌‏⁧ ‌‌‏‌محصولات سیگما اصل را از ما بخواهید.

 👇 واردات و فروش مواد شیمیایی سیگما 👇 ‌
‌ 
‌
 ☎️ تلفن: ۰۲۱۶۶۳۶۱۵۴۳-۶۶۳۷۹۰۲۶-۰۲۱
‌
 📱 موبایل: 09120549893

 🌐 لینک محصول :

 https://atrmed.com/",model_fleet+pubchem,ai_model_fleet,2026-08-27,e2b1784511226da03fb20d48399dc74f4c4111fc3c40cdc1af6495bef4462d75
"(2R,3R,4R,5R)-4-[(2R,3R,4R,5S,6R)-3,4-dihydroxy-6-(hydroxymethyl)-5-[(2R,3R,4S,5S,6R)-3,4,5-trihydroxy-6-(hydroxymethyl)oxan-2-yl]oxyoxan-2-yl]oxy-2,3,5,6-tetrahydroxyhexanal",,,,92146,,,RXVWSYJTUUKTEA-CGQAXDJHSA-N,C18H32O16,504.4,,confirmed_organic,organic_reagent,derived:supplier_platform,,Shimi Merck,ai_normalized,,https://shimimerck.ir/buy-maltotriose.html,buy maltotriose,model_fleet+pubchem,ai_model_fleet,2026-08-27,d31f42dc22336ec1db0c822b5797b4af6bbb149ca63bfe5cf2d76be9fa81c384
"(2R,3R,4R,5R)-hexane-1,2,3,4,5,6-hexol","(2R,3R,4R,5R)-hexane-1,2,3,4,5,6-hexol",,69-65-8,6251,,,FBPFZTCFMRRESA-KVTDHHQDSA-N,C6H14O6,182.17,C(C(C(C(C(CO)O)O)O)O)O,confirmed_organic,pharmaceutical_or_api,derived:supplier_platform,research,t.me/ATRmedShop + telegram:ATRmedShop,ai_normalized|public Telegram (seller_research)|telegram,product_page_listed_not_current_stock_verified,https://t.me/ATRmedShop/678,D-mannitol | D-مانیتول گرید میکروبیولوژی ‌‏⁧ ‌‌‏‌محصولات سیگما اصل را از ما بخواهید. 👇 واردات و فروش مواد شیمیایی سیگما 👇 ‌ ‌ ‌ ☎️ تلفن: ۰۲۱۶۶۳۶۱۵۴۳-۶۶۳۷۹۰۲۶-۰۲۱ ‌ 📱 موبایل: 09120549893 🌐 لینک محصول : https://atrmed.com/product/d-mannitol/?v=e067b3c6b979 #آثل_طب #مواد_ازمایشگاهی #مواد_شیمیایی #بیولو,router_batch+pubchem,ai_model_fleet + live_telegram_listing + seed_2026-08-25,2026-08-25,bc74a6d0bce1f02b00c4c7c34adc7a3474f6784073b674a10e108ba66c35a229
"(2R,3R,4R,5R,6S)-2-[(2R,3R,4S,5S,6R)-5-hydroxy-6-(hydroxymethyl)-2-[[(1S,2S,7S,10R,11S,14S,15R,16S,17R,20S,23S)-10,14,16,20-tetramethyl-22-azahexacyclo[12.10.0.02,11.05,10.015,23.017,22]tetracos-4-en-7-yl]oxy]-4-[(2S,3R,4S,5S,6R)-3,4,5-trihydroxy-6-(hydroxymethyl)oxan-2-yl]oxyoxan-3-yl]oxy-6-methyloxane-3,4,5-triol",Solanine,,20562-02-1,30185,,yes,ZGVSETXHNHBTRK-OTYSSXIJSA-N,C45H73NO15,868.1,C[C@H]1CC[C@@H]2[C@H]([C@H]3[C@@H](N2C1)C[C@@H]4[C@@]3(CC[C@H]5[C@H]4CC=C6[C@@]5(CC[C@@H](C6)O[C@H]7[C@@H]([C@H]([C@H]([C@H](O7)CO)O)O[C@H]8[C@@H]([C@H]([C@@H]([C@H](O8)CO)O)O)O)O[C@@H]9[C@@H]([C@@H]([C@H]([C@@H](O9)C)O)O)O)C)C)C,confirmed_organic,secondary_metabolite_or_natural_product,,,telegram:ChemIranSanat,Iranian supplier Telegram catalogue,listing_evidence_crawled_2026-08-24,https://t.me/ChemIranSanat/602,,ai_normalised_listing+pubchem_confirmed,seed_2026-08-24 + seed_2026-08-25,2017-08-22,a4893eea5fc29487f598edb2ff97c7d8c59018ac00bc80db36975232392eff49
"(2R,3R,4R,5S)-hexane-1,2,3,4,5,6-hexol",Sorbitol,"(2R,3R,4R,5S)-hexane-1,2,3,4,5,6-hexol; Sorbitol",50-70-4,5780,,,FBPFZTCFMRRESA-JGWLITMVSA-N,C6H14O6,182.17,C([C@H]([C@H]([C@@H]([C@H](CO)O)O)O)O)O,confirmed_organic,organic_reagent,,industrial,DigiShimi; Fardad Shimi; TamadKala; Telegram: IranChemicals; IR Chem / Pishgaman; telegram:ATRmedShop + Shimi Merck + t.me/ATRmedShop,Iranian online chemical shops | Iranian online lab-chemical shop | Iranian online wholesale/lab shop | Iranian supplier ,listed_not_current_stock_verified | product_page_listed_not_current_stock_verified,https://shimimerck.ir/di-sorbitol-99-code-240850-sigma-aldrich.html,"(2R,3R,4R,5S)-hexane-1,2,3,4,5,6-hexol | سوربیتول | سوربیتول MERCK || di sorbitol 99 code sigma aldrich",existing skill export | router_title_normalization,ai_model_fleet + live_telegram_listing + seed_2026-08-24 + seed_2026-08-25,2026-08-23,130000b580e6f52880d46ee13faf0fb896e6252908417f5208343a69eeb75e25
"(2R,3R,4S,5R)-2-amino-3,4,5,6-tetrahydroxyhexanal;hydrochloride",,,,91431,,,CBOJBBMQJBVCMW-BTVCFUMJSA-N,C6H14ClNO5,215.63,,confirmed_organic,pharmaceutical_or_api,derived:supplier_platform,,t.me/ATRmedShop,ai_normalized,,https://t.me/ATRmedShop/743,"خرید D-(+)- گلوکزآمین هیدروکلراید | قیمت D-(+)- گلوکزآمین هیدروکلراید

‌‏⁧ ‌‌‏‌محصولات سیگما اصل را از ما بخواهید.

 👇 واردات و فروش مواد شیمیایی سیگما 👇 ‌‌ 
‌
 ☎️ تلفن: ۰۲۱۶۶۳۶۱۵۴۳-۶۶۳۷۹۰۲۶-۰۲۱
‌
 📱 موبایل: 09120549893",model_fleet+pubchem,ai_model_fleet,2026-08-27,c25a5dda368ffb7eb7f188b153a9f084a48ec23d05631f5d16dcd8201b3f8a19
"(2R,3R,4S,5R,6S)-2-(hydroxymethyl)-6-[(2R,3S,4R,5R)-4,5,6-trihydroxy-2-(hydroxymethyl)oxan-3-yl]oxyoxane-3,4,5-triol;hydrate","(2R,3R,4S,5R,6S)-2-(hydroxymethyl)-6-[(2R,3S,4R,5R)-4,5,6-trihydroxy-2-(hydroxymethyl)oxan-3-yl]oxyoxane-3,4,5-triol;hydrate","(2R,3R,4S,5R,6S)-2-(hydroxymethyl)-6-[(2R,3S,4R,5R)-4,5,6-trihydroxy-2-(hydroxymethyl)oxan-3-yl]oxyoxane-3,4,5-triol;hydrate",10039-26-6,62223,,,WSVLPVUVIUVCRA-RJMJUYIDSA-N,C12H24O12,360.31,C(C1C(C(C(C(O1)OC2C(OC(C(C2O)O)O)CO)O)O)O)O.O,confirmed_organic,organic_reagent,derived:supplier_platform,,Mojallali Group,Iranian WooCommerce catalogue,product_page_listed_not_current_stock_verified,https://drm-chem.com/en/product/lactose-monohydrate-laboratory-en/,Lactose monohydrate,cas_pubchem,seed_2026-08-25,2026-08-25,7a58846759cea41afaf35bfc105ebb2ccb3e3a22466ac1cd57ea708c683c23c3
"(2R,3R,4S,5R,6S)-2-(hydroxymethyl)-6-[(2R,3S,4R,5R,6R)-4,5,6-trihydroxy-2-(hydroxymethyl)oxan-3-yl]oxyoxane-3,4,5-triol",Lactose,"(2R,3R,4S,5R,6S)-2-(hydroxymethyl)-6-[(2R,3S,4R,5R,6R)-4,5,6-trihydroxy-2-(hydroxymethyl)oxan-3-yl]oxyoxane-3,4,5-triol; Lactose",63-42-3,6134,,yes,GUBGYTABKSRVRQ-DCSYEGIMSA-N,C12H22O11,342.30,C([C@@H]1[C@@H]([C@@H]([C@H]([C@@H](O1)O[C@@H]2[C@H](O[C@H]([C@@H]([C@H]2O)O)O)CO)O)O)O)O,confirmed_organic,organic_reagent,,research,TamadKala,Iranian online wholesale/lab shop,product_page_listed_not_current_stock_verified,https://tamadkala.com/product/99056/%D9%84%D8%A7%DA%A9%D8%AA%D9%88%D8%B2-extra-pure-%D9%86%D9%88%D8%AA%D8%B1%D9%88%D9%86,لاکتوز extra pure نوترون,router_title_normalization,seed_2026-08-24 + seed_2026-08-25,2026-08-23,aae84e2d3434a80df3030b5658d6820b989415c56875d669f03d7bfc8b43d6f0
"(2R,3R,4S,5R,6S)-2-(hydroxymethyl)-6-[(2R,3S,4R,5R,6S)-4,5,6-trihydroxy-2-(hydroxymethyl)oxan-3-yl]oxyoxane-3,4,5-triol;hydrate",Lactose monohydrate,"(2R,3R,4S,5R,6S)-2-(hydroxymethyl)-6-[(2R,3S,4R,5R,6S)-4,5,6-trihydroxy-2-(hydroxymethyl)oxan-3-yl]oxyoxane-3,4,5-triol;hydrate; Lactose monohydrate",64044-51-5,104938,,,WSVLPVUVIUVCRA-KPKNDVKVSA-N,C12H24O12,360.31,C([C@@H]1[C@@H]([C@@H]([C@H]([C@@H](O1)O[C@@H]2[C@H](O[C@@H]([C@@H]([C@H]2O)O)O)CO)O)O)O)O.O,confirmed_organic,organic_reagent,,research,Shimi Merck + TamadKala + https://shimimerck.ir/alpha-lactose-monohydrate.html,Iranian online wholesale/lab shop|ai_normalized|live_supplier_catalogue,product_page_listed_not_current_stock_verified,https://shimimerck.ir/alpha-lactose-monohydrate.html,لاکتوز 1 آبه lab دکتر مجللی || alpha lactose monohydrate,router_title_normalization,ai_model_fleet + live_web_catalogue + seed_2026-08-24 + seed_2026-08-25,2026-08-23,82c1e5ed3b595f60c9cfbd42983c56f906026f43f2d713512b400e63c2590122
"(2R,3R,4S,5R,6S)-2-(hydroxymethyl)-6-propan-2-ylsulfanyloxane-3,4,5-triol","(2R,3R,4S,5R,6S)-2-(hydroxymethyl)-6-propan-2-ylsulfanyloxane-3,4,5-triol","(2R,3R,4S,5R,6S)-2-(hydroxymethyl)-6-propan-2-ylsulfanyloxane-3,4,5-triol",367-93-1,656894,,,BPHPUYQFMNQIOC-NXRLNHOXSA-N,C9H18O5S,238.30,CC(C)SC1C(C(C(C(O1)CO)O)O)O,confirmed_organic,pharmaceutical_or_api,derived:supplier_platform,,t.me/ATRmedShop + telegram:ATRmedShop,ai_normalized|public Telegram (seller_research),product_page_listed_not_current_stock_verified,https://t.me/ATRmedShop/145,Isopropyl β-D-1-thiogalactopyranoside (IPTG) | IPTG(آی پی تی جی) IPTG(آی پی تی جی) یا ایزوپروپیل بتا-دی-تیوگالاکتوپیرانوزید القاکننده بیان بتا گالاکتوزیداز است و به‌عنوان یک مولکول شبیه متابولیت لاکتوز عمل می‌کند. حضور این ماده با اتصال به مهارکننده lac، موجب فعال شدن اپران lac در رونویسی ژن‌های پای,router_batch+pubchem,ai_model_fleet + seed_2026-08-25,2026-08-25,a5c3c20111ba6d7ac6045cea93daa00684f72b14a1d1506290c126cc29922ebb
"(2R,3R,4S,5S)-2,3,4,5-tetrahydroxyhexanal;hydrate",,,,20849066,,,CBDCDOTZPYZPRO-DEZHIRTDSA-N,C6H14O6,182.17,,confirmed_organic,organic_reagent,derived:supplier_platform,,Shimi Merck,ai_normalized,,https://shimimerck.ir/buy-l-rhamnose-monohydrate.html,buy l rhamnose monohydrate,model_fleet+pubchem,ai_model_fleet,2026-08-27,19e80eb6462a87960b9a1c97e3a3ae3ecb96f454d2bbf4ce7feffea26431797b
"(2R,3R,4S,5S,6R)-2-[(2S,3S,4S,5R)-3,4-dihydroxy-2,5-bis(hydroxymethyl)oxolan-2-yl]oxy-6-(hydroxymethyl)oxane-3,4,5-triol",Sucrose,"(2R,3R,4S,5S,6R)-2-[(2S,3S,4S,5R)-3,4-dihydroxy-2,5-bis(hydroxymethyl)oxolan-2-yl]oxy-6-(hydroxymethyl)oxane-3,4,5-triol; Sucrose",57-50-1,5988,,,CZMRCDWAGMRECN-UGDNZRGBSA-N,C12H22O11,342.30,C([C@@H]1[C@H]([C@@H]([C@H]([C@H](O1)O[C@]2([C@H]([C@@H]([C@H](O2)CO)O)O)CO)O)O)O)O,confirmed_organic,organic_reagent,,industrial,DigiShimi; Fardad Shimi; TamadKala; Telegram: jahaneshimicom; Mojallali Group,Iranian online chemical shops | Iranian online lab-chemical shop | Iranian online wholesale/lab shop | Iranian supplier ,listed_not_current_stock_verified | product_page_listed_not_current_stock_verified,https://digishimii.ir/Product/%d8%b3%d8%a7%da%a9%d8%a7%d8%b1%d9%88%d8%b2/,"(2R,3R,4S,5S,6R)-2-[(2S,3S,4S,5R)-3,4-dihydroxy-2,5-bis(hydroxymethyl)oxolan-2-yl]oxy-6-(hydroxymethyl)oxane-3,4,5-triol | ساکارز MERCK | ساکارز برند dyc چین | ... | ساکارز نوترون | ساکاروز | ساکاروز قطران شیمی",existing skill export | router_title_normalization,seed_2026-08-24 + seed_2026-08-25,2026-08-23,80152302710694f01d17943835b27048cabcb500b6f943d529fb6bc18259a795
"(2R,3R,4S,5S,6R)-6-(hydroxymethyl)oxane-2,3,4,5-tetrol","(2R,3R,4S,5S,6R)-6-(hydroxymethyl)oxane-2,3,4,5-tetrol",,492-61-5,64689,,,WQZGKKKJIJFFOK-VFUOTHLCSA-N,C6H12O6,180.16,C(C1C(C(C(C(O1)O)O)O)O)O,confirmed_organic,pharmaceutical_or_api,derived:supplier_platform,,telegram:ATRmedShop,public Telegram (seller_research),product_page_listed_not_current_stock_verified,https://t.me/ATRmedShop/626,D-glucose monohydrate | D (+)-گلوکز مونوهیدرات گرید میکروبیولوژی ‌‏⁧ ‌‌‏‌محصولات مرک اصل را از ما بخواهید. 👇 واردات و فروش مواد شیمیایی مرک 👇 ‌ ‌ ‌ ☎️ تلفن: ۰۲۱۶۶۳۶۱۵۴۳-۶۶۳۷۹۰۲۶-۰۲۱ ‌ 📱 موبایل: 09120549893 🌐 لینک محصول : https://atrmed.com/product/d-glucose-monohydrate/?v=e067b3c6b979 #آثل_طب #مواد_,router_batch+pubchem,seed_2026-08-25,2026-08-25,ca81958cdc49616da3c48a89cf5cc784044591deb16125a8d759fa1a1844f0e5
"(2R,3S,4R,5R)-2,3,4,5,6-pentahydroxyhexanal",,,,107526,,,GZCGUPFRVQAUEE-SLPGGIOYSA-N,C6H12O6,180.16,,confirmed_organic,pharmaceutical_or_api,derived:supplier_platform,,t.me/ATRmedShop,ai_normalized,,https://t.me/ATRmedShop/179,"گلوکز خشک 
گلوکز خشک یا همان D-(+)-گلوکز مهار رشد ناشی از میكسوتیازول در ساكارومایسسس سرویزیه، Mucor hiemalis و ...
برای ادامه مطلب، قیمت آنلاین و خرید اینترنتی به لینک زیر مراجعه فرمایید:
 https://atrmedshop.com/product",model_fleet+pubchem,ai_model_fleet,2026-08-27,350eb5ea50ec65ce0b2eadd590e57f8d92b8a0aca3dc496237d032d0d310be52
"(2R,3S,4R,5R)-2,3,4,5,6-pentahydroxyhexanal;hydrate",glucose monohydrate,"(2R,3S,4R,5R)-2,3,4,5,6-pentahydroxyhexanal;hydrate; glucose monohydrate",,22814120,,,SPFMQWBKVUQXJV-BTVCFUMJSA-N,C6H14O7,198.17,C([C@H]([C@H]([C@@H]([C@H](C=O)O)O)O)O)O.O,confirmed_organic,organic_reagent,,,TamadKala,Iranian online wholesale/lab shop,product_page_listed_not_current_stock_verified,,گلوکز 1 آبه | ...,router_title_normalization,seed_2026-08-24 + seed_2026-08-25,2026-08-23,7aa725cb5734bc90052896113900c71544e903df6e22c6c3a60f537e4a45fe1c
"(2R,3S,4R,5R)-2,3,4,5-tetrahydroxy-6-[(2S,3R,4S,5S,6R)-3,4,5-trihydroxy-6-[[(2S,3R,4S,5S,6R)-3,4,5-trihydroxy-6-(hydroxymethyl)oxan-2-yl]oxymethyl]oxan-2-yl]oxyhexanal;hydrochloride",,,,129724403,,,JZVCITDCESOELU-DOJSGGEQSA-N,C18H33ClO16,540.9,,confirmed_organic,pharmaceutical_or_api,derived:supplier_platform,research,t.me/ATRmedShop,ai_normalized|telegram,,https://t.me/ATRmedShop/232,"دکستران هیدروکلراید 
دکستران هیدروکلراید یک مولکول تثبیت‌کننده پلی کاتیونیک و معرف ترانسفکشن است که در تحویل پروتئین و سیستم‌های ترانسفکشن اسیدهای نوکلئیک ...
برای ادامه مطالب، مشاهده و خرید آنلاین این محصول به لینک زیر",model_fleet+pubchem,ai_model_fleet + live_telegram_listing,2026-08-27,5b921818a336a74a17ff6c249772d9465b5676e8e26959d73257db709c841081
"(2R,3S,4R,5R,6R)-5-amino-2-(aminomethyl)-6-[(1R,2R,3S,4R,6S)-4,6-diamino-2-[(2S,3R,4S,5R)-4-[(2R,3R,4R,5S,6S)-3-amino-6-(aminomethyl)-4,5-dihydroxyoxan-2-yl]oxy-3-hydroxy-5-(hydroxymethyl)oxolan-2-yl]oxy-3-hydroxycyclohexyl]oxyoxane-3,4-diol;sulfuric acid","(2R,3S,4R,5R,6R)-5-amino-2-(aminomethyl)-6-[(1R,2R,3S,4R,6S)-4,6-diamino-2-[(2S,3R,4S,5R)-4-[(2R,3R,4R,5S,6S)-3-amino-6-(aminomethyl)-4,5-dihydroxyoxan-2-yl]oxy-3-hydroxy-5-(hydroxymethyl)oxolan-2-yl]oxy-3-hydroxycyclohexyl]oxyoxane-3,4-diol;sulfuric acid",,1405-10-3,197162,,,OIXVKQDWLFHVGR-WQDIDPJDSA-N,C23H48N6O17S,712.7,C1C(C(C(C(C1N)OC2C(C(C(C(O2)CN)O)O)N)OC3C(C(C(O3)CO)OC4C(C(C(C(O4)CN)O)O)N)O)O)N.OS(=O)(=O)O,confirmed_organic,pharmaceutical_or_api,derived:supplier_platform,research,t.me/ATRmedShop + telegram:ATRmedShop,ai_normalized|public Telegram (seller_research)|telegram,product_page_listed_not_current_stock_verified,https://t.me/ATRmedShop/836,Neomycin sulfate | آنتی بیوتیک نئومایسین نئومایسین سولفات یک آنتی بیوتیک با طیف وسیع آمینوگلیکوزید است که از تخمیر استرپتومایسس فرادیه یا استرپتومایسس دکاریس تولید می شود. نئومایسین تری سولفات توسط استرپتومایسس که حاوی حداقل 85% نئومایسین B است، تولید می شود. نئومایسین به‌عنوان یک عامل ... برای مشاه,router_batch+pubchem,ai_model_fleet + live_telegram_listing + seed_2026-08-25,2026-08-25,d3ce76aa2952e4e756c51ca20189f05122e21620abca770135b39d26f870420d
"(2R,3S,4R,5R,8R,10R,11R,12S,13S,14R)-11-[(2S,3R,4S,6R)-4-(dimethylamino)-3-hydroxy-6-methyloxan-2-yl]oxy-2-ethyl-3,4,10-trihydroxy-13-[(2R,4R,5S,6S)-5-hydroxy-4-methoxy-4,6-dimethyloxan-2-yl]oxy-3,5,6,8,10,12,14-heptamethyl-1-oxa-6-azacyclopentadecan-15-one",azithromycin,"(2R,3S,4R,5R,8R,10R,11R,12S,13S,14R)-11-[(2S,3R,4S,6R)-4-(dimethylamino)-3-hydroxy-6-methyloxan-2-yl]oxy-2-ethyl-3,4,10-trihydroxy-13-[(2R,4R,5S,6S)-5-hydroxy-4-methoxy-4,6-dimethyloxan-2-yl]oxy-3,5,6,8,10,12,14-heptamethyl-1-oxa-6-azacyclopentadecan-15-one; azithromycin",,447043,,,MQTOSJVFKKJCRP-BICOPXKESA-N,C38H72N2O12,749.0,CC[C@@H]1[C@@]([C@@H]([C@H](N(C[C@@H](C[C@@]([C@@H]([C@H]([C@@H]([C@H](C(=O)O1)C)O[C@H]2C[C@@]([C@H]([C@@H](O2)C)O)(C)OC)C)O[C@H]3[C@@H]([C@H](C[C@H](O3)C)N(C)C)O)(C)O)C)C)C)O)(C)O,confirmed_organic,pharmaceutical_or_api,,,Rooz Darou,Iranian pharmaceutical product catalogue,product_page_listed_not_current_stock_verified,http://rouzdarou.com/products/%D9%82%D8%B1%D8%B5-%D8%A2%D8%B2%DB%8C%D8%AA%D8%B1%D9%88%D9%85%D8%A7%DB%8C%D8%B3%DB%8C%D9%86-250,قرص آزیترومایسین 250,PubChem name validation from supplier product title,seed_2026-08-24 + seed_2026-08-25,2026-08-23,5edcc3788dc9ef207865c1c5be734fda5006d4b1678371f0b4fe80516d4fe332
"(2R,3S,4S,5R)-2-(hydroxymethyl)-6-[[(4R,5S)-4-hydroxy-3-methyl-2,6-dioxabicyclo[3.2.1]octan-8-yl]oxy]-4-methoxyoxane-3,5-diol",agar,"(2R,3S,4S,5R)-2-(hydroxymethyl)-6-[[(4R,5S)-4-hydroxy-3-methyl-2,6-dioxabicyclo[3.2.1]octan-8-yl]oxy]-4-methoxyoxane-3,5-diol; agar; Agar",9002-18-0,71571511,,,GYYDPBCUIJTIBM-DYOGSRDZSA-N,C14H24O9,336.33,CC1C(C2C(C(O1)CO2)OC3C(C(C(C(O3)CO)O)OC)O)O,confirmed_organic,pharmaceutical_or_api,derived:supplier_platform,,TamadKala; ShimiMan; telegram:ATRmedShop + t.me/ATRmedShop,Iranian online wholesale/lab shop|ai_normalized,product_page_listed_not_current_stock_verified,https://t.me/ATRmedShop/187,"محیط کشت سالمونلا شیگلا ss agar || سلکت آگار 
سلکت آگار، به‌عنوان آگار یا آگار-آگار نیز شناخته می‌شود، که از جلبک‌های قرمز دریایی به دست می‌آید. آگار از دو جزء آگارز و آگاروپکتین ...
برای مشاهده ادامه مطلب، قیمت آنلاین و خرید اینترنتی به لینک زیر مراجعه ف",structured_pubchem,ai_model_fleet + seed_2026-08-25,2026-08-25,2fc878fa448eaa87af78cd6692e25a38f5a059d62a3cdd0b329be846f6c1bc7e
"(2R,3S,4S,5R,6R)-2-(aminomethyl)-6-[(1R,2R,3S,4R,6S)-4,6-diamino-3-[(2S,3R,4S,5S,6R)-4-amino-3,5-dihydroxy-6-(hydroxymethyl)oxan-2-yl]oxy-2-hydroxycyclohexyl]oxyoxane-3,4,5-triol;sulfuric acid","(2R,3S,4S,5R,6R)-2-(aminomethyl)-6-[(1R,2R,3S,4R,6S)-4,6-diamino-3-[(2S,3R,4S,5S,6R)-4-amino-3,5-dihydroxy-6-(hydroxymethyl)oxan-2-yl]oxy-2-hydroxycyclohexyl]oxyoxane-3,4,5-triol;sulfuric acid",,25389-94-0,441374,,,OOYGSFOGFJDDHP-KMCOLRRFSA-N,C18H38N4O15S,582.6,C1C(C(C(C(C1N)OC2C(C(C(C(O2)CN)O)O)O)O)OC3C(C(C(C(O3)CO)O)N)O)N.OS(=O)(=O)O,confirmed_organic,pharmaceutical_or_api,derived:supplier_platform,,Shimi Merck + telegram:ATRmedShop,ai_normalized|public Telegram (seller_research),product_page_listed_not_current_stock_verified,https://shimimerck.ir/buy-kanamycin-sulfate.html,Kanamycin sulfate | کانامایسین سولفات ‌‏⁧ ‌‌‏‌محصولات سیگما اصل را از ما بخواهید. 👇 واردات و فروش مواد شیمیایی سیگما 👇 ‌ ‌ ‌ ☎️ تلفن: ۰۲۱۶۶۳۶۱۵۴۳-۶۶۳۷۹۰۲۶-۰۲۱ ‌ 📱 موبایل: 09120549893 🌐 لینک محصول : https://atrmed.com/product/kanamycin-monosulfate/?v=e067b3c6b979 #آثل_طب #مواد_ازمایشگاهی #مواد_شیمیای,router_batch+pubchem,ai_model_fleet + seed_2026-08-25,2026-08-25,c15588d0b55f7907537c32958dc758ccf3f3a6b53845f706a3fa1da1771d68db
"(2R,3S,4S,5R,6R)-2-(hydroxymethyl)-6-[(2R,3R,4S,5S,6R)-3,4,5-trihydroxy-6-(hydroxymethyl)oxan-2-yl]oxyoxane-3,4,5-triol;dihydrate",,,,181978,,,DPVHGFAJLZWDOC-PVXXTIHASA-N,C12H26O13,378.33,,confirmed_organic,organic_reagent,derived:supplier_platform,,Shimi Merck,ai_normalized,,https://shimimerck.ir/buy-d-trehalose-dihydrate.html,buy d trehalose dihydrate,model_fleet+pubchem,ai_model_fleet,2026-08-27,857567f0ed29063b7f028feb02efa6a4d883f9ab81098de84854d82670ac1432
"(2R,3S,4S,5R,6R)-2-(hydroxymethyl)-6-[(2R,3S,4R,5R,6S)-4,5,6-trihydroxy-2-(hydroxymethyl)oxan-3-yl]oxyoxane-3,4,5-triol","(2R,3S,4S,5R,6R)-2-(hydroxymethyl)-6-[(2R,3S,4R,5R,6S)-4,5,6-trihydroxy-2-(hydroxymethyl)oxan-3-yl]oxyoxane-3,4,5-triol","(2R,3S,4S,5R,6R)-2-(hydroxymethyl)-6-[(2R,3S,4R,5R,6S)-4,5,6-trihydroxy-2-(hydroxymethyl)oxan-3-yl]oxyoxane-3,4,5-triol",9005-84-9,439341,,,GUBGYTABKSRVRQ-ASMJPISFSA-N,C12H22O11,342.3,C(C1C(C(C(C(O1)OC2C(OC(C(C2O)O)O)CO)O)O)O)O,confirmed_organic,organic_reagent,derived:supplier_platform,,Mojallali Group,Iranian WooCommerce catalogue,product_page_listed_not_current_stock_verified,https://drm-chem.com/en/product/starch-soluble-ex-potato-en/,Starch soluble (EX potato),cas_pubchem,seed_2026-08-25,2026-08-25,d8af80ea925c0aa0c22e94801d1d805626557a020a2ae667085bcf996e80e3bc
"(2R,4S)-pentane-1,2,3,4,5-pentol",Xylitol,"(2R,4S)-pentane-1,2,3,4,5-pentol; Xylitol",87-99-0,6912,,,HEBKCHPVOIAQTA-NGQZWQHPSA-N,C5H12O5,152.15,C([C@H](C([C@H](CO)O)O)O)O,confirmed_organic,organic_reagent,,,TamadKala,Iranian online wholesale/lab shop,product_page_listed_not_current_stock_verified,https://tamadkala.com/product/163060/%D8%B2%D8%A7%DB%8C%D9%84%DB%8C%D8%AA%D9%88%D9%84-%D8%B5%D9%86%D8%B9%D8%AA%DB%8C,زایلیتول صنعتی,router_title_normalization,seed_2026-08-24 + seed_2026-08-25,2026-08-23,ce4d7b9ec5efe6332b60b70e4e31a6e248fe4e797f83b26184affabdda914749
"(2R,6S,7R,10S)-10-hydroxy-6-(hydroxymethyl)-6-methyltricyclo[5.3.1.01,5]undec-8-ene-2,8-dicarboxylic acid;9,10,15-trihydroxypentadecanoic acid",,,,6850749,,,ZLGIYFNHBLSMPS-ATJNOEHPSA-N,C30H50O11,586.7,,confirmed_organic,organic_reagent,derived:supplier_platform,,t.me/IranChemicals,ai_normalized,,https://t.me/IranChemicals/26296,"🔴 #کتاب 

 🟩 رزین های صنعتی (مقدماتی)

 🔴 مولف: دکتر منوچهر خراسانی 

 ✅ ناشر: دانشگاه صنعتی امیرکبیر
 ✅ سال انتشار: ۱۴۰۱

 🔴 قیمت: ۳۲۵ هزار تومان
 🔴 تلفن سفارش: ۶۶۴۹۸۸۶۸

 🟪 https://t.me/Iranchemicals/26296",model_fleet+pubchem,ai_model_fleet,2026-08-27,fb5ecefcf088741923f70a91a04e3cad6005b9b965a8c36c4d8edeb06b8fdc6b
"(2R,8R)-2-(1,3-benzodioxol-5-yl)-6-methyl-3,6,17-triazatetracyclo[8.7.0.03,8.011,16]heptadeca-1(10),11,13,15-tetraene-4,7-dione",tadalafil,"(2R,8R)-2-(1,3-benzodioxol-5-yl)-6-methyl-3,6,17-triazatetracyclo[8.7.0.03,8.011,16]heptadeca-1(10),11,13,15-tetraene-4,7-dione; tadalafil",,110635,,,WOXKDUGGOYFFRN-IIBYNOLFSA-N,C22H19N3O4,389.4,CN1CC(=O)N2[C@@H](C1=O)CC3=C([C@H]2C4=CC5=C(C=C4)OCO5)NC6=CC=CC=C36,confirmed_organic,pharmaceutical_or_api,,,Rooz Darou,Iranian pharmaceutical product catalogue,product_page_listed_not_current_stock_verified,http://rouzdarou.com/products/%D9%82%D8%B1%D8%B5-%D8%AA%D8%A7%D8%AF%D8%A7%D9%84%D8%A7%D9%81%DB%8C%D9%84-20-%D8%AA%D8%A7%D8%AF%D8%A7%D8%B1%DA%A9%D8%AA%DB%8C%D9%84,قرص تادالافیل 20 ( تادارکتیل ),PubChem name validation from supplier product title,seed_2026-08-24 + seed_2026-08-25,2026-08-23,7c2f7d94058bedf0ac5600932e632f3524d8b68c200b566635c8275d3bcc4c0a
(2S)-1-[(2S)-2-[[(2S)-1-ethoxy-1-oxo-4-phenylbutan-2-yl]amino]propanoyl]pyrrolidine-2-carboxylic acid,enalapril,(2S)-1-[(2S)-2-[[(2S)-1-ethoxy-1-oxo-4-phenylbutan-2-yl]amino]propanoyl]pyrrolidine-2-carboxylic acid; enalapril,,5388962,,,GBXSMTUPTTWBMN-XIRDDKMYSA-N,C20H28N2O5,376.4,CCOC(=O)[C@H](CCC1=CC=CC=C1)N[C@@H](C)C(=O)N2CCC[C@H]2C(=O)O,confirmed_organic,pharmaceutical_or_api,,,Rooz Darou,Iranian pharmaceutical product catalogue,product_page_listed_not_current_stock_verified,http://rouzdarou.com/products/%D9%82%D8%B1%D8%B5-%D8%A7%D9%86%D8%A7%D9%84%D8%A7%D9%BE%D8%B1%DB%8C%D9%84-20,قرص انالاپریل 20,PubChem name validation from supplier product title,seed_2026-08-24 + seed_2026-08-25,2026-08-23,4a65f5877ad5545c5bb8bd76fe02be2b0517127f4503a41f2832eb4284ca91dd
(2S)-1-[(2S)-2-methyl-3-sulfanylpropanoyl]pyrrolidine-2-carboxylic acid,captopril,(2S)-1-[(2S)-2-methyl-3-sulfanylpropanoyl]pyrrolidine-2-carboxylic acid; captopril,,44093,,,FAKRSMQSSFJEIM-RQJHMYQMSA-N,C9H15NO3S,217.29,C[C@H](CS)C(=O)N1CCC[C@H]1C(=O)O,confirmed_organic,pharmaceutical_or_api,,,Rooz Darou,Iranian pharmaceutical product catalogue,product_page_listed_not_current_stock_verified,http://rouzdarou.com/products/%D9%82%D8%B1%D8%B5-%DA%A9%D8%A7%D9%BE%D8%AA%D9%88%D9%BE%D8%B1%DB%8C%D9%84-50,قرص کاپتوپریل 50,PubChem name validation from supplier product title,seed_2026-08-24 + seed_2026-08-25,2026-08-23,074e23123709bdbd834f00c92af0c8560e51706f527d08caacb64237e1279cf5
"(2S)-1-[(4R,7S,10S,13S,16S,19R)-19-amino-7-(2-amino-2-oxoethyl)-10-(3-amino-3-oxopropyl)-13-[(2S)-butan-2-yl]-16-[(4-hydroxyphenyl)methyl]-6,9,12,15,18-pentaoxo-1,2-dithia-5,8,11,14,17-pentazacycloicosane-4-carbonyl]-N-[(2S)-1-[(2-amino-2-oxoethyl)amino]-4-methyl-1-oxopentan-2-yl]pyrrolidine-2-carboxamide",Oxytocin,,50-56-6,439302,,,XNOPRXBHLZRZKH-DSZYJQQASA-N,C43H66N12O12S2,1007.2,CC[C@H](C)[C@H]1C(=O)N[C@H](C(=O)N[C@H](C(=O)N[C@@H](CSSC[C@@H](C(=O)N[C@H](C(=O)N1)CC2=CC=C(C=C2)O)N)C(=O)N3CCC[C@H]3C(=O)N[C@@H](CC(C)C)C(=O)NCC(=O)N)CC(=O)N)CCC(=O)N,confirmed_organic,pharmaceutical_or_api,,,telegram:chemgroup,Iranian supplier Telegram catalogue,listing_evidence_crawled_2026-08-24,https://t.me/chemgroup/1818,,ai_normalised_listing+pubchem_confirmed,seed_2026-08-24 + seed_2026-08-25,2016-08-02,e901046ef23f781ab6bf48c07f941dff177388acf5503f422cec2bc5c400965a
"(2S)-2,4-diamino-4-oxobutanoic acid","(2S)-2,4-diamino-4-oxobutanoic acid","(2S)-2,4-diamino-4-oxobutanoic acid",70-47-3,6267,,,DCXYFEDJOCDNAF-REOHCLBHSA-N,C4H8N2O3,132.12,C(C(C(=O)O)N)C(=O)N,confirmed_organic,pharmaceutical_or_api,derived:supplier_platform,research,t.me/ATRmedShop + telegram:ATRmedShop,ai_normalized|public Telegram (seller_research)|telegram,product_page_listed_not_current_stock_verified,https://t.me/ATRmedShop/324,L-asparagine | اسیدآمینه ال-آسپاراژین گرید کشت سلول ‌‏⁧ ‌‌‏‌محصولات سیگما اصل را از ما بخواهید. 👇 واردات و فروش مواد شیمیایی سیگما 👇 ‌ ‌ ‌ ☎️ تلفن: ۰۲۱۶۶۳۶۱۵۴۳-۶۶۳۷۹۰۲۶-۰۲۱ ‌ 📱 موبایل: 09120549893 🌐 لینک محصول : https://atrmed.com/product/l-asparagine-2/?v=e067b3c6b979 #آثل_طب #مواد_ازمایشگاهی #مواد,router_batch+pubchem,ai_model_fleet + live_telegram_listing + seed_2026-08-25,2026-08-25,d27919243819a37b3262133c510b2b8042cd5918058813021fcd9672a359c1d2
"(2S)-2,4-diamino-4-oxobutanoic acid;hydrate",L-Asparagine monohydrate,"(2S)-2,4-diamino-4-oxobutanoic acid;hydrate; L-Asparagine monohydrate",5794-13-8,170358,,,RBMGJIZCEWRQES-DKWTVANSSA-N,C4H10N2O4,150.13,C([C@@H](C(=O)O)N)C(=O)N.O,confirmed_organic,organic_reagent,,,TamadKala; telegram:ATRmedShop + t.me/ATRmedShop,Iranian online wholesale/lab shop|ai_normalized,product_page_listed_not_current_stock_verified,https://t.me/ATRmedShop/587,"ال آسپارژین مونوهیدارت || اسیدآمینه ال-آسپارژین مونوهیدرات

‌‏⁧ ‌‌‏‌محصولات سیگما اصل را از ما بخواهید.

 👇 واردات و فروش مواد شیمیایی سیگما 👇 ‌
‌ 
‌
 ☎️ تلفن: ۰۲۱۶۶۳۶۱۵۴۳-۶۶۳۷۹۰۲۶-۰۲۱
‌
 📱 موبایل: 09120549893

 🌐 لینک محصول :

 https://atrmed.co",router_title_normalization,ai_model_fleet + seed_2026-08-24 + seed_2026-08-25,2026-08-23,873c435b15244c8fcb032566c2a60016c215d30e945ca46e6142412ce9b5188a
"(2S)-2,5-diamino-5-oxopentanoic acid",L-Glutamine,"(2S)-2,5-diamino-5-oxopentanoic acid; L-Glutamine",56-85-9,5961,,,ZDXPYRJPNDTMRX-VKHMYHEASA-N,C5H10N2O3,146.14,C(CC(=O)N)[C@@H](C(=O)O)N,confirmed_organic,organic_reagent,,research,TamadKala,Iranian online wholesale/lab shop,product_page_listed_not_current_stock_verified,https://tamadkala.com/product/16832/%D8%A2%D9%85%DB%8C%D9%86%D9%88-%D8%A7%D8%B3%DB%8C%D8%AF-%D9%85%D8%AD%D9%84%D9%88%D9%84-%D8%A7%D9%84-%DA%AF%D9%84%D9%88%D8%AA%D8%A7%D9%85%DB%8C%D9%86-g7513,آمینو اسید محلول ال گلوتامین g7513 | ال گلوتامین bioultra,router_title_normalization,seed_2026-08-24 + seed_2026-08-25,2026-08-23,9c5deced71d19feec91808c380c23e686eded616df679845705c397d3be79500
"(2S)-2,6-diaminohexanoic acid",L-Lysine,"(2S)-2,6-diaminohexanoic acid; L-Lysine",56-87-1,5962,,,KDXKERNSBIXSRK-YFKPBYRVSA-N,C6H14N2O2,146.19,C(CCN)C[C@@H](C(=O)O)N,confirmed_organic,organic_reagent,,,TamadKala + t.me/ATRmedShop,Iranian online wholesale/lab shop|ai_normalized,product_page_listed_not_current_stock_verified,https://t.me/ATRmedShop/604,"آمینو اسید ال لیزین مونوهیدرات l9037 | ال لوسین برند dyc چین | ال لیزین || اسیدآمینه ال-لوسین گرید کشت سلول

‌‏⁧ ‌‌‏‌محصولات سیگما اصل را از ما بخواهید.

 👇 واردات و فروش مواد شیمیایی سیگما 👇 ‌
‌ 
‌
 ☎️ تلفن: ۰۲۱۶۶۳۶۱۵۴۳-۶۶۳۷۹۰۲۶-۰۲۱
‌
 📱 موبایل: 09120549893

 🌐 لینک محصول :

 https://atrmed.co",router_title_normalization,ai_model_fleet + seed_2026-08-24 + seed_2026-08-25,2026-08-23,f6726e6e20e3b7f76ca2b9cc2513f52de085179b008565462543ab155c83cd73
"(2S)-2,6-diaminohexanoic acid;hydrochloride","(2S)-2,6-diaminohexanoic acid;hydrochloride",,657-27-2,69568,,,BVHLGVCQOALMSV-JEDNCBNOSA-N,C6H15ClN2O2,182.65,C(CCN)CC(C(=O)O)N.Cl,confirmed_organic,pharmaceutical_or_api,derived:supplier_platform,research,t.me/ATRmedShop + telegram:ATRmedShop,ai_normalized|public Telegram (seller_research)|telegram,product_page_listed_not_current_stock_verified,https://t.me/ATRmedShop/608,L-Lysine monohydrochloride | اسیدآمینه ال-لیزین مونوهیدروکلراید گرید کشت سلول ‌‏⁧ ‌‌‏‌محصولات سیگما اصل را از ما بخواهید. 👇 واردات و فروش مواد شیمیایی سیگما 👇 ‌ ‌ ‌ ☎️ تلفن: ۰۲۱۶۶۳۶۱۵۴۳-۶۶۳۷۹۰۲۶-۰۲۱ ‌ 📱 موبایل: 09120549893 🌐 لینک محصول : https://atrmed.com/product/l-lysine-monohydrochloride/?v=e067b,router_batch+pubchem,ai_model_fleet + live_telegram_listing + seed_2026-08-25,2026-08-25,d1b905b38d20c182888b34bda56c091e11865ec0fed5a88ac9f0dda16c011842
(2S)-2-(6-methoxynaphthalen-2-yl)propanoic acid,naproxen,(2S)-2-(6-methoxynaphthalen-2-yl)propanoic acid; naproxen,,156391,,,CMWTZPSULFXXJA-VIFPVBQESA-N,C14H14O3,230.26,C[C@@H](C1=CC2=C(C=C1)C=C(C=C2)OC)C(=O)O,confirmed_organic,pharmaceutical_or_api,,,Rooz Darou,Iranian pharmaceutical product catalogue,product_page_listed_not_current_stock_verified,http://rouzdarou.com/products/%D9%82%D8%B1%D8%B5-%D9%86%D8%A7%D9%BE%D8%B1%D9%88%DA%A9%D8%B3%D9%86-500,قرص ناپروکسن 500,PubChem name validation from supplier product title,seed_2026-08-24 + seed_2026-08-25,2026-08-23,efa3197366a88ac57c12c8ce41fdd4dfbf107775513c3737887d164cae995fc0
(2S)-2-(carbamoylamino)pentanedioic acid,,,,121396,,,LCQLHJZYVOQKHU-VKHMYHEASA-N,C6H10N2O5,190.15,,confirmed_organic,organic_reagent,derived:supplier_platform,,Shimi Merck,ai_normalized,,https://shimimerck.ir/n-carbamyl-l-glutamic-acid.html,n carbamyl l glutamic acid,model_fleet+pubchem,ai_model_fleet,2026-08-27,6dcbf17861d237a4fc4dd7831f551ffde3996a69bfaa6344c8b71ca7ae2c6705
(2S)-2-[2-[[(2S)-1-hydroxybutan-2-yl]amino]ethylamino]butan-1-ol,emb,(2S)-2-[2-[[(2S)-1-hydroxybutan-2-yl]amino]ethylamino]butan-1-ol; emb,,14052,,,AEUTYOVWOVBAKS-UWVGGRQHSA-N,C10H24N2O2,204.31,CCC(CO)NCCNC(CC)CO,confirmed_organic,organic_reagent,derived:supplier_platform,,TamadKala,Iranian online wholesale/lab shop,product_page_listed_not_current_stock_verified,https://tamadkala.com/product/15020/محیط-کشت-آگار-emb,محیط کشت آگار emb,structured_pubchem,seed_2026-08-25,2026-08-25,d06e21521298688c2cc25cc0c1231dcbaa1a95fd0993ca23b6e17e07944fae96
(2S)-2-[3-(4-amino-2-oxopyrimidin-1-yl)propanoylamino]-6-azaniumylhexanoate,(III),(2S)-2-[3-(4-amino-2-oxopyrimidin-1-yl)propanoylamino]-6-azaniumylhexanoate; (III),,139059714,,,AJVQUXYLHFLDPB-XFNAGHOKSA-N,C26H42N10O8,622.7,C1=CN(C(=O)N=C1N)CCC(=O)NC(CCCC[NH3+])C(=O)[O-].C1=CN(C(=O)N=C1N)CCC(=O)NC(CCCC[NH3+])C(=O)[O-],confirmed_organic,organic_reagent,derived:supplier_platform,,ShimiMan; telegram:ChemIranSanat,Iranian WooCommerce catalogue,product_page_listed_not_current_stock_verified,https://shimiman.com/product/ahn-iii-nytrat-9-abh-nytrat-ahn-code-103883-merck/,آهن(III) نیترات 9 آبه (نیترات آهن) کد 103883 مرک,structured_pubchem,seed_2026-08-25,2026-08-25,5197439c7ef9b7ccef4f1b277db4b263dcdc7f80e62e77380e9e22f5aa25aa80
(2S)-2-[[4-[(2-amino-4-oxo-3H-pteridin-6-yl)methylamino]benzoyl]amino]pentanedioic acid,folic acid,(2S)-2-[[4-[(2-amino-4-oxo-3H-pteridin-6-yl)methylamino]benzoyl]amino]pentanedioic acid; folic acid,59-30-3,135398658,,,OVBPIULPVIDEAO-LBPRGKRZSA-N,C19H19N7O6,441.4,C1=CC(=CC=C1C(=O)N[C@@H](CCC(=O)O)C(=O)O)NCC2=CN=C3C(=N2)C(=O)NC(=N3)N,confirmed_organic,vitamin,,research,Rooz Darou; telegram:ATRmedShop + Shimi Merck + t.me/ATRmedShop,Iranian pharmaceutical product catalogue|ai_normalized|telegram,product_page_listed_not_current_stock_verified,https://shimimerck.ir/folic-acid-f7876.html,قرص فوليكوفر ( آهن / فولیک اسید ) || folic acid f7876,PubChem name validation from supplier product title,ai_model_fleet + live_telegram_listing + seed_2026-08-24 + seed_2026-08-25,2026-08-23,3a9afbab76161032788fec6aec44b0ecada2cb81706422b65e2ec932f376fff2
(2S)-2-amino-3-(1H-imidazol-5-yl)propanoic acid,L-Histidine,(2S)-2-amino-3-(1H-imidazol-5-yl)propanoic acid; L-Histidine,71-00-1,6274,,,HNDVDQJCIGZPNO-YFKPBYRVSA-N,C6H9N3O2,155.15,C1=C(NC=N1)C[C@@H](C(=O)O)N,confirmed_organic,organic_reagent,,research,TamadKala; telegram:ATRmedShop + t.me/ATRmedShop,Iranian online wholesale/lab shop|ai_normalized|telegram,product_page_listed_not_current_stock_verified,https://t.me/ATRmedShop/611,"اسید آمینه ال هیستیدین || اسیدآمینه ال-هیستیدین گرید کشت سلول

‌‏⁧ ‌‌‏‌محصولات سیگما اصل را از ما بخواهید.

 👇 واردات و فروش مواد شیمیایی سیگما 👇 ‌
‌ 
‌
 ☎️ تلفن: ۰۲۱۶۶۳۶۱۵۴۳-۶۶۳۷۹۰۲۶-۰۲۱
‌
 📱 موبایل: 09120549893

 🌐 لینک محصول :

 https://atrmed",router_title_normalization,ai_model_fleet + live_telegram_listing + seed_2026-08-24 + seed_2026-08-25,2026-08-23,ae5eefe26dc1964602a798b5f9166c722d0cc19a927cbb0bafc3cab03fff1eac
(2S)-2-amino-3-(1H-imidazol-5-yl)propanoic acid;hydrate;hydrochloride,,,,165377,,,CMXXUDSWGMGYLZ-XRIGFGBMSA-N,C6H12ClN3O3,209.63,,confirmed_organic,pharmaceutical_or_api,derived:supplier_platform,,t.me/ATRmedShop,ai_normalized,,https://t.me/ATRmedShop/638,"ال-هیستیدین مونوهیدروکلراید مونوهیدرات گرید کشت سلول

‌‏⁧ ‌‌‏‌محصولات سیگما اصل را از ما بخواهید.

 👇 واردات و فروش مواد شیمیایی سیگما 👇 ‌
‌ 
‌
 ☎️ تلفن: ۰۲۱۶۶۳۶۱۵۴۳-۶۶۳۷۹۰۲۶-۰۲۱
‌
 📱 موبایل: 09120549893

 🌐 لینک محصول :",model_fleet+pubchem,ai_model_fleet,2026-08-27,bc6cef1105f07f2c9174b0e91e0d761e098a781e7546846051d3f55b81f91460
(2S)-2-amino-3-(1H-indol-3-yl)propanoic acid,Tryptophan,(2S)-2-amino-3-(1H-indol-3-yl)propanoic acid; Tryptophan,73-22-3,6305,,,QIVBCDIJIAJPQS-VIFPVBQESA-N,C11H12N2O2,204.22,C1=CC=C2C(=C1)C(=CN2)C[C@@H](C(=O)O)N,confirmed_organic,organic_reagent,,research,TamadKala,Iranian online wholesale/lab shop,product_page_listed_not_current_stock_verified,https://tamadkala.com/product/17051/%D8%A2%D9%85%DB%8C%D9%86%D9%88-%D8%A7%D8%B3%DB%8C%D8%AF-%D8%A7%D9%84-%D8%AA%D8%B1%DB%8C%D9%BE%D8%AA%D9%88%D9%81%D8%A7%D9%86-bioultra,آمینو اسید ال تریپتوفان bioultra | تریپتوفان,router_title_normalization,seed_2026-08-24 + seed_2026-08-25,2026-08-23,8e6f1960571cc5de2e50db6c0fbbba1fed151aa24cb4712f0f1ffd284eda478c
(2S)-2-amino-3-(3-methylimidazol-4-yl)propanoic acid,,,,64969,,,JDHILDINMRGULE-LURJTMIESA-N,C7H11N3O2,169.18,,confirmed_organic,organic_reagent,derived:supplier_platform,,Shimi Merck,ai_normalized,,https://shimimerck.ir/3-methyl-l-histidine.html,3 methyl l histidine,model_fleet+pubchem,ai_model_fleet,2026-08-27,8ee096ce23542844cf7d7aef0298a1c529d24a9fb1b98498b379773508390579
(2S)-2-amino-3-(4-hydroxyphenyl)propanoic acid,L-Tyrosine,(2S)-2-amino-3-(4-hydroxyphenyl)propanoic acid; L-Tyrosine,,6057,,,OUYCCCASQSFEME-QMMMGPOBSA-N,C9H11NO3,181.19,C1=CC(=CC=C1C[C@@H](C(=O)O)N)O,confirmed_organic,organic_reagent,,research,Fardad Shimi; TamadKala,Iranian online lab-chemical shop | Iranian online wholesale/lab shop,product_page_listed_not_current_stock_verified,https://tamadkala.com/product/16908/%D8%A2%D9%85%DB%8C%D9%86%D9%88-%D8%A7%D8%B3%DB%8C%D8%AF-%D8%A7%D9%84-%D8%AA%DB%8C%D8%B1%D9%88%D8%B2%DB%8C%D9%86,آمینو اسید ال تیروزین | آمینو اسید ال تیروزین bioultra | ال تیروزین MERCK | ...,router_title_normalization,seed_2026-08-24 + seed_2026-08-25,2026-08-23,2f9560273a1d798c8b4687e26c93d44577fd7b85e22ee1664a3e986a270ef715
(2S)-2-amino-3-hydroxypropanoic acid,Serine,(2S)-2-amino-3-hydroxypropanoic acid; Serine,56-45-1,5951,,,MTCFGRXMJLQNBG-REOHCLBHSA-N,C3H7NO3,105.09,C([C@@H](C(=O)O)N)O,confirmed_organic,organic_reagent,,research,TamadKala; telegram:ATRmedShop + t.me/ATRmedShop,Iranian online wholesale/lab shop|ai_normalized|telegram,product_page_listed_not_current_stock_verified,https://t.me/ATRmedShop/586,"ال سرین bioultra | سرین || اسیدآمینه ال-سرین

‌‏⁧ ‌‌‏‌محصولات سیگما اصل را از ما بخواهید.

 👇 واردات و فروش مواد شیمیایی سیگما 👇 ‌
‌ 
‌
 ☎️ تلفن: ۰۲۱۶۶۳۶۱۵۴۳-۶۶۳۷۹۰۲۶-۰۲۱
‌
 📱 موبایل: 09120549893

 🌐 لینک محصول :

 https://atrmed.com/product/l-ser",router_title_normalization,ai_model_fleet + live_telegram_listing + seed_2026-08-24 + seed_2026-08-25,2026-08-23,2a8954683c02aebf07bb3263302a433fbcb53e29e8ae718d81abfa79c699b662
(2S)-2-amino-3-methylbutanoic acid,L-Valine,(2S)-2-amino-3-methylbutanoic acid; L-Valine,72-18-4,6287,,,KZSNJWFQEVHDMF-BYPYZUCNSA-N,C5H11NO2,117.15,CC(C)[C@@H](C(=O)O)N,confirmed_organic,organic_reagent,,research,TamadKala; telegram:ATRmedShop + t.me/ATRmedShop,Iranian online wholesale/lab shop|ai_normalized|telegram,product_page_listed_not_current_stock_verified,https://t.me/ATRmedShop/694,"ال والین | ال والین bioultra 94619 || خرید اسیدآمینه ال-والین | قیمت اسیدآمینه ال-والین

‌‏⁧ ‌‌‏‌محصولات سیگما اصل را از ما بخواهید.

 👇 واردات و فروش مواد شیمیایی سیگما 👇 ‌
‌ 
‌
 ☎️ تلفن: ۰۲۱۶۶۳۶۱۵۴۳-۶۶۳۷۹۰۲۶-۰۲۱
‌
 📱 موبایل: 09120549893

 🌐 لینک محصول :",router_title_normalization,ai_model_fleet + live_telegram_listing + seed_2026-08-24 + seed_2026-08-25,2026-08-23,c5337100cad008ec94f1acc4a1a5f6903301cb3abe59d31f6e816fe384a86e05
(2S)-2-amino-3-phenylpropanoic acid,L-Phenylalanine,(2S)-2-amino-3-phenylpropanoic acid; L-Phenylalanine,63-91-2,6140,,,COLNVLDHVKWLRT-QMMMGPOBSA-N,C9H11NO2,165.19,C1=CC=C(C=C1)C[C@@H](C(=O)O)N,confirmed_organic,organic_reagent,,research,TamadKala,Iranian online wholesale/lab shop,product_page_listed_not_current_stock_verified,https://tamadkala.com/product/17323/%D8%A7%D9%84-%D9%81%D9%86%DB%8C%D9%84-%D8%A2%D9%84%D8%A7%D9%86%DB%8C%D9%86-p5482,ال فنیل آلانین bioultra | ال فنیل آلانین p5482,router_title_normalization,seed_2026-08-24 + seed_2026-08-25,2026-08-23,5e85e727068ae36e7ba6d90ca936e089bdd98ce52d1dc4aac2ba6a11a71fcbfe
(2S)-2-amino-4-methylpentanoic acid,L-Leucine,(2S)-2-amino-4-methylpentanoic acid; L-Leucine,61-90-5,6106,,,ROHFNLRQFUQHCH-YFKPBYRVSA-N,C6H13NO2,131.17,CC(C)C[C@@H](C(=O)O)N,confirmed_organic,organic_reagent,,research,Shimi Merck + TamadKala; telegram:ATRmedShop + t.me/ATRmedShop,Iranian online wholesale/lab shop|ai_normalized|telegram,product_page_listed_not_current_stock_verified,https://shimimerck.ir/%d9%81%d9%88%d8%a7%db%8c%d8%af-%d9%88-%d9%85%d9%86%d8%a7%d8%a8%d8%b9-%d8%ba%d8%b0%d8%a7%db%8c%db%8c-%d8%a7%d8%b3%db%8c%d8%af-%d8%a2%d9%85%db%8c%d9%86%d9%87-%d8%a7%d9%84-%d9%84%d9%88%d8%b3%db%8c%d9%86.html,ال لوسین l8912 | ال لوسین61819 bioultra || فواید و منابع غذایی اسید آمینه ال لوسین,router_title_normalization,ai_model_fleet + live_telegram_listing + seed_2026-08-24 + seed_2026-08-25,2026-08-23,1e7e85049ee6e9c893a1bbca59e88bda4a73789d0eb74d81ec2fb7422214730d
(2S)-2-amino-4-methylsulfanylbutanoic acid,,,,6137,,,FFEARJCKVFRZRR-BYPYZUCNSA-N,C5H11NO2S,149.21,,confirmed_organic,pharmaceutical_or_api,derived:supplier_platform,research,t.me/ATRmedShop,ai_normalized|telegram,,https://t.me/ATRmedShop/609,"اسیدآمینه ال-متیونین گرید کشت سلول

‌‏⁧ ‌‌‏‌محصولات سیگما اصل را از ما بخواهید.

 👇 واردات و فروش مواد شیمیایی سیگما 👇 ‌
‌ 
‌
 ☎️ تلفن: ۰۲۱۶۶۳۶۱۵۴۳-۶۶۳۷۹۰۲۶-۰۲۱
‌
 📱 موبایل: 09120549893

 🌐 لینک محصول :

 https://atrmed.",model_fleet+pubchem,ai_model_fleet + live_telegram_listing,2026-08-27,64b5cadae8b496d283c596fa819ed2f82e1c7db3a0cec962ac56926d24e80c3a
(2S)-2-amino-4-sulfobutanoic acid,,,,177491,,,VBOQYPQEPHKASR-VKHMYHEASA-N,C4H9NO5S,183.19,,confirmed_organic,organic_reagent,derived:supplier_platform,,Shimi Merck,ai_normalized,,https://shimimerck.ir/l-homocysteic-acid.html,l homocysteic acid,model_fleet+pubchem,ai_model_fleet,2026-08-27,d294b9231137dcb67194837c2ad15a778d33567f3e6e6ed0bba630bd4dd56d32
(2S)-2-amino-5-(diaminomethylideneamino)pentanoic acid,L-Arginine,(2S)-2-amino-5-(diaminomethylideneamino)pentanoic acid; L-Arginine,74-79-3,6322,,,ODKSFYDXXFIFQN-BYPYZUCNSA-N,C6H14N4O2,174.20,C(C[C@@H](C(=O)O)N)CN=C(N)N,confirmed_organic,organic_reagent,,research,Rooz Darou; TamadKala + Shimi Merck + t.me/ATRmedShop,Iranian online wholesale/lab shop | Iranian pharmaceutical product catalogue|ai_normalized|telegram,product_page_listed_not_current_stock_verified,https://shimimerck.ir/d-arginine.html,ال آرژنین | قرص ال-آرژنین 1000mg رزاویت || d arginine,router_title_normalization,ai_model_fleet + live_telegram_listing + seed_2026-08-24 + seed_2026-08-25,2026-08-23,50a409a08846c7b8ba415f7c4ef2e8f32b21e02d916330dcd02e32162c0a09d6
(2S)-2-amino-5-(diaminomethylideneamino)pentanoic acid;hydrochloride,,,,66250,,,KWTQSFXGGICVPE-WCCKRBBISA-N,C6H15ClN4O2,210.66,,confirmed_organic,pharmaceutical_or_api,derived:supplier_platform,,t.me/ATRmedShop,ai_normalized,,https://t.me/ATRmedShop/293,"ال-آرژنین مونوهیدروکلراید 
 ال-آرژنین مونوهیدروکلراید یک اسید آمینه دی بازیک، نیمه ضروری است. ال-آرژنین مونوهیدروکلراید به‌عنوان ...
برای ادامه مطالب، مشاهده و خرید آنلاین این محصول به لینک زیر مراجعه فرمایید:
 https://a",model_fleet+pubchem,ai_model_fleet,2026-08-27,6dd82cf34f6a4a7f5d7237f723e2774fe82af6a9d9b46ee71efa97c902d76e86
(2S)-2-amino-5-[[(2R)-1-(carboxymethylamino)-1-oxo-3-sulfanylpropan-2-yl]amino]-5-oxopentanoic acid,Glutathione,(2S)-2-amino-5-[[(2R)-1-(carboxymethylamino)-1-oxo-3-sulfanylpropan-2-yl]amino]-5-oxopentanoic acid; Glutathione,70-18-8,124886,,,RWSXRVCMGQZWBV-WDSKDSINSA-N,C10H17N3O6S,307.33,C(CC(=O)N[C@@H](CS)C(=O)NCC(=O)O)[C@@H](C(=O)O)N,confirmed_organic,organic_reagent,,research,Shimi Merck + Telegram: ChemIranSanat; telegram:ATRmedShop + t.me/ChemIranSanat,Iranian supplier Telegram catalogue|ai_normalized|telegram,listed_not_current_stock_verified,https://shimimerck.ir/l-glutathione.html,(2S)-2-amino-5-[[(2R)-1-(carboxymethylamino)-1-oxo-3-sulfanylpropan-2-yl]amino]-5-oxopentanoic acid || l glutathione,existing skill export,ai_model_fleet + live_telegram_listing + seed_2026-08-24 + seed_2026-08-25,2026-08-23,7e5d7bc2c2fd240013823171e2b8ffcd4a1a1f9b0dbc317e786231cfd8d5f23b
"(2S)-2-amino-5-[[(2R)-1-(carboxymethylamino)-3-[[(9R,10R)-10-hydroxy-9,10-dihydrophenanthren-9-yl]sulfanyl]-1-oxopropan-2-yl]amino]-5-oxopentanoic acid",GPS,"(2S)-2-amino-5-[[(2R)-1-(carboxymethylamino)-3-[[(9R,10R)-10-hydroxy-9,10-dihydrophenanthren-9-yl]sulfanyl]-1-oxopropan-2-yl]amino]-5-oxopentanoic acid; GPS",,449366,,,JNNIZILNBMPOAC-MOXQZVSFSA-N,C24H27N3O7S,501.6,C1=CC=C2C(=C1)C(C(C3=CC=CC=C32)SCC(C(=O)NCC(=O)O)NC(=O)CCC(C(=O)O)N)O,confirmed_organic,organic_reagent,derived:supplier_platform,,telegram:ChemIranSanat,public Telegram (seller_research),product_page_listed_not_current_stock_verified,https://t.me/ChemIranSanat/1784,اتم به اتم با جدول تناوبی  37. روبیدیم واکنش پذیری شدید روبیدیم به این معنی است که کاربردهای آن در فرم ابتدایی محدود است. با این حال، یک استفاده در ماهواره هاست که ما را قادر می سازد از GPS در تلفن های خود استفاده کنیم. ساعتهای اتمی روبییدیم از انتقال الکترونها…,structured_pubchem,seed_2026-08-25,2026-08-25,59785f983ebcdf24276c5851398fd633a6a1eb50f0646c526a103c24245c04bd
"(2S)-2-amino-N-[(2S,3S,4R,5R)-5-[6-(dimethylamino)purin-9-yl]-4-hydroxy-2-(hydroxymethyl)oxolan-3-yl]-3-(4-methoxyphenyl)propanamide;dihydrochloride","(2S)-2-amino-N-[(2S,3S,4R,5R)-5-[6-(dimethylamino)purin-9-yl]-4-hydroxy-2-(hydroxymethyl)oxolan-3-yl]-3-(4-methoxyphenyl)propanamide;dihydrochloride",,58-58-2,443311,,,MKSVFGKWZLUTTO-FZFAUISWSA-N,C22H31Cl2N7O5,544.4,CN(C)C1=NC=NC2=C1N=CN2C3C(C(C(O3)CO)NC(=O)C(CC4=CC=C(C=C4)OC)N)O.Cl.Cl,confirmed_organic,pharmaceutical_or_api,derived:supplier_platform,,t.me/ATRmedShop + telegram:ATRmedShop,ai_normalized|public Telegram (seller_research),product_page_listed_not_current_stock_verified,https://t.me/ATRmedShop/699,Puromycin dihydrochloride | خرید پورومایسین دی هیدروکلرید | قیمت پورومایسین دی هیدروکلرید ‌‏⁧ ‌‌‏‌محصولات سیگما اصل را از ما بخواهید. 👇 واردات و فروش مواد شیمیایی سیگما 👇 ‌ ‌ ‌ ☎️ تلفن: ۰۲۱۶۶۳۶۱۵۴۳-۶۶۳۷۹۰۲۶-۰۲۱ ‌ 📱 موبایل: 09120549893 🌐 لینک محصول : https://atrmed.com/product/puromycin-dihydrochlori,router_batch+pubchem,ai_model_fleet + seed_2026-08-25,2026-08-25,c450b4ade48966384183792c194fd0b668fa22a4c67106214c2875c7e19ba3ff
(2S)-2-aminobutanedioic acid;hydrate,,,,60208510,,,LBXRPPWPQUZKBO-DKWTVANSSA-N,C4H9NO5,151.12,,confirmed_organic,pharmaceutical_or_api,derived:supplier_platform,,t.me/ATRmedShop,ai_normalized,,https://t.me/ATRmedShop/646,"اسیدآمینه ال-آسپاراژین مونوهیدرات گرید کشت سلول

‌‏⁧ ‌‌‏‌محصولات سیگما اصل را از ما بخواهید.

 👇 واردات و فروش مواد شیمیایی سیگما 👇 ‌
‌ 
‌
 ☎️ تلفن: ۰۲۱۶۶۳۶۱۵۴۳-۶۶۳۷۹۰۲۶-۰۲۱
‌
 📱 موبایل: 09120549893

 🌐 لینک محصول :

 ht",model_fleet+pubchem,ai_model_fleet,2026-08-27,380b86b381465af47606ae322e80af1807ffd88524bec4eebb9f2fc93744157d
(2S)-2-aminopentanedioic acid,Glutamic acid,(2S)-2-aminopentanedioic acid; Glutamic acid,56-84-8,33032,,yes,WHUUTDBJXJRKMK-VKHMYHEASA-N,C5H9NO4,147.13,C(CC(=O)O)[C@@H](C(=O)O)N,confirmed_organic,organic_reagent,,research,TamadKala; Telegram: ChemIranSanat + https://xchem.ir/product/glutamic-acid/ + t.me/ATRmedShop,Iranian online wholesale/lab shop | Iranian supplier Telegram catalogue|ai_normalized|live_supplier_catalogue,listed_not_current_stock_verified | product_page_listed_not_current_stock_verified,https://t.me/ATRmedShop/631,"(2S)-2-aminobutanedioic acid | آمینو اسید دی آسپارتیک اسید | آمینو اسید دی گلوتامیک اسید | اسید گلوتامیک | ال آسپارتیک اسید | گلوتامیک اسید || اسیدآمینه ال-گلوتامیک اسید گرید کشت سلول

‌‏⁧ ‌‌‏‌محصولات سیگما اصل را از ما بخواهید.

 👇 واردات و فروش مواد شیمیایی سیگما 👇 ‌
‌ 
‌
 ☎️ تلفن: ۰۲۱۶۶۳۶۱۵۴۳-۶۶۳",existing skill export | router_title_normalization | cid_reverified_pubchem_2026-08-24,ai_model_fleet + live_web_catalogue + seed_2026-08-24 + seed_2026-08-25,2026-08-23,8b9aebca2dde160eedec928527d8c7987ac7e54e790244850cbe70033beaca8e
(2S)-2-aminopropanoic acid,Alanine,(2S)-2-aminopropanoic acid; Alanine,56-41-7,5950,,,QNAYBMKLOCPYGJ-REOHCLBHSA-N,C3H7NO2,89.09,C[C@@H](C(=O)O)N,confirmed_organic,organic_reagent,,research,TamadKala + t.me/ATRmedShop,Iranian online wholesale/lab shop|ai_normalized|telegram,product_page_listed_not_current_stock_verified,https://t.me/ATRmedShop/290,"آلانین | اسید آمینه ال آلانین | ال آلانین bioultra || ال-آلانین 
ال-آلانین یک اسیدآمینه غیرضروری است که در عضلات بسیار متمرکز است. این ماده نقش کلیدی در چرخه گلوکز-آلانین دارد که ...
برای ادامه مطالب، مشاهده و خرید آنلاین این محصول به لینک زیر مراجعه فرمایید:
 https://atrme",router_title_normalization,ai_model_fleet + live_telegram_listing + seed_2026-08-24 + seed_2026-08-25,2026-08-23,385a03a61daab824ea16985bd738e4ff09cfa0720b3f93239a095df3cb0c37fd
(2S)-2-hydroxypropanoic acid,(2S)-2-hydroxypropanoic acid,,79-33-4,107689,,,JVTAAEKCZFNVCJ-REOHCLBHSA-N,C3H6O3,90.08,CC(C(=O)O)O,confirmed_organic,pharmaceutical_or_api,derived:supplier_platform,,t.me/ATRmedShop + telegram:ATRmedShop,ai_normalized|public Telegram (seller_research),product_page_listed_not_current_stock_verified,https://t.me/ATRmedShop/399,(S)-lactic acid | (S)-لاکتیک اسید 90 درصد (S)-لاکتیک اسید 90 درصد یک اسید آلی است که دارای فرمول شیمیایی CH3CH(OH)COOH می باشد. در حالت جامد سفید است و در حالی که در... هیدریودیک اسید 67 درصد هیدریودیک اسید یک محلول مایع بسیار اسیدی از یدید هیدروژن است. اسید هیدریودیک یک اسید قوی است که از ... برای ,router_batch+pubchem,ai_model_fleet + seed_2026-08-25,2026-08-25,c6e19e480b8f46b7d78eef8b224cbae49f3c1a602a3adbc979d6979b8f947ada
"(2S)-4-[(E)-2-[(2S)-2-carboxy-6-hydroxy-5-[(2S,3R,4S,5S,6R)-3,4,5-trihydroxy-6-(hydroxymethyl)oxan-2-yl]oxy-2,3-dihydroindol-1-yl]ethenyl]-2,3-dihydropyridine-2,6-dicarboxylic acid",Betanin,,,6540685,,,CTMLKIKAUFEMLE-FTNGGYTGSA-N,C24H26N2O13,550.5,C1[C@H](N=C(C=C1/C=C/N2[C@@H](CC3=CC(=C(C=C32)O)O[C@H]4[C@@H]([C@H]([C@@H]([C@H](O4)CO)O)O)O)C(=O)O)C(=O)O)C(=O)O,confirmed_organic,colorant_or_indicator,,,Shimi Merck + telegram:ChemIranSanat,Iranian supplier Telegram catalogue|ai_normalized,listing_evidence_crawled_2026-08-24,https://shimimerck.ir/buy-betanin.html,buy betanin,ai_normalised_listing+pubchem_confirmed,ai_model_fleet + seed_2026-08-24 + seed_2026-08-25,2018-01-15,d8932a48f305f3357fe49cef46f9ee9e4734747eb863d8804170dbe1341f00f2
(2S)-5-amino-2-[[(2S)-2-aminopropanoyl]amino]-5-oxopentanoic acid,,,,123935,,,HJCMDXDYPOUFDY-WHFBIAKZSA-N,C8H15N3O4,217.22,,confirmed_organic,pharmaceutical_or_api,derived:supplier_platform,,t.me/ATRmedShop,ai_normalized,,https://t.me/ATRmedShop/291,"ال- آلانیل ال-گلوتامین 
ال- آلانیل ال-گلوتامین (گلوتامکس) یک دی پپتید است که به دلیل بی‌ثباتی گلوتامین در محلول و تجزیه آن به آمونیاک می‌تواند به‌عنوان ...
برای ادامه مطالب، مشاهده و خرید آنلاین این محصول به لینک زیر مرا",model_fleet+pubchem,ai_model_fleet,2026-08-27,0f9891df9a771bd23b1ea432ec117ac32190e060e5b91f5a4c0bfda582e10351
"(2S)-7-[(2S,3R,4S,5S,6R)-4,5-dihydroxy-6-(hydroxymethyl)-3-[(2S,3R,4R,5R,6S)-3,4,5-trihydroxy-6-methyloxan-2-yl]oxyoxan-2-yl]oxy-5-hydroxy-2-(4-hydroxyphenyl)-2,3-dihydrochromen-4-one",,,,442428,,,DFPMSGMNTNDNHN-ZPHOTFPESA-N,C27H32O14,580.5,,confirmed_organic,organic_reagent,derived:supplier_platform,,Shimi Merck,ai_normalized,,https://shimimerck.ir/buy-naringin.html,buy naringin,model_fleet+pubchem,ai_model_fleet,2026-08-27,232069ed852459a902b061870f7145ef5fbc20ff61f85d94a315bddc83660d52
"(2S)-7-fluoro-2-methyl-6-(4-methylpiperazin-1-yl)-10-oxo-4-oxa-1-azatricyclo[7.3.1.05,13]trideca-5(13),6,8,11-tetraene-11-carboxylic acid",levofloxacin,"(2S)-7-fluoro-2-methyl-6-(4-methylpiperazin-1-yl)-10-oxo-4-oxa-1-azatricyclo[7.3.1.05,13]trideca-5(13),6,8,11-tetraene-11-carboxylic acid; levofloxacin; Levofloxacin",,149096,,,GSDSWSVVBLHKDQ-JTQLQIEISA-N,C18H20FN3O4,361.4,C[C@H]1COC2=C3N1C=C(C(=O)C3=CC(=C2N4CCN(CC4)C)F)C(=O)O,confirmed_organic,pharmaceutical_or_api,,,Rooz Darou; Temad + t.me/ATRmedShop,Iranian pharmaceutical product catalogue|ai_normalized,product_page_listed_not_current_stock_verified,https://t.me/ATRmedShop/582,"قرص لووفلوکساسین 500 || آنتی‌بیوتیک لووفلوکساسین

‌‏⁧ ‌‌‏‌محصولات سیگما اصل را از ما بخواهید.

 👇 واردات و فروش مواد شیمیایی سیگما 👇 ‌
‌ 
‌
 ☎️ تلفن: ۰۲۱۶۶۳۶۱۵۴۳-۶۶۳۷۹۰۲۶-۰۲۱
‌
 📱 موبایل: 09120549893

 🌐 لینک محصول :

 https://atrmed.com/produc",PubChem name validation from supplier product title,ai_model_fleet + seed_2026-08-24 + seed_2026-08-25,2026-08-23,f4921d22554abaed30019cc4fc0d5a7dc3d718f53dc922d694598a29f1207103
"(2S)-N-[(2S)-4-amino-1-[[(2S,3S)-1-[(2S)-2-[[(2S)-1-[[(2S)-1-amino-3-hydroxy-1-oxopropan-2-yl]amino]-3-(1H-indol-3-yl)-1-oxopropan-2-yl]carbamoyl]-4-(3-cyclopenta-1,3-dien-1-yl-1,2-dihydrotriazol-5-yl)pyrrolidin-1-yl]-3-methyl-1-oxopentan-2-yl]amino]-1,4-dioxobutan-2-yl]-2-[[(2S)-2-amino-5-(diaminomethylideneamino)pentanoyl]amino]butanediamide;cyclopenta-1,3-diene;iron(2+)",um22,"(2S)-N-[(2S)-4-amino-1-[[(2S,3S)-1-[(2S)-2-[[(2S)-1-[[(2S)-1-amino-3-hydroxy-1-oxopropan-2-yl]amino]-3-(1H-indol-3-yl)-1-oxopropan-2-yl]carbamoyl]-4-(3-cyclopenta-1,3-dien-1-yl-1,2-dihydrotriazol-5-yl)pyrrolidin-1-yl]-3-methyl-1-oxopentan-2-yl]amino]-1,4-dioxobutan-2-yl]-2-[[(2S)-2-amino-5-(diaminomethylideneamino)pentanoyl]amino]butanediamide;cyclopenta-1,3-diene;iron(2+); um22",,71588919,,,YPSKNISVNARNHF-ULQDOXDXSA-N,C51H71FeN17O10,1138.1,CCC(C)C(C(=O)N1CC(CC1C(=O)NC(CC2=CNC3=CC=CC=C32)C(=O)NC(CO)C(=O)N)C4=CN(NN4)C5=CC=C[CH-]5)NC(=O)C(CC(=O)N)NC(=O)C(CC(=O)N)NC(=O)C(CCCN=C(N)N)N.[CH-]1C=CC=C1.[Fe+2],confirmed_organic,organic_reagent,derived:supplier_platform,,TamadKala,Iranian online wholesale/lab shop,product_page_listed_not_current_stock_verified,https://tamadkala.com/product/165160/بن-ماری-جوش-و-سرولوژی-22-لیتری-مدل-um22-فن-آزم,بن ماری جوش و سرولوژی 22 لیتری مدل um22 فن آزم,structured_pubchem,seed_2026-08-25,2026-08-25,68595d03346e2fd80408957fb8690b297c54fdf2dc0a16a4c7c8b56c447c9508
(2S)-N-methyl-1-phenylpropan-2-amine,Methamphetamine,,537-46-2,10836,,,MYWUZJCMWCOHBA-VIFPVBQESA-N,C10H15N,149.23,C[C@@H](CC1=CC=CC=C1)NC,confirmed_organic,pharmaceutical_or_api,,,t.me/IranChemicals + telegram:IranChemicals,Iranian supplier Telegram catalogue|ai_normalized,listing_evidence_crawled_2026-08-24,https://t.me/IranChemicals/26260,"🆘 ⛔️ 🆘 
 🆘 #دانستنی ها 

 ⛔️ مت آمفتامین ، شیشه ، کریستال !!!

 🆘 تاریخچه مخوف و عبرت آموز مت آمفتامین، کریستال ، مت یا شیشه 

 🆘 از جنگ جهانی دوم تا خانه های امروز !!! 

 https://youtu.be/2iytPwj103c?si=NMuq8AWgbNqmdlfz",ai_normalised_listing+pubchem_confirmed,ai_model_fleet + seed_2026-08-24 + seed_2026-08-25,2017-11-20,7b1d8fe97626e33c223f5a1e832bbb46f2f2f537430987c19b1bb03671e1d7e1
(2S)-pyrrolidine-2-carboxylic acid,Proline,(2S)-pyrrolidine-2-carboxylic acid; Proline,147-85-3,145742,,,ONIBWKKTOPOVIA-BYPYZUCNSA-N,C5H9NO2,115.13,C1C[C@H](NC1)C(=O)O,confirmed_organic,organic_reagent,,research,TamadKala,Iranian online wholesale/lab shop,product_page_listed_not_current_stock_verified,https://tamadkala.com/product/164587/%D8%A7%D9%84-%D9%BE%D8%B1%D9%88%D9%84%DB%8C%D9%86-%D8%A8%D8%B1%D9%86%D8%AF-dyc-%DA%86%DB%8C%D9%86,اسید آمینه ال پرولین bioultra | ال پرولین p5607 | ال پرولین برند dyc چین | پرولین p3350000,router_title_normalization,seed_2026-08-24 + seed_2026-08-25,2026-08-23,e3c52c27b4bbee76dbd57e79dc9e6017d8d89849b352af83c8bdf7f5a2199774
"(2S,3R,4R,5R)-4-[(2S,3R,4S,5R,6R)-3,4,5-trihydroxy-6-(hydroxymethyl)oxan-2-yl]oxyhexane-1,2,3,5,6-pentol;dihydrate",,,,157354,,,VAOUPFUEMFJHKI-MTURKXFLSA-N,C12H28O13,380.34,,confirmed_organic,pharmaceutical_or_api,derived:supplier_platform,research,t.me/ATRmedShop,telegram,,https://t.me/s/ATRmedShop,,seed,live_telegram_listing,2026-08-27,84a7e12bddce843fbf08d048efd8ae9ce01cbac020fab48f3e5db0b2d56d22bf
"(2S,3R,4R,5R,6S)-2-[(2R,3R,4S,5S,6R)-5-hydroxy-6-(hydroxymethyl)-2-[[(1S,2S,7S,10R,11S,14S,15R,16S,17R,20S,23S)-10,14,16,20-tetramethyl-22-azahexacyclo[12.10.0.02,11.05,10.015,23.017,22]tetracos-4-en-7-yl]oxy]-4-[(2S,3R,4S,5S,6R)-3,4,5-trihydroxy-6-(hydroxymethyl)oxan-2-yl]oxyoxan-3-yl]oxy-6-methyloxane-3,4,5-triol","(2S,3R,4R,5R,6S)-2-[(2R,3R,4S,5S,6R)-5-hydroxy-6-(hydroxymethyl)-2-[[(1S,2S,7S,10R,11S,14S,15R,16S,17R,20S,23S)-10,14,16,20-tetramethyl-22-azahexacyclo[12.10.0.02,11.05,10.015,23.017,22]tetracos-4-en-7-yl]oxy]-4-[(2S,3R,4S,5S,6R)-3,4,5-trihydroxy-6-(hydroxymethyl)oxan-2-yl]oxyoxan-3-yl]oxy-6-methyloxane-3,4,5-triol",,20562-02-1,9549171,,,ZGVSETXHNHBTRK-UDJLNJFBSA-N,C45H73NO15,868.1,CC1CCC2C(C3C(N2C1)CC4C3(CCC5C4CC=C6C5(CCC(C6)OC7C(C(C(C(O7)CO)O)OC8C(C(C(C(O8)CO)O)O)O)OC9C(C(C(C(O9)C)O)O)O)C)C)C,confirmed_organic,organic_reagent,derived:supplier_platform,,telegram:ChemIranSanat,public Telegram (seller_research),product_page_listed_not_current_stock_verified,https://t.me/ChemIranSanat/1755,Solanine | برخی مواد طبیعی در (هسته) سیب (Amygdalin) و (جوانه های سبز) سیب زمینی (Solanine) یا مواد ساخته دست بشر مانند آسپرین در مقادیر بیش از 1000 میلی گرم به ازای 1 کیلوگرم وزن بدن انسان سمی هستند (دوز سمی برای یک انسان 70 کیلویی، بیش از 7 گرم است). مواد دیگری چون قند طبیعی و تفلون مصنوعی در این,router_batch+pubchem,seed_2026-08-25,2026-08-25,142d94ddba489359c3c3acc4699ce74912aedafe67dc1525d370e7eb8f933d1f
"(2S,3R,4S,5R,6R)-2-[(5-bromo-4-chloro-1H-indol-3-yl)oxy]-6-(hydroxymethyl)oxane-3,4,5-triol",,,,65181,,,OPIFSICVWOWJMJ-AEOCFKNESA-N,C14H15BrClNO6,408.63,,confirmed_organic,pharmaceutical_or_api,derived:supplier_platform,,t.me/ATRmedShop,ai_normalized,,https://t.me/ATRmedShop/158,"ایکس گل X-Gal برند Santa Cruz آمریکا
ایکس گل X-Gal برند Santa Cruz آمریکا در ترکیب با IPTG برای تشخیص فعالیت آنزیم بتا-گالاکتوزیداز در کلنی‌های نوترکیب باکتریایی استفاده می‌شود. X-Gal توسط آنزیم بتا-گالاکتوزیداز در پیوند",model_fleet+pubchem,ai_model_fleet,2026-08-27,02d5ea85ff7a050735d2d7cc7f0c4a330f4129821f3c8799075083f4bbece131
"(2S,3R,4S,5R,6R)-3,4,5,6-tetrahydroxyoxane-2-carboxylic acid",Pectin,"(2S,3R,4S,5R,6R)-3,4,5,6-tetrahydroxyoxane-2-carboxylic acid; Pectin",9000-69-5,441476,,,AEMOLEFTQBMNLQ-DTEWXJGMSA-N,C6H10O7,194.14,[C@@H]1([C@H]([C@H](O[C@H]([C@@H]1O)O)C(=O)O)O)O,confirmed_organic,organic_reagent,,industrial,Telegram: jahaneshimicom,Iranian supplier Telegram catalogue,listed_not_current_stock_verified,,"(2S,3R,4S,5R,6R)-3,4,5,6-tetrahydroxyoxane-2-carboxylic acid",existing skill export,seed_2026-08-24 + seed_2026-08-25,2026-08-23,6e1dbd24e39b87d684937507c766ad1fc3cfabd35e20c1e88ef321ae6a771abb
"(2S,3R,4S,5S,6R)-6-(hydroxymethyl)oxane-2,3,4,5-tetrol;hydrate",alpha-D-Glucose monohydrate,"(2S,3R,4S,5S,6R)-6-(hydroxymethyl)oxane-2,3,4,5-tetrol;hydrate; alpha-D-Glucose monohydrate",14431-43-7,66370,,,OSNSWKAZFASRNG-WNFIKIDCSA-N,C6H14O7,198.17,C([C@@H]1[C@H]([C@@H]([C@H]([C@H](O1)O)O)O)O)O.O,confirmed_organic,secondary_metabolite_or_natural_product,,,t.me/ATRmedShop + telegram:jahaneshimicom; Mojallali Group,Iranian supplier Telegram catalogue|ai_normalized,listing_evidence_crawled_2026-08-24,https://t.me/ATRmedShop/626,"Dextrose monohydrate || D (+)-گلوکز مونوهیدرات گرید میکروبیولوژی

‌‏⁧ ‌‌‏‌محصولات مرک اصل را از ما بخواهید.

 👇 واردات و فروش مواد شیمیایی مرک 👇 ‌
‌ 
‌
 ☎️ تلفن: ۰۲۱۶۶۳۶۱۵۴۳-۶۶۳۷۹۰۲۶-۰۲۱
‌
 📱 موبایل: 09120549893

 🌐 لینک محصول :

 https://atrme",ai_normalised_listing+pubchem_confirmed,ai_model_fleet + seed_2026-08-24 + seed_2026-08-25,2024-02-04,b8b79f61215bf808b23d2138feea2ecd3100c802fd163f487da732a468ce7fb9
"(2S,3S)-2-amino-3-methylpentanoic acid",Isoleucine,"(2S,3S)-2-amino-3-methylpentanoic acid; Isoleucine",73-32-5,6306,,,AGPKZVBTJJNPAG-WHFBIAKZSA-N,C6H13NO2,131.17,CC[C@H](C)[C@@H](C(=O)O)N,confirmed_organic,organic_reagent,,research,TamadKala; telegram:ATRmedShop + t.me/ATRmedShop,Iranian online wholesale/lab shop|ai_normalized|telegram,product_page_listed_not_current_stock_verified,https://t.me/ATRmedShop/612,"آمینو اسید ال ایزولوسین bioultra | ایزولوسین || اسیدآمینه ال-ایزولوسین گرید کشت سلول

‌‏⁧ ‌‌‏‌محصولات سیگما اصل را از ما بخواهید.

 👇 واردات و فروش مواد شیمیایی سیگما 👇 ‌
‌ 
‌
 ☎️ تلفن: ۰۲۱۶۶۳۶۱۵۴۳-۶۶۳۷۹۰۲۶-۰۲۱
‌
 📱 موبایل: 09120549893

 🌐 لینک محصول :

 https://atrme",router_title_normalization,ai_model_fleet + live_telegram_listing + seed_2026-08-24 + seed_2026-08-25,2026-08-23,e8ec12a65fee2427e7e30d7c0dad3053653dd06dc12d29ac0aa1f61b484e7c4d
"(2S,3S)-butane-1,2,3,4-tetrol;(2R,3R)-butane-1,2,3,4-tetrol",,,,89156026,,,RUXUJSMUZGUSEA-CKQOXSRLSA-N,C8H20O8,244.24,,confirmed_organic,pharmaceutical_or_api,derived:supplier_platform,,t.me/ATRmedShop,ai_normalized,,https://t.me/ATRmedShop/531,"DL-دی تیو تریتول گرید بیولوژی مولکولی

‌‏⁧ ‌‌‏‌محصولات سیگما اصل را از ما بخواهید.

 👇 واردات و فروش مواد شیمیایی سیگما و مرک 👇 ‌
‌ 
‌
 ☎️ تلفن: ۰۲۱۶۶۳۶۱۵۴۳-۶۶۳۷۹۰۲۶-۰۲۱
‌
 📱 موبایل: 09120549893

 🌐 لینک محصول : 
 https:",model_fleet+pubchem,ai_model_fleet,2026-08-27,524ef29b28fe1ac96659ee314361a0c29e5af6143f2354aa1c5fc434e8656dff
"(2S,3S,4R,5R)-3,4,5,6-tetrahydroxyoxane-2-carboxylic acid",alla,"(2S,3S,4R,5R)-3,4,5,6-tetrahydroxyoxane-2-carboxylic acid; alla",,6602103,,,AEMOLEFTQBMNLQ-PKKLWIBTSA-N,C6H10O7,194.14,C1(C(C(OC(C1O)O)C(=O)O)O)O,confirmed_organic,organic_reagent,derived:supplier_platform,,TamadKala,Iranian online wholesale/lab shop,product_page_listed_not_current_stock_verified,https://tamadkala.com/product/164437/دماسنج-شیشه-ای-الکلی-ساخت-کمپانی-alla,دماسنج شیشه ای الکلی ساخت کمپانی alla,structured_pubchem,seed_2026-08-25,2026-08-25,3dd757b44c2ed5df4762bc667a410e65b7a07905019fdce040cfa15a48156596
"(2S,3S,4S,5R)-3,4,5,6-tetrahydroxyoxane-2-carboxylic acid",,,,94715,,,AEMOLEFTQBMNLQ-AQKNRBDQSA-N,C6H10O7,194.14,,confirmed_organic,organic_reagent,derived:supplier_platform,,Shimi Merck,ai_normalized,,https://shimimerck.ir/buy-diglucuronic-acid.html,buy diglucuronic acid,model_fleet+pubchem,ai_model_fleet,2026-08-27,6d659cab0a033d7bc6d370df52d8ec4046e6d5bfa4d063afd4abea70315e8666
"(2S,3S,4S,5R,6S)-3,4,5-trihydroxy-6-(4-methyl-2-oxochromen-7-yl)oxyoxane-2-carboxylic acid;hydrate",,,,16218413,,,URVSQZMOFUEQAW-YYHOVTOASA-N,C16H18O10,370.31,,confirmed_organic,pharmaceutical_or_api,derived:supplier_platform,,t.me/ATRmedShop,ai_normalized,,https://t.me/ATRmedShop/183,"4**-متیل امبلیفریل بتا-دی-گلوکورونید هیدرات **
4-متیل امبلیفریل بتا-دی-گلوکورونید هیدرات یک سوبسترای فلورسنت برای برای آنزیم بتا-گالاکتوزیداز ... 
برای مشاهده ادامه مطلب، قیمت آنلاین و خرید اینترنتی به لینک زیر مراجعه فر",model_fleet+pubchem,ai_model_fleet,2026-08-27,7124a9f8b3c0e1d9547aadddcdd515a8bd28d3715773f4e9b4429c4bed01615d
"(2S,3S,4S,5S)-2-[(1S,2S,3R,4S,6R)-4,6-diamino-3-[(2S,3R,4R,5S,6R)-3-amino-4,5-dihydroxy-6-(1-hydroxyethyl)oxan-2-yl]oxy-2-hydroxycyclohexyl]oxy-5-methyl-4-(methylamino)oxane-3,5-diol;sulfuric acid",,,,16218858,,,UHEPSJJJMTWUCP-NKCAIAFTSA-N,C20H44N4O18S2,692.7,,confirmed_organic,pharmaceutical_or_api,derived:supplier_platform,,t.me/ATRmedShop,ai_normalized,,https://t.me/ATRmedShop/654,"آنتی بیوتیک G418 گرید کشت سلول

‌‏⁧ ‌‌‏‌محصولات سیگما اصل را از ما بخواهید.

 👇 واردات و فروش مواد شیمیایی سیگما 👇 ‌
‌ 
‌
 ☎️ تلفن: ۰۲۱۶۶۳۶۱۵۴۳-۶۶۳۷۹۰۲۶-۰۲۱
‌
 📱 موبایل: 09120549893

 🌐 لینک محصول :

 https://atrmed.com/",model_fleet+pubchem,ai_model_fleet,2026-08-27,c15f524016810a3ba69a025f95772f03cc0841e6041af908525087b96206b578
"(2S,4R)-N-[(1R,2R)-2-hydroxy-1-[(2R,3R,4S,5R,6R)-3,4,5-trihydroxy-6-methylsulfanyloxan-2-yl]propyl]-1-methyl-4-propylpyrrolidine-2-carboxamide",,,,3000540,,,OJMMVQQUTAEWLP-KIDUDLJLSA-N,C18H34N2O6S,406.5,,confirmed_organic,pharmaceutical_or_api,derived:supplier_platform,,t.me/ATRmedShop,ai_normalized,,https://t.me/ATRmedShop/759,"لینکومایسین هیدروکلرید


‌‏⁧ ‌‌‏‌محصولات سیگما اصل را از ما بخواهید.

 👇 واردات و فروش مواد شیمیایی سیگما 👇 ‌‌ 
‌
 ☎️ تلفن: ۰۲۱۶۶۳۶۱۵۴۳-۶۶۳۷۹۰۲۶-۰۲۱
‌
 📱 موبایل: 09120549893

 🌐 لینک محصول :

 https://atrmed.com/product/",model_fleet+pubchem,ai_model_fleet,2026-08-27,409535246726163ba013d37ca4f9146c935591920561340150058c49c4f5d05c
"(2S,4R)-N-[(1R,2R)-2-hydroxy-1-[(2R,3R,4S,5R,6R)-3,4,5-trihydroxy-6-methylsulfanyloxan-2-yl]propyl]-1-methyl-4-propylpyrrolidine-2-carboxamide;hydrochloride","(2S,4R)-N-[(1R,2R)-2-hydroxy-1-[(2R,3R,4S,5R,6R)-3,4,5-trihydroxy-6-methylsulfanyloxan-2-yl]propyl]-1-methyl-4-propylpyrrolidine-2-carboxamide;hydrochloride",,859-18-7,64710,,,POUMFISTNHIPTI-BOMBIWCESA-N,C18H35ClN2O6S,443.0,CCCC1CC(N(C1)C)C(=O)NC(C2C(C(C(C(O2)SC)O)O)O)C(C)O.Cl,confirmed_organic,pharmaceutical_or_api,derived:supplier_platform,,t.me/ATRmedShop + telegram:ATRmedShop,ai_normalized|public Telegram (seller_research),product_page_listed_not_current_stock_verified,https://t.me/ATRmedShop/759,Lincomycin hydrochloride | لینکومایسین هیدروکلرید ‌‏⁧ ‌‌‏‌محصولات سیگما اصل را از ما بخواهید. 👇 واردات و فروش مواد شیمیایی سیگما 👇 ‌‌ ‌ ☎️ تلفن: ۰۲۱۶۶۳۶۱۵۴۳-۶۶۳۷۹۰۲۶-۰۲۱ ‌ 📱 موبایل: 09120549893 🌐 لینک محصول : https://atrmed.com/product/lincomycin-hydrochloride/?v=e067b3c6b979 #آثل_طب #مواد_ازمایشگاه,router_batch+pubchem,ai_model_fleet + seed_2026-08-25,2026-08-25,0f5446fe521e4e87dc36cfe28e249480d31067d35deb34117005dee50b23616b
"(2S,4R)-N-[(1S,2S)-2-chloro-1-[(2R,3R,4S,5R,6R)-3,4,5-trihydroxy-6-methylsulfanyloxan-2-yl]propyl]-1-methyl-4-propylpyrrolidine-2-carboxamide;hydrochloride",Clindamycin Hydrochloride,"(2S,4R)-N-[(1S,2S)-2-chloro-1-[(2R,3R,4S,5R,6R)-3,4,5-trihydroxy-6-methylsulfanyloxan-2-yl]propyl]-1-methyl-4-propylpyrrolidine-2-carboxamide;hydrochloride; Clindamycin Hydrochloride",,16051951,,,AUODDLQVRAJAJM-XJQDNNTCSA-N,C18H34Cl2N2O5S,461.4,CCC[C@@H]1C[C@H](N(C1)C)C(=O)N[C@@H]([C@@H]2[C@@H]([C@@H]([C@H]([C@H](O2)SC)O)O)O)[C@H](C)Cl.Cl,confirmed_organic,pharmaceutical_or_api,,research,BehChin Chemi Pharmed,Iranian supplier API/intermediate catalogue,supplier_catalogue_listed_not_current_stock_verified,https://www.behchinchemi.ir/en/our-products/active-pharmaceutical-ingredient,Clindamycin Hydrochloride,supplier_table,seed_2026-08-24 + seed_2026-08-25,2026-08-23,c07be37e00929ebe319a35ec709396a0d594350e374519e75e7080ba581b36d3
"(2S,5R,6R)-3,3-dimethyl-7-oxo-6-[(2-phenylacetyl)amino]-4-thia-1-azabicyclo[3.2.0]heptane-2-carboxylic acid",,,,5904,,,JGSARLDLIJGVTE-MBNYWOFBSA-N,C16H18N2O4S,334.4,,confirmed_organic,pharmaceutical_or_api,derived:supplier_platform,,t.me/ATRmedShop,ai_normalized,,https://t.me/ATRmedShop/583,"آنتی‌بیوتیک پنیسیلین G

‌‏⁧ ‌‌‏‌محصولات سیگما اصل را از ما بخواهید.

 👇 واردات و فروش مواد شیمیایی سیگما 👇 ‌
‌ 
‌
 ☎️ تلفن: ۰۲۱۶۶۳۶۱۵۴۳-۶۶۳۷۹۰۲۶-۰۲۱
‌
 📱 موبایل: 09120549893

 🌐 لینک محصول :
 https://atrmed.com/product/p",model_fleet+pubchem,ai_model_fleet,2026-08-27,34bf3d355f18274ca314181450b5da7d77932d90f73dd0210de6c469c7ed41b5
"(2S,5R,6R)-6-[[(2R)-2-amino-2-phenylacetyl]amino]-3,3-dimethyl-7-oxo-4-thia-1-azabicyclo[3.2.0]heptane-2-carboxylic acid",,,,6249,,,AVKUERGKIZMTKX-NJBDSQKTSA-N,C16H19N3O4S,349.4,,confirmed_organic,pharmaceutical_or_api,derived:supplier_platform,,t.me/ATRmedShop,ai_normalized,,https://t.me/ATRmedShop/223,"آمپی سیلین 
آنتی بیوتیک آمپی سیلین یکی از اعضای خانواده بتالاکتام وسیع الطیف است که از لحاظ ساختازی مشابه با پنی سیلین است. این ماده دارای میزان بالایی از فعالیت در برابر بسیاری از..
برای ادامه مطالب، مشاهده و خرید آنلای",model_fleet+pubchem,ai_model_fleet,2026-08-27,d30b1b8e1cc36a9e0bebe6498dadb4754660df625d0086eb84dbed0c4cbd024c
"(3-hydroxy-2,2,4-trimethylpentyl) 2-methylpropanoate",Texanol,"(3-hydroxy-2,2,4-trimethylpentyl) 2-methylpropanoate; Texanol",25265-77-4,6490,,,DAFHKNAQFPVRKR-UHFFFAOYSA-N,C12H24O3,216.32,CC(C)C(C(C)(C)COC(=O)C(C)C)O,confirmed_organic,organic_reagent,,industrial,Telegram: Maran_Tejarat_Eshen + t.me/IranChemicals + t.me/Maran_Tejarat_Eshen,Iranian supplier Telegram catalogue|ai_normalized|telegram,listed_not_current_stock_verified,https://t.me/Maran_Tejarat_Eshen/650,"(3-hydroxy-2,2,4-trimethylpentyl) 2-methylpropanoate || 🔴 #Texanol 

 ✅ Technical report of 
 🔴 Eastman Chemical Company 

 ✅ Standing the test of time
 👇 
 🔴 https://t.me/Iranchemicals/23585 || #Texanol : 
تگزانول به عنوان یکی از حلال‌های مؤثر در فرمولاسیون #رنگ‌ها و پوشش‌ها شناخته می‌شود. این ماده",existing skill export,ai_model_fleet + live_telegram_listing + seed_2026-08-24 + seed_2026-08-25,2026-08-23,f90221162d8a72e9f28a20bffa26a75f24c932447f2a75c1b086f96928552c24
(3R)-3-(2-methylpropanoyloxy)-4-(trimethylazaniumyl)butanoate,,,,168379,,,LRCNOZRCYBNMEP-SECBINFHSA-N,C11H21NO4,231.29,,confirmed_organic,organic_reagent,derived:supplier_platform,,Shimi Merck,ai_normalized,,https://shimimerck.ir/isobutyryl-l-carnitine.html,isobutyryl l carnitine,model_fleet+pubchem,ai_model_fleet,2026-08-27,c3f3bb27905f0eaedd5a4cef097584823363ded21812d3b885a94459c38fc3ee
"(3R)-3-amino-1-[3-(trifluoromethyl)-6,8-dihydro-5H-[1,2,4]triazolo[4,3-a]pyrazin-7-yl]-4-(2,4,5-trifluorophenyl)butan-1-one",Sitagliptin,"(3R)-3-amino-1-[3-(trifluoromethyl)-6,8-dihydro-5H-[1,2,4]triazolo[4,3-a]pyrazin-7-yl]-4-(2,4,5-trifluorophenyl)butan-1-one; Sitagliptin",,4369359,,,MFFMDFFZMYYVKS-SECBINFHSA-N,C16H15F6N5O,407.31,C1CN2C(=NN=C2C(F)(F)F)CN1C(=O)C[C@@H](CC3=CC(=C(C=C3F)F)F)N,confirmed_organic,pharmaceutical_or_api,,research,BehChin Chemi Pharmed,Iranian supplier API/intermediate catalogue,supplier_catalogue_listed_not_current_stock_verified,https://www.behchinchemi.ir/en/our-products/active-pharmaceutical-ingredient,Sitagliptin,supplier_table,seed_2026-08-24 + seed_2026-08-25,2026-08-23,7159c5090c72b7bb604a2d22b31ff6b8038b32805cfacb86b300d26b3bc0c4d9
(3R)-3-hydroxy-4-(trimethylazaniumyl)butanoate,levocarnitine,(3R)-3-hydroxy-4-(trimethylazaniumyl)butanoate; levocarnitine,,10917,,,PHIQHXFUZVPYII-ZCFIWIBFSA-N,C7H15NO3,161.20,C[N+](C)(C)C[C@@H](CC(=O)[O-])O,confirmed_organic,supplement_active,,,Rooz Darou,Iranian pharmaceutical product catalogue,product_page_listed_not_current_stock_verified,http://rouzdarou.com/products/%D9%82%D8%B1%D8%B5-%D8%A7%D9%84-%DA%A9%D9%80%D8%A7%D8%B1%D9%86%D9%80%DB%8C%D8%AA%DB%8C%D9%86-1000-%D9%85%DB%8C%D9%84%DB%8C-%DA%AF%D8%B1%D9%85-%D8%B1%D8%B2%D8%A7%D9%88%DB%8C%D8%AA,قرص ال-کـارنـیتین 1000 میلی گرم رزاویت,PubChem name validation from supplier product title,seed_2026-08-24 + seed_2026-08-25,2026-08-23,ab605253cfdcebf730a2962234b08ce31fc659998f0eda61adedc577f5bf8e99
(3R)-3-hydroxybutanoic acid,bhib,(3R)-3-hydroxybutanoic acid; bhib,,92135,,,WHBMMWSBFZVSSR-GSVOUGTGSA-N,C4H8O3,104.1,CC(CC(=O)O)O,confirmed_organic,organic_reagent,derived:supplier_platform,,TamadKala,Iranian online wholesale/lab shop,product_page_listed_not_current_stock_verified,https://tamadkala.com/product/22515/محیط-کشت-عصاره-قلب-مغز-براثbhib,محیط کشت عصاره قلب مغز براثbhib,structured_pubchem,seed_2026-08-25,2026-08-25,3eb767ff0baf614c9a4aa2f9630e6888f786f3999100a529b7659cce2253b80e
"(3R,4S,5R,6R)-6-(hydroxymethyl)oxane-2,3,4,5-tetrol",,,,6036,,,WQZGKKKJIJFFOK-SVZMEOIVSA-N,C6H12O6,180.16,,confirmed_organic,organic_reagent,derived:supplier_platform,,Shimi Merck,ai_normalized,,https://shimimerck.ir/buy-d-galactose.html,buy d galactose,model_fleet+pubchem,ai_model_fleet,2026-08-27,3b1295276ba6d24a05e28600f78c02c80ad2efa453f7fe16486bf067bba35d23
"(3R,4S,5S)-oxane-2,3,4,5-tetrol",,,,439195,,,SRBFZHDQGSBBOR-HWQSCIPKSA-N,C5H10O5,150.13,,confirmed_organic,organic_reagent,derived:supplier_platform,,Shimi Merck,ai_normalized,,https://shimimerck.ir/buy-l-arabinose-code-101492.html,buy l arabinose code,model_fleet+pubchem,ai_model_fleet,2026-08-27,8eb0d19b1afdd0ec06acc429f13f76f010a47e1ff3c75e6ed8e8db2034700b27
"(3R,4S,5S,6R)-6-(hydroxymethyl)oxane-2,3,4,5-tetrol",Glucose,"(3R,4S,5S,6R)-6-(hydroxymethyl)oxane-2,3,4,5-tetrol; Glucose",50-99-7,5793,,,WQZGKKKJIJFFOK-GASJEMHNSA-N,C6H12O6,180.16,C([C@@H]1[C@H]([C@@H]([C@H](C(O1)O)O)O)O)O,confirmed_organic,organic_reagent,,,DigiShimi; Fardad Shimi; TamadKala; telegram:ATRmedShop + t.me/ATRmedShop,Iranian online chemical shops | Iranian online lab-chemical shop | Iranian online wholesale/lab shop|ai_normalized,product_page_listed_not_current_stock_verified,https://t.me/ATRmedShop/179,"دکستروز | دکستروز 1 آبه | ... | گلوکز | گلوکز ۱ آبه MERCK | ... || گلوکز خشک 
گلوکز خشک یا همان D-(+)-گلوکز مهار رشد ناشی از میكسوتیازول در ساكارومایسسس سرویزیه، Mucor hiemalis و ...
برای ادامه مطلب، قیمت آنلاین و خرید اینترنتی به لینک زیر مراجعه فرمایید:
 https://atrmedshop.com/product",router_title_normalization,ai_model_fleet + seed_2026-08-24 + seed_2026-08-25,2026-08-23,46fc17640a54c1f72e9660d29413fe61f1905b0f0e446adc5cebe9204799fa1c
"(3R,4S,5S,6R,7R,9R,11R,12R,13S,14R)-6-[(2S,3R,4S,6R)-4-(dimethylamino)-3-hydroxy-6-methyloxan-2-yl]oxy-14-ethyl-12,13-dihydroxy-4-[(2R,4R,5S,6S)-5-hydroxy-4-methoxy-4,6-dimethyloxan-2-yl]oxy-7-methoxy-3,5,7,9,11,13-hexamethyl-oxacyclotetradecane-2,10-dione",clarithromycin,"(3R,4S,5S,6R,7R,9R,11R,12R,13S,14R)-6-[(2S,3R,4S,6R)-4-(dimethylamino)-3-hydroxy-6-methyloxan-2-yl]oxy-14-ethyl-12,13-dihydroxy-4-[(2R,4R,5S,6S)-5-hydroxy-4-methoxy-4,6-dimethyloxan-2-yl]oxy-7-methoxy-3,5,7,9,11,13-hexamethyl-oxacyclotetradecane-2,10-dione; clarithromycin; Clarithromycin",,84029,,,AGOYDEPGAOXOCK-KCBOHYOISA-N,C38H69NO13,748.0,CC[C@@H]1[C@@]([C@@H]([C@H](C(=O)[C@@H](C[C@@]([C@@H]([C@H]([C@@H]([C@H](C(=O)O1)C)O[C@H]2C[C@@]([C@H]([C@@H](O2)C)O)(C)OC)C)O[C@H]3[C@@H]([C@H](C[C@H](O3)C)N(C)C)O)(C)OC)C)C)O)(C)O,confirmed_organic,pharmaceutical_or_api,,,Rooz Darou; Temad,Iranian pharmaceutical product catalogue,product_page_listed_not_current_stock_verified,http://rouzdarou.com/products/%D9%82%D8%B1%D8%B5-%DA%A9%D9%84%D8%A7%D8%B1%DB%8C%D8%AA%D8%B1%D9%88%D9%85%D8%A7%DB%8C%D8%B3%DB%8C%D9%86-500,قرص کلاریترومایسین 500,PubChem name validation from supplier product title,seed_2026-08-24 + seed_2026-08-25,2026-08-23,7b21c552830a3eff3278991e07850eaf0cca32544c68fca41ddbbe7c3c6c375f
"(3R,4S,5S,6R,7R,9R,11R,12R,13S,14R)-6-[(2S,3R,4S,6R)-4-(dimethylamino)-3-hydroxy-6-methyloxan-2-yl]oxy-14-ethyl-7,12,13-trihydroxy-4-[(2R,4R,5S,6S)-5-hydroxy-4-methoxy-4,6-dimethyloxan-2-yl]oxy-3,5,7,9,11,13-hexamethyl-oxacyclotetradecane-2,10-dione",erythromycin,"(3R,4S,5S,6R,7R,9R,11R,12R,13S,14R)-6-[(2S,3R,4S,6R)-4-(dimethylamino)-3-hydroxy-6-methyloxan-2-yl]oxy-14-ethyl-7,12,13-trihydroxy-4-[(2R,4R,5S,6S)-5-hydroxy-4-methoxy-4,6-dimethyloxan-2-yl]oxy-3,5,7,9,11,13-hexamethyl-oxacyclotetradecane-2,10-dione; erythromycin",,12560,,,ULGZDMOVFRHVEP-RWJQBGPGSA-N,C37H67NO13,733.9,CC[C@@H]1[C@@]([C@@H]([C@H](C(=O)[C@@H](C[C@@]([C@@H]([C@H]([C@@H]([C@H](C(=O)O1)C)O[C@H]2C[C@@]([C@H]([C@@H](O2)C)O)(C)OC)C)O[C@H]3[C@@H]([C@H](C[C@H](O3)C)N(C)C)O)(C)O)C)C)O)(C)O,confirmed_organic,pharmaceutical_or_api,,,Rooz Darou,Iranian pharmaceutical product catalogue,product_page_listed_not_current_stock_verified,http://rouzdarou.com/products/%D9%82%D8%B1%D8%B5-%D8%A7%D8%B1%DB%8C%D8%AA%D8%B1%D9%88%D9%85%D8%A7%DB%8C%D8%B3%DB%8C%D9%86-200,قرص اریترومایسین 200,PubChem name validation from supplier product title,seed_2026-08-24 + seed_2026-08-25,2026-08-23,b5dc21a6508d82595253e6ef9dd48b1a2f43abe102242f2829b7785f3de6d100
"(3R,5R)-7-[2-(4-fluorophenyl)-3-phenyl-4-(phenylcarbamoyl)-5-propan-2-ylpyrrol-1-yl]-3,5-dihydroxyheptanoic acid",atorvastatin,"(3R,5R)-7-[2-(4-fluorophenyl)-3-phenyl-4-(phenylcarbamoyl)-5-propan-2-ylpyrrol-1-yl]-3,5-dihydroxyheptanoic acid; atorvastatin",,60823,,,XUKUURHRXDUEBC-KAYWLYCHSA-N,C33H35FN2O5,558.6,CC(C)C1=C(C(=C(N1CC[C@H](C[C@H](CC(=O)O)O)O)C2=CC=C(C=C2)F)C3=CC=CC=C3)C(=O)NC4=CC=CC=C4,confirmed_organic,pharmaceutical_or_api,,,Rooz Darou,Iranian pharmaceutical product catalogue,product_page_listed_not_current_stock_verified,http://rouzdarou.com/products/%D9%82%D8%B1%D8%B5-%D8%A2%D8%AA%D9%88%D8%B1%D9%88%D8%A7%D8%B3%D8%AA%D8%A7%D8%AA%DB%8C%D9%86-40,قرص آتورواستاتین 40,PubChem name validation from supplier product title,seed_2026-08-24 + seed_2026-08-25,2026-08-23,13361e600ad8099802a86897788f7297da5321069073a3c3ec61bcd9b590e941
(3S)-3-(aminomethyl)-5-methylhexanoic acid,Pregabalin,(3S)-3-(aminomethyl)-5-methylhexanoic acid; Pregabalin,,5486971,,,AYXYPKUFHZROOJ-ZETCQYMHSA-N,C8H17NO2,159.23,CC(C)CC(CC(=O)O)CN,confirmed_organic,organic_reagent,derived:supplier_platform,,Temad,Iranian WooCommerce catalogue,product_page_listed_not_current_stock_verified,https://www.temad.com/product/betamethasone-valerate-2/,Pregabalin,structured_pubchem,seed_2026-08-25,2026-08-25,baa0df278166aff1e571945a732af646ec8c7e2108bdd066a3f4910c976c79e9
"(3S)-6,7-dimethoxy-3-[(5R)-4-methoxy-6-methyl-7,8-dihydro-5H-[1,3]dioxolo[4,5-g]isoquinolin-5-yl]-3H-2-benzofuran-1-one",Noscapine Base,"(3S)-6,7-dimethoxy-3-[(5R)-4-methoxy-6-methyl-7,8-dihydro-5H-[1,3]dioxolo[4,5-g]isoquinolin-5-yl]-3H-2-benzofuran-1-one; Noscapine Base",,275196,,,AKNNEGZIBPJZJG-MSOLQXFVSA-N,C22H23NO7,413.4,CN1CCC2=CC3=C(C(=C2C1C4C5=C(C(=C(C=C5)OC)OC)C(=O)O4)OC)OCO3,confirmed_organic,organic_reagent,derived:supplier_platform,,Temad,Iranian WooCommerce catalogue,product_page_listed_not_current_stock_verified,https://www.temad.com/product/triamcinolone-acetonide-2/,Noscapine Base,structured_pubchem,seed_2026-08-25,2026-08-25,8b92830c0fcac934b3e83f6e72ec0503a78a2e66911780517eda250c8b926ae6
"(3S,4R,5R)-2-(hydroxymethyl)oxane-2,3,4,5-tetrol",Fructose,"(3S,4R,5R)-2-(hydroxymethyl)oxane-2,3,4,5-tetrol; Fructose",57-48-7,2723872,,,LKDRXBCSQODPBY-VRPWFDPXSA-N,C6H12O6,180.16,C1[C@H]([C@H]([C@@H](C(O1)(CO)O)O)O)O,confirmed_organic,organic_reagent,,,Fardad Shimi; Mojallali Group + Shimi Merck,Iranian online lab-chemical shop|ai_normalized,product_page_listed_not_current_stock_verified,https://shimimerck.ir/buy-d-fructose.html,فروکتوز MERCK | ... || buy d fructose,router_title_normalization,ai_model_fleet + seed_2026-08-24 + seed_2026-08-25,2026-08-23,25c70c32088692002d34500ec961248dac44f7f31ad7c0fb257445449b7d5c57
"(3S,6S,9S,12R,15S,18S,21S,24S,30S,33S)-30-ethyl-33-[(E,1R,2R)-1-hydroxy-2-methylhex-4-enyl]-1,4,7,10,12,15,19,25,28-nonamethyl-6,9,18,24-tetrakis(2-methylpropyl)-3,21-di(propan-2-yl)-1,4,7,10,13,16,19,22,25,28,31-undecazacyclotritriacontane-2,5,8,11,14,17,20,23,26,29,32-undecone",,,,5284373,,,PMATZTZNYRCHOR-CGLBZJNRSA-N,C62H111N11O12,1202.6,,confirmed_organic,pharmaceutical_or_api,derived:supplier_platform,,t.me/ATRmedShop,ai_normalized,,https://t.me/ATRmedShop/280,"سیکلوسپورین A 
ساختار شیمیایی: پپتید
سیکلوسپورین A یک متابولیت قارچی، سرکوب کننده سیستم ایمنی است. این ماده یک الیگوپپتید غیر قطبی حلقوی است که توسط قارچ Tolypocladium inflatum تولید می‌شود و همچنین یک عامل قوی در ...
بر",model_fleet+pubchem,ai_model_fleet,2026-08-27,2a19f45762c645c6a6a68a6c5b4c0e41998af966dbf8f345ec204a6482a4c7a8
"(3S,8R,9S,10R,13S,14S)-3-hydroxy-10,13-dimethyl-1,2,3,4,7,8,9,11,12,14,15,16-dodecahydrocyclopenta[a]phenanthren-17-one",and,"(3S,8R,9S,10R,13S,14S)-3-hydroxy-10,13-dimethyl-1,2,3,4,7,8,9,11,12,14,15,16-dodecahydrocyclopenta[a]phenanthren-17-one; and",,5881,,,FMGSKLZLMKYGDP-USOAJAOKSA-N,C19H28O2,288.4,CC12CCC3C(C1CCC2=O)CC=C4C3(CCC(C4)O)C,confirmed_organic,organic_reagent,derived:supplier_platform,,TamadKala,Iranian online wholesale/lab shop,product_page_listed_not_current_stock_verified,https://tamadkala.com/product/146731/ترازوی-آزمایشگاهی-and-برند-ژاپنی-تحت-لیس,ترازوی آزمایشگاهی and برند ژاپنی تحت لیس,structured_pubchem,seed_2026-08-25,2026-08-25,73f4f876aaf65100a6dc9d73f12d8c3b83c6ae592c486c4b17b8e5699bc097d2
"(3S,8S,9S,10R,13R,14S,17R)-10,13-dimethyl-17-[(2R)-6-methylheptan-2-yl]-2,3,4,7,8,9,11,12,14,15,16,17-dodecahydro-1H-cyclopenta[a]phenanthren-3-ol",Cholesterol,"(3S,8S,9S,10R,13R,14S,17R)-10,13-dimethyl-17-[(2R)-6-methylheptan-2-yl]-2,3,4,7,8,9,11,12,14,15,16,17-dodecahydro-1H-cyclopenta[a]phenanthren-3-ol; Cholesterol",57-88-5,5997,,,HVYWMOMLDIMFJA-DPAQBDIFSA-N,C27H46O,386.7,C[C@H](CCCC(C)C)[C@H]1CC[C@@H]2[C@@]1(CC[C@H]3[C@H]2CC=C4[C@@]3(CC[C@@H](C4)O)C)C,confirmed_organic,organic_reagent,,,TamadKala,Iranian online wholesale/lab shop,product_page_listed_not_current_stock_verified,https://tamadkala.com/product/146369/%DA%A9%D9%84%D8%B3%D8%AA%D8%B1%D9%88%D9%84-%D8%B3%DB%8C%DA%AF%D9%85%D8%A7-c8503,کلسترول سیگما c8503 | کلسترول سیگما کد c3045,router_title_normalization,seed_2026-08-24 + seed_2026-08-25,2026-08-23,9f33e8198a72d77a68179d7a9274e11f1524f1cec7e5df578d9f4be2cee49e14
(4-ethenylphenyl)methyl acetate,4-Vinylbenzyl acetate,,1592-12-7,2735161,,,LEIKPUSDAWATBV-UHFFFAOYSA-N,C11H12O2,176.21,CC(=O)OCC1=CC=C(C=C1)C=C,confirmed_organic,fragrance_or_aroma,,,telegram:minatajhiz,Iranian supplier Telegram catalogue,listing_evidence_crawled_2026-08-24,https://t.me/minatajhiz/496,,ai_normalised_listing+pubchem_confirmed,seed_2026-08-24 + seed_2026-08-25,2019-01-14,6ae987596a2ff83f6ad8bfc85adacc60608b721375d0fa8546acd34969daa90f
(4-nitrophenyl) acetate,,,,13243,,,QAUUDNIGJSLPSX-UHFFFAOYSA-N,C8H7NO4,181.15,,confirmed_organic,organic_reagent,derived:supplier_platform,,t.me/ChemIranSanat,ai_normalized,,https://t.me/ChemIranSanat/2087,"با درود به اعضای محترم کانال

دوست داریم فروش ویژه بذاریم اما دلار امان نمیده!
بازم به احترام حضورتون در کانال...

 فروش ویژه تا پایان روز یکشنبه هفتم دی 04 

801246 Merck
 5-Aminoisophthalic acid 
10g

802954 Merck
 N,N",model_fleet+pubchem,ai_model_fleet,2026-08-27,f8c79c340e051b05753fbaf9f852a8aacb1ca0eb9b033f0ff5770865f6b847b8
(4R)-1-methyl-4-prop-1-en-2-ylcyclohexene,(+)-Limonene,(4R)-1-methyl-4-prop-1-en-2-ylcyclohexene; (+)-Limonene; (R)-(+)-Limonene,5989-27-5,440917,,,XMGQYMWWDOXHJM-JTQLQIEISA-N,C10H16,136.23,CC1=CC[C@@H](CC1)C(=C)C,confirmed_organic,fragrance_or_aroma,,,Shimi Merck + telegram:minatajhiz,Iranian supplier Telegram catalogue|ai_normalized,listing_evidence_crawled_2026-08-24,https://shimimerck.ir/buy-r-limonene.html,لیمونن (R)-(+)-Limonene کد محصول مرک: 818407 واردات جدید مرک || buy r limonene,ai_normalised_listing+pubchem_confirmed,ai_model_fleet + seed_2026-08-24 + seed_2026-08-25,2023-06-24,fbc73567e6060822df64bfa83b3817cbc413c4adabb90a32c0b0e7bd525353b5
"(4R,4aR,7S,7aR,12bS)-3-methyl-2,4,4a,7,7a,13-hexahydro-1H-4,12-methanobenzofuro[3,2-e]isoquinoline-7,9-diol",,,,5288826,,,BQJCRHHNABKAKU-KBQPJGBKSA-N,C17H19NO3,285.34,,confirmed_organic,organic_reagent,derived:supplier_platform,,t.me/IranChemicals,ai_normalized,,https://t.me/IranChemicals/21793,"👆 👆 👆 

 ✅ طبق اطلاعیه سازمان غذا و دارو: 

 🔴 در شربت آلرگاد میزان مورفین مصرفی ۰.۲ ٪ است که امکان اعتیاد زایی نداره 

 🔴 سازمان غذا و دارو ، رسما شایعات در مورد آلرگاد را رد کرد ولی معتقدند این دارو هنوز تحت بررسی های",model_fleet+pubchem,ai_model_fleet,2026-08-27,053982edb8aa0865bfff072ceeee46ad25a71f5f8c404afa6f61c2ae0df8aee3
"(4R,4aR,7S,7aR,12bS)-9-methoxy-3-methyl-2,4,4a,7,7a,13-hexahydro-1H-4,12-methanobenzofuro[3,2-e]isoquinolin-7-ol;hydrate",Codeine Monohydrate,"(4R,4aR,7S,7aR,12bS)-9-methoxy-3-methyl-2,4,4a,7,7a,13-hexahydro-1H-4,12-methanobenzofuro[3,2-e]isoquinolin-7-ol;hydrate; Codeine Monohydrate",,5362471,,,WRRSFOZOETZUPG-FFHNEAJVSA-N,C18H23NO4,317.4,CN1CCC23C4C1CC5=C2C(=C(C=C5)OC)OC3C(C=C4)O.O,confirmed_organic,organic_reagent,derived:supplier_platform,,Temad,Iranian WooCommerce catalogue,product_page_listed_not_current_stock_verified,https://www.temad.com/product/ofloxacin-2/,Codeine Monohydrate,structured_pubchem,seed_2026-08-25,2026-08-25,d6acc883a270f057eb6d670ba98b51736bb1b0199b335949fff69f04b281920b
"(4R,4aS,7aR,12bS)-4a-hydroxy-9-methoxy-3-methyl-2,4,5,6,7a,13-hexahydro-1H-4,12-methanobenzofuro[3,2-e]isoquinolin-7-one",Oxycodone,"(4R,4aS,7aR,12bS)-4a-hydroxy-9-methoxy-3-methyl-2,4,5,6,7a,13-hexahydro-1H-4,12-methanobenzofuro[3,2-e]isoquinolin-7-one; Oxycodone",,5284603,,,BRUQQQPBMZOVGD-XFKAJCMBSA-N,C18H21NO4,315.4,CN1CCC23C4C(=O)CCC2(C1CC5=C3C(=C(C=C5)OC)O4)O,confirmed_organic,organic_reagent,derived:supplier_platform,,Temad,Iranian WooCommerce catalogue,product_page_listed_not_current_stock_verified,https://www.temad.com/product/oxycodone/,Oxycodone,structured_pubchem,seed_2026-08-25,2026-08-25,d94837871fcb259de3fe3412cfba46eecc0d58ed1067f6fc2a602c55c74c0202
"(4R,5S,6S)-3-[(3S,5S)-5-(dimethylcarbamoyl)pyrrolidin-3-yl]sulfanyl-6-[(1R)-1-hydroxyethyl]-4-methyl-7-oxo-1-azabicyclo[3.2.0]hept-2-ene-2-carboxylic acid",Meropenem,"(4R,5S,6S)-3-[(3S,5S)-5-(dimethylcarbamoyl)pyrrolidin-3-yl]sulfanyl-6-[(1R)-1-hydroxyethyl]-4-methyl-7-oxo-1-azabicyclo[3.2.0]hept-2-ene-2-carboxylic acid; Meropenem",,441130,,,DMJNNHOOLUXYBV-PQTSNVLCSA-N,C17H25N3O5S,383.5,C[C@@H]1[C@@H]2[C@H](C(=O)N2C(=C1S[C@H]3C[C@H](NC3)C(=O)N(C)C)C(=O)O)[C@@H](C)O,confirmed_organic,pharmaceutical_or_api,,research,BehChin Chemi Pharmed,Iranian supplier API/intermediate catalogue,supplier_catalogue_listed_not_current_stock_verified,https://www.behchinchemi.ir/en/our-products/active-pharmaceutical-ingredient,Meropenem,supplier_table,seed_2026-08-24 + seed_2026-08-25,2026-08-23,07e8c5b657512dc11da459af3d88bbee6a9c184de40d104e1cda321b2ac83d9c
"(4S)-4-[[2-[[(1R,6R,12S,15S,18S,21S,24S,27S,30S,33S,36S,39S,42R,47R,50S,53S,56S,59S,62S,65S,68S,71S,74S,77S,80S,83S,88R)-88-[[(2S)-5-amino-2-[[(2S)-2-[[(2S)-2-[[(2S,3R)-2-[(2-aminoacetyl)amino]-3-methylpentanoyl]amino]-3-methylbutanoyl]amino]-4-carboxybutanoyl]amino]-5-oxopentanoyl]amino]-6-[[(2S)-2-[[(2S)-2-[[(2S)-5-amino-2-[[(2S)-3-amino-2-[[(2S)-2-[[(2S)-2-amino-3-phenylpropanoyl]amino]-3-methylbutanoyl]amino]-3-oxopropanoyl]amino]-5-oxopentanoyl]amino]-3-(1H-imidazol-4-yl)propanoyl]amino]-4-methylpentanoyl]amino]-47-[[(1S)-3-amino-1-carboxy-3-oxopropyl]carbamoyl]-53-(2-amino-2-oxoethyl)-62-(3-amino-3-oxopropyl)-77-[(2R)-butan-2-yl]-24,56-bis(2-carboxyethyl)-83-[(1S)-1-hydroxyethyl]-12,71,80-tris(hydroxymethyl)-33,50,65-tris[(4-hydroxyphenyl)methyl]-15-(1H-imidazol-4-ylmethyl)-27-methyl-18,30,36,59,68-pentakis(2-methylpropyl)-7,10,13,16,19,22,25,28,31,34,37,40,49,52,55,58,61,64,67,70,73,76,79,82,85,87-hexacosaoxo-21,39-di(propan-2-yl)-3,4,44,45,90,91-hexathia-8,11,14,17,20,23,26,29,32,35,38,41,48,51,54,57,60,63,66,69,72,75,78,81,84,86-hexacosazabicyclo[72.11.7]dononacontane-42-carbonyl]amino]acetyl]amino]-5-[[(2S)-1-[[2-[[(2S)-1-[[(2S)-1-[[(2S)-1-[[(2S,3S)-1-[(2S)-2-[[(2S)-6-amino-1-[[(1S,2S)-1-carboxy-2-hydroxypropyl]amino]-1-oxohexan-2-yl]carbamoyl]pyrrolidin-1-yl]-3-hydroxy-1-oxobutan-2-yl]amino]-3-(4-hydroxyphenyl)-1-oxopropan-2-yl]amino]-1-oxo-3-phenylpropan-2-yl]amino]-1-oxo-3-phenylpropan-2-yl]amino]-2-oxoethyl]amino]-5-carbamimidamido-1-oxopentan-2-yl]amino]-5-oxopentanoic acid",Insulin,,,70678557,,,YAJCHEVQCOHZDC-QMMNLEPNSA-N,C256H381N65O77S6,5794,CC[C@@H](C)[C@H]1C(=O)N[C@@H]2CSSC[C@@H](C(=O)N[C@@H](CSSC[C@@H](C(=O)NCC(=O)N[C@H](C(=O)N[C@H](C(=O)N[C@H](C(=O)N[C@H](C(=O)N[C@H](C(=O)N[C@H](C(=O)N[C@H](C(=O)N[C@H](C(=O)N[C@H](C(=O)N[C@H](C(=O)N[C@@H](CSSC[C@H](NC(=O)[C@@H](NC(=O)[C@@H](NC(=O)[C@@H](NC(=O)[C@@H](NC(=O)[C@@H](NC(=O)[C@@H](NC(=O)[C@@H](NC(=O)[C@@H](NC2=O)CO)CC(C)C)CC3=CC=C(C=C3)O)CCC(=O)N)CC(C)C)CCC(=O)O)CC(=O)N)CC4=CC=C(C=C4)O)C(=O)N[C@@H](CC(=O)N)C(=O)O)C(=O)NCC(=O)N[C@@H](CCC(=O)O)C(=O)N[C@@H](CCCNC(=N)N)C(=O)NCC(=O)N[C@@H](CC5=CC=CC=C5)C(=O)N[C@@H](CC6=CC=CC=C6)C(=O)N[C@@H](CC7=CC=C(C=C7)O)C(=O)N[C@@H]([C@H](C)O)C(=O)N8CCC[C@H]8C(=O)N[C@@H](CCCCN)C(=O)N[C@@H]([C@H](C)O)C(=O)O)C(C)C)CC(C)C)CC9=CC=C(C=C9)O)CC(C)C)C)CCC(=O)O)C(C)C)CC(C)C)CC2=CNC=N2)CO)NC(=O)[C@H](CC(C)C)NC(=O)[C@H](CC2=CNC=N2)NC(=O)[C@H](CCC(=O)N)NC(=O)[C@H](C(=O)N)NC(=O)[C@H](C(C)C)NC(=O)[C@H](CC2=CC=CC=C2)N)C(=O)N[C@H](C(=O)N[C@H](C(=O)N1)CO)[C@H](C)O)NC(=O)[C@H](CCC(=O)N)NC(=O)[C@H](CCC(=O)O)NC(=O)[C@H](C(C)C)NC(=O)[C@H]([C@H](C)CC)NC(=O)CN,confirmed_organic,pharmaceutical_or_api,,,telegram:IranChemicals,Iranian supplier Telegram catalogue,listing_evidence_crawled_2026-08-24,https://t.me/Iranchemicals/23122,,ai_normalised_listing+pubchem_confirmed,seed_2026-08-24 + seed_2026-08-25,2021-11-13,03c928fad59d32d127c8ab022c91ef4bf9e3f773144a38191a932d27441c405d
"(4S,4aS,5aS,6S,12aR)-4-(dimethylamino)-1,6,10,11,12a-pentahydroxy-6-methyl-3,12-dioxo-4,4a,5,5a-tetrahydrotetracene-2-carboxamide;hydrochloride","(4S,4aS,5aS,6S,12aR)-4-(dimethylamino)-1,6,10,11,12a-pentahydroxy-6-methyl-3,12-dioxo-4,4a,5,5a-tetrahydrotetracene-2-carboxamide;hydrochloride",,64-75-5,54704426,,,YCIHPQHVWDULOY-FMZCEJRJSA-N,C22H25ClN2O8,480.9,CC1(C2CC3C(C(=O)C(=C(C3(C(=O)C2=C(C4=C1C=CC=C4O)O)O)O)C(=O)N)N(C)C)O.Cl,confirmed_organic,pharmaceutical_or_api,derived:supplier_platform,research,t.me/ATRmedShop + telegram:ATRmedShop,ai_normalized|public Telegram (seller_research)|telegram,product_page_listed_not_current_stock_verified,https://t.me/ATRmedShop/605,Tetracycline hydrochloride | تتراسایکلین هیدروکلراید مناسب برای کشت سلول ‌‏⁧ ‌‌‏‌محصولات سیگما و پرومگا اصل را از ما بخواهید. 👇 واردات و فروش مواد شیمیایی سیگما 👇 ‌ ‌ ‌ ☎️ تلفن: ۰۲۱۶۶۳۶۱۵۴۳-۶۶۳۷۹۰۲۶-۰۲۱ ‌ 📱 موبایل: 09120549893 🌐 لینک محصول : https://atrmed.com/product/tetracycline-hydrochloride/?v=e,router_batch+pubchem,ai_model_fleet + live_telegram_listing + seed_2026-08-25,2026-08-25,92dbaa69148c92db9a1585b45a4a9ec9996a91fdc3d6fc6d97f0a14cf1782453
"(4S,4aS,5aS,6S,12aR)-7-chloro-4-(dimethylamino)-1,6,10,11,12a-pentahydroxy-6-methyl-3,12-dioxo-4,4a,5,5a-tetrahydrotetracene-2-carboxamide;hydrochloride","(4S,4aS,5aS,6S,12aR)-7-chloro-4-(dimethylamino)-1,6,10,11,12a-pentahydroxy-6-methyl-3,12-dioxo-4,4a,5,5a-tetrahydrotetracene-2-carboxamide;hydrochloride",,64-72-2,54682468,,,QYAPHLRPFNSDNH-MRFRVZCGSA-N,C22H24Cl2N2O8,515.3,CC1(C2CC3C(C(=O)C(=C(C3(C(=O)C2=C(C4=C(C=CC(=C41)Cl)O)O)O)O)C(=O)N)N(C)C)O.Cl,confirmed_organic,pharmaceutical_or_api,derived:supplier_platform,research,t.me/ATRmedShop + telegram:ATRmedShop,ai_normalized|public Telegram (seller_research)|telegram,product_page_listed_not_current_stock_verified,https://t.me/ATRmedShop/816,Chlortetracycline hydrochloride | کلرتتراسایکلین هیدروکلراید کلرتتراسایکلین هیدروکلراید یا 7-کلرتتراسایکلین هیدروکلراید یک آنتی‌بیوتیک است که توسط برخی از سویه‌های Streptomyces aureofaciens تولید می‌شود. کلرتتراسایکلین هیدروکلراید یک آنتی‌بیوتیک یونوفور اختصاصی و قوی کلسیم است. در مطالعات شبکه آندوپ,router_batch+pubchem,ai_model_fleet + live_telegram_listing + seed_2026-08-25,2026-08-25,8a895ff12609f4c78ff2625c1a196e5c83230a0a1b695d56885f84281eeb5e37
(5E)-5-[[3-methoxy-5-(1H-pyrrol-2-yl)-1H-pyrrol-2-yl]methylidene]-2-methyl-3-pentylpyrrole,Prodigiosin,,,172897611,,,SZXDNGVQRDTJSD-FOWTUZBSSA-N,C20H25N3O,323.4,CCCCCC1=C/C(=C\C2=C(C=C(N2)C3=CC=CN3)OC)/N=C1C,confirmed_organic,secondary_metabolite_or_natural_product,,,telegram:LabTel,Iranian supplier Telegram catalogue,listing_evidence_crawled_2026-08-24,https://t.me/LabTel/65530,,ai_normalised_listing+pubchem_confirmed,seed_2026-08-24 + seed_2026-08-25,2024-10-03,27c4b95d83c30267caaa0391557b59d2be1c74a3efbaac5a1bfa7367964e5e7f
"(5R)-5-[(1S)-1,2-dihydroxyethyl]oxolane-2,3,4-trione",,,,440667,,,SBJKKFFYIZUCET-JLAZNSOCSA-N,C6H6O6,174.11,,confirmed_organic,organic_reagent,derived:supplier_platform,,Shimi Merck,ai_normalized,,https://shimimerck.ir/buy-dehydroascorbic-acid.html,buy dehydroascorbic acid,model_fleet+pubchem,ai_model_fleet,2026-08-27,50104f62afb97a8247352d3187dee75d2bbc0dd24b8b9d2c38ed00da591722ea
"(5S,7R)-3-aminoadamantan-1-ol",low,"(5S,7R)-3-aminoadamantan-1-ol; low",,796820,,,DWPIPTNBOVJYAD-BQKDNTBBSA-N,C10H17NO,167.25,C1C2CC3(CC1CC(C2)(C3)O)N,confirmed_organic,organic_reagent,derived:supplier_platform,,TamadKala,Iranian online wholesale/lab shop,product_page_listed_not_current_stock_verified,https://tamadkala.com/product/48447/کیتوسان-low-آزمایشگاهی-ایران-کیتوزان,کیتوسان low آزمایشگاهی ایران کیتوزان,structured_pubchem,seed_2026-08-25,2026-08-25,9fe21189823f00ed3ba0f3e6a564336c609f5917ea03bb8fcaa1dd9446c856a8
"(6'-acetyloxy-4',5'-dichloro-3-oxospiro[2-benzofuran-1,9'-xanthene]-3'-yl) acetate",Dichlorofluorescein diacetate,"(6'-acetyloxy-4',5'-dichloro-3-oxospiro[2-benzofuran-1,9'-xanthene]-3'-yl) acetate; Dichlorofluorescein diacetate",76-54-0,101615877,,yes,ISQNSAUDJAOTFD-UHFFFAOYSA-N,C24H14Cl2O7,485.3,CC(=O)OC1=C(C2=C(C=C1)C3(C4=C(O2)C(=C(C=C4)OC(=O)C)Cl)C5=CC=CC=C5C(=O)O3)Cl,confirmed_organic,organic_reagent,,,TamadKala,Iranian online wholesale/lab shop,product_page_listed_not_current_stock_verified,https://tamadkala.com/product/34998/%D8%AF%DB%8C-%DA%A9%D9%84%D8%B1%D9%88-%D9%81%D9%84%D9%88%D8%B1%D8%B3%DB%8C%D9%86-%D8%AF%DB%8C-%D8%A7%D8%B3%D8%AA%D8%A7%D8%AA,دی کلرو فلورسین دی استات,router_title_normalization,seed_2026-08-24 + seed_2026-08-25,2026-08-23,7a63608d6fdd46d30a431920db07be7387215faec6ee5717b102aa30826b0107
"(6aR,10aR)-6,6,9-trimethyl-3-pentyl-6a,7,8,10a-tetrahydrobenzo[c]chromen-1-ol",Tetrahydrocannabinol,,1972-08-3,16078,,,CYQFCXCEBYINGO-IAGOWNOFSA-N,C21H30O2,314.5,CCCCCC1=CC(=C2[C@@H]3C=C(CC[C@H]3C(OC2=C1)(C)C)C)O,confirmed_organic,pharmaceutical_or_api,,,telegram:ChemIranSanat,Iranian supplier Telegram catalogue,listing_evidence_crawled_2026-08-24,https://t.me/ChemIranSanat/1205,,ai_normalised_listing+pubchem_confirmed,seed_2026-08-24 + seed_2026-08-25,2018-01-24,e2dd7f6f67e0e5c8247eef4cf12f182a9d21f7b3a33db2b156b03a3104a3c5c3
"(6aR,11bS)-7,11b-dihydro-6H-indeno[2,1-c]chromene-3,4,6a,9,10-pentol;hydrate",,,,53393632,,,LGXJYAQCRCHDMY-CACIRBSMSA-N,C16H16O7,320.29,,confirmed_organic,pharmaceutical_or_api,derived:supplier_platform,research,t.me/ATRmedShop,ai_normalized|telegram,,https://t.me/ATRmedShop/686,"هماتوکسیلین مونوهیدرات (C.I.75290)

‌‏⁧ ‌‌‏‌محصولات مرک المان اصل را از ما بخواهید.

 👇 واردات و فروش مواد شیمیایی سیگما 👇 ‌
‌ 
‌
 ☎️ تلفن: ۰۲۱۶۶۳۶۱۵۴۳-۶۶۳۷۹۰۲۶-۰۲۱
‌
 📱 موبایل: 09120549893

 🌐 لینک محصول :

 https://atr",model_fleet+pubchem,ai_model_fleet + live_telegram_listing,2026-08-27,559938a9eb06cc4a3233bba9a3504679f820e3de474d5929c08dcc5c65daac43
"(6aR,9R)-5-butyl-7-methyl-6,6a,8,9-tetrahydro-4H-indolo[4,3-fg]quinoline-9-carboxamide",lsb,"(6aR,9R)-5-butyl-7-methyl-6,6a,8,9-tetrahydro-4H-indolo[4,3-fg]quinoline-9-carboxamide; lsb",,132093,,,WPUBLQOZLSDKAF-KZULUSFZSA-N,C20H25N3O,323.4,CCCCC1=C2CC3C(=CC(CN3C)C(=O)N)C4=C2C(=CC=C4)N1,confirmed_organic,organic_reagent,derived:supplier_platform,,TamadKala,Iranian online wholesale/lab shop,product_page_listed_not_current_stock_verified,https://tamadkala.com/product/22350/محیط-کشت-لوریل-سولفات-براثlsb,محیط کشت لوریل سولفات براثlsb,structured_pubchem,seed_2026-08-25,2026-08-25,fa45c3678eb0ab914f8308b41df7ffc85cf70c704e6a8eed0da717f5dbb78fff
"(6aS,11bR)-7,11b-dihydro-6H-indeno[2,1-c]chromene-3,4,6a,9,10-pentol",Hematoxylin,"(6aS,11bR)-7,11b-dihydro-6H-indeno[2,1-c]chromene-3,4,6a,9,10-pentol; Hematoxylin",517-28-2,442514,,,WZUVPPKBWHMQCE-XJKSGUPXSA-N,C16H14O6,302.28,C1C2=CC(=C(C=C2[C@H]3[C@@]1(COC4=C3C=CC(=C4O)O)O)O)O,confirmed_organic,colorant_or_indicator,,X Chem,TamadKala; Mojallali Group; telegram:ATRmedShop + https://xchem.ir/product/hematoxylin/,Iranian online wholesale/lab shop|live_supplier_catalogue,product_page_listed_not_current_stock_verified,2026-08-27,هماتوکسیلین indicator دکتر مجللی,router_title_normalization,live_web_catalogue + seed_2026-08-24 + seed_2026-08-25,2026-08-23,e94392289041ae61595e7cb47e4136d6bbeee781d2a6ad1d684aea99364028b3
"(6E,8E,10E,12E,14E,16E,18E,20E,22E,24E,26E)-2,6,10,14,19,23,27,31-octamethyldotriaconta-2,6,8,10,12,14,16,18,20,22,24,26,30-tridecaene","(6E,8E,10E,12E,14E,16E,18E,20E,22E,24E,26E)-2,6,10,14,19,23,27,31-octamethyldotriaconta-2,6,8,10,12,14,16,18,20,22,24,26,30-tridecaene",,502-65-8,446925,,,OAIJSZIZWZSQBC-GYZMGTAESA-N,C40H56,536.9,CC(=CCCC(=CC=CC(=CC=CC(=CC=CC=C(C)C=CC=C(C)C=CC=C(C)CCC=C(C)C)C)C)C)C,confirmed_organic,organic_reagent,derived:supplier_platform,,telegram:ChemIranSanat,public Telegram (seller_research),product_page_listed_not_current_stock_verified,https://t.me/ChemIranSanat/1616,Lycopene | شیمی هندوانه رنگ و بوی هندوانه به ترتیب ناشی از Lycopene و آلدهیدهای باتعداد 6 و 9 کربن است هورمون رشد گیاهی Forchlorfenurane در هندوانه ممکن است منجر به انفجار آن شود! 🍉 یلدایتان گرم و با انفجار خنده و شادی 🍉 🆔 @ChemIran1,router_batch+pubchem,seed_2026-08-25,2026-08-25,4453060801a167214c1b8ffa646518e03dfceff53384044b6387c7cc7ab6a6b8
"(6S)-6-phenyl-2,3,5,6-tetrahydroimidazo[2,1-b][1,3]thiazole",levamisole,"(6S)-6-phenyl-2,3,5,6-tetrahydroimidazo[2,1-b][1,3]thiazole; levamisole",,26879,,,HLFSDGLLUJUHTE-SNVBAGLBSA-N,C11H12N2S,204.29,C1CSC2=N[C@H](CN21)C3=CC=CC=C3,confirmed_organic,pharmaceutical_or_api,,,Rooz Darou,Iranian pharmaceutical product catalogue,product_page_listed_not_current_stock_verified,http://rouzdarou.com/products/%D9%82%D8%B1%D8%B5-%D9%84%D9%88%D8%A7%D9%85%DB%8C%D8%B2%D9%88%D9%84-50,قرص لوامیزول 50,PubChem name validation from supplier product title,seed_2026-08-24 + seed_2026-08-25,2026-08-23,2d5b3ff99909a646de1053582109fa982aad7ba4992a5b212cc90aaa4936993e
(7-aminophenothiazin-3-ylidene)-dimethylazanium chloride,(7-aminophenothiazin-3-ylidene)-dimethylazanium chloride,(7-aminophenothiazin-3-ylidene)-dimethylazanium chloride,51811-82-6,13735,,,NALREUIWICQLPS-UHFFFAOYSA-N,C14H14ClN3S,291.8,C[N+](=C1C=CC2=NC3=C(C=C(C=C3)N)SC2=C1)C.[Cl-],confirmed_organic,organic_reagent,derived:supplier_platform,,Mojallali Group + t.me/ATRmedShop,Iranian WooCommerce catalogue|ai_normalized,product_page_listed_not_current_stock_verified,https://t.me/ATRmedShop/685,"Giemsa Stain || رنگ گیمسا

‌‏⁧ ‌‌‏‌محصولات سیگما اصل را از ما بخواهید.

 👇 واردات و فروش مواد شیمیایی سیگما 👇 ‌
‌ 
‌
 ☎️ تلفن: ۰۲۱۶۶۳۶۱۵۴۳-۶۶۳۷۹۰۲۶-۰۲۱
‌
 📱 موبایل: 09120549893

 🌐 لینک محصول :

 https://atrmed.com/product/giemsa-stain/",cas_pubchem,ai_model_fleet + seed_2026-08-25,2026-08-25,27e73dc3db7f5f871b4e03eaae7ba42408ce576f1b36411940b1f0115b9f6254
"(8R,9S,10R,13S,14S,17S)-17-hydroxy-10,13-dimethyl-1,2,6,7,8,9,11,12,14,15,16,17-dodecahydrocyclopenta[a]phenanthren-3-one",Testosterone,,58-22-0,6013,,,MUMGGOZAMZWBJJ-DYKIIFRCSA-N,C19H28O2,288.4,C[C@]12CC[C@H]3[C@H]([C@@H]1CC[C@@H]2O)CCC4=CC(=O)CC[C@]34C,confirmed_organic,pharmaceutical_or_api,,,telegram:minatajhiz,Iranian supplier Telegram catalogue,listing_evidence_crawled_2026-08-24,https://t.me/minatajhiz/396,,ai_normalised_listing+pubchem_confirmed,seed_2026-08-24 + seed_2026-08-25,2018-05-29,475ee3cb657dd490fefc41315d2532b29e7799f8aa52c1579d1e7628df3d1be4
"(8R,9S,13S,14S,16R,17R)-13-methyl-6,7,8,9,11,12,14,15,16,17-decahydrocyclopenta[a]phenanthrene-3,16,17-triol",Estriol,"(8R,9S,13S,14S,16R,17R)-13-methyl-6,7,8,9,11,12,14,15,16,17-decahydrocyclopenta[a]phenanthrene-3,16,17-triol; Estriol",50-27-1,5756,,,PROQIPRRNZUXQM-ZXXIGWHRSA-N,C18H24O3,288.4,C[C@]12CC[C@H]3[C@H]([C@@H]1C[C@H]([C@@H]2O)O)CCC4=C3C=CC(=C4)O,confirmed_organic,organic_reagent,,research,Telegram: merckmillipore,Iranian supplier Telegram catalogue,listed_not_current_stock_verified,,"(8R,9S,13S,14S,16R,17R)-13-methyl-6,7,8,9,11,12,14,15,16,17-decahydrocyclopenta[a]phenanthrene-3,16,17-triol",existing skill export,seed_2026-08-24 + seed_2026-08-25,2026-08-23,270cb83190b7d8e6126483826763dfb6416887257b9ce5cf7110392031dfa349
"(8S,9S,10R,11S,13S,14S,17R)-11,17-dihydroxy-17-(2-hydroxyacetyl)-10,13-dimethyl-2,6,7,8,9,11,12,14,15,16-decahydro-1H-cyclopenta[a]phenanthren-3-one",clear aid,"(8S,9S,10R,11S,13S,14S,17R)-11,17-dihydroxy-17-(2-hydroxyacetyl)-10,13-dimethyl-2,6,7,8,9,11,12,14,15,16-decahydro-1H-cyclopenta[a]phenanthren-3-one; clear aid",,5754,,,JYGXADMDTFJGBT-VWUMJDOOSA-N,C21H30O5,362.5,CC12CCC(=O)C=C1CCC3C2C(CC4(C3CCC4(C(=O)CO)O)C)O,confirmed_organic,organic_reagent,derived:supplier_platform,,TamadKala,Iranian online wholesale/lab shop,product_page_listed_not_current_stock_verified,https://tamadkala.com/product/145621/محلول-شفاف-کننده-غلیظ-clear-aid,محلول شفاف کننده غلیظ clear aid,structured_pubchem,seed_2026-08-25,2026-08-25,64ed8391b8dbe9b67fe915952b0f79ab55553b89e851281e8cfb2ecdfb92bd35
"(8S,9S,10R,13S,14S,17S)-17-acetyl-10,13-dimethyl-1,2,6,7,8,9,11,12,14,15,16,17-dodecahydrocyclopenta[a]phenanthren-3-one",,,,5994,,,RJKFOVLPORLFTN-LEKSSAKUSA-N,C21H30O2,314.5,,confirmed_organic,organic_reagent,derived:supplier_platform,,Shimi Merck,ai_normalized,,https://shimimerck.ir/progesterone-4-code-p0130.html,progesterone 4 code p0130,model_fleet+pubchem,ai_model_fleet,2026-08-27,7f39fa2dbeb05dfbceaac2c568281c98e0d84f423fa2d64b9924904900a3397f
(benzyldisulfanyl)methylbenzene,Dibenzyl disulfide,(benzyldisulfanyl)methylbenzene; Dibenzyl disulfide,150-60-7,9012,,,GVPWHKZIJBODOX-UHFFFAOYSA-N,C14H14S2,246.4,C1=CC=C(C=C1)CSSCC2=CC=CC=C2,confirmed_organic,organic_reagent,,,TamadKala,Iranian online wholesale/lab shop,product_page_listed_not_current_stock_verified,,دی بنزیل دی سولفید | ...,router_title_normalization,seed_2026-08-24 + seed_2026-08-25,2026-08-23,9e7080f789e77fdcdef88bcffcb2331f86dd73e362b8c88181cc22c9b3c1e761
"(C60-Ih)[5,6]fullerene",Fullerenes,,99685-96-8,123591,,,XMWRBQBLMFGWIX-UHFFFAOYSA-N,C60,720.6,C12=C3C4=C5C6=C1C7=C8C9=C1C%10=C%11C(=C29)C3=C2C3=C4C4=C5C5=C9C6=C7C6=C7C8=C1C1=C8C%10=C%10C%11=C2C2=C3C3=C4C4=C5C5=C%11C%12=C(C6=C95)C7=C1C1=C%12C5=C%11C4=C3C3=C5C(=C81)C%10=C23,confirmed_organic,organic_reagent,,,telegram:chemgroup,Iranian supplier Telegram catalogue,listing_evidence_crawled_2026-08-24,https://t.me/chemgroup/1124,,ai_normalised_listing+pubchem_confirmed,seed_2026-08-24 + seed_2026-08-25,2016-02-01,9c23b09020b18632e2447e417ac05f061dce2b9eaf8e3c061dd2dc6357d758c3
(Dimethylamino)ethyl methacrylate,2-(Dimethylamino)ethyl methacrylate,,,17869,,,JKNCOURZONDCGV-UHFFFAOYSA-N,C8H15NO2,157.21,CC(=C)C(=O)OCCN(C)C,confirmed_organic,organic_reagent,,,minatajhiz,telegram,listing_evidence_crawled_2026-08-23,https://t.me/minatajhiz/1008,2-دی متیل آمینو اتیل متا اکریلات (2-Dimethylaminoethyl) methacrylate کد محصول مرک: 840083 واردات جدید سیگما آلدریچ,ai_resolved+pubchem,seed_2026-08-24 + seed_2026-08-25,2026-08-23,52ed837d9774276e7ccd2ace28c79bfc9a0d4f613fdf9f3274da9faa6949c117
"(E)-1-N'-[2-[[5-[(dimethylamino)methyl]furan-2-yl]methylsulfanyl]ethyl]-1-N-methyl-2-nitroethene-1,1-diamine",ranitidine,"(E)-1-N'-[2-[[5-[(dimethylamino)methyl]furan-2-yl]methylsulfanyl]ethyl]-1-N-methyl-2-nitroethene-1,1-diamine; ranitidine",,3001055,,,VMXUWOKSQNHOCA-UKTHLTGXSA-N,C13H22N4O3S,314.41,CN/C(=C\[N+](=O)[O-])/NCCSCC1=CC=C(O1)CN(C)C,confirmed_organic,pharmaceutical_or_api,,,Rooz Darou,Iranian pharmaceutical product catalogue,product_page_listed_not_current_stock_verified,http://rouzdarou.com/products/%D9%82%D8%B1%D8%B5-%D8%B1%D8%A7%D9%86%DB%8C%D8%AA%DB%8C%D8%AF%DB%8C%D9%86-150,قرص رانیتیدین 150,PubChem name validation from supplier product title,seed_2026-08-24 + seed_2026-08-25,2026-08-23,5fc9386794d68e02432b9e4eaceda409ed65b9203a8f27e654eaa13cf5e64d31
(E)-3-phenylprop-2-enal,Cinnamaldehyde,(E)-3-phenylprop-2-enal; Cinnamaldehyde,104-55-2,637511,,,KJPRLNWUNMBNBZ-QPJJXVBHSA-N,C9H8O,132.16,C1=CC=C(C=C1)/C=C/C=O,confirmed_organic,organic_reagent,,industrial,Telegram: ChemIranSanat,Iranian supplier Telegram catalogue,listed_not_current_stock_verified,,(E)-3-phenylprop-2-enal,existing skill export,seed_2026-08-24 + seed_2026-08-25,2026-08-23,2e0482ce752c86ad28397189b0b2bbb7ae7565d7d136a673f0dbe416cde9aa6e
(E)-but-2-enedioic acid,Fumaric acid,(E)-but-2-enedioic acid; Fumaric acid,,444972,,,VZCYOOQTPOCHFL-OWOJBTEDSA-N,C4H4O4,116.07,C(=C/C(=O)O)\C(=O)O,confirmed_organic,organic_reagent,,,TamadKala,Iranian online wholesale/lab shop,product_page_listed_not_current_stock_verified,https://tamadkala.com/product/176075/%D8%A7%D8%B3%DB%8C%D8%AF-%D9%81%D9%88%D9%85%D8%A7%D8%B1%DB%8C%DA%A9-%D8%B5%D9%86%D8%B9%D8%AA%DB%8C,اسید فوماریک صنعتی,router_title_normalization,seed_2026-08-24 + seed_2026-08-25,2026-08-23,0fb4f19a7820dc8f7281d4200d658b3ef6bf2bbefe6849cc99578a3369bdeb09
"(E)-but-2-enedioic acid;2-(1-methylpiperidin-4-ylidene)-6-thiatricyclo[8.4.0.03,7]tetradeca-1(14),3(7),4,10,12-pentaen-8-one",Ketotifen Fumarate,"(E)-but-2-enedioic acid;2-(1-methylpiperidin-4-ylidene)-6-thiatricyclo[8.4.0.03,7]tetradeca-1(14),3(7),4,10,12-pentaen-8-one; Ketotifen Fumarate",,5282408,,,YNQQEYBLVYAWNX-WLHGVMLRSA-N,C23H23NO5S,425.5,CN1CCC(=C2C3=C(C(=O)CC4=CC=CC=C42)SC=C3)CC1.C(=C/C(=O)O)\C(=O)O,confirmed_organic,pharmaceutical_or_api,,research,BehChin Chemi Pharmed; Temad,Iranian supplier API/intermediate catalogue,supplier_catalogue_listed_not_current_stock_verified,https://www.behchinchemi.ir/en/our-products/active-pharmaceutical-ingredient,Ketotifen Fumarate,supplier_table,seed_2026-08-24 + seed_2026-08-25,2026-08-23,72b408cba2e9777c0e31b49d1b1319c47fc2ede531d6d0c20959694126dc27b4
(E)-but-2-enoic acid,,,,637090,,,LDHQCZJRKDOVOX-NSCUHMNNSA-N,C4H6O2,86.09,,confirmed_organic,pharmaceutical_or_api,derived:supplier_platform,,t.me/ATRmedShop,ai_normalized,,https://t.me/ATRmedShop/415,"مالئیک اسید گرید HPLC
 مالئیک اسید گرید HPLC یک ترکیب ارگانیک، یک مولکول با دو گروه کربوکسیلی است که دارای فرمول شیمیایی COOCCH=CHCOOH می باشد. اسید مالئیک یک دی‌کربوکسیلیک اسید ...
برای ادامه مطالب، مشاهده و خرید آنلاین",model_fleet+pubchem,ai_model_fleet,2026-08-27,e71696a31533599ba4ee72d3387b7a0a22d6a44d4d8e6b6f8666aaf30e868dcb
(E)-N-[(4-hydroxy-3-methoxyphenyl)methyl]-8-methylnon-6-enamide,Capsaicin,,,1548943,,,YKPUWZUDDOIDPM-SOFGYWHQSA-N,C18H27NO3,305.4,CC(C)/C=C/CCCCC(=O)NCC1=CC(=C(C=C1)O)OC,confirmed_organic,secondary_metabolite_or_natural_product,,,telegram:chemgroup,Iranian supplier Telegram catalogue,listing_evidence_crawled_2026-08-24,https://t.me/chemgroup/3856,,ai_normalised_listing+pubchem_confirmed,seed_2026-08-24 + seed_2026-08-25,2017-08-20,7221895f1a3182212e596cd5030538fb150a6d42ee8fefc2f9299a36e578dc9c
(Phenylazo)thioformic acid 2-phenylhydrazide,Dithizone,(Phenylazo)thioformic acid 2-phenylhydrazide; Dithizone; 1-anilino-3-phenyliminothiourea,60-10-6,657262,,,UOFGSWVZMUXXIY-UHFFFAOYSA-N,C13H12N4S,256.33,C1=CC=C(C=C1)NNC(=S)N=NC2=CC=CC=C2,confirmed_organic,organic_reagent,,,Mojallali Group,web_catalogue,listing_evidence_crawled_2026-08-23,https://drm-chem.com/en/product/dithizone-indicator-en/,Dithizone,pubchem_direct,seed_2026-08-24 + seed_2026-08-25,2026-08-23,fd9194549db43f24b7859671d74e5fe065d17b2f702e6ec0cfb85a9fbb102099
(phenyldisulfanyl)benzene,Diphenyl disulfide,(phenyldisulfanyl)benzene; Diphenyl disulfide,,13436,,,GUUVPOWQJOLRAS-UHFFFAOYSA-N,C12H10S2,218.3,C1=CC=C(C=C1)SSC2=CC=CC=C2,confirmed_organic,organic_reagent,,research,Telegram: minatajhiz + t.me/minatajhiz,Iranian supplier Telegram catalogue|telegram,listed_not_current_stock_verified,https://t.me/s/minatajhiz,(phenyldisulfanyl)benzene,existing skill export,live_telegram_listing + seed_2026-08-24 + seed_2026-08-25,2026-08-23,487c380909b6b1776f61610a4c49afa05853e28cd9a6341c522a950ac99d95b0
"(S)-[(2R,4S,5R)-5-ethenyl-1-azabicyclo[2.2.2]octan-2-yl]-quinolin-4-ylmethanol",Cinchonine,,118-10-5,90454,,,KMPWYEUPVWOPIM-QAMTZSDWSA-N,C19H22N2O,294.4,C=C[C@H]1CN2CC[C@H]1C[C@@H]2[C@H](C3=CC=NC4=CC=CC=C34)O,confirmed_organic,secondary_metabolite_or_natural_product,,,telegram:minatajhiz,Iranian supplier Telegram catalogue,listing_evidence_crawled_2026-08-24,https://t.me/minatajhiz/1015,,ai_normalised_listing+pubchem_confirmed,seed_2026-08-24 + seed_2026-08-25,2023-04-29,b47bebcc2597a7b2deb0d6e1e868f9f66fa2afb1345d71f436ca79199cc8b072
(Z)-14-methylpentadec-2-enoic acid,C12,(Z)-14-methylpentadec-2-enoic acid; C12,,92136105,,,WTXXSZUATXIAJO-OWBHPGMISA-N,C16H30O2,254.41,CC(C)CCCCCCCCCCC=CC(=O)O,confirmed_organic,organic_reagent,derived:supplier_platform,,IR Chem / Pishgaman,Iranian WooCommerce catalogue,product_page_listed_not_current_stock_verified,https://irchem.ir/buy-c12-15-alkyl-benzoate/,C12-15 آلکیل بنزوات,structured_pubchem,seed_2026-08-25,2026-08-25,595b231fb0d26bb6f6aeb47eebd604f949e328ec3db4d35809a985915965606f
(Z)-2-benzamido-3-[4-(2-bromophenoxy)phenyl]prop-2-enoic acid,ph7,(Z)-2-benzamido-3-[4-(2-bromophenoxy)phenyl]prop-2-enoic acid; ph7,,657131,,,WLPJLQNKCJWAFL-RGEXLXHISA-N,C22H16BrNO4,438.3,C1=CC=C(C=C1)C(=O)NC(=CC2=CC=C(C=C2)OC3=CC=CC=C3Br)C(=O)O,confirmed_organic,organic_reagent,derived:supplier_platform,,telegram:labshop,public Telegram (seller_research),product_page_listed_not_current_stock_verified,https://t.me/labshop/60,"استاندارد ph7,4,10  ـ۱۴۵۰۰۰تومن",structured_pubchem,seed_2026-08-25,2026-08-25,6919dede094fc5fd199c1a2d407fc6c4101125e7cec8b54720ba44b5a971a965
(Z)-but-2-enedioic acid,Maleic Acid,(Z)-but-2-enedioic acid; Maleic Acid,110-16-7,444266,,,VZCYOOQTPOCHFL-UPHRSURJSA-N,C4H4O4,116.07,C(=C\C(=O)O)\C(=O)O,confirmed_organic,organic_reagent,,research,Fardad Shimi; TamadKala; telegram:ATRmedShop + t.me/ATRmedShop,Iranian online lab-chemical shop | Iranian online wholesale/lab shop|ai_normalized|telegram,product_page_listed_not_current_stock_verified,https://t.me/ATRmedShop/406,"مالئیک اسید امرتات شیمی گرید for synthesis rd | مالئیک اسید مرک MERCK || مالئیک اسید برای سنتز 
مالئیک اسید یک ترکیب ارگانیک، یک مولکول با دو گروه کربوکسیلی است که دارای فرمول شیمیایی COOCCH=CHCOOH می باشد. اسید مالئیک یک ...
برای ادامه مطالب، مشاهده و خرید آنلاین این محصول به لینک زیر مراجعه",router_title_normalization,ai_model_fleet + live_telegram_listing + seed_2026-08-24 + seed_2026-08-25,2026-08-23,c02f1bb0ab9d3ea6a7ef7546f93dc7bb7ed41fe17e4a24581e1d6f85afcbfda1
(Z)-but-2-enedioic acid;(2S)-1-[(2S)-2-[[(2S)-1-ethoxy-1-oxo-4-phenylbutan-2-yl]amino]propanoyl]pyrrolidine-2-carboxylic acid,Enalapril Maleate,(Z)-but-2-enedioic acid;(2S)-1-[(2S)-2-[[(2S)-1-ethoxy-1-oxo-4-phenylbutan-2-yl]amino]propanoyl]pyrrolidine-2-carboxylic acid; Enalapril Maleate,,5388961,,,OYFJQPXVCSSHAI-QFPUQLAESA-N,C24H32N2O9,492.5,CCOC(=O)[C@H](CCC1=CC=CC=C1)N[C@@H](C)C(=O)N2CCC[C@H]2C(=O)O.C(=C\C(=O)O)\C(=O)O,confirmed_organic,pharmaceutical_or_api,,research,BehChin Chemi Pharmed,Iranian supplier API/intermediate catalogue,supplier_catalogue_listed_not_current_stock_verified,https://www.behchinchemi.ir/en/our-products/active-pharmaceutical-ingredient,Enalapril Maleate,supplier_table,seed_2026-08-24 + seed_2026-08-25,2026-08-23,831e0e040503cf8613459b566dad20af53c4742d4c5e3b251573796b0a2858b2
"(Z)-but-2-enedioic acid;N,N-dimethyl-3-phenyl-3-pyridin-2-ylpropan-1-amine",,,,5282139,,,SSOXZAQUVINQSA-BTJKTKAUSA-N,C20H24N2O4,356.4,,confirmed_organic,organic_reagent,derived:supplier_platform,,Shimi Merck,ai_normalized,,https://shimimerck.ir/pheniramine-malinate-salt-code-p6902.html,pheniramine malinate salt code p6902,model_fleet+pubchem,ai_model_fleet,2026-08-27,7d8a941683ab8c2e0a2f47eb31ceccac1733a7aafa9e00f9af342658185b79b8
(Z)-octadec-9-enoic acid,Oleic acid,(Z)-octadec-9-enoic acid; Oleic acid; Oleic Acid,112-80-1,445639,,,ZQPPMHVWECSIRJ-KTKRTIGZSA-N,C18H34O2,282.5,CCCCCCCC/C=C\CCCCCCCC(=O)O,confirmed_organic,organic_reagent,,,Isatis Shimi; TamadKala; IR Chem / Pishgaman,Iranian online chemical shops | Iranian online wholesale/lab shop,product_page_listed_not_current_stock_verified,https://isatisshimi.com/en/product/oleic-acid/,Oleic Acid | اسید اولئیک | اولئیک اسید,router_title_normalization,seed_2026-08-24 + seed_2026-08-25,2026-08-23,e50dba5cffa86f14fdf06b3239a7c27205a606e1ca830f0910601790466ac357
1 benzothiophene,,,,53400599,,,VUQVGKNLSOSINI-UHFFFAOYSA-N,C16H12S2,268.4,,confirmed_organic,organic_reagent,derived:supplier_platform,Shimi Merck,https://shimimerck.ir/1-benzothiophene.html,live_supplier_catalogue,,2026-08-27,,seed,live_web_catalogue,2026-08-27,34a3e0c42feb946a240e411647bff60f534aab1d0db90d9ed6b7b223052699b7
1 bromo 2 methylnaphthalene,,,,75754,,,CMIMBQIBIZZZHQ-UHFFFAOYSA-N,C11H9Br,221.09,,confirmed_organic,organic_reagent,derived:supplier_platform,Shimi Merck,Shimi Merck + https://shimimerck.ir/1-bromo-2-methylnaphthalene.html,ai_normalized|live_supplier_catalogue,,https://shimimerck.ir/1-bromo-2-methylnaphthalene.html,1 bromo 2 methylnaphthalene,model_fleet+pubchem,ai_model_fleet + live_web_catalogue,2026-08-27,a9b30b4c6656f1977cb2d46d640265eb4cd54505e9ad99b73e24988a0d10a23b
"1,1,2,2-tetrabromoethane",tbe,"1,1,2,2-tetrabromoethane; tbe; TBE",,6588,,,QXSZNDIIPUOQMB-UHFFFAOYSA-N,C2H2Br4,345.65,C(C(Br)Br)(Br)Br,confirmed_organic,organic_reagent,derived:supplier_platform,,TamadKala; ShimiMan,Iranian online wholesale/lab shop,product_page_listed_not_current_stock_verified,https://tamadkala.com/product/17957/بافر-tbe,بافر tbe,structured_pubchem,seed_2026-08-25,2026-08-25,65304dfc84735b5e877827e3820471c039ed32779e83fe52be8312b99baaceb0
"1,1,2,2-tetrachloroethene",Perchloroethylene,"1,1,2,2-tetrachloroethene; Perchloroethylene",127-18-4,31373,,,CYTYCFOTNPOANT-UHFFFAOYSA-N,C2Cl4,165.8,C(=C(Cl)Cl)(Cl)Cl,confirmed_organic,organic_reagent,,,DigiShimi; TamadKala,Iranian online chemical shops | Iranian online wholesale/lab shop,product_page_listed_not_current_stock_verified,https://digishimii.ir/Product/%d9%be%d8%b1%da%a9%d9%84%d8%b1%d9%88%d8%a7%d8%aa%db%8c%d9%84%d9%86/,تترا کلروقلع | پرکلرواتیلن,router_title_normalization,seed_2026-08-24 + seed_2026-08-25,2026-08-23,56401b5c462fdb02ba22801c9f6132300827378f1e27f5d54b7e0edc841ed17e
"1,1-dioxo-1,2-benzothiazol-3-one",Saccharin,"1,1-dioxo-1,2-benzothiazol-3-one; Saccharin",81-07-2,5143,,,CVHZOJJKTDOEJC-UHFFFAOYSA-N,C7H5NO3S,183.19,C1=CC=C2C(=C1)C(=O)NS2(=O)=O,confirmed_organic,organic_reagent,,,TamadKala,Iranian online wholesale/lab shop,product_page_listed_not_current_stock_verified,https://tamadkala.com/product/5621/%D9%81%D8%B1%D9%88%D8%B4-%D8%B3%D8%A7%D8%AE%D8%A7%D8%B1%DB%8C%D9%86-2,فروش ساخارین 2,router_title_normalization,seed_2026-08-24 + seed_2026-08-25,2026-08-23,c001c0c32c0eacc0ac9d004ad154fa45f8df9f783bdd3e0f50690fdfc40a71a3
"1,10-phenanthroline","1,10-Phenanthroline",,66-71-7,1318,,,DGEZNRSVGBDHLK-UHFFFAOYSA-N,C12H8N2,180.20,C1=CC2=C(C3=C(C=CC=N3)C=C2)N=C1,confirmed_organic,organic_reagent,,,t.me/ChemIranSanat + telegram:ChemIranSanat,Iranian supplier Telegram catalogue|ai_normalized,listing_evidence_crawled_2026-08-24,https://t.me/ChemIranSanat/219,"A13163 1,10-Phenanthroline Alfa Aesar
موجود و آماده تحویل

 @ChemIranAdmin 

 🆔 @ChemIran1",ai_normalised_listing+pubchem_confirmed,ai_model_fleet + seed_2026-08-24 + seed_2026-08-25,2017-06-14,03c19a06d4c4f4a2a8567cdc1bd7e4a1fd0888b316ffd50ef3ff343d8511adcf
"1,10-phenanthroline;hydrate","1,10-Phenanthroline monohydrate","1,10-phenanthroline;hydrate; 1,10-Phenanthroline monohydrate",5144-89-8,21226,,,PPQJCISYYXZCAE-UHFFFAOYSA-N,C12H10N2O,198.22,C1=CC2=C(C3=C(C=CC=N3)C=C2)N=C1.O,confirmed_organic,organic_reagent,,research,Fardad Shimi; TamadKala; Mojallali Group,Iranian online lab-chemical shop | Iranian online wholesale/lab shop,product_page_listed_not_current_stock_verified,https://tamadkala.com/product/193278/110-%D9%81%D9%86%D8%A7%D9%86%D8%AA%D8%B1%D9%88%D9%84%DB%8C%D9%86-%D9%85%D9%88%D9%86%D9%88%D9%87%DB%8C%D8%AF%D8%B1%D8%A7%D8%AA-acs-%D8%AF%DA%A9%D8%AA%D8%B1-%D9%85%D8%AC%D9%84%D9%84%DB%8C,"110 فنانترولین مونوهیدرات acs دکتر مجللی | ۱,۱۰- فنانترولین ۱ آبه مرک MERCK",router_title_normalization,seed_2026-08-24 + seed_2026-08-25,2026-08-23,bc053f96e5e31d5439c633284dfe499a5c1e6856d0217869361cd6b713626f4a
"1,2,3,4,5,6-hexachlorocyclohexane",,,,727,,,JLYXXMFPNIAWKQ-UHFFFAOYSA-N,C6H6Cl6,290.8,,confirmed_organic,organic_reagent,derived:supplier_platform,,Shimi Merck,ai_normalized,,https://shimimerck.ir/buy-lindane-code-45548.html,buy lindane code,model_fleet+pubchem,ai_model_fleet,2026-08-27,a20606749e133a06ff39e8a805d02a73c87836795518d89563d4867b85f52c6b
"1,2-dichlorobenzene","1,2-Dichlorobenzene",,95-50-1,7239,,,RFFLAFLAYFXFSW-UHFFFAOYSA-N,C6H4Cl2,147.00,C1=CC=C(C(=C1)Cl)Cl,confirmed_organic,organic_reagent,,,telegram:minatajhiz,Iranian supplier Telegram catalogue,listing_evidence_crawled_2026-08-24,https://t.me/minatajhiz/142,,ai_normalised_listing+pubchem_confirmed,seed_2026-08-24 + seed_2026-08-25,2017-10-19,ace8d12b7f5f95d55ef4eeef4d0ba265ab2089f18b92d521a0620905dc8288a7
"1,2-dimethoxy-4-[(E)-prop-1-enyl]benzene",Methylisoeugenol,"1,2-dimethoxy-4-[(E)-prop-1-enyl]benzene; Methylisoeugenol",,637776,,,NNWHUJCUHAELCL-SNAWJCMRSA-N,C11H14O2,178.23,C/C=C/C1=CC(=C(C=C1)OC)OC,confirmed_organic,organic_reagent,,research,Telegram: minatajhiz + t.me/minatajhiz,Iranian supplier Telegram catalogue|telegram,listed_not_current_stock_verified,https://t.me/s/minatajhiz,"1,2-dimethoxy-4-[(E)-prop-1-enyl]benzene",existing skill export,live_telegram_listing + seed_2026-08-24 + seed_2026-08-25,2026-08-23,92f15195e865b278b8e8427a3f9d99a122be4aebdb010b868ec50a36f97e0fdb
"1,2-diphenylguanidine",Diphenylguanidine,,,7594,,,OWRCNXZUPFZXOS-UHFFFAOYSA-N,C13H13N3,211.26,C1=CC=C(C=C1)NC(=NC2=CC=CC=C2)N,confirmed_organic,organic_reagent,,,telegram:minatajhiz,Iranian supplier Telegram catalogue,listing_evidence_crawled_2026-08-24,https://t.me/minatajhiz/172,,ai_normalised_listing+pubchem_confirmed,seed_2026-08-24 + seed_2026-08-25,2017-11-01,15032291897b385c8e98041e9f0e2a3f99b63450ff1824732d46e610626d5a12
"1,2-xylene",,,,7237,,,CTQNGGLPUBDAKN-UHFFFAOYSA-N,C8H10,106.16,,confirmed_organic,polymer_or_material,derived:supplier_platform,,Iran Petrochemical,ai_normalized,,https://iranpetrochemical.net/product/o-xylene-2/,o xylene 2,model_fleet+pubchem,ai_model_fleet,2026-08-27,7f82dabebd1d36b63965064442323099e5edae17d462710c22aa921696ffbe25
"1,3,3-trimethyl-2-oxabicyclo[2.2.2]octane","1,8-Cineole",,470-82-6,2758,,,WEEGYLXZBRQIMU-UHFFFAOYSA-N,C10H18O,154.25,CC1(C2CCC(O1)(CC2)C)C,confirmed_organic,fragrance_or_aroma,,,telegram:chemgroup,Iranian supplier Telegram catalogue,listing_evidence_crawled_2026-08-24,https://t.me/chemgroup/3916,,ai_normalised_listing+pubchem_confirmed,seed_2026-08-24 + seed_2026-08-25,2017-09-04,48122dbab130b5bc047efb8250505aab3ed05365e717f784a8a85c80f310c479
"1,3,5,7-tetrazatricyclo[3.3.1.13,7]decane",Hexamine,"1,3,5,7-tetrazatricyclo[3.3.1.13,7]decane; Hexamine",100-97-0,4101,,,VKYKSIONXSXAKP-UHFFFAOYSA-N,C6H12N4,140.19,C1N2CN3CN1CN(C2)C3,confirmed_organic,organic_reagent,,research,DigiShimi; Mojallali Group; telegram:ATRmedShop + t.me/ATRmedShop,Iranian online chemical shops|ai_normalized|telegram,product_page_listed_not_current_stock_verified,https://t.me/ATRmedShop/652,"هگزامین || هگزا متیلن تترا آمین

‌‏⁧ ‌‌‏‌محصولات مرک المان اصل را از ما بخواهید.

 👇 واردات و فروش مواد شیمیایی سیگما 👇 ‌
‌ 
‌
 ☎️ تلفن: ۰۲۱۶۶۳۶۱۵۴۳-۶۶۳۷۹۰۲۶-۰۲۱
‌
 📱 موبایل: 09120549893

 🌐 لینک محصول :

 https://atrmed.com/produc",router_title_normalization,ai_model_fleet + live_telegram_listing + seed_2026-08-24 + seed_2026-08-25,2026-08-23,4b796f4c9ade8d62cb100ecf1d27885c66e3cb0db3ef8eb0bcdcb603b1a39086
"1,3,5-triazinane-2,4,6-trione",,,,7956,,,ZFSLODLOARCGLH-UHFFFAOYSA-N,C3H3N3O3,129.07,,confirmed_organic,organic_reagent,derived:supplier_platform,,t.me/ChemIranSanat,ai_normalized,,https://t.me/ChemIranSanat/1136,"شیمی سم سیانید (سیانور)
خیلی سریع اکسیژن رسانی را دربدن از طریق تداخل در آنزیم سیتوکروم اکسیداز متوقف و منجر به مرگ میشود.
در صورت مسمومیت با سیانور نیتریت ها اثر سیانور را ازبین میبرند

 🆔 @ChemIran1",model_fleet+pubchem,ai_model_fleet,2026-08-27,a37300ae15d3867d5464e60ffbb8e26b887e823c64db07fcb281b26f778597da
"1,3,5-triazine-2,4,6-triamine",Melamine,"1,3,5-triazine-2,4,6-triamine; Melamine",108-78-1,7955,,,JDSHMPZPIAZGSV-UHFFFAOYSA-N,C3H6N6,126.12,C1(=NC(=NC(=N1)N)N)N,confirmed_organic,organic_reagent,,research,Fardad Shimi; Telegram: ChemIranSanat + t.me/ChemIranSanat,Iranian online lab-chemical shop | Iranian supplier Telegram catalogue|ai_normalized|telegram,listed_not_current_stock_verified | product_page_listed_not_current_stock_verified,https://t.me/ChemIranSanat/1905,"1,3,5-triazine-2,4,6-triamine | ملامین MERCK | ... || M2659 Aldrich
2,4,6-triamino-1,3,5-triazine (Melamine)
100g ×2
 🛩 واردات مسافری

 🔜 موجود و آماده تحویل
 ⚗ پک دوم خرده فروشی نیز دارد حتی در حد یک واکنش
 ✅ شیمیران صنعت فقط اصلی

 ❓ قیمت و سفارش 👇 

Admin 🆔 @ChemIranAdmi || 006123 Exir
Melamine, ",existing skill export | router_title_normalization,ai_model_fleet + live_telegram_listing + seed_2026-08-24 + seed_2026-08-25,2026-08-23,abf8ab795c1ee79d374b5e5eb34427102fb689198c310ad245c827fe0ec07482
"1,3,7,9-tetrachloropurine-2,6,8-trione",,,,18387139,,,SJZBZCWMWLQGBV-UHFFFAOYSA-N,C5Cl4N4O3,305.9,,confirmed_organic,organic_reagent,derived:supplier_platform,,Shimi Merck,ai_normalized,,https://shimimerck.ir/tetrachlorouric-acid-3-water-99.html,tetrachlorouric acid 3 water 99,model_fleet+pubchem,ai_model_fleet,2026-08-27,97829967244c4931a041566f8e06aa7b6d3d103a35a080bdf99bf8c3bf8ef0f1
"1,3,7-trimethylpurine-2,6-dione",Caffeine,"1,3,7-trimethylpurine-2,6-dione; Caffeine",58-08-2,2519,,,RYYVLZVUVIJVGH-UHFFFAOYSA-N,C8H10N4O2,194.19,CN1C=NC2=C1C(=O)N(C(=O)N2C)C,confirmed_organic,secondary_metabolite_or_natural_product,,research,TamadKala; Telegram: ChemIranSanat,Iranian online research/chemical shop | Iranian online wholesale/lab shop | Iranian supplier Telegram catalogue,listed_not_current_stock_verified | product_page_listed_not_current_stock_verified,https://tamadkala.com/product/74876/%DA%A9%D8%A7%D9%81%D8%A6%DB%8C%D9%86,"1,3,7-trimethylpurine-2,6-dione | کافئین | کافئین extra pure نوترون",existing skill export | explicit_category_supplement | router_title_normalization,seed_2026-08-24 + seed_2026-08-25,2026-08-23,c848fb0faab891cd1a7dc886e7300f565642b57d9f8307bb28d4b2848aee5533
"1,3-bis(hydroxymethyl)-5,5-dimethylimidazolidine-2,4-dione",Dmdm-hydantoin,"1,3-bis(hydroxymethyl)-5,5-dimethylimidazolidine-2,4-dione; Dmdm-hydantoin",,22947,,,WSDISUOETYTPRL-UHFFFAOYSA-N,C7H12N2O4,188.18,CC1(C(=O)N(C(=O)N1CO)CO)C,confirmed_organic,cosmetic_raw_material,,,BehChin Chemi Pharmed,Iranian supplier API/intermediate catalogue,supplier_catalogue_listed_not_current_stock_verified,https://www.behchinchemi.ir/en/our-products/cosmetic-materials,Dmdm-hydantoin,supplier_table,seed_2026-08-24 + seed_2026-08-25,2026-08-23,e7e60fd3cf71b342df9bdf9441d906cfe56e1680cd798e1301af0d6a3e4dce1f
"1,3-diazinane-2,4,6-trione",,,,6211,,,HNYOPLTXPVRDBG-UHFFFAOYSA-N,C4H4N2O3,128.09,,confirmed_organic,pharmaceutical_or_api,derived:supplier_platform,,t.me/ATRmedShop,ai_normalized,,https://t.me/ATRmedShop/437,"باربیتوریک اسید برای سنتز 
باربیتوریک اسید برای سنتز یک ترکیب آلی است که براساس اسکلت هتروسیکلیک پیریمیدین ساخته شده است. باربیتوریک اسید پودر ...
برای ادامه مطالب، مشاهده و خرید آنلاین این محصول به لینک زیر مراجعه فرمای",model_fleet+pubchem,ai_model_fleet,2026-08-27,38ae887f5b4d5928109dcd33a02217047bd2c065781dc7ecd4c5bd83fdfb4eae
"1,3-dimethylurea",,,,7293,,,MGJKQDOBUOMPEZ-UHFFFAOYSA-N,C3H8N2O,88.11,,confirmed_organic,organic_reagent,derived:supplier_platform,,Shimi Merck,ai_normalized,,https://shimimerck.ir/buy-dimethyl-urea.html,buy dimethyl urea,model_fleet+pubchem,ai_model_fleet,2026-08-27,0e661911fa648ddd1fddea09faaffca028f11ce7bd07814c2c91f419edb6484f
"1,3-diphenyl-2-benzofuran",,,,21649,,,ZKSVYBRJSMBDMV-UHFFFAOYSA-N,C20H14O,270.3,,confirmed_organic,organic_reagent,derived:supplier_platform,,Shimi Merck,ai_normalized,,https://shimimerck.ir/13-diphenylisobenzofuran.html,13 diphenylisobenzofuran,model_fleet+pubchem,ai_model_fleet,2026-08-27,6373638af4141d1a2b8f93d61f6e191516e5fe2b65b5cb228d1d91882ccf422f
"1,3-diphenylpropane-1,3-dione",Dibenzoylmethane,"1,3-diphenylpropane-1,3-dione; Dibenzoylmethane",,8433,,,NZZIMKJIVMHWJC-UHFFFAOYSA-N,C15H12O2,224.25,C1=CC=C(C=C1)C(=O)CC(=O)C2=CC=CC=C2,confirmed_organic,organic_reagent,,research,Telegram: minatajhiz + t.me/minatajhiz,Iranian supplier Telegram catalogue|telegram,listed_not_current_stock_verified,https://t.me/s/minatajhiz,"1,3-diphenylpropane-1,3-dione",existing skill export,live_telegram_listing + seed_2026-08-24 + seed_2026-08-25,2026-08-23,26ed7316fe8e96f112ac8c169bb70d82b9b1b9a74ba847ed8fbcfd9dddeaac1b
"1,4-diazabicyclo[2.2.2]octane",Dabco,"1,4-diazabicyclo[2.2.2]octane; Dabco",280-57-9,9237,,,IMNIMPAHZVJRPE-UHFFFAOYSA-N,C6H12N2,112.17,C1CN2CCN1CC2,confirmed_organic,organic_reagent,,research,Telegram: ChemIranSanat; Telegram: IranChemicals + t.me/ChemIranSanat + t.me/IranChemicals,Iranian supplier Telegram catalogue|ai_normalized|telegram,listed_not_current_stock_verified,https://t.me/IranChemicals/31153,"1,4-diazabicyclo[2.2.2]octane || 🔴 #فروش 


 ✅ TEDA crystal 
TriEthyleneDiAmine
تدا
پودر کلوخه سفید کاتالیست استاندارد و بسیار پرمصرف پلی یورتان

 ✅ TIPT
تترا ایزوپروپیل تیتانات 
چینی ۱۹۰ کیلویی
انبار باسط 
کاتالیست استریفیکاسیون 
برای تولید پلی استر پل",existing skill export,ai_model_fleet + live_telegram_listing + seed_2026-08-24 + seed_2026-08-25,2026-08-23,51951e757f256c4266b5a2de5bc9025e19e16a46fd93c7c41a746de7da25f78c
"1,4-diethylbenzene","1,4-Diethylbenzene",,105-05-5,7734,,,DSNHSQKRULAAEI-UHFFFAOYSA-N,C10H14,134.22,CCC1=CC=C(C=C1)CC,confirmed_organic,organic_reagent,,,telegram:ChemIranSanat,Iranian supplier Telegram catalogue,listing_evidence_crawled_2026-08-24,https://t.me/ChemIranSanat/1439,"32018 Sigma-Aldrich 1,4-Diethylbenzene analytical standard موجود و آماده تحویل ✅ شیمیران صنعت فقط اصلی ❓ قیمت و سفارش 👇 Admin 🆔 @ChemIranAdmin 🆔 @ChemIran1",ai_normalised_listing+pubchem_confirmed,seed_2026-08-24 + seed_2026-08-25,2018-05-06,af8618e991b6259cf10de26f46bf2306e88c9dba7441fc148c9c9796e96a1c2f
"1,4-dioxane","1,4-Dioxane","1,4-dioxane; 1,4-Dioxane",123-91-1,31275,,,RYHBNJHYFVUHQT-UHFFFAOYSA-N,C4H8O2,88.11,C1COCCO1,confirmed_organic,organic_reagent,,research,Shimi Merck + TamadKala,Iranian online wholesale/lab shop|ai_normalized,product_page_listed_not_current_stock_verified,https://shimimerck.ir/1-and-4-dioxan-103132.html,41 دی اکسان extra pure نوترون | ... | 41 دیاکسان dry نوترون 2 | ... | 41 دیاکسان hplc نوترون | ... || 1 and 4 dioxan,router_title_normalization,ai_model_fleet + seed_2026-08-24 + seed_2026-08-25,2026-08-23,29fee54c01aaa771889a7ed1f581ed96f57057f5c2f1a38346e6f26c568fdc28
"1,4-xylene",,,,7809,,,URLKBWYHVLBVBO-UHFFFAOYSA-N,C8H10,106.16,,confirmed_organic,organic_reagent,derived:supplier_platform,,t.me/IranChemicals + t.me/Maran_Tejarat_Eshen,ai_normalized,,https://t.me/Maran_Tejarat_Eshen/96,"🔆 جادوی غول آروماتیک در هاب پتروشیمی؛
سال «طلایی» تولید، سودآوری و فروش «بوعلی» رقم خورد/ پیش راه اندازی «پارازایلین» بوعلی آغاز شد

 💎 به گزارش «شاپا» به نقل از پتروشیمی بوعلی‌سینا، «محمد رحیمی پور» با بیان اینکه «در ۹ || فروش ویژه پترو رزین C5 هایکرز 1100 کره #ماران_تجارت_اشن 
021-22799285,95
0912",model_fleet+pubchem,ai_model_fleet,2026-08-27,d45cc8952e42d084e7f92d1ae7219a82e092c33abfaab1531bcc174ef8b1521a
"1,5-dimethyl-2-phenylpyrazol-3-one",,,,2206,,,VEQOALNAAJBPNY-UHFFFAOYSA-N,C11H12N2O,188.23,,confirmed_organic,organic_reagent,derived:supplier_platform,,Shimi Merck,ai_normalized,,https://shimimerck.ir/antipyrine-powder.html,antipyrine powder,model_fleet+pubchem,ai_model_fleet,2026-08-27,42697975b381f9b419902838609ac561badeea7e6e58598ac85d1ee7ee535a83
"1,6-diisocyanatohexane",,,,161607,,,YXRKNIZYMIXSAD-UHFFFAOYSA-N,C24H36N6O6,504.6,,confirmed_organic,organic_reagent,derived:supplier_platform,,t.me/Maran_Tejarat_Eshen,ai_normalized,,https://t.me/Maran_Tejarat_Eshen/653,"#هاردنرپلی_اورتان #دزمادور N75

دزمادور N75 نوعی رزین پلی ایزوسیاناتی آلیفاتیک بر پایه HDI است، که به عنوان هاردنر در سیستم های پلی اورتان استفاده می شود.این ماده که دارای مزایای کاربردی متعددی است که برخی از آنها بصورت",model_fleet+pubchem,ai_model_fleet,2026-08-27,1132b183087f25d2f95a1535db6df5668c169cd3e642f4e8854fc4d01d51ad9c
"1,6-diisocyanatohexane",Hexamethylene diisocyanate,"1,6-diisocyanatohexane; Hexamethylene diisocyanate",822-06-0,13192,,,RRAMGCGOFNQTLD-UHFFFAOYSA-N,C8H12N2O2,168.19,C(CCCN=C=O)CCN=C=O,confirmed_organic,organic_reagent,,research,Telegram: minatajhiz + t.me/minatajhiz,Iranian supplier Telegram catalogue|telegram,listed_not_current_stock_verified,https://t.me/s/minatajhiz,"1,6-diisocyanatohexane || ماده شیمیایی هگزا متیلن دی ایزوسیانات محصول کمپانی مرک آلمان که جزء واردات شرکت مینا تجهیز آریا می باشد. نام های دیگر این محصول : 1,6-Diisocyanatohexane می باشد. CAS: 822-06-0 EC Number: 212-485-8 @minatajhiz_aria",existing skill export,live_telegram_listing + seed_2026-08-24 + seed_2026-08-25,2026-08-23,6cf2e383721a9ea066f5e38d2b931b7e632b5c32e538c42b4d348947d4e85076
1-(2-hydroxyphenyl)ethanone,1-(2-hydroxyphenyl)ethanone,,118-93-4,8375,,,JECYUBVRTQDVAT-UHFFFAOYSA-N,C8H8O2,136.15,CC(=O)C1=CC=CC=C1O,confirmed_organic,pharmaceutical_or_api,derived:supplier_platform,,telegram:ATRmedShop,public Telegram (seller_research),product_page_listed_not_current_stock_verified,https://t.me/ATRmedShop/511,Tetramethylbenzidine (TMB) | پودر سوبسترا TMB ‌‏⁧ ‌‌‏‌محصولات سیگما اصل را از ما بخواهید. 👇 واردات و فروش مواد شیمیایی سیگما و مرک 👇 ‌ ‌ ‌ ☎️ تلفن: ۰۲۱۶۶۳۶۱۵۴۳-۶۶۳۷۹۰۲۶-۰۲۱ ‌ 📱 موبایل: 09120549893 🌐 لینک محصول: https://atrmed.com/product/%d8%b3%d9%88%d8%a8%d8%b3%d8%aa%d8%b1%d8%a7%db%8c-tmb/ #اثل_طب,router_batch+pubchem,seed_2026-08-25,2026-08-25,fcc8f192534f38cd82a71eb13ea6837ad6be04a0b1436743977c1b4fc9c020fb
"1-(3,3a,4,5,6,6a-hexahydro-1H-cyclopenta[c]pyrrol-2-yl)-3-(4-methylphenyl)sulfonylurea",Gliclazide,"1-(3,3a,4,5,6,6a-hexahydro-1H-cyclopenta[c]pyrrol-2-yl)-3-(4-methylphenyl)sulfonylurea; Gliclazide",,3475,,,BOVGTQGAOIONJV-UHFFFAOYSA-N,C15H21N3O3S,323.4,CC1=CC=C(C=C1)S(=O)(=O)NC(=O)NN2CC3CCCC3C2,confirmed_organic,pharmaceutical_or_api,,research,BehChin Chemi Pharmed; Temad,Iranian supplier API/intermediate catalogue,supplier_catalogue_listed_not_current_stock_verified,https://www.behchinchemi.ir/en/our-products/active-pharmaceutical-ingredient,Gliclazide,supplier_table,seed_2026-08-24 + seed_2026-08-25,2026-08-23,08275a29876c8c14d3ee261c16b6f3be7fc27da8883b2dd3cf0ac45d48de6422
1-(9H-carbazol-4-yloxy)-3-[2-(2-methoxyphenoxy)ethylamino]propan-2-ol,Carvedilol,1-(9H-carbazol-4-yloxy)-3-[2-(2-methoxyphenoxy)ethylamino]propan-2-ol; Carvedilol,,2585,,,OGHNVEJMJSYVRP-UHFFFAOYSA-N,C24H26N2O4,406.5,COC1=CC=CC=C1OCCNCC(COC2=CC=CC3=C2C4=CC=CC=C4N3)O,confirmed_organic,pharmaceutical_or_api,,research,BehChin Chemi Pharmed,Iranian supplier API/intermediate catalogue,supplier_catalogue_listed_not_current_stock_verified,https://www.behchinchemi.ir/en/our-products/active-pharmaceutical-ingredient,Carvedilol,supplier_table,seed_2026-08-24 + seed_2026-08-25,2026-08-23,d238ae991c244822849c4d4380280f3450a9e865faa98f7df6781b203d7379a5
1-(bromomethyl)-2-phenylbenzene,1-(Bromomethyl)-2-phenylbenzene,1-(bromomethyl)-2-phenylbenzene; 1-(Bromomethyl)-2-phenylbenzene,,263365,,,SEXZHJJUKFXNDY-UHFFFAOYSA-N,C13H11Br,247.13,C1=CC=C(C=C1)C2=CC=CC=C2CBr,confirmed_organic,organic_reagent,,research,Telegram: ChemIranSanat + t.me/ChemIranSanat,Iranian supplier Telegram catalogue|ai_normalized|telegram,listed_not_current_stock_verified,https://t.me/ChemIranSanat/65,"1-(bromomethyl)-2-phenylbenzene || 360082 ALDRICH
2-Phenylbenzyl bromide
97% موجود و آماده تحویل واحد 25 گرمی


 🆔 @ChemIran1",existing skill export,ai_model_fleet + live_telegram_listing + seed_2026-08-24 + seed_2026-08-25,2026-08-23,d446fc087a50068c29eefc7bf4fc87b2dfac2539d62a77bc6ae4d62a367ba1a0
1-(chloromethyl)-4-ethenylbenzene,p-Vinylbenzyl chloride,1-(chloromethyl)-4-ethenylbenzene; p-Vinylbenzyl chloride,1592-20-7,74126,,,ZRZHXNCATOYMJH-UHFFFAOYSA-N,C9H9Cl,152.62,C=CC1=CC=C(C=C1)CCl,confirmed_organic,organic_reagent,,research,Telegram: minatajhiz + t.me/minatajhiz,Iranian supplier Telegram catalogue|telegram,listed_not_current_stock_verified,https://t.me/s/minatajhiz,1-(chloromethyl)-4-ethenylbenzene,existing skill export,live_telegram_listing + seed_2026-08-24 + seed_2026-08-25,2026-08-23,663532cadadd472107e7ce2bf562780a8d02dec1f3dd9ca407600c886a251545
1-[(2-chlorophenyl)-diphenylmethyl]imidazole,,,,2812,,,VNFPBHJOKIVQEB-UHFFFAOYSA-N,C22H17ClN2,344.8,,confirmed_organic,organic_reagent,derived:supplier_platform,,Shimi Merck,ai_normalized,,https://shimimerck.ir/buy-clotrimazole.html,buy clotrimazole,model_fleet+pubchem,ai_model_fleet,2026-08-27,87ba4ef4cb58fc95dadf9fff23480086e99c6cc668309130f07b0af55a93536d
"1-[(2R,3R,4S,5R)-3,4-dihydroxy-5-(hydroxymethyl)oxolan-2-yl]-1,2,4-triazole-3-carboxamide",Ribavirin,,,37542,,,IWUCXVSUMQZMFG-AFCXAGJDSA-N,C8H12N4O5,244.20,C1=NC(=NN1[C@H]2[C@@H]([C@@H]([C@H](O2)CO)O)O)C(=O)N,confirmed_organic,pharmaceutical_or_api,,,telegram:ChemIranSanat,Iranian supplier Telegram catalogue,listing_evidence_crawled_2026-08-24,https://t.me/ChemIranSanat/1197,,ai_normalised_listing+pubchem_confirmed,seed_2026-08-24 + seed_2026-08-25,2018-01-22,5a498e5986f3acafb6b2a33aa4234f16186a450c33a4e67ce9533ec68516a8fe
"1-[(2R,4S,5R)-4-hydroxy-5-(hydroxymethyl)oxolan-2-yl]-5-methylpyrimidine-2,4-dione","1-[(2R,4S,5R)-4-hydroxy-5-(hydroxymethyl)oxolan-2-yl]-5-methylpyrimidine-2,4-dione",,50-89-5,5789,,,IQFYYKKMVGJFEH-XLPZGREQSA-N,C10H14N2O5,242.23,CC1=CN(C(=O)NC1=O)C2CC(C(O2)CO)O,confirmed_organic,pharmaceutical_or_api,derived:supplier_platform,research,Shimi Merck + t.me/ATRmedShop + telegram:ATRmedShop,ai_normalized|public Telegram (seller_research)|telegram,product_page_listed_not_current_stock_verified,https://shimimerck.ir/buy-thymidine.html,Thymidine | تیمیدین تیمیدین چیست تیمیدین به‌عنوان پیریمیدین دئوکسی نوکلئوزید نیز شناخته می‌شود. دئوکسی تیمیدین یک نوکلئوزید موجود در DNA است. در یک ساختار دو رشته‌ای DNA، تیمیدین با دئوکسی آدنوزین جفت می‌شود. Thymidine در سینکرونیزاسیون سلولی در... برای مشاهده ادامه مطلب، مشاهده قیمت آنلاین و خرید ا,router_batch+pubchem,ai_model_fleet + live_telegram_listing + seed_2026-08-25,2026-08-25,7833a1e1a563bcf6aacfa6543452c974847bc623205e89aa6d6b685568761606
1-[2-(dimethylamino)-1-(4-methoxyphenyl)ethyl]cyclohexan-1-ol,venlafaxine,1-[2-(dimethylamino)-1-(4-methoxyphenyl)ethyl]cyclohexan-1-ol; venlafaxine,,5656,,,PNVNVHUZROJLTJ-UHFFFAOYSA-N,C17H27NO2,277.4,CN(C)CC(C1=CC=C(C=C1)OC)C2(CCCCC2)O,confirmed_organic,pharmaceutical_or_api,,,Rooz Darou,Iranian pharmaceutical product catalogue,product_page_listed_not_current_stock_verified,http://rouzdarou.com/products/%DA%A9%D9%BE%D8%B3%D9%88%D9%84-%D9%88%D9%86%D9%84%D8%A7%D9%81%D8%A7%DA%A9%D8%B3%DB%8C%D9%86-75,کپسول ونلافاکسین 75,PubChem name validation from supplier product title,seed_2026-08-24 + seed_2026-08-25,2026-08-23,63f92358cc94940165ebeeec3387119b22ed8a07c56f9b73a7014a74c4e8a2fc
"1-[4-[4-[[(2S,4R)-2-(2,4-dichlorophenyl)-2-(imidazol-1-ylmethyl)-1,3-dioxolan-4-yl]methoxy]phenyl]piperazin-1-yl]ethanone",ketoconazole,"1-[4-[4-[[(2S,4R)-2-(2,4-dichlorophenyl)-2-(imidazol-1-ylmethyl)-1,3-dioxolan-4-yl]methoxy]phenyl]piperazin-1-yl]ethanone; ketoconazole",,47576,,,XMAYWYJOQHXEEK-ZEQKJWHPSA-N,C26H28Cl2N4O4,531.4,CC(=O)N1CCN(CC1)C2=CC=C(C=C2)OC[C@@H]3CO[C@@](O3)(CN4C=CN=C4)C5=C(C=C(C=C5)Cl)Cl,confirmed_organic,pharmaceutical_or_api,,,Rooz Darou,Iranian pharmaceutical product catalogue,product_page_listed_not_current_stock_verified,http://rouzdarou.com/products/%DA%A9%D8%AA%D9%88%DA%A9%D9%88%D9%86%D9%80%D9%80%D9%80%D8%A7%D8%B2%D9%88%D9%84-200,کتوکونـــازول 200,PubChem name validation from supplier product title,seed_2026-08-24 + seed_2026-08-25,2026-08-23,37ae1a5472d6a57b2ca25e4b32830fda61743d0460de5e9ac8774f7e9055a0d3
"1-[5-(Diaminomethylideneamino)-2-[3-[4,5-dihydroxy-6-(hydroxymethyl)-3-(methylamino)oxan-2-yl]oxy-4-formyl-4-hydroxy-5-methyloxolan-2-yl]oxy-3,4,6-trihydroxycyclohexyl]guanidine;3,3-dimethyl-7-oxo-6-[(2-phenylacetyl)amino]-4-thia-1-azabicyclo[3.2.0]heptane-2-carboxylic acid",Penicillin-Streptomycin,,,176540074,,,YVSHCKXUFJPXCX-UHFFFAOYSA-N,C37H57N9O16S,916.0,CC1C(C(C(O1)OC2C(C(C(C(C2O)O)N=C(N)N)O)NC(=N)N)OC3C(C(C(C(O3)CO)O)O)NC)(C=O)O.CC1(C(N2C(S1)C(C2=O)NC(=O)CC3=CC=CC=C3)C(=O)O)C,confirmed_organic,pharmaceutical_or_api,,,merckmillipore,telegram,listing_evidence_crawled_2026-08-23,https://t.me/merckmillipore/309,تعداد محدودی penicillin-stereptomycin موجود میباشد 09121161187,ai_resolved+pubchem,seed_2026-08-24 + seed_2026-08-25,2026-08-23,09cf4a3959e2c707153d0e9af45421f68054e9d269f9f4b41fb9228f152f0ad6
"1-[[3,4,5-tris(2-hydroxypropoxy)-6-[4,5,6-tris(2-hydroxypropoxy)-2-(2-hydroxypropoxymethyl)oxan-3-yl]oxyoxan-2-yl]methoxy]propan-2-ol",Hydroxyethyl cellulose,,9004-62-0,4327536,,,DFJVHKAPIXJTSC-UHFFFAOYSA-N,C36H70O19,806.9,CC(COCC1C(C(C(C(O1)OC2C(OC(C(C2OCC(C)O)OCC(C)O)OCC(C)O)COCC(C)O)OCC(C)O)OCC(C)O)OCC(C)O)O,confirmed_organic,cosmetic_raw_material,,,Shimi Merck + t.me/Maran_Tejarat_Eshen + telegram:IranChemicals,Iranian supplier Telegram catalogue|ai_normalized,listing_evidence_crawled_2026-08-24,https://t.me/Maran_Tejarat_Eshen/656,کاربرد #هیدروکسی_اتیل_سلولز - پلیمریزاسیون امولسیونی - رنگ و پوشش‌های پایه آب - سیمان و ملات‌های خشک - #غلیظ_کننده برای فرمولاسیون آفت‌کش‌ها - گچ دیوار - بتونه گچی - چسب کاشی - مایعات حفاری - محصولات مراقبت شخصی - شوینده‌های مایع - تولید کاغذ - چاپ پارچه . . خواص کلیدی #HE C ✓ حل شدن آسان ✓ پایداری ,ai_normalised_listing+pubchem_confirmed,ai_model_fleet + seed_2026-08-24 + seed_2026-08-25,2025-11-30,f1613451432d06efa5368fb552360a34023c032f56719dcd9d15dabcb267316a
"1-[[4-[(2,5-dimethylphenyl)diazenyl]-2,5-dimethylphenyl]diazenyl]naphthalen-2-ol","1-[[4-[(2,5-dimethylphenyl)diazenyl]-2,5-dimethylphenyl]diazenyl]naphthalen-2-ol","1-[[4-[(2,5-dimethylphenyl)diazenyl]-2,5-dimethylphenyl]diazenyl]naphthalen-2-ol",1320-06-5,2724054,,,NPGIHFRTRXVWOY-UHFFFAOYSA-N,C26H24N4O,408.5,CC1=CC(=C(C=C1)C)N=NC2=C(C=C(C(=C2)C)N=NC3=C(C=CC4=CC=CC=C43)O)C,confirmed_organic,organic_reagent,derived:supplier_platform,,Mojallali Group,Iranian WooCommerce catalogue,product_page_listed_not_current_stock_verified,https://drm-chem.com/en/product/oil-red-o-en/,Oil Red O,cas_pubchem,seed_2026-08-25,2026-08-25,f8f5dfaf655bcefe82c5211b23a4e2f84a3ced2d6871bd3124566fa9671c32bc
1-[chloro(ethoxy)phosphoryl]oxyethane,Diethyl chlorophosphate,1-[chloro(ethoxy)phosphoryl]oxyethane; Diethyl chlorophosphate,814-49-3,13139,,,LGTLXDJOAJDFLR-UHFFFAOYSA-N,C4H10ClO3P,172.55,CCOP(=O)(OCC)Cl,confirmed_organic,organic_reagent,,research,Telegram: ChemIranSanat + t.me/ChemIranSanat,Iranian supplier Telegram catalogue|ai_normalized|telegram,listed_not_current_stock_verified,https://t.me/ChemIranSanat/1923,"1-[chloro(ethoxy)phosphoryl]oxyethane || D91632 Sigma-Aldrich
Diethyl chlorophosphate, 97%
25g

 🔜 موجود و آماده تحویل
 ✅ شیمیران صنعت فقط اصلی
 ♾ موجودی و تنوع بی نظیر از برندهای معتبر
 📦 ارسال رایگان
 📱 سفارش کالا 👇 
 📞 0938-648-9001

 🆔 @ChemIranAdmin 

 🆔 @",existing skill export,ai_model_fleet + live_telegram_listing + seed_2026-08-24 + seed_2026-08-25,2026-08-23,e0e36334fc9df46c19fb4fee5c7e5e13219d7c7d27d11ad1b91e225385e2a630
1-azabicyclo[2.2.2]octan-2-one,,,,566119,,,FJXLZNSVOSVTPH-UHFFFAOYSA-N,C7H11NO,125.17,,confirmed_organic,organic_reagent,derived:supplier_platform,,t.me/IranChemicals,ai_normalized,,https://t.me/IranChemicals/21673,"🟢 #صنایع ایران 

 🟥 صادرات بنزین از نفت جلو زد؟

 🟢 ایران در سال گذشته بیش از
 ✅ ۷.۸ میلیون تن معادل حدود ۳ میلیارد دلار بنزین علی رغم همه تحریم ها صادر کرده که نسبت به مدت مشابه سال ۹۸ 
 ✅ از لحاظ ارزشی، ۳۵۸ ٪ و 
 ✅ از",model_fleet+pubchem,ai_model_fleet,2026-08-27,f9bd1aff42f993e44f8a6db98836dc5d5349e7805d7a81555a9d3154fa8d1057
1-benzothiophene,,,,7221,,,FCEHBMOGCRZNNI-UHFFFAOYSA-N,C8H6S,134.2,,confirmed_organic,organic_reagent,derived:supplier_platform,,Shimi Merck,ai_normalized,,https://shimimerck.ir/1-benzothiophene.html,1 benzothiophene,model_fleet+pubchem,ai_model_fleet,2026-08-27,52f93287a6312d87f20d87c21778e78277ef336de0874dad41af02bd9d4e2e19
1-benzyl-5-chloro-3-phenylsulfanylindole-2-carboxylic acid,sf1,1-benzyl-5-chloro-3-phenylsulfanylindole-2-carboxylic acid; sf1,,16758220,,,RFESUVTWCSFPBG-UHFFFAOYSA-N,C22H16ClNO2S,393.9,C1=CC=C(C=C1)CN2C3=C(C=C(C=C3)Cl)C(=C2C(=O)O)SC4=CC=CC=C4,confirmed_organic,organic_reagent,derived:supplier_platform,,TamadKala,Iranian online wholesale/lab shop,product_page_listed_not_current_stock_verified,https://tamadkala.com/product/1566/کوره-رسوب-بخار-شیمیایی-1-منطقه-ای-مدل-sf1,کوره رسوب بخار شیمیایی 1 منطقه ای مدل sf1,structured_pubchem,seed_2026-08-25,2026-08-25,9a16844d4ac8422cb4237479de934a3392499e92aacecec4ba06aedea97e387b
1-bromo-3-chlorobenzene,1-Bromo-3-chlorobenzene,,,7928,,,JRGGUPZKKTVKOV-UHFFFAOYSA-N,C6H4BrCl,191.45,C1=CC(=CC(=C1)Br)Cl,confirmed_organic,organic_reagent,,,telegram:minatajhiz,Iranian supplier Telegram catalogue,listing_evidence_crawled_2026-08-24,https://t.me/minatajhiz/170,,ai_normalised_listing+pubchem_confirmed,seed_2026-08-24 + seed_2026-08-25,2017-11-01,1c25a6aa1aa00dcddf630e40a868616f471548908ce5a434b59c2b0f7565ab9f
1-bromo-3-chloropropane,,,,8006,,,MFESCIUQSIBMSM-UHFFFAOYSA-N,C3H6BrCl,157.44,,confirmed_organic,organic_reagent,derived:supplier_platform,,Shimi Merck,ai_normalized,,https://shimimerck.ir/1-bromo-3-chloropropane-845147.html,1 bromo 3 chloropropane,model_fleet+pubchem,ai_model_fleet,2026-08-27,1eaa837b9f0a406252af778b32dfd32e3872d8c8d1bf21b19406ab2b237c4172
1-bromobutane,Butyl bromide,1-bromobutane; Butyl bromide; Bromobutane,109-65-9,8002,,,MPPPKRYCTPRNTB-UHFFFAOYSA-N,C4H9Br,137.02,CCCCBr,confirmed_organic,organic_reagent,,research,Telegram: minatajhiz + t.me/minatajhiz,Iranian supplier Telegram catalogue|telegram,listed_not_current_stock_verified,https://t.me/s/minatajhiz,1-bromobutane,existing skill export,live_telegram_listing + seed_2026-08-24 + seed_2026-08-25,2026-08-23,508b904245c1f6e96753869c83c5fac085824d3cff6e238527d609bf5a8927d6
1-bromohexane,1-Bromohexane,,,8101,,,MNDIARAMWBIKFW-UHFFFAOYSA-N,C6H13Br,165.07,CCCCCCBr,confirmed_organic,organic_reagent,,,telegram:minatajhiz,Iranian supplier Telegram catalogue,listing_evidence_crawled_2026-08-24,https://t.me/minatajhiz/182,,ai_normalised_listing+pubchem_confirmed,seed_2026-08-24 + seed_2026-08-25,2017-11-07,f4dbcef6cea9b9b42ff7a3ddf334df6fd9e9d265628022d073be2ea61d8e1f78
1-bromooctane,1-Bromooctane,,,8140,,,VMKOFRJSULQZRM-UHFFFAOYSA-N,C8H17Br,193.12,CCCCCCCCBr,confirmed_organic,organic_reagent,,,telegram:minatajhiz,Iranian supplier Telegram catalogue,listing_evidence_crawled_2026-08-24,https://t.me/minatajhiz/184,,ai_normalised_listing+pubchem_confirmed,seed_2026-08-24 + seed_2026-08-25,2017-11-08,ad7da3682cec7cd7b74cd7c11987bb4454c0f930962456d8e54ab201f329cde3
1-bromopropane,1-Bromopropane,,106-94-5,7840,,,CYNYIHKIEHGYOZ-UHFFFAOYSA-N,C3H7Br,122.99,CCCBr,confirmed_organic,organic_reagent,,,telegram:minatajhiz,Iranian supplier Telegram catalogue,listing_evidence_crawled_2026-08-24,https://t.me/minatajhiz/941,,ai_normalised_listing+pubchem_confirmed,seed_2026-08-24 + seed_2026-08-25,2022-12-12,54e023a73d2cd56b816d6cf7b2c641368083c4bd3e56f4c22218e3150c55373c
"1-bromopyrrolidine-2,5-dione",n-Bromosuccinimide,"1-bromopyrrolidine-2,5-dione; n-Bromosuccinimide",,67184,,,PCLIMKBDDGJMGD-UHFFFAOYSA-N,C4H4BrNO2,177.98,C1CC(=O)N(C1=O)Br,confirmed_organic,organic_reagent,,,TamadKala,Iranian online wholesale/lab shop,product_page_listed_not_current_stock_verified,https://tamadkala.com/product/55234/n-%D8%A8%D8%B1%D9%88%D9%85%D9%88-%D8%B3%D9%88%DA%A9%D8%B3%DB%8C%D8%A7%D9%86%DB%8C%D9%85%DB%8C%D8%AF,n برومو سوکسیانیمید,router_title_normalization,seed_2026-08-24 + seed_2026-08-25,2026-08-23,27f962917841740ee8f4e23ea1b562ebb0e148829b66fe1676e08834c5ea0883
1-butylsulfanylbutane,Dibutyl sulfide,,,11002,,,HTIRHQRTDBPHNZ-UHFFFAOYSA-N,C8H18S,146.30,CCCCSCCCC,confirmed_organic,organic_reagent,,,telegram:minatajhiz,Iranian supplier Telegram catalogue,listing_evidence_crawled_2026-08-24,https://t.me/minatajhiz/146,,ai_normalised_listing+pubchem_confirmed,seed_2026-08-24 + seed_2026-08-25,2017-10-23,ce4ba09c65d83dd43cb1b20864214bdbc21630a26dcf355e3d23a0fea0335196
1-chloro-2-(2-chloroethylsulfanyl)ethane,Sulfur Mustard,,505-60-2,10461,,,QKSKPIVNLNLAAV-UHFFFAOYSA-N,C4H8Cl2S,159.08,C(CCl)SCCCl,confirmed_organic,organic_reagent,,,telegram:chemgroup,Iranian supplier Telegram catalogue,listing_evidence_crawled_2026-08-24,https://t.me/chemgroup/913,,ai_normalised_listing+pubchem_confirmed,seed_2026-08-24 + seed_2026-08-25,2016-01-13,4a8252121941fa6f646c84edfea416848cb0bf90ec7043d3973cb79a210fe4cd
1-chloro-4-(4-chlorophenyl)sulfonylbenzene,"4,4'-Dichlorodiphenyl sulfone","1-chloro-4-(4-chlorophenyl)sulfonylbenzene; 4,4'-Dichlorodiphenyl sulfone",80-07-9,6625,,,GPAPPPVRLPGFEQ-UHFFFAOYSA-N,C12H8Cl2O2S,287.2,C1=CC(=CC=C1S(=O)(=O)C2=CC=C(C=C2)Cl)Cl,confirmed_organic,organic_reagent,,research,Telegram: ChemIranSanat + t.me/ChemIranSanat,Iranian supplier Telegram catalogue|ai_normalized|telegram,listed_not_current_stock_verified,https://t.me/ChemIranSanat/1955,"1-chloro-4-(4-chlorophenyl)sulfonylbenzene || 003325 Exir
Bis(4-chlorophenyl) sulfone 
100g

 🔜 موجود و آماده تحویل
 ✅ شیمیران صنعت فقط اصلی
 ♾ موجودی و تنوع بی نظیر از برندهای معتبر
 📦 ارسال رایگان
 📱 سفارش کالا 👇 
 📞 0938-648-9001

 🆔 @ChemIranAdmin 

 🆔 @ChemIran",existing skill export,ai_model_fleet + live_telegram_listing + seed_2026-08-24 + seed_2026-08-25,2026-08-23,5b6c5f8ef2f92a5a421f644d77d7c37160b49f1bbcbeb540419f1c6b91b94b3a
1-chlorobutane,1-Chlorobutane,1-chlorobutane; 1-Chlorobutane,109-69-3,8005,,,VFWCMGCRMGJXDK-UHFFFAOYSA-N,C4H9Cl,92.57,CCCCCl,confirmed_organic,organic_reagent,,research,TamadKala,Iranian online wholesale/lab shop,product_page_listed_not_current_stock_verified,,1 کلروبوتان extra pure نوترون 1 | ... | 1 کلروبوتان hplc نوترون | ...,router_title_normalization,seed_2026-08-24 + seed_2026-08-25,2026-08-23,9a1d981ecc4319959bd8c680858fba79265e42bf06101920ddc29a93f026f71a
1-cyclopropyl-6-fluoro-4-oxo-7-piperazin-1-ylquinoline-3-carboxylic acid,ciprofloxacin,1-cyclopropyl-6-fluoro-4-oxo-7-piperazin-1-ylquinoline-3-carboxylic acid; ciprofloxacin,,2764,,,MYSWGUAQZAJSOK-UHFFFAOYSA-N,C17H18FN3O3,331.34,C1CC1N2C=C(C(=O)C3=CC(=C(C=C32)N4CCNCC4)F)C(=O)O,confirmed_organic,pharmaceutical_or_api,,,Rooz Darou,Iranian pharmaceutical product catalogue,product_page_listed_not_current_stock_verified,http://rouzdarou.com/products/%D9%82%D8%B1%D8%B5-%D8%B3%DB%8C%D9%BE%D8%B1%D9%88%D9%81%D9%84%D9%88%DA%A9%D8%B3%D8%A7%D8%B3%DB%8C%D9%86-500,قرص سیپروفلوکساسین 500,PubChem name validation from supplier product title,seed_2026-08-24 + seed_2026-08-25,2026-08-23,daf33a2d4fb3f9724f5b258328bc0ad52d39e8363135b539427f3ad3fd383aca
1-ethenylimidazole,1-Vinylimidazole,,,66171,,,OSSNTDFYBPYIEC-UHFFFAOYSA-N,C5H6N2,94.11,C=CN1C=CN=C1,confirmed_organic,organic_reagent,,,telegram:minatajhiz,Iranian supplier Telegram catalogue,listing_evidence_crawled_2026-08-24,https://t.me/minatajhiz/850,,ai_normalised_listing+pubchem_confirmed,seed_2026-08-24 + seed_2026-08-25,2022-03-02,a9cb6e5b0f3192eef1d4c947495cf227f7cd317cedd1d0ecd17f84af9415eeee
1-ethyl-4-methylbenzene,1-Ethyl-4-Methylbenzene,,622-96-8,12160,,,JRLPEMVDPFPYPJ-UHFFFAOYSA-N,C9H12,120.19,CCC1=CC=C(C=C1)C,confirmed_organic,organic_reagent,,,telegram:ChemIranSanat,Iranian supplier Telegram catalogue,listing_evidence_crawled_2026-08-24,https://t.me/ChemIranSanat/1400,Sigma-Aldrich Cat. Number:04943 4-Ethyltoluene موجود و آماده تحویل ✅ شیمیران صنعت فقط اصلی ❓ قیمت و سفارش 👇 Admin 🆔 @ChemIranAdmin 🆔 @ChemIran1,ai_normalised_listing+pubchem_confirmed,seed_2026-08-24 + seed_2026-08-25,2018-04-22,09195df4519c5f6e0d9c2cf6328fc665715b59f965ac9d1434189dc5050bf31c
"1-ethyl-7-methyl-4-oxo-1,8-naphthyridine-3-carboxylic acid",nalidixic acid,"1-ethyl-7-methyl-4-oxo-1,8-naphthyridine-3-carboxylic acid; nalidixic acid",,4421,,,MHWLWQUZZRMNGJ-UHFFFAOYSA-N,C12H12N2O3,232.23,CCN1C=C(C(=O)C2=C1N=C(C=C2)C)C(=O)O,confirmed_organic,pharmaceutical_or_api,,,Rooz Darou,Iranian pharmaceutical product catalogue,product_page_listed_not_current_stock_verified,http://rouzdarou.com/products/%D9%82%D8%B1%D8%B5-%D9%86%D8%A7%D9%84%DB%8C%D8%AF%DB%8C%DA%A9%D8%B3%DB%8C%DA%A9-%D8%A7%D8%B3%DB%8C%D8%AF-500,قرص نالیدیکسیک اسید 500,PubChem name validation from supplier product title,seed_2026-08-24 + seed_2026-08-25,2026-08-23,2b1e75cc124ccd7e3738af90c1a258b19a99477083ee0c2d6cdb874b181477a9
1-hydroxypropan-2-yl 2-methylprop-2-enoate,Hydroxypropyl Methacrylate,,27813-02-1,34023,,,ZMARGGQEAJXRFP-UHFFFAOYSA-N,C7H12O3,144.17,CC(CO)OC(=O)C(=C)C,confirmed_organic,organic_reagent,,,t.me/Maran_Tejarat_Eshen + telegram:Maran_Tejarat_Eshen,Iranian supplier Telegram catalogue|ai_normalized,listing_evidence_crawled_2026-08-24,https://t.me/Maran_Tejarat_Eshen/628,"#هیدروکسی_پروپیل_متاکریلات (HPMA#) 
مونومری آبگریز، شفاف و بی رنگ است. 

مزایای کاربردی:

• خواص آبگریزی
• واکنش پذیری بالا
• ایجاد پایداری هیدرولیکی در پلیمر تولیدی
• بهبود خاصیت انعطاف پذیری
• بهبود مقاومت به شرایط آب",ai_normalised_listing+pubchem_confirmed,ai_model_fleet + seed_2026-08-24 + seed_2026-08-25,2025-11-25,0e3f927fa558d23393cb83110469e22e101f9de7d0abf19a8e63655d4a7480ef
"1-hydroxypyrrolidine-2,5-dione",N-Hydroxysuccinimide,"1-hydroxypyrrolidine-2,5-dione; N-Hydroxysuccinimide",6066-82-6,80170,,,NQTADLQHYWFPDB-UHFFFAOYSA-N,C4H5NO3,115.09,C1CC(=O)N(C1=O)O,confirmed_organic,organic_reagent,,research,Telegram: ChemIranSanat + t.me/ChemIranSanat,Iranian supplier Telegram catalogue|ai_normalized|telegram,listed_not_current_stock_verified,https://t.me/ChemIranSanat/1991,"1-hydroxypyrrolidine-2,5-dione || 010372 Exir
N-Hydroxysuccinimide
25g
 🔜 موجود و آماده تحویل
 ✅ شیمیران صنعت فقط اصلی
 ♾ موجودی و تنوع بی نظیر از برندهای معتبر
 📦 ارسال رایگان
 📱 سفارش کالا 👇 
 📱 0938 648 9001
 ☎️ 77 88 18 08

 🆔 @ChemIranAdmin 

 🆔 @Ch",existing skill export,ai_model_fleet + live_telegram_listing + seed_2026-08-24 + seed_2026-08-25,2026-08-23,a159d16695f7fa38cd128327c000771d5fbb684b291b834225064699f11c393f
1-isothiocyanato-4-methylsulfinylbutane,Sulforaphane,,4478-93-7,5350,,,SUVMJBTUFCVSAD-UHFFFAOYSA-N,C6H11NOS2,177.3,CS(=O)CCCCN=C=S,confirmed_organic,secondary_metabolite_or_natural_product,,,telegram:ChemIranSanat,Iranian supplier Telegram catalogue,listing_evidence_crawled_2026-08-24,https://t.me/ChemIranSanat/1165,,ai_normalised_listing+pubchem_confirmed,seed_2026-08-24 + seed_2026-08-25,2018-01-16,dc8e9621fae97ea1c2933eeac19342a49ebf7c8128390192be402c119d28c9d3
1-methoxy-4-methylbenzene,4-Methylanisole,,104-93-8,7731,,,CHLICZRVGGXEOD-UHFFFAOYSA-N,C8H10O,122.16,CC1=CC=C(C=C1)OC,confirmed_organic,fragrance_or_aroma,,,telegram:minatajhiz,Iranian supplier Telegram catalogue,listing_evidence_crawled_2026-08-24,https://t.me/minatajhiz/679,,ai_normalised_listing+pubchem_confirmed,seed_2026-08-24 + seed_2026-08-25,2020-01-26,ca88f0402722afd26d0f777f69fa6256fe1afac11cc27e5b7aec1249cf1156f0
"1-methyl-1-nitroso-3-[(2S,3R,4R,5S,6R)-2,4,5-trihydroxy-6-(hydroxymethyl)oxan-3-yl]urea","1-methyl-1-nitroso-3-[(2S,3R,4R,5S,6R)-2,4,5-trihydroxy-6-(hydroxymethyl)oxan-3-yl]urea",,18883-66-4,29327,,,ZSJLQEPLLKMAKR-GKHCUFPYSA-N,C8H15N3O7,265.22,CN(C(=O)NC1C(C(C(OC1O)CO)O)O)N=O,confirmed_organic,pharmaceutical_or_api,derived:supplier_platform,,t.me/ATRmedShop + telegram:ATRmedShop,ai_normalized|public Telegram (seller_research),product_page_listed_not_current_stock_verified,https://t.me/ATRmedShop/817,Streptozotocin | استرپتوزوسین STZ استرپتوزوسین STZ یا استرپتوزوتوسین از استرپتومایسس آکروموژنز به دست می‌آید. استرپتوزوتوسین، یک گلوکزآمین-نیتروزوره، یک عامل آلکیله کننده DNA است که منحصراً از طریق پروتئین ترانسپورت گلوکز GLUT2 وارد سلول‌ها می‌شود. استرپتوزوسین، یک دیابتاژن، به‌ویژه برای... برای مشا,router_batch+pubchem,ai_model_fleet + seed_2026-08-25,2026-08-25,bb46a0d657cd14ea4ff2073768b54c1fedda1cc37d60521d8cb36c1b70da801f
"1-methyl-2,4-dinitrobenzene","2,4-Dinitrotoluene",,121-14-2,8461,,,RMBFBMJGBANMMK-UHFFFAOYSA-N,C7H6N2O4,182.13,CC1=C(C=C(C=C1)[N+](=O)[O-])[N+](=O)[O-],confirmed_organic,organic_reagent,,,telegram:ChemIranSanat,Iranian supplier Telegram catalogue,listing_evidence_crawled_2026-08-24,https://t.me/ChemIranSanat/1368,,ai_normalised_listing+pubchem_confirmed,seed_2026-08-24 + seed_2026-08-25,2018-04-09,ed8a536137c40ba10edb6091378076202d8130f4b9548a54568bd48e801bad2c
"1-methyl-3-(2-methylpropyl)-7H-purine-2,6-dione",,,,3758,,,APIXJSLKIYYUKG-UHFFFAOYSA-N,C10H14N4O2,222.24,,confirmed_organic,organic_reagent,derived:supplier_platform,,Shimi Merck,ai_normalized,,https://shimimerck.ir/buy-3-isobutyl-1-methylxanthine.html,buy 3 isobutyl 1 methylxanthine,model_fleet+pubchem,ai_model_fleet,2026-08-27,bac6e21da00f7227a70c91201077c55a30c3e65514dd5c89b3d935ab94e9c588
"1-methyl-4-prop-1-en-2-yl-7,8,9-trioxabicyclo[4.2.1]nonane",,,,91691547,,,JRFITZGBELIFQM-UHFFFAOYSA-N,C10H16O3,184.23,,confirmed_organic,organic_reagent,derived:supplier_platform,,Shimi Merck,ai_normalized,,https://shimimerck.ir/buy-r-limonene.html,buy r limonene,model_fleet+pubchem,ai_model_fleet,2026-08-27,facef823dbca3ccf3a39071470427a31e62b96c838f4cfeeca8a68c7d62fa0b3
1-methyl-4-prop-1-en-2-ylcyclohexene,1-Methyl-4-Prop-1-En-2-Ylcyclohexene,1-methyl-4-prop-1-en-2-ylcyclohexene; 1-Methyl-4-Prop-1-En-2-Ylcyclohexene,,22311,,,XMGQYMWWDOXHJM-UHFFFAOYSA-N,C10H16,136.23,CC1=CCC(CC1)C(=C)C,confirmed_organic,organic_reagent,,research,Shimi Merck + Telegram: minatajhiz + t.me/minatajhiz,Iranian supplier Telegram catalogue|ai_normalized|telegram,listed_not_current_stock_verified,https://shimimerck.ir/buy-r-limonene.html,1-methyl-4-prop-1-en-2-ylcyclohexene || buy r limonene,existing skill export,ai_model_fleet + live_telegram_listing + seed_2026-08-24 + seed_2026-08-25,2026-08-23,de2cd1fc1c7ee2f02cf4b0c54019c8ee2fff4f533a758a256d67abe9226e6a07
1-methylimidazole,1-Methylimidazole,1-methylimidazole; 1-Methylimidazole,616-47-7,1390,,,MCTWTZJPVLRJOU-UHFFFAOYSA-N,C4H6N2,82.10,CN1C=CN=C1,confirmed_organic,organic_reagent,,,Fardad Shimi,Iranian online lab-chemical shop,product_page_listed_not_current_stock_verified,https://fardadshimi.com/product/6468363/,۱- متیل ایمیدازول MERCK,router_title_normalization,seed_2026-08-24 + seed_2026-08-25,2026-08-23,1d8c2546343e4a09c54ce33d313764fff739ada0474de9064232d3c3f807f37c
1-methylpiperazine,1-Methylpiperazine,1-methylpiperazine; 1-Methylpiperazine,,53167,,,PVOAHINGSUIXLS-UHFFFAOYSA-N,C5H12N2,100.16,CN1CCNCC1,confirmed_organic,organic_reagent,,research,Telegram: ChemIranSanat + t.me/ChemIranSanat,Iranian supplier Telegram catalogue|telegram,listed_not_current_stock_verified,https://t.me/s/ChemIranSanat,1-methylpiperazine,existing skill export,live_telegram_listing + seed_2026-08-24 + seed_2026-08-25,2026-08-23,34f2c5dd1c94150c9495a6cf5e29f3ca549a9d3cd7192040ad385dd25a3b1a84
1-methylpyrrolidin-2-one,1-Methyl-2-pyrrolidone,1-methylpyrrolidin-2-one; 1-Methyl-2-pyrrolidone,872-50-4,13387,,,SECXISVLQFMRJM-UHFFFAOYSA-N,C5H9NO,99.13,CN1CCCC1=O,confirmed_organic,organic_reagent,,,TamadKala,Iranian online wholesale/lab shop,product_page_listed_not_current_stock_verified,https://tamadkala.com/product/29933/%DB%B1%D9%85%D8%AA%DB%8C%D9%84%DB%B2%D9%BE%DB%8C%D8%B1%D9%88%D9%84%DB%8C%D8%AF%D9%88%D9%86,۱متیل۲پیرولیدون,router_title_normalization,seed_2026-08-24 + seed_2026-08-25,2026-08-23,0ae1765e27ae131b5e86af7c6743010b59bbac5838b72b5669c6bb33a71760b8
1-naphthalen-1-yloxy-3-(propan-2-ylamino)propan-2-ol,propranolol,1-naphthalen-1-yloxy-3-(propan-2-ylamino)propan-2-ol; propranolol,,4946,,,AQHHHDLHHXJYJD-UHFFFAOYSA-N,C16H21NO2,259.34,CC(C)NCC(COC1=CC=CC2=CC=CC=C21)O,confirmed_organic,pharmaceutical_or_api,,,Rooz Darou,Iranian pharmaceutical product catalogue,product_page_listed_not_current_stock_verified,http://rouzdarou.com/products/%D9%82%D8%B1%D8%B5-%D9%BE%D8%B1%D9%88%D9%BE%D8%B1%D8%A7%D9%86%D9%88%D9%84%D9%88%D9%84-40,قرص پروپرانولول 40,PubChem name validation from supplier product title,seed_2026-08-24 + seed_2026-08-25,2026-08-23,a70660e7209fa2cd433662c8dc023de21f707317c61b04e3601f494431a9cec4
1-phenyl-3-(thiadiazol-5-yl)urea,,,,40087,,,HFCYZXMHUIHAQI-UHFFFAOYSA-N,C9H8N4OS,220.25,,confirmed_organic,organic_reagent,derived:supplier_platform,,Shimi Merck,ai_normalized,,https://shimimerck.ir/thidiazoron.html,thidiazoron,model_fleet+pubchem,ai_model_fleet,2026-08-27,ac29a3cd268fb078df60bd44e1ce3374494398cb1e1a76b5f9c541992ad6f11f
1-pyridin-3-ylethanone,3-Acetylpyridine,,350-03-8,9589,,,WEGYGNROSJDEIW-UHFFFAOYSA-N,C7H7NO,121.14,CC(=O)C1=CN=CC=C1,confirmed_organic,organic_reagent,,,telegram:ChemIranSanat,Iranian supplier Telegram catalogue,listing_evidence_crawled_2026-08-24,https://t.me/ChemIranSanat/1586,,ai_normalised_listing+pubchem_confirmed,seed_2026-08-24 + seed_2026-08-25,2018-11-01,7961065363c260a73f1125baaed772524ba6a2fb16cd195e3d4f6723a16accba
1-pyridin-4-ylethanone,4-Acetylpyridine,,1122-54-9,14282,,,WMQUKDQWMMOHSA-UHFFFAOYSA-N,C7H7NO,121.14,CC(=O)C1=CC=NC=C1,confirmed_organic,organic_reagent,,,telegram:ChemIranSanat,Iranian supplier Telegram catalogue,listing_evidence_crawled_2026-08-24,https://t.me/ChemIranSanat/1583,A21401 Sigma-Aldrich 4-Acetylpyridine 10g 🔜 موجود و آماده تحویل ✅ شیمیران صنعت فقط اصلی ♾ موجودی و تنوع بی نظیر از برندهای معتبر 📦 ارسال رایگان 📱 سفارش کالا 👇 📞 0938-648-9001 🆔 @ChemIranAdmin 🆔 @ChemIran1,ai_normalised_listing+pubchem_confirmed,seed_2026-08-24 + seed_2026-08-25,2018-10-31,9e2759eeb25a28a2b92e12bfea7e7282bcb0161a6cbf065706e53c6939d8ea85
10H-anthracen-9-one,Anthrone,10H-anthracen-9-one; Anthrone,90-44-8,7018,,,RJGDLRCDCYRQOQ-UHFFFAOYSA-N,C14H10O,194.23,C1C2=CC=CC=C2C(=O)C3=CC=CC=C31,confirmed_organic,organic_reagent,,,Fardad Shimi,Iranian online lab-chemical shop,product_page_listed_not_current_stock_verified,,آنترون مرک MERCK,router_title_normalization,seed_2026-08-24 + seed_2026-08-25,2026-08-23,b7d25ade6518acbb804df36a6066c0ec46b8ba2c83d89f13ba6c3e08db035ef5
10H-phenothiazine,Phenothiazine,10H-phenothiazine; Phenothiazine,,7108,,,WJFKNYWRSNBZNX-UHFFFAOYSA-N,C12H9NS,199.27,C1=CC=C2C(=C1)NC3=CC=CC=C3S2,confirmed_organic,organic_reagent,,research,Telegram: ChemIranSanat; Telegram: minatajhiz + t.me/ChemIranSanat,Iranian supplier Telegram catalogue|ai_normalized|telegram,listed_not_current_stock_verified,https://t.me/ChemIranSanat/1798,"10H-phenothiazine || P14831 Sigma-Aldrich
Phenothiazine
25g

 🔜 موجود و آماده تحویل
 ✅ شیمیران صنعت فقط اصلی
 ♾ موجودی و تنوع بی نظیر از برندهای معتبر
 📱 سفارش کالا 👇 

 🆔 @ChemIranAdmin 

 🆔 @ChemIran1",existing skill export,ai_model_fleet + live_telegram_listing + seed_2026-08-24 + seed_2026-08-25,2026-08-23,13527615fec90af1cad829fca0e96c911ad85ffc26a0abb1a71b49bb4cfa9daf
11 mercaptoundecanoic acid,,,,543502,,,GWOLZNVIRIHJHB-UHFFFAOYSA-N,C11H22O2S,218.36,,confirmed_organic,organic_reagent,derived:supplier_platform,Shimi Merck,Shimi Merck + https://shimimerck.ir/11-mercaptoundecanoic-acid.html,ai_normalized|live_supplier_catalogue,,https://shimimerck.ir/11-mercaptoundecanoic-acid.html,11 mercaptoundecanoic acid,model_fleet+pubchem,ai_model_fleet + live_web_catalogue,2026-08-27,57c9e5d5849c721a8863bdcc8f1765826dba8789bc4ada843dde54afb8b8a731
11-sulfanylundecan-1-ol,,,,261824,,,ULGGZAVAARQJCS-UHFFFAOYSA-N,C11H24OS,204.37,,confirmed_organic,organic_reagent,derived:supplier_platform,,Shimi Merck,ai_normalized,,https://shimimerck.ir/mercapto-1-andecanol-11.html,mercapto 1 andecanol 11,model_fleet+pubchem,ai_model_fleet,2026-08-27,73a80fe80ee2260da05be3605bda5800d0062bf9168a75addefbc8a1775f4ee7
11H-benzo[b][1]benzazepine,,,,9212,,,LCGTWRLJTMHIQZ-UHFFFAOYSA-N,C14H11N,193.24,,confirmed_organic,organic_reagent,derived:supplier_platform,,t.me/ChemIranSanat,ai_normalized,,https://t.me/ChemIranSanat/44,"ایمینواستیلبن آلفاایسر 97%
واردات جدید و آماده تحویل

 ✔ این محصول خرده فروشی نیز دارد.

 @ChemIranAdmin 

 @ChemIran1",model_fleet+pubchem,ai_model_fleet,2026-08-27,2b7457d52efab5876adc37b22c7988d4373cded436ad9394ce98e21735f1cbc0
14-Hydroxycodeine,14-Hydroxycodeine,,,14261327,,,YPZPXTZKBNWUTF-QMVVXIJUSA-N,C18H21NO4,315.4,CN1CC[C@]23[C@@H]4[C@H](C=C[C@]2([C@H]1CC5=C3C(=C(C=C5)OC)O4)O)O,confirmed_organic,pharmaceutical_or_api,,,Temad,web_catalogue,listing_evidence_crawled_2026-08-23,https://www.temad.com/product/hydroxycodeine-14/,Hydroxycodeine &#8211; 14,ai_resolved+pubchem,seed_2026-08-24 + seed_2026-08-25,2026-08-23,a48755be4ddb59e959800301a01708adbb4fbe65cef14a646a204d026bf5ce5b
"1H-1,2,4-triazol-5-amine",Amitrole,,124-71-0,1639,,,KLSJWNVTNUYHDU-UHFFFAOYSA-N,C2H4N4,84.08,C1=NNC(=N1)N,confirmed_organic,organic_reagent,,,telegram:minatajhiz,Iranian supplier Telegram catalogue,listing_evidence_crawled_2026-08-24,https://t.me/minatajhiz/1017,,ai_normalised_listing+pubchem_confirmed,seed_2026-08-24 + seed_2026-08-25,2023-05-01,e7b2d31c9805b3af0c344f11c1b5e0604026710a95abd92dfdd1100dcf197f1f
"1H-1,2,4-triazole","1H-1,2,4-Triazole","1H-1,2,4-triazole; 1H-1,2,4-Triazole",288-88-0,9257,,,NSPMIYGKQJPBQR-UHFFFAOYSA-N,C2H3N3,69.07,C1=NC=NN1,confirmed_organic,organic_reagent,,research,Telegram: minatajhiz + t.me/minatajhiz,Iranian supplier Telegram catalogue|telegram,listed_not_current_stock_verified,https://t.me/s/minatajhiz,"1H-1,2,4-triazole",existing skill export,live_telegram_listing + seed_2026-08-24 + seed_2026-08-25,2026-08-23,a9bcc438f223c5004ab8321220372c20aab18bad0fabc3de474515e65f9e6645
"1H-3,1-benzoxazine-2,4-dione",Isatoic Anhydride,"1H-3,1-benzoxazine-2,4-dione; Isatoic Anhydride",,8359,,,TXJUTRJFNRYTHH-UHFFFAOYSA-N,C8H5NO3,163.13,C1=CC=C2C(=C1)C(=O)OC(=O)N2,confirmed_organic,organic_reagent,,research,Telegram: ChemIranSanat + t.me/ChemIranSanat,Iranian supplier Telegram catalogue|ai_normalized|telegram,listed_not_current_stock_verified,https://t.me/ChemIranSanat/1693,"1H-3,1-benzoxazine-2,4-dione || I12808 Sigma-Aldrich
Isatoic anhydride
100G

 🔜 موجود و آماده تحویل
 ✅ شیمیران صنعت فقط اصلی
 📱 دریافت قیمت یا سفارش کالا 👇 

 🆔 @ChemIranAdmin 

 🆔 @ChemIran1",existing skill export,ai_model_fleet + live_telegram_listing + seed_2026-08-24 + seed_2026-08-25,2026-08-23,641d9a665760262ce945c5ff7a4bc71af93dff7bde8ad592f0477a1faa1a4ea0
1H-imidazole,Imidazole,1H-imidazole; Imidazole,288-32-4,795,,,RAXXELZNTBOGNW-UHFFFAOYSA-N,C3H4N2,68.08,C1=CN=CN1,confirmed_organic,organic_reagent,,,Fardad Shimi; TamadKala; Mojallali Group; telegram:ATRmedShop + t.me/ATRmedShop,Iranian online lab-chemical shop | Iranian online wholesale/lab shop|ai_normalized,product_page_listed_not_current_stock_verified,https://t.me/ATRmedShop/218,"ایمیدازول | ایمیدازول MERCK | ... || ایمیدازول گرید بیولوژی مولکولی 
ایمیدازول گرید بیولوژی مولکولی یک ترکیب آروماتیک هتروسیکل است که در طبقه آکالوئیدها قرار می گیرد. فرمول شیمیایی آن C3H4N2است و به طور کلی ساختار حلقه ایمیدازول ها...
برای ادامه مطالب، مشاه",router_title_normalization,ai_model_fleet + seed_2026-08-24 + seed_2026-08-25,2026-08-23,3eb5933f8898aec5694905791e2b55899aae2ccd28d608b9cd7d84e1ceed1ae2
1H-indole,,,,798,,,SIKJAQJRHWYJAI-UHFFFAOYSA-N,C8H7N,117.15,,confirmed_organic,organic_reagent,derived:supplier_platform,,Shimi Merck,ai_normalized,,https://shimimerck.ir/indole-code-822281-merck-germany.html,indole code merck germany,model_fleet+pubchem,ai_model_fleet,2026-08-27,bd6c6108af75a42ec94409854f80630eae9e10306ceead1c07bdeb268bc3ae18
1H-pyrazole,Pyrazole,1H-pyrazole; Pyrazole,,1048,,,WTKZEGDFNFYCGP-UHFFFAOYSA-N,C3H4N2,68.08,C1=CNN=C1,confirmed_organic,organic_reagent,,,TamadKala,Iranian online wholesale/lab shop,product_page_listed_not_current_stock_verified,https://tamadkala.com/product/20886/%D9%BE%DB%8C%D8%B1%D8%A7%D8%B2%D9%88%D9%84,پیرازول,router_title_normalization,seed_2026-08-24 + seed_2026-08-25,2026-08-23,1576b841bef2245b12adeb51b13b58b935ffd4c4173c7ca6c6c1ebf7c83bea6d
"1H-pyrimidine-2,4-dione","1H-pyrimidine-2,4-dione","1H-pyrimidine-2,4-dione",66-22-8,1174,,,ISAKRJDGNUQOIC-UHFFFAOYSA-N,C4H4N2O2,112.09,C1=CNC(=O)NC1=O,confirmed_organic,pharmaceutical_or_api,derived:supplier_platform,,t.me/ATRmedShop + telegram:ATRmedShop,ai_normalized|public Telegram (seller_research),product_page_listed_not_current_stock_verified,https://t.me/ATRmedShop/620,Uracil | اوراسیل گرید کشت سلول ‌‏⁧ ‌‌‏‌محصولات مرک اصل را از ما بخواهید. 👇 واردات و فروش مواد شیمیایی مرک 👇 ‌ ‌ ‌ ☎️ تلفن: ۰۲۱۶۶۳۶۱۵۴۳-۶۶۳۷۹۰۲۶-۰۲۱ ‌ 📱 موبایل: 09120549893 🌐 لینک محصول : https://atrmed.com/product/uracil/?v=e067b3c6b979 #آثل_طب #مواد_ازمایشگاهی #مواد_شیمیایی #بیولوژی #بیولوژی_مولکول,router_batch+pubchem,ai_model_fleet + seed_2026-08-25,2026-08-25,dff0de7f21b2305e6dd95333f621c98c79ef05917a40e404c9fa9194857d6f8d
1H-pyrrole,Pyrrole,1H-pyrrole; Pyrrole,,8027,,,KAESVJOAVNADME-UHFFFAOYSA-N,C4H5N,67.09,C1=CNC=C1,confirmed_organic,organic_reagent,,Shimi Merck,Shimi Merck + https://shimimerck.ir/pyrrole.html + telegram:minatajhiz,Iranian supplier Telegram catalogue|ai_normalized|live_supplier_catalogue,listing_evidence_crawled_2026-08-24,https://shimimerck.ir/pyrrole.html,پیرول Pyrrole کد محصول مرک 807492 بار جدید رسید   حجم های  25 و  100 سی سی || pyrrole,ai_normalised_listing+pubchem_confirmed,ai_model_fleet + live_web_catalogue + seed_2026-08-24 + seed_2026-08-25,2017-05-27,5268687099eb33516fbb5dd3ea2811f8b9618ba1a4dac325f3c67210dff50a11
1H-pyrrole-2-carbaldehyde,Pyrrole-2-carboxaldehyde,1H-pyrrole-2-carbaldehyde; Pyrrole-2-carboxaldehyde,,13854,,,ZSKGQVFRTSEPJT-UHFFFAOYSA-N,C5H5NO,95.10,C1=CNC(=C1)C=O,confirmed_organic,organic_reagent,,research,Telegram: minatajhiz + t.me/minatajhiz,Iranian supplier Telegram catalogue|telegram,listed_not_current_stock_verified,https://t.me/s/minatajhiz,1H-pyrrole-2-carbaldehyde,existing skill export,live_telegram_listing + seed_2026-08-24 + seed_2026-08-25,2026-08-23,eb9feed454161addfdce0783149744698ef0418c63bf0f06aa5ab832a079f1e4
2 chloro 2 methylpropane,,,,159489862,,,LYAXWIBGJXIAOV-UHFFFAOYSA-N,C8H18Cl2,185.13,,confirmed_organic,organic_reagent,derived:supplier_platform,Shimi Merck,https://shimimerck.ir/2-chloro-2-methylpropane.html,live_supplier_catalogue,,2026-08-27,,seed,live_web_catalogue,2026-08-27,86cc33352ed709e1ff003256d199bad09538b1a41a891adf932ccae7bb57f634
2 methyltetrahydrofuran,,,,7301,,,JWUJQDFVADABEY-UHFFFAOYSA-N,C5H10O,86.13,,confirmed_organic,organic_reagent,derived:supplier_platform,Shimi Merck,Shimi Merck + https://shimimerck.ir/2-methyltetrahydrofuran.html,ai_normalized|live_supplier_catalogue,,https://shimimerck.ir/2-methyltetrahydrofuran.html,2 methyltetrahydrofuran,model_fleet+pubchem,ai_model_fleet + live_web_catalogue,2026-08-27,b7a935907791a14806d64e5ba4443cd5d7e1da4eb1f2c02ab86c7f80c2908fb2
2 nitro 5 thiocyanatobenzoic acid,,,,92266,,,NQUNIMFHIWQQGJ-UHFFFAOYSA-N,C8H4N2O4S,224.2,,confirmed_organic,organic_reagent,derived:supplier_platform,Shimi Merck,Shimi Merck + https://shimimerck.ir/2-nitro-5-thiocyanatobenzoic-acid.html,ai_normalized|live_supplier_catalogue,,https://shimimerck.ir/2-nitro-5-thiocyanatobenzoic-acid.html,2 nitro 5 thiocyanatobenzoic acid,model_fleet+pubchem,ai_model_fleet + live_web_catalogue,2026-08-27,a753e074a1f05a8c2c2415865f7e9345b957e6f0ced4cb3fe5506175536b8ab8
"2,2,2-trichloroacetic acid",Trichloroacetic acid,"2,2,2-trichloroacetic acid; Trichloroacetic acid",76-03-9,6421,,,YNJBWRMUSHSURL-UHFFFAOYSA-N,C2HCl3O2,163.38,C(=O)(C(Cl)(Cl)Cl)O,confirmed_organic,organic_reagent,,research,Fardad Shimi; TamadKala; Mojallali Group + Shimi Merck,Iranian online lab-chemical shop | Iranian online wholesale/lab shop|ai_normalized,product_page_listed_not_current_stock_verified,https://shimimerck.ir/trichloroacetic-acid-100810-merck-germany.html,تری کلرو استیک اسید MERCK | ... | تری کلرو استیک اسید extra pure نوترون | تری کلرواستیک اسید || trichloroacetic acid merck germany,router_title_normalization,ai_model_fleet + seed_2026-08-24 + seed_2026-08-25,2026-08-23,ea6334b543a529d3b9076ba475e17a01fd720b7d3dc7eefbf29b1e2169a620ff
"2,2,2-trifluoro-N-methyl-N-trimethylsilylacetamide",N-methyl-N-(trimethylsilyl)trifluoroacetamide,"2,2,2-trifluoro-N-methyl-N-trimethylsilylacetamide; N-methyl-N-(trimethylsilyl)trifluoroacetamide; N-Methyl-N-trimethylsilyl-trifluoroacetamide",,32510,,,MSPCIZMDDUQPGJ-UHFFFAOYSA-N,C6H12F3NOSi,199.25,CN(C(=O)C(F)(F)F)[Si](C)(C)C,confirmed_organic,organic_reagent,,research,Shimi Merck + Telegram: minatajhiz + t.me/minatajhiz,Iranian supplier Telegram catalogue|ai_normalized|telegram,listed_not_current_stock_verified,https://shimimerck.ir/n-methyl-n-trimethylsilyl-trifluoroacetamide.html,"2,2,2-trifluoro-N-methyl-N-trimethylsilylacetamide || n methyl n trimethylsilyl trifluoroacetamide",existing skill export,ai_model_fleet + live_telegram_listing + seed_2026-08-24 + seed_2026-08-25,2026-08-23,3bd3f692efc36652b04c155bf175725bdbf88e72897139209c5e4521f404092b
"2,2,2-trifluoroacetic acid",Trifluoroacetic acid,"2,2,2-trifluoroacetic acid; Trifluoroacetic acid",76-05-1,6422,,,DTQVDTLACAAQTR-UHFFFAOYSA-N,C2HF3O2,114.02,C(=O)(C(F)(F)F)O,confirmed_organic,organic_reagent,,research,Shimi Merck + TamadKala + https://shimimerck.ir/trifluoroacetic-acid.html,Iranian online wholesale/lab shop|ai_normalized|live_supplier_catalogue,product_page_listed_not_current_stock_verified,https://shimimerck.ir/trifluoroacetic-acid.html,تری فلورو استیک اسید extra pure نوترون | ... || trifluoroacetic acid,router_title_normalization,ai_model_fleet + live_web_catalogue + seed_2026-08-24 + seed_2026-08-25,2026-08-23,377eda3fb7b8b23f33d5dd6701c2d6eb1eb370bb541ae9ab919d703ae552af35
"2,2,3,3,4,4,4-heptafluorobutanoic acid",Heptafluorobutyric acid,"2,2,3,3,4,4,4-heptafluorobutanoic acid; Heptafluorobutyric acid",375-22-4,9777,,,YPJUNDFVDDCYIH-UHFFFAOYSA-N,C4HF7O2,214.04,C(=O)(C(C(C(F)(F)F)(F)F)(F)F)O,confirmed_organic,organic_reagent,,research,Telegram: ChemIranSanat + t.me/ChemIranSanat,Iranian supplier Telegram catalogue|ai_normalized|telegram,listed_not_current_stock_verified,https://t.me/ChemIranSanat/1815,"2,2,3,3,4,4,4-heptafluorobutanoic acid || 52411 Sigma-Aldrich
Heptafluorobutyric acid
25ml

 🔜 موجود و آماده تحویل
 ✅ شیمیران صنعت فقط اصلی
 ♾ موجودی و تنوع بی نظیر از برندهای معتبر
 📱 سفارش کالا 👇 

 🆔 @ChemIranAdmin 

 🆔 @ChemIran1",existing skill export,ai_model_fleet + live_telegram_listing + seed_2026-08-24 + seed_2026-08-25,2026-08-23,6a09ea223c9a93f1a9d81de9d4830ac714b45da8658d34e58facbd4248d48c1b
"2,2,3,3,4,4,5,5,6,6,7,7,8,8,8-pentadecafluorooctanoic acid",Perfluorooctanoic acid,,335-67-1,9554,,,SNGREZUHAYWORS-UHFFFAOYSA-N,C8HF15O2,414.07,C(=O)(C(C(C(C(C(C(C(F)(F)F)(F)F)(F)F)(F)F)(F)F)(F)F)(F)F)O,confirmed_organic,organic_reagent,,,telegram:chemgroup,Iranian supplier Telegram catalogue,listing_evidence_crawled_2026-08-24,https://t.me/chemgroup/177,,ai_normalised_listing+pubchem_confirmed,seed_2026-08-24 + seed_2026-08-25,2015-12-03,636feae8ddf8e543cf33fdb319d3ae1f128c39296baa56d386890b73210126d7
"2,2,3,4,4,4-hexafluorobutyl prop-2-enoate","2,2,3,4,4,4-Hexafluorobutyl acrylate",,54052-90-3,2774977,,,LMVLEDTVXAGBJV-UHFFFAOYSA-N,C7H6F6O2,236.11,C=CC(=O)OCC(C(C(F)(F)F)F)(F)F,confirmed_organic,organic_reagent,,,telegram:ChemIranSanat,Iranian supplier Telegram catalogue,listing_evidence_crawled_2026-08-24,https://t.me/ChemIranSanat/595,"474452 Aldrich 2,2,3,4,4,4-Hexafluorobutyl acrylate, 25ML موجود و آماده تحویل ✅ شیمیران صنعت فقط اصلی ❓ قیمت و سفارش 👇 Admin 🆔 @ChemIranAdmin 🆔 @ChemIran1",ai_normalised_listing+pubchem_confirmed,seed_2026-08-24 + seed_2026-08-25,2017-08-21,bbdb18204dec11ecdfdb102fed0f7b881d43768b07db4fe8538c3f81c8433b71
"2,2,4-trimethylpentan-1-ol","2,2,4-Trimethyl-1-pentanol","2,2,4-trimethylpentan-1-ol; 2,2,4-Trimethyl-1-pentanol",123-44-4,31258,,,CWPPDTVYIJETDF-UHFFFAOYSA-N,C8H18O,130.23,CC(C)CC(C)(C)CO,confirmed_organic,organic_reagent,,industrial,Telegram: chemgroup,Iranian supplier Telegram catalogue,listed_not_current_stock_verified,,"2,2,4-trimethylpentan-1-ol",existing skill export,seed_2026-08-24 + seed_2026-08-25,2026-08-23,a9f96668c043d871497e05996c9277f857725dae6158fb8daf4183b577f87237
"2,2,4-trimethylpentane","2,2,4-Trimethylpentane","2,2,4-trimethylpentane; 2,2,4-Trimethylpentane",540-84-1,10907,,,NHTMVDHEPJAVLT-UHFFFAOYSA-N,C8H18,114.23,CC(C)CC(C)(C)C,confirmed_organic,organic_reagent,,research,Telegram: minatajhiz + t.me/minatajhiz,Iranian supplier Telegram catalogue|telegram,listed_not_current_stock_verified,https://t.me/s/minatajhiz,"2,2,4-trimethylpentane",existing skill export,live_telegram_listing + seed_2026-08-24 + seed_2026-08-25,2026-08-23,dd1e361507e482b6f954f8bf36559c95cf24e056d8f7b87813188e1e2df9b8ea
"2,2-bis(2-methylprop-2-enoyloxymethyl)butyl 2-methylprop-2-enoate",Trimethylolpropane Trimethacrylate,,,18689,,,OKKRPWIIYQTPQF-UHFFFAOYSA-N,C18H26O6,338.4,CCC(COC(=O)C(=C)C)(COC(=O)C(=C)C)COC(=O)C(=C)C,confirmed_organic,organic_reagent,,,telegram:minatajhiz,Iranian supplier Telegram catalogue,listing_evidence_crawled_2026-08-24,https://t.me/minatajhiz/835,,ai_normalised_listing+pubchem_confirmed,seed_2026-08-24 + seed_2026-08-25,2021-12-29,c95248e1855290560b2027ec7616bbb0ff227d754ba2a56ff6d8adffeac6c65d
"2,2-dichloro-N-[(1R,2R)-1,3-dihydroxy-1-(4-nitrophenyl)propan-2-yl]acetamide","2,2-dichloro-N-[(1R,2R)-1,3-dihydroxy-1-(4-nitrophenyl)propan-2-yl]acetamide",,56-75-7,5959,,,WIIZWVCIJKGZOK-RKDXNWHRSA-N,C11H12Cl2N2O5,323.13,C1=CC(=CC=C1C(C(CO)NC(=O)C(Cl)Cl)O)[N+](=O)[O-],confirmed_organic,pharmaceutical_or_api,derived:supplier_platform,research,t.me/ATRmedShop + telegram:ATRmedShop,ai_normalized|public Telegram (seller_research)|telegram,product_page_listed_not_current_stock_verified,https://t.me/ATRmedShop/820,Chloramphenicol | کلرامفنیکل کلرامفنیکل یک آنتی‌بیوتیک مصنوعی است که از سویه‌های استرپتومایسس ونزوئلا جداشده است. این آنتی‌بیوتیک اغلب برای انتخاب باکتری در کاربردهای زیست‌شناسی مولکولی در غلظت 10-20 میکروگرم/میلی‌لیتر و به‌عنوان یک.... برای مشاهده ادامه مطلب، مشاهده قیمت آنلاین و خرید اینترنتی آدنی,router_batch+pubchem,ai_model_fleet + live_telegram_listing + seed_2026-08-25,2026-08-25,f87e50645b5a2615af355ebb447f6dfc26f377afc82c16d6243fdd4f8c0d660e
"2,2-dihydroxyindene-1,3-dione",Ninhydrin,"2,2-dihydroxyindene-1,3-dione; Ninhydrin",485-47-2,10236,,,FEMOMIGRRWSMCU-UHFFFAOYSA-N,C9H6O4,178.14,C1=CC=C2C(=C1)C(=O)C(C2=O)(O)O,confirmed_organic,organic_reagent,,,Fardad Shimi; Mojallali Group,Iranian online lab-chemical shop,product_page_listed_not_current_stock_verified,https://drm-chem.com/en/product/ninhydrin-lab-en/,نین هیدرین MERCK | ...,router_title_normalization,seed_2026-08-24 + seed_2026-08-25,2026-08-23,be2b75e9e9c97dfae6c31bfdc9c911661a27da75cc41510e23bb69bb5a62e885
"2,2-dimethylpropane-1,3-diol",Neopentyl glycol,"2,2-dimethylpropane-1,3-diol; Neopentyl glycol",126-30-7,31344,,,SLCVBVWXLSEKPL-UHFFFAOYSA-N,C5H12O2,104.15,CC(C)(CO)CO,confirmed_organic,organic_reagent,,industrial,Telegram: Maran_Tejarat_Eshen + t.me/Maran_Tejarat_Eshen,Iranian supplier Telegram catalogue|ai_normalized,listed_not_current_stock_verified,https://t.me/Maran_Tejarat_Eshen/541,"2,2-dimethylpropane-1,3-diol || ✅ نئوپنتیل گلایکل (NPG) 
 ✅ برند ال جی کره 
 ✅ موجود در انبار شورآباد
 👤 برای استعلام قیمت و کسب اطلاعات بیشتر با ما در تماس باشید
 🏢 بازرگانی ماران تجارت
 ☎️ 021-26378323
 📱 09102296278
 📱 09108066146
 📱 09912064037

In",existing skill export,ai_model_fleet + seed_2026-08-24 + seed_2026-08-25,2026-08-23,7bdef0c9964fe33c35b9f2a1a804216d7f045baf4e4b59162bf424df4783dcca
"2,2-Diphenyl-1-picrylhydrazyl",DPPH,"2,2-Diphenyl-1-picrylhydrazyl; DPPH",1898-66-4,2735032,,,HHEAADYXPMHMCT-UHFFFAOYSA-N,C18H12N5O6,394.3,C1=CC=C(C=C1)N(C2=CC=CC=C2)[N]C3=C(C=C(C=C3[N+](=O)[O-])[N+](=O)[O-])[N+](=O)[O-],confirmed_organic,organic_reagent,,,Shimi Merck + TamadKala,Iranian online wholesale/lab shop|ai_normalized,product_page_listed_not_current_stock_verified,https://shimimerck.ir/dpph-free-radical.html,22 دی فنیل پیکریل هیدرازیل | دی پی پی اچ dpph با کد d9132 سیگما || dpph free radical,router_title_normalization,ai_model_fleet + seed_2026-08-24 + seed_2026-08-25,2026-08-23,9f8026b6e03cafa7d82f134c67d2cd3335cc76b2463ef286f757b07325ba640f
"2,3,4,5,6-pentahydroxyhexanal;hydrate",,,,21909914,,,SPFMQWBKVUQXJV-UHFFFAOYSA-N,C6H14O7,198.17,,confirmed_organic,pharmaceutical_or_api,derived:supplier_platform,research,t.me/ATRmedShop,telegram,,https://t.me/s/ATRmedShop,,seed,live_telegram_listing,2026-08-27,c18643c1b3652a58e9d520e428d9c32ed89ba38c608731bd5d23fc7a2dbfe93e
"2,3,4,5-tetrafluoroaniline","2,3,4,5-Tetrafluoroaniline","2,3,4,5-tetrafluoroaniline; 2,3,4,5-Tetrafluoroaniline",,21757,,,BEECAQIHCYTZHC-UHFFFAOYSA-N,C6H3F4N,165.09,C1=C(C(=C(C(=C1F)F)F)F)N,confirmed_organic,organic_reagent,,research,Telegram: ChemIranSanat + t.me/ChemIranSanat,Iranian supplier Telegram catalogue|telegram,listed_not_current_stock_verified,https://t.me/s/ChemIranSanat,"2,3,4,5-tetrafluoroaniline",existing skill export,live_telegram_listing + seed_2026-08-24 + seed_2026-08-25,2026-08-23,a6ff34144b84d356e9140671ee164dd554519790353a4c0d2ff384102ca5a03d
"2,3,4,6,7,8,9,10-octahydropyrimido[1,2-a]azepine","1,8-Diazabicyclo(5.4.0)undec-7-ene","2,3,4,6,7,8,9,10-octahydropyrimido[1,2-a]azepine; 1,8-Diazabicyclo(5.4.0)undec-7-ene",,81184,,,GQHTUMJGOHRCHB-UHFFFAOYSA-N,C9H16N2,152.24,C1CCC2=NCCCN2CC1,confirmed_organic,organic_reagent,,research,Telegram: minatajhiz + t.me/minatajhiz,Iranian supplier Telegram catalogue|telegram,listed_not_current_stock_verified,https://t.me/s/minatajhiz,"2,3,4,6,7,8,9,10-octahydropyrimido[1,2-a]azepine",existing skill export,live_telegram_listing + seed_2026-08-24 + seed_2026-08-25,2026-08-23,47f9edd56101c71461b6e21767431bfad430702d42816a906981d0dbe3547367
"2,3,5,6-tetrahydroxy-4-[3,4,5-trihydroxy-6-(hydroxymethyl)oxan-2-yl]oxyhexanal;hydrate",,,,44134793,,,HBDJFVFTHLOSDW-UHFFFAOYSA-N,C12H24O12,360.31,,confirmed_organic,organic_reagent,derived:supplier_platform,,Shimi Merck,ai_normalized,,https://shimimerck.ir/buy-d-maltose-monohydrate.html,buy d maltose monohydrate,model_fleet+pubchem,ai_model_fleet,2026-08-27,3da72c1f4da25b54fe16820008bacca7acdbf3bd546f9b5a5976fb59d19d84d6
"2,3,5-triphenyltetrazol-2-ium chloride",,,,9283,,,PKDBCJSWQUOKDO-UHFFFAOYSA-M,C19H15ClN4,334.8,,confirmed_organic,organic_reagent,derived:supplier_platform,,Shimi Merck,ai_normalized,,https://shimimerck.ir/235-triphenyl-tetrazolium-chloride.html,235 triphenyl tetrazolium chloride,model_fleet+pubchem,ai_model_fleet,2026-08-27,77176e41df7313db6e0017b2681e390e0faaeade10258254d448bca366a32bdf
"2,3-dicyclohexyl-1,1-dimethylguanidine",,,,139106940,,,XKJBTCGUBJEATL-UHFFFAOYSA-N,C30H58N6,502.8,,confirmed_organic,pharmaceutical_or_api,derived:supplier_platform,research,t.me/ATRmedShop,telegram,,https://t.me/s/ATRmedShop,,seed,live_telegram_listing,2026-08-27,c1c51cf721b8ea6ea72c6e931e7b12677c298616eb74a8fe479fe3e92d4faf7d
"2,3-dihydroxybenzoic acid",Dihydroxybenzoic acid,"2,3-dihydroxybenzoic acid; Dihydroxybenzoic acid",,19,,,GLDQAMYCGOIJDV-UHFFFAOYSA-N,C7H6O4,154.12,C1=CC(=C(C(=C1)O)O)C(=O)O,confirmed_organic,pharmaceutical_or_api,derived:supplier_platform,,telegram:minatajhiz,public Telegram (seller_research),product_page_listed_not_current_stock_verified,https://t.me/minatajhiz/1095,"2و4 -دی هیدروکسی بنزوئیک اسید 2,4-Dihydroxybenzoic acid کد محصول مرک 800738 واردات جدید مرک",structured_pubchem,seed_2026-08-25,2026-08-25,799730f8184485bf55cbc10b8a0bbea12ce860a8531ec19710a3d81d8c0a3611
"2,3-dihydroxybutanedioic acid","2,3-dihydroxybutanedioic acid","2,3-dihydroxybutanedioic acid",133-37-9,875,,,FEWJPZIEWOKRBE-UHFFFAOYSA-N,C4H6O6,150.09,C(C(C(=O)O)O)(C(=O)O)O,confirmed_organic,organic_reagent,derived:supplier_platform,,Mojallali Group; ShimiMan,Iranian WooCommerce catalogue,product_page_listed_not_current_stock_verified,https://drm-chem.com/en/product/dl-tartaric-acid-en/,DL-Tartaric acid,cas_pubchem,seed_2026-08-25,2026-08-25,65eb35a0f69c7af263a80c5e4642e07b1a76ab5397584bd069fb1fb55dfd29d8
"2,3-dimethylphenol",Xylenol,"2,3-dimethylphenol; Xylenol",,10687,,,QWBBPBRQALCEIZ-UHFFFAOYSA-N,C8H10O,122.16,CC1=C(C(=CC=C1)O)C,confirmed_organic,organic_reagent,,,TamadKala,Iranian online wholesale/lab shop,product_page_listed_not_current_stock_verified,https://tamadkala.com/product/2426/%D9%81%D8%B1%D9%88%D8%B4-%D8%B2%D8%A7%DB%8C%D9%84%DB%8C%D9%86,فروش زایلین,router_title_normalization,seed_2026-08-24 + seed_2026-08-25,2026-08-23,049a6cd0703fbea9e23939258f4e1718de9209aa93898bd0e07b9a94299e28e5
"2,4,4-trimethylpent-2-ene","2,4,4-Trimethyl-2-pentene","2,4,4-trimethylpent-2-ene; 2,4,4-Trimethyl-2-pentene",107-40-4,7869,,,LAAVYEUJEMRIGF-UHFFFAOYSA-N,C8H16,112.21,CC(=CC(C)(C)C)C,confirmed_organic,organic_reagent,,research,Telegram: minatajhiz,Iranian supplier Telegram catalogue,listed_not_current_stock_verified,,"2,4,4-trimethylpent-2-ene",existing skill export,seed_2026-08-24 + seed_2026-08-25,2026-08-23,7974990078fd2cf64e4d5ccd5c59a10879f4a16914343a07791ceba19391dda5
"2,4,6-trinitrobenzenesulfonic acid",Trinitrobenzenesulfonic Acid,"2,4,6-trinitrobenzenesulfonic acid; Trinitrobenzenesulfonic Acid",,11045,,,NHJVRSWLHSJWIN-UHFFFAOYSA-N,C6H3N3O9S,293.17,C1=C(C=C(C(=C1[N+](=O)[O-])S(=O)(=O)O)[N+](=O)[O-])[N+](=O)[O-],confirmed_organic,organic_reagent,,research,Telegram: ChemIranSanat + t.me/ChemIranSanat,Iranian supplier Telegram catalogue|ai_normalized|telegram,listed_not_current_stock_verified,https://t.me/ChemIranSanat/498,"2,4,6-trinitrobenzenesulfonic acid || 92822 Sigma-Aldrich
Picrylsulfonic acid solution
1 M in H2O
واحد 10 میلی لیتری موجود و آماده تحویل
09386489001

Admin: @ChemIranAdmin 

 🆔 @ChemIran1",existing skill export,ai_model_fleet + live_telegram_listing + seed_2026-08-24 + seed_2026-08-25,2026-08-23,97e7d8309f73e25e0767e5c3398350e2814603dbab88caf1ef2251200a6169e8
"2,4,6-trinitrophenol",Picric acid,"2,4,6-trinitrophenol; Picric acid",88-89-1,6954,,,OXNIZHLAWKMVMX-UHFFFAOYSA-N,C6H3N3O7,229.10,C1=C(C=C(C(=C1[N+](=O)[O-])O)[N+](=O)[O-])[N+](=O)[O-],confirmed_organic,organic_reagent,,,Fardad Shimi,Iranian online lab-chemical shop,product_page_listed_not_current_stock_verified,,پیکریک اسید PALLAV هندوستان | ...,router_title_normalization,seed_2026-08-24 + seed_2026-08-25,2026-08-23,9ac94b57e3222aebc223955b936a2d051d6ab111a3d79cb747b6a3c560a9fb45
"2,4-diaminobenzenesulfonic acid","2,4-Diaminobenzenesulfonic acid",,,66623,,,JVMSQRAXNZPDHF-UHFFFAOYSA-N,C6H8N2O3S,188.21,C1=CC(=C(C=C1N)N)S(=O)(=O)O,confirmed_organic,organic_reagent,,,telegram:minatajhiz,Iranian supplier Telegram catalogue,listing_evidence_crawled_2026-08-24,https://t.me/minatajhiz/168,,ai_normalised_listing+pubchem_confirmed,seed_2026-08-24 + seed_2026-08-25,2017-11-01,490519eaa78568b82f253ed415f28154cf4d04ce3975ebfff6a389674b1e9609
"2,4-dibromoaniline",Cadmium acetate,"2,4-dibromoaniline; Cadmium acetate",615-57-6,12004,,,DYSRXWYRUJCNFI-UHFFFAOYSA-N,C6H5Br2N,250.92,C1=CC(=C(C=C1Br)Br)N,confirmed_organic,organic_reagent,,,Fardad Shimi,Iranian online lab-chemical shop,product_page_listed_not_current_stock_verified,,استات روی ۲ آبه MERCK | ...,router_title_normalization,seed_2026-08-24 + seed_2026-08-25,2026-08-23,1034d9c32edfe0af26bece431295a2b40ee19f00198f90f60e6c895ed7e1618d
"2,4-dihydroxybenzaldehyde","2,4-dihydroxybenzaldehyde",,95-01-2,7213,,,IUNJCFABHJZSKB-UHFFFAOYSA-N,C7H6O3,138.12,C1=CC(=C(C=C1O)O)C=O,confirmed_organic,organic_reagent,derived:supplier_platform,,telegram:ChemIranSanat,public Telegram (seller_research),product_page_listed_not_current_stock_verified,https://t.me/ChemIranSanat/1735,"2,4-Dihydroxybenzaldehyde | بنزالدهید و مشتقات مختلف آن از کمپانی اکروس 10522 Benzaldehyde 250ml 15603 3-Ethoxy-4-hydroxybenzaldehyde 100g 15044 4-Chlorobenzaldehyde 250g 18351 2,3-Dihydroxybenzaldehyde 5g 16277 4-Hydroxybenzaldehyde 50g 33488 4-Isopropylbenzaldehyde 100g 15458 4-Carboxybenzaldehyde",router_batch+pubchem,seed_2026-08-25,2026-08-25,d52f648fe09e3f458ce21fdfe840ba62464a3a9f4e7860b96cbaa4a48c473a7f
"2,4-dihydroxybenzoic acid","2,4-Dihydroxybenzoic Acid","2,4-dihydroxybenzoic acid; 2,4-Dihydroxybenzoic Acid",,1491,,,UIAFKZKHHVMJGS-UHFFFAOYSA-N,C7H6O4,154.12,C1=CC(=C(C=C1O)O)C(=O)O,confirmed_organic,organic_reagent,,research,Telegram: minatajhiz + t.me/minatajhiz,Iranian supplier Telegram catalogue|telegram,listed_not_current_stock_verified,https://t.me/s/minatajhiz,"2,4-dihydroxybenzoic acid",existing skill export,live_telegram_listing + seed_2026-08-24 + seed_2026-08-25,2026-08-23,28a133c491205e7d692144fb7bbb85d17ab5675d4e235ae7e08968ceff44e3da
"2,5,7,8-tetramethyl-2-(4,8,12-trimethyltridecyl)-3,4-dihydrochromen-6-ol",,,,2116,,,GVJHHUAWPYXKBD-UHFFFAOYSA-N,C29H50O2,430.7,,confirmed_organic,organic_reagent,derived:supplier_platform,,Shimi Merck,ai_normalized,,https://shimimerck.ir/buy-a-tocopherol-96-vitamin-e.html,buy a tocopherol 96 vitamin e,model_fleet+pubchem,ai_model_fleet,2026-08-27,c4d4037bd7dba163947d8046583e58c518996020dcf4d222e90b1c5832551ce7
"2,5-diaminobenzenesulfonic acid",,,,66617,,,HEAHMJLHQCESBZ-UHFFFAOYSA-N,C6H8N2O3S,188.21,,confirmed_organic,organic_reagent,derived:supplier_platform,,Shimi Merck,ai_normalized,,https://shimimerck.ir/25-diaminobenzene-sulfonic-acid.html,25 diaminobenzene sulfonic acid,model_fleet+pubchem,ai_model_fleet,2026-08-27,3e540e7263cb00cc5c2a9afabb5e8c56aaead37f89fe199c26c12d9d06b8f9e5
"2,5-dihydroxyterephthalic acid","2,5-Dihydroxyterephthalic acid",,610-92-4,69131,,,OYFRNYNHAZOYNF-UHFFFAOYSA-N,C8H6O6,198.13,C1=C(C(=CC(=C1O)C(=O)O)O)C(=O)O,confirmed_organic,organic_reagent,,,telegram:ChemIranSanat,Iranian supplier Telegram catalogue,listing_evidence_crawled_2026-08-24,https://t.me/ChemIranSanat/507,"214986 Fluorochem 2,5-Dihydroxyterephthalic acid 25g 🔜 موجود و آماده تحویل ✅ شیمیران صنعت فقط اصلی ♾ موجودی و تنوع بی نظیر از برندهای معتبر 📦 ارسال رایگان 📱 سفارش کالا 👇 📞 0938-648-9001 🆔 @ChemIranAdmin 🆔 @ChemIran1",ai_normalised_listing+pubchem_confirmed,seed_2026-08-24 + seed_2026-08-25,2017-08-03,e2015dddbc1238068214b4de89f8feea599222c4c7101903de48eb9fc0bf43f9
"2,6-diacetyl-3,7,9-trihydroxy-8,9b-dimethyldibenzofuran-1-one",s2252,"2,6-diacetyl-3,7,9-trihydroxy-8,9b-dimethyldibenzofuran-1-one; s2252",,24211,,,WEYVVCKOOFYHRW-UHFFFAOYSA-N,C18H16O7,344.3,CC1=C(C(=C2C(=C1O)C3(C(=CC(=C(C3=O)C(=O)C)O)O2)C)C(=O)C)O,confirmed_organic,organic_reagent,derived:supplier_platform,,TamadKala,Iranian online wholesale/lab shop,product_page_listed_not_current_stock_verified,https://tamadkala.com/product/164060/نیتریت-سدیم-کد-s2252-سیگما,نیتریت سدیم کد s2252 سیگما,structured_pubchem,seed_2026-08-25,2026-08-25,92a0fccc596aa0af0412b30e9da56c26aee2ca5954c3744e3420ad6ca1270bb0
"2,6-dibromo-4-[2-(3,5-dibromo-4-hydroxyphenyl)propan-2-yl]phenol",,,,6618,,,VEORPZCZECFIRK-UHFFFAOYSA-N,C15H12Br4O2,543.9,,confirmed_organic,organic_reagent,derived:supplier_platform,,Shimi Merck,ai_normalized,,https://shimimerck.ir/3355-tetrabromobisphenol-a.html,tetrabromobisphenol a,model_fleet+pubchem,ai_model_fleet,2026-08-27,f878bff773dab7c8ee3c953d2953c4811913b2470c82e4b9d4398da2404fd3c5
"2,6-dibromo-4-[3-(3,5-dibromo-4-hydroxy-2-methylphenyl)-1,1-dioxo-2,1lambda6-benzoxathiol-3-yl]-3-methylphenol","2,6-dibromo-4-[3-(3,5-dibromo-4-hydroxy-2-methylphenyl)-1,1-dioxo-2,1lambda6-benzoxathiol-3-yl]-3-methylphenol","2,6-dibromo-4-[3-(3,5-dibromo-4-hydroxy-2-methylphenyl)-1,1-dioxo-2,1lambda6-benzoxathiol-3-yl]-3-methylphenol",76-60-8,6451,65565,,FRPHFZCDPYBUAU-UHFFFAOYSA-N,C21H14Br4O5S,698.0,CC1=C(C(=C(C=C1C2(C3=CC=CC=C3S(=O)(=O)O2)C4=CC(=C(C(=C4C)Br)O)Br)Br)O)Br,confirmed_organic,pharmaceutical_or_api,derived:supplier_platform,research,Mojallali Group; telegram:ATRmedShop + Shimi Merck + TamadKala; Mojallali Group; telegram:ATRmedShop + https://drm-chem.com/en/product/thymol-blue/ + t.me/ATRmedShop,Iranian WooCommerce catalogue|Iranian online wholesale/lab shop|ai_normalized|live_supplier_catalogue|telegram,product_page_listed_not_current_stock_verified,https://t.me/ATRmedShop/674,"Bromocresol Green || بروموکرزول گرین

‌‏⁧ ‌‌‏‌محصولات مرک المان اصل را از ما بخواهید.

 👇 واردات و فروش مواد شیمیایی سیگما 👇 ‌
‌ 
‌
 ☎️ تلفن: ۰۲۱۶۶۳۶۱۵۴۳-۶۶۳۷۹۰۲۶-۰۲۱
‌
 📱 موبایل: 09120549893

 🌐 لینک محصول :

 https://atrmed.com/product/bro",cas_pubchem,ai_model_fleet + live_telegram_listing + live_web_catalogue + seed_2026-08-24 + seed_2026-08-25,2026-08-25,6b9f9f910507423828668fdc48f3302601c0861a0b6a72798eb7b66e39230989
"2,6-dibromo-4-[3-(3,5-dibromo-4-hydroxyphenyl)-1,1-dioxo-2,1lambda6-benzoxathiol-3-yl]phenol",Bromophenol blue,"2,6-dibromo-4-[3-(3,5-dibromo-4-hydroxyphenyl)-1,1-dioxo-2,1lambda6-benzoxathiol-3-yl]phenol; Bromophenol blue",115-39-9,8272,,,UDSAIICHUKSCKT-UHFFFAOYSA-N,C19H10Br4O5S,670.0,C1=CC=C2C(=C1)C(OS2(=O)=O)(C3=CC(=C(C(=C3)Br)O)Br)C4=CC(=C(C(=C4)Br)O)Br,confirmed_organic,colorant_or_indicator,,research,Fardad Shimi; TamadKala + Shimi Merck,Iranian online lab-chemical shop | Iranian online research/chemical shop | Iranian online wholesale/lab shop|ai_normaliz,product_page_listed_not_current_stock_verified,https://shimimerck.ir/bremo-phenol-blue-108122-merck-germany.html,بروموفنل بلو ACS دکتر مجللی | بروموفنل بلو acs دکتر مجللی | بروموفنل بلو مرک MERCK || bremo phenol blue merck germany,explicit_category_supplement | router_title_normalization,ai_model_fleet + seed_2026-08-24 + seed_2026-08-25,2026-08-23,6fc62bacabcd3dae8ee9b991413ef4e03306ca9569a12b83403cdd41b9170244
"2,6-ditert-butyl-4-methylphenol","2,6-Di-tert-butyl-4-methylphenol","2,6-ditert-butyl-4-methylphenol; 2,6-Di-tert-butyl-4-methylphenol",128-37-0,31404,,,NLZUEZXRPGMBCV-UHFFFAOYSA-N,C15H24O,220.35,CC1=CC(=C(C(=C1)C(C)(C)C)O)C(C)(C)C,confirmed_organic,organic_reagent,,industrial,Telegram: jahaneshimicom,Iranian supplier Telegram catalogue,listed_not_current_stock_verified,,"2,6-ditert-butyl-4-methylphenol",existing skill export,seed_2026-08-24 + seed_2026-08-25,2026-08-23,58f6ad2fc9710903302dd9ee8bb6f0f9a1ac15dc3ff339d22699184b6d19f8e0
"2,7,8-trimethyl-2-(4,8,12-trimethyltridecyl)-3,4-dihydrochromen-6-ol",tocopherol,"2,7,8-trimethyl-2-(4,8,12-trimethyltridecyl)-3,4-dihydrochromen-6-ol; tocopherol",,14986,,,QUEDXNHFTDJVIY-UHFFFAOYSA-N,C28H48O2,416.7,CC1=C(C=C2CCC(OC2=C1C)(C)CCCC(C)CCCC(C)CCCC(C)C)O,confirmed_organic,pharmaceutical_or_api,,,Rooz Darou; TamadKala,Iranian online research/chemical shop | Iranian pharmaceutical product catalogue,product_page_listed_not_current_stock_verified,https://tamadkala.com/product/87735/%D9%88%DB%8C%D8%AA%D8%A7%D9%85%DB%8C%D9%86-e-%D8%AE%D9%88%D8%B1%D8%A7%DA%A9%DB%8C,ویتامین E خوراکی | کپسول سافت ژل ویتامین ای 400IU رزاویت,explicit_category_supplement,seed_2026-08-24 + seed_2026-08-25,2026-08-23,77c45275a8086fbc25c463f9f69b83205f0f0ec11f566301df1e34b78416f269
"2,7-diamino-4,6-dimethyl-3-oxo-1-N,9-N-bis[(3R,6S,7R,10S,16S)-7,11,14-trimethyl-2,5,9,12,15-pentaoxo-3,10-di(propan-2-yl)-8-oxa-1,4,11,14-tetrazabicyclo[14.3.0]nonadecan-6-yl]phenoxazine-1,9-dicarboxamide","2,7-diamino-4,6-dimethyl-3-oxo-1-N,9-N-bis[(3R,6S,7R,10S,16S)-7,11,14-trimethyl-2,5,9,12,15-pentaoxo-3,10-di(propan-2-yl)-8-oxa-1,4,11,14-tetrazabicyclo[14.3.0]nonadecan-6-yl]phenoxazine-1,9-dicarboxamide",,7240-37-1,14924508,,,YXHLJMWYDTXDHS-IRFLANFNSA-N,C62H87N13O16,1270.4,CC1C(C(=O)NC(C(=O)N2CCCC2C(=O)N(CC(=O)N(C(C(=O)O1)C(C)C)C)C)C(C)C)NC(=O)C3=CC(=C(C4=C3N=C5C(=C(C(=O)C(=C5O4)C)N)C(=O)NC6C(OC(=O)C(N(C(=O)CN(C(=O)C7CCCN7C(=O)C(NC6=O)C(C)C)C)C)C(C)C)C)C)N,confirmed_organic,organic_reagent,derived:supplier_platform,,telegram:labshop,public Telegram (seller_research),product_page_listed_not_current_stock_verified,https://t.me/labshop/205,Alcian blue | 🛑 کیت های رنگ آمیزی اختصاصی پاتولوژی ✅ Alcian blue PAS ✅ Congo red ✅ Rhodamine for Wilson disease ✅ Mycobact for cold stainof mycobacteria,router_batch+pubchem,seed_2026-08-25,2026-08-25,4948782cba927afcab1e31fc262c2e20eaea1dfbe1fad415b1605f5d7eca0be4
2-(11H-benzo[a]fluoren-11-yl)acetic acid,yeast extract powder,2-(11H-benzo[a]fluoren-11-yl)acetic acid; yeast extract powder,,24973165,,,GQNBDGXKDJSVGQ-UHFFFAOYSA-N,C19H14O2,274.3,C1=CC=C2C(=C1)C=CC3=C2C(C4=CC=CC=C34)CC(=O)O,confirmed_organic,organic_reagent,derived:supplier_platform,,TamadKala,Iranian online wholesale/lab shop,product_page_listed_not_current_stock_verified,https://tamadkala.com/product/180686/yeast-extract-powder-پودر-عصاره-مخمر,yeast extract powder پودر عصاره مخمر,structured_pubchem,seed_2026-08-25,2026-08-25,35d16787fb35e6d6548952b128bb724d97ff2d472d5ddb9437fbdf9ca6602146
2-(1H-indol-3-yl)acetic acid,,,,802,,,SEOVTRFCIGRIMH-UHFFFAOYSA-N,C10H9NO2,175.18,,confirmed_organic,organic_reagent,derived:supplier_platform,,Shimi Merck,ai_normalized,,https://shimimerck.ir/indole-acetic-acid-100353-merck-germany.html,indole acetic acid merck germany,model_fleet+pubchem,ai_model_fleet,2026-08-27,b5a85fa3779b3213ce79c19d00dde8c476aa2e52719a0333f5770d9b7f46e394
"2-(2,3-dimethylanilino)benzoic acid",mefenamic acid,"2-(2,3-dimethylanilino)benzoic acid; mefenamic acid",,4044,,,HYYBABOKPJLUIN-UHFFFAOYSA-N,C15H15NO2,241.28,CC1=C(C(=CC=C1)NC2=CC=CC=C2C(=O)O)C,confirmed_organic,pharmaceutical_or_api,,,Rooz Darou,Iranian pharmaceutical product catalogue,product_page_listed_not_current_stock_verified,http://rouzdarou.com/products/%D9%83%D9%BE%D8%B3%D9%88%D9%84-%D9%85%D9%81%D9%86%D8%A7%D9%85%DB%8C%DA%A9-%D8%A7%D8%B3%DB%8C%D8%AF-250,كپسول مفنامیک اسید 250,PubChem name validation from supplier product title,seed_2026-08-24 + seed_2026-08-25,2026-08-23,446f5613299b757b1b030a677f863828e6788e8eaffe6d6e26582a014c71902f
"2-(2,4-dichlorophenoxy)propanoic acid",Dichlorprop,,120-36-5,8427,,,MZHCENGPTKEIGP-UHFFFAOYSA-N,C9H8Cl2O3,235.06,CC(C(=O)O)OC1=C(C=C(C=C1)Cl)Cl,confirmed_organic,organic_reagent,,,telegram:minatajhiz,Iranian supplier Telegram catalogue,listing_evidence_crawled_2026-08-24,https://t.me/minatajhiz/991,,ai_normalised_listing+pubchem_confirmed,seed_2026-08-24 + seed_2026-08-25,2023-03-02,56f8962877c1075120026b46a4d24a7670862027a51c68bdfda2ec2ba595446a
"2-(2,4-difluorophenyl)-1,3-bis(1,2,4-triazol-1-yl)propan-2-ol",fluconazole,"2-(2,4-difluorophenyl)-1,3-bis(1,2,4-triazol-1-yl)propan-2-ol; fluconazole",,3365,,,RFHAOTPXVQNOHP-UHFFFAOYSA-N,C13H12F2N6O,306.27,C1=CC(=C(C=C1F)F)C(CN2C=NC=N2)(CN3C=NC=N3)O,confirmed_organic,pharmaceutical_or_api,,,Rooz Darou,Iranian pharmaceutical product catalogue,product_page_listed_not_current_stock_verified,http://rouzdarou.com/products/%D9%83%D9%BE%D8%B3%D9%88%D9%84-%D9%81%D9%84%D9%88%DA%A9%D9%88%D9%86%D8%A7%D8%B2%D9%88%D9%84-100,كپسول فلوکونازول 100,PubChem name validation from supplier product title,seed_2026-08-24 + seed_2026-08-25,2026-08-23,e85cce28309715fbcbab3eccc23a5a23b595a4b7454434725514bf36d5afb9a8
"2-(2,4-dihydroxyphenyl)-3,5,7-trihydroxychromen-4-one;dihydrate",Morin hydrate,,,18542136,,,AEVKYFNHIADTEI-UHFFFAOYSA-N,C15H14O9,338.27,C1=CC(=C(C=C1O)O)C2=C(C(=O)C3=C(C=C(C=C3O2)O)O)O.O.O,confirmed_organic,secondary_metabolite_or_natural_product,,Shimi Merck,Shimi Merck + https://shimimerck.ir/morin-hydrate.html + telegram:minatajhiz,Iranian supplier Telegram catalogue|ai_normalized|live_supplier_catalogue,listing_evidence_crawled_2026-08-24,https://shimimerck.ir/morin-hydrate.html,morin hydrate,ai_normalised_listing+pubchem_confirmed,ai_model_fleet + live_web_catalogue + seed_2026-08-24 + seed_2026-08-25,2017-11-05,79a788213c0eb956497f06343104f28f3f9314be5efbe608383591e0dbe8bf97
"2-(2,5-dimethoxy-4-methylphenyl)-2-methoxyethanamine",bod,"2-(2,5-dimethoxy-4-methylphenyl)-2-methoxyethanamine; bod",,44719486,,,VTEIFHQUZWABDE-UHFFFAOYSA-N,C12H19NO3,225.28,CC1=CC(=C(C=C1OC)C(CN)OC)OC,confirmed_organic,organic_reagent,derived:supplier_platform,,TamadKala,Iranian online wholesale/lab shop,product_page_listed_not_current_stock_verified,https://tamadkala.com/product/22105/بطری-bod,بطری bod,structured_pubchem,seed_2026-08-25,2026-08-25,0f2937276335008d8f648b17e5096ad77f62f1c06a3fe831a8d72b38f4663c5e
"2-(2-bromoethyl)isoindole-1,3-dione","1H-Isoindole-1,3(2H)-dione, 2-(2-bromoethyl)-","2-(2-bromoethyl)isoindole-1,3-dione; 1H-Isoindole-1,3(2H)-dione, 2-(2-bromoethyl)-",574-98-1,11325,,,CHZXTOCAICMPQR-UHFFFAOYSA-N,C10H8BrNO2,254.08,C1=CC=C2C(=C1)C(=O)N(C2=O)CCBr,confirmed_organic,organic_reagent,,research,Telegram: minatajhiz + t.me/minatajhiz,Iranian supplier Telegram catalogue|telegram,listed_not_current_stock_verified,https://t.me/s/minatajhiz,"2-(2-bromoethyl)isoindole-1,3-dione",existing skill export,live_telegram_listing + seed_2026-08-24 + seed_2026-08-25,2026-08-23,731c54e3d8289bcedbc91121c3f846fac3c799b8edabfa9776a49c8666cfa6e2
2-(2-butoxyethoxy)ethanol,Diethylene Glycol Monobutyl Ether,,,8177,,,OAYXUHPQHDHDDZ-UHFFFAOYSA-N,C8H18O3,162.23,CCCCOCCOCCO,confirmed_organic,organic_reagent,,,telegram:Boof_company,Iranian supplier Telegram catalogue,listing_evidence_crawled_2026-08-24,https://t.me/Boof_company/31,,ai_normalised_listing+pubchem_confirmed,seed_2026-08-24 + seed_2026-08-25,2025-12-08,958da034e72550ef6887fcd63cd4c23b084e5a53289e74b3b039fe97d07ba8f9
2-(2-cyanopropan-2-yldiazenyl)-2-methylpropanenitrile,Azobisisobutyronitrile,2-(2-cyanopropan-2-yldiazenyl)-2-methylpropanenitrile; Azobisisobutyronitrile,78-67-1,6547,,,OZAIFHULBGXAKX-UHFFFAOYSA-N,C8H12N4,164.21,CC(C)(C#N)N=NC(C)(C)C#N,confirmed_organic,organic_reagent,,,TamadKala,Iranian online wholesale/lab shop,product_page_listed_not_current_stock_verified,https://tamadkala.com/product/19589/%CE%B1%CE%B1-azoisobutyronitrile,αα azoisobutyronitrile,router_title_normalization,seed_2026-08-24 + seed_2026-08-25,2026-08-23,f2b31511d93813b4d13d4398a42e747359e05870cdf576a3eb9edd3614144b96
2-(2-hydroxyethoxy)ethanol,Diethylene glycol,2-(2-hydroxyethoxy)ethanol; Diethylene glycol; Diethylene Glycol; DEG,111-46-6,8117,,,MTHSVFCYNBDYFN-UHFFFAOYSA-N,C4H10O3,106.12,C(COCCO)O,confirmed_organic,organic_reagent,,industrial,Chemical Iran + Chemical Iran; DigiShimi; Isatis Shimi,Iranian online chemical shops | Iranian online research/chemical shop|ai_normalized,product_page_listed_not_current_stock_verified,https://www.chemicaliran.com/products/di-ethylene-glycol-deg/,Di Ethylene Glycol (DEG) | Diethylene Glycol (DEG) | دی اتیلن گلیکول || di ethylene glycol deg,explicit_category_supplement | router_title_normalization,ai_model_fleet + seed_2026-08-24 + seed_2026-08-25,2026-08-23,b5e766f221890ccafed3b267797e4872b8dbacabf20b3b6b7e7f3e223d90ad1f
2-(2-hydroxyethylamino)ethanol,Diethanolamine,2-(2-hydroxyethylamino)ethanol; Diethanolamine,111-42-2,8113,,,ZBCBWPMODOFKDW-UHFFFAOYSA-N,C4H11NO2,105.14,C(CO)NCCO,confirmed_organic,organic_reagent,,research,Chemical Iran + Chemical Iran; DigiShimi; Fardad Shimi; Isatis Shimi; TamadKala,Iranian online chemical shops | Iranian online lab-chemical shop | Iranian online research/chemical shop | Iranian onlin,product_page_listed_not_current_stock_verified,https://www.chemicaliran.com/products/di-ethanol-amine-dea/,Di Ethanol Amine (DEA) | Diethanolamine (DEA) | دی اتانول آمین | دی اتانول آمین extra pure دکتر مجللی | ... | دی اتانول آمین extra pure نوترون | ... | دی اتانول آمین laboratory دکتر مجللی | ... | دی اتانول آمین دکتر مجللی || Diethanolamine 803116 @merck || di ethanol amine dea,explicit_category_supplement | router_title_normalization,ai_model_fleet + seed_2026-08-24 + seed_2026-08-25,2026-08-23,3d6926643e6b138e64ad320c33ee3f79412a042f38521403437128ccad210331
2-(2-hydroxyethylsulfanyl)ethanol,,,,5447,,,YODZTKMDCQEPHD-UHFFFAOYSA-N,C4H10O2S,122.19,,confirmed_organic,organic_reagent,derived:supplier_platform,,Shimi Merck,ai_normalized,,https://shimimerck.ir/22-thiodiethanol.html,22 thiodiethanol,model_fleet+pubchem,ai_model_fleet,2026-08-27,ae3677ccc85e3526c443bac91a871e67cac1b6a3291ff607ac9d9aa7db998548
2-(2-methoxyethoxy)ethanol,Diethylene glycol monomethyl ether,2-(2-methoxyethoxy)ethanol; Diethylene glycol monomethyl ether,109-86-4,8134,,yes,SBASXUCJHJRPEV-UHFFFAOYSA-N,C5H12O3,120.15,COCCOCCO,confirmed_organic,organic_reagent,,research,Fardad Shimi; TamadKala,Iranian online lab-chemical shop | Iranian online wholesale/lab shop,product_page_listed_not_current_stock_verified,https://fardadshimi.com/product/6199347/,دی اتیلن گلایکول مونو متیل اتر | دی اتیلن گلایکول مونو متیل اتر lab دکتر مج | ... | دی اتیلن گلایکول مونومتیل اتر دکتر مجللی,router_title_normalization,seed_2026-08-24 + seed_2026-08-25,2026-08-23,77a47c7fde62d89ccb340d9a5fbf5ee97628facefb665018deecd67aaba96d96
2-(2-methylprop-2-enoyloxy)ethyl 2-methylprop-2-enoate,,,,7355,,,STVZJERGLQHEKB-UHFFFAOYSA-N,C10H14O4,198.22,,confirmed_organic,organic_reagent,derived:supplier_platform,,Shimi Merck,ai_normalized,,https://shimimerck.ir/buy-ethylene-glycol-dimethacrylate.html,buy ethylene glycol dimethacrylate,model_fleet+pubchem,ai_model_fleet,2026-08-27,d6fc00bd871efd5e2cd2ef059656cf62d4f96bcfb9fe7882b1153a8eec78b35c
2-(2-oxopyrrolidin-1-yl)acetamide,Piracetam,2-(2-oxopyrrolidin-1-yl)acetamide; Piracetam,,4843,,,GMZVRMREEHBGGF-UHFFFAOYSA-N,C6H10N2O2,142.16,C1CC(=O)N(C1)CC(=O)N,confirmed_organic,pharmaceutical_or_api,,research,BehChin Chemi Pharmed,Iranian supplier API/intermediate catalogue,supplier_catalogue_listed_not_current_stock_verified,https://www.behchinchemi.ir/en/our-products/active-pharmaceutical-ingredient,Piracetam,supplier_table,seed_2026-08-24 + seed_2026-08-25,2026-08-23,770d9685cfaf4fd79679a3cbd3acdabcf11d3a1168016e4b693821e1cda8e783
2-(2-phenylethenyl)aniline,,,,139378,,,BIEFDNUEROKZRA-UHFFFAOYSA-N,C14H13N,195.26,,confirmed_organic,organic_reagent,derived:supplier_platform,,t.me/ChemIranSanat,ai_normalized,,https://t.me/ChemIranSanat/44,"ایمینواستیلبن آلفاایسر 97%
واردات جدید و آماده تحویل

 ✔ این محصول خرده فروشی نیز دارد.

 @ChemIranAdmin 

 @ChemIran1",model_fleet+pubchem,ai_model_fleet,2026-08-27,039ae643558d80d0861efcba5cd8d5b1cc55a1adbd8b5622145a3322f1068e07
2-(2-sulfanylethyl)guanidine,MEG,2-(2-sulfanylethyl)guanidine; MEG,,4070,,,GAPFINWZKMCSBG-UHFFFAOYSA-N,C3H9N3S,119.19,C(CS)N=C(N)N,confirmed_organic,organic_reagent,derived:supplier_platform,,Isatis Shimi,Iranian WooCommerce catalogue,product_page_listed_not_current_stock_verified,https://isatisshimi.com/product/%d9%85%d9%88%d9%86%d9%88-%d8%a7%d8%aa%db%8c%d9%84%d9%86-%da%af%d9%84%d8%a7%db%8c%da%a9%d9%88%d9%84/,خرید مونو اتیلن گلیکول MEG,structured_pubchem,seed_2026-08-25,2026-08-25,b1c36f56effb420b8a702f8a2769344025532c643ec360d79d40b209bc4ee672
"2-(3,4-dihydroxyphenyl)-3,5,7-trihydroxychromen-4-one",,,,5280343,,,REFJWTPEDVJJIY-UHFFFAOYSA-N,C15H10O7,302.23,,confirmed_organic,organic_reagent,derived:supplier_platform,,Shimi Merck,ai_normalized,,https://shimimerck.ir/quercetin-code-q4951.html,quercetin code q4951,model_fleet+pubchem,ai_model_fleet,2026-08-27,02ad9304d21744a53c870fc3833d7400940a7957c18e9370a31597d8050cdaf1
"2-(3,4-dimethoxyphenyl)-5-[2-(3,4-dimethoxyphenyl)ethyl-methylamino]-2-propan-2-ylpentanenitrile",verapamil,"2-(3,4-dimethoxyphenyl)-5-[2-(3,4-dimethoxyphenyl)ethyl-methylamino]-2-propan-2-ylpentanenitrile; verapamil",,2520,,,SGTNSNPWRIOYBX-UHFFFAOYSA-N,C27H38N2O4,454.6,CC(C)C(CCCN(C)CCC1=CC(=C(C=C1)OC)OC)(C#N)C2=CC(=C(C=C2)OC)OC,confirmed_organic,pharmaceutical_or_api,,,Rooz Darou,Iranian pharmaceutical product catalogue,product_page_listed_not_current_stock_verified,http://rouzdarou.com/products/%D9%82%D8%B1%D8%B5-%D9%88%D8%B1%D8%A7%D9%BE%D8%A7%D9%85%DB%8C%D9%84-40,قرص وراپامیل 40,PubChem name validation from supplier product title,seed_2026-08-24 + seed_2026-08-25,2026-08-23,ecb99b83675f68c0d69cb50c4a5f5acb92c1db6e1fd773abb2b6cbe77f3a2b60
"2-(3,5-diphenyltetrazol-2-ium-2-yl)-4,5-dimethyl-1,3-thiazole bromide","2-(3,5-diphenyltetrazol-2-ium-2-yl)-4,5-dimethyl-1,3-thiazole bromide",,298-93-1,64965,,,AZKSAVLVSZKNRD-UHFFFAOYSA-M,C18H16BrN5S,414.3,CC1=C(SC(=N1)[N+]2=NC(=NN2C3=CC=CC=C3)C4=CC=CC=C4)C.[Br-],confirmed_organic,pharmaceutical_or_api,derived:supplier_platform,,t.me/ATRmedShop + telegram:ATRmedShop,ai_normalized|public Telegram (seller_research),product_page_listed_not_current_stock_verified,https://t.me/ATRmedShop/564,Thiazolyl Blue Tetrazolium Bromide | پودر MTT ‌‏⁧ ‌‌‏‌محصولات سیگما اصل را از ما بخواهید. 👇 واردات و فروش مواد شیمیایی سیگما و مرک 👇 ‌ ‌ ‌ ☎️ تلفن: ۰۲۱۶۶۳۶۱۵۴۳-۶۶۳۷۹۰۲۶-۰۲۱ ‌ 📱 موبایل: 09120549893 🌐 لینک محصول : https://atrmed.com/product/thiazolyl-blue-tetrazolium-bromide/ #آثل_طب #مواد_ازمایشگاهی ,router_batch+pubchem,ai_model_fleet + seed_2026-08-25,2026-08-25,fc11d6f149a7c672b262e02c9fa37b520f3bc429f53b5ae919a6a9d6bfccafd5
2-(3-aminopropanoylamino)-3-(1H-imidazol-5-yl)propanoic acid,,,,9369,,,CQOVPNPJLQNMDC-UHFFFAOYSA-N,C9H14N4O3,226.23,,confirmed_organic,pharmaceutical_or_api,derived:supplier_platform,,t.me/ATRmedShop,ai_normalized,,https://t.me/ATRmedShop/243,"محلول ریبونوکلئاز A از پانکراس گاو 
محلول ریبونوکلئاز A از پانکراس گاو یک اندوریبونوکلئاز است که به گروه ʹ3 OH نوکلئونید پیریمیدین حمله می‌کند. دنباله pG-pA-pC-pG-pG حذف ...
برای ادامه مطالب، مشاهده و خرید آنلاین این محص",model_fleet+pubchem,ai_model_fleet,2026-08-27,04470a760674c3cfda97e9c46d085f693e163614cc40ba68bd99582e61d5aa59
2-(4-aminophenyl)acetic acid,4-Aminophenylacetic acid,,,14533,,,CSEWAUGPAQPMDC-UHFFFAOYSA-N,C8H9NO2,151.16,C1=CC(=CC=C1CC(=O)O)N,confirmed_organic,organic_reagent,,,telegram:minatajhiz,Iranian supplier Telegram catalogue,listing_evidence_crawled_2026-08-24,https://t.me/minatajhiz/1034,,ai_normalised_listing+pubchem_confirmed,seed_2026-08-24 + seed_2026-08-25,2023-05-31,64379beefe5dff0c4502d891dd8fcd8ccf4e8c40987ae4cb1b21bce55346e8cf
2-(4-carbamimidoylphenyl)-1H-indole-6-carboximidamide,,,,2954,,,FWBHETKCLVMNFS-UHFFFAOYSA-N,C16H15N5,277.32,,confirmed_organic,pharmaceutical_or_api,derived:supplier_platform,,t.me/ATRmedShop,ai_normalized,,https://t.me/ATRmedShop/504,"رنگ DAPI

‌‏⁧ ‌‌‏‌محصولات سیگما اصل را از ما بخواهید.

 👇 واردات و فروش مواد شیمیایی سیگما و مرک 👇 ‌
‌
‌
 ☎️ تلفن: ۰۲۱۶۶۳۶۱۵۴۳-۶۶۳۷۹۰۲۶-۰۲۱
‌
 📱 موبایل: 09120549893

 🌐 لینک محصول: ‎ https://atrmed.com/product/color-dapi",model_fleet+pubchem,ai_model_fleet,2026-08-27,5062a13eccb33209f90331bc822d23750b51c63a91c3e6d1a0ece22aece11692
2-(4-carbamimidoylphenyl)-1H-indole-6-carboximidamide;dihydrochloride,2-(4-carbamimidoylphenyl)-1H-indole-6-carboximidamide;dihydrochloride,,28718-90-3,160166,,,FPNZBYLXNYPRLR-UHFFFAOYSA-N,C16H17Cl2N5,350.2,C1=CC(=CC=C1C2=CC3=C(N2)C=C(C=C3)C(=N)N)C(=N)N.Cl.Cl,confirmed_organic,pharmaceutical_or_api,derived:supplier_platform,,telegram:ATRmedShop,public Telegram (seller_research),product_page_listed_not_current_stock_verified,https://t.me/ATRmedShop/504,"4',6-Diamidino-2-phenylindole (DAPI) | رنگ DAPI ‌‏⁧ ‌‌‏‌محصولات سیگما اصل را از ما بخواهید. 👇 واردات و فروش مواد شیمیایی سیگما و مرک 👇 ‌ ‌ ‌ ☎️ تلفن: ۰۲۱۶۶۳۶۱۵۴۳-۶۶۳۷۹۰۲۶-۰۲۱ ‌ 📱 موبایل: 09120549893 🌐 لینک محصول:  ‎ https://atrmed.com/product/color-dapi/ #اثل_طب #مواد_ازمایشگاهی #مواد_شیمیایی #رنگ",router_batch+pubchem,seed_2026-08-25,2026-08-25,1d421e2cce7b03cd395d8618439c810483edb52b77a850f772acce741ebaa38f
2-(4-carboxy-2-pyridinyl)pyridine-4-carboxylic acid,2-(4-carboxy-2-pyridinyl)pyridine-4-carboxylic acid,,6813-38-3,688094,,,FXPLCAKVOYHAJA-UHFFFAOYSA-N,C12H8N2O4,244.20,C1=CN=C(C=C1C(=O)O)C2=NC=CC(=C2)C(=O)O,confirmed_organic,organic_reagent,derived:supplier_platform,,t.me/ChemIranSanat + telegram:ChemIranSanat,ai_normalized|public Telegram (seller_research),product_page_listed_not_current_stock_verified,https://t.me/ChemIranSanat/1816,"2,2'-Dipyridyl-4,4'-dicarboxylic acid | 047799 Fluorochem 2,2'-Dipyridyl-4,4'-dicarboxylic acid 5g 🔜 موجود و آماده تحویل ✅ شیمیران صنعت فقط اصلی ♾ موجودی و تنوع بی نظیر از برندهای معتبر 📱 سفارش کالا 👇 🆔 @ChemIranAdmin 🆔 @ChemIran1 || 047799 Fluorochem
2,2'-Dipyridyl-4,4'-dicarboxylic acid
5g

 🔜 موج",router_batch+pubchem,ai_model_fleet + seed_2026-08-25,2026-08-25,4eafe6e4c1e3e693caec8cc5d1a70c6f3c5d39551a17f8ba58fc1172ed8255e8
2-(chloromethyl)oxirane;4-[2-(4-hydroxyphenyl)propan-2-yl]phenol;prop-2-enoic acid,Epoxy Resin,,,169944,,,RYSXGWPNVZQNNB-UHFFFAOYSA-N,C21H25ClO5,392.9,CC(C)(C1=CC=C(C=C1)O)C2=CC=C(C=C2)O.C=CC(=O)O.C1C(O1)CCl,confirmed_organic,organic_reagent,,,t.me/IranChemicals + telegram:IranChemicals,Iranian supplier Telegram catalogue|ai_normalized,listing_evidence_crawled_2026-08-24,https://t.me/IranChemicals/25620,"#آموزش 

 📣 فرآخوان دوره آموزشی
 ""چسبهای اپوکسی
(شیمی، فرمولاسیون و ساخت)""

 🎤 مدرس: مهندس کورش پردیس

 ⌛️ پنجشنبه و جمعه / ۱۸ و ۱۹ آبان ۱۴۰۲

 🏢 دپارتمان مهندسی پوشش جهاد دانشگاهی صنعتی شریف با همکاری نشریه صنعت ساختمان",ai_normalised_listing+pubchem_confirmed,ai_model_fleet + seed_2026-08-24 + seed_2026-08-25,2023-11-07,413d9c6a843dfcdfe6d4cbe1ed267896342fd2ee10484c2197c675dd791ce17f
2-(cyclohexylamino)ethanesulfonic acid,,,,66898,,,MKWKNSIESPFAQN-UHFFFAOYSA-N,C8H17NO3S,207.29,,confirmed_organic,pharmaceutical_or_api,derived:supplier_platform,,t.me/ATRmedShop,ai_normalized,,https://t.me/ATRmedShop/668,"بافر CHES

‌‏⁧ ‌‌‏‌محصولات سیگما اصل را از ما بخواهید.

 👇 واردات و فروش مواد شیمیایی سیگما 👇 ‌
‌ 
‌
 ☎️ تلفن: ۰۲۱۶۶۳۶۱۵۴۳-۶۶۳۷۹۰۲۶-۰۲۱
‌
 📱 موبایل: 09120549893

 🌐 لینک محصول :

 https://atrmed.com/product/ches/?v=e067b",model_fleet+pubchem,ai_model_fleet,2026-08-27,2407b6e76f27e90ca54bd3711af12f5dc0ba80f5cadfda113b15b69fb353015e
2-(dimethylamino)acetic acid,,,,673,,,FFDGPVCHZBVARC-UHFFFAOYSA-N,C4H9NO2,103.12,,confirmed_organic,pharmaceutical_or_api,derived:supplier_platform,research,t.me/ATRmedShop,telegram,,https://t.me/s/ATRmedShop,,seed,live_telegram_listing,2026-08-27,a5aedee87c68b5e70ea3c505ee8967018dcdd100d7bdd6f35c11cab0d0adc64f
2-(dimethylamino)acetic acid;hydrochloride,2-(dimethylamino)acetic acid;hydrochloride,,2491-06-7,75605,,,FKASAVXZZLJTNX-UHFFFAOYSA-N,C4H10ClNO2,139.58,CN(C)CC(=O)O.Cl,confirmed_organic,pharmaceutical_or_api,derived:supplier_platform,,t.me/ATRmedShop + telegram:ATRmedShop,ai_normalized|public Telegram (seller_research),product_page_listed_not_current_stock_verified,https://t.me/ATRmedShop/762,"N,N-dimethylglycine hydrochloride | ان ان دی متیل گلایسین هیدروکلراید ان ان دی متیل گلایسین هیدروکلراید (DMG) یا ان ان دی متیل آمینو استیک اسید هیدروکلراید یک گلایسین N-متیله طبیعی است که در آنالیز مقایسه‌ای با سایر گلایسین‌های N-متیله مانند سارکوزین و βine استفاده می‌شود. N,N-Dimethylglycine در... ",router_batch+pubchem,ai_model_fleet + seed_2026-08-25,2026-08-25,1d13d2b56ffdeee67ac0a9163d3f7aa18d58f3361de386a1ad3c9cd9dc61edaa
2-(dimethylamino)ethanol,Dimethylaminoethanol,2-(dimethylamino)ethanol; Dimethylaminoethanol,108-01-0,7902,,,UEEJHVSXFDXPFK-UHFFFAOYSA-N,C4H11NO,89.14,CN(C)CCO,confirmed_organic,organic_reagent,,,TamadKala,Iranian online wholesale/lab shop,product_page_listed_not_current_stock_verified,https://tamadkala.com/product/18286/%D8%AF%DB%8C-%D9%85%D8%AA%DB%8C%D9%84-%D8%A7%D8%AA%D8%A7%D9%86%D9%88%D9%84-%D8%A2%D9%85%DB%8C%D9%86-dmea,دی متیل اتانول آمین dmea,router_title_normalization,seed_2026-08-24 + seed_2026-08-25,2026-08-23,0b53f2be249967dd5d79f40f88ee8b2f93429af3e4352d38bc67c23848254f96
"2-(hydroxymethyl)-6-(2-nitrophenoxy)oxane-3,4,5-triol",,,,219973,,,KUWPCJHYPSUOFW-UHFFFAOYSA-N,C12H15NO8,301.25,,confirmed_organic,pharmaceutical_or_api,derived:supplier_platform,,t.me/ATRmedShop,ai_normalized,,https://t.me/ATRmedShop/835,"ONPG 
ONPG یک سوبسترای کالرمتریمک برای β-گالاکتوزیداز است. سوبسترا β-گالاکتوزیداز برای کاربردهای رنگ سنجی، تست EIA و به‌عنوان همتای سوبسترای pNPP الکالین فسفاتاز به‌طور گسترده مورداستفاده قرار می‌گیرد. o-Nitrophenol به‌ع",model_fleet+pubchem,ai_model_fleet,2026-08-27,b4c994be46e5aad1e10715414dc5f61e85466cb120bf06eb985d9f0c3228879c
2-(propan-2-yloxymethyl)oxirane,2-((1-Methylethoxy)methyl)oxirane,,,19920,,,NWLUZGJDEZBBRH-UHFFFAOYSA-N,C6H12O2,116.16,CC(C)OCC1CO1,confirmed_organic,organic_reagent,,,telegram:minatajhiz,Iranian supplier Telegram catalogue,listing_evidence_crawled_2026-08-24,https://t.me/minatajhiz/187,,ai_normalised_listing+pubchem_confirmed,seed_2026-08-24 + seed_2026-08-25,2017-11-11,8fb22b0a7dc5506e95e57b7598055b1e7c4e2ee4b0a8cc160196ff69d56f9612
2-(trimethylazaniumyl)acetate,Betaine,2-(trimethylazaniumyl)acetate; Betaine,107-43-7,247,,,KWIUHFFTVRNATP-UHFFFAOYSA-N,C5H11NO2,117.15,C[N+](C)(C)CC(=O)[O-],confirmed_organic,organic_reagent,,industrial,Iran Petrochemical + Isatis Shimi; Telegram: jahaneshimicom + t.me/ATRmedShop,Iranian online chemical shops | Iranian supplier Telegram catalogue|ai_normalized|telegram,listed_not_current_stock_verified | product_page_listed_not_current_stock_verified,https://iranpetrochemical.net/product/betaine/,2-(trimethylazaniumyl)acetate | Betaine | بتایین || betaine,existing skill export | router_title_normalization,ai_model_fleet + live_telegram_listing + seed_2026-08-24 + seed_2026-08-25,2026-08-23,1339892caa6276f5047d1ab7b2d8ba96dfd77b7d175aa97a7cbeede7d12f1406
2-(trimethylazaniumyl)acetate;hydrate,2-(trimethylazaniumyl)acetate;hydrate,,17146-86-0,24884197,,,NJZRLXNBGZBREL-UHFFFAOYSA-N,C5H13NO3,135.16,C[N+](C)(C)CC(=O)[O-].O,confirmed_organic,pharmaceutical_or_api,derived:supplier_platform,,telegram:ATRmedShop,public Telegram (seller_research),product_page_listed_not_current_stock_verified,https://t.me/ATRmedShop/830,Betaine hydrochloride | بتائین هیدروکلراید بتائین در شیمی یک ترکیب شیمیایی خنثی با یک گروه عاملی کاتیونی با بار مثبت است، مانند کاتیون آمونیوم یا فسفونیوم چهارتایی (به‌طورکلی: یون‌های یونیوم) که فاقد اتم هیدروژن است که یک گروه عاملی با بار منفی مانند یک گروه کربوکسیلات ممکن است در مجاور سایت کاتیونی,router_batch+pubchem,seed_2026-08-25,2026-08-25,c8a91cb66b7a533dfc689a06eef0f7a4aff060b5135d94300f1ad5d478b415b2
2-[(1-amino-1-imino-2-methylpropan-2-yl)diazenyl]-2-methylpropanimidamide;dihydrochloride,"2,2'-Azobis(2-methylpropanimidamide) dihydrochloride","2-[(1-amino-1-imino-2-methylpropan-2-yl)diazenyl]-2-methylpropanimidamide;dihydrochloride; 2,2'-Azobis(2-methylpropanimidamide) dihydrochloride; AAPH",2997-92-4,76344,,,LXEKPEMOWBOYRF-UHFFFAOYSA-N,C8H20Cl2N6,271.19,CC(C)(C(=N)N)N=NC(C)(C)C(=N)N.Cl.Cl,confirmed_organic,organic_reagent,,,telegram:minatajhiz,Iranian supplier Telegram catalogue,listing_evidence_crawled_2026-08-24,https://t.me/minatajhiz/776,AAPH      Ex 💫 واردات جدید,ai_normalised_listing+pubchem_confirmed,seed_2026-08-24 + seed_2026-08-25,2020-12-06,6423d31803e625d909446d0c7b72d56133c5ece7bb4d281a6610df6e28a8e747
2-[(3-chlorophenyl)hydrazinylidene]propanedinitrile,,,,2603,,,UGTJLJZQQFGTJD-UHFFFAOYSA-N,C9H5ClN4,204.61,,confirmed_organic,organic_reagent,derived:supplier_platform,,Shimi Merck,ai_normalized,,https://shimimerck.ir/carbonyl-cyanide-3-chlorophenylhydrazone.html,carbonyl cyanide 3 chlorophenylhydrazone,model_fleet+pubchem,ai_model_fleet,2026-08-27,7726d8137e2bca8a3a4e78f2d36f869e00aea741a2f43cb6f94761884a72dd78
"2-[(5-bromo-4-chloro-1H-indol-3-yl)oxy]-6-(hydroxymethyl)oxane-3,4,5-triol",,,,619018,,,OPIFSICVWOWJMJ-UHFFFAOYSA-N,C14H15BrClNO6,408.63,,confirmed_organic,pharmaceutical_or_api,derived:supplier_platform,,t.me/ATRmedShop,ai_normalized,,https://t.me/ATRmedShop/512,"ایکس گال

‌‏⁧ ‌‌‏‌محصولات سیگما اصل را از ما بخواهید.

 👇 واردات و فروش مواد شیمیایی سیگما و مرک 👇 ‌
‌
‌
 ☎️ تلفن: ۰۲۱۶۶۳۶۱۵۴۳-۶۶۳۷۹۰۲۶-۰۲۱
‌
 📱 موبایل: 09120549893

لینک محصول : https://atrmed.com/product/x-gal-2/ 

 #ا",model_fleet+pubchem,ai_model_fleet,2026-08-27,a632d50ac22230df4e5287351f86fbb0dc033619699cc2ead4f9c65549369997
"2-[(R)-butylsulfinyl]-4-(1-ethylimidazol-2-yl)-6-(1,3-thiazol-2-yl)thieno[2,3-b]pyridin-3-amine",hplc,"2-[(R)-butylsulfinyl]-4-(1-ethylimidazol-2-yl)-6-(1,3-thiazol-2-yl)thieno[2,3-b]pyridin-3-amine; hplc; HPLC",,158780133,,,IQYSUJXWDACBKB-MUUNZHRXSA-N,C19H21N5OS3,431.6,CCCCS(=O)C1=C(C2=C(S1)N=C(C=C2C3=NC=CN3CC)C4=NC=CS4)N,confirmed_organic,organic_reagent,derived:supplier_platform,,TamadKala; ShimiMan,Iranian online wholesale/lab shop,product_page_listed_not_current_stock_verified,https://tamadkala.com/product/92862/ایزواکتان-hplc-نوترون,ایزواکتان hplc نوترون,structured_pubchem,seed_2026-08-25,2026-08-25,5389785f8051d589cf266e548a1ce7bb665c256c26323c5288b9d1a88fe405db
2-[1-[[(1R)-1-[3-[(E)-2-(7-chloroquinolin-2-yl)ethenyl]phenyl]-3-[2-(2-hydroxypropan-2-yl)phenyl]propyl]sulfanylmethyl]cyclopropyl]acetic acid,,,,5281040,,,UCHDWCPVSPXUMX-TZIWLTJVSA-N,C35H36ClNO3S,586.2,,confirmed_organic,organic_reagent,derived:supplier_platform,,Shimi Merck,ai_normalized,,https://shimimerck.ir/montelukast-dicyclohexylamine-2.html,montelukast dicyclohexylamine 2,model_fleet+pubchem,ai_model_fleet,2026-08-27,dc7bfe42812f95eccc0858ef2c88ce287867c804629ff9ca1829cee93e500747
"2-[2-(2,6-dichloroanilino)phenyl]acetic acid",diclofenac,"2-[2-(2,6-dichloroanilino)phenyl]acetic acid; diclofenac",,3033,,,DCOPUUMXTXDBNB-UHFFFAOYSA-N,C14H11Cl2NO2,296.1,C1=CC=C(C(=C1)CC(=O)O)NC2=C(C=CC=C2Cl)Cl,confirmed_organic,pharmaceutical_or_api,,,Pishgaman Shimi (IR Chem); Rooz Darou,Iranian online research/chemical shop | Iranian pharmaceutical product catalogue,product_page_listed_not_current_stock_verified,https://irchem.ir/diclofenac-sodium/,پودر دیکلوفناک سدیم | قرص دیکلوفناک سدیم 25,explicit_category_supplement,seed_2026-08-24 + seed_2026-08-25,2026-08-23,7cedb4900cc674eaee7ed0626bad2ba28eddf160798f3a7384e3908be5ec1777
2-[2-(2-hydroxyethoxy)ethoxy]ethanol,butyl diglycol,2-[2-(2-hydroxyethoxy)ethoxy]ethanol; butyl diglycol,112-27-6,8146,,yes,XXJWXESWEXIICW-UHFFFAOYSA-N,C6H14O3,134.17,CCOCCOCCO,confirmed_organic,organic_reagent,,research,Chemical Iran; DigiShimi; Fardad Shimi; Isatis Shimi; TamadKala,Iranian online chemical shops | Iranian online lab-chemical shop | Iranian online research/chemical shop | Iranian onlin,product_page_listed_not_current_stock_verified,https://digishimii.ir/Product/%d8%aa%d8%b1%db%8c-%d8%a7%d8%aa%db%8c%d9%84%d9%86-%da%af%d9%84%db%8c%da%a9%d9%88%d9%84/,Tri Ethylene Glycol (TEG) | بوتیل دی گلایکول صنعتی | ... | تری اتیلن گلیکول | خرید تری‌ اتیلن گلایکول (TEG) | دی اتیلن گلایکول مونو اتیل اتر | دی اتیلن گلایکول مونو اتیل اتر lab دکتر مج | ... | دی اتیلن گلایکول مونواتیل اتر دکتر مجللی | دی اتیلن گلایکول مونوبوتیل اتر | دی اتیلن گ,explicit_category_supplement | router_title_normalization,seed_2026-08-24 + seed_2026-08-25,2026-08-23,5888e4d88596dd48ceede3af1df0f69bb197e6f8e1e2262d33cd470b2d12152f
2-[2-(2-hydroxyethoxy)propoxy]ethanol,"Poly(oxy-1,2-ethanediyl) alpha,alpha-(1-methyl-1,2-ethanediyl)bis(omega-hydroxy-",,9003-11-6,10154203,,,OQNWUUGFAWNUME-UHFFFAOYSA-N,C7H16O4,164.20,CC(COCCO)OCCO,confirmed_organic,cosmetic_raw_material,,,t.me/ChemIranSanat + telegram:ChemIranSanat,Iranian supplier Telegram catalogue|ai_normalized,listing_evidence_crawled_2026-08-24,https://t.me/ChemIranSanat/2028,"P2443 Sigma-Aldrich
Pluronic ® F-127
powder, BioReagent, suitable for cell culture
1KG
 🔜 موجود و آماده تحویل
 ✅ شیمیران صنعت فقط اصلی
 ♾ موجودی و تنوع بی نظیر از برندهای معتبر
 📦 ارسال رایگان
 📱 سفارش کالا 👇 
 📱 0938 64",ai_normalised_listing+pubchem_confirmed,ai_model_fleet + seed_2026-08-24 + seed_2026-08-25,2021-04-27,c3b69f2d7d5324390e2080977fd12d890fa6b158753670fedaa615163bd4ede7
2-[2-(4-nonylphenoxy)ethoxy]ethanol,2-[2-(4-nonylphenoxy)ethoxy]ethanol,,9016-45-9,24773,,,BLXVTZPGEOGTGG-UHFFFAOYSA-N,C19H32O3,308.5,CCCCCCCCCC1=CC=C(C=C1)OCCOCCO,confirmed_organic,pharmaceutical_or_api,derived:supplier_platform,,telegram:ATRmedShop,public Telegram (seller_research),product_page_listed_not_current_stock_verified,https://t.me/ATRmedShop/806,CHAPS | CHAPS هیدرات توضیحات کلی CHAPS هیدرات یک دترجنت زویتریونیک و سولفوبتائین غیر دناتوره و ملایم است و پروتئین‌ها و گیرنده‌های غشایی را حل می‌کند. برای شکستن اینتراکشن پروتئین و پروتئین مناسب است. CHAPS یک مشتق از نمک‌های صفراوی طبیعی است. دارای وزن مولکولی میسلی کوچک (6150) و... برای مشاهده ادا,router_batch+pubchem,seed_2026-08-25,2026-08-25,a1f7097869ab33053a18d936dc98b9cc67e58b7e2d57fa00172ff427b00757b7
2-[2-[2-[2-[2-[2-[2-[2-[2-[2-(2-hydroxyethoxy)ethoxy]ethoxy]ethoxy]ethoxy]ethoxy]ethoxy]ethoxy]ethoxy]ethoxy]ethanol,PEG12,2-[2-[2-[2-[2-[2-[2-[2-[2-[2-(2-hydroxyethoxy)ethoxy]ethoxy]ethoxy]ethoxy]ethoxy]ethoxy]ethoxy]ethoxy]ethoxy]ethanol; PEG12,,81260,,,PSVXZQVXSXSQRO-UHFFFAOYSA-N,C22H46O12,502.6,C(COCCOCCOCCOCCOCCOCCOCCOCCOCCOCCO)O,confirmed_organic,organic_reagent,derived:supplier_platform,,IR Chem / Pishgaman,Iranian WooCommerce catalogue,product_page_listed_not_current_stock_verified,https://irchem.ir/dimeticon-peg12/,دایمتیکون PEG12,structured_pubchem,seed_2026-08-25,2026-08-25,dd75b7375e967974ff0d55f3801113903bb97fbc2b40a2a35c9f7635e89ad2a7
2-[2-[bis(carboxylatomethyl)amino]ethyl-(carboxymethyl)amino]acetate;iron(3+),,,,28283,,,UOMQUZPKALKDCA-UHFFFAOYSA-K,C10H13FeN2O8,345.06,,confirmed_organic,organic_reagent,derived:supplier_platform,,t.me/jahaneshimicom,ai_normalized,,https://t.me/jahaneshimicom/102,با سلام خدمت همکاران محترم، این ماده کد F0527 : EDDHA ferric گرمی ، آهن دار خود دوشفا یا معادل از کمپانی دیگر جنس مطمئن اگه موجود باشه لطفا دایرکت اعلام قیمت و مشخصات بفرمایید 09143169667,model_fleet+pubchem,ai_model_fleet,2026-08-27,b7cb1d833cc4cac9fa4b5c181386cabae79e258ceef238c324d4da37d7fa01a9
2-[2-[bis(carboxymethyl)amino]ethyl-(carboxymethyl)amino]acetic acid,EDTA,2-[2-[bis(carboxymethyl)amino]ethyl-(carboxymethyl)amino]acetic acid; EDTA; edta; Ethylenediaminetetraacetic Acid; titriplex ii,60-00-4,6049,,,KCXVZYZYPLLWCC-UHFFFAOYSA-N,C10H16N2O8,292.24,C(CN(CC(=O)O)CC(=O)O)N(CC(=O)O)CC(=O)O,confirmed_organic,organic_reagent,,research,DigiShimi; Fardad Shimi; TamadKala; Telegram: IranChemicals; Isatis Shimi; Mojallali Group; ShimiMan; IR Chem / Pishgaman; telegram:minatajhiz + Shimi Merck + https://shimimerck.ir/buy-edta-disodium-salt-merck-code-108454.html + t.me/ATRmed,Iranian online chemical shops | Iranian online lab-chemical shop | Iranian online wholesale/lab shop | Iranian supplier ,listed_not_current_stock_verified | product_page_listed_not_current_stock_verified,https://shimimerck.ir/ethylenediaminetetraacetic-acid.html,2-[2-[bis(carboxymethyl)amino]ethyl-(carboxymethyl)amino]acetic acid | ا د ت آ (EDTA) ۱ کیلویی دکتر مجللی | ا د ت آ extra pure دکتر مجللی | ... | ادتا | ای دی تی آ edta قطران شیمی | ... | تیترانت edta دکتر مجللی | ... || ethylenediaminetetraacetic acid,existing skill export | router_title_normalization,ai_model_fleet + live_telegram_listing + live_web_catalogue + seed_2026-08-24 + seed_2026-08-25,2026-08-23,fd38bfaa916e145e5444e61dd7bab50d2f016c09c1e079145ce98ad143bd00ca
2-[2-methoxy-4-[3-methoxy-4-[3-(4-nitrophenyl)-5-phenyltetrazol-2-ium-2-yl]phenyl]phenyl]-3-(4-nitrophenyl)-5-phenyltetrazol-2-ium dichloride,nbt,2-[2-methoxy-4-[3-methoxy-4-[3-(4-nitrophenyl)-5-phenyltetrazol-2-ium-2-yl]phenyl]phenyl]-3-(4-nitrophenyl)-5-phenyltetrazol-2-ium dichloride; nbt,,9281,,,FSVCQIDHPKZJSO-UHFFFAOYSA-L,C40H30Cl2N10O6,817.6,COC1=C(C=CC(=C1)C2=CC(=C(C=C2)[N+]3=NC(=NN3C4=CC=C(C=C4)[N+](=O)[O-])C5=CC=CC=C5)OC)[N+]6=NC(=NN6C7=CC=C(C=C7)[N+](=O)[O-])C8=CC=CC=C8.[Cl-].[Cl-],confirmed_organic,organic_reagent,derived:supplier_platform,,TamadKala + t.me/ATRmedShop,Iranian online wholesale/lab shop|ai_normalized,product_page_listed_not_current_stock_verified,https://t.me/ATRmedShop/707,"تست سریع احیای nbt 1 میلی لیتر || خرید نیترو بلو تترازولیوم کلراید | قیمت نیترو بلو تترازولیوم کلراید


‌‏⁧ ‌‌‏‌محصولات سیگما اصل را از ما بخواهید.

 👇 واردات و فروش مواد شیمیایی سیگما 👇 ‌
‌ 
‌
 ☎️ تلفن: ۰۲۱۶۶۳۶۱۵۴۳-۶۶۳۷۹۰۲۶-۰۲۱
‌
 📱 موبایل: 09120549893",structured_pubchem,ai_model_fleet + seed_2026-08-25,2026-08-25,006825403c0d669c5d884d3a8fcdf90c60016dacb9cf7cf9621b9b8cd12499ce
"2-[3-[(4-amino-2-methylpyrimidin-5-yl)methyl]-4-methyl-1,3-thiazol-3-ium-5-yl]ethanol",,,,1130,,,JZRWCGZRTZMZEH-UHFFFAOYSA-N,C12H17N4OS+,265.36,,confirmed_organic,pharmaceutical_or_api,derived:supplier_platform,,t.me/ATRmedShop,ai_normalized,,https://t.me/ATRmedShop/709,"خرید تیمین گرید کشت سلول | قیمت تیمین گرید کشت سلول


‌‏⁧ ‌‌‏‌محصولات سیگما اصل را از ما بخواهید.

 👇 واردات و فروش مواد شیمیایی سیگما 👇 ‌
‌ 
‌
 ☎️ تلفن: ۰۲۱۶۶۳۶۱۵۴۳-۶۶۳۷۹۰۲۶-۰۲۱
‌
 📱 موبایل: 09120549893

 🌐 لینک محصول :",model_fleet+pubchem,ai_model_fleet,2026-08-27,a26bbde25792a07e5df81ed387d564d2c60e3d660638813f03a650efea384456
"2-[4-(2,4,4-trimethylpentan-2-yl)phenoxy]ethanol",Triton X 100,,,5590,,,JYCQQPHGFMYQCF-UHFFFAOYSA-N,C16H26O2,250.38,CC(C)(C)CC(C)(C)C1=CC=C(C=C1)OCCO,confirmed_organic,cosmetic_raw_material,,,Shimi Merck + telegram:minatajhiz,Iranian supplier Telegram catalogue|ai_normalized,listing_evidence_crawled_2026-08-24,https://shimimerck.ir/triton-x100-merc-germany-108603.html,triton x100 merc germany,ai_normalised_listing+pubchem_confirmed,ai_model_fleet + seed_2026-08-24 + seed_2026-08-25,2019-12-01,78f331c9f6461653e0a70e34e79e42901274c140d6217f08854093845e5ac4d5
2-[4-(2-hydroxyethyl)piperazin-1-yl]ethanesulfonic acid,4-(2-Hydroxyethyl)-1-piperazineethanesulfonic acid,2-[4-(2-hydroxyethyl)piperazin-1-yl]ethanesulfonic acid; 4-(2-Hydroxyethyl)-1-piperazineethanesulfonic acid; Hepes,7365-45-9,23831,,,JKMHFZQWWAIEOD-UHFFFAOYSA-N,C8H18N2O4S,238.31,C1CN(CCN1CCO)CCS(=O)(=O)O,confirmed_organic,organic_reagent,,,t.me/ATRmedShop + telegram:labshop; telegram:ATRmedShop,Iranian supplier Telegram catalogue|ai_normalized,listing_evidence_crawled_2026-08-24,https://t.me/ATRmedShop/189,"نمک   Hepes-بیومتیک کاناداـ۲۵گرمی ـ۱۲۰۰۰۰تومن || هپس گرید بیولوژی مولکولی 
هپس گرید بیولوژی مولکولی به‌عنوان یکی از بافرهای چند منظوره‌ی تحقیقات بیولوژی شناخته شده است. HEPES در pH بیولوژیکی، زویتریون ...
برای مشاهده ادامه مطلب، قیمت آنلاین و خرید اینترنتی به لینک زیر",ai_normalised_listing+pubchem_confirmed,ai_model_fleet + seed_2026-08-24 + seed_2026-08-25,2016-04-03,bbb31148a897ebc8d7bd330b1d5c55349e15c16e5ae9230dea87ac55af7bd3ae
2-[4-(2-methylpropyl)phenyl]propanoic acid,ibuprofen,2-[4-(2-methylpropyl)phenyl]propanoic acid; ibuprofen,,3672,,,HEFNNWSXXWATRW-UHFFFAOYSA-N,C13H18O2,206.28,CC(C)CC1=CC=C(C=C1)C(C)C(=O)O,confirmed_organic,pharmaceutical_or_api,,,Rooz Darou,Iranian pharmaceutical product catalogue,product_page_listed_not_current_stock_verified,http://rouzdarou.com/products/%DA%A9%D9%BE%D8%B3%D9%88%D9%84-%DA%98%D9%84%D8%A7%D8%AA%DB%8C%D9%86%DB%8C-%D9%86%D8%B1%D9%85-%D8%A7%DB%8C%D9%80%D9%80%D8%A8%D9%88%D9%81%D9%80%DB%8C%D9%86-400,کپسول ژلاتینی نرم ایــبوفـین 400,PubChem name validation from supplier product title,seed_2026-08-24 + seed_2026-08-25,2026-08-23,833ae95248c0cda62020c7a80ccf3944324509f3b686fb4c24dbc1ee403d7d3b
2-[4-(2-sulfoethyl)piperazin-1-yl]ethanesulfonic acid,,,,79723,,,IHPYMWDTONKSCO-UHFFFAOYSA-N,C8H18N2O6S2,302.4,,confirmed_organic,pharmaceutical_or_api,derived:supplier_platform,,t.me/ATRmedShop,ai_normalized,,https://t.me/ATRmedShop/657,"بافر PIPES

‌‏⁧ ‌‌‏‌محصولات سیگما اصل را از ما بخواهید.

 👇 واردات و فروش مواد شیمیایی سیگما 👇 ‌
‌ 
‌
 ☎️ تلفن: ۰۲۱۶۶۳۶۱۵۴۳-۶۶۳۷۹۰۲۶-۰۲۱
‌
 📱 موبایل: 09120549893

 🌐 لینک محصول :

 https://atrmed.com/product/pipes/?v=e06",model_fleet+pubchem,ai_model_fleet,2026-08-27,06c28e6aa1e81887367f777bb57e0103a3209c4333610615e2d2071f0dd8c1b6
2-[4-(carboxymethyl)phenyl]acetic acid,p-Phenylenediacetic acid,,,81760,,,SLWIPPZWFZGHEU-UHFFFAOYSA-N,C10H10O4,194.18,C1=CC(=CC=C1CC(=O)O)CC(=O)O,confirmed_organic,organic_reagent,,,telegram:ChemIranSanat,Iranian supplier Telegram catalogue,listing_evidence_crawled_2026-08-24,https://t.me/ChemIranSanat/1805,"236816 Fluorochem 2,2'-(1,4-Phenylene)diacetic acid 25g 🔜 موجود و آماده تحویل ✅ شیمیران صنعت فقط اصلی ♾ موجودی و تنوع بی نظیر از برندهای معتبر 📱 سفارش کالا 👇 🆔 @ChemIranAdmin 🆔 @ChemIran1",ai_normalised_listing+pubchem_confirmed,seed_2026-08-24 + seed_2026-08-25,2019-09-07,2d99d072a1b12caab872bb4a569438ced8b5c72f6d5a811cc0741a7320d1c0f3
2-[4-[(7-chloroquinolin-4-yl)amino]pentyl-ethylamino]ethanol,hydroxychloroquine,2-[4-[(7-chloroquinolin-4-yl)amino]pentyl-ethylamino]ethanol; hydroxychloroquine,,3652,,,XXSMGPRMXLTPCZ-UHFFFAOYSA-N,C18H26ClN3O,335.9,CCN(CCCC(C)NC1=C2C=CC(=CC2=NC=C1)Cl)CCO,confirmed_organic,pharmaceutical_or_api,,,Rooz Darou,Iranian pharmaceutical product catalogue,product_page_listed_not_current_stock_verified,http://rouzdarou.com/products/%D9%87%DB%8C%D8%AF%D8%B1%D9%88%DA%A9%D8%B3%DB%8C-%DA%A9%D9%84%D8%B1%D9%88%DA%A9%DB%8C%D9%86-%D8%B3%D9%88%D9%84%D9%81%D8%A7%D8%AA-200,هیدروکسی کلروکین سولفات 200,PubChem name validation from supplier product title,seed_2026-08-24 + seed_2026-08-25,2026-08-23,bf14db85eaef02c5018fb7dd134c80e86421fe81e08ee51db6a3ce0861fba835
"2-[4-[2-[4-[bis(2-hydroxyoctadeca-9,12-dienyl)amino]butyldisulfanyl]ethyl]piperazin-1-yl]ethyl 5-[bis(2-hydroxydecyl)amino]pentanoate",,,,168010186,,,NWVNMPZABMFRQO-UHFFFAOYSA-N,C73H140N4O6S2,1234.0,,confirmed_organic,pharmaceutical_or_api,derived:supplier_platform,,t.me/ATRmedShop,ai_normalized,,https://t.me/ATRmedShop/107,"🔬 آرکا طب روهام (ATR)

‏ 🛒 واردات و فروش محصولات Thermo Fisher Scientifc

 🔹 سفارش سرکار خانم دکتر رحیم پور

 ♦️ آنزیم T4 DNA Ligase

‌ 👇 سفارش‌ 👇 ‌
‌
 🌐 وب سایت www.atrmed.com ‌
‌
 ☎️ تلفن: ۰۲۱۶۶۳۶۱۵۴۳-۶۶۳۷۹۰۲۶-۰۲۱
‌
 📱",model_fleet+pubchem,ai_model_fleet,2026-08-27,fa8488e939175cc4697e74839ef3e435f70a9a77f4be7c2dcbfecb5aa55a5443
2-[4-[2-hydroxy-3-(propan-2-ylamino)propoxy]phenyl]acetamide,atenolol,2-[4-[2-hydroxy-3-(propan-2-ylamino)propoxy]phenyl]acetamide; atenolol,,2249,,,METKIMKYRPQLGS-UHFFFAOYSA-N,C14H22N2O3,266.34,CC(C)NCC(COC1=CC=C(C=C1)CC(=O)N)O,confirmed_organic,pharmaceutical_or_api,,,Rooz Darou,Iranian pharmaceutical product catalogue,product_page_listed_not_current_stock_verified,http://rouzdarou.com/products/%D9%82%D8%B1%D8%B5-%D8%A2%D8%AA%D9%86%D9%88%D9%84%D9%88%D9%84-100,قرص آتنولول 100,PubChem name validation from supplier product title,seed_2026-08-24 + seed_2026-08-25,2026-08-23,e05d529a3e7341a8fee6550178e2aa40ca2a511c142201c879f2c9f8adbd4f7b
"2-[[(1S,3R,4S,6S,8R,10R,12S,16R,18S,20R,22S,24Z,27R,29S,33R,35S,37R,39R,41S,42S,44R,46S,48R,49Z)-41-hydroxy-4,8,10-trimethyl-14-oxo-2,7,13,17,21,28,34,38,43,47-decaoxadecacyclo[25.24.0.03,22.06,20.08,18.012,16.029,48.033,46.035,44.037,42]henpentaconta-24,49-dien-39-yl]methyl]prop-2-enal",b6916,"2-[[(1S,3R,4S,6S,8R,10R,12S,16R,18S,20R,22S,24Z,27R,29S,33R,35S,37R,39R,41S,42S,44R,46S,48R,49Z)-41-hydroxy-4,8,10-trimethyl-14-oxo-2,7,13,17,21,28,34,38,43,47-decaoxadecacyclo[25.24.0.03,22.06,20.08,18.012,16.029,48.033,46.035,44.037,42]henpentaconta-24,49-dien-39-yl]methyl]prop-2-enal; b6916",,56841987,,,NQICGQXVXIAURW-UUSBQWGHSA-N,C48H68O13,853.0,CC1CC2C(CC(=O)O2)OC3CC4C(CC(C5C(O4)CC=CCC6C(O5)CC=CC7C(O6)CCCC8C(O7)CC9C(O8)CC2C(O9)C(CC(O2)CC(=C)C=O)O)C)OC3(C1)C,confirmed_organic,organic_reagent,derived:supplier_platform,,TamadKala,Iranian online wholesale/lab shop,product_page_listed_not_current_stock_verified,https://tamadkala.com/product/146362/واکنشگر-بردفورد-سیگما-b6916,واکنشگر بردفورد سیگما b6916,structured_pubchem,seed_2026-08-25,2026-08-25,5ff216cd81b88bef177507e61fcfc3dbc8f1286d640ad1c63e635962e641d63f
"2-[[1,3-dihydroxy-2-(hydroxymethyl)propan-2-yl]amino]acetic acid",Tricine,"2-[[1,3-dihydroxy-2-(hydroxymethyl)propan-2-yl]amino]acetic acid; Tricine",5704-04-1,79784,,,SEQKRHFRPICQDD-UHFFFAOYSA-N,C6H13NO5,179.17,C(C(=O)O)NC(CO)(CO)CO,confirmed_organic,organic_reagent,,research,t.me/ATRmedShop + telegram:ChemIranSanat; telegram:ATRmedShop,Iranian supplier Telegram catalogue|ai_normalized|telegram,listing_evidence_crawled_2026-08-24,https://t.me/ATRmedShop/640,Tricine | تریسین ‌‏⁧ ‌‌‏‌محصولات سیگما اصل را از ما بخواهید. 👇 واردات و فروش مواد شیمیایی سیگما 👇 ‌ ‌ ‌ ☎️ تلفن: ۰۲۱۶۶۳۶۱۵۴۳-۶۶۳۷۹۰۲۶-۰۲۱ ‌ 📱 موبایل: 09120549893 🌐 لینک محصول : https://atrmed.com/product/tricine/?v=e067b3c6b979 #آثل_طب #مواد_ازمایشگاهی #مواد_شیمیایی #بیولوژی #بیولوژی_مولکولی #آنتی_ب,ai_normalised_listing+pubchem_confirmed,ai_model_fleet + live_telegram_listing + seed_2026-08-24 + seed_2026-08-25,2017-05-23,d80ccee579b535fd4f26549d572beae33a8743782a90d2f87b8e384eb1d0b75a
2-[[4-(dimethylamino)phenyl]diazenyl]benzoic acid,Methyl red,2-[[4-(dimethylamino)phenyl]diazenyl]benzoic acid; Methyl red,493-52-7,10303,,,CEQFOVLGLXCDCX-UHFFFAOYSA-N,C15H15N3O2,269.30,CN(C)C1=CC=C(C=C1)N=NC2=CC=CC=C2C(=O)O,confirmed_organic,colorant_or_indicator,,,Fardad Shimi; TamadKala; Mojallali Group; ShimiMan,Iranian online lab-chemical shop | Iranian online wholesale/lab shop,product_page_listed_not_current_stock_verified,https://tamadkala.com/product/32900/%D9%85%D8%AA%DB%8C%D9%84-%D8%B1%D8%AF,متیل رد | متیل رد دکتر مجللی | متیل رد مرک MERCK,router_title_normalization,seed_2026-08-24 + seed_2026-08-25,2026-08-23,895f8ab9d0ad40fb11d91c8064a30d8584da056eaeefdf27ec0d9fe66173b9a3
2-[[4-[2-[4-(oxiran-2-ylmethoxy)phenyl]propan-2-yl]phenoxy]methyl]oxirane,Bisphenol A diglycidyl ether,2-[[4-[2-[4-(oxiran-2-ylmethoxy)phenyl]propan-2-yl]phenoxy]methyl]oxirane; Bisphenol A diglycidyl ether,,2286,,,LCFVJGUPQDGYKZ-UHFFFAOYSA-N,C21H24O4,340.4,CC(C)(C1=CC=C(C=C1)OCC2CO2)C3=CC=C(C=C3)OCC4CO4,confirmed_organic,organic_reagent,,,TamadKala,Iranian online wholesale/lab shop,product_page_listed_not_current_stock_verified,https://tamadkala.com/product/2170/%D9%81%D8%B1%D9%88%D8%B4-%D8%A8%DB%8C%D8%B3%D9%81%D9%86%D9%88%D9%84-%D8%A7%DB%8C-%D8%AF%DB%8C-%DA%AF%D9%84%D8%A7%DB%8C%D8%B3%DB%8C%D8%AF%DB%8C%D9%84-%D8%A7%D8%AA%D8%B1,فروش بیسفنول ای دی گلایسیدیل اتر,router_title_normalization,seed_2026-08-24 + seed_2026-08-25,2026-08-23,615d565ab3910c505e06e7665b92423809e13c1f53415e13bcf300227dec701b
2-[[4-amino-2-[[2-[[2-[2-[[2-[[2-[2-[[2-[[2-[[2-[[5-amino-2-[[1-[2-[[2-[[2-[[2-[(2-amino-5-carbamimidamidopentanoyl)amino]-3-methylbutanoyl]amino]-3-methylbutanoyl]amino]-5-carbamimidamidopentanoyl]amino]-3-carboxypropanoyl]pyrrolidine-2-carbonyl]amino]-5-oxopentanoyl]amino]acetyl]amino]-3-methylpentanoyl]amino]-5-carbamimidamidopentanoyl]amino]propanoylamino]-3-(1H-indol-3-yl)propanoyl]amino]-3-methylbutanoyl]amino]propanoylamino]-3-(1H-indol-3-yl)propanoyl]amino]-5-carbamimidamidopentanoyl]amino]-4-oxobutanoyl]amino]-5-carbamimidamidopentanoic acid,2-[[4-amino-2-[[2-[[2-[2-[[2-[[2-[2-[[2-[[2-[[2-[[5-amino-2-[[1-[2-[[2-[[2-[[2-[(2-amino-5-carbamimidamidopentanoyl)amino]-3-methylbutanoyl]amino]-3-methylbutanoyl]amino]-5-carbamimidamidopentanoyl]amino]-3-carboxypropanoyl]pyrrolidine-2-carbonyl]amino]-5-oxopentanoyl]amino]acetyl]amino]-3-methylpentanoyl]amino]-5-carbamimidamidopentanoyl]amino]propanoylamino]-3-(1H-indol-3-yl)propanoyl]amino]-3-methylbutanoyl]amino]propanoylamino]-3-(1H-indol-3-yl)propanoyl]amino]-5-carbamimidamidopentanoyl]amino]-4-oxobutanoyl]amino]-5-carbamimidamidopentanoic acid,,12650-88-3,91976556,,,ZJCXKXFAOCLSRV-UHFFFAOYSA-N,C99H159N37O23,2235.6,CCC(C)C(C(=O)NC(CCCNC(=N)N)C(=O)NC(C)C(=O)NC(CC1=CNC2=CC=CC=C21)C(=O)NC(C(C)C)C(=O)NC(C)C(=O)NC(CC3=CNC4=CC=CC=C43)C(=O)NC(CCCNC(=N)N)C(=O)NC(CC(=O)N)C(=O)NC(CCCNC(=N)N)C(=O)O)NC(=O)CNC(=O)C(CCC(=O)N)NC(=O)C5CCCN5C(=O)C(CC(=O)O)NC(=O)C(CCCNC(=N)N)NC(=O)C(C(C)C)NC(=O)C(C(C)C)NC(=O)C(CCCNC(=N)N)N,confirmed_organic,pharmaceutical_or_api,derived:supplier_platform,,t.me/ATRmedShop + telegram:ATRmedShop,ai_normalized|public Telegram (seller_research),product_page_listed_not_current_stock_verified,https://t.me/ATRmedShop/190,لیزوزیم | لیزوزیم از سفیده تخم مرغ ‌‏⁧ ‌‌‏‌محصولات سیگما اصل را از ما بخواهید. 👇 واردات و فروش مواد شیمیایی سیگما و مرک 👇 ‌ ‌ ‌ ☎️ تلفن: ۰۲۱۶۶۳۶۱۵۴۳-۶۶۳۷۹۰۲۶-۰۲۱ ‌ 📱 موبایل: 09120549893 🌐 لینک محصول : https://atrmed.com/product/lysozyme-from-egg-whites/ #اثل_طب #مواد_ازمایشگاهی #مواد_شیمیایی #بیولوژ,router_batch+pubchem,ai_model_fleet + seed_2026-08-25,2026-08-25,524be93b5a5b982a743eb1591d3786c1038c4c2cfdca46051a836450ac601466
"2-[[5-[3-[3-[[bis(carboxymethyl)amino]methyl]-4-hydroxy-5-methylphenyl]-1,1-dioxo-2,1lambda6-benzoxathiol-3-yl]-2-hydroxy-3-methylphenyl]methyl-(carboxymethyl)amino]acetic acid",Xylenol orange,"2-[[5-[3-[3-[[bis(carboxymethyl)amino]methyl]-4-hydroxy-5-methylphenyl]-1,1-dioxo-2,1lambda6-benzoxathiol-3-yl]-2-hydroxy-3-methylphenyl]methyl-(carboxymethyl)amino]acetic acid; Xylenol orange",,73041,,,ORZHVTYKPFFVMG-UHFFFAOYSA-N,C31H32N2O13S,672.7,CC1=CC(=CC(=C1O)CN(CC(=O)O)CC(=O)O)C2(C3=CC=CC=C3S(=O)(=O)O2)C4=CC(=C(C(=C4)C)O)CN(CC(=O)O)CC(=O)O,confirmed_organic,organic_reagent,,research,TamadKala,Iranian online wholesale/lab shop,product_page_listed_not_current_stock_verified,https://tamadkala.com/product/173846/%D8%B2%D8%A7%DB%8C%D9%84%DB%8C%D9%86%D9%88%D9%84-%D8%A7%D9%88%D8%B1%D9%86%D8%AC-acs-%D8%AF%DA%A9%D8%AA%D8%B1-%D9%85%D8%AC%D9%84%D9%84%DB%8C,زایلنگزیلول قطران شیمی گرید آموزشی | زایلینول اورنج acs دکتر مجللی,router_title_normalization,seed_2026-08-24 + seed_2026-08-25,2026-08-23,78bd296b48a95b71501d43e65bc05fc87350e3c8ba03344e2b9421013bea23ee
"2-[bis(2-hydroxyethyl)amino]-2-(hydroxymethyl)propane-1,3-diol",,,,81462,,,OWMVSZAMULFTJU-UHFFFAOYSA-N,C8H19NO5,209.24,,confirmed_organic,pharmaceutical_or_api,derived:supplier_platform,,t.me/ATRmedShop,ai_normalized,,https://t.me/ATRmedShop/672,"بافر بیس-تریس

‌‏⁧ ‌‌‏‌محصولات سیگما اصل را از ما بخواهید.

 👇 واردات و فروش مواد شیمیایی سیگما 👇 ‌
‌ 
‌
 ☎️ تلفن: ۰۲۱۶۶۳۶۱۵۴۳-۶۶۳۷۹۰۲۶-۰۲۱
‌
 📱 موبایل: 09120549893

 🌐 لینک محصول :

 https://atrmed.com/product/bis-tris/",model_fleet+pubchem,ai_model_fleet,2026-08-27,fd6a13a574559c8665ba03a0d816e201a0cb0cc51a70d060098618812471baaf
2-[bis(2-hydroxyethyl)amino]ethanesulfonic acid,,,,73243,,,AJTVSSFTXWNIRG-UHFFFAOYSA-N,C6H15NO5S,213.25,,confirmed_organic,pharmaceutical_or_api,derived:supplier_platform,,t.me/ATRmedShop,ai_normalized,,https://t.me/ATRmedShop/634,"بافر BES

‌‏⁧ ‌‌‏‌محصولات سیگما اصل را از ما بخواهید.

 👇 واردات و فروش مواد شیمیایی سیگما 👇 ‌
‌ 
‌
 ☎️ تلفن: ۰۲۱۶۶۳۶۱۵۴۳-۶۶۳۷۹۰۲۶-۰۲۱
‌
 📱 موبایل: 09120549893

 🌐 لینک محصول :

 https://atrmed.com/product/bes/?v=e067b3c",model_fleet+pubchem,ai_model_fleet,2026-08-27,f9fe31cc01ebb749a667d6179c097ced5d4efedb7e89031fcafbf7f3ee90b918
2-[bis(2-hydroxyethyl)amino]ethanol,Triethanolamine,2-[bis(2-hydroxyethyl)amino]ethanol; Triethanolamine,102-71-6,7618,,,GSEJCLTVZPLZKY-UHFFFAOYSA-N,C6H15NO3,149.19,C(CO)N(CCO)CCO,confirmed_organic,organic_reagent,,research,Chemical Iran + Chemical Iran; DigiShimi; Fardad Shimi; Isatis Shimi; TamadKala,Iranian online chemical shops | Iranian online lab-chemical shop | Iranian online research/chemical shop | Iranian onlin,product_page_listed_not_current_stock_verified,https://www.chemicaliran.com/products/tri-ethanol-amine-tea/,Tri Ethanol Amine (TEA) | Triethanolamine (TEA) | تری اتانول آمین | تری اتانول آمین extra pure دکتر مجللی | ... | تری اتانول آمین extra pure نوترون | ... | تری اتانول آمین laboratory دکتر مجللی 2 | ... | تری اتانول آمین usp نوترون | تری اتانول آمین دکتر مجللی | تری اتانول آمین صن || tri ethanol amin,explicit_category_supplement | router_title_normalization,ai_model_fleet + seed_2026-08-24 + seed_2026-08-25,2026-08-23,4fa2956b3b0ec1cbd0efec7e83e6d844022f839a61fea48ecef5abc5e53b9460
2-[fluoro(methyl)phosphoryl]oxypropane,Sarin,,107-44-8,7871,,,DYAHQFWOVKZOOW-UHFFFAOYSA-N,C4H10FO2P,140.09,CC(C)OP(=O)(C)F,confirmed_organic,organic_reagent,,,telegram:ChemIranSanat,Iranian supplier Telegram catalogue,listing_evidence_crawled_2026-08-24,https://t.me/ChemIranSanat/562,,ai_normalised_listing+pubchem_confirmed,seed_2026-08-24 + seed_2026-08-25,2017-08-14,a8e3f866cabcd0b5de2ddcd46c4da14de63b0847d6d0c5666d8b4be3573956eb
2-[hydroxy-(4-nitrophenoxy)phosphoryl]oxyethyl-trimethylazanium,npcc,2-[hydroxy-(4-nitrophenoxy)phosphoryl]oxyethyl-trimethylazanium; npcc,,445100,,,NAIXASFEPQPICN-UHFFFAOYSA-O,C11H18N2O6P+,305.24,C[N+](C)(C)CCOP(=O)(O)OC1=CC=C(C=C1)[N+](=O)[O-],confirmed_organic,organic_reagent,derived:supplier_platform,,TamadKala,Iranian online wholesale/lab shop,product_page_listed_not_current_stock_verified,https://tamadkala.com/product/58595/npcc,npcc,structured_pubchem,seed_2026-08-25,2026-08-25,00e3551b1af6ed46bf2a05c0352bf53f63ee4fc35185ad8be5047ff150f78153
2-acetyloxybenzoic acid,Aspirin,2-acetyloxybenzoic acid; Aspirin,50-78-2,2244,,,BSYNRYMUTXBXSQ-UHFFFAOYSA-N,C9H8O4,180.16,CC(=O)OC1=CC=CC=C1C(=O)O,confirmed_organic,pharmaceutical_or_api,,,TamadKala; telegram:ChemIranSanat,Iranian online wholesale/lab shop,product_page_listed_not_current_stock_verified,https://t.me/ChemIranSanat/1755,آسپرین قطران شیمی | ...,router_title_normalization,seed_2026-08-24 + seed_2026-08-25,2026-08-23,945f2d925503759303933c710ec5ff6e5f0a5333a2e98f60af6749a793cf11b4
"2-amino-2-(hydroxymethyl)propane-1,3-diol",Tris base,"2-amino-2-(hydroxymethyl)propane-1,3-diol; Tris base; tris buffer; Tris(hydroxymethyl)aminomethane",77-86-1,6503,444305,,LENZDBCJOHFCAS-UHFFFAOYSA-N,C4H11NO3,121.14,C(C(CO)(CO)N)O,confirmed_organic,organic_reagent,,research,Fardad Shimi; TamadKala; Telegram: ChemIranSanat; Mojallali Group + Fardad Shimi; TamadKala; Telegram: ChemIranSanat; telegram:ChemIranSanat; Isatis Shimi; Mojallali Group; ShimiMan; telegram:ATRmedShop; telegram:Ch_Chemical_leaders + https,Iranian online lab-chemical shop | Iranian online wholesale/lab shop | Iranian supplier Telegram catalogue|Iranian onlin,listed_not_current_stock_verified | product_page_listed_not_current_stock_verified,https://t.me/ATRmedShop/523,"2-amino-2-(hydroxymethyl)propane-1,3-diol | اسید تارتاریک ۱ کیلویی دکتر مجللی | ... | تریس بیس extra pure نوترون || تریس (هیدروکسی متیل) آمینو متان

‌‏⁧ ‌‌‏‌محصولات سیگما اصل را از ما بخواهید.

 👇 واردات و فروش مواد شیمیایی سیگما و مرک 👇 ‌
‌
‌
 ☎️ تلفن: ۰۲۱۶۶۳۶۱۵۴۳-۶۶۳۷۹۰۲۶-۰۲۱
‌
 📱 موبایل: 09120549",existing skill export | router_title_normalization | cid_reverified_pubchem_2026-08-24 | alias+pubchem,verified_catalogue | verified_telegram_listing,2026-08-23,a0d9922813c19a5fb2b704ab632236a8d8a3df73e678f897ba4a7d827b048533
2-amino-3-methyl-4H-imidazol-5-one,,,,588,,,DDRJAANPRJIHGJ-UHFFFAOYSA-N,C4H7N3O,113.12,,confirmed_organic,pharmaceutical_or_api,derived:supplier_platform,,t.me/ATRmedShop,ai_normalized,,https://t.me/ATRmedShop/801,"کراتینین خشک
 کراتینین خشک یا انهیدروز از تجزیه کراتین فسفات ماهیچه‌ها تشکیل می‌شود. کلیه‌ها تقریباً تمام کراتینین را با فیلتر کردن آن از خون و دفع آن از طریق ادرار از بدن خارج می‌کنند. کراتینین سرم رایج‌ترین شاخص مورد ا",model_fleet+pubchem,ai_model_fleet,2026-08-27,0daa0c82d54ba654d4449c16701076c04d617b348dba0d41bced82b75ac5b414
2-amino-4-methylsulfanylbutanoic acid,2-amino-4-methylsulfanylbutanoic acid,,59-51-8,876,,,FFEARJCKVFRZRR-UHFFFAOYSA-N,C5H11NO2S,149.21,CSCCC(C(=O)O)N,confirmed_organic,pharmaceutical_or_api,derived:supplier_platform,,telegram:ATRmedShop,public Telegram (seller_research),product_page_listed_not_current_stock_verified,https://t.me/ATRmedShop/609,L-Methionine | اسیدآمینه ال-متیونین گرید کشت سلول ‌‏⁧ ‌‌‏‌محصولات سیگما اصل را از ما بخواهید. 👇 واردات و فروش مواد شیمیایی سیگما 👇 ‌ ‌ ‌ ☎️ تلفن: ۰۲۱۶۶۳۶۱۵۴۳-۶۶۳۷۹۰۲۶-۰۲۱ ‌ 📱 موبایل: 09120549893 🌐 لینک محصول : https://atrmed.com/product/l-methionine/?v=e067b3c6b979 #آثل_طب #مواد_ازمایشگاهی #مواد_شیم,router_batch+pubchem,seed_2026-08-25,2026-08-25,93c58ce2a47f776c6e708869b68aa6c0f69ab3faf3af75ddd5a413fc51c20b48
2-amino-9-(2-hydroxyethoxymethyl)-1H-purin-6-one,acyclovir,2-amino-9-(2-hydroxyethoxymethyl)-1H-purin-6-one; acyclovir; Acyclovir,,135398513,,,MKUXAQIIEYXACX-UHFFFAOYSA-N,C8H11N5O3,225.20,C1=NC2=C(N1COCCO)N=C(NC2=O)N,confirmed_organic,pharmaceutical_or_api,,,Rooz Darou; Temad,Iranian pharmaceutical product catalogue,product_page_listed_not_current_stock_verified,http://rouzdarou.com/products/%D9%82%D8%B1%D8%B5-%D8%A2%D8%B3%DB%8C%DA%A9%D9%84%D9%88%D9%88%DB%8C%D8%B1-800,قرص آسیکلوویر 800,PubChem name validation from supplier product title,seed_2026-08-24 + seed_2026-08-25,2026-08-23,fad239fb0165baa0b41111fca4f6599ead0c0075c8d1e5cdbd7283a323826837
2-amino-9-[4-hydroxy-3-(hydroxymethyl)butyl]-1H-purin-6-one,pe2,2-amino-9-[4-hydroxy-3-(hydroxymethyl)butyl]-1H-purin-6-one; pe2,,135398748,,,JNTOCHDNEULJHD-UHFFFAOYSA-N,C10H15N5O3,253.26,C1=NC2=C(N1CCC(CO)CO)N=C(NC2=O)N,confirmed_organic,organic_reagent,derived:supplier_platform,,TamadKala,Iranian online wholesale/lab shop,product_page_listed_not_current_stock_verified,https://tamadkala.com/product/31856/محیط-کشت-pe2,محیط کشت pe2,structured_pubchem,seed_2026-08-25,2026-08-25,cddf595d0fc5347487c34fcbeeb2d3fc8d8c9569461c03fef9fbecad2466619d
"2-amino-N-[(1S,2R,3R,4S,5S,6R)-4-amino-3-[(2R,3R,6S)-3-amino-6-[(1S)-1-aminoethyl]oxan-2-yl]oxy-2,5-dihydroxy-6-methoxycyclohexyl]-N-methylacetamide",astm,"2-amino-N-[(1S,2R,3R,4S,5S,6R)-4-amino-3-[(2R,3R,6S)-3-amino-6-[(1S)-1-aminoethyl]oxan-2-yl]oxy-2,5-dihydroxy-6-methoxycyclohexyl]-N-methylacetamide; astm",,5284517,,,BIDUPMYXGFNAEJ-APGVDKLISA-N,C17H35N5O6,405.5,CC(C1CCC(C(O1)OC2C(C(C(C(C2O)N(C)C(=O)CN)OC)O)N)N)N,confirmed_organic,organic_reagent,derived:supplier_platform,,TamadKala,Iranian online wholesale/lab shop,product_page_listed_not_current_stock_verified,https://tamadkala.com/product/52597/سدیم-کلراید-astm-نوترون,سدیم کلراید astm نوترون,structured_pubchem,seed_2026-08-25,2026-08-25,cce4900cac3aac19a08379da9ac328bafa838ec8d1fbfe17c00f8bb87052654f
2-amino-N-butyl-5-(4-chlorophenyl)thiophene-3-carboxamide,R110,2-amino-N-butyl-5-(4-chlorophenyl)thiophene-3-carboxamide; R110,,134152941,,,IADRJQICSPVBQR-UHFFFAOYSA-N,C15H17ClN2OS,308.8,CCCCNC(=O)C1=C(SC(=C1)C2=CC=C(C=C2)Cl)N,confirmed_organic,organic_reagent,derived:supplier_platform,,telegram:Maran_Tejarat_Eshen,public Telegram (seller_industrial),product_page_listed_not_current_stock_verified,https://t.me/Maran_Tejarat_Eshen/467,"پترو رزین C9 چینی کد R110 با قیمت مناسب موجود می باشد #ماران_تجارت_اشن 021-22799285,95 09128066375",structured_pubchem,seed_2026-08-25,2026-08-25,a686a48a10dd81af96f77552cb3ae1664098cc61188e1dd0283c74fccaf5ce19
2-aminoacetic acid,Glycine,2-aminoacetic acid; Glycine,56-40-6,750,,,DHMQDGOQFOQNFH-UHFFFAOYSA-N,C2H5NO2,75.07,C(C(=O)O)N,confirmed_organic,organic_reagent,,research,Fardad Shimi; TamadKala; Telegram: merckmillipore; telegram:ATRmedShop + t.me/ATRmedShop,Iranian online lab-chemical shop | Iranian online wholesale/lab shop | Iranian supplier Telegram catalogue|ai_normalized,listed_not_current_stock_verified | product_page_listed_not_current_stock_verified,https://t.me/ATRmedShop/174,"2-aminoacetic acid | آمینو اسید گلایسین g8790 | آمینو اسید گلیسین | آمینو اسید گلیسین bioxtra g7403 | فروش گلایسین | گلایسین MERCK | ... | گلیسین | گلیسین 2 | گلیسین bioultra || گلایسین گرید بیولوژی مولکولی 
 گلایسین گرید بیولوژی مولکولی به عنوان یک ترکیب از مخلوط استخراج ویروسی برای استخراج آدنوویر",existing skill export | router_title_normalization,ai_model_fleet + live_telegram_listing + seed_2026-08-24 + seed_2026-08-25,2026-08-23,f37b7a7840b115d82ce59648188da367f32214563998b013ee5fbaed34bb97bf
2-aminoacetic acid nitrate,Glycine Nitrate,,,22315836,,,GVZLGFXZMYVTAC-UHFFFAOYSA-N,C2H5N2O5-,137.07,C(C(=O)O)N.[N+](=O)([O-])[O-],confirmed_organic,organic_reagent,,,telegram:ChemIranSanat,Iranian supplier Telegram catalogue,listing_evidence_crawled_2026-08-24,https://t.me/ChemIranSanat/195,,ai_normalised_listing+pubchem_confirmed,seed_2026-08-24 + seed_2026-08-25,2017-06-10,9be65612c7a183407e65dec12695557548e4cc95f51d1f11b598a4f1bc90c991
2-aminobenzoic acid,2-aminobenzoic acid,,118-92-3,227,,,RWZYAGGXGHYGMB-UHFFFAOYSA-N,C7H7NO2,137.14,C1=CC=C(C(=C1)C(=O)O)N,confirmed_organic,pharmaceutical_or_api,derived:supplier_platform,,t.me/ATRmedShop + telegram:ATRmedShop,ai_normalized|public Telegram (seller_research),product_page_listed_not_current_stock_verified,https://t.me/ATRmedShop/440,anthranilic acid | آنترانیلیک اسید برای سنتز آنترانیلیک اسید برای سنتز یک اسید معطر است با فرمول 2-(H2N)C6H4CO2H  که دارای گروه آمینه می باشد. آنترانیلیک اسید از یک ... برای ادامه مطالب، مشاهده و خرید آنلاین این محصول به لینک زیر مراجعه فرمایید: https://atrmedshop.com/product/antranyl-acid-for-synth,router_batch+pubchem,ai_model_fleet + seed_2026-08-25,2026-08-25,61047f12d32289dd26b691fd83ef2f6a47254cd86cfb05ea7cc06b3baa2ab8df
2-aminoethanol,Monoethanolamine,2-aminoethanol; Monoethanolamine; Ethanolamine,141-43-5,700,,,HZAXFHJVJLSVMW-UHFFFAOYSA-N,C2H7NO,61.08,C(CO)N,confirmed_organic,organic_reagent,,research,Chemical Iran + DigiShimi; Fardad Shimi; Isatis Shimi; TamadKala; Chemical Iran + https://www.chemicaliran.com/product-tag/ethanol-amine/,Iranian online chemical shops | Iranian online lab-chemical shop | Iranian online wholesale/lab shop|ai_normalized|live_,product_page_listed_not_current_stock_verified,https://www.chemicaliran.com/products/mea-monoethanolamine/,Monoethanolamine | Monoethanolamine (MEA) | مونو اتانول آمین | مونو اتانول آمین extra pure دکتر مجللی | ... | مونو اتانول آمین extra pure نوترون | ... | مونو اتانول آمین laboratory دکتر مجللی | ... | مونو اتانول آمین دکتر مجللی || mea monoethanolamine,router_title_normalization,ai_model_fleet + live_web_catalogue + seed_2026-08-24 + seed_2026-08-25,2026-08-23,59da5eff6c65d8c16ec2ea2974b6ed010e664382a255f2007d3091094469a327
2-Aminoterephthalic acid,2-Aminoterephthalic acid,,10312-55-7,2724822,,,GPNNOCMCNFXRAO-UHFFFAOYSA-N,C8H7NO4,181.15,C1=CC(=C(C=C1C(=O)O)N)C(=O)O,confirmed_organic,organic_reagent,,,minatajhiz,telegram,listing_evidence_crawled_2026-08-23,https://t.me/minatajhiz/712,"2-Aminoterephthalic 99% #sigma ✨ با توجه به درخواست متعدد شما اساتید و دانشجویان گرامی این کالا مجددا موجود شد || Alfa Aesar Cat. Number: B24441, 25g 2-Aminoterephthalic acid موجود و آماده تحویل ✅ شیمیران صنعت فقط اصلی ❓ قیمت و سفارش 👇 Admin 🆔 @ChemIranAdmin 🆔 @ChemIran1",ai_resolved+pubchem,seed_2026-08-24 + seed_2026-08-25,2026-08-23,ca6543bc5380e9b20099fbe59ba4793d916a1897e015e7f5e6013b5ce69cc524
2-Aminothiazole,2-Aminothiazole,,96-50-4,2155,,,RAIPHJJURHTUIC-UHFFFAOYSA-N,C3H4N2S,100.14,C1=CSC(=N1)N,confirmed_organic,organic_reagent,,,ChemIranSanat + t.me/ChemIranSanat,ai_normalized|telegram,listing_evidence_crawled_2026-08-23,https://t.me/ChemIranSanat/449,"2-Aminothiazole, 97% 4-Amino-4H-1,2,4-triazole, 99% موجود و آماده تحویل به دلیل سواستفاده شرکتهای ارائه کننده مواد تقلبی، لات نامبر (Lot) پاک شده است. @ChemIranAdmin 🆔 @ChemIran1 || 2-Aminothiazole, 97% 
4-Amino-4H-1,2,4-triazole, 99%
موجود و آماده تحویل
به دلیل سواستفاده شرکتهای ارائه کننده مواد تق",ai_resolved+pubchem,ai_model_fleet + seed_2026-08-24 + seed_2026-08-25,2026-08-23,726d9e114b5d3dbffb1b7de65d18dda8dfae3ab960185be641d3240ad71990ad
"2-benzofuran-1,3-dione",Phthalic anhydride,"2-benzofuran-1,3-dione; Phthalic anhydride",85-44-9,6811,,,LGRFSURHDFAFJT-UHFFFAOYSA-N,C8H4O3,148.11,C1=CC=C2C(=C1)C(=O)OC2=O,confirmed_organic,organic_reagent,,,Fardad Shimi,Iranian online lab-chemical shop,product_page_listed_not_current_stock_verified,https://fardadshimi.com/product/6197446/,فتالیک آنیدرید MERCK,router_title_normalization,seed_2026-08-24 + seed_2026-08-25,2026-08-23,981ffad9d18d104f66ef6c0abc26639901f0e53cc18d4482c931a4d26a242c48
"2-bromo-4-[3-(3-bromo-4-hydroxy-2-methyl-5-propan-2-ylphenyl)-1,1-dioxo-2,1lambda6-benzoxathiol-3-yl]-3-methyl-6-propan-2-ylphenol",Bromothymol blue,"2-bromo-4-[3-(3-bromo-4-hydroxy-2-methyl-5-propan-2-ylphenyl)-1,1-dioxo-2,1lambda6-benzoxathiol-3-yl]-3-methyl-6-propan-2-ylphenol; Bromothymol blue",76-59-5,6450,,,NUHCTOLBWMJMLX-UHFFFAOYSA-N,C27H28Br2O5S,624.4,CC1=C(C=C(C(=C1Br)O)C(C)C)C2(C3=CC=CC=C3S(=O)(=O)O2)C4=C(C(=C(C(=C4)C(C)C)O)Br)C,confirmed_organic,colorant_or_indicator,,research,Shimi Merck + TamadKala; Mojallali Group; ShimiMan,Iranian online research/chemical shop | Iranian online wholesale/lab shop|ai_normalized,product_page_listed_not_current_stock_verified,https://shimimerck.ir/buy-bromothymol-blue.html,برموتیمول بلو ACS دکتر مجللی | برموتیمول بلو acs دکتر مجللی | معرف برمو تيمول بلو محلول قطران شیمی | معرف برومو تیمول بلو قطران شیمی || buy bromothymol blue,explicit_category_supplement | router_title_normalization,ai_model_fleet + seed_2026-08-24 + seed_2026-08-25,2026-08-23,8fc48bee9d3e8ee163f3c3d5c2a415743346e7636718b1b2214584349949ee37
"2-bromo-4-[3-(3-bromo-4-hydroxy-5-methylphenyl)-1,1-dioxo-2,1lambda6-benzoxathiol-3-yl]-6-methylphenol",Bromocresol purple,"2-bromo-4-[3-(3-bromo-4-hydroxy-5-methylphenyl)-1,1-dioxo-2,1lambda6-benzoxathiol-3-yl]-6-methylphenol; Bromocresol purple; bromocresol purple",115-40-2,8273,,,ABIUHPWEYMSGSR-UHFFFAOYSA-N,C21H16Br2O5S,540.2,CC1=CC(=CC(=C1O)Br)C2(C3=CC=CC=C3S(=O)(=O)O2)C4=CC(=C(C(=C4)C)O)Br,confirmed_organic,organic_reagent,,research,Fardad Shimi; TamadKala; Mojallali Group; telegram:ATRmedShop + Shimi Merck + t.me/ATRmedShop,Iranian online lab-chemical shop | Iranian online wholesale/lab shop|ai_normalized|telegram,product_page_listed_not_current_stock_verified,https://shimimerck.ir/bromocrozole-perpol.html,bromocresol purple | بروموکروزول بنفش acs دکتر مجللی | بروموکروزول پرپل مرک MERCK | معرف برومو كرزول پورپل قطران شیمی || bromocrozole perpol,router_title_normalization,ai_model_fleet + live_telegram_listing + seed_2026-08-24 + seed_2026-08-25,2026-08-23,8133a7cc0ba9ce58d8fed5bca2d205394cddcf2e48cd47e5da488b1dc714b07d
2-bromoacetic acid,Bromoacetic Acid,,79-08-3,6227,,,KDPAWGWELVVRCH-UHFFFAOYSA-N,C2H3BrO2,138.95,C(C(=O)O)Br,confirmed_organic,organic_reagent,,,t.me/ATRmedShop + telegram:ChemIranSanat,Iranian supplier Telegram catalogue|ai_normalized,listing_evidence_crawled_2026-08-24,https://t.me/ATRmedShop/436,"B56307-100g Aldrich Bromoacetic acid موجود و آماده تحویل ✅ شیمیران صنعت فقط اصلی ❓ قیمت و سفارش 👇 ✔️ سفارش واردات از تمامی کمپانی های خارجی پذیرفته میشود. Admin 🆔 @ChemIranAdmin 🆔 @ChemIran1 || برومو ‌استیک اسید ≥%99.0 
برومو ‌استیک اسید ≥%99.0 دارای ترکیب شیمایی با فرمول CH2BrCO2H می باشد. برومواست",ai_normalised_listing+pubchem_confirmed,ai_model_fleet + seed_2026-08-24 + seed_2026-08-25,2018-05-14,56cafa0eef66c8b34c6da6dd71dbb0765b2250acfc4ed37e0cb9349e8051179f
2-bromoethenylbenzene,Dopamine hydrochloride,2-bromoethenylbenzene; Dopamine hydrochloride,103-64-0,7667,,,YMOONIIMQBGTDU-UHFFFAOYSA-N,C8H7Br,183.04,C1=CC=C(C=C1)C=CBr,confirmed_organic,organic_reagent,,,TamadKala,Iranian online wholesale/lab shop,product_page_listed_not_current_stock_verified,,دوپامین هیدروکلراید | ...,router_title_normalization,seed_2026-08-24 + seed_2026-08-25,2026-08-23,e191b153582f67eadc9b9be2e05aa8888147d99b33b3be5ddd0688ae8de3bd0c
2-bromoterephthalic acid,Bromoterephthalic acid,,,68513,,,QPBGNSFASPVGTP-UHFFFAOYSA-N,C8H5BrO4,245.03,C1=CC(=C(C=C1C(=O)O)Br)C(=O)O,confirmed_organic,organic_reagent,,,telegram:minatajhiz,Iranian supplier Telegram catalogue,listing_evidence_crawled_2026-08-24,https://t.me/minatajhiz/601,,ai_normalised_listing+pubchem_confirmed,seed_2026-08-24 + seed_2026-08-25,2019-05-26,8172b0512506f3f984748a1420b1e9e99051f406cb3c5ef209c0cae0b19282b8
"2-butan-2-yl-4-[4-[4-[4-[[(2R,4S)-2-(2,4-dichlorophenyl)-2-(1,2,4-triazol-1-ylmethyl)-1,3-dioxolan-4-yl]methoxy]phenyl]piperazin-1-yl]phenyl]-1,2,4-triazol-3-one",itraconazole,"2-butan-2-yl-4-[4-[4-[4-[[(2R,4S)-2-(2,4-dichlorophenyl)-2-(1,2,4-triazol-1-ylmethyl)-1,3-dioxolan-4-yl]methoxy]phenyl]piperazin-1-yl]phenyl]-1,2,4-triazol-3-one; itraconazole",,55283,,,VHVPQPYKVGDNFY-ZPGVKDDISA-N,C35H38Cl2N8O4,705.6,CCC(C)N1C(=O)N(C=N1)C2=CC=C(C=C2)N3CCN(CC3)C4=CC=C(C=C4)OC[C@H]5CO[C@](O5)(CN6C=NC=N6)C7=C(C=C(C=C7)Cl)Cl,confirmed_organic,pharmaceutical_or_api,,,Rooz Darou,Iranian pharmaceutical product catalogue,product_page_listed_not_current_stock_verified,http://rouzdarou.com/products/%DA%A9%D9%BE%D8%B3%D9%88%D9%84-%D8%A7%DB%8C%D8%AA%D8%B1%D8%A7%DA%A9%D9%88%D9%86%D8%A7%D8%B2%D9%88%D9%84,کپسول ایتراکونازول,PubChem name validation from supplier product title,seed_2026-08-24 + seed_2026-08-25,2026-08-23,8875ed5d98a0686444c50dbac66273b504c779427b9c38301bc88092fd3475f6
2-butoxyethanol,2-Butoxyethanol,2-butoxyethanol; 2-Butoxyethanol,111-76-2,8133,,,POAOYUHQDCAZBD-UHFFFAOYSA-N,C6H14O2,118.17,CCCCOCCO,confirmed_organic,organic_reagent,,industrial,Telegram: Maran_Tejarat_Eshen + t.me/Boof_company + t.me/IranChemicals,Iranian supplier Telegram catalogue|ai_normalized,listed_not_current_stock_verified,https://t.me/IranChemicals/28403,2-butoxyethanol || 🔰 محصول (Butyl Glycol) بوتیل گلیکول ➖️ نام علمی : (Butyl Glycol) بوتیل گلیکول ➖️ فرمول شیمیایی : BuOC₂H₄OH ➖️ ماده پایه : اتر ➖️ برند : (Metron) مترون ➖️ کشور : عربستان سعودی (Saudi Arabia) ➖️ وزن : 185 کیلو گرم ➖️ پالت : 720 کیلو گرم (4 بشکه) ➖️ قیمت : ☎️ جهت مشاوره خرید، استعلام,existing skill export,ai_model_fleet + seed_2026-08-24 + seed_2026-08-25,2026-08-23,2ab6f97dcdc05a7035eb379c7bc2488371285de2bde6da5db3de6a0be630890a
2-chloro-2-methylpropane,,,,10486,,,NBRKLOOSMBRFMH-UHFFFAOYSA-N,C4H9Cl,92.57,,confirmed_organic,organic_reagent,derived:supplier_platform,,Shimi Merck,ai_normalized,,https://shimimerck.ir/2-chloro-2-methylpropane.html,2 chloro 2 methylpropane,model_fleet+pubchem,ai_model_fleet,2026-08-27,c191349c1f3b1f380e658225e04b0b615b22c3092ccc65865c26813b8ab67462
"2-chloro-N-(2,4-dimethylthiophen-3-yl)-N-[(2S)-1-methoxypropan-2-yl]acetamide",Dimethenamid-P,,163515-14-8,13633097,,,JLYFCTQDENRSOL-VIFPVBQESA-N,C12H18ClNO2S,275.80,CC1=CSC(=C1N([C@@H](C)COC)C(=O)CCl)C,confirmed_organic,organic_reagent,,,telegram:jahaneshimicom,Iranian supplier Telegram catalogue,listing_evidence_crawled_2026-08-24,https://t.me/jahaneshimicom/53,,ai_normalised_listing+pubchem_confirmed,seed_2026-08-24 + seed_2026-08-25,2023-12-19,69257c8ec5cf8da960262f8cb9a1a3154e25a57d952a7da7bea5010ff14a2434
2-chloroacetic acid,,,,300,,,FOCAUTSVDIKZOP-UHFFFAOYSA-N,C2H3ClO2,94.50,,confirmed_organic,pharmaceutical_or_api,derived:supplier_platform,research,t.me/ATRmedShop,ai_normalized|telegram,,https://t.me/ATRmedShop/447,"کلرو استیک اسید 
کلرو استیک اسید یک اسید کربوکسیلیک آلیفاتیک هالوژن دار شده است که به طور کلی به عنوان علف کش و نیز نگه دارنده استفاده می شود. اثرات جهش زایی مونوکلرو استیک اسید در ...
برای ادامه مطالب، مشاهده و خرید آنل",model_fleet+pubchem,ai_model_fleet + live_telegram_listing,2026-08-27,ba34dc583eea405551117b62d7344ce2fe04127c9a79183415e973a7feaec763
2-chlorobenzoic acid,Chlorobenzoic acid,2-chlorobenzoic acid; Chlorobenzoic acid,,8374,,,IKCLCGXPQILATA-UHFFFAOYSA-N,C7H5ClO2,156.56,C1=CC=C(C(=C1)C(=O)O)Cl,confirmed_organic,pharmaceutical_or_api,derived:supplier_platform,,telegram:minatajhiz,public Telegram (seller_research),product_page_listed_not_current_stock_verified,https://t.me/minatajhiz/1033,4-کلرو بنزوئیک اسید 4-Chlorobenzoic acid کد محصول مرک 800476 واردات جدید مرک,structured_pubchem,seed_2026-08-25,2026-08-25,490b9dbff90ff775ca4cb2ef4e3d45303281bcdac3d65af24b132dcc242ab2a8
2-cyanoguanidine,,,,10005,,,QGBSISYHAICWAH-UHFFFAOYSA-N,C2H4N4,84.08,,confirmed_organic,organic_reagent,derived:supplier_platform,,Shimi Merck,ai_normalized,,https://shimimerck.ir/d-cyanamide.html,d cyanamide,model_fleet+pubchem,ai_model_fleet,2026-08-27,4efbcce0ff65cbbf0a17bf798df5d134c4aa6e9636aa6e7bce47c632d53d832b
2-ethoxyethanol,Glycol monoethyl ether,,110-80-5,8076,,,ZNQVEEAIQZEUHB-UHFFFAOYSA-N,C4H10O2,90.12,CCOCCO,confirmed_organic,organic_reagent,,,telegram:Boof_company,Iranian supplier Telegram catalogue,listing_evidence_crawled_2026-08-24,https://t.me/Boof_company/38,🔰 محصول اتیلن گلیکول مونو اتیل اتر Ethylene Glycol Monoethyl Ether (EGME) ➖️ نام علمی : Ethylene Glycol Monoethyl Ether (اتیلن گلیکول مونو اتیل اتر) ➖️ فرمول شیمیایی : C₄H₁₀O₂ ➖️ ماده پایه : گلیکول اتر (حلال) ➖️ برند : اکسیتنو (Oxiteno) ➖️ کشور : برزیل (Brazil) ➖️ وزن بسته : 180 کیلو گرم ➖️ پالت : 7,ai_normalised_listing+pubchem_confirmed,seed_2026-08-24 + seed_2026-08-25,2026-02-14,bd6d4ddd6ce56e8e6b87168ef84fd1dcbb0f60de76cb9cd3135b74609ffc4827
"2-ethylbutyl (2S)-2-[[[(2R,3S,4R,5R)-5-(4-aminopyrrolo[2,1-f][1,2,4]triazin-7-yl)-5-cyano-3,4-dihydroxyoxolan-2-yl]methoxy-phenoxyphosphoryl]amino]propanoate",Remdesivir,,1809249-37-3,121304016,,,RWWYLEGWBNMMLJ-YSOARWBDSA-N,C27H35N6O8P,602.6,CCC(CC)COC(=O)[C@H](C)N[P@](=O)(OC[C@@H]1[C@H]([C@H]([C@](O1)(C#N)C2=CC=C3N2N=CN=C3N)O)O)OC4=CC=CC=C4,confirmed_organic,pharmaceutical_or_api,,,telegram:IranChemicals,Iranian supplier Telegram catalogue,listing_evidence_crawled_2026-08-24,https://t.me/Iranchemicals/20027,,ai_normalised_listing+pubchem_confirmed,seed_2026-08-24 + seed_2026-08-25,2020-11-30,2a30e9bdcb2d14d3e3347061dadc964254d4467ca708685c4c75dcd0df51e94d
2-ethylhexan-1-ol,2-Ethylhexanol,,104-76-7,7720,,,YIWUKEYIRIRTPP-UHFFFAOYSA-N,C8H18O,130.23,CCCCC(CC)CO,confirmed_organic,cosmetic_raw_material,,,t.me/IranChemicals + telegram:IranChemicals,Iranian supplier Telegram catalogue|ai_normalized,listing_evidence_crawled_2026-08-24,https://t.me/IranChemicals/24957,"🔴 #خرید 

 ✅ دو اتیل هگزیل الکل ۲۰ تن خریداریم 

09123262329",ai_normalised_listing+pubchem_confirmed,ai_model_fleet + seed_2026-08-24 + seed_2026-08-25,2026-01-05,0d439d2a3c63e07a7a48b51f466769050d549e0f30eee781bfb000fcd50794b9
2-ethylhexyl prop-2-enoate,2-Ethylhexyl acrylate,2-ethylhexyl prop-2-enoate; 2-Ethylhexyl acrylate; 2EHA,103-11-7,7636,,,GOXQRTZXKQZDDN-UHFFFAOYSA-N,C11H20O2,184.27,CCCCC(CC)COC(=O)C=C,confirmed_organic,cosmetic_raw_material,,,t.me/Maran_Tejarat_Eshen + telegram:Maran_Tejarat_Eshen,Iranian supplier Telegram catalogue|ai_normalized,listing_evidence_crawled_2026-08-24,https://t.me/Maran_Tejarat_Eshen/305,"فروش ویژه مونومر 2EHA ستلایت چین به مدت محدود. #ماران_تجارت_اشن 021-22799285,95 09128066375 || مونومر 2EHA ستلایت چین موجود می باشد. #ماران_تجارت_اشن 
021-22799285,95
09128066375",ai_normalised_listing+pubchem_confirmed,ai_model_fleet + seed_2026-08-24 + seed_2026-08-25,2019-05-06,c0d5d6a4afdc52297f3ab723b90c5e0611e22f9de785c82e32ec87e8f9086ba1
2-fluoroacetamide,ftm,2-fluoroacetamide; ftm,,12542,,,FVTWJXMFYOXOKK-UHFFFAOYSA-N,C2H4FNO,77.06,C(C(=O)N)F,confirmed_organic,organic_reagent,derived:supplier_platform,,TamadKala,Iranian online wholesale/lab shop,product_page_listed_not_current_stock_verified,https://tamadkala.com/product/171246/محیط-کشت-تیو-گلیکولات-فلوئید-ftm-کد-108191-مرک,محیط کشت تیو گلیکولات فلوئید ftm کد 108191 مرک,structured_pubchem,seed_2026-08-25,2026-08-25,bc5a3dda65067e8fff892a3e749459ce84f60d3c794f39bd1f50601d9d33e994
2-fluoroaniline,2-Fluoroaniline,,,9584,,,FTZQXOJYPFINKJ-UHFFFAOYSA-N,C6H6FN,111.12,C1=CC=C(C(=C1)N)F,confirmed_organic,organic_reagent,,,telegram:minatajhiz,Iranian supplier Telegram catalogue,listing_evidence_crawled_2026-08-24,https://t.me/minatajhiz/114,,ai_normalised_listing+pubchem_confirmed,seed_2026-08-24 + seed_2026-08-25,2017-10-08,4466684439844f0311cab656883363cc9d46734e54773914118984eed4c03b63
2-fluorobenzoic acid,2-Fluorobenzoic acid,2-fluorobenzoic acid; 2-Fluorobenzoic acid,445-29-4,9935,,,NSTREUWFTAOOKS-UHFFFAOYSA-N,C7H5FO2,140.11,C1=CC=C(C(=C1)C(=O)O)F,confirmed_organic,organic_reagent,,research,Telegram: ChemIranSanat + t.me/ChemIranSanat,Iranian supplier Telegram catalogue|telegram,listed_not_current_stock_verified,https://t.me/s/ChemIranSanat,2-fluorobenzoic acid,existing skill export,live_telegram_listing + seed_2026-08-24 + seed_2026-08-25,2026-08-23,e7b66150bbd4d07247fee9cc396864c434e89c35da2cf4495c916ac00d0cafd3
2-hydroperoxy-2-(2-hydroperoxybutan-2-ylperoxy)butane,Methyl ethyl ketone peroxide,,,3672772,,,WFUGQJXVXHBTEM-UHFFFAOYSA-N,C8H18O6,210.22,CCC(C)(OO)OOC(C)(CC)OO,confirmed_organic,organic_reagent,,,t.me/IranChemicals + telegram:IranChemicals,Iranian supplier Telegram catalogue|ai_normalized,listing_evidence_crawled_2026-08-24,https://t.me/IranChemicals/21551,"🔴 #دانستنی ها 

 🟥 متیل اتیل کتون پراکسید MEKP

 🔴 کاتالیزوری است که به طور گسترده ای در سخت شدن رزین های استر استفاده می شود 

 ✅ بسیار زیاد است خطرناک است زیرا یک ترکیب اکسید کننده بسیار واکنش پذیر است
 ✅ همچنین یک پرا",ai_normalised_listing+pubchem_confirmed,ai_model_fleet + seed_2026-08-24 + seed_2026-08-25,2021-04-02,860752e94ecfcc7e2052157082fed78c8e68262a9555ad0f2d7e854f5259c2ce
"2-hydroxy-3,5-dinitrobenzoic acid","3,5-Dinitrosalicylic acid","2-hydroxy-3,5-dinitrobenzoic acid; 3,5-Dinitrosalicylic acid",609-99-4,11873,,,LWFUFLREGJMOIZ-UHFFFAOYSA-N,C7H4N2O7,228.12,C1=C(C=C(C(=C1C(=O)O)O)[N+](=O)[O-])[N+](=O)[O-],confirmed_organic,organic_reagent,,research,Shimi Merck + Telegram: ChemIranSanat + t.me/ChemIranSanat,Iranian supplier Telegram catalogue|ai_normalized|telegram,listed_not_current_stock_verified,https://shimimerck.ir/3-and-5-dinitrosalicylic-acid.html,"2-hydroxy-3,5-dinitrobenzoic acid || 3 and 5 dinitrosalicylic acid",existing skill export,ai_model_fleet + live_telegram_listing + seed_2026-08-24 + seed_2026-08-25,2026-08-23,020df46e3fd138b24de65eaa9d1d5497cbd0ff5425813839c7195377d6feed18
2-hydroxy-5-[(4-nitrophenyl)diazenyl]benzoic acid,Alizarin Yellow R,2-hydroxy-5-[(4-nitrophenyl)diazenyl]benzoic acid; Alizarin Yellow R,2243-76-7,15588,,,YVJPMMYYRNHJAU-UHFFFAOYSA-N,C13H9N3O5,287.23,C1=CC(=CC=C1N=NC2=CC(=C(C=C2)O)C(=O)O)[N+](=O)[O-],confirmed_organic,organic_reagent,,,TamadKala,Iranian online wholesale/lab shop,product_page_listed_not_current_stock_verified,https://tamadkala.com/product/32862/%D8%A2%D9%84%DB%8C%D8%B2%D8%A7%D8%B1%DB%8C%D9%86-%D8%B2%D8%B1%D8%AF-%D8%A2%D8%B1,آلیزارین زرد آر,router_title_normalization,seed_2026-08-24 + seed_2026-08-25,2026-08-23,fb94460bc2de81e25fb7c51fc520ae60b96fc9c5269e1a0eea770acab7417859
2-hydroxy-5-sulfobenzoic acid,Sulfosalicylic acid,2-hydroxy-5-sulfobenzoic acid; Sulfosalicylic acid,,7322,,,YCPXWRQRBFJBPZ-UHFFFAOYSA-N,C7H6O6S,218.19,C1=CC(=C(C=C1S(=O)(=O)O)C(=O)O)O,confirmed_organic,organic_reagent,,research,TamadKala,Iranian online wholesale/lab shop,product_page_listed_not_current_stock_verified,,اسید سولفوسالیسیلیک extra pure دکتر مجللی | ... | اسید سولفوسالیسیلیک laboratory دکتر مجللی | ...,router_title_normalization,seed_2026-08-24 + seed_2026-08-25,2026-08-23,7c4b198e79803a267fd24e51c8a177644518a858f24564ac3f32120c0b8cdbaa
2-hydroxy-5-sulfobenzoic acid;dihydrate,2-hydroxy-5-sulfobenzoic acid;dihydrate,2-hydroxy-5-sulfobenzoic acid;dihydrate,5965-83-3,2723734,,,BHDKTFQBRFWJKR-UHFFFAOYSA-N,C7H10O8S,254.22,C1=CC(=C(C=C1S(=O)(=O)O)C(=O)O)O.O.O,confirmed_organic,organic_reagent,derived:supplier_platform,,Mojallali Group; ShimiMan,Iranian WooCommerce catalogue,product_page_listed_not_current_stock_verified,https://drm-chem.com/en/product/5-sulfosalicylic-acid-dihydrate-2/,5-Sulfosalicylic acid dihydrate,cas_pubchem,seed_2026-08-25,2026-08-25,5354e8127d223aafdc45a369eb7a4b2102ab2e08b920d19248c202f161b31a2e
2-hydroxybenzoic acid,salicylic acid,2-hydroxybenzoic acid; salicylic acid,69-72-7,338,,,YGSDEFSMJLZEOE-UHFFFAOYSA-N,C7H6O3,138.12,C1=CC=C(C(=C1)C(=O)O)O,confirmed_organic,organic_reagent,,research,Fardad Shimi; TamadKala; Mojallali Group; ShimiMan + Shimi Merck,Iranian online lab-chemical shop | Iranian online wholesale/lab shop|ai_normalized,product_page_listed_not_current_stock_verified,https://shimimerck.ir/salicylic-acid-code-100631-merck-germany.html,اسید سالیسیلیک extra pure دکتر مجللی 1 | اسید سالیسیلیک extra pure دکتر مجللی 2 | ... | اسید سالیسیلیک برند dyc چین | ... | سالیسیلیک اسید | سالیسیلیک اسید MERCK | سالیسیلیک اسید قطران شیمی || salicylic acid code merck germany,router_title_normalization,ai_model_fleet + seed_2026-08-24 + seed_2026-08-25,2026-08-23,c4f0f2d92008d55debe76d85d102f1f97615e857c52c91e8ecb0c64b1fcc8dc1
2-hydroxybutanedioic acid,Malic acid,2-hydroxybutanedioic acid; Malic acid,6915-15-7,525,,,BJEPYKJPYRNKOW-UHFFFAOYSA-N,C4H6O5,134.09,C(C(C(=O)O)O)C(=O)O,confirmed_organic,organic_reagent,,,DigiShimi; TamadKala + t.me/ATRmedShop,Iranian online chemical shops | Iranian online wholesale/lab shop|ai_normalized,product_page_listed_not_current_stock_verified,https://t.me/ATRmedShop/409,"اسید مالیک || مالئیک اسید گرید HPLC 
مالئیک اسید گرید HPLC یک ترکیب ارگانیک، یک مولکول با دو گروه کربوکسیلی است که دارای فرمول شیمیایی ...
برای ادامه مطالب، مشاهده و خرید آنلاین این محصول به لینک زیر مراجعه فرمایید:
 https://atrmedsho",router_title_normalization,ai_model_fleet + seed_2026-08-24 + seed_2026-08-25,2026-08-23,805577150bb57d8e97eb41cd85a2146ba83405577828b97c295c8616c91e9ef6
2-hydroxyethyl 2-methylprop-2-enoate,2-Hydroxyethyl Methacrylate,2-hydroxyethyl 2-methylprop-2-enoate; 2-Hydroxyethyl Methacrylate; HEMA,868-77-9,13360,,,WOBHKFSMXKNTIM-UHFFFAOYSA-N,C6H10O3,130.14,CC(=C)C(=O)OCCO,confirmed_organic,organic_reagent,,industrial,Telegram: Maran_Tejarat_Eshen + t.me/Maran_Tejarat_Eshen,Iranian supplier Telegram catalogue|ai_normalized,listed_not_current_stock_verified,https://t.me/Maran_Tejarat_Eshen/240,2-hydroxyethyl 2-methylprop-2-enoate || #مونومر_اکریلاتی 2-هیدروکسی اتیل متاکریلات(HEMA) : مونومری آبگریز است که از طریق واکنش بین اتیلن گلایکول و متاکرلیک اسید تولید می‌شود. مزایای کاربردی استفاده از HEMA شامل: • ایجاد مقاومت به نور UV • ایجاد مقاومت مناسب محیطی و شیمیایی در رزین تولیدی • ایجاد پای,existing skill export,ai_model_fleet + seed_2026-08-24 + seed_2026-08-25,2026-08-23,4b1d7f073d5335367af78dfa01ec022c900316272c1555df84f2f96949345cd0
2-hydroxyethyl octadecanoate,Glycol monostearate,,111-60-4,24762,,,RFVNOJDQRGSOEL-UHFFFAOYSA-N,C20H40O3,328.5,CCCCCCCCCCCCCCCCCC(=O)OCCO,confirmed_organic,cosmetic_raw_material,,,t.me/Ch_Chemical_leaders + telegram:Ch_Chemical_leaders,Iranian supplier Telegram catalogue|ai_normalized,listing_evidence_crawled_2026-08-24,https://t.me/Ch_Chemical_leaders/477,"#آگهی_فروش 🧪 اتیلن گلایکول مونو استئارات (EGMS) کیفیت مطلوب، مناسب مصارف صنعتی و تولیدی 📞 جهت سفارش و استعلام قیمت: ۰۲۱۶۶۵۶۵۷۰۰ داخلی ۱۰۳ 👤 خانم چگینی || #آگهی_فروش 

 🧪 اتیلن گلایکول مونو استئارات (EGMS) 

کیفیت مطلوب، مناسب مصارف صنعتی و تولیدی

 📞 جهت سفارش و استعلام قیمت: ۰۲۱۶۶۵۶۵۷۰۰ داخلی ۱۰۳ 
",ai_normalised_listing+pubchem_confirmed,ai_model_fleet + seed_2026-08-24 + seed_2026-08-25,2026-08-08,5080802a774967a1a1d4d722eed703007b5ff313b40573b18096591efe1b2e81
2-hydroxyethyl prop-2-enoate,2-Hydroxyethyl acrylate,,818-61-1,13165,,,OMIGHNLMNHATMP-UHFFFAOYSA-N,C5H8O3,116.11,C=CC(=O)OCCO,confirmed_organic,organic_reagent,,,t.me/Maran_Tejarat_Eshen + telegram:Maran_Tejarat_Eshen,Iranian supplier Telegram catalogue|ai_normalized,listing_evidence_crawled_2026-08-24,https://t.me/Maran_Tejarat_Eshen/629,"#هیدروکسی_اتیل_اکریلات ( #2HEA ) 
مونومر اکریلاتی بی رنگ و شفاف است.

● ویژگی های 2HEA:
• ایجاد مقاومت در برابر خراش
• چسبندگی زیاد
• ایجاد مقاومت شیمیایی 
• دارای خواص شبکه ای کننده 
• بهبود مقاومت به شرایط آب و هوایی
•",ai_normalised_listing+pubchem_confirmed,ai_model_fleet + seed_2026-08-24 + seed_2026-08-25,2025-11-25,811e122cac938a16c122347dba5c4db83bc0dfa7e10afeefa4420741667cc021
2-hydroxynaphthalene-1-carbaldehyde,2-Hydroxy-1-naphthaldehyde,,,12819,,,NTCCNERMXRIPTR-UHFFFAOYSA-N,C11H8O2,172.18,C1=CC=C2C(=C1)C=CC(=C2C=O)O,confirmed_organic,organic_reagent,,,telegram:minatajhiz,Iranian supplier Telegram catalogue,listing_evidence_crawled_2026-08-24,https://t.me/minatajhiz/608,,ai_normalised_listing+pubchem_confirmed,seed_2026-08-24 + seed_2026-08-25,2019-06-02,cd08c149b510b74a46647f07a30c75b0f9ce4ee6ca0c415132dbe4b97f941a5d
"2-hydroxypropane-1,2,3-tricarboxylic acid",Citric acid,"2-hydroxypropane-1,2,3-tricarboxylic acid; Citric acid; citric acid",77-92-9,311,,,KRKNYBCHXYNGOX-UHFFFAOYSA-N,C6H8O7,192.12,C(C(=O)O)C(CC(=O)O)(C(=O)O)O,confirmed_organic,organic_reagent,,research,Iran Petrochemical + TamadKala; Telegram: Ch_Chemical_leaders; Telegram: chemgroup; Telegram: minatajhiz; DigiShimi; Isatis Shimi; Mojallali Group; ShimiMan; IR Chem / Pishgaman; telegram:labshop + https://drm-chem.com/en/product/citric-aci,Iranian online wholesale/lab shop | Iranian supplier Telegram catalogue|ai_normalized|live_supplier_catalogue|telegram,listed_not_current_stock_verified | product_page_listed_not_current_stock_verified,https://t.me/chemgroup/1502,"2-hydroxypropane-1,2,3-tricarboxylic acid | اسید سیتریک acs دکتر مجللی | اسید سیتریک خشک صنعتی | سيتريك اسيد قطران شیمی | فروش اسید سیتریک || 💡 اسید سیتریک یا جوهر لیمو اسید سیتریک در دو نوع مونوهیدرات و آن هیدروز بصورت پودر کریستالی محصول کمپانی مرک آلمان به فروش میرسد. @minatajhiz || citric acid o",existing skill export | router_title_normalization,ai_model_fleet + live_telegram_listing + live_web_catalogue + seed_2026-08-24 + seed_2026-08-25,2026-08-23,66c03c641a7512bc6a7921957dbd6df9b2828844dd6cc3b2361afe9774035ae4
"2-hydroxypropane-1,2,3-tricarboxylic acid;hydrate",Citric acid monohydrate,"2-hydroxypropane-1,2,3-tricarboxylic acid;hydrate; Citric acid monohydrate",5949-29-1,22230,,,YASYEJJMZJALEJ-UHFFFAOYSA-N,C6H10O8,210.14,C(C(=O)O)C(CC(=O)O)(C(=O)O)O.O,confirmed_organic,organic_reagent,,research,DigiShimi; Fardad Shimi; ShimiMan; TamadKala; Mojallali Group + https://drm-chem.com/en/product/citric-acid-monohydrate/,Iranian online chemical shop | Iranian online chemical shops | Iranian online lab-chemical shop | Iranian online wholesa,product_page_listed_not_current_stock_verified,2026-08-27,citric acid monohydrate | ... | https://shimiman.com/product/citric-acid-monohydrate-grade-extra-pure/ | https://shimiman.com/product/citric-acid-monohydrate-grade-usp/ | اسید سیتریک آبدار | اسید سیتریک مونو هیدرات extra pure دکتر مجللی | ... | اسید سیتریک مونو هیدرات ۱ کیلویی دک,router_title_normalization | sitemap_title,live_web_catalogue + seed_2026-08-24 + seed_2026-08-25,2026-08-23,201f179c58e5f398109b9a902f760690f6583770631adc397376cb874db3e513
2-hydroxypropanoic acid,Lactic acid,2-hydroxypropanoic acid; Lactic acid; Lactic Acid,50-21-5,612,,,JVTAAEKCZFNVCJ-UHFFFAOYSA-N,C3H6O3,90.08,CC(C(=O)O)O,confirmed_organic,organic_reagent,,,DigiShimi; Isatis Shimi; telegram:ATRmedShop + t.me/ATRmedShop,Iranian online chemical shops|ai_normalized,product_page_listed_not_current_stock_verified,https://t.me/ATRmedShop/408,"Lactic Acid | اسید لاکتیک || اسیدلاکتیک DL- 
اسیدلاکتیک DL- یک اسید آلی است که دارای فرمول شیمیایی CH3CH(OH)COOH می باشد. در حالت جامد سفید است و در حالی که در ...
برای ادامه مطالب، مشاهده و خرید آنلاین این محصول به لینک زیر مراجعه فرمایید:
 https:/",router_title_normalization,ai_model_fleet + seed_2026-08-24 + seed_2026-08-25,2026-08-23,5e59037b5243207782d7196aa90d821c3d83e0b3fd599b1cee1a388ba85d1b4f
2-hydroxypropanoyloxy(phenyl)mercury,Phenylmercuric lactate,,122-64-5,16683023,,,RRFGSWMKSSCUSU-UHFFFAOYSA-M,C9H10HgO3,366.77,CC(C(=O)O[Hg]C1=CC=CC=C1)O,confirmed_organic,organic_reagent,,,telegram:minatajhiz,Iranian supplier Telegram catalogue,listing_evidence_crawled_2026-08-24,https://t.me/minatajhiz/165,,ai_normalised_listing+pubchem_confirmed,seed_2026-08-24 + seed_2026-08-25,2017-10-31,07341f1698f188d85599199f1f61e71d14b13a31e23cecbaa116a2d4ae9c4b65
2-Hydroxypropyl methacrylate,2-hydroxypropyl methacrylate,,,13539,,,VHSHLMUCYSAUQU-UHFFFAOYSA-N,C7H12O3,144.17,CC(COC(=O)C(=C)C)O,confirmed_organic,organic_reagent,,,Maran_Tejarat_Eshen,telegram,listing_evidence_crawled_2026-08-23,https://t.me/Maran_Tejarat_Eshen/538,✅ مونومر هیدروکسی پروپیل متااکریلات (HPMA) ✅ برند (JIN DUN) چین ✅ موجود در انبار شورآباد 👤 برای استعلام قیمت و کسب اطلاعات بیشتر با ما در تماس باشید 🏢 بازرگانی ماران تجارت اشن ☎️ 021-26378323 📱 09102296278 📱 09108066146 📱 09912064037 Instagram: @marantejarat Telegram: https://t.m,ai_resolved+pubchem,seed_2026-08-24 + seed_2026-08-25,2026-08-23,bd1f114e91e2f5d1a94966f3e3b18dd9ec25aea58910eb6321ca50c0b42406c9
2-iodophenol,2-Iodophenol,,,10784,,,KQDJTBPASNJQFQ-UHFFFAOYSA-N,C6H5IO,220.01,C1=CC=C(C(=C1)O)I,confirmed_organic,organic_reagent,,,telegram:minatajhiz,Iranian supplier Telegram catalogue,listing_evidence_crawled_2026-08-24,https://t.me/minatajhiz/1038,2 -یدوفنول 2-Iodophenol کد محصول مرک: 820741 واردات جدید مرک,ai_normalised_listing+pubchem_confirmed,seed_2026-08-24 + seed_2026-08-25,2023-06-14,de8eb6b3b25b366b11b9a238150d95b5e74466985f8c7a016ad3aece65bdbdd9
2-methoxy-2-methylpropane,tert-Butyl methyl ether,,1634-04-4,15413,,,BZLVMXJERCGZMT-UHFFFAOYSA-N,C5H12O,88.15,CC(C)(C)OC,confirmed_organic,organic_reagent,,,telegram:IranChemicals,Iranian supplier Telegram catalogue,listing_evidence_crawled_2026-08-24,https://t.me/Iranchemicals/30673,,ai_normalised_listing+pubchem_confirmed,seed_2026-08-24 + seed_2026-08-25,2025-12-14,3060d1f205b1ecebe3128ab0e0ffbb2638b126e8d20206fec82849fcad614400
2-methoxy-4-prop-2-enylphenol,Eugenol,2-methoxy-4-prop-2-enylphenol; Eugenol; natural; Natural,97-53-0,3314,,,RRAFCDWBNXTKKO-UHFFFAOYSA-N,C10H12O2,164.20,COC1=C(C=CC(=C1)CC=C)O,confirmed_organic,fragrance_or_aroma,,,telegram:ChemIranSanat; TamadKala; ShimiMan,Iranian supplier Telegram catalogue,listing_evidence_crawled_2026-08-24,https://t.me/ChemIranSanat/982,موم سفید پاتوبیولوژی natural دکتر مجللی,ai_normalised_listing+pubchem_confirmed,seed_2026-08-24 + seed_2026-08-25,2017-11-04,c7739ed5c0f46a6995215d60dec8642b40fb28535b85cb202d7dd71c8864e922
2-methoxyethanol,2-Methoxyethanol,2-methoxyethanol; 2-Methoxyethanol,,8019,,,XNWFRZJHXBZDAG-UHFFFAOYSA-N,C3H8O2,76.09,COCCO,confirmed_organic,organic_reagent,,,TamadKala,Iranian online wholesale/lab shop,product_page_listed_not_current_stock_verified,,2 متوکسی اتانول | ...,router_title_normalization,seed_2026-08-24 + seed_2026-08-25,2026-08-23,1a463c266b759f77f0b5b05c267236ba8cbc7a8d09b5fbef9d67647e80c799ac
"2-methyl-1,2-thiazol-3-one",Methylisothiazolinone,,2682-20-4,39800,,,BEGLCMHJXHIJLR-UHFFFAOYSA-N,C4H5NOS,115.16,CN1C(=O)C=CS1,confirmed_organic,cosmetic_raw_material,,,telegram:Maran_Tejarat_Eshen,Iranian supplier Telegram catalogue,listing_evidence_crawled_2026-08-24,https://t.me/Maran_Tejarat_Eshen/529,,ai_normalised_listing+pubchem_confirmed,seed_2026-08-24 + seed_2026-08-25,2020-09-01,9b288d119b8e83b7f108fee14c9a9d8213aa57562142e13ff188b82d6a6441ba
2-methyl-1H-imidazole,2-Methylimidazole,2-methyl-1H-imidazole; 2-Methylimidazole; 2-methylimidazole,693-98-1,12749,,,LXBGSDVWAMZHDD-UHFFFAOYSA-N,C4H6N2,82.10,CC1=NC=CN1,confirmed_organic,organic_reagent,,research,Fardad Shimi; Telegram: ChemIranSanat + t.me/ChemIranSanat,Iranian online lab-chemical shop | Iranian supplier Telegram catalogue|telegram,listed_not_current_stock_verified | product_page_listed_not_current_stock_verified,https://t.me/s/ChemIranSanat,"2-methyl-1H-imidazole | ۲- متیل ایمیدازول MERCK | ... || M50850 Sigma-Aldrich, 100g 2-Methylimidazole موجود و آماده تحویل ✅ شیمیران صنعت فقط اصلی 09386489001 🆔 @ChemIran1",existing skill export | router_title_normalization,live_telegram_listing + seed_2026-08-24 + seed_2026-08-25,2026-08-23,e79d1ea9bf3d152a75a2210f1cee00652b606de2a80f4eff950b96bcbebd9ad1
"2-methyl-4-(4-methylpiperazin-1-yl)-10H-thieno[2,3-b][1,5]benzodiazepine",olanzapine,"2-methyl-4-(4-methylpiperazin-1-yl)-10H-thieno[2,3-b][1,5]benzodiazepine; olanzapine",,135398745,,,KVWDHTXUZHCGIO-UHFFFAOYSA-N,C17H20N4S,312.4,CC1=CC2=C(S1)NC3=CC=CC=C3N=C2N4CCN(CC4)C,confirmed_organic,pharmaceutical_or_api,,,Rooz Darou,Iranian pharmaceutical product catalogue,product_page_listed_not_current_stock_verified,http://rouzdarou.com/products/%D9%82%D8%B1%D8%B5-%D8%A7%D9%84%D8%A7%D9%86%D8%B2%D8%A7%D9%BE%DB%8C%D9%86-5,قرص الانزاپین 5,PubChem name validation from supplier product title,seed_2026-08-24 + seed_2026-08-25,2026-08-23,6011f3ffafbac3ca609a9ede40c481c3ae64001896578f329470325aabee623f
2-methyl-5-propan-2-ylphenol,Carvacrol,,25771-52-2,10364,,,RECUKUPTGUEGMW-UHFFFAOYSA-N,C10H14O,150.22,CC1=C(C=C(C=C1)C(C)C)O,confirmed_organic,fragrance_or_aroma,,,telegram:minatajhiz,Iranian supplier Telegram catalogue,listing_evidence_crawled_2026-08-24,https://t.me/minatajhiz/1006,5-ایزو پروپیل -2- متیل فنول 5-Isopropyl-2-methylphenol کد محصول مرک: 820258 که بنام کارواکرول نیز شناخته میشود,ai_normalised_listing+pubchem_confirmed,seed_2026-08-24 + seed_2026-08-25,2023-04-09,b66c133f1f35344d03585a926f19eba87a983341603be88a837d36ccfa319134
2-methylaniline,Ortho-toluidine,2-methylaniline; Ortho-toluidine,95-53-4,7242,,,RNVCVTLRINQCPJ-UHFFFAOYSA-N,C7H9N,107.15,CC1=CC=CC=C1N,confirmed_organic,organic_reagent,,,Shimi Merck + TamadKala,Iranian online wholesale/lab shop|ai_normalized,product_page_listed_not_current_stock_verified,https://shimimerck.ir/orthotoluidine-808312-merck-germany.html,اورتو تولیدین || orthotoluidine merck germany,router_title_normalization,ai_model_fleet + seed_2026-08-24 + seed_2026-08-25,2026-08-23,1bea3449865941960e5c6bc4a1715140dc3c821d2325dba0f39e2196fd4c79b3
2-methylbut-1-ene,2-Methyl-1-butene,,563-46-2,11240,,,MHNNAWXXUZQSNM-UHFFFAOYSA-N,C5H10,70.13,CCC(=C)C,confirmed_organic,organic_reagent,,,telegram:ChemIranSanat,Iranian supplier Telegram catalogue,listing_evidence_crawled_2026-08-24,https://t.me/ChemIranSanat/1390,,ai_normalised_listing+pubchem_confirmed,seed_2026-08-24 + seed_2026-08-25,2018-04-16,09ade74d510b4d8b56962baa47d70b517aa4933b8d200cce81f500a69c538d62
2-methylbut-2-ene,2-Methyl-2-butene,2-methylbut-2-ene; 2-Methyl-2-butene,513-35-9,10553,,,BKOOMYPCSUNDGP-UHFFFAOYSA-N,C5H10,70.13,CC=C(C)C,confirmed_organic,organic_reagent,,research,Telegram: ChemIranSanat + t.me/ChemIranSanat,Iranian supplier Telegram catalogue|ai_normalized|telegram,listed_not_current_stock_verified,https://t.me/ChemIranSanat/1390,"2-methylbut-2-ene || Sigma-Aldrich, 66050-5ml
2-Methyl-2-butene
موجود و آماده تحویل

 ✅ شیمیران صنعت فقط اصلی
 ❓ قیمت و سفارش 👇 

Admin 🆔 @ChemIranAdmin 

 🆔 @ChemIran1",existing skill export,ai_model_fleet + live_telegram_listing + seed_2026-08-24 + seed_2026-08-25,2026-08-23,0e7775742ccd9d826c038dcbafa3b966b65ec39bc89ce80a30cb67b809532635
2-methylnaphthalene,2-Methylnaphthalene,,91-57-6,7055,,,QIMMUPPBPVKWKM-UHFFFAOYSA-N,C11H10,142.20,CC1=CC2=CC=CC=C2C=C1,confirmed_organic,organic_reagent,,,telegram:minatajhiz,Iranian supplier Telegram catalogue,listing_evidence_crawled_2026-08-24,https://t.me/minatajhiz/637,,ai_normalised_listing+pubchem_confirmed,seed_2026-08-24 + seed_2026-08-25,2019-09-03,e198ca673ff4be4d5e6d4ef2f9538fb7b6565e4ff9b18fa0b0e4274333f65bfd
2-methyloxirane,Propylene Oxide,2-methyloxirane; Propylene Oxide; Propylene oxide,75-56-9,6378,,,GOOHAUXETOMSMM-UHFFFAOYSA-N,C3H6O,58.08,CC1CO1,confirmed_organic,organic_reagent,,research,Telegram: minatajhiz + t.me/minatajhiz,Iranian supplier Telegram catalogue|telegram,listed_not_current_stock_verified,https://t.me/s/minatajhiz,2-methyloxirane,existing skill export,live_telegram_listing + seed_2026-08-24 + seed_2026-08-25,2026-08-23,6c5d38b37fcc8b97c14f5b3bf7547872572543bb8be540f962fc710aa01a0d77
2-methylprop-2-enoic acid,Methacrylic Acid,,79-41-4,4093,,,CERQOIWHTDAKMF-UHFFFAOYSA-N,C4H6O2,86.09,CC(=C)C(=O)O,confirmed_organic,organic_reagent,,,t.me/Maran_Tejarat_Eshen + telegram:Maran_Tejarat_Eshen,Iranian supplier Telegram catalogue|ai_normalized,listing_evidence_crawled_2026-08-24,https://t.me/Maran_Tejarat_Eshen/632,"لیست اقلام موجود: - متاکریلیک اسید MAA - 2-EHA - HEMA - کاردورا کره ای #ماران_تجارت_اشن 021-22799285,95 09128066375 || #متاکرلیک_اسید ( #MAA ) مایع بی رنگ و چسبناک است که در 

 • تولیدپلی متااکرلیک اسید ها و کوپلیمرهای اکریلاتی
• تولیدرزین های اکریلاتی برای صنایع رنگ و چسب
• تولیدرزین های تبادل یونی",ai_normalised_listing+pubchem_confirmed,ai_model_fleet + seed_2026-08-24 + seed_2026-08-25,2019-03-11,dbf978d804f1947b6fdf7ac8b482b93d89c2a472cb3c65c342bd27b306532442
2-methylpropan-1-ol,Isobutanol,2-methylpropan-1-ol; Isobutanol,78-83-1,6560,,,ZXEKIIBDNHEJCQ-UHFFFAOYSA-N,C4H10O,74.12,CC(C)CO,confirmed_organic,organic_reagent,,research,Shimi Merck + TamadKala; Mojallali Group,Iranian online wholesale/lab shop|ai_normalized,product_page_listed_not_current_stock_verified,https://shimimerck.ir/iso-butanol-code-100985-merck-germany.html,ایزوبوتانول lab دکتر مجللی || iso butanol code merck germany,router_title_normalization,ai_model_fleet + seed_2026-08-24 + seed_2026-08-25,2026-08-23,ee48c9c80beb03b4531dec1fcffcac8c9d522ecf8d16b6932290f5f951bbceb0
2-methylpropan-2-ol,Tert-Butanol,2-methylpropan-2-ol; Tert-Butanol,75-65-0,6386,,,DKGAVHZHDRPRBM-UHFFFAOYSA-N,C4H10O,74.12,CC(C)(C)O,confirmed_organic,organic_reagent,,,TamadKala,Iranian online wholesale/lab shop,product_page_listed_not_current_stock_verified,https://tamadkala.com/product/164915/%D8%AA%D8%B1%D8%AA-%D8%A8%D9%88%D8%AA%D8%A7%D9%86%D9%88%D9%84-%D8%A8%D8%B1%D9%86%D8%AF-%D9%84%D9%88%D8%A8%D8%A7-%D9%87%D9%86%D8%AF,ترت بوتانول برند لوبا هند,router_title_normalization,seed_2026-08-24 + seed_2026-08-25,2026-08-23,bc770ef4d8afd6f5245fe8ac318c8b290e1ac74dc8df5561871561d526636ae2
2-methylpropane,Isobutane,2-methylpropane; Isobutane,,6360,,,NNPPMTNAJDCUHE-UHFFFAOYSA-N,C4H10,58.12,CC(C)C,confirmed_organic,organic_reagent,,research,TamadKala,Iranian online wholesale/lab shop,product_page_listed_not_current_stock_verified,https://tamadkala.com/product/92861/%D8%A7%DB%8C%D8%B2%D9%88%D8%A7%DA%A9%D8%AA%D8%A7%D9%86-extra-pure-%D9%86%D9%88%D8%AA%D8%B1%D9%88%D9%86,ایزواکتان dry نوترون | ایزواکتان extra pure نوترون | ایزواکتان gc نوترون | ایزواکتان hplc نوترون,router_title_normalization,seed_2026-08-24 + seed_2026-08-25,2026-08-23,690e1c3f44a696e2b04525058a85ca4bc2623d2d6ef29807259e7d2112dff4cd
2-methylpropyl (E)-3-phenylprop-2-enoate,Isobutyl Cinnamate,,122-67-8,778574,,,IQZUZPKOFSOVET-CMDGGOBGSA-N,C13H16O2,204.26,CC(C)COC(=O)/C=C/C1=CC=CC=C1,confirmed_organic,fragrance_or_aroma,,,telegram:minatajhiz,Iranian supplier Telegram catalogue,listing_evidence_crawled_2026-08-24,https://t.me/minatajhiz/1016,,ai_normalised_listing+pubchem_confirmed,seed_2026-08-24 + seed_2026-08-25,2023-04-30,6661ab1338ccd34fb1db493cfb81c54e391c64bb88744f9084f877be4b3a2ad7
2-methylpropyl 2-methylprop-2-enoate,Isobutyl Methacrylate,,97-86-9,7352,,,RUMACXVDVNRZJZ-UHFFFAOYSA-N,C8H14O2,142.20,CC(C)COC(=O)C(=C)C,confirmed_organic,organic_reagent,,,telegram:ChemIranSanat,Iranian supplier Telegram catalogue,listing_evidence_crawled_2026-08-24,https://t.me/ChemIranSanat/1945,,ai_normalised_listing+pubchem_confirmed,seed_2026-08-24 + seed_2026-08-25,2020-10-07,902739e2125348ff2738fe509593b4c27d33e10865a4522b7ab083253b5ff93f
2-naphthalen-1-ylacetic acid,naa,2-naphthalen-1-ylacetic acid; naa,,6862,,,PRPINYUDVPFIRX-UHFFFAOYSA-N,C12H10O2,186.21,C1=CC=C2C(=C1)C=CC=C2CC(=O)O,confirmed_organic,organic_reagent,derived:supplier_platform,,TamadKala,Iranian online wholesale/lab shop,product_page_listed_not_current_stock_verified,https://tamadkala.com/product/154603/نفتالیک-استیک-اسید-naa-با-کد-806862-مرک,نفتالیک استیک اسید naa با کد 806862 مرک,structured_pubchem,seed_2026-08-25,2026-08-25,dbe3674f3cc61d0562a26f0eb6f13520e999eb0d1384d580fe682afd69d4de8d
2-nitrobenzaldehyde,Nitrobenzaldehyde,2-nitrobenzaldehyde; Nitrobenzaldehyde,,11101,,,CMWKITSNTDAEDT-UHFFFAOYSA-N,C7H5NO3,151.12,C1=CC=C(C(=C1)C=O)[N+](=O)[O-],confirmed_organic,pharmaceutical_or_api,derived:supplier_platform,,Shimi Merck + telegram:minatajhiz,ai_normalized|public Telegram (seller_research),product_page_listed_not_current_stock_verified,https://shimimerck.ir/2-nitrobenzaldehyde-822293.html,4-نیترو بنزالدهید 4-Nitrobenzaldehyde کد محصول مرک: 806766 واردات جدید مرک || 2 nitrobenzaldehyde,structured_pubchem,ai_model_fleet + seed_2026-08-25,2026-08-25,0936b9f72febf8519f6c712b463d6c18824a459eb52c7bc1c132e633d46ebf2c
2-nitrophenol,Nitro phenol,2-nitrophenol; Nitro phenol,88-75-5,6947,,,IQUPABOKLQSFBK-UHFFFAOYSA-N,C6H5NO3,139.11,C1=CC=C(C(=C1)[N+](=O)[O-])O,confirmed_organic,organic_reagent,,,TamadKala,Iranian online wholesale/lab shop,product_page_listed_not_current_stock_verified,https://tamadkala.com/product/164928/%D9%86%DB%8C%D8%AA%D8%B1%D9%88-%D9%81%D9%86%D9%88%D9%84-%D8%A8%D8%B1%D9%86%D8%AF-%D9%84%D9%88%D8%A8%D8%A7-%D9%87%D9%86%D8%AF,نیترو فنول برند لوبا هند,router_title_normalization,seed_2026-08-24 + seed_2026-08-25,2026-08-23,d01814134c313eaa84de26b2c4d6609fbfd8ebe9c946523f747c40a390061bf9
2-nitroterephthalic acid,"1,4-Benzenedicarboxylic acid, 2-nitro-",,610-29-7,69122,,,QUMITRDILMWWBC-UHFFFAOYSA-N,C8H5NO6,211.13,C1=CC(=C(C=C1C(=O)O)[N+](=O)[O-])C(=O)O,confirmed_organic,organic_reagent,,,telegram:ChemIranSanat,Iranian supplier Telegram catalogue,listing_evidence_crawled_2026-08-24,https://t.me/ChemIranSanat/1862,"12900 Acros (2-)Nitroterephthalic acid, 99+% 25g & 011086 Exir Nitroterephthalic acid, 98% 5g 🔜 موجود و آماده تحویل ✅ شیمیران صنعت فقط اصلی ♾ موجودی و تنوع بی نظیر از برندهای معتبر 📱 سفارش کالا 👇 🆔 @ChemIranAdmin 🆔 @ChemIran1",ai_normalised_listing+pubchem_confirmed,seed_2026-08-24 + seed_2026-08-25,2019-11-05,cf8e23d7b94474ed52f107cac49821a0d571ebe7893123b86283eef3a71f64d7
2-nonylphenol,Nonylphenol,,,67296,,,SNQQPOLDUKLAAF-UHFFFAOYSA-N,C15H24O,220.35,CCCCCCCCCC1=CC=CC=C1O,confirmed_organic,organic_reagent,,,t.me/IranChemicals + telegram:IranChemicals,Iranian supplier Telegram catalogue|ai_normalized,listing_evidence_crawled_2026-08-24,https://t.me/IranChemicals/23430,"🆘 ⛔️ 🆘 
 ✅ #دانستنی ها 
 ✅ ادامه امولسیفایرها 

 🟥 نونیل فنول - بخش اول 
 ✅ از تولید و کاربری تا مخاطرات زیست محیطی 

 🔴 نونیل فنول ها
Nonyl phenol 
 از لغات Nonus و Phenol در لاتین ریشه می گیرند، خانواده ای از ترکیبات آ",ai_normalised_listing+pubchem_confirmed,ai_model_fleet + seed_2026-08-24 + seed_2026-08-25,2022-01-04,34b1c7b9e3c7027eb6462627beef3ce2d33c26bb3a1e01fb493f2f446151b247
2-octadecanoyloxyethyl octadecanoate,Glycol Distearate,2-octadecanoyloxyethyl octadecanoate; Glycol Distearate,,61174,,,FPVVYTCTZKCSOJ-UHFFFAOYSA-N,C38H74O4,595.0,CCCCCCCCCCCCCCCCCC(=O)OCCOC(=O)CCCCCCCCCCCCCCCCC,confirmed_organic,cosmetic_raw_material,,,BehChin Chemi Pharmed,Iranian supplier API/intermediate catalogue,supplier_catalogue_listed_not_current_stock_verified,https://www.behchinchemi.ir/en/our-products/cosmetic-materials,Glycol Distearate,supplier_table,seed_2026-08-24 + seed_2026-08-25,2026-08-23,1659f3b856c8470033df81a5db7b33e2eab91228d6ee08c28f9ac2bf5bd3557a
2-oxopentanedioic acid,,,,51,,,KPGXRSRHYNQIFN-UHFFFAOYSA-N,C5H6O5,146.1,,confirmed_organic,pharmaceutical_or_api,derived:supplier_platform,,t.me/ATRmedShop,ai_normalized,,https://t.me/ATRmedShop/758,"آلفا-کتوگلوتاریک اسید


‌‏⁧ ‌‌‏‌محصولات سیگما اصل را از ما بخواهید.

 👇 واردات و فروش مواد شیمیایی سیگما 👇 ‌‌ 
‌
 ☎️ تلفن: ۰۲۱۶۶۳۶۱۵۴۳-۶۶۳۷۹۰۲۶-۰۲۱
‌
 📱 موبایل: 09120549893

 🌐 لینک محصول :

 https://atrmed.com/product/%",model_fleet+pubchem,ai_model_fleet,2026-08-27,681f01b01b12c0d02d913cd894389c069864a2e1558301e3c1e492b26cc79106
2-phenylacetonitrile,Phenylacetonitrile,2-phenylacetonitrile; Phenylacetonitrile; Benzyl cyanide,,8794,,,SUSQOBVLVYHIEX-UHFFFAOYSA-N,C8H7N,117.15,C1=CC=C(C=C1)CC#N,confirmed_organic,organic_reagent,,,telegram:minatajhiz,Iranian supplier Telegram catalogue,listing_evidence_crawled_2026-08-24,https://t.me/minatajhiz/808,Benzyl cyanide      801811,ai_normalised_listing+pubchem_confirmed,seed_2026-08-24 + seed_2026-08-25,2021-08-22,fa68a3016ce9649b0fd8e5791cc0eb201dffdcda6888a3731de77f211b0b0339
2-phenylchromenylium,Anthocyanins,,,145858,,,NWKFECICNXDNOQ-UHFFFAOYSA-N,C15H11O+,207.25,C1=CC=C(C=C1)C2=[O+]C3=CC=CC=C3C=C2,confirmed_organic,colorant_or_indicator,,,telegram:IranChemicals,Iranian supplier Telegram catalogue,listing_evidence_crawled_2026-08-24,https://t.me/Iranchemicals/22646,,ai_normalised_listing+pubchem_confirmed,seed_2026-08-24 + seed_2026-08-25,2021-08-17,879c57d4765f21e05678a750e3809ad11ed1be82016036ba1681238c1e728e8d
2-phenylethanamine,Phenethylamine,,64-04-0,1001,,,BHHGXPLMPWCGHP-UHFFFAOYSA-N,C8H11N,121.18,C1=CC=C(C=C1)CCN,confirmed_organic,organic_reagent,,,telegram:chemgroup,Iranian supplier Telegram catalogue,listing_evidence_crawled_2026-08-24,https://t.me/chemgroup/133,,ai_normalised_listing+pubchem_confirmed,seed_2026-08-24 + seed_2026-08-25,2015-11-16,c2f0247a0e5594280a74220264ff0d3272fb5753ac193973c93cda53437e1779
"2-phenylindene-1,3-dione",pid,"2-phenylindene-1,3-dione; pid",,4760,,,NFBAXHOPROOJAW-UHFFFAOYSA-N,C15H10O2,222.24,C1=CC=C(C=C1)C2C(=O)C3=CC=CC=C3C2=O,confirmed_organic,organic_reagent,derived:supplier_platform,,TamadKala,Iranian online wholesale/lab shop,product_page_listed_not_current_stock_verified,https://tamadkala.com/product/9985/انکوباتور-25-لیتری-برد-pid-دیجیتال-هوشمند,انکوباتور 25 لیتری برد pid دیجیتال هوشمند,structured_pubchem,seed_2026-08-25,2026-08-25,0ec797fa78713fe1413b41e9a5c4576259f789012fdc3c2cd80a3491e6dd7d78
2-piperazin-1-ylethanamine,Aminoethylpiperazine,,,8795,,,IMUDHTPIFIBORV-UHFFFAOYSA-N,C6H15N3,129.20,C1CN(CCN1)CCN,confirmed_organic,organic_reagent,,,telegram:minatajhiz,Iranian supplier Telegram catalogue,listing_evidence_crawled_2026-08-24,https://t.me/minatajhiz/1074,,ai_normalised_listing+pubchem_confirmed,seed_2026-08-24 + seed_2026-08-25,2023-11-01,80590e309e9f58b7e0e1da4b06abd92a5da69b38516c38c2c626580df4c541db
"2-Propenoic acid, 2-methyl-, trimethylsilyl ester",(Trimethylsilyl)methacrylate,,,2733839,,,PGQNYIRJCLTTOJ-UHFFFAOYSA-N,C7H14O2Si,158.27,CC(=C)C(=O)O[Si](C)(C)C,confirmed_organic,organic_reagent,,,ChemIranSanat + t.me/ChemIranSanat,ai_normalized|telegram,listing_evidence_crawled_2026-08-23,https://t.me/ChemIranSanat/1635,"347493 Aldrich (Trimethylsilyl)methacrylate, 98% 25g 🔜 موجود و آماده تحویل ✅ شیمیران صنعت فقط اصلی ❓ قیمت و سفارش 👇 0938-648-9001 Admin 🆔 @ChemIranAdmin 🆔 @ChemIran1 || 347493 Aldrich
(Trimethylsilyl)methacrylate, 98%
25g

 🔜 موجود و آماده تحویل

 ✅ شیمیران صنعت فقط اصلی

 ❓ قیمت و سفارش 👇 

0938-64",ai_resolved+pubchem,ai_model_fleet + seed_2026-08-24 + seed_2026-08-25,2026-08-23,b4baa0906f0cb975a4de2ac44dcf89973db50bfcea987b433a287a93a8eb0493
2-sulfanylacetic acid,Thioglycolic acid,2-sulfanylacetic acid; Thioglycolic acid,68-11-1,1133,,,CWERGRDVMFNCDR-UHFFFAOYSA-N,C2H4O2S,92.12,C(C(=O)O)S,confirmed_organic,cosmetic_raw_material,,research,Pishgaman Shimi (IR Chem); TamadKala; Mojallali Group,Iranian online research/chemical shop | Iranian online wholesale/lab shop,product_page_listed_not_current_stock_verified,https://irchem.ir/thioglycolic-acid/,اسید تیوگلیکولیک | تیو گلیکولیک اسید | تیوگلیکولیک اسید lab دکتر مجللی | ...,explicit_category_supplement | router_title_normalization,seed_2026-08-24 + seed_2026-08-25,2026-08-23,c7d9cdd6e970dce4282a498186cf1c4ef5a002d9c75c7b5b4b600332a3373dc4
2-sulfanylethanol,,,,1567,,,DGVVWUTYPXICAM-UHFFFAOYSA-N,C2H6OS,78.14,,confirmed_organic,pharmaceutical_or_api,derived:supplier_platform,,t.me/ATRmedShop,ai_normalized,,https://t.me/ATRmedShop/177,"2-مرکاپتواتانول گرید بیولوژی مولکولی 
2-مرکاپتواتانول گرید بیولوژی مولکولی جهت احیاء پیوندهای دی سولفیدی پروتئین در الکتروفورز ژل پلی آکریل‌آمید کاربرد دارد و معمولاً در بافر...
برای ادامه مطلب، قیمت آنلاین و خرید اینترن",model_fleet+pubchem,ai_model_fleet,2026-08-27,3a0e1cda5dc2108dfc9f6c81bbbda8176999a055488ea2bac930b9e3010cae57
2H-benzotriazole,1H-Benzotriazole,2H-benzotriazole; 1H-Benzotriazole,95-14-7,7220,,,QRUDEWIWKLJBPS-UHFFFAOYSA-N,C6H5N3,119.12,C1=CC2=NNN=C2C=C1,confirmed_organic,organic_reagent,,industrial,Telegram: ChemIranSanat,Iranian supplier Telegram catalogue,listed_not_current_stock_verified,,2H-benzotriazole,existing skill export,seed_2026-08-24 + seed_2026-08-25,2026-08-23,bf323c88ed132a4a46ab600269572a0daf74fe53b63e71eac735d7e7016735fe
"3',6'-dihydroxy-2',4',5',7'-tetraiodospiro[2-benzofuran-3,9'-xanthene]-1-one",Erythrosine,,16423-68-0,3259,,,OALHHIHQOFIMEF-UHFFFAOYSA-N,C20H8I4O5,835.9,C1=CC=C2C(=C1)C(=O)OC23C4=CC(=C(C(=C4OC5=C(C(=C(C=C35)I)O)I)I)O)I,confirmed_organic,colorant_or_indicator,,,telegram:IranChemicals,Iranian supplier Telegram catalogue,listing_evidence_crawled_2026-08-24,https://t.me/Iranchemicals/28509,,ai_normalised_listing+pubchem_confirmed,seed_2026-08-24 + seed_2026-08-25,2025-01-16,68cd291cd963f5eb7632e10f25060c0beff0649e287545531651f95db072b825
"3',6'-dihydroxyspiro[2-benzofuran-3,9'-xanthene]-1-one",Fluorescein,,,16850,,,GNBHRKFJIUUOQI-UHFFFAOYSA-N,C20H12O5,332.3,C1=CC=C2C(=C1)C(=O)OC23C4=C(C=C(C=C4)O)OC5=C3C=CC(=C5)O,confirmed_organic,colorant_or_indicator,,,telegram:chemgroup,Iranian supplier Telegram catalogue,listing_evidence_crawled_2026-08-24,https://t.me/chemgroup/2134,,ai_normalised_listing+pubchem_confirmed,seed_2026-08-24 + seed_2026-08-25,2016-09-20,8d6270480258c8f50f76d42abd99ea3bc8c4ea91f659ce6b4f76a907c1b93e95
"3,3-bis(4-hydroxy-2-methyl-5-propan-2-ylphenyl)-2-benzofuran-1-one",Thymolphthalein,"3,3-bis(4-hydroxy-2-methyl-5-propan-2-ylphenyl)-2-benzofuran-1-one; Thymolphthalein",125-20-2,31316,,,LDKDGDIWEUUXSH-UHFFFAOYSA-N,C28H30O4,430.5,CC1=CC(=C(C=C1C2(C3=CC=CC=C3C(=O)O2)C4=CC(=C(C=C4C)O)C(C)C)C(C)C)O,confirmed_organic,organic_reagent,,,TamadKala; Mojallali Group; telegram:ATRmedShop,Iranian online wholesale/lab shop,product_page_listed_not_current_stock_verified,https://tamadkala.com/product/32856/%D8%AA%DB%8C%D9%85%D9%88%D9%84-%D9%81%D8%AA%D8%A7%D9%84%D8%A6%DB%8C%D9%86,تیمول فتالئین,router_title_normalization,seed_2026-08-24 + seed_2026-08-25,2026-08-23,2126673d428fb784967d7e509f7208d1232909d4bde715bc6fa34a80cd8d4061
"3,3-bis(4-hydroxyphenyl)-2-benzofuran-1-one",Bisphenol A,"3,3-bis(4-hydroxyphenyl)-2-benzofuran-1-one; Bisphenol A; 4-[2-(4-hydroxyphenyl)propan-2-yl]phenol",77-09-8,6623,,yes,IISBACLAFKSPIT-UHFFFAOYSA-N,C15H16O2,228.29,CC(C)(C1=CC=C(C=C1)O)C2=CC=C(C=C2)O,confirmed_organic,organic_reagent,,research,TamadKala; Telegram: minatajhiz + t.me/ChemIranSanat + t.me/IranChemicals + t.me/minatajhiz,Iranian online wholesale/lab shop | Iranian supplier Telegram catalogue|ai_normalized|telegram,listed_not_current_stock_verified | product_page_listed_not_current_stock_verified,https://t.me/IranChemicals/31018,"4-[2-(4-hydroxyphenyl)propan-2-yl]phenol | بیسفنول a | فنل فتالئین acs دکتر مجللی | فنل فتالئین قطران شیمی | فنول فتالئین || پژوهشگران دانشگاه استکهلم و دانشگاه ایالتی نیویورک:
رسیدهای خرید شاید دلیل اصلی وجود BPA (Bisphenol A) در خون انسان باشد!

 🆔 @ChemIran1 || ✅ ✅ ✅ 

 🔴 *فروش مواد اولیه زیر :* ",existing skill export | router_title_normalization,ai_model_fleet + live_telegram_listing + seed_2026-08-24 + seed_2026-08-25,2026-08-23,6ccd0ce56f84d10b693c15496772392d7805212f48a0894bf36dc8be927697fa
"3,3-dimethyl-7-oxo-6-[(2-phenylacetyl)amino]-4-thia-1-azabicyclo[3.2.0]heptane-2-carboxylic acid",Penicillins,,,2349,,,JGSARLDLIJGVTE-UHFFFAOYSA-N,C16H18N2O4S,334.4,CC1(C(N2C(S1)C(C2=O)NC(=O)CC3=CC=CC=C3)C(=O)O)C,confirmed_organic,pharmaceutical_or_api,,,telegram:minatajhiz,Iranian supplier Telegram catalogue,listing_evidence_crawled_2026-08-24,https://t.me/minatajhiz/90,,ai_normalised_listing+pubchem_confirmed,seed_2026-08-24 + seed_2026-08-25,2017-09-13,9ac485788bd74b04165e0991ab4fd4a6d5a237fabf78f77d513e063cc2f0b1ba
"3,4,5-trihydroxy-5-(hydroxymethyl)-2-methoxycyclohex-2-en-1-one",Gadusol,"3,4,5-trihydroxy-5-(hydroxymethyl)-2-methoxycyclohex-2-en-1-one; Gadusol",,195955,,,KENOUOLPKKQXMX-UHFFFAOYSA-N,C8H12O6,204.18,COC1=C(C(C(CC1=O)(CO)O)O)O,confirmed_organic,organic_reagent,,research,Telegram: ChemIranSanat + t.me/ChemIranSanat,Iranian supplier Telegram catalogue|ai_normalized|telegram,listed_not_current_stock_verified,https://t.me/ChemIranSanat/1295,"3,4,5-trihydroxy-5-(hydroxymethyl)-2-methoxycyclohex-2-en-1-one || شیمی عجیب و غریب
دانشمندان معتقد بودند موجودات زنده ترکیبات ضدآفتاب را از غذایشان به دست میاورند اما کشف شده که ترکیب Gadusol که تابش UV را جذب میکند، در بدن ماهی زبرا ساخته میشود.

 🆔 @ChemIran1",existing skill export,ai_model_fleet + live_telegram_listing + seed_2026-08-24 + seed_2026-08-25,2026-08-23,6e5d10ce69084c3533df682257ee5b33e4ee42a51d2a1ddf34566ae8d1422466
"3,4,5-trihydroxybenzoic acid",Gallic acid,"3,4,5-trihydroxybenzoic acid; Gallic acid",149-91-7,370,,,LNTHITQWFMADLM-UHFFFAOYSA-N,C7H6O5,170.12,C1=C(C=C(C(=C1O)O)O)C(=O)O,confirmed_organic,secondary_metabolite_or_natural_product,,research,TamadKala,Iranian online research/chemical shop | Iranian online wholesale/lab shop,product_page_listed_not_current_stock_verified,https://tamadkala.com/product/90739/%DA%AF%D8%A7%D9%84%DB%8C%DA%A9-%D8%A7%D8%B3%DB%8C%D8%AF-%D8%B3%DB%8C%DA%AF%D9%85%D8%A7,گالیک اسید | ... | گالیک اسید سیگما,explicit_category_supplement | router_title_normalization,seed_2026-08-24 + seed_2026-08-25,2026-08-23,e0751445902efd0ad39e75a264eb0c15e5de51ea16dd6c98befd644d190d17a9
"3,4,5-trimethoxyaniline","3,4,5-Trimethoxyaniline","3,4,5-trimethoxyaniline; 3,4,5-Trimethoxyaniline",,32285,,,XEFRNCLPPFDWAC-UHFFFAOYSA-N,C9H13NO3,183.20,COC1=CC(=CC(=C1OC)OC)N,confirmed_organic,organic_reagent,,research,Telegram: minatajhiz + t.me/minatajhiz,Iranian supplier Telegram catalogue|telegram,listed_not_current_stock_verified,https://t.me/s/minatajhiz,"3,4,5-trimethoxyaniline",existing skill export,live_telegram_listing + seed_2026-08-24 + seed_2026-08-25,2026-08-23,5c5d54d17823bb1c6a1bbcd745ff472773fe2557f0fcd39409e5f3fa5b028dd8
"3,4-dimethylaniline","3,4-Dimethylaniline",,,7248,,,DOLQYFPDPKPQSS-UHFFFAOYSA-N,C8H11N,121.18,CC1=C(C=C(C=C1)N)C,confirmed_organic,organic_reagent,,,telegram:minatajhiz,Iranian supplier Telegram catalogue,listing_evidence_crawled_2026-08-24,https://t.me/minatajhiz/113,,ai_normalised_listing+pubchem_confirmed,seed_2026-08-24 + seed_2026-08-25,2017-10-08,46b94878da5bbb9b4bc3993b91c68c6bf6200342fa8886acaeb469343daf2956
"3,5,5-trimethylhexan-1-ol","3,5,5-Trimethyl-1-hexanol","3,5,5-trimethylhexan-1-ol; 3,5,5-Trimethyl-1-hexanol",3452-97-9,18938,,,BODRLKRKPXBDBN-UHFFFAOYSA-N,C9H20O,144.25,CC(CCO)CC(C)(C)C,confirmed_organic,organic_reagent,,,TamadKala,Iranian online wholesale/lab shop,product_page_listed_not_current_stock_verified,https://tamadkala.com/product/101488/3-%D9%88-5-%D9%88-5-%D8%AA%D8%B1%DB%8C-%D9%85%D8%AA%DB%8C%D9%84-1-%D9%87%DA%AF%D8%B2%D8%A7%D9%86%D9%88%D9%84,3 و 5 و 5 تری متیل 1 هگزانول,router_title_normalization,seed_2026-08-24 + seed_2026-08-25,2026-08-23,c0209317390be2c90d556286bc20e09351f9e176b8a658c9cddb5c84b0342c09
"3,5,6,8-tetrahydroxy-1-methyl-9,10-dioxo-7-[(2R,3R,4R,5S,6R)-3,4,5-trihydroxy-6-(hydroxymethyl)oxan-2-yl]anthracene-2-carboxylic acid",Carmine,,,14749,,,DGQLVPJVXFOQEV-NGOCYOHBSA-N,C22H20O13,492.4,CC1=C2C(=CC(=C1C(=O)O)O)C(=O)C3=C(C2=O)C(=C(C(=C3O)O)[C@@H]4[C@@H]([C@H]([C@@H]([C@H](O4)CO)O)O)O)O,confirmed_organic,colorant_or_indicator,,,telegram:chemgroup,Iranian supplier Telegram catalogue,listing_evidence_crawled_2026-08-24,https://t.me/chemgroup/4415,,ai_normalised_listing+pubchem_confirmed,seed_2026-08-24 + seed_2026-08-25,2018-01-18,81759ecbaeb613fbf6ad13445ae803e8862eab6c214cf5991b20af2d11fdcb62
"3,5,7-trihydroxy-2-(4-hydroxyphenyl)chromen-4-one",kaempferol,"3,5,7-trihydroxy-2-(4-hydroxyphenyl)chromen-4-one; kaempferol",,5280863,,,IYRMWMYZSQPJKC-UHFFFAOYSA-N,C15H10O6,286.24,C1=CC(=CC=C1C2=C(C(=O)C3=C(C=C(C=C3O2)O)O)O)O,confirmed_organic,secondary_metabolite_or_natural_product,,research,TamadKala,Iranian online research/chemical shop,product_page_listed_not_current_stock_verified,https://tamadkala.com/product/90740/%DA%A9%D8%A7%D8%A6%D9%85%D9%81%D8%B1%D9%88%D9%84-%D8%B3%DB%8C%DA%AF%D9%85%D8%A7,کائمفرول سیگما,explicit_category_supplement,seed_2026-08-24 + seed_2026-08-25,2026-08-23,adad9343d32848c00172069f3e8dde388054f0d46f0026fc0f0c52a5ba64bf71
"3,5-dimethyladamantan-1-amine",memantine,"3,5-dimethyladamantan-1-amine; memantine",,4054,,,BUGYDGFZZOZRHP-UHFFFAOYSA-N,C12H21N,179.30,CC12CC3CC(C1)(CC(C3)(C2)N)C,confirmed_organic,pharmaceutical_or_api,,,Rooz Darou,Iranian pharmaceutical product catalogue,product_page_listed_not_current_stock_verified,http://rouzdarou.com/products/%D9%85%D9%85%D8%A7%D9%86%D8%AA%DB%8C%D9%86-%D9%85%D9%85%D9%88%DA%A9%D8%B3%D8%A7-5,ممانتین ( مموکسا ) 5,PubChem name validation from supplier product title,seed_2026-08-24 + seed_2026-08-25,2026-08-23,fd0fc7e0a89534c7c37c71b90b57323b557e80d495d22949b90042efd472b6e8
"3,5-dinitrobenzoyl chloride","3,5-dinitrobenzoyl chloride","3,5-dinitrobenzoyl chloride",,7432,,,NNOHXABAQAGKRZ-UHFFFAOYSA-N,C7H3ClN2O5,230.56,C1=C(C=C(C=C1[N+](=O)[O-])[N+](=O)[O-])C(=O)Cl,confirmed_organic,organic_reagent,,research,t.me/ChemIranSanat + telegram:ChemIranSanat,telegram|telegram:ChemIranSanat,telegram_listing_evidence,https://t.me/s/ChemIranSanat,"803075 Merck 3,5-Dinitrobenzoyl chloride 100g 🔜 موجود و آماده تحویل ✅ شیمیران صنعت فقط اصلی ♾ موجودی و تنوع بی نظیر از برندهای معتبر 📱 سفارش کالا 👇 🆔 @ChemIranAdmin 🆔 @ChemIran1",structured_pubchem,live_telegram_listing + seed_2026-08-24 + seed_2026-08-25,2026-08-23,eb9dc525f54ebef4aaabc4432dc0b83564f6507690008b4b135230fc3b2dfbc4
"3,7-dimethylpurine-2,6-dione",Theobromine,"3,7-dimethylpurine-2,6-dione; Theobromine",,5429,,,YAPQBXQYLJRXSA-UHFFFAOYSA-N,C7H8N4O2,180.16,CN1C=NC2=C1C(=O)NC(=O)N2C,confirmed_organic,organic_reagent,,research,Telegram: ChemIranSanat + t.me/ChemIranSanat,Iranian supplier Telegram catalogue|ai_normalized|telegram,listed_not_current_stock_verified,https://t.me/ChemIranSanat/998,"3,7-dimethylpurine-2,6-dione || شیمی شکلات
فنیل اتیل آمین موجود در شکلات باعث احساس خوب و تهییج می گردد.
شکلات شیری حاوی Theobromine بوده که برای سگ و گربه سمی است اما برای انسان فقط در دوزهای بیشتر سمی است.

 🆔 @ChemIran1",existing skill export,ai_model_fleet + live_telegram_listing + seed_2026-08-24 + seed_2026-08-25,2026-08-23,527b360db3eb952ae0ee1b61683b3164bd5a9a4926d19e5a6397dbafd0464287
"3-(3,8-diamino-6-phenylphenanthridin-5-ium-5-yl)propyl-diethyl-methylazanium",,,,4939,,,ZDWVWKDAWBGPDN-UHFFFAOYSA-O,C27H34N4+2,414.6,,confirmed_organic,pharmaceutical_or_api,derived:supplier_platform,research,t.me/ATRmedShop,telegram,,https://t.me/s/ATRmedShop,,seed,live_telegram_listing,2026-08-27,77ff6378a3650c92bc98ef6eb26d1171b4183f81724f11610124e4e7c1df4030
"3-(3,8-diamino-6-phenylphenanthridin-5-ium-5-yl)propyl-diethyl-methylazanium diiodide",Propidium Iodide,"3-(3,8-diamino-6-phenylphenanthridin-5-ium-5-yl)propyl-diethyl-methylazanium diiodide; Propidium Iodide",25535-16-4,104981,,,XJMOSONTPMZWPB-UHFFFAOYSA-M,C27H34I2N4,668.4,CC[N+](C)(CC)CCC[N+]1=C2C=C(C=CC2=C3C=CC(=CC3=C1C4=CC=CC=C4)N)N.[I-].[I-],confirmed_organic,organic_reagent,,research,Telegram: ChemIranSanat; telegram:ATRmedShop + t.me/ATRmedShop + t.me/ChemIranSanat,Iranian supplier Telegram catalogue|ai_normalized|telegram,listed_not_current_stock_verified,https://t.me/ATRmedShop/696,"3-(3,8-diamino-6-phenylphenanthridin-5-ium-5-yl)propyl-diethyl-methylazanium diiodide || خرید رنگ پروپیدیوم یدید | قیمت رنگ پروپیدیوم یدید


‌‏⁧ ‌‌‏‌محصولات سیگما اصل را از ما بخواهید.

 👇 واردات و فروش مواد شیمیایی سیگما 👇 ‌
‌ 
‌
 ☎️ تلفن: ۰۲۱۶۶۳۶۱۵۴۳-۶۶۳۷۹۰۲۶-۰۲۱
‌
 📱 موبایل: 09120549893

 🌐 لینک ",existing skill export,ai_model_fleet + live_telegram_listing + seed_2026-08-24 + seed_2026-08-25,2026-08-23,c716be191cf522ba2688d6aac149047d584a0055ca684aa80b7fd9c34e372df5
"3-(4-bromophenyl)-7H-imidazo[2,1-b][1,3]thiazol-4-ium",dyc,"3-(4-bromophenyl)-7H-imidazo[2,1-b][1,3]thiazol-4-ium; dyc",,145998259,,,LVDOGHLCDFUJNK-UHFFFAOYSA-O,C11H8BrN2S+,280.17,C1=CC(=CC=C1C2=CSC3=[N+]2C=CN3)Br,confirmed_organic,organic_reagent,derived:supplier_platform,,TamadKala,Iranian online wholesale/lab shop,product_page_listed_not_current_stock_verified,https://tamadkala.com/product/154861/بنزیل-بنزوات-برند-dyc-چین,بنزیل بنزوات برند dyc چین,structured_pubchem,seed_2026-08-25,2026-08-25,09c9e0f289efdb363ee45ead669372d951424483ab8de13360cd68d23ad33095
"3-(ethyliminomethylideneamino)-N,N-dimethylpropan-1-amine;hydrochloride","3-(ethyliminomethylideneamino)-N,N-dimethylpropan-1-amine;hydrochloride",,25952-53-8,2723939,,,FPQQSJJWHUJYPU-UHFFFAOYSA-N,C8H18ClN3,191.70,CCN=C=NCCCN(C)C.Cl,confirmed_organic,organic_reagent,derived:supplier_platform,,telegram:ChemIranSanat,public Telegram (seller_research),product_page_listed_not_current_stock_verified,https://t.me/ChemIranSanat/1811,N-(3-Dimethylaminopropyl)-N′-ethylcarbodiimide hydrochloride | E7750 Sigma-Aldrich N-(3-Dimethylaminopropyl)-N′-ethylcarbodiimide hydrochloride (EDC.HCl) 5g 🔜 موجود و آماده تحویل ✅ شیمیران صنعت فقط اصلی ♾ موجودی و تنوع بی نظیر از برندهای معتبر 📱 سفارش کالا 👇 🆔 @ChemIranAdmin 🆔 @ChemIran1,router_batch+pubchem,seed_2026-08-24 + seed_2026-08-25,2026-08-25,b99c0aa9bc83dc9f025ad6ccd3455dc501c5c11b45d7c6325a8ec050f7ceac1c
3-[(2S)-1-methylpyrrolidin-2-yl]pyridine,Nicotine,,54-11-5,89594,,,SNICXCGAKADSCV-JTQLQIEISA-N,C10H14N2,162.23,CN1CCC[C@H]1C2=CN=CC=C2,confirmed_organic,secondary_metabolite_or_natural_product,,Shimi Merck,Shimi Merck + https://shimimerck.ir/shop/nicotine + telegram:chemgroup,Iranian supplier Telegram catalogue|ai_normalized|live_supplier_catalogue,listing_evidence_crawled_2026-08-24,https://shimimerck.ir/nicotine-merck-code-820877.html,nicotine merck code,ai_normalised_listing+pubchem_confirmed,ai_model_fleet + live_web_catalogue + seed_2026-08-24 + seed_2026-08-25,2015-12-27,19f315ecd4c992a31f679250b0cae1feb1ec4804bfb03333d75d2996fef656b2
"3-[(3S,5R,8R,9S,10S,12R,13S,14S,17R)-3-[(2R,4S,5S,6R)-5-[(2S,4S,5S,6R)-5-[(2S,4S,5S,6R)-4,5-dihydroxy-6-methyloxan-2-yl]oxy-4-hydroxy-6-methyloxan-2-yl]oxy-4-hydroxy-6-methyloxan-2-yl]oxy-12,14-dihydroxy-10,13-dimethyl-1,2,3,4,5,6,7,8,9,11,12,15,16,17-tetradecahydrocyclopenta[a]phenanthren-17-yl]-2H-furan-5-one",Digoxin,,,2724385,,,LTMHDMANZUZIPE-PUGKRICDSA-N,C41H64O14,780.9,C[C@@H]1[C@H]([C@H](C[C@@H](O1)O[C@@H]2[C@H](O[C@H](C[C@@H]2O)O[C@@H]3[C@H](O[C@H](C[C@@H]3O)O[C@H]4CC[C@]5([C@@H](C4)CC[C@@H]6[C@@H]5C[C@H]([C@]7([C@@]6(CC[C@@H]7C8=CC(=O)OC8)O)C)O)C)C)C)O)O,confirmed_organic,pharmaceutical_or_api,,,telegram:ChemIranSanat,Iranian supplier Telegram catalogue,listing_evidence_crawled_2026-08-24,https://t.me/ChemIranSanat/1096,,ai_normalised_listing+pubchem_confirmed,seed_2026-08-24 + seed_2026-08-25,2017-12-19,fbbc3be6f22416d9ef6dd807fbd96835fbe1f1a265971e16971420d2943bef75
3-[(4-carboxy-2-hydroxyphenyl)sulfamoyl]thiophene-2-carboxylic acid,htc,3-[(4-carboxy-2-hydroxyphenyl)sulfamoyl]thiophene-2-carboxylic acid; htc,,657106,,,RDPXXOOKKRIKFN-UHFFFAOYSA-N,C12H9NO7S2,343.3,C1=CC(=C(C=C1C(=O)O)O)NS(=O)(=O)C2=C(SC=C2)C(=O)O,confirmed_organic,organic_reagent,derived:supplier_platform,,TamadKala,Iranian online wholesale/lab shop,product_page_listed_not_current_stock_verified,https://tamadkala.com/product/54101/دماسنج-و-رطوبت-سنج-محیطی-htc-2,دماسنج و رطوبت سنج محیطی htc 2,structured_pubchem,seed_2026-08-25,2026-08-25,411efe1b68aaa5e44d0b1ddccab10d9fa612961f12fa9e0cea0c86244b9dea58
3-[2-(3-chlorophenyl)ethynyl]-2-[4-[2-(cyclopropylamino)-2-oxoethoxy]phenyl]-6-hydroxy-1-benzofuran-5-carboxylic acid,N75,3-[2-(3-chlorophenyl)ethynyl]-2-[4-[2-(cyclopropylamino)-2-oxoethoxy]phenyl]-6-hydroxy-1-benzofuran-5-carboxylic acid; N75,,70673568,,,IIURSEJMCKFEQG-UHFFFAOYSA-N,C28H20ClNO6,501.9,C1CC1NC(=O)COC2=CC=C(C=C2)C3=C(C4=CC(=C(C=C4O3)O)C(=O)O)C#CC5=CC(=CC=C5)Cl,confirmed_organic,organic_reagent,derived:supplier_platform,,telegram:Maran_Tejarat_Eshen,public Telegram (seller_industrial),product_page_listed_not_current_stock_verified,https://t.me/Maran_Tejarat_Eshen/576,✅️ هاردنر پلی اورتان N75 موجود شد 🇩🇪 ساخت آلمان 🇩🇪,structured_pubchem,seed_2026-08-25,2026-08-25,b371c314f3e2f3d506272d56c88ff2dbb7b5f013b43b6e390c00ee887b4df42b
"3-[2-[4-(6-fluoro-1,2-benzoxazol-3-yl)piperidin-1-yl]ethyl]-2-methyl-6,7,8,9-tetrahydropyrido[1,2-a]pyrimidin-4-one",risperidone,"3-[2-[4-(6-fluoro-1,2-benzoxazol-3-yl)piperidin-1-yl]ethyl]-2-methyl-6,7,8,9-tetrahydropyrido[1,2-a]pyrimidin-4-one; risperidone; Risperidone",,5073,,,RAPZEAPATHNIPO-UHFFFAOYSA-N,C23H27FN4O2,410.5,CC1=C(C(=O)N2CCCCC2=N1)CCN3CCC(CC3)C4=NOC5=C4C=CC(=C5)F,confirmed_organic,pharmaceutical_or_api,,,Rooz Darou; Temad,Iranian pharmaceutical product catalogue,product_page_listed_not_current_stock_verified,http://rouzdarou.com/products/%D9%82%D8%B1%D8%B5-%D8%B1%DB%8C%D8%B3%D9%BE%D8%B1%DB%8C%D8%AF%D9%88%D9%86-4,قرص ریسپریدون 4,PubChem name validation from supplier product title,seed_2026-08-24 + seed_2026-08-25,2026-08-23,d1efa8cdd1ddbc723c568516182c83e14c863fd5ac17f953469d469dd31c68ec
"3-[[(2R)-2,4-dihydroxy-3,3-dimethylbutanoyl]amino]propanoic acid",pantothenic acid,"3-[[(2R)-2,4-dihydroxy-3,3-dimethylbutanoyl]amino]propanoic acid; pantothenic acid",,6613,,,GHOKWGTUZJEAQD-ZETCQYMHSA-N,C9H17NO5,219.23,CC(C)(CO)[C@H](C(=O)NCCC(=O)O)O,confirmed_organic,pharmaceutical_or_api,,,TamadKala,Iranian online research/chemical shop,product_page_listed_not_current_stock_verified,https://tamadkala.com/product/87737/%D9%88%DB%8C%D8%AA%D8%A7%D9%85%DB%8C%D9%86-b5-%D8%AE%D9%88%D8%B1%D8%A7%DA%A9%DB%8C,ویتامین B5 خوراکی,explicit_category_supplement,seed_2026-08-24 + seed_2026-08-25,2026-08-23,aaeed845dc2e2988ad452f5c0811b98005eb31a03bcfabc2547aa2181b538f80
"3-[dimethyl-[3-[[(4R)-4-[(3R,5S,7R,8R,9S,10S,12S,13R,14S,17R)-3,7,12-trihydroxy-10,13-dimethyl-2,3,4,5,6,7,8,9,11,12,14,15,16,17-tetradecahydro-1H-cyclopenta[a]phenanthren-17-yl]pentanoyl]amino]propyl]azaniumyl]propane-1-sulfonate",,,,107670,,,UMCMPZBLKLEWAF-BCTGSCMUSA-N,C32H58N2O7S,614.9,,confirmed_organic,pharmaceutical_or_api,derived:supplier_platform,,t.me/ATRmedShop,ai_normalized,,https://t.me/ATRmedShop/806,"CHAPS هیدرات 
توضیحات کلی
CHAPS هیدرات یک دترجنت زویتریونیک و سولفوبتائین غیر دناتوره و ملایم است و پروتئین‌ها و گیرنده‌های غشایی را حل می‌کند. برای شکستن اینتراکشن پروتئین و پروتئین مناسب است. CHAPS یک مشتق از نمک‌های ص",model_fleet+pubchem,ai_model_fleet,2026-08-27,aac083283a2deb781c2230fe2d2be853585ef09cd5c8f2bdc2e40bdbf40dc555
"3-[dimethyl-[3-[[(4R)-4-[(3R,5S,7R,8R,9S,10S,12S,13R,14S,17R)-3,7,12-trihydroxy-10,13-dimethyl-2,3,4,5,6,7,8,9,11,12,14,15,16,17-tetradecahydro-1H-cyclopenta[a]phenanthren-17-yl]pentanoyl]amino]propyl]azaniumyl]propane-1-sulfonate;hydrate",,,,45051717,,,SJCUTFKCLFLIFE-JWTJKVBLSA-N,C32H60N2O8S,632.9,,confirmed_organic,pharmaceutical_or_api,derived:supplier_platform,,t.me/ATRmedShop,ai_normalized,,https://t.me/ATRmedShop/806,"CHAPS هیدرات 
توضیحات کلی
CHAPS هیدرات یک دترجنت زویتریونیک و سولفوبتائین غیر دناتوره و ملایم است و پروتئین‌ها و گیرنده‌های غشایی را حل می‌کند. برای شکستن اینتراکشن پروتئین و پروتئین مناسب است. CHAPS یک مشتق از نمک‌های ص",model_fleet+pubchem,ai_model_fleet,2026-08-27,fa9b1aead0cfa65c14f1a4d8c7fe80cc58bda6c458edf925a2492bb96c20c8e9
3-[hydroxy-(2-phosphonooxyacetyl)amino]propyl dihydrogen phosphate,ph4,3-[hydroxy-(2-phosphonooxyacetyl)amino]propyl dihydrogen phosphate; ph4,,24880023,,,IISKWLQYGVRJHI-UHFFFAOYSA-N,C5H13NO10P2,309.11,C(CN(C(=O)COP(=O)(O)O)O)COP(=O)(O)O,confirmed_organic,organic_reagent,derived:supplier_platform,,TamadKala,Iranian online wholesale/lab shop,product_page_listed_not_current_stock_verified,https://tamadkala.com/product/51654/بافر-ph4-شرکت-نوترون,بافر ph4 شرکت نوترون,structured_pubchem,seed_2026-08-25,2026-08-25,ae534112ae34fa729d9f89b8d334da92addf873debdf873dbf58aeeaab5df1a9
"3-acetyl-6-methylpyran-2,4-dione",Dehydroacetic acid,,520-45-6,122903,,,PGRHXDWITVMQBC-UHFFFAOYSA-N,C8H8O4,168.15,CC1=CC(=O)C(C(=O)O1)C(=O)C,confirmed_organic,organic_reagent,,,telegram:minatajhiz,Iranian supplier Telegram catalogue,listing_evidence_crawled_2026-08-24,https://t.me/minatajhiz/1030,دی هیدرواستیک اسید Dehydroacetic acid کد محصول مرک: 822011 واردات جدید سیگما آلدریچ,ai_normalised_listing+pubchem_confirmed,seed_2026-08-24 + seed_2026-08-25,2023-05-24,ba58fb80b4e3e2720bcf39b3be7f0b4d9827324679ce65e4535f681613c16a06
3-aminobenzoic acid,3-Aminobenzoic Acid,3-aminobenzoic acid; 3-Aminobenzoic Acid,,7419,,,XFDUHJPVQKIXHO-UHFFFAOYSA-N,C7H7NO2,137.14,C1=CC(=CC(=C1)N)C(=O)O,confirmed_organic,organic_reagent,,research,Telegram: minatajhiz + t.me/minatajhiz,Iranian supplier Telegram catalogue|telegram,listed_not_current_stock_verified,https://t.me/s/minatajhiz,3-aminobenzoic acid,existing skill export,live_telegram_listing + seed_2026-08-24 + seed_2026-08-25,2026-08-23,7fe72bfa0c7e1d0036b2bfa157dca4a6a554a0b23d5dea2d7c7e6d5c3a73a64f
"3-aminopropane-1,2-diol","3-Amino-1,2-propanediol","3-aminopropane-1,2-diol; 3-Amino-1,2-propanediol",,73561,,,KQIGMPWTAHJUMN-UHFFFAOYSA-N,C3H9NO2,91.11,C(C(CO)O)N,confirmed_organic,organic_reagent,,research,Telegram: minatajhiz + t.me/minatajhiz,Iranian supplier Telegram catalogue|telegram,listed_not_current_stock_verified,https://t.me/s/minatajhiz,"3-aminopropane-1,2-diol",existing skill export,live_telegram_listing + seed_2026-08-24 + seed_2026-08-25,2026-08-23,1bf343423de50b742371abb094b50a8b265dde0d0ea59867b3d5bb57e2e6896d
3-aminopropanoic acid,Beta-Alanine,,107-95-9,239,,,UCMIRNVEIXFBKS-UHFFFAOYSA-N,C3H7NO2,89.09,C(CN)C(=O)O,confirmed_organic,supplement_active,,Shimi Merck,Shimi Merck + https://shimimerck.ir/beta-alanine.html + telegram:minatajhiz,Iranian supplier Telegram catalogue|ai_normalized|live_supplier_catalogue,listing_evidence_crawled_2026-08-24,https://shimimerck.ir/beta-alanine.html,beta alanine,ai_normalised_listing+pubchem_confirmed,ai_model_fleet + live_web_catalogue + seed_2026-08-24 + seed_2026-08-25,2023-05-04,69f8b5695e9efa2dcebe6601197471f1d41e0019f4882c5b25028aa46dfcde01
3-bromoprop-1-ene,Allyl bromide,3-bromoprop-1-ene; Allyl bromide,,7841,,,BHELZAPQIKSEDF-UHFFFAOYSA-N,C3H5Br,120.98,C=CCBr,confirmed_organic,organic_reagent,,research,Telegram: minatajhiz + t.me/minatajhiz,Iranian supplier Telegram catalogue|telegram,listed_not_current_stock_verified,https://t.me/s/minatajhiz,3-bromoprop-1-ene,existing skill export,live_telegram_listing + seed_2026-08-24 + seed_2026-08-25,2026-08-23,50c1c935580ef62b30922e50749f55e59e205400fc946e296bbaec5665fc72a3
3-bromoprop-1-yne,Propargyl bromide,3-bromoprop-1-yne; Propargyl bromide; propargyl bromide,106-96-7,7842,,,YORCIIVHUBAYBQ-UHFFFAOYSA-N,C3H3Br,118.96,C#CCBr,confirmed_organic,organic_reagent,,research,Telegram: minatajhiz + t.me/minatajhiz,Iranian supplier Telegram catalogue|telegram,listed_not_current_stock_verified,https://t.me/s/minatajhiz,propargyl bromide || ✅ پروپارژیل بروماید بار جدید برند ترموفیشر,existing skill export,live_telegram_listing + seed_2026-08-24 + seed_2026-08-25,2026-08-23,cb381611f6a28e99e1e80cd0decddd48d1d40461f98af538dc7b2554289861e1
3-chloro-N-(methylideneamino)aniline,,,,3080694,,,JFRBRYMGEMNVME-UHFFFAOYSA-N,C7H7ClN2,154.6,,confirmed_organic,organic_reagent,derived:supplier_platform,,Shimi Merck,ai_normalized,,https://shimimerck.ir/carbonyl-cyanide-3-chlorophenylhydrazone.html,carbonyl cyanide 3 chlorophenylhydrazone,model_fleet+pubchem,ai_model_fleet,2026-08-27,6d0c5d61b1bb2afc4fc1b853370aa8390ee5675c75625bb987ec022f044f7a91
"3-chloro-N-[4-chloro-2-[(5-chloro-2-pyridinyl)carbamoyl]-6-methoxyphenyl]-4-[[methyl(1,3-oxazol-2-yl)amino]methyl]thiophene-2-carboxamide",xld,"3-chloro-N-[4-chloro-2-[(5-chloro-2-pyridinyl)carbamoyl]-6-methoxyphenyl]-4-[[methyl(1,3-oxazol-2-yl)amino]methyl]thiophene-2-carboxamide; xld",,447194,,,YVPSRJBNOKCMAX-UHFFFAOYSA-N,C23H18Cl3N5O4S,566.8,CN(CC1=CSC(=C1Cl)C(=O)NC2=C(C=C(C=C2OC)Cl)C(=O)NC3=NC=C(C=C3)Cl)C4=NC=CO4,confirmed_organic,organic_reagent,derived:supplier_platform,,TamadKala,Iranian online wholesale/lab shop,product_page_listed_not_current_stock_verified,https://tamadkala.com/product/31726/محیط-کشت-xld-آگار,محیط کشت xld آگار,structured_pubchem,seed_2026-08-25,2026-08-25,654533fc9f07eb3b72a9d5dae58dac4bcd3625c384b7d0f68ddc85404da5ffcf
3-chloropropyl(trimethoxy)silane,3-(Trimethoxysilyl)propyl chloride,3-chloropropyl(trimethoxy)silane; 3-(Trimethoxysilyl)propyl chloride,2530-87-2,62449,,,OXYZDRAJMHGSMW-UHFFFAOYSA-N,C6H15ClO3Si,198.72,CO[Si](CCCCl)(OC)OC,confirmed_organic,organic_reagent,,,t.me/ChemIranSanat + telegram:ChemIranSanat,Iranian supplier Telegram catalogue|ai_normalized,listing_evidence_crawled_2026-08-24,https://t.me/ChemIranSanat/1920,"(3-Chloropropyl)trimethoxysilane | 13728 Acros (3-Chloropropyl)trimethoxysilane, 98+% 100ml 🔜 موجود و آماده تحویل ✅ شیمیران صنعت فقط اصلی ♾ موجودی و تنوع بی نظیر از برندهای معتبر 📦 ارسال رایگان 📱 سفارش کالا 👇 📞 0938-648-9001 🆔 @ChemIranAdmin 🆔 @ChemIran1 || 13728 Acros
(3-Chloropropyl)trimethoxysila",ai_normalised_listing+pubchem_confirmed,ai_model_fleet + seed_2026-08-24 + seed_2026-08-25,2020-06-13,85b95bb79446e722795dfd23a81ca3a6957c4390a44fd30669da1246aec8dd81
3-ethoxy-4-hydroxybenzaldehyde,Ethylvanillin,3-ethoxy-4-hydroxybenzaldehyde; Ethylvanillin,121-32-4,8467,,,CBOQJANXLMLOSS-UHFFFAOYSA-N,C9H10O3,166.17,CCOC1=C(C=CC(=C1)C=O)O,confirmed_organic,fragrance_or_aroma,,research,Telegram: ChemIranSanat + t.me/ChemIranSanat,Iranian supplier Telegram catalogue|telegram,listed_not_current_stock_verified,https://t.me/s/ChemIranSanat,3-ethoxy-4-hydroxybenzaldehyde,existing skill export,live_telegram_listing + seed_2026-08-24 + seed_2026-08-25,2026-08-23,f2fc16e1468644840b26965cf2d0614711813cf2361e8fc01ed446d38956bac8
3-fluoroaniline,3-Fluoroaniline,,,9742,,,QZVQQUVWFIZUBQ-UHFFFAOYSA-N,C6H6FN,111.12,C1=CC(=CC(=C1)F)N,confirmed_organic,organic_reagent,,,telegram:minatajhiz,Iranian supplier Telegram catalogue,listing_evidence_crawled_2026-08-24,https://t.me/minatajhiz/112,,ai_normalised_listing+pubchem_confirmed,seed_2026-08-24 + seed_2026-08-25,2017-10-05,7d2787da75f47c476a05829feea7da6ba6ab0686aa466416acf84b228ed556c0
3-hydroxypropyl nitrate,3-Nitrooxypropanol,,,10011893,,,PTMLFFXFTRSBJW-UHFFFAOYSA-N,C3H7NO4,121.09,C(CO)CO[N+](=O)[O-],confirmed_organic,organic_reagent,,,telegram:ChemIranSanat,Iranian supplier Telegram catalogue,listing_evidence_crawled_2026-08-24,https://t.me/ChemIranSanat/1315,,ai_normalised_listing+pubchem_confirmed,seed_2026-08-24 + seed_2026-08-25,2018-03-11,ce7038b61b8d6cce232a5a6f85cde77ce256cd9d55a869c2c447cbebe0883a41
3-isothiocyanatoprop-1-ene,Allyl Isothiocyanate,3-isothiocyanatoprop-1-ene; Allyl Isothiocyanate; Allyl isothiocyanate,,5971,,,ZOJBYZNEUISWFT-UHFFFAOYSA-N,C4H5NS,99.16,C=CCN=C=S,confirmed_organic,organic_reagent,,research,Telegram: minatajhiz + t.me/ChemIranSanat + t.me/minatajhiz,Iranian supplier Telegram catalogue|ai_normalized|telegram,listed_not_current_stock_verified,https://t.me/ChemIranSanat/1317,"3-isothiocyanatoprop-1-ene || شیمی عجیب و غریب
یک غذای ژاپنی به نام واسابی (ریشه خردل) به دلیل داشتن آلیل ایزوتیوسیانات میتواند به عنوان هشدار دهنده آتش باشد
این پژوهش برنده IG Nobel، نوبل یافته های غیرمعمول شده است

 🆔 @ChemIran1",existing skill export,ai_model_fleet + live_telegram_listing + seed_2026-08-24 + seed_2026-08-25,2026-08-23,0f96006b74e4504de819fdb02c5588795739a34bcf762dcb360ed50e6027ea71
3-methoxybenzoic acid,ovm,3-methoxybenzoic acid; ovm,,11461,,,XHQZJYCNDZAGLW-UHFFFAOYSA-N,C8H8O3,152.15,COC1=CC=CC(=C1)C(=O)O,confirmed_organic,organic_reagent,derived:supplier_platform,,TamadKala,Iranian online wholesale/lab shop,product_page_listed_not_current_stock_verified,https://tamadkala.com/product/194305/دستگاه-ویسکومتر-نوری-ژیکان-مدل-ovm-10,دستگاه ویسکومتر نوری ژیکان مدل ovm 10,structured_pubchem,seed_2026-08-25,2026-08-25,684b01cd428b86cada2e726811bf1769cec48299b17fafbca359936465e41a78
3-methylbutan-1-ol,Isoamyl alcohol,3-methylbutan-1-ol; Isoamyl alcohol,123-51-3,31260,,,PHTQWCKDNZKARW-UHFFFAOYSA-N,C5H12O,88.15,CC(C)CCO,confirmed_organic,organic_reagent,,research,TamadKala,Iranian online wholesale/lab shop,product_page_listed_not_current_stock_verified,,ایزو آمیل الکل extra pure نوترون | ... || ایزو آمیل الکل Isoamyl alcohol کد محصول مرک: 822255 واردات جدید مرک,router_title_normalization,seed_2026-08-24 + seed_2026-08-25,2026-08-23,e80656fd48b5bb9bcd9e1f8b07e8c850cff399f7829d373b820eded1d1b72edd
3-methylbutyl acetate,Isoamyl Acetate,,123-92-2,31276,,,MLFHJEHSLIIPHL-UHFFFAOYSA-N,C7H14O2,130.18,CC(C)CCOC(=O)C,confirmed_organic,fragrance_or_aroma,,,telegram:IranChemicals,Iranian supplier Telegram catalogue,listing_evidence_crawled_2026-08-24,https://t.me/Iranchemicals/19842,,ai_normalised_listing+pubchem_confirmed,seed_2026-08-24 + seed_2026-08-25,2020-11-20,04b46e1e4b246a4c7e8420c43449ade6ce022c69bfc549dd2049797ce13601cd
3-methylphenol,Metacresol,3-methylphenol; Metacresol,,342,,,RLSSMJSEOOYNOY-UHFFFAOYSA-N,C7H8O,108.14,CC1=CC(=CC=C1)O,confirmed_organic,organic_reagent,,Shimi Merck,Shimi Merck + TamadKala + https://shimimerck.ir/m-cresol.html,Iranian online wholesale/lab shop|ai_normalized|live_supplier_catalogue,product_page_listed_not_current_stock_verified,https://shimimerck.ir/m-cresol.html,متاکروزول || m cresol,router_title_normalization,ai_model_fleet + live_web_catalogue + seed_2026-08-24 + seed_2026-08-25,2026-08-23,79327c2ca867bb2a05c0b90b37052037dd250bfe8380e3d0dad696186d346d90
3-morpholin-4-ylpropane-1-sulfonic acid,3-morpholin-4-ylpropane-1-sulfonic acid,,1132-61-2,70807,,,DVLFYONBTKHTER-UHFFFAOYSA-N,C7H15NO4S,209.27,C1COCCN1CCCS(=O)(=O)O,confirmed_organic,pharmaceutical_or_api,derived:supplier_platform,,t.me/ATRmedShop + telegram:ATRmedShop,ai_normalized|public Telegram (seller_research),product_page_listed_not_current_stock_verified,https://t.me/ATRmedShop/650,MOPS | MOPS گرید بیولوژی مولکولی ‌‏⁧ ‌‌‏‌محصولات سیگما اصل را از ما بخواهید. 👇 واردات و فروش مواد شیمیایی سیگما 👇 ‌ ‌ ‌ ☎️ تلفن: ۰۲۱۶۶۳۶۱۵۴۳-۶۶۳۷۹۰۲۶-۰۲۱ ‌ 📱 موبایل: 09120549893 🌐 لینک محصول : https://atrmed.com/product/mops/?v=e067b3c6b979 #آثل_طب #مواد_ازمایشگاهی #مواد_شیمیایی #بیولوژی #بیولوژی_مو,router_batch+pubchem,ai_model_fleet + seed_2026-08-25,2026-08-25,eb97b79e0ab08bb69c69d22e56f47768d4a7eb56b8d1001dc4f3f942ca4b0507
"3-N,3-N,6-N,6-N-tetramethylacridine-3,6-diamine",,,,62344,,,DPKHZNPWBDQZCN-UHFFFAOYSA-N,C17H19N3,265.35,,confirmed_organic,pharmaceutical_or_api,derived:supplier_platform,,t.me/ATRmedShop,ai_normalized,,https://t.me/ATRmedShop/254,"آکریدین اورنج همی زینک سالت 
آکریدین اورنج همی زینک سالت یک رنگ کاتیونی فلورسنت متاکروماتیک است که در غشای سلولی نفوذ کرده و در ساختار DNA و RNA اینترکاله شده و مشاهده چشمی ...
برای ادامه مطالب، مشاهده و خرید آنلاین این",model_fleet+pubchem,ai_model_fleet,2026-08-27,d32d7afc3d69c7022a985459a8381c4ed9db73a8bd01856385b247add7c363d9
"3-O-ethyl 5-O-methyl 2-(2-aminoethoxymethyl)-4-(2-chlorophenyl)-6-methyl-1,4-dihydropyridine-3,5-dicarboxylate",amlodipine,"3-O-ethyl 5-O-methyl 2-(2-aminoethoxymethyl)-4-(2-chlorophenyl)-6-methyl-1,4-dihydropyridine-3,5-dicarboxylate; amlodipine",,2162,,,HTIQEAQVCYTUBX-UHFFFAOYSA-N,C20H25ClN2O5,408.9,CCOC(=O)C1=C(NC(=C(C1C2=CC=CC=C2Cl)C(=O)OC)C)COCCN,confirmed_organic,pharmaceutical_or_api,,,Rooz Darou,Iranian pharmaceutical product catalogue,product_page_listed_not_current_stock_verified,http://rouzdarou.com/products/%D9%82%D8%B1%D8%B5-%D8%A2%D9%85%D9%84%D9%88%D8%AF%DB%8C%D9%BE%DB%8C%D9%86-5,قرص آملودیپین 5,PubChem name validation from supplier product title,seed_2026-08-24 + seed_2026-08-25,2026-08-23,14257ff49dfd3f796ca756b4a3c4d0e72fd0224de9e0c3c20b4f6d917d143b13
"3-oct-2-enyloxolane-2,5-dione",osa,"3-oct-2-enyloxolane-2,5-dione; osa; OSA",,534543,,,WSGFXVFLWVXTCJ-UHFFFAOYSA-N,C12H18O3,210.27,CCCCCC=CCC1CC(=O)OC1=O,confirmed_organic,organic_reagent,derived:supplier_platform,,TamadKala; ShimiMan,Iranian online wholesale/lab shop,product_page_listed_not_current_stock_verified,https://tamadkala.com/product/41737/محیط-کشت-osa,محیط کشت osa,structured_pubchem,seed_2026-08-25,2026-08-25,53490a384552add262b491819b189b168714ea245ae38b209b09d9328b483556
3-phenylphthalic acid,"Biphenyl-2,3-dicarboxylic acid","3-phenylphthalic acid; Biphenyl-2,3-dicarboxylic acid",,13074915,,,HSSYVKMJJLDTKZ-UHFFFAOYSA-N,C14H10O4,242.23,C1=CC=C(C=C1)C2=C(C(=CC=C2)C(=O)O)C(=O)O,confirmed_organic,organic_reagent,,research,Telegram: ChemIranSanat + t.me/ChemIranSanat,Iranian supplier Telegram catalogue|telegram,listed_not_current_stock_verified,https://t.me/s/ChemIranSanat,3-phenylphthalic acid,existing skill export,live_telegram_listing + seed_2026-08-24 + seed_2026-08-25,2026-08-23,ee2f64a51623fdb719475d083a82120f7294bb31fbfc3075c3a87608d97826cf
3-phenylpropan-1-amine,,,,16259,,,LYUQWQRTDLVQGA-UHFFFAOYSA-N,C9H13N,135.21,,confirmed_organic,organic_reagent,derived:supplier_platform,,Shimi Merck,ai_normalized,,https://shimimerck.ir/3-phenyl-1-propylamine.html,3 phenyl 1 propylamine,model_fleet+pubchem,ai_model_fleet,2026-08-27,a6ecc58d795b07438a78b5c79adb2228d177ee86f0eb1167c3e5293f04be8709
3-pyridin-2-ylpropanoic acid,,,,564292,,,AZYKGQOIAGPVCK-UHFFFAOYSA-N,C8H9NO2,151.16,,confirmed_organic,organic_reagent,derived:supplier_platform,,Shimi Merck,ai_normalized,,https://shimimerck.ir/2-pyridinepropionic-acid.html,2 pyridinepropionic acid,model_fleet+pubchem,ai_model_fleet,2026-08-27,84f0fb07a0609989ed1a4f8d474b031aa368dc6a1acedefd76591da24f37116d
3-sulfanylpropanoic acid,3-Mercaptopropionic Acid,3-sulfanylpropanoic acid; 3-Mercaptopropionic Acid; Mercaptopropionic acid,,6514,,,DKIDEFUBRARXTE-UHFFFAOYSA-N,C3H6O2S,106.15,C(CS)C(=O)O,confirmed_organic,organic_reagent,,research,Telegram: minatajhiz + t.me/minatajhiz,Iranian supplier Telegram catalogue|telegram,listed_not_current_stock_verified,https://t.me/s/minatajhiz,3-sulfanylpropanoic acid,existing skill export,live_telegram_listing + seed_2026-08-24 + seed_2026-08-25,2026-08-23,12ceea526751b52afe4f0b04d638453958e6a1107c4e1d64a00bb5572f5d1f6e
3-triethoxysilylpropan-1-amine,(3-Aminopropyl)triethoxysilane,3-triethoxysilylpropan-1-amine; (3-Aminopropyl)triethoxysilane,,13521,,,WYTZZXDRDKSJID-UHFFFAOYSA-N,C9H23NO3Si,221.37,CCO[Si](CCCN)(OCC)OCC,confirmed_organic,organic_reagent,,research,Telegram: minatajhiz + t.me/minatajhiz,Iranian supplier Telegram catalogue|telegram,listed_not_current_stock_verified,https://t.me/s/minatajhiz,3-triethoxysilylpropan-1-amine,existing skill export,live_telegram_listing + seed_2026-08-24 + seed_2026-08-25,2026-08-23,f6b4d211b37ae2aa4804c6bce23e8e13a68916d6e460aebac77bfca98fed2453
3-trimethoxysilylpropan-1-amine,Aminopropyltrimethoxysilane,,,83756,,,SJECZPVISLOESU-UHFFFAOYSA-N,C6H17NO3Si,179.29,CO[Si](CCCN)(OC)OC,confirmed_organic,organic_reagent,,,telegram:minatajhiz,Iranian supplier Telegram catalogue,listing_evidence_crawled_2026-08-24,https://t.me/minatajhiz/10,,ai_normalised_listing+pubchem_confirmed,seed_2026-08-24 + seed_2026-08-25,2016-04-30,df0a23a520854649b5dbc2631e0f763e95ff32c11527d19d263ec18ddba34200
3-trimethoxysilylpropane-1-thiol,(3-Mercaptopropyl)trimethoxysilane,,,20473,,,UUEWCQRISZBELL-UHFFFAOYSA-N,C6H16O3SSi,196.34,CO[Si](CCCS)(OC)OC,confirmed_organic,organic_reagent,,,telegram:minatajhiz,Iranian supplier Telegram catalogue,listing_evidence_crawled_2026-08-24,https://t.me/minatajhiz/8,,ai_normalised_listing+pubchem_confirmed,seed_2026-08-24 + seed_2026-08-25,2016-04-30,f0c122cf19b1538937184b16d44f602f2d993458c79b40ebf2991db1c2534467
3-trimethoxysilylpropyl 2-methylprop-2-enoate,3-(Trimethoxysilyl)propyl methacrylate,,,17318,,,XDLMVUHYZWKMMD-UHFFFAOYSA-N,C10H20O5Si,248.35,CC(=C)C(=O)OCCC[Si](OC)(OC)OC,confirmed_organic,organic_reagent,,,telegram:minatajhiz,Iranian supplier Telegram catalogue,listing_evidence_crawled_2026-08-24,https://t.me/minatajhiz/804,,ai_normalised_listing+pubchem_confirmed,seed_2026-08-24 + seed_2026-08-25,2021-08-07,47ca3a1b126cdc5fcfdd6fc476e011f9ceeb193a2a26105fc55073ba24a06527
"4,4'-Oxybis(benzoic acid)","4,4'-Oxybis(benzoic acid)",,2215-89-6,75183,,,WVDRSXGPQWNUBN-UHFFFAOYSA-N,C14H10O5,258.23,C1=CC(=CC=C1C(=O)O)OC2=CC=C(C=C2)C(=O)O,confirmed_organic,organic_reagent,,,ChemIranSanat + t.me/ChemIranSanat,ai_normalized|telegram,listing_evidence_crawled_2026-08-23,https://t.me/ChemIranSanat/1502,"022353 Exir 4,4'-Oxybis(benzoic acid) 25g 🔜 موجود و آماده تحویل ✅ شیمیران صنعت فقط اصلی ♾ موجودی و تنوع بی نظیر از برندهای معتبر 📱 سفارش کالا 👇 🆔 @ChemIranAdmin 🆔 @ChemIran1 || TCI—D2115
4,4'-Dicarboxydiphenyl Ether
>98.0%(GC)(T)
موجود و آماده تحویل (خرده فروشی نیز دارد)

 ✅ شیمیران صنعت فقط اصلی
 ❓",ai_resolved+pubchem,ai_model_fleet + seed_2026-08-24 + seed_2026-08-25,2026-08-23,ff0a704a18765a0d38872cce93dec6946ecf4b92933d2ebdb9a8592eb7967fb8
"4,4,4-trifluoro-1-thiophen-2-ylbutane-1,3-dione",ttb,"4,4,4-trifluoro-1-thiophen-2-ylbutane-1,3-dione; ttb",,5601,,,TXBBUSUXYMIVOS-UHFFFAOYSA-N,C8H5F3O2S,222.19,C1=CSC(=C1)C(=O)CC(=O)C(F)(F)F,confirmed_organic,organic_reagent,derived:supplier_platform,,TamadKala,Iranian online wholesale/lab shop,product_page_listed_not_current_stock_verified,https://tamadkala.com/product/56521/محیط-کشت-تتراتیونات-براثttb-کیولب,محیط کشت تتراتیونات براثttb کیولب,structured_pubchem,seed_2026-08-25,2026-08-25,61cf0df133beeac48dac0e3782263ddce54c28bf82a817792c4f618c2f6a9a2f
"4,5-bis(hydroxymethyl)-2-methylpyridin-3-ol",Pyridoxine,"4,5-bis(hydroxymethyl)-2-methylpyridin-3-ol; Pyridoxine",65-23-6,1054,,,LXNHXLLTXMVWPM-UHFFFAOYSA-N,C8H11NO3,169.18,CC1=NC=C(C(=C1O)CO)CO,confirmed_organic,pharmaceutical_or_api,,,TamadKala,Iranian online wholesale/lab shop,product_page_listed_not_current_stock_verified,https://tamadkala.com/product/154589/%D9%BE%DB%8C%D8%B1%DB%8C%D8%AF%D9%88%DA%A9%D8%B3%DB%8C%D9%86-%D8%A8%D8%A7-%DA%A9%D8%AF-p5669-%D8%B3%DB%8C%DA%AF%D9%85%D8%A7,پیریدوکسین با کد p5669 سیگما,router_title_normalization,seed_2026-08-24 + seed_2026-08-25,2026-08-23,893308eb52c19c4fd09f0135dfa28e95de31e10df064927dff160397908594a2
"4,5-bis(hydroxymethyl)-2-methylpyridin-3-ol;hydrochloride",,,,6019,,,ZUFQODAHGAHPFQ-UHFFFAOYSA-N,C8H12ClNO3,205.64,,confirmed_organic,organic_reagent,derived:supplier_platform,,Shimi Merck,ai_normalized,,https://shimimerck.ir/buy-pyridoxine-hydrochloride-3.html,buy pyridoxine hydrochloride 3,model_fleet+pubchem,ai_model_fleet,2026-08-27,c7f0701329fbdd07562248ab4d532cde11b095e282fc560001985c163c9e1607
"4-(2-aminoethoxy)-2-N,6-N-bis[4-[2-(dimethylamino)ethoxy]quinolin-2-yl]pyridine-2,6-dicarboxamide",pdf,"4-(2-aminoethoxy)-2-N,6-N-bis[4-[2-(dimethylamino)ethoxy]quinolin-2-yl]pyridine-2,6-dicarboxamide; pdf",,90466365,,,HKYSQNSSWMSNTN-UHFFFAOYSA-N,C35H40N8O5,652.7,CN(C)CCOC1=CC(=NC2=CC=CC=C21)NC(=O)C3=CC(=CC(=N3)C(=O)NC4=NC5=CC=CC=C5C(=C4)OCCN(C)C)OCCN,confirmed_organic,organic_reagent,derived:supplier_platform,,telegram:labshop,public Telegram (seller_research),product_page_listed_not_current_stock_verified,https://t.me/labshop/229,آنالیز1.pdf,structured_pubchem,seed_2026-08-25,2026-08-25,3fc1070aedb1652da72c8bb69d0f6aebfb5860b31c88f2e4d853e8f0d0eff46e
"4-(2-aminoethyl)benzene-1,2-diol;hydrochloride",Dopamine Hydrochloride,"4-(2-aminoethyl)benzene-1,2-diol;hydrochloride; Dopamine Hydrochloride",62-31-7,65340,,,CTENFNNZBMHDDG-UHFFFAOYSA-N,C8H12ClNO2,189.64,C1=CC(=C(C=C1CCN)O)O.Cl,confirmed_organic,pharmaceutical_or_api,,Shimi Merck,Shimi Merck + https://shimimerck.ir/dopamine-hydrochloride.html + telegram:ChemIranSanat,Iranian supplier Telegram catalogue|ai_normalized|live_supplier_catalogue,listing_evidence_crawled_2026-08-24,https://shimimerck.ir/dopamine-hydrochloride.html,Dopamine hydrochloride | 822073 Merck 3-Hydroxytyraminium chloride (Dopamine hydrochloride) 10g 🔜 موجود و آماده تحویل ✅ شیمیران صنعت فقط اصلی ♾ موجودی و تنوع بی نظیر از برندهای معتبر 📦 ارسال رایگان 📱 سفارش کالا 👇 📱 0938 648 9001 ☎️ 77 88 18 08 🆔 @ChemIranAdmin 🆔 @ChemIran1 || dopamine hydrochloride,ai_normalised_listing+pubchem_confirmed,ai_model_fleet + live_web_catalogue + seed_2026-08-24 + seed_2026-08-25,2021-04-18,1877b8c38506666526396a27376c806339b39ae16dd68f25a346a2dee1736267
"4-(3,4-diaminophenyl)benzene-1,2-diamine",,,,7071,,,HSTOKWSFWGCZMH-UHFFFAOYSA-N,C12H14N4,214.27,,confirmed_organic,pharmaceutical_or_api,derived:supplier_platform,,t.me/ATRmedShop,ai_normalized,,https://t.me/ATRmedShop/510,"پودر سوبسترا DAB

‌‏⁧ ‌‌‏‌محصولات سیگما اصل را از ما بخواهید.

 👇 واردات و فروش مواد شیمیایی سیگما و مرک 👇 ‌
‌
‌
 ☎️ تلفن: ۰۲۱۶۶۳۶۱۵۴۳-۶۶۳۷۹۰۲۶-۰۲۱
‌
 📱 موبایل: 09120549893

 🌐 لینک محصول: https://atrmed.com/product/33di",model_fleet+pubchem,ai_model_fleet,2026-08-27,ce8f994e8225fb54ccb94489e61f5fdff78b98b66cd86a4ea874ef68d557deed
"4-(3,5-dichloro-4-hydroxyphenyl)iminocyclohexa-2,5-dien-1-one",Dichlorophenol Indophenol,,,13726,,,FBWADIKARMIWNM-UHFFFAOYSA-N,C12H7Cl2NO2,268.09,C1=CC(=O)C=CC1=NC2=CC(=C(C(=C2)Cl)O)Cl,confirmed_organic,colorant_or_indicator,,,telegram:chemgroup,Iranian supplier Telegram catalogue,listing_evidence_crawled_2026-08-24,https://t.me/chemgroup/2107,,ai_normalised_listing+pubchem_confirmed,seed_2026-08-24 + seed_2026-08-25,2016-09-17,3244bbc8200b8fce4c3a44d2740db0bcb6170eed685f89671484634b3c72f68d
"4-(4-amino-3,5-dimethylphenyl)-2,6-dimethylaniline",,,,41206,,,UAIUNKRWKOVEES-UHFFFAOYSA-N,C16H20N2,240.34,,confirmed_organic,organic_reagent,derived:supplier_platform,,Shimi Merck,ai_normalized,,https://shimimerck.ir/tetramethylbenzidine-108622-merck-germany.html,tetramethylbenzidine merck germany,model_fleet+pubchem,ai_model_fleet,2026-08-27,a4cacbd377d569a18e05f4acb135a2c270fdc892e93d30a8a1ef5b9ff7b995c0
4-(4-aminophenoxy)aniline,"4,4'-Diaminodiphenyl Ether","4-(4-aminophenoxy)aniline; 4,4'-Diaminodiphenyl Ether; Diaminodiphenyl ether",,7579,,,HLBLWEWZXPIGSM-UHFFFAOYSA-N,C12H12N2O,200.24,C1=CC(=CC=C1N)OC2=CC=C(C=C2)N,confirmed_organic,organic_reagent,,research,Telegram: minatajhiz + t.me/minatajhiz,Iranian supplier Telegram catalogue|telegram,listed_not_current_stock_verified,https://t.me/s/minatajhiz,4-(4-aminophenoxy)aniline,existing skill export,live_telegram_listing + seed_2026-08-24 + seed_2026-08-25,2026-08-23,7bdf360a899662a24c1d3a1001e7b2ddb4893c142d487c9782138ccfe5c3e886
4-(4-aminophenyl)sulfonylaniline,Dapsone,4-(4-aminophenyl)sulfonylaniline; Dapsone,80-08-0,2955,,,MQJKPEGWNLWLTK-UHFFFAOYSA-N,C12H12N2O2S,248.30,C1=CC(=CC=C1N)S(=O)(=O)C2=CC=C(C=C2)N,confirmed_organic,pharmaceutical_or_api,,research,TamadKala,Iranian online wholesale/lab shop,product_page_listed_not_current_stock_verified,https://tamadkala.com/product/2195/%D9%81%D8%B1%D9%88%D8%B4-4-4-%D8%AF%DB%8C-%D8%A2%D9%85%DB%8C%D9%86%D9%88-%D8%AF%DB%8C-%D9%81%D9%86%DB%8C%D9%84-%D8%B3%D9%88%D9%84%D9%81%D9%88%D9%86,داپسون سیگما usp کد 1164008 | ... | فروش 4 4 دی آمینو دی فنیل سولفون || Divinylbenzene 803598 sigma,router_title_normalization,seed_2026-08-24 + seed_2026-08-25,2026-08-23,f8f72f89527861f87d69425b911ed821bd0bcec619159cf7a917aaa566cf9a21
4-(4-hydroxyphenyl)butan-2-one,,,,21648,,,NJGBTKGETPDVIK-UHFFFAOYSA-N,C10H12O2,164.2,,confirmed_organic,organic_reagent,derived:supplier_platform,,t.me/ChemIranSanat,ai_normalized,,https://t.me/ChemIranSanat/1005,"شیمی تمشک
بوی تمشک مربوط به یک کتون معروف به کتون تمشک می باشد.
اتیل فرمات موجود در تمشک در دل کهکشان شیری نیز یافت شده است!

 🆔 @ChemIran1",model_fleet+pubchem,ai_model_fleet,2026-08-27,7ef43e7fddb57c5edf131786b0526b1a53a8f2d678a5aae98817e4ba5ea8312d
4-(Dimethylamino)Benzaldehyde,4-(Dimethylamino)benzaldehyde,,100-10-7,7479,,,BGNGWHSBYQYVRX-UHFFFAOYSA-N,C9H11NO,149.19,CN(C)C1=CC=C(C=C1)C=O,confirmed_organic,organic_reagent,,,ChemIranSanat + t.me/ChemIranSanat,ai_normalized|telegram,listing_evidence_crawled_2026-08-23,https://t.me/ChemIranSanat/360,"803057 | Merck 4-(Dimethylamino)benzaldehyde 100 g موجود و آماده تحویل می باشد. این محصول خرده فروشی نیز دارد. @ChemIranAdmin 🆔 @ChemIran1 || 803057 | Merck
4-(Dimethylamino)benzaldehyde
100 g
موجود و آماده تحویل می باشد.
این محصول خرده فروشی نیز دارد.

 @ChemIranAdmin 

 🆔 @ChemIran1",ai_resolved+pubchem,ai_model_fleet + seed_2026-08-24 + seed_2026-08-25,2026-08-23,5c040ddcffaf28b8db1ea432a1c4ae706ccf3b0bfd387e389703f7c22087a81c
"4-[(2R)-2-[(1S,3S,5S)-3,5-dimethyl-2-oxocyclohexyl]-2-hydroxyethyl]piperidine-2,6-dione","4-[(2R)-2-[(1S,3S,5S)-3,5-dimethyl-2-oxocyclohexyl]-2-hydroxyethyl]piperidine-2,6-dione",,66-81-9,6197,,,YPHMISFOHDHNIV-FSZOTQKASA-N,C15H23NO4,281.35,CC1CC(C(=O)C(C1)C(CC2CC(=O)NC(=O)C2)O)C,confirmed_organic,pharmaceutical_or_api,derived:supplier_platform,research,t.me/ATRmedShop + telegram:ATRmedShop,ai_normalized|public Telegram (seller_research)|telegram,product_page_listed_not_current_stock_verified,https://t.me/ATRmedShop/810,Cycloheximide | سیکلوهگزیمید سیکلوهگزیمید یک آنتی‌بیوتیک گلوتاریمید است که از باکتری استرپتومایسس گریزئوس S. griseus به دست می‌آید. سیکلوهگزامید سنتز پروتئین یوکاریوتی، اما نه پروکاریوتی را مهار می‌کند. این مهار انتخابی آن را در... برای مشاهده ادامه مطلب، مشاهده قیمت آنلاین و خرید اینترنتی سیکلوهگزی,router_batch+pubchem,ai_model_fleet + live_telegram_listing + seed_2026-08-25,2026-08-25,8929c88b48cefba797ef9dd03d8575728c818a0d38e00efa5aa96e343d78ff14
"4-[(4-aminophenyl)-(4-imino-3-methylcyclohexa-2,5-dien-1-ylidene)methyl]aniline;hydrochloride",Basic Fuchsin,"4-[(4-aminophenyl)-(4-imino-3-methylcyclohexa-2,5-dien-1-ylidene)methyl]aniline;hydrochloride; Basic Fuchsin",569-61-9,12447,,yes,AXDJCCTWPBKUKL-UHFFFAOYSA-N,C20H20ClN3,337.8,CC1=CC(=C(C2=CC=C(C=C2)N)C3=CC=C(C=C3)N)C=CC1=N.Cl,confirmed_organic,organic_reagent,,,TamadKala; Mojallali Group,Iranian online wholesale/lab shop,product_page_listed_not_current_stock_verified,https://tamadkala.com/product/173637/%D9%85%D8%B9%D8%B1%D9%81-%D9%81%D9%88%D8%B4%DB%8C%D9%86-%D8%A8%D8%A7%D8%B2%DB%8C-%D8%AF%DA%A9%D8%AA%D8%B1%D9%85%D8%AC%D9%84%D9%84%DB%8C,معرف فوشین بازی دکترمجللی,router_title_normalization,seed_2026-08-24 + seed_2026-08-25,2026-08-23,cb3e75de4b0b59dd04a3d3220eef976125b4824234e3d761ae03a751be8c6c25
"4-[(4-aminophenyl)-(4-iminocyclohexa-2,5-dien-1-ylidene)methyl]aniline;hydrochloride",Pararosaniline Hydrochloride,,569-61-9,11292,,,JUQPZRLQQYSMEQ-UHFFFAOYSA-N,C19H18ClN3,323.8,C1=CC(=N)C=CC1=C(C2=CC=C(C=C2)N)C3=CC=C(C=C3)N.Cl,confirmed_organic,colorant_or_indicator,,,telegram:minatajhiz,Iranian supplier Telegram catalogue,listing_evidence_crawled_2026-08-24,https://t.me/minatajhiz/1050,,ai_normalised_listing+pubchem_confirmed,seed_2026-08-24 + seed_2026-08-25,2023-07-11,edf3a3685db6b6b5bbd22e3c48493dfd0fa6c89e40b04f6f1ee6c537fd3cb61b
"4-[3-(4-hydroxy-3-methylphenyl)-1,1-dioxo-2,1lambda6-benzoxathiol-3-yl]-2-methylphenol","4-[3-(4-hydroxy-3-methylphenyl)-1,1-dioxo-2,1lambda6-benzoxathiol-3-yl]-2-methylphenol","4-[3-(4-hydroxy-3-methylphenyl)-1,1-dioxo-2,1lambda6-benzoxathiol-3-yl]-2-methylphenol",1733-12-6,73013,,,OBRMNDMBJQTZHV-UHFFFAOYSA-N,C21H18O5S,382.4,CC1=C(C=CC(=C1)C2(C3=CC=CC=C3S(=O)(=O)O2)C4=CC(=C(C=C4)O)C)O,confirmed_organic,organic_reagent,derived:supplier_platform,,Mojallali Group,Iranian WooCommerce catalogue,product_page_listed_not_current_stock_verified,https://drm-chem.com/en/product/cresol-red-indicator-en/,Cresol red,cas_pubchem,seed_2026-08-25,2026-08-25,a5b11587764ed0683db5a3c3c3c9eb60348ee49dfb401aca21872cafff3c4082
"4-[3-(4-hydroxyphenyl)-1,1-dioxo-2,1lambda6-benzoxathiol-3-yl]phenol",Phenol Red,"4-[3-(4-hydroxyphenyl)-1,1-dioxo-2,1lambda6-benzoxathiol-3-yl]phenol; Phenol Red",143-74-8,4766,,,BELBBZDIHDAJOR-UHFFFAOYSA-N,C19H14O5S,354.4,C1=CC=C2C(=C1)C(OS2(=O)=O)(C3=CC=C(C=C3)O)C4=CC=C(C=C4)O,confirmed_organic,organic_reagent,,research,Fardad Shimi; TamadKala,Iranian online lab-chemical shop | Iranian online wholesale/lab shop,product_page_listed_not_current_stock_verified,https://tamadkala.com/product/173761/%D9%81%D9%86%D9%88%D9%84-%D8%B1%D8%AF-acs-%D8%AF%DA%A9%D8%AA%D8%B1-%D9%85%D8%AC%D9%84%D9%84%DB%8C,فنل رد مرک MERCK | فنول رد | فنول رد acs دکتر مجللی,router_title_normalization,seed_2026-08-24 + seed_2026-08-25,2026-08-23,8ee6dab2d8487bffd7f9ae71482a8710d775d262427de67cd531a90603b6f152
"4-[4-(dimethylamino)phenyl]iminocyclohexa-2,5-dien-1-one",,,,75078,,,LHGMHYDJNXEEFG-UHFFFAOYSA-N,C14H14N2O,226.27,,confirmed_organic,organic_reagent,derived:supplier_platform,,Shimi Merck,ai_normalized,,https://shimimerck.ir/bremo-phenol-blue-108122-merck-germany.html,bremo phenol blue merck germany,model_fleet+pubchem,ai_model_fleet,2026-08-27,cd21aaea5ddab345e796c217a974e6bcfc0f36b82197dc97f4b7aa99dde2ada1
4-[5-(4-methylphenyl)-3-(trifluoromethyl)pyrazol-1-yl]benzenesulfonamide,celecoxib,4-[5-(4-methylphenyl)-3-(trifluoromethyl)pyrazol-1-yl]benzenesulfonamide; celecoxib; Celecoxib,,2662,,,RZEKVGVHFLEQIL-UHFFFAOYSA-N,C17H14F3N3O2S,381.4,CC1=CC=C(C=C1)C2=CC(=NN2C3=CC=C(C=C3)S(=O)(=O)N)C(F)(F)F,confirmed_organic,pharmaceutical_or_api,,,Rooz Darou; Temad,Iranian pharmaceutical product catalogue,product_page_listed_not_current_stock_verified,http://rouzdarou.com/products/%D9%83%D9%BE%D8%B3%D9%88%D9%84-%D8%B3%D9%84%DA%A9%D9%88%DA%A9%D8%B3%DB%8C%D8%A8-100,كپسول سلکوکسیب 100,PubChem name validation from supplier product title,seed_2026-08-24 + seed_2026-08-25,2026-08-23,8d929b098e30f06797873dceea8f857c364a3015da08d36470976a1a8d267a1f
"4-[[3-[(2,4-diaminophenyl)diazenyl]phenyl]diazenyl]benzene-1,3-diamine;dihydrochloride","4-[[3-[(2,4-diaminophenyl)diazenyl]phenyl]diazenyl]benzene-1,3-diamine;dihydrochloride","4-[[3-[(2,4-diaminophenyl)diazenyl]phenyl]diazenyl]benzene-1,3-diamine;dihydrochloride",10114-58-6,82360,,,MCZVRBLCRZWFJH-UHFFFAOYSA-N,C18H20Cl2N8,419.3,C1=CC(=CC(=C1)N=NC2=C(C=C(C=C2)N)N)N=NC3=C(C=C(C=C3)N)N.Cl.Cl,confirmed_organic,organic_reagent,derived:supplier_platform,,Mojallali Group,Iranian WooCommerce catalogue,product_page_listed_not_current_stock_verified,https://drm-chem.com/en/product/bismarck-brown-y-en/,Bismarck Brown Y,cas_pubchem,seed_2026-08-25,2026-08-25,ab7a6cdca48cc0931a27b24593e09561e1123facdaa58beae2c26a60f133b188
"4-amino-1-[(2R,4S,5R)-3,4-dihydroxy-5-(hydroxymethyl)oxolan-2-yl]-1,3,5-triazin-2-one",a2033,"4-amino-1-[(2R,4S,5R)-3,4-dihydroxy-5-(hydroxymethyl)oxolan-2-yl]-1,3,5-triazin-2-one; a2033",,44629846,,,NMUSYJAQQFHJEW-DUVQVXGLSA-N,C8H12N4O5,244.2,C1=NC(=NC(=O)N1C2C(C(C(O2)CO)O)O)N,confirmed_organic,organic_reagent,derived:supplier_platform,,TamadKala,Iranian online wholesale/lab shop,product_page_listed_not_current_stock_verified,https://tamadkala.com/product/164106/آلژینیک-اسید-سدیم-سالت-کد-a2033-سیگما-آلدری,آلژینیک اسید سدیم سالت کد a2033 سیگما آلدری,structured_pubchem,seed_2026-08-25,2026-08-25,0e9da9069522b0209e4f5d072c8c9f13fe396bb83e9d9fd86b47ba081e58b8be
"4-amino-1-[3,4-dihydroxy-5-(hydroxymethyl)oxolan-2-yl]-5-fluoropyrimidin-2-one","4-amino-1-[3,4-dihydroxy-5-(hydroxymethyl)oxolan-2-yl]-5-fluoropyrimidin-2-one","4-amino-1-[3,4-dihydroxy-5-(hydroxymethyl)oxolan-2-yl]-5-fluoropyrimidin-2-one",9007-81-2,352938,,,STRZQWQNZQMHQR-UHFFFAOYSA-N,C9H12FN3O5,261.21,C1=C(C(=NC(=O)N1C2C(C(C(O2)CO)O)O)N)F,confirmed_organic,pharmaceutical_or_api,derived:supplier_platform,,telegram:ATRmedShop,public Telegram (seller_research),product_page_listed_not_current_stock_verified,https://t.me/ATRmedShop/499,Freund's complete adjuvant | ادجوانت کامل فروند ‌‏⁧ ‌‌‏‌محصولات سیگما اصل را از ما بخواهید. 👇 واردات و فروش مواد شیمیایی سیگما و مرک 👇 ‌ ‌ ‌ ☎️ تلفن: ۰۲۱۶۶۳۶۱۵۴۳-۶۶۳۷۹۰۲۶-۰۲۱ ‌ 📱 موبایل: 09120549893 🌐 لینک محصول:  ‎ https://atrmed.com/product/freunds-complete-adjuvant/,router_batch+pubchem,seed_2026-08-25,2026-08-25,63932058f675614cabb4760db6357a03fd093fbdd3086686a07d050a8a11a068
4-amino-3-hydroxybenzoic acid,4-Amino-3-hydroxybenzoic acid,4-amino-3-hydroxybenzoic acid; 4-Amino-3-hydroxybenzoic acid,,137566,,,NFPYJDZQOKCYIE-UHFFFAOYSA-N,C7H7NO3,153.14,C1=CC(=C(C=C1C(=O)O)O)N,confirmed_organic,organic_reagent,,research,Telegram: ChemIranSanat + t.me/ChemIranSanat,Iranian supplier Telegram catalogue|telegram,listed_not_current_stock_verified,https://t.me/s/ChemIranSanat,4-amino-3-hydroxybenzoic acid,existing skill export,live_telegram_listing + seed_2026-08-24 + seed_2026-08-25,2026-08-23,1d0a835bf2e8bd4228b2f0ef4822a435ba994e088f0296f7554c80c2465f3e5d
4-amino-3-hydroxybutanoic acid,,,,2149,,,YQGDEPYYFWUPGO-UHFFFAOYSA-N,C4H9NO3,119.12,,confirmed_organic,organic_reagent,derived:supplier_platform,,Shimi Merck,ai_normalized,,https://shimimerck.ir/4-amino-3-hydroxybutyric-acid.html,4 amino 3 hydroxybutyric acid,model_fleet+pubchem,ai_model_fleet,2026-08-27,f7dfad988dd4c18ff99caca366ce0ec12d321bcae02805d611a23880dc57fb0e
"4-amino-N-(4,6-dimethylpyrimidin-2-yl)benzenesulfonamide",Sulfamethazine,"4-amino-N-(4,6-dimethylpyrimidin-2-yl)benzenesulfonamide; Sulfamethazine",57-68-1,5327,,,ASWVTGNCAZCNNR-UHFFFAOYSA-N,C12H14N4O2S,278.33,CC1=CC(=NC(=N1)NS(=O)(=O)C2=CC=C(C=C2)N)C,confirmed_organic,pharmaceutical_or_api,,,TamadKala,Iranian online wholesale/lab shop,product_page_listed_not_current_stock_verified,https://tamadkala.com/product/7992/%D9%81%D8%B1%D9%88%D8%B4-%D8%B3%D9%88%D9%84%D9%81%D8%A7%D9%85%D8%AA%D8%A7%D8%B2%DB%8C%D9%86,فروش سولفامتازین,router_title_normalization,seed_2026-08-24 + seed_2026-08-25,2026-08-23,a625722fccd2225ead2cb6c155aae3ebbfe3608b9a71fb442644e71ab7db15d3
4-amino-N-(6-methoxypyridazin-3-yl)benzenesulfonamide,Tricresyl Phosphate,4-amino-N-(6-methoxypyridazin-3-yl)benzenesulfonamide; Tricresyl Phosphate,80-35-3,5330,,,VLYWMPOKSSWJAL-UHFFFAOYSA-N,C11H12N4O3S,280.31,COC1=NN=C(C=C1)NS(=O)(=O)C2=CC=C(C=C2)N,confirmed_organic,organic_reagent,,,TamadKala,Iranian online wholesale/lab shop,product_page_listed_not_current_stock_verified,https://tamadkala.com/product/153874/%D8%AA%D8%B1%DB%8C%D8%B3-%D8%A8%DB%8C%D8%B3-%D8%B3%DB%8C%DA%AF%D9%85%D8%A7-%DA%A9%D8%AF-648310-m,تریس بیس سیگما کد 648310 m,router_title_normalization,seed_2026-08-24 + seed_2026-08-25,2026-08-23,212459f7a02d1a564707e13b140c155b886e4348194f76da5edb8c579da95194
4-aminobenzenesulfonamide,Sulfanilamide,4-aminobenzenesulfonamide; Sulfanilamide,63-74-1,5333,,,FDDDEECHVMSUSB-UHFFFAOYSA-N,C6H8N2O2S,172.21,C1=CC(=CC=C1N)S(=O)(=O)N,confirmed_organic,organic_reagent,,research,Telegram: merckmillipore; Mojallali Group + t.me/merckmillipore,Iranian supplier Telegram catalogue|telegram,listed_not_current_stock_verified,https://t.me/s/merckmillipore,4-aminobenzenesulfonamide,existing skill export,live_telegram_listing + seed_2026-08-24 + seed_2026-08-25,2026-08-23,cb03bb4402abcd2c58a6d0fa41961edd41eb2bd6943c25d2bde51efd41a161a5
4-aminobenzoic acid,4-aminobenzoic acid,4-aminobenzoic acid; paba; Aminobenzoic acid,99-96-7,978,,yes,ALYNCZNDIQEVRV-UHFFFAOYSA-N,C7H7NO2,137.14,C1=CC(=CC=C1C(=O)O)N,confirmed_organic,organic_reagent,,,Shimi Merck + TamadKala; telegram:minatajhiz,Iranian online wholesale/lab shop|ai_normalized,product_page_listed_not_current_stock_verified,https://shimimerck.ir/buy-4-aminobenzoic-acid-potassium-salt.html,4 آمینو بنزوئیک اسید 99 paba صنعتی چینی | ... || buy 4 aminobenzoic acid potassium salt,router_title_normalization,ai_model_fleet + seed_2026-08-24 + seed_2026-08-25,2026-08-23,38f9c40349d2cafb1b666bf5ce49a95345df58f7647bda576f2c2f5135af0a5b
4-aminobutanoic acid,Gamma-Aminobutyric Acid,,,119,,,BTCSSZJGUNDROE-UHFFFAOYSA-N,C4H9NO2,103.12,C(CC(=O)O)CN,confirmed_organic,pharmaceutical_or_api,,,telegram:chemgroup,Iranian supplier Telegram catalogue,listing_evidence_crawled_2026-08-24,https://t.me/chemgroup/2991,,ai_normalised_listing+pubchem_confirmed,seed_2026-08-24 + seed_2026-08-25,2017-03-28,6e35af51f5a0f03525721a19ca61725ed979269489d1ee624c880a69ad590226
4-aminopentanoic acid,4-Aminobutyric Acid,4-aminopentanoic acid; 4-Aminobutyric Acid,,223130,,,ABSTXSZPGHDTAF-UHFFFAOYSA-N,C5H11NO2,117.15,CC(CCC(=O)O)N,confirmed_organic,organic_reagent,,research,Telegram: ChemIranSanat + t.me/ChemIranSanat,Iranian supplier Telegram catalogue|ai_normalized|telegram,listed_not_current_stock_verified,https://t.me/ChemIranSanat/152,"4-aminopentanoic acid || 800302 | 4-Aminobutyric acid
موجود و آماده تحویل
 @ChemIranAdmin 

 🆔 @ChemIran1",existing skill export,ai_model_fleet + live_telegram_listing + seed_2026-08-24 + seed_2026-08-25,2026-08-23,0d805df55ad83cf5b3b4ca5a1091c11784dad460af014e8a2f0b24fbe961b2a1
4-aminophenol,4-Aminophenol,4-aminophenol; 4-Aminophenol,123-30-8,403,,,PLIKAWJENQZMHA-UHFFFAOYSA-N,C6H7NO,109.13,C1=CC(=CC=C1N)O,confirmed_organic,pharmaceutical_or_api,,research,BehChin Chemi Pharmed; TamadKala,Iranian online wholesale/lab shop | Iranian supplier API/intermediate catalogue,product_page_listed_not_current_stock_verified | supplier_catalogue_listed_not_current_stock_verified,https://tamadkala.com/product/156142/4-%D8%A2%D9%85%DB%8C%D9%86%D9%88-%D9%81%D9%86%D9%88%D9%84-%D8%A7%D9%85%D8%B1%D8%AA%D8%A7%D8%AA-%D8%B4%DB%8C%D9%85%DB%8C-%DA%AF%D8%B1%DB%8C%D8%AF-for-synthesis,4 آمینو فنول امرتات شیمی گرید for synthesis | 4-Aminophenol,router_title_normalization | supplier_table,seed_2026-08-24 + seed_2026-08-25,2026-08-23,58e9f5061d83cab6f6a7239e82fe77fa42607b6f3d1d8046499fcecbcf5a11ad
"4-benzyl-2-naphthalen-1-yl-1,2,4-thiadiazolidine-3,5-dione",Tideglusib,,865854-05-3,11313622,,,PMJIHLSCWIDGMD-UHFFFAOYSA-N,C19H14N2O2S,334.4,C1=CC=C(C=C1)CN2C(=O)N(SC2=O)C3=CC=CC4=CC=CC=C43,confirmed_organic,pharmaceutical_or_api,,,Shimi Merck + telegram:ChemIranSanat,Iranian supplier Telegram catalogue|ai_normalized,listing_evidence_crawled_2026-08-24,https://shimimerck.ir/tideglusib-code-865854.html,tideglusib code,ai_normalised_listing+pubchem_confirmed,ai_model_fleet + seed_2026-08-24 + seed_2026-08-25,2017-06-18,6221d8465b2381aab10cb697c513373c64e9440ce967dd527b2edc95ebc2faf7
4-chloro-2-phenylquinazoline,4-Chloro-2-phenylquinazoline,4-chloro-2-phenylquinazoline; 4-Chloro-2-phenylquinazoline,,80977,,,OBHKONRNYCDRKM-UHFFFAOYSA-N,C14H9ClN2,240.69,C1=CC=C(C=C1)C2=NC3=CC=CC=C3C(=N2)Cl,confirmed_organic,organic_reagent,,research,Telegram: ChemIranSanat + t.me/ChemIranSanat,Iranian supplier Telegram catalogue|telegram,listed_not_current_stock_verified,https://t.me/s/ChemIranSanat,4-chloro-2-phenylquinazoline,existing skill export,live_telegram_listing + seed_2026-08-24 + seed_2026-08-25,2026-08-23,27e9777e305ce8318b15d3ca7632a33d56187183a0078e5ac8506aaff1b8385c
4-chlorobenzaldehyde,4-Chlorobenzaldehyde,4-chlorobenzaldehyde; 4-Chlorobenzaldehyde,104-88-1,7726,,,AVPYQKSLYISFPO-UHFFFAOYSA-N,C7H5ClO,140.56,C1=CC(=CC=C1C=O)Cl,confirmed_organic,organic_reagent,,,telegram:Maran_Tejarat_Eshen; telegram:ATRmedShop; telegram:ChemIranSanat,Iranian supplier Telegram catalogue,listing_evidence_crawled_2026-08-24,https://t.me/Maran_Tejarat_Eshen/554,Tetramethylethylenediamine | تترامتیل اتیلن دی آمین (TEMED)(تمد) ‌‏⁧ ‌‌‏‌محصولات مرک المان اصل را از ما بخواهید. 👇 واردات و فروش مواد شیمیایی سیگما 👇 ‌ ‌ ‌ ☎️ تلفن: ۰۲۱۶۶۳۶۱۵۴۳-۶۶۳۷۹۰۲۶-۰۲۱ ‌ 📱 موبایل: 09120549893 🌐 لینک محصول : https://atrmed.com/product/tetramethyl-ethylenediamine/?v=e067b3c6b979,ai_normalised_listing+pubchem_confirmed,seed_2026-08-24 + seed_2026-08-25,2023-11-12,f60ee7fc846010ab4e8596d8701172b37cc039c3e83b8e7a34f76fdaaa86d18c
4-chlorobenzoic acid,4-Chlorobenzoic Acid,4-chlorobenzoic acid; 4-Chlorobenzoic Acid,,6318,,,XRHGYUZYPHTUJZ-UHFFFAOYSA-N,C7H5ClO2,156.56,C1=CC(=CC=C1C(=O)O)Cl,confirmed_organic,organic_reagent,,research,Telegram: minatajhiz + t.me/minatajhiz,Iranian supplier Telegram catalogue|telegram,listed_not_current_stock_verified,https://t.me/s/minatajhiz,4-chlorobenzoic acid,existing skill export,live_telegram_listing + seed_2026-08-24 + seed_2026-08-25,2026-08-23,fcaee7bca525cca24f5ec7d51cf2a75da108955e5b0f3e44af07ee1d852b8087
4-chlorobenzoyl chloride,,,,8501,,,RKIDDEGICSMIJA-UHFFFAOYSA-N,C7H4Cl2O,175.01,,confirmed_organic,organic_reagent,derived:supplier_platform,,Shimi Merck,ai_normalized,,https://shimimerck.ir/buy-4-chlorobenzoyl-chloride.html,buy 4 chlorobenzoyl chloride,model_fleet+pubchem,ai_model_fleet,2026-08-27,7baca29aa5f2b00fc6e0955fde875c6f1ef1fbeedbfa483297466e1c2451875d
4-chlorobut-2-ynyl N-(3-chlorophenyl)carbamate,Barban,,,7551,,,MCOQHIWZJUDQIC-UHFFFAOYSA-N,C11H9Cl2NO2,258.10,C1=CC(=CC(=C1)Cl)NC(=O)OCC#CCCl,confirmed_organic,pharmaceutical_or_api,,,telegram:chemgroup,Iranian supplier Telegram catalogue,listing_evidence_crawled_2026-08-24,https://t.me/chemgroup/1516,,ai_normalised_listing+pubchem_confirmed,seed_2026-08-24 + seed_2026-08-25,2016-04-17,f7cb6045a92ab01c0c36245781b0b96d5076c16707ff930bc1c420e2bb6f5941
4-cyanobenzoic acid,4-Cyanobenzoic acid,4-cyanobenzoic acid; 4-Cyanobenzoic acid,619-65-8,12087,,,ADCUEPOHPCPMCE-UHFFFAOYSA-N,C8H5NO2,147.13,C1=CC(=CC=C1C#N)C(=O)O,confirmed_organic,organic_reagent,,research,Telegram: ChemIranSanat + t.me/ChemIranSanat,Iranian supplier Telegram catalogue|telegram,listed_not_current_stock_verified,https://t.me/s/ChemIranSanat,4-cyanobenzoic acid,existing skill export,live_telegram_listing + seed_2026-08-24 + seed_2026-08-25,2026-08-23,6b51667819ecfa59001727a70f2a8a54400992a5171297ac38ae8de0e415bb1f
4-fluorobenzaldehyde,4-Fluorobenzaldehyde,,,68023,,,UOQXIWFBQSVDPP-UHFFFAOYSA-N,C7H5FO,124.11,C1=CC(=CC=C1C=O)F,confirmed_organic,organic_reagent,,,telegram:minatajhiz,Iranian supplier Telegram catalogue,listing_evidence_crawled_2026-08-24,https://t.me/minatajhiz/120,,ai_normalised_listing+pubchem_confirmed,seed_2026-08-24 + seed_2026-08-25,2017-10-11,314b693d6e652f3cce29f9c5292e115b4900f04effb058309fb0ac922614e94c
4-formylbenzoic acid,4-Formylbenzoic acid,4-formylbenzoic acid; 4-Formylbenzoic acid,619-66-9,12088,,,GOUHYARYYWKXHS-UHFFFAOYSA-N,C8H6O3,150.13,C1=CC(=CC=C1C=O)C(=O)O,confirmed_organic,organic_reagent,,research,Telegram: ChemIranSanat + t.me/ChemIranSanat,Iranian supplier Telegram catalogue|ai_normalized|telegram,listed_not_current_stock_verified,https://t.me/ChemIranSanat/1368,"4-formylbenzoic acid || Alfa Aesar, Cat. Number: A15277
4-Carboxybenzaldehyde, 50g

موجود و آماده تحویل
 ✅ شیمیران صنعت فقط اصلی

 ❓ قیمت و سفارش 👇 

Admin 🆔 @ChemIranAdmin 

 🆔 @ChemIran1",existing skill export,ai_model_fleet + live_telegram_listing + seed_2026-08-24 + seed_2026-08-25,2026-08-23,6211ace25aa0fcadde56acdf15c11133d17703d0ca6c8ccb348926fb2f75111a
4-hydrazinylbenzoic acid,4-Hydrazinobenzoic acid,4-hydrazinylbenzoic acid; 4-Hydrazinobenzoic acid,,12089,,,PCNFLKVWBDNNOW-UHFFFAOYSA-N,C7H8N2O2,152.15,C1=CC(=CC=C1C(=O)O)NN,confirmed_organic,organic_reagent,,research,Telegram: ChemIranSanat + t.me/ChemIranSanat,Iranian supplier Telegram catalogue|telegram,listed_not_current_stock_verified,https://t.me/s/ChemIranSanat,4-hydrazinylbenzoic acid,existing skill export,live_telegram_listing + seed_2026-08-24 + seed_2026-08-25,2026-08-23,6de41b4d36a36f76caf51e142fee046bbbd66f6490f2be11e31b2075beadcdb3
4-hydroxy-3-methoxybenzaldehyde,vanillin,4-hydroxy-3-methoxybenzaldehyde; vanillin,121-33-5,1183,,,MWOOGOJBHIARFG-UHFFFAOYSA-N,C8H8O3,152.15,COC1=C(C=CC(=C1)C=O)O,confirmed_organic,fragrance_or_aroma,,,TamadKala; telegram:ATRmedShop + t.me/ATRmedShop,Iranian online research/chemical shop|ai_normalized,product_page_listed_not_current_stock_verified,https://t.me/ATRmedShop/625,"وانیلین برند لوبا هند || وانیلین

‌‏⁧ ‌‌‏‌محصولات مرک اصل را از ما بخواهید.

 👇 واردات و فروش مواد شیمیایی مرک 👇 ‌
‌ 
‌
 ☎️ تلفن: ۰۲۱۶۶۳۶۱۵۴۳-۶۶۳۷۹۰۲۶-۰۲۱
‌
 📱 موبایل: 09120549893

 🌐 لینک محصول :

 https://atrmed.com/product/vanillin/?v=e067b3c",explicit_category_supplement,ai_model_fleet + seed_2026-08-24 + seed_2026-08-25,2026-08-23,f48198294636a8ef8d8f9df8df827748a4c5c7a5076177d2a264e73c478404bb
4-hydroxy-3-methoxybenzoic acid,Vanillic Acid,4-hydroxy-3-methoxybenzoic acid; Vanillic Acid; vanillic acid,121-34-6,8468,,,WKOLLVMJNQIZCI-UHFFFAOYSA-N,C8H8O4,168.15,COC1=C(C=CC(=C1)C(=O)O)O,confirmed_organic,organic_reagent,,research,Telegram: ChemIranSanat + t.me/ChemIranSanat,Iranian supplier Telegram catalogue|telegram,listed_not_current_stock_verified,https://t.me/s/ChemIranSanat,"4-hydroxy-3-methoxybenzoic acid || Sigma-Aldrich, Cat. Number: 94770 Vanillic acid, HPLC, 10g موجود و آماده تحویل ✅ شیمیران صنعت فقط اصلی ❓ قیمت و سفارش 👇 Admin 🆔 @ChemIranAdmin 🆔 @ChemIran1",existing skill export,live_telegram_listing + seed_2026-08-24 + seed_2026-08-25,2026-08-23,e2fd18233c66a5d52a67fad0b70d8db6aa518edd50c23ff5dbafe975728c6b97
4-hydroxybenzaldehyde,4-hydroxybenzaldehyde,,123-08-0,126,,,RGHHSNMVTDWUBI-UHFFFAOYSA-N,C7H6O2,122.12,C1=CC(=CC=C1C=O)O,confirmed_organic,organic_reagent,derived:supplier_platform,,telegram:ChemIranSanat,public Telegram (seller_research),product_page_listed_not_current_stock_verified,https://t.me/ChemIranSanat/1735,"4-Hydroxybenzaldehyde | بنزالدهید و مشتقات مختلف آن از کمپانی اکروس 10522 Benzaldehyde 250ml 15603 3-Ethoxy-4-hydroxybenzaldehyde 100g 15044 4-Chlorobenzaldehyde 250g 18351 2,3-Dihydroxybenzaldehyde 5g 16277 4-Hydroxybenzaldehyde 50g 33488 4-Isopropylbenzaldehyde 100g 15458 4-Carboxybenzaldehyde 5g",router_batch+pubchem,seed_2026-08-25,2026-08-25,58b2a2cf0a2895797c3aa92eb93d9fa44ec85c4bcf4c3a25a42bdd9dee9e8b0f
"4-hydroxynaphthalene-1,2-dione","2-Hydroxy-1,4-naphthoquinone",,83-72-7,6755,,,WVCHIGAIXREVNS-UHFFFAOYSA-N,C10H6O3,174.15,C1=CC=C2C(=C1)C(=CC(=O)C2=O)O,confirmed_organic,colorant_or_indicator,,,telegram:minatajhiz,Iranian supplier Telegram catalogue,listing_evidence_crawled_2026-08-24,https://t.me/minatajhiz/499,,ai_normalised_listing+pubchem_confirmed,seed_2026-08-24 + seed_2026-08-25,2019-01-14,548d48ba565fa001fd851a00b359c81078a6985788841ebb71a00b8de50681f7
"4-methoxy-6-prop-2-enyl-1,3-benzodioxole",Myristicin,,,4276,,,BNWJOHGLIBDBOB-UHFFFAOYSA-N,C11H12O3,192.21,COC1=CC(=CC2=C1OCO2)CC=C,confirmed_organic,secondary_metabolite_or_natural_product,,,telegram:ChemIranSanat,Iranian supplier Telegram catalogue,listing_evidence_crawled_2026-08-24,https://t.me/ChemIranSanat/1180,,ai_normalised_listing+pubchem_confirmed,seed_2026-08-24 + seed_2026-08-25,2018-01-19,c26e2f18551f040d070018dfac3f0f54f3bf2df089ca8226260ae9cbda069d19
4-methoxybenzenethiol,,,,12765,,,NIFAOMSJMGEFTQ-UHFFFAOYSA-N,C7H8OS,140.2,,confirmed_organic,organic_reagent,derived:supplier_platform,,Shimi Merck,ai_normalized,,https://shimimerck.ir/4-methoxythiophenol.html,4 methoxythiophenol,model_fleet+pubchem,ai_model_fleet,2026-08-27,70719ee2a9694fab1ee8b012d4cc48b09a3eb542a1fd798d6be61ba819bc2523
"4-methyl-1,3-dioxolan-2-one",Propylene carbonate,"4-methyl-1,3-dioxolan-2-one; Propylene carbonate; Propylene Carbonate",108-32-7,7924,,,RUOJZAUFBMNUDX-UHFFFAOYSA-N,C4H6O3,102.09,CC1COC(=O)O1,confirmed_organic,organic_reagent,,research,Shimi Merck + TamadKala; Telegram: minatajhiz + t.me/minatajhiz,Iranian online wholesale/lab shop | Iranian supplier Telegram catalogue|ai_normalized|telegram,listed_not_current_stock_verified | product_page_listed_not_current_stock_verified,https://shimimerck.ir/propylene-carbonate-code-807051.html,"4-methyl-1,3-dioxolan-2-one | پروپیلن کربنات || propylene carbonate code",existing skill export | router_title_normalization,ai_model_fleet + live_telegram_listing + seed_2026-08-24 + seed_2026-08-25,2026-08-23,8957bd1bb452f837cbe199a703040ec3dd82237a679a6637c5e0f094fd9b6a19
4-methylaniline,,,,7813,,,RZXMPPFPUUCRFN-UHFFFAOYSA-N,C7H9N,107.15,,confirmed_organic,organic_reagent,derived:supplier_platform,,Shimi Merck,ai_normalized,,https://shimimerck.ir/para-toluidine.html,para toluidine,model_fleet+pubchem,ai_model_fleet,2026-08-27,b557448f7320767fe69d776157091a82485c0880f53ccc297ec665da77e94eab
"4-methylbenzene-1,3-diamine",,,,7261,,,VOZKAJLKRJDJLL-UHFFFAOYSA-N,C7H10N2,122.17,,confirmed_organic,polymer_or_material,derived:supplier_platform,,Iran Petrochemical,ai_normalized,,https://iranpetrochemical.net/product/diamino-toluene-2/,diamino toluene 2,model_fleet+pubchem,ai_model_fleet,2026-08-27,28ad5c6b196bcd5e835c50b688e466d43bf769e2d3c922460518b3dbe9bb10f8
4-methylbenzenesulfonic acid,p-Toluenesulfonic acid,4-methylbenzenesulfonic acid; p-Toluenesulfonic acid,104-15-4,6101,,,JOXIMZWYDAKGHI-UHFFFAOYSA-N,C7H8O3S,172.20,CC1=CC=C(C=C1)S(=O)(=O)O,confirmed_organic,organic_reagent,,,Fardad Shimi,Iranian online lab-chemical shop,product_page_listed_not_current_stock_verified,,پارا تولوئن ۴ سولفونیک اسید ۱ آبه MERCK | ...,router_title_normalization,seed_2026-08-24 + seed_2026-08-25,2026-08-23,c9c8b56f848eb96bb77491e3afb5e678aaa335a7958048f2ee19f7f430c7a067
4-methylbenzenesulfonic acid;1-oxido-2-pyridin-2-ylindol-1-ium-3-one,pit,4-methylbenzenesulfonic acid;1-oxido-2-pyridin-2-ylindol-1-ium-3-one; pit,,124333,,,MMPTYEXNPWSTOR-UHFFFAOYSA-N,C20H16N2O5S,396.4,CC1=CC=C(C=C1)S(=O)(=O)O.C1=CC=C2C(=C1)C(=O)C(=[N+]2[O-])C3=CC=CC=N3,confirmed_organic,organic_reagent,derived:supplier_platform,,TamadKala,Iranian online wholesale/lab shop,product_page_listed_not_current_stock_verified,https://tamadkala.com/product/154510/همزن-مغناطیسی-هیتر-استیرر-آنالوگ-مدل-pit-30,همزن مغناطیسی هیتر استیرر آنالوگ مدل pit 30,structured_pubchem,seed_2026-08-25,2026-08-25,fc52868580a1bc76a96c33f88e1a9571261ad0e63a3a0d744e593196300bac8f
4-methylchromen-2-one,,,,11833,,,PSGQCCSGKGJLRL-UHFFFAOYSA-N,C10H8O2,160.17,,confirmed_organic,pharmaceutical_or_api,derived:supplier_platform,research,t.me/ATRmedShop,ai_normalized|telegram,,https://t.me/ATRmedShop/753,"4-متیلومبلیفریل β-D-گالاکتوپیرانوزید

‌‏⁧ ‌‌‏‌محصولات سیگما اصل را از ما بخواهید.

 👇 واردات و فروش مواد شیمیایی سیگما 👇 ‌‌ 
‌
 ☎️ تلفن: ۰۲۱۶۶۳۶۱۵۴۳-۶۶۳۷۹۰۲۶-۰۲۱
‌
 📱 موبایل: 09120549893

 🌐 لینک محصول :

 https://atrmed",model_fleet+pubchem,ai_model_fleet + live_telegram_listing,2026-08-27,46c72fc41bdab581c0ba16d078520a1ed66f4f518ebf7353e2d96de63e53b1c7
4-methylpent-1-ene,4-Methyl-1-pentene,4-methylpent-1-ene; 4-Methyl-1-pentene,,12724,,,WSSSPWUEQFSQQG-UHFFFAOYSA-N,C6H12,84.16,CC(C)CC=C,confirmed_organic,organic_reagent,,research,Telegram: ChemIranSanat + t.me/ChemIranSanat,Iranian supplier Telegram catalogue|ai_normalized|telegram,listed_not_current_stock_verified,https://t.me/ChemIranSanat/1185,"4-methylpent-1-ene || 68510-5ML Sigma-Aldrich
4-Methyl-1-pentene
4-متیل-1-پنتن
موجود و آماده تحویل

 ✅ شیمیران صنعت فقط اصلی
09386489001

 🆔 @ChemIranAdmin 

 🆔 @ChemIran1",existing skill export,ai_model_fleet + live_telegram_listing + seed_2026-08-24 + seed_2026-08-25,2026-08-23,7ff4de79b2c91a272eedb5d52a12a1f64c09f8293098bc8ae7a2f687aa44b9c8
4-methylpentan-2-ol,4-Methyl-2-Pentanol,4-methylpentan-2-ol; 4-Methyl-2-Pentanol,,7910,,,WVYWICLMDOOCFB-UHFFFAOYSA-N,C6H14O,102.17,CC(C)CC(C)O,confirmed_organic,organic_reagent,,research,Telegram: minatajhiz + t.me/minatajhiz,Iranian supplier Telegram catalogue|telegram,listed_not_current_stock_verified,https://t.me/s/minatajhiz,4-methylpentan-2-ol,existing skill export,live_telegram_listing + seed_2026-08-24 + seed_2026-08-25,2026-08-23,2b6eb17f2982e3fde391f0ec56049399cf7bd6f2d11edea3a34276d59c8f55b0
4-methylpentan-2-one,Methyl isobutyl ketone,4-methylpentan-2-one; Methyl isobutyl ketone,108-10-1,7909,,,NTIZESTWPVYFNL-UHFFFAOYSA-N,C6H12O,100.16,CC(C)CC(=O)C,confirmed_organic,organic_reagent,,research,TamadKala; Mojallali Group,Iranian online wholesale/lab shop,product_page_listed_not_current_stock_verified,https://drm-chem.com/en/product/methyl-isobutyl-ketone-en/,متیل ایزوبوتیل کتون lab دکتر مجللی | ...,router_title_normalization,seed_2026-08-24 + seed_2026-08-25,2026-08-23,dcaf6c01c6b425dc6ba9beaae59baa43a010a0a0a3a3580382ad9b55f222711f
"4-N,4-N-diethylbenzene-1,4-diamine;sulfuric acid","4-N,4-N-diethylbenzene-1,4-diamine;sulfuric acid","4-N,4-N-diethylbenzene-1,4-diamine;sulfuric acid",6283-63-2,80166,,,AYLDJQABCMPYEN-UHFFFAOYSA-N,C10H18N2O4S,262.33,CCN(CC)C1=CC=C(C=C1)N.OS(=O)(=O)O,confirmed_organic,organic_reagent,derived:supplier_platform,,Mojallali Group,Iranian WooCommerce catalogue,product_page_listed_not_current_stock_verified,https://drm-chem.com/en/product/dpd-sulfate-lab-en/,DPD sulfate,cas_pubchem,seed_2026-08-25,2026-08-25,04e26ec451150ec0c3c5e0c19d2f0451bd8df20fac9560746eb2280fe69b2678
"4-N,4-N-dimethylbenzene-1,4-diamine","N,N-dimethyl-p-phenylenediamine",,,7472,,,BZORFPDSXLZWJF-UHFFFAOYSA-N,C8H12N2,136.19,CN(C)C1=CC=C(C=C1)N,confirmed_organic,organic_reagent,,,telegram:chemgroup,Iranian supplier Telegram catalogue,listing_evidence_crawled_2026-08-24,https://t.me/chemgroup/1204,,ai_normalised_listing+pubchem_confirmed,seed_2026-08-24 + seed_2026-08-25,2016-02-09,a2b5dd58c1731c1f9051e1806a9e1fa70753d6f3c29a0895f39bd3224c722a65
4-nitroaniline,4-Nitroaniline,,100-01-6,7475,,,TYMLOMAKGOJONV-UHFFFAOYSA-N,C6H6N2O2,138.12,C1=CC(=CC=C1N)[N+](=O)[O-],confirmed_organic,organic_reagent,,,Shimi Merck + telegram:chemgroup,Iranian supplier Telegram catalogue|ai_normalized,listing_evidence_crawled_2026-08-24,https://shimimerck.ir/paranitroaniline-822292.html,paranitroaniline,ai_normalised_listing+pubchem_confirmed,ai_model_fleet + seed_2026-08-24 + seed_2026-08-25,2016-12-21,9af7e120dd6e569969491f761bf267d2737bdb0cb1526a0828638b6156e7b02f
4-nitrobenzaldehyde,4-Nitrobenzaldehyde,4-nitrobenzaldehyde; 4-Nitrobenzaldehyde,555-16-8,541,,,BXRFQSNOROATLV-UHFFFAOYSA-N,C7H5NO3,151.12,C1=CC(=CC=C1C=O)[N+](=O)[O-],confirmed_organic,fragrance_or_aroma,,research,Telegram: minatajhiz; telegram:ChemIranSanat + t.me/minatajhiz,Iranian supplier Telegram catalogue|telegram,listed_not_current_stock_verified,https://t.me/s/minatajhiz,4-nitrobenzaldehyde,existing skill export,live_telegram_listing + seed_2026-08-24 + seed_2026-08-25,2026-08-23,3f70c0067980fe82991a604c2c9ab5ba7a7d296cad4bf8f3732478f0e5060d32
4-Nitrobenzoic Acid,4-Nitrobenzoic acid,,,6108,,,OTLNPYWUJOZPPA-UHFFFAOYSA-N,C7H5NO4,167.12,C1=CC(=CC=C1C(=O)O)[N+](=O)[O-],confirmed_organic,organic_reagent,,,minatajhiz,telegram,listing_evidence_crawled_2026-08-23,https://t.me/minatajhiz/109,4-نیترو بنزوئیک اسید 99% مرک فروش و واردات انواع مواد شیمیایی آزمایشکاهی از معتبرترین کمپانی های دنیا,ai_resolved+pubchem,seed_2026-08-24 + seed_2026-08-25,2026-08-23,7c7eadb7e8b62bb6fdfa44a641e907dd674ae6a59d12486b04a02297679aa65f
"4-O-[(2S,3R,4S,6R)-4-(dimethylamino)-2-[[(3R,4S,5S,6R,7R,9R,11R,12R,13S,14R)-14-ethyl-7,12,13-trihydroxy-4-[(2R,4R,5S,6S)-5-hydroxy-4-methoxy-4,6-dimethyloxan-2-yl]oxy-3,5,7,9,11,13-hexamethyl-2,10-dioxo-oxacyclotetradec-6-yl]oxy]-6-methyloxan-3-yl] 1-O-ethyl butanedioate",Erythromycin Ethylsuccinate,"4-O-[(2S,3R,4S,6R)-4-(dimethylamino)-2-[[(3R,4S,5S,6R,7R,9R,11R,12R,13S,14R)-14-ethyl-7,12,13-trihydroxy-4-[(2R,4R,5S,6S)-5-hydroxy-4-methoxy-4,6-dimethyloxan-2-yl]oxy-3,5,7,9,11,13-hexamethyl-2,10-dioxo-oxacyclotetradec-6-yl]oxy]-6-methyloxan-3-yl] 1-O-ethyl butanedioate; Erythromycin Ethylsuccinate",,443953,,,NSYZCCDSJNWWJL-YXOIYICCSA-N,C43H75NO16,862.1,CCC1C(C(C(C(=O)C(CC(C(C(C(C(C(=O)O1)C)OC2CC(C(C(O2)C)O)(C)OC)C)OC3C(C(CC(O3)C)N(C)C)OC(=O)CCC(=O)OCC)(C)O)C)C)O)(C)O,confirmed_organic,organic_reagent,derived:supplier_platform,,Temad,Iranian WooCommerce catalogue,product_page_listed_not_current_stock_verified,https://www.temad.com/product/paracetamol-acetaminophen/,Erythromycin Ethylsuccinate,structured_pubchem,seed_2026-08-25,2026-08-25,34916103a1647f7afd840c843bc6d9c5ec3045c9a6738745a970e7f1ef896a75
4-propan-2-ylbenzaldehyde,4-propan-2-ylbenzaldehyde,,122-03-2,326,,,WTWBUQJHJGUZCY-UHFFFAOYSA-N,C10H12O,148.20,CC(C)C1=CC=C(C=C1)C=O,confirmed_organic,organic_reagent,derived:supplier_platform,Shimi Merck,Shimi Merck + https://shimimerck.ir/cuminaldehyde.html + telegram:ChemIranSanat,ai_normalized|live_supplier_catalogue|public Telegram (seller_research),product_page_listed_not_current_stock_verified,https://shimimerck.ir/cuminaldehyde.html,"4-Isopropylbenzaldehyde | بنزالدهید و مشتقات مختلف آن از کمپانی اکروس 10522 Benzaldehyde 250ml 15603 3-Ethoxy-4-hydroxybenzaldehyde 100g 15044 4-Chlorobenzaldehyde 250g 18351 2,3-Dihydroxybenzaldehyde 5g 16277 4-Hydroxybenzaldehyde 50g 33488 4-Isopropylbenzaldehyde 100g 15458 4-Carboxybenzaldehyde 5",router_batch+pubchem,ai_model_fleet + live_web_catalogue + seed_2026-08-25,2026-08-25,d3f56fb68c6f6ae7e1a33c14439fd8fe1af09cc95ff405ff1b31ac697ee48780
"5,5-dimethylcyclohexane-1,3-dione",Dimedone,,126-81-8,31358,,,BADXJIPKFRBFOT-UHFFFAOYSA-N,C8H12O2,140.18,CC1(CC(=O)CC(=O)C1)C,confirmed_organic,organic_reagent,,,t.me/ChemIranSanat + telegram:ChemIranSanat,Iranian supplier Telegram catalogue|ai_normalized,listing_evidence_crawled_2026-08-24,https://t.me/ChemIranSanat/1600,"38490 Sigma-Aldrich 
5,5-Dimethyl-1,3-cyclohexanedione (Dimedone)
50g ×1
 🛩 واردات مسافری

 🔜 موجود و آماده تحویل
 ✅ شیمیران صنعت فقط اصلی

 ❓ قیمت و سفارش 👇 

Admin 🆔 @ChemIranAdmin 

 🆔 @ChemIran1",ai_normalised_listing+pubchem_confirmed,ai_model_fleet + seed_2026-08-24 + seed_2026-08-25,2018-11-14,e715e5f53fa3f01d00f870e52e87b5bbd327082dd5fd54e06089b8067e787e02
"5-(2,5-dimethylphenoxy)-2,2-dimethylpentanoic acid",gemfibrozil,"5-(2,5-dimethylphenoxy)-2,2-dimethylpentanoic acid; gemfibrozil; Gemfibrozil",,3463,,,HEMJJKBWTPKOJG-UHFFFAOYSA-N,C15H22O3,250.33,CC1=CC(=C(C=C1)C)OCCCC(C)(C)C(=O)O,confirmed_organic,pharmaceutical_or_api,,,Rooz Darou; Temad,Iranian pharmaceutical product catalogue,product_page_listed_not_current_stock_verified,http://rouzdarou.com/products/%D9%83%D9%BE%D8%B3%D9%88%D9%84-%D8%AC%D9%85-%D9%81%DB%8C%D8%A8%D8%B1%D9%88%D8%B2%DB%8C%D9%84-300,كپسول جم فیبروزیل 300,PubChem name validation from supplier product title,seed_2026-08-24 + seed_2026-08-25,2026-08-23,c3a38db214b03a29313b79c199f6079af5264dca39f050d7ca93a33296d399ed
"5-(2-imidazol-1-ylphenyl)-1H-1,2,4-triazole",,,,2764127,,,MEOQWPMLKZKWFI-UHFFFAOYSA-N,C11H9N5,211.22,,confirmed_organic,pharmaceutical_or_api,derived:supplier_platform,,t.me/ATRmedShop,ai_normalized,,https://t.me/ATRmedShop/562,"ترایزول

‌‏⁧ ‌‌‏‌محصولات سیگما اصل را از ما بخواهید.

 👇 واردات و فروش مواد شیمیایی سیگما و مرک 👇 ‌
‌ 
‌
 ☎️ تلفن: ۰۲۱۶۶۳۶۱۵۴۳-۶۶۳۷۹۰۲۶-۰۲۱
‌
 📱 موبایل: 09120549893

 🌐 لینک محصول :

 https://atrmed.com/product/tri-reage",model_fleet+pubchem,ai_model_fleet,2026-08-27,ba3466faccec4fdb4e7fd929c6aa63ac2eabb1a371a5e485d73c9b3bcb338c5a
5-(hydroxymethyl)furan-2-carbaldehyde,5-(Hydroxymethyl)furfural,,67-47-0,237332,,,NOEGNKMFWQHSLB-UHFFFAOYSA-N,C6H6O3,126.11,C1=C(OC(=C1)C=O)CO,confirmed_organic,secondary_metabolite_or_natural_product,,,telegram:minatajhiz,Iranian supplier Telegram catalogue,listing_evidence_crawled_2026-08-24,https://t.me/minatajhiz/502,,ai_normalised_listing+pubchem_confirmed,seed_2026-08-24 + seed_2026-08-25,2019-01-16,36a31ccf9e09f2fd3fc0108db23b14995da9ba99335ba7596b1d415dbc43bf4c
"5-[(3,4,5-trimethoxyphenyl)methyl]pyrimidine-2,4-diamine","5-[(3,4,5-trimethoxyphenyl)methyl]pyrimidine-2,4-diamine",,738-70-5,5578,,,IEDVJHCEMCRBQM-UHFFFAOYSA-N,C14H18N4O3,290.32,COC1=CC(=CC(=C1OC)OC)CC2=CN=C(N=C2N)N,confirmed_organic,pharmaceutical_or_api,derived:supplier_platform,,t.me/ATRmedShop + telegram:ATRmedShop,ai_normalized|public Telegram (seller_research),product_page_listed_not_current_stock_verified,https://t.me/ATRmedShop/711,Trimethoprim | خرید تری متوپریم | قیمت تری متوپریم ‌‏⁧ ‌‌‏‌محصولات سیگما اصل را از ما بخواهید. 👇 واردات و فروش مواد شیمیایی سیگما 👇 ‌ ‌ ‌ ☎️ تلفن: ۰۲۱۶۶۳۶۱۵۴۳-۶۶۳۷۹۰۲۶-۰۲۱ ‌ 📱 موبایل: 09120549893 🌐 لینک محصول : https://atrmed.com/product/trimethoprim/?v=e067b3c6b979 #آثل_طب #مواد_ازمایشگاهی #مواد_شی,router_batch+pubchem,ai_model_fleet + seed_2026-08-25,2026-08-25,1b83c6d9f5474dc918c937187f224706a6a60c4292ef2bd79d8f165187b2f7d4
5-[(3-carboxy-4-nitrophenyl)disulfanyl]-2-nitrobenzoic acid,5-[(3-carboxy-4-nitrophenyl)disulfanyl]-2-nitrobenzoic acid,,69-78-3,6254,,,KIUMMUBSPKGMOY-UHFFFAOYSA-N,C14H8N2O8S2,396.4,C1=CC(=C(C=C1SSC2=CC(=C(C=C2)[N+](=O)[O-])C(=O)O)C(=O)O)[N+](=O)[O-],confirmed_organic,pharmaceutical_or_api,derived:supplier_platform,,t.me/ATRmedShop + telegram:ATRmedShop,ai_normalized|public Telegram (seller_research),product_page_listed_not_current_stock_verified,https://t.me/ATRmedShop/805,"5,5'-Dithiobis(2-nitrobenzoic acid) | 5،5'-دیتیوبیس (2-نیتروبنزوئیک اسید) توضیحات کلی 5،5'-دیتیوبیس (2-نیتروبنزوئیک اسید) همچنین DTNB یا معرف المان Ellman نیز نامیده می‌شود. DTNB یک معرف محلول در آب است که با گروه‌های تیول اینتراکشن دارد و می‌تواند به‌راحتی در pH خنثی استفاده شود. آنیون تیولات با...",router_batch+pubchem,ai_model_fleet + seed_2026-08-25,2026-08-25,e12076fe24dc50b3523955b5da6c19272da4dc60a3930e9e6d7f5e3ff903517b
"5-[(3aS,4S,6aR)-2-oxo-1,3,3a,4,6,6a-hexahydrothieno[3,4-d]imidazol-4-yl]pentanoic acid",D-Biotin,"5-[(3aS,4S,6aR)-2-oxo-1,3,3a,4,6,6a-hexahydrothieno[3,4-d]imidazol-4-yl]pentanoic acid; D-Biotin",56-57-5,171548,,yes,YBJHBAHKTGYVGT-ZKWXMUAHSA-N,C10H16N2O3S,244.31,C1[C@H]2[C@@H]([C@@H](S1)CCCCC(=O)O)NC(=O)N2,confirmed_organic,organic_reagent,,,Rooz Darou; TamadKala + t.me/ATRmedShop,Iranian online wholesale/lab shop | Iranian pharmaceutical product catalogue|ai_normalized,product_page_listed_not_current_stock_verified,https://t.me/ATRmedShop/703,"دی بیوتین برند لوبا هند | قرص بیوتین 1000 میکروگرم رزاویت || خرید بیوتین گرید کشت سلول | قیمت بیوتین گرید کشت سلول


‌‏⁧ ‌‌‏‌محصولات سیگما اصل را از ما بخواهید.

 👇 واردات و فروش مواد شیمیایی سیگما 👇 ‌
‌ 
‌
 ☎️ تلفن: ۰۲۱۶۶۳۶۱۵۴۳-۶۶۳۷۹۰۲۶-۰۲۱
‌
 📱 موبایل: 09120549893

 🌐 لینک محصول",router_title_normalization,ai_model_fleet + seed_2026-08-24 + seed_2026-08-25,2026-08-23,408a6af52920ff00defc39772356d9e9523f4d4f83352f0b5cad3454c3fab79b
"5-[(E)-2-(4-hydroxyphenyl)ethenyl]benzene-1,3-diol",Resveratrol,,501-36-0,445154,,,LUKBXSAWLPMMSZ-OWOJBTEDSA-N,C14H12O3,228.24,C1=CC(=CC=C1/C=C/C2=CC(=CC(=C2)O)O)O,confirmed_organic,secondary_metabolite_or_natural_product,,,telegram:minatajhiz,Iranian supplier Telegram catalogue,listing_evidence_crawled_2026-08-24,https://t.me/minatajhiz/470,,ai_normalised_listing+pubchem_confirmed,seed_2026-08-24 + seed_2026-08-25,2018-11-11,6a9b311ffadd7e8db5871d12429251f7a4dcc1fcfde8a49d4f8f8f35904de51c
"5-[2-(1,3-dioxo-2-benzofuran-5-yl)-1,1,1,3,3,3-hexafluoropropan-2-yl]-2-benzofuran-1,3-dione","4,4'-(Hexafluoroisopropylidene)diphthalic anhydride","5-[2-(1,3-dioxo-2-benzofuran-5-yl)-1,1,1,3,3,3-hexafluoropropan-2-yl]-2-benzofuran-1,3-dione; 4,4'-(Hexafluoroisopropylidene)diphthalic anhydride",,70677,,,QHHKLPCQTTWFSS-UHFFFAOYSA-N,C19H6F6O6,444.2,C1=CC2=C(C=C1C(C3=CC4=C(C=C3)C(=O)OC4=O)(C(F)(F)F)C(F)(F)F)C(=O)OC2=O,confirmed_organic,organic_reagent,,research,Telegram: ChemIranSanat + t.me/ChemIranSanat,Iranian supplier Telegram catalogue|ai_normalized|telegram,listed_not_current_stock_verified,https://t.me/ChemIranSanat/1830,"5-[2-(1,3-dioxo-2-benzofuran-5-yl)-1,1,1,3,3,3-hexafluoropropan-2-yl]-2-benzofuran-1,3-dione || 012947 Exir
4,4'-(Hexafluoroisopropylidene)diphthalic anhydride
5g

 🔜 موجود و آماده تحویل
 ✅ شیمیران صنعت فقط اصلی
 ♾ موجودی و تنوع بی نظیر از برندهای معتبر
 📱 سفارش کالا 👇 
 📎 دیگر دی انیدریدهای موجود، ",existing skill export,ai_model_fleet + live_telegram_listing + seed_2026-08-24 + seed_2026-08-25,2026-08-23,b2cc1bfac684c534e9c5eb58d436179ddc3656c820581b4dcd2debb679b334b9
"5-[2-ethoxy-5-(4-methylpiperazin-1-yl)sulfonylphenyl]-1-methyl-3-propyl-6H-pyrazolo[4,5-d]pyrimidin-7-one",sildenafil,"5-[2-ethoxy-5-(4-methylpiperazin-1-yl)sulfonylphenyl]-1-methyl-3-propyl-6H-pyrazolo[4,5-d]pyrimidin-7-one; sildenafil",,135398744,,,BNRNXUUZRGQAQC-UHFFFAOYSA-N,C22H30N6O4S,474.6,CCCC1=NN(C2=C1N=C(NC2=O)C3=C(C=CC(=C3)S(=O)(=O)N4CCN(CC4)C)OCC)C,confirmed_organic,pharmaceutical_or_api,,,Rooz Darou,Iranian pharmaceutical product catalogue,product_page_listed_not_current_stock_verified,http://rouzdarou.com/products/%D9%82%D8%B1%D8%B5-%D8%B3%DB%8C%D9%84%D8%AF%D9%86%D8%A7%D9%81%DB%8C%D9%84-100,قرص سیلدنافیل 100,PubChem name validation from supplier product title,seed_2026-08-24 + seed_2026-08-25,2026-08-23,83a34e2e55b4b01e86111092ca62ff1e7808e4dd3d006c0f1b0ff9bc9b7c9430
"5-amino-2,3-dihydrophthalazine-1,4-dione",Luminol,,521-31-3,10638,,,HWYHZTIRURJOHG-UHFFFAOYSA-N,C8H7N3O2,177.16,C1=CC2=C(C(=C1)N)C(=O)NNC2=O,confirmed_organic,colorant_or_indicator,,,telegram:ChemIranSanat,Iranian supplier Telegram catalogue,listing_evidence_crawled_2026-08-24,https://t.me/ChemIranSanat/1080,,ai_normalised_listing+pubchem_confirmed,seed_2026-08-24 + seed_2026-08-25,2017-12-14,b1b3c50201873f6634178cde970edde01ba7b1a816d1abaa1a949c9da5466dc9
5-amino-2-hydroxybenzoic acid,,,,4075,,,KBOPZPXVLCULAV-UHFFFAOYSA-N,C7H7NO3,153.14,,confirmed_organic,organic_reagent,derived:supplier_platform,,Shimi Merck,ai_normalized,,https://shimimerck.ir/buy-5-aminosalicylic-acid.html,buy 5 aminosalicylic acid,model_fleet+pubchem,ai_model_fleet,2026-08-27,6c4139b2f904504726232f5c08a2a53a407be71ce48df4a73cd7953475bd7457
"5-aminobenzene-1,3-dicarboxylic acid",5-Aminoisophthalic acid,"5-aminobenzene-1,3-dicarboxylic acid; 5-Aminoisophthalic acid",99-31-0,66833,,,KBZFDRWPMZESDI-UHFFFAOYSA-N,C8H7NO4,181.15,C1=C(C=C(C=C1C(=O)O)N)C(=O)O,confirmed_organic,organic_reagent,,research,Telegram: ChemIranSanat + t.me/ChemIranSanat + t.me/IranChemicals,Iranian supplier Telegram catalogue|ai_normalized|telegram,listed_not_current_stock_verified,https://t.me/IranChemicals/21407,"5-aminobenzene-1,3-dicarboxylic acid || 006322 Exir
5-Aminoisophthalic acid , >98%
25g

 🔜 موجود و آماده تحویل
 ✅ شیمیران صنعت فقط اصلی
 ♾ موجودی و تنوع بی نظیر از برندهای معتبر
 📦 ارسال رایگان
 📱 سفارش کالا 👇 
 📞 0938-648-9001

 🆔 @ChemIranAdmin 

 🆔 @ChemIra || 🟢 #اندیشه انسانی 

 🟥 دکتر #امیر_ناظ",existing skill export,ai_model_fleet + live_telegram_listing + seed_2026-08-24 + seed_2026-08-25,2026-08-23,61ee6af005ad2f9069b8e6356687cf13f02a15f61e2d2ebe8233ca9d04a805bd
"5-bromo-1H-indole-2,3-dione",5-Bromoisatin,,87-48-9,6889,,,MBVCESWADCIXJN-UHFFFAOYSA-N,C8H4BrNO2,226.03,C1=CC2=C(C=C1Br)C(=O)C(=O)N2,confirmed_organic,organic_reagent,,,telegram:minatajhiz,Iranian supplier Telegram catalogue,listing_evidence_crawled_2026-08-24,https://t.me/minatajhiz/498,,ai_normalised_listing+pubchem_confirmed,seed_2026-08-24 + seed_2026-08-25,2019-01-14,12e650ba75714fab955b86c5f7485075dfa1c1aad65242b9a038fd3d990c2ed4
5-bromo-2-hydroxybenzaldehyde,5-Bromosalicylaldehyde,5-bromo-2-hydroxybenzaldehyde; 5-Bromosalicylaldehyde,,72863,,,MKKSTJKBKNCMRV-UHFFFAOYSA-N,C7H5BrO2,201.02,C1=CC(=C(C=C1Br)C=O)O,confirmed_organic,fragrance_or_aroma,,research,Telegram: ChemIranSanat + t.me/ChemIranSanat,Iranian supplier Telegram catalogue|ai_normalized|telegram,listed_not_current_stock_verified,https://t.me/ChemIranSanat/1605,"5-bromo-2-hydroxybenzaldehyde || 137286 Aldrich
5-Bromosalicylaldehyde
25g ×1
 🛩 واردات مسافری

 🔜 موجود و آماده تحویل
 ✅ شیمیران صنعت فقط اصلی

 ❓ قیمت و سفارش 👇 

Admin 🆔 @ChemIranAdmin 

 🆔 @ChemIran1",existing skill export,ai_model_fleet + live_telegram_listing + seed_2026-08-24 + seed_2026-08-25,2026-08-23,de00806c32277a6e240536de3ac91d464a3bc2ec2946181959bd9c72c8e246f9
"5-chloro-2-(2,4-dichlorophenoxy)phenol",Triclosan,,3380-34-5,5564,,,XEFQLINVKFYRCS-UHFFFAOYSA-N,C12H7Cl3O2,289.5,C1=CC(=C(C=C1Cl)O)OC2=C(C=C(C=C2)Cl)Cl,confirmed_organic,cosmetic_raw_material,,,t.me/chemgroup + telegram:ChemIranSanat,Iranian supplier Telegram catalogue|ai_normalized,listing_evidence_crawled_2026-08-24,https://t.me/chemgroup/19,عدم برتری صابونهای آنتی باکتریال بر صابونهای معمولی : در صابونهای ضدباکتری ، ماده ای به نام تریکلوسان به غلظت 3/0 درصد مورد استفاده قرار می گیرد . پژوهشی جدید نشان داده است که این ماده تاثیر قابل توجهی بر پاکسازی باکتری,ai_normalised_listing+pubchem_confirmed,ai_model_fleet + seed_2026-08-24 + seed_2026-08-25,2018-01-25,437e153ebd152e007d7481304e8d5332eb8e7f3f4f2d83441e6ab9dca9c43607
"5-chloro-N-[[(5S)-2-oxo-3-[4-(3-oxomorpholin-4-yl)phenyl]-1,3-oxazolidin-5-yl]methyl]thiophene-2-carboxamide",Rivaroxaban,"5-chloro-N-[[(5S)-2-oxo-3-[4-(3-oxomorpholin-4-yl)phenyl]-1,3-oxazolidin-5-yl]methyl]thiophene-2-carboxamide; Rivaroxaban",,9875401,,,KGFYHTZWPPHNLQ-AWEZNQCLSA-N,C19H18ClN3O5S,435.9,C1COCC(=O)N1C2=CC=C(C=C2)N3C[C@@H](OC3=O)CNC(=O)C4=CC=C(S4)Cl,confirmed_organic,pharmaceutical_or_api,,research,BehChin Chemi Pharmed,Iranian supplier API/intermediate catalogue,supplier_catalogue_listed_not_current_stock_verified,https://www.behchinchemi.ir/en/our-products/active-pharmaceutical-ingredient,Rivaroxaban,supplier_table,seed_2026-08-24 + seed_2026-08-25,2026-08-23,798d3072402187f208009a303c35dab521f4a93ec6a28b6216b814f77e54fd0c
"5-cyanobenzene-1,3-dicarboxylic acid",5-Cyanoisophthalic acid,,13293-63-5,90070,,,YKADUTAIRWMMFI-UHFFFAOYSA-N,C9H5NO4,191.14,C1=C(C=C(C=C1C(=O)O)C(=O)O)C#N,confirmed_organic,organic_reagent,,,telegram:ChemIranSanat,Iranian supplier Telegram catalogue,listing_evidence_crawled_2026-08-24,https://t.me/ChemIranSanat/1774,"714739 Sigma-Aldrich 5-Cyano-1,3-benzenedicarboxylic acid 1G 🔜 موجود و آماده تحویل ✅ شیمیران صنعت فقط اصلی ♾ موجودی و تنوع بی نظیر از برندهای معتبر 📱 سفارش کالا 👇 🆔 @ChemIranAdmin 🆔 @ChemIran1",ai_normalised_listing+pubchem_confirmed,seed_2026-08-24 + seed_2026-08-25,2019-08-17,a2e87a4c32de9ddb9591653f15297ce207862fb22a4e273895c739947a6d54e1
"5-ethyl-6-phenylphenanthridin-5-ium-3,8-diamine bromide",,,,14710,,,ZMMJGEGLRURXTF-UHFFFAOYSA-N,C21H20BrN3,394.3,,confirmed_organic,pharmaceutical_or_api,derived:supplier_platform,,t.me/ATRmedShop,ai_normalized,,https://t.me/ATRmedShop/193,"محلول اتیدیوم برماید 
محلول اتیدیوم برماید رایج‌ترین رنگ اسید نوکلئیک مورد استفاده در الکتروفورز ژل آگارز است. فلورسانس EtBr با اتصال ...
برای مشاهده ادامه مطلب، قیمت آنلاین و خرید اینترنتی به لینک زیر مراجعه فرمایید:
 h",model_fleet+pubchem,ai_model_fleet,2026-08-27,a88746373892a8f5a8e9a202331b6bbb433058b934f16810946b83fc9803f14b
5-fluoro-1H-indole-2-carboxylic acid,fic,5-fluoro-1H-indole-2-carboxylic acid; fic,,1820,,,WTXBRZCVLDTWLP-UHFFFAOYSA-N,C9H6FNO2,179.15,C1=CC2=C(C=C1F)C=C(N2)C(=O)O,confirmed_organic,organic_reagent,derived:supplier_platform,,telegram:jahaneshimicom,public Telegram (seller_industrial),product_page_listed_not_current_stock_verified,https://t.me/jahaneshimicom/103,سلام مالتو دکسترین برند fic مورد نیاز هست 09126116567,structured_pubchem,seed_2026-08-25,2026-08-25,9aebd666a77966494c833570ee2199cecefd3a12326b2da4d4f11bae9d1adb1a
5-fluoro-2-oxo-1H-pyrazine-3-carboxamide,Favipiravir,,,492405,,,ZCGNOVWYSGBHAU-UHFFFAOYSA-N,C5H4FN3O2,157.10,C1=C(N=C(C(=O)N1)C(=O)N)F,confirmed_organic,pharmaceutical_or_api,,,telegram:IranChemicals,Iranian supplier Telegram catalogue,listing_evidence_crawled_2026-08-24,https://t.me/Iranchemicals/18894,,ai_normalised_listing+pubchem_confirmed,seed_2026-08-24 + seed_2026-08-25,2020-09-12,38cde70f572f77e5c3bbdcbd99f44a4152ec203b1e9b7a2a1c272a48a661affa
"5-methyl-1H-pyrimidine-2,4-dione","5-methyl-1H-pyrimidine-2,4-dione",,65-71-4,1135,,,RWQNBRDOKXIBIV-UHFFFAOYSA-N,C5H6N2O2,126.11,CC1=CNC(=O)NC1=O,confirmed_organic,pharmaceutical_or_api,derived:supplier_platform,research,t.me/ATRmedShop + telegram:ATRmedShop,public Telegram (seller_research)|telegram,product_page_listed_not_current_stock_verified,https://t.me/s/ATRmedShop,Thymine | خرید تیمین گرید کشت سلول | قیمت تیمین گرید کشت سلول ‌‏⁧ ‌‌‏‌محصولات سیگما اصل را از ما بخواهید. 👇 واردات و فروش مواد شیمیایی سیگما 👇 ‌ ‌ ‌ ☎️ تلفن: ۰۲۱۶۶۳۶۱۵۴۳-۶۶۳۷۹۰۲۶-۰۲۱ ‌ 📱 موبایل: 09120549893 🌐 لینک محصول : https://atrmed.com/product/thymine/?v=e067b3c6b979 #آثل_طب #مواد_ازمایشگاهی #م,router_batch+pubchem,live_telegram_listing + seed_2026-08-25,2026-08-25,e93326afeca0fc08914a9b816d39e6b9847c13c7f0b0006a842d2c1b82b68fbf
5-methyl-2-propan-2-ylcyclohexan-1-ol,Menthol,5-methyl-2-propan-2-ylcyclohexan-1-ol; Menthol,89-78-1,1254,,,NOOLISFMXDJSKH-UHFFFAOYSA-N,C10H20O,156.26,CC1CCC(C(C1)O)C(C)C,confirmed_organic,fragrance_or_aroma,,research,BehChin Chemi Pharmed; TamadKala,Iranian online research/chemical shop | Iranian online wholesale/lab shop | Iranian supplier API/intermediate catalogue,product_page_listed_not_current_stock_verified | supplier_catalogue_listed_not_current_stock_verified,https://tamadkala.com/product/191236/%D9%85%D9%86%D8%AA%D9%88%D9%84-%DA%A9%D8%B1%DB%8C%D8%B3%D8%AA%D8%A7%D9%84-lab-%D8%AF%DA%A9%D8%AA%D8%B1-%D9%85%D8%AC%D9%84%D9%84%DB%8C,Menthol | منتول 1 | منتول 2 | ... | منتول extra pure نوترون | منتول خوراکی | منتول کریستال lab دکتر مجللی,explicit_category_supplement | router_title_normalization | supplier_table,seed_2026-08-24 + seed_2026-08-25,2026-08-23,18d6226f03734ac64931ea895e23b8c4d7c9752c33c4e139b4a49280345cb433
5-methyl-2-propan-2-ylphenol,Thymol,5-methyl-2-propan-2-ylphenol; Thymol,,6989,,,MGSRCZKZVOBKFT-UHFFFAOYSA-N,C10H14O,150.22,CC1=CC(=C(C=C1)C(C)C)O,confirmed_organic,organic_reagent,,,TamadKala,Iranian online wholesale/lab shop,product_page_listed_not_current_stock_verified,https://tamadkala.com/product/153688/%D8%AA%D8%B1%D8%A7%D9%84%DB%8C-%D8%A7%D8%B3%D8%AA%DB%8C%D9%84-%D8%B3%D8%A7%D8%AF%D9%87,ترالی استیل ساده,router_title_normalization,seed_2026-08-24 + seed_2026-08-25,2026-08-23,a90866ad0d3fba5893518708a332fcf1c3fc0c625fa28bd259d384af3b2f1210
"5-methyl-6-phenylphenanthridin-5-ium-3,8-diamine bromide","5-methyl-6-phenylphenanthridin-5-ium-3,8-diamine bromide","5-methyl-6-phenylphenanthridin-5-ium-3,8-diamine bromide",518-67-2,68207,,,MQOKYEROIFEEBH-UHFFFAOYSA-N,C20H18BrN3,380.3,C[N+]1=C2C=C(C=CC2=C3C=CC(=CC3=C1C4=CC=CC=C4)N)N.[Br-],confirmed_organic,organic_reagent,derived:supplier_platform,,Mojallali Group,Iranian WooCommerce catalogue,product_page_listed_not_current_stock_verified,https://drm-chem.com/en/product/dimidium-bromide-indicator-en/,Dimidium bromide,cas_pubchem,seed_2026-08-25,2026-08-25,35965b00e3d8dad72926573d41cec9370d43f23178594fb15de09d75e3cb5538
5-methylhexan-2-one,5-Methyl-2-hexanone,5-methylhexan-2-one; 5-Methyl-2-hexanone,123-92-2,8034,,,FFWSICBKRCICMR-UHFFFAOYSA-N,C7H14O,114.19,CC(C)CCC(=O)C,confirmed_organic,organic_reagent,,,TamadKala,Iranian online wholesale/lab shop,product_page_listed_not_current_stock_verified,https://tamadkala.com/product/146370/5-%D9%85%D8%AA%DB%8C%D9%84-2-%D9%87%DA%AF%D8%B2%D8%A7%D9%86%D9%88%D9%86,5 متیل 2 هگزانون,router_title_normalization,seed_2026-08-24 + seed_2026-08-25,2026-08-23,ad1256c54e4ae09fbc7a88f11877f11a57b23bd3bea15e0428c76212b53b7556
"5-nitrobenzene-1,3-dicarboxylic acid",5-Nitroisophthalic acid,"5-nitrobenzene-1,3-dicarboxylic acid; 5-Nitroisophthalic acid",,12069,,,NBDAHKQJXVLAID-UHFFFAOYSA-N,C8H5NO6,211.13,C1=C(C=C(C=C1C(=O)O)[N+](=O)[O-])C(=O)O,confirmed_organic,organic_reagent,,research,Telegram: ChemIranSanat + t.me/ChemIranSanat,Iranian supplier Telegram catalogue|ai_normalized|telegram,listed_not_current_stock_verified,https://t.me/ChemIranSanat/1792,"5-nitrobenzene-1,3-dicarboxylic acid || N18005 Sigma-Aldrich
5-Nitroisophthalic acid
100g
 🔜 موجود و آماده تحویل
 ✅ شیمیران صنعت فقط اصلی
 ♾ موجودی و تنوع بی نظیر از برندهای معتبر
 📱 سفارش کالا 👇 

 🆔 @ChemIranAdmin 

 🆔 @ChemIran1",existing skill export,ai_model_fleet + live_telegram_listing + seed_2026-08-24 + seed_2026-08-25,2026-08-23,7ffc11f2deaebb9466c4ddb68c9f6a8e8ee91a1d3f2a9977ee66518a45405ebe
"6,7,13,14-tetrahydroxy-2,9-dioxatetracyclo[6.6.2.04,16.011,15]hexadeca-1(15),4,6,8(16),11,13-hexaene-3,10-dione",ellagic acid,"6,7,13,14-tetrahydroxy-2,9-dioxatetracyclo[6.6.2.04,16.011,15]hexadeca-1(15),4,6,8(16),11,13-hexaene-3,10-dione; ellagic acid",,5281855,,,AFSDNFLWKVMVRB-UHFFFAOYSA-N,C14H6O8,302.19,C1=C2C3=C(C(=C1O)O)OC(=O)C4=CC(=C(C(=C43)OC2=O)O)O,confirmed_organic,secondary_metabolite_or_natural_product,,research,TamadKala,Iranian online research/chemical shop,product_page_listed_not_current_stock_verified,https://tamadkala.com/product/90737/%D8%A7%D9%84%D8%A7%D8%AC%DB%8C%DA%A9-%D8%A7%D8%B3%DB%8C%D8%AF-%D8%B3%DB%8C%DA%AF%D9%85%D8%A7,الاجیک اسید سیگما,explicit_category_supplement,seed_2026-08-24 + seed_2026-08-25,2026-08-23,e8dea5854cfe7640b9feb37784b2c04e42065908e2381ca901d748fe69a07d31
"6-(2,3-dichlorophenyl)-1,2,4-triazine-3,5-diamine",lamotrigine,"6-(2,3-dichlorophenyl)-1,2,4-triazine-3,5-diamine; lamotrigine",,3878,,,PYZRQGJRPPTADH-UHFFFAOYSA-N,C9H7Cl2N5,256.09,C1=CC(=C(C(=C1)Cl)Cl)C2=C(N=C(N=N2)N)N,confirmed_organic,pharmaceutical_or_api,,,Rooz Darou,Iranian pharmaceutical product catalogue,product_page_listed_not_current_stock_verified,http://rouzdarou.com/products/%D9%82%D8%B1%D8%B5-%D9%84%D8%A7%D9%85%D9%88%D8%AA%D8%B1%DB%8C%DA%98%DB%8C%D9%86-100,قرص لاموتریژین 100,PubChem name validation from supplier product title,seed_2026-08-24 + seed_2026-08-25,2026-08-23,1657c9e433a779890acd66a4e9274bae1258d40eeab69ef0e33abdf6578e4e3c
"6-(difluoromethoxy)-2-[(3,4-dimethoxy-2-pyridinyl)methylsulfinyl]-1H-benzimidazole",pantoprazole,"6-(difluoromethoxy)-2-[(3,4-dimethoxy-2-pyridinyl)methylsulfinyl]-1H-benzimidazole; pantoprazole",,4679,,,IQPSEEYGBUAQFF-UHFFFAOYSA-N,C16H15F2N3O4S,383.4,COC1=C(C(=NC=C1)CS(=O)C2=NC3=C(N2)C=C(C=C3)OC(F)F)OC,confirmed_organic,pharmaceutical_or_api,,,Rooz Darou,Iranian pharmaceutical product catalogue,product_page_listed_not_current_stock_verified,http://rouzdarou.com/products/%D9%82%D8%B1%D8%B5-%D9%BE%D9%86%D8%AA%D9%88%D9%BE%D8%B1%D8%A7%D8%B2%D9%88%D9%84-20,قرص پنتوپرازول 20,PubChem name validation from supplier product title,seed_2026-08-24 + seed_2026-08-25,2026-08-23,d2f3242278b6adad9f2c99709836b51261cc2dd465e6de5525531f8a34b81b2f
"6-[[(4R,5R)-4-(hydroxymethyl)-5-methyl-2,6-dioxo-1,3-diazinan-5-yl]methyl]-5-methyl-1H-pyrimidine-2,4-dione",rca,"6-[[(4R,5R)-4-(hydroxymethyl)-5-methyl-2,6-dioxo-1,3-diazinan-5-yl]methyl]-5-methyl-1H-pyrimidine-2,4-dione; rca; RCA",,445213,,,KBBKHMIEEMSXSM-JVXZTZIISA-N,C12H16N4O5,296.28,CC1=C(NC(=O)NC1=O)CC2(C(NC(=O)NC2=O)CO)C,confirmed_organic,organic_reagent,derived:supplier_platform,,TamadKala; ShimiMan,Iranian online wholesale/lab shop,product_page_listed_not_current_stock_verified,https://tamadkala.com/product/166443/محیط-کشت-رینفورس-کلاستریدیالrca-آگار-کد-105,محیط کشت رینفورس کلاستریدیالrca آگار کد 105,structured_pubchem,seed_2026-08-25,2026-08-25,f74663513eaf5e94ed7f37031cec34b2b474df353892339b00bfabdb99842d42
"6-amino-1,3-dimethylpyrimidine-2,4-dione","6-Amino-1,3-dimethyluracil",,,81152,,,VFGRNTYELNYSKJ-UHFFFAOYSA-N,C6H9N3O2,155.15,CN1C(=CC(=O)N(C1=O)C)N,confirmed_organic,organic_reagent,,,telegram:minatajhiz,Iranian supplier Telegram catalogue,listing_evidence_crawled_2026-08-24,https://t.me/minatajhiz/117,,ai_normalised_listing+pubchem_confirmed,seed_2026-08-24 + seed_2026-08-25,2017-10-09,d8c8371e6221ddcca7fd32d3f83309c393e38ddcf6ed518a118c138f943a5462
6-amino-1H-pyrimidin-2-one,6-amino-1H-pyrimidin-2-one,,71-30-7,597,,,OPTASPLRGRRNAP-UHFFFAOYSA-N,C4H5N3O,111.10,C1=C(NC(=O)N=C1)N,confirmed_organic,pharmaceutical_or_api,derived:supplier_platform,research,t.me/ATRmedShop + telegram:ATRmedShop,ai_normalized|public Telegram (seller_research)|telegram,product_page_listed_not_current_stock_verified,https://t.me/ATRmedShop/800,Cytosine | سیتوزین توضیحات کلی (سیتوزین چیست) سیتوزین (C) یکی از چهار باز اصلی موجود در DNA و RNA به همراه آدنین، گوانین و تیمین (اوراسیل در RNA) است. معرف Cytosine در طیف گسترده‌ای از کاربردهای تحقیقاتی، به‌عنوان یک سوبسترای آنزیمی یا پیش ساز مولکول‌های مؤثر مانند قندهای باز C استفاده می‌شود. Cytos,router_batch+pubchem,ai_model_fleet + live_telegram_listing + seed_2026-08-25,2026-08-25,1dd3844e31e7942ce2d57f5980180cefdc08d347e39ecb6025eebb177e1e099d
6-aminohexanoic acid,acs,6-aminohexanoic acid; acs; ACS,1330-20-7,564,,,SLXKOJJOQWFEFD-UHFFFAOYSA-N,C6H13NO2,131.17,C(CCC(=O)O)CCN,confirmed_organic,organic_reagent,derived:supplier_platform,,TamadKala; ShimiMan,Iranian online wholesale/lab shop,product_page_listed_not_current_stock_verified,https://tamadkala.com/product/19679/زایلینمخلوط-ایزومرها-acs-دکتر-مجللی,زایلینمخلوط ایزومرها acs دکتر مجللی,alias+pubchem,seed_2026-08-25,2026-08-25,d61f23bb9c66918a2f754658714d3a4f4ff04699b81bc738061803891abdb639
6-bromo-2-(6-bromo-3-hydroxy-1H-indol-2-yl)indol-3-one,"3H-Indol-3-one, 6-bromo-2-(6-bromo-1,3-dihydro-3-oxo-2H-indol-2-ylidene)-1,2-dihydro-",,,177057,,,UOZOCOQLYQNHII-UHFFFAOYSA-N,C16H8Br2N2O2,420.05,C1=CC2=C(C=C1Br)NC(=C2O)C3=NC4=C(C3=O)C=CC(=C4)Br,confirmed_organic,colorant_or_indicator,,,telegram:IranChemicals,Iranian supplier Telegram catalogue,listing_evidence_crawled_2026-08-24,https://t.me/Iranchemicals/22360,,ai_normalised_listing+pubchem_confirmed,seed_2026-08-24 + seed_2026-08-25,2021-07-22,72d6f66f3b87ffcc8e9af5a31fc8489bd3d6bcc99721f36fbeea266640d7ce02
6-chloro-3-[1-[3-(2-oxo-3H-benzimidazol-1-yl)propyl]piperidin-4-yl]-1H-benzimidazol-2-one,domperidone,6-chloro-3-[1-[3-(2-oxo-3H-benzimidazol-1-yl)propyl]piperidin-4-yl]-1H-benzimidazol-2-one; domperidone,,3151,,,FGXWKSZFVQUSTL-UHFFFAOYSA-N,C22H24ClN5O2,425.9,C1CN(CCC1N2C3=C(C=C(C=C3)Cl)NC2=O)CCCN4C5=CC=CC=C5NC4=O,confirmed_organic,pharmaceutical_or_api,,,Rooz Darou,Iranian pharmaceutical product catalogue,product_page_listed_not_current_stock_verified,http://rouzdarou.com/products/%D9%82%D8%B1%D8%B5-%D8%AF%D9%85%D9%BE%D8%B1%DB%8C%D8%AF%D9%88%D9%86-10,قرص دمپریدون 10,PubChem name validation from supplier product title,seed_2026-08-24 + seed_2026-08-25,2026-08-23,59c7bb8326de98bb3292d82bd84c031c49d9c871243a72a91ee18a423956d265
"6-methoxy-2-[(4-methoxy-3,5-dimethyl-2-pyridinyl)methylsulfinyl]-1H-benzimidazole",omeprazole,"6-methoxy-2-[(4-methoxy-3,5-dimethyl-2-pyridinyl)methylsulfinyl]-1H-benzimidazole; omeprazole",,4594,,,SUBDBMMJDZJVOS-UHFFFAOYSA-N,C17H19N3O3S,345.4,CC1=CN=C(C(=C1OC)C)CS(=O)C2=NC3=C(N2)C=C(C=C3)OC,confirmed_organic,pharmaceutical_or_api,,,Rooz Darou,Iranian pharmaceutical product catalogue,product_page_listed_not_current_stock_verified,http://rouzdarou.com/products/%DA%A9%D9%BE%D8%B3%D9%88%D9%84-%D8%B1%D8%B2%D8%A7%D9%BE%D8%B1%D8%A7%D8%B2%D9%88%D9%84-20,کپسول رزاپرازول 20,PubChem name validation from supplier product title,seed_2026-08-24 + seed_2026-08-25,2026-08-23,9d20e241726ce41d086d510c6f6eb5083a94b10819310f2a10a0d6944b253329
"6-methyl-1,3,5-triazine-2,4-diamine",Acetoguanamine,"6-methyl-1,3,5-triazine-2,4-diamine; Acetoguanamine",,10949,,,NJYZCEFQAIUHSD-UHFFFAOYSA-N,C4H7N5,125.13,CC1=NC(=NC(=N1)N)N,confirmed_organic,organic_reagent,,research,Telegram: ChemIranSanat + t.me/ChemIranSanat,Iranian supplier Telegram catalogue|telegram,listed_not_current_stock_verified,https://t.me/s/ChemIranSanat,"6-methyl-1,3,5-triazine-2,4-diamine",existing skill export,live_telegram_listing + seed_2026-08-24 + seed_2026-08-25,2026-08-23,06f6712f9ce2ca2d49ac29e8389be8026bf45229d145b5514b2bde4df08139ab
"6-phenyl-1,3,5-triazine-2,4-diamine",Benzoguanamine,,91-76-9,7064,,,GZVHEAJQGPRDLQ-UHFFFAOYSA-N,C9H9N5,187.20,C1=CC=C(C=C1)C2=NC(=NC(=N2)N)N,confirmed_organic,organic_reagent,,,t.me/ChemIranSanat + telegram:ChemIranSanat,Iranian supplier Telegram catalogue|ai_normalized,listing_evidence_crawled_2026-08-24,https://t.me/ChemIranSanat/648,"803573 | MERCK
2,6-Diamino-4-phenyl-1,3,5-triazine (Benzoguanamine)
موجود و آماده تحویل
 🔴 این محصول خرده فروشی نیز دارد.

سفارش و درخواست قیمت
0938-648-9001

ADMIN 🆔 @ChemIranAdmin 

 🆔 @ChemIran1",ai_normalised_listing+pubchem_confirmed,ai_model_fleet + seed_2026-08-24 + seed_2026-08-25,2017-09-03,b9192d386fda054f9ba2f1d740b609765ba9a207bad3ee99095543f443c97367
"7,12-dimethylbenzo[a]anthracene","7,12-Dimethylbenz(a)anthracene",,57-97-6,6001,,,ARSRBNBHOADGJU-UHFFFAOYSA-N,C20H16,256.3,CC1=C2C=CC3=CC=CC=C3C2=C(C4=CC=CC=C14)C,confirmed_organic,organic_reagent,,,t.me/ChemIranSanat + telegram:ChemIranSanat,Iranian supplier Telegram catalogue|ai_normalized,listing_evidence_crawled_2026-08-24,https://t.me/ChemIranSanat/1714,"D3254 Sigma-Aldrich
7,12-Dimethylbenz[a]anthracene
≥95%
100MG

 🔜 موجود و آماده تحویل
 ✅ شیمیران صنعت فقط اصلی
 📱 دریافت قیمت یا سفارش کالا 👇 

 🆔 @ChemIranAdmin 

 🆔 @ChemIran1",ai_normalised_listing+pubchem_confirmed,ai_model_fleet + seed_2026-08-24 + seed_2026-08-25,2019-06-01,335295554a86b6b1e8c0b931bbbb2224fdc7b9a26a42ec11039c7ba352062ed3
"7,18-dioxaheptacyclo[14.6.2.22,5.03,12.04,9.013,23.020,24]hexacosa-1(23),2,4,9,11,13,15,20(24),21,25-decaene-6,8,17,19-tetrone","3,4,9,10-Perylenetetracarboxylic dianhydride",,,67191,,,CLYVDMAATCIVBF-UHFFFAOYSA-N,C24H8O6,392.3,C1=CC2=C3C(=CC=C4C3=C1C5=C6C4=CC=C7C6=C(C=C5)C(=O)OC7=O)C(=O)OC2=O,confirmed_organic,colorant_or_indicator,,,telegram:minatajhiz,Iranian supplier Telegram catalogue,listing_evidence_crawled_2026-08-24,https://t.me/minatajhiz/678,,ai_normalised_listing+pubchem_confirmed,seed_2026-08-24 + seed_2026-08-25,2020-01-26,3d1dc496002015005460e212196abc698bf61654595e56c59564aba1ad41afbf
"7,8-dimethyl-10-[(2S,3S,4R)-2,3,4,5-tetrahydroxypentyl]benzo[g]pteridine-2,4-dione",Riboflavin,"7,8-dimethyl-10-[(2S,3S,4R)-2,3,4,5-tetrahydroxypentyl]benzo[g]pteridine-2,4-dione; Riboflavin",,493570,,,AUNGANRZJHBGPY-SCRDCRAPSA-N,C17H20N4O6,376.4,CC1=CC2=C(C=C1C)N(C3=NC(=O)NC(=O)C3=N2)C[C@@H]([C@@H]([C@@H](CO)O)O)O,confirmed_organic,secondary_metabolite_or_natural_product,,research,TamadKala,Iranian online research/chemical shop | Iranian online wholesale/lab shop,product_page_listed_not_current_stock_verified,https://tamadkala.com/product/164606/%D8%B1%DB%8C%D8%A8%D9%88-%D9%81%D9%84%D8%A7%D9%88%DB%8C%D9%86-%D8%A8%D8%B1%D9%86%D8%AF-%D9%84%D9%88%D8%A8%D8%A7-%D9%87%D9%86%D8%AF,ریبو فلاوین برند لوبا هند | ریبوفلاوین,explicit_category_supplement | router_title_normalization,seed_2026-08-24 + seed_2026-08-25,2026-08-23,2ebae4b70d94f47aa279a19ff8709b068b8f4c1e42684071b937f223b111946d
"7,9-dihydro-3H-purine-2,6,8-trione",,,,1175,,,LEHOTFFKMJEONL-UHFFFAOYSA-N,C5H4N4O3,168.11,,confirmed_organic,organic_reagent,derived:supplier_platform,,t.me/ChemIranSanat,ai_normalized,,https://t.me/ChemIranSanat/1313,"شیمی عجیب و غریب
سیستمی طراحی شده که از ادرار به عنوان سلول سوختی میکروبی برق تولید میکند.
با شکستن مولکولهای آلی موجود در ادرار مانند اوریک اسید برق تولید میشود ( هر 25ml ادرار 0.25mA)

 🆔 @ChemIran1",model_fleet+pubchem,ai_model_fleet,2026-08-27,1f0baf824644bb3480535b2e4277e8ef5028e654b330584f4822273d1e69c607
7-(diethylamino)-4-methylchromen-2-one,7-(diethylamino)-4-methylchromen-2-one,,91-44-1,7050,,,AFYCEAFSNDLKSX-UHFFFAOYSA-N,C14H17NO2,231.29,CCN(CC)C1=CC2=C(C=C1)C(=CC(=O)O2)C,confirmed_organic,organic_reagent,derived:supplier_platform,,telegram:ChemIranSanat,public Telegram (seller_research),product_page_listed_not_current_stock_verified,https://t.me/ChemIranSanat/1693,Isatoic anhydride | I12808 Sigma-Aldrich Isatoic anhydride 100G 🔜 موجود و آماده تحویل ✅ شیمیران صنعت فقط اصلی 📱 دریافت قیمت یا سفارش کالا 👇 🆔 @ChemIranAdmin 🆔 @ChemIran1,router_batch+pubchem,seed_2026-08-25,2026-08-25,2d50766ac6b56ec6188afb8c6fd1f27eef529ce49b6f91785482d79c6b83767c
"7-fluoro-2-methyl-6-(4-methylpiperazin-1-yl)-10-oxo-4-oxa-1-azatricyclo[7.3.1.05,13]trideca-5(13),6,8,11-tetraene-11-carboxylic acid",ofloxacin,"7-fluoro-2-methyl-6-(4-methylpiperazin-1-yl)-10-oxo-4-oxa-1-azatricyclo[7.3.1.05,13]trideca-5(13),6,8,11-tetraene-11-carboxylic acid; ofloxacin; Ofloxacin",,4583,,,GSDSWSVVBLHKDQ-UHFFFAOYSA-N,C18H20FN3O4,361.4,CC1COC2=C3N1C=C(C(=O)C3=CC(=C2N4CCN(CC4)C)F)C(=O)O,confirmed_organic,pharmaceutical_or_api,,,Rooz Darou; Temad,Iranian pharmaceutical product catalogue,product_page_listed_not_current_stock_verified,http://rouzdarou.com/products/%D9%82%D8%B1%D8%B5-%D8%A7%D9%81%D9%84%D9%88%DA%A9%D8%B3%D8%A7%D8%B3%DB%8C%D9%86-300,قرص افلوکساسین 300,PubChem name validation from supplier product title,seed_2026-08-24 + seed_2026-08-25,2026-08-23,0436d594a40825e27fbf50af206ebf79a042558799f338bc3b8177417964fe9f
7-hydroxy-4-methylchromen-2-one,,,,5280567,,,HSHNITRMYYLLCV-UHFFFAOYSA-N,C10H8O3,176.17,,confirmed_organic,pharmaceutical_or_api,derived:supplier_platform,,t.me/ATRmedShop,ai_normalized,,https://t.me/ATRmedShop/183,"4**-متیل امبلیفریل بتا-دی-گلوکورونید هیدرات **
4-متیل امبلیفریل بتا-دی-گلوکورونید هیدرات یک سوبسترای فلورسنت برای برای آنزیم بتا-گالاکتوزیداز ... 
برای مشاهده ادامه مطلب، قیمت آنلاین و خرید اینترنتی به لینک زیر مراجعه فر",model_fleet+pubchem,ai_model_fleet,2026-08-27,525ed2dc668f4b787697854d07e3c51a14eafc9e667065189a2a1a8db8e2062b
7H-purin-6-amine,7H-purin-6-amine,,73-24-5,190,,,GFFGJBXGBJISGV-UHFFFAOYSA-N,C5H5N5,135.13,C1=NC2=NC=NC(=C2N1)N,confirmed_organic,pharmaceutical_or_api,derived:supplier_platform,,t.me/ATRmedShop + telegram:ATRmedShop,ai_normalized|public Telegram (seller_research),product_page_listed_not_current_stock_verified,https://t.me/ATRmedShop/818,Adenine | آدنین آدنین یک نوکلئوباز پورین و یکی از چهار باز موجود در ساختمان DNA و RNA است. سه مورد دیگر گوانین، سیتوزین و تیمین هستند. همچنین جزء کوفاکتورها (NAD، FAD) و مولکول‌های سیگنالینگ (cAMP) است. این ماده (نماد A یا Ade)در هر بافت گیاهی و جانوری یافت می‌شود و جزء کوآنزیم های متعدد است. مشتقات,router_batch+pubchem,ai_model_fleet + seed_2026-08-25,2026-08-25,54527114e04128b5e40b9dba8173be118d3d43db7b80bed5d2e22d1b5a561e99
"8-benzyl-1-oxa-3,8-diazaspiro[4.5]decane-2,4-dione;hydrochloride","8-benzyl-1-oxa-3,8-diazaspiro[4.5]decane-2,4-dione;hydrochloride",,26733-61-9,12343429,,,UYAYVVXQBIKHLI-UHFFFAOYSA-N,C14H17ClN2O3,296.75,C1CN(CCC12C(=O)NC(=O)O2)CC3=CC=CC=C3.Cl,confirmed_organic,pharmaceutical_or_api,derived:supplier_platform,,telegram:ATRmedShop,public Telegram (seller_research),product_page_listed_not_current_stock_verified,https://t.me/ATRmedShop/812,Ammonium formate | آمونیوم فرمات آمونیوم فرمات یک نمک آمونیوم اسید فرمیک است. آمونیوم فرمات در یک مطالعه برای ایجاد یک روش کروماتوگرافی فوق حساس و انتخابی مایع با کارایی بالا HPLC و برای یکی از فیتوهورمون‌های سیگنال دهنده فرار، اسید جاسمونیک (JA) استفاده شده است. همچنین آمونیوم فرمات در یک مطالعه بر,router_batch+pubchem,seed_2026-08-25,2026-08-25,638e06784784710c221a7bdbfcd0e52f84f6f3bdff02c204d3b4975ea6e2edc6
"8-chloro-1-methyl-6-phenyl-4H-[1,2,4]triazolo[4,3-a][1,4]benzodiazepine",alprazolam,"8-chloro-1-methyl-6-phenyl-4H-[1,2,4]triazolo[4,3-a][1,4]benzodiazepine; alprazolam",,2118,,,VREFGVBLTWBCJP-UHFFFAOYSA-N,C17H13ClN4,308.8,CC1=NN=C2N1C3=C(C=C(C=C3)Cl)C(=NC2)C4=CC=CC=C4,confirmed_organic,pharmaceutical_or_api,,,Rooz Darou,Iranian pharmaceutical product catalogue,product_page_listed_not_current_stock_verified,http://rouzdarou.com/products/%D9%82%D8%B1%D8%B5-%D8%A2%D9%84%D9%BE%D8%B1%D8%A7%D8%B2%D9%88%D9%84%D8%A7%D9%85-05,قرص آلپرازولام 0.5,PubChem name validation from supplier product title,seed_2026-08-24 + seed_2026-08-25,2026-08-23,4306774758c40de0d4edf0ba866bc3ea1c573473b1ac76b90c00259774f9afd7
"8-N,8-N,3-trimethylphenazine-2,8-diamine;hydrochloride",Neutral Red,"8-N,8-N,3-trimethylphenazine-2,8-diamine;hydrochloride; Neutral Red",553-24-2,11105,,,PGSADBUBUOPOJS-UHFFFAOYSA-N,C15H17ClN4,288.77,CC1=CC2=NC3=C(C=C(C=C3)N(C)C)N=C2C=C1N.Cl,confirmed_organic,organic_reagent,,research,TamadKala; Mojallali Group; telegram:ATRmedShop + t.me/ATRmedShop,Iranian online wholesale/lab shop|ai_normalized,product_page_listed_not_current_stock_verified,https://t.me/ATRmedShop/837,"نوترال رد | نیوترال رد acs دکتر مجللی || نوترال رد 
نوترال رد کاربردهای رنگ‌آمیزی متعددی دارد که شامل استفاده از آن به‌عنوان رنگ هسته‌ای، ضد رنگ در روش گرم، به‌تنهایی یا به‌عنوان جزئی از رنگ دورت (مخلوط فاست گرین و نوترال رد) است. رنگ‌آمیزی نوترال رد یک روش ارز",router_title_normalization,ai_model_fleet + seed_2026-08-24 + seed_2026-08-25,2026-08-23,052e5083e7baff0463f938a6ac8eceead4e3a949f1309356ee5d70b9d87019d6
"9,10-bis(2-phenylethynyl)anthracene",,,,82338,,,ZHBOFZNNPZNWGB-UHFFFAOYSA-N,C30H18,378.5,,confirmed_organic,organic_reagent,derived:supplier_platform,,t.me/chemgroup,ai_normalized,,https://t.me/chemgroup/3431,"🎥 از مخلوط مواد استات اتیل، ۹,۱۰-بیس(فنیل اتینیل)انتراسن، سدیم استات، هیدروژن پراکسید، تی سی پی او (TCPO)، نور تولید می شود. #ارسالی_کاربران @ChemGroup",model_fleet+pubchem,ai_model_fleet,2026-08-27,acbd45c6ee9b923195d388e43064dc02e6878192b7ef275da29fd2bd2d25282c
9-(diethylamino)benzo[a]phenoxazin-5-one,Nile Red,,,65182,,,VOFUROIFQGPCGE-UHFFFAOYSA-N,C20H18N2O2,318.4,CCN(CC)C1=CC2=C(C=C1)N=C3C4=CC=CC=C4C(=O)C=C3O2,confirmed_organic,colorant_or_indicator,,,telegram:chemgroup,Iranian supplier Telegram catalogue,listing_evidence_crawled_2026-08-24,https://t.me/chemgroup/2214,,ai_normalised_listing+pubchem_confirmed,seed_2026-08-24 + seed_2026-08-25,2016-10-02,0fc66a6d739a72a742c4380da15244566ddc7af239113366da8c207bd88112b4
"[(1R,2S,6S,9R)-4,4,11,11-tetramethyl-3,5,7,10,12-pentaoxatricyclo[7.3.0.02,6]dodecan-6-yl]methyl sulfamate",tpm,"[(1R,2S,6S,9R)-4,4,11,11-tetramethyl-3,5,7,10,12-pentaoxatricyclo[7.3.0.02,6]dodecan-6-yl]methyl sulfamate; tpm",,5284627,,,KJADKKWYZYXHBB-XBWDGYHZSA-N,C12H21NO8S,339.36,CC1(OC2COC3(C(C2O1)OC(O3)(C)C)COS(=O)(=O)N)C,confirmed_organic,organic_reagent,derived:supplier_platform,,TamadKala,Iranian online wholesale/lab shop,product_page_listed_not_current_stock_verified,https://tamadkala.com/product/54181/دماسنج-محیطی-مدل-tpm-10,دماسنج محیطی مدل tpm 10,structured_pubchem,seed_2026-08-25,2026-08-25,07302dd0e6ee28ca1b7bbed9991b0e140a2c5672810c5781b0abcf0198266eb3
"[(1R,4S)-7,7-dimethyl-2-oxo-1-bicyclo[2.2.1]heptanyl]methanesulfonic acid",,,,5771688,,,MIOPJNTWMNEORI-XVKPBYJWSA-N,C10H16O4S,232.3,,confirmed_organic,pharmaceutical_or_api,derived:supplier_platform,,t.me/ATRmedShop,ai_normalized,,https://t.me/ATRmedShop/400,"(1R)-(-)-کامفور-10-سولفونیک اسید 
(1R)-(-)-کامفور-10-سولفونیک اسید یک ترکیب ارگانوسولفور است و از طریق سولفور شدن کافور با اسید سولفوریک و انیدرید استیک سنتز ....

برای ادامه مطالب، مشاهده و خرید آنلاین این محصول به لینک",model_fleet+pubchem,ai_model_fleet,2026-08-27,07356f64bb6c934a23df7bcdf31a77aab99e801a379c13d5c04cbd5033cf5984
"[(1R,5S)-spiro[8-azoniabicyclo[3.2.1]octane-8,1'-azolidin-1-ium]-3-yl] 2-hydroxy-2,2-diphenylacetate chloride",,,,5284631,,,RVCSYOQWLPPAOA-DHWZJIOFSA-M,C25H30ClNO3,428.0,,confirmed_organic,pharmaceutical_or_api,derived:supplier_platform,,t.me/ATRmedShop,ai_normalized,,https://t.me/ATRmedShop/206,"محیط کشت تریپتوز براث 
قسمت تریپتوز از محیط کشت تریپتوز فسفات براث (TPB (Trospose Phospate Broth، یک پپتون (مخلوطی از اسیدآمینه و پپتیدهای کوتاه) است که توسط هیدرولیز مخلوط آنزیمی (آنزیم‌های پانکراس) از ...
برای ادامه مط",model_fleet+pubchem,ai_model_fleet,2026-08-27,55e93281731e674015320ba956e095fdcbc8427ef54225851bda791c5ccdb5d2
"[(1S)-1-[(1R,5R,6S,9R,11S,12R,14R)-9,12-dihydroxy-6,16-dimethyl-10,19-dioxa-16-azahexacyclo[12.5.3.15,9.01,14.02,11.06,11]tricosa-2,21-dien-22-yl]ethyl] 2,4-dimethyl-1H-pyrrole-3-carboxylate",Batrachotoxin,,,6324647,,,ISNYUQWBWALXEY-OMIQOYQYSA-N,C31H42N2O6,538.7,CC1=CNC(=C1C(=O)O[C@@H](C)C2=CC[C@@]34[C@@]2(C[C@H]([C@@]56C3=CC[C@H]7[C@@]5(CC[C@](C7)(O6)O)C)O)CN(CCO4)C)C,confirmed_organic,secondary_metabolite_or_natural_product,,,telegram:ChemIranSanat,Iranian supplier Telegram catalogue,listing_evidence_crawled_2026-08-24,https://t.me/ChemIranSanat/944,,ai_normalised_listing+pubchem_confirmed,seed_2026-08-24 + seed_2026-08-25,2017-10-22,cca4de6d0f41ca1a99d1ae21df58a18e2c454295bafe2b40e414287ebf825a4f
"[(1S,2S,3R,4S,7R,9S,10S,12R,15S)-4,12-diacetyloxy-15-[(2R,3S)-3-benzamido-2-hydroxy-3-phenylpropanoyl]oxy-1,9-dihydroxy-10,14,17,17-tetramethyl-11-oxo-6-oxatetracyclo[11.3.1.03,10.04,7]heptadec-13-en-2-yl] benzoate",Paclitaxel,,33069-62-4,36314,,,RCINICONZNJXQF-MZXODVADSA-N,C47H51NO14,853.9,CC1=C2[C@H](C(=O)[C@@]3([C@H](C[C@@H]4[C@]([C@H]3[C@@H]([C@@](C2(C)C)(C[C@@H]1OC(=O)[C@@H]([C@H](C5=CC=CC=C5)NC(=O)C6=CC=CC=C6)O)O)OC(=O)C7=CC=CC=C7)(CO4)OC(=O)C)O)C)OC(=O)C,confirmed_organic,pharmaceutical_or_api,,Shimi Merck,Shimi Merck + https://shimimerck.ir/paclitaxel-paclitaxel.html + telegram:chemgroup,Iranian supplier Telegram catalogue|ai_normalized|live_supplier_catalogue,listing_evidence_crawled_2026-08-24,https://shimimerck.ir/paclitaxel-paclitaxel.html,paclitaxel paclitaxel,ai_normalised_listing+pubchem_confirmed,ai_model_fleet + live_web_catalogue + seed_2026-08-24 + seed_2026-08-25,2016-01-19,b4ef38b05f6c298522f45d2b499affaed48f8335037e0dc0e9f0dd95b605abf4
"[(1S,2S,4R,5S)-9-methyl-3-oxa-9-azatricyclo[3.3.1.02,4]nonan-7-yl] (2S)-3-hydroxy-2-phenylpropanoate;hydrobromide",,,,22833499,,,WTGQALLALWYDJH-AKTDCHNFSA-N,C17H22BrNO4,384.3,,confirmed_organic,pharmaceutical_or_api,derived:supplier_platform,,t.me/ATRmedShop,ai_normalized,,https://t.me/ATRmedShop/206,"محیط کشت تریپتوز براث 
قسمت تریپتوز از محیط کشت تریپتوز فسفات براث (TPB (Trospose Phospate Broth، یک پپتون (مخلوطی از اسیدآمینه و پپتیدهای کوتاه) است که توسط هیدرولیز مخلوط آنزیمی (آنزیم‌های پانکراس) از ...
برای ادامه مط",model_fleet+pubchem,ai_model_fleet,2026-08-27,44e498fb4086aa75206b1f7243dc857230076b2f3b857501fec16c22ba6e13e6
"[(1S,2S,6R,10S,11R,13S,14R,15R)-13-acetyloxy-1,6-dihydroxy-8-(hydroxymethyl)-4,12,12,15-tetramethyl-5-oxo-14-tetracyclo[8.5.0.02,6.011,13]pentadeca-3,8-dienyl] tetradecanoate",,,,27924,,,PHEDXBVPIONUQT-RGYGYFBISA-N,C36H56O8,616.8,,confirmed_organic,organic_reagent,derived:supplier_platform,,Shimi Merck,ai_normalized,,https://shimimerck.ir/phorbol-12-myristate-13-acetate-powder.html,phorbol 12 myristate 13 acetate powder,model_fleet+pubchem,ai_model_fleet,2026-08-27,77570b651c5489f17834724309f95072fcf4f8f2f58e36ae1622cdef57a04fa7
"[(1S,5R)-8-methyl-8-azabicyclo[3.2.1]octan-3-yl] 3-hydroxy-2-phenylpropanoate",Atropine,"[(1S,5R)-8-methyl-8-azabicyclo[3.2.1]octan-3-yl] 3-hydroxy-2-phenylpropanoate; Atropine",51-55-8,174174,,,RKUNBYITZUJHSG-PJPHBNEVSA-N,C17H23NO3,289.4,CN1[C@@H]2CC[C@H]1CC(C2)OC(=O)C(CO)C3=CC=CC=C3,confirmed_organic,pharmaceutical_or_api,,,TamadKala,Iranian online wholesale/lab shop,product_page_listed_not_current_stock_verified,https://tamadkala.com/product/17267/%D8%A2%D8%AA%D8%B1%D9%88%D9%BE%D8%A7%D8%AA-%D8%B3%D8%B1%D9%85%D8%A7%DB%8C%DB%8C,آتروپات سرمایی,router_title_normalization,seed_2026-08-24 + seed_2026-08-25,2026-08-23,405040013d95555e330419e13ef6ca116de1c6bd70e05db38bb95cd043747815
[(2R)-1-pentadecanoyloxy-3-phosphonooxypropan-2-yl] hexadecanoate,gp7,[(2R)-1-pentadecanoyloxy-3-phosphonooxypropan-2-yl] hexadecanoate; gp7,,44552608,,,UNPVCVLEAVYZII-JGCGQSQUSA-N,C34H67O8P,634.9,CCCCCCCCCCCCCCCC(=O)OC(COC(=O)CCCCCCCCCCCCCC)COP(=O)(O)O,confirmed_organic,organic_reagent,derived:supplier_platform,,TamadKala,Iranian online wholesale/lab shop,product_page_listed_not_current_stock_verified,https://tamadkala.com/product/10380/نانو-صفحات-گرافن-gp7,نانو صفحات گرافن gp7,structured_pubchem,seed_2026-08-25,2026-08-25,947d3ca7f0f15a6be15d3f03bfdc3ddc31afc11085093ae769e49c5286181619
"[(2R)-2,3-dihydroxypropyl] [(2R,3R,5S,6R)-2,3,4,5,6-pentahydroxycyclohexyl] phosphate;2-hydroxyethyl(trimethyl)azanium",plain,"[(2R)-2,3-dihydroxypropyl] [(2R,3R,5S,6R)-2,3,4,5,6-pentahydroxycyclohexyl] phosphate;2-hydroxyethyl(trimethyl)azanium; plain",,91936944,,,PTZZCYHESHNXFL-SECXAADESA-M,C14H32NO12P,437.38,C[N+](C)(C)CCO.C(C(COP(=O)([O-])OC1C(C(C(C(C1O)O)O)O)O)O)O,confirmed_organic,organic_reagent,derived:supplier_platform,,TamadKala,Iranian online wholesale/lab shop,product_page_listed_not_current_stock_verified,https://tamadkala.com/product/8572/لوله-خون-گیری-خلا-بدون-افزودنی-plain,لوله خون گیری خلا بدون افزودنی plain,structured_pubchem,seed_2026-08-25,2026-08-25,4b5a41a6b3ffb09b13f32003f8241ba66b76031b1ea89bc52c56d22faa85da79
"[(2R)-2-[(2R,3R,4S)-3,4-dihydroxyoxolan-2-yl]-2-hydroxyethyl] octadecanoate",Sorbitan monooctadecanoate,,1338-41-6,16218600,,,HVUMOYIDDBPOLL-XWVZOOPGSA-N,C24H46O6,430.6,CCCCCCCCCCCCCCCCCC(=O)OC[C@H]([C@@H]1[C@@H]([C@H](CO1)O)O)O,confirmed_organic,cosmetic_raw_material,,,t.me/IranChemicals + telegram:jahaneshimicom,Iranian supplier Telegram catalogue|ai_normalized,listing_evidence_crawled_2026-08-24,https://t.me/IranChemicals/23398,"🇮🇷 🇮🇷 🇮🇷 
 ✅ #دانستنی ها 

 🟥 امولسیفایر Emulsifier چیست؟

 ✅ امولسیفایر یک سورفکتانت (ماده فعال در سطح) است. یک امولسیفایر شامل یک قسمت مواد محلول در آب (آب دوست) و یک قسمت مواد محلول در چربی (چربی دوست) است. 

 ✅ امولس",ai_normalised_listing+pubchem_confirmed,ai_model_fleet + seed_2026-08-24 + seed_2026-08-25,2024-01-14,1ff49ff09f34232b5430b5792fa1ab5660a9e030d36b86aa3a13602970f3d4c8
[(2R)-2-[2-[hydroxy(methyl)amino]-2-oxoethyl]-5-(4-methylphenyl)pentyl]phosphonic acid,l50,[(2R)-2-[2-[hydroxy(methyl)amino]-2-oxoethyl]-5-(4-methylphenyl)pentyl]phosphonic acid; l50,,121493980,,,PCPXBXKPZNRAMA-CQSZACIVSA-N,C15H24NO5P,329.33,CC1=CC=C(C=C1)CCCC(CC(=O)N(C)O)CP(=O)(O)O,confirmed_organic,organic_reagent,derived:supplier_platform,,TamadKala,Iranian online wholesale/lab shop,product_page_listed_not_current_stock_verified,https://tamadkala.com/product/177559/هیدرومتر-سری-l50-برند-گرینر-آلمان,هیدرومتر سری l50 برند گرینر آلمان,structured_pubchem,seed_2026-08-25,2026-08-25,ae927f333a8b382e5fb80c3e051b56cd0a1ca85af07098877526b75b492571cd
"[(2R,3R,4S,5R,6R)-6-[(1S,2S)-2-chloro-1-[[(2S,4R)-1-methyl-4-propylpyrrolidine-2-carbonyl]amino]propyl]-4,5-dihydroxy-2-methylsulfanyloxan-3-yl] dihydrogen phosphate",,,,443385,,,UFUVLHLTWXBHGZ-MGZQPHGTSA-N,C18H34ClN2O8PS,505.0,,confirmed_organic,organic_reagent,derived:supplier_platform,,Shimi Merck,ai_normalized,,https://shimimerck.ir/clindamycin-phosphate-code-phr1021.html,clindamycin phosphate code phr1021,model_fleet+pubchem,ai_model_fleet,2026-08-27,38f85ca807ed31dfd2285b30f4809ea9e0dd39973848dc15d4d6dac8247b7097
"[(2R,3S,4R,5R)-3,4-dihydroxy-5-[4-(hydroxyamino)-2-oxopyrimidin-1-yl]oxolan-2-yl]methyl 2-methylpropanoate",Molnupiravir,,2349386-89-4,145996610,,,HTNPEHXGEKVIHG-QCNRFFRDSA-N,C13H19N3O7,329.31,CC(C)C(=O)OC[C@@H]1[C@H]([C@H]([C@@H](O1)N2C=CC(=NC2=O)NO)O)O,confirmed_organic,pharmaceutical_or_api,,,telegram:IranChemicals,Iranian supplier Telegram catalogue,listing_evidence_crawled_2026-08-24,https://t.me/Iranchemicals/22600,,ai_normalised_listing+pubchem_confirmed,seed_2026-08-24 + seed_2026-08-25,2021-08-12,3204c711e945d5ca4c3faa8b26508f719be0794ae957b00b09e888fd92e1818d
"[(2R,3S,4R,5R)-5-(6-aminopurin-9-yl)-3,4-dihydroxyoxolan-2-yl]methyl N-[(2S,3R)-2-amino-3-hydroxybutanoyl]sulfamate",tsb,"[(2R,3S,4R,5R)-5-(6-aminopurin-9-yl)-3,4-dihydroxyoxolan-2-yl]methyl N-[(2S,3R)-2-amino-3-hydroxybutanoyl]sulfamate; tsb",,445439,,,UPVAPSGKXAAHBG-CKTDUXNWSA-N,C14H21N7O8S,447.43,CC(C(C(=O)NS(=O)(=O)OCC1C(C(C(O1)N2C=NC3=C(N=CN=C32)N)O)O)N)O,confirmed_organic,organic_reagent,derived:supplier_platform,,TamadKala,Iranian online wholesale/lab shop,product_page_listed_not_current_stock_verified,https://tamadkala.com/product/16093/محیط-کشت-تریپتیک-سوی-براث-tsb,محیط کشت تریپتیک سوی براث tsb,structured_pubchem,seed_2026-08-25,2026-08-25,628b40b476645ae7414ffc07e646cc924c71ff2155c35c4a90aa5d03b4da94a9
"[(3R,5S,8R,9S,10S,13S,14S)-10,13-dimethyl-17-oxo-1,2,3,4,5,6,7,8,9,11,12,14,15,16-tetradecahydrocyclopenta[a]phenanthren-3-yl] 2-bromoacetate",brand,"[(3R,5S,8R,9S,10S,13S,14S)-10,13-dimethyl-17-oxo-1,2,3,4,5,6,7,8,9,11,12,14,15,16-tetradecahydrocyclopenta[a]phenanthren-3-yl] 2-bromoacetate; brand",,134233,,,MHVSXHSVOGMZQU-DQACUKESSA-N,C21H31BrO3,411.4,CC12CCC(CC1CCC3C2CCC4(C3CCC4=O)C)OC(=O)CBr,confirmed_organic,organic_reagent,derived:supplier_platform,,TamadKala,Iranian online wholesale/lab shop,product_page_listed_not_current_stock_verified,https://tamadkala.com/product/154187/بورت-دیجیتال-و-اتوماتیک-brand-آلمان,بورت دیجیتال و اتوماتیک brand آلمان,structured_pubchem,seed_2026-08-25,2026-08-25,458d65d3f3695325413b8e715ab934cee76989b3cce9eca771f626abc9fda6b5
"[(3S,8S,9S,10R,13R,14S,17R)-10,13-dimethyl-17-[(2R)-6-methylheptan-2-yl]-2,3,4,7,8,9,11,12,14,15,16,17-dodecahydro-1H-cyclopenta[a]phenanthren-3-yl] formate",Ester,,,165217,,,YEYCQJVCAMFWCO-PXBBAZSNSA-N,C28H46O2,414.7,C[C@H](CCCC(C)C)[C@H]1CC[C@@H]2[C@@]1(CC[C@H]3[C@H]2CC=C4[C@@]3(CC[C@@H](C4)OC=O)C)C,confirmed_organic,organic_reagent,,,telegram:IranChemicals,Iranian supplier Telegram catalogue,listing_evidence_crawled_2026-08-24,https://t.me/Iranchemicals/25622,,ai_normalised_listing+pubchem_confirmed,seed_2026-08-24 + seed_2026-08-25,2023-11-07,e8feaf8a2527e98e503b7f9c2fe59e2682e8f8f2081acdd05c066a96cb854e62
"[(4R,4aR,7S,7aR,12bS)-9-acetyloxy-3-methyl-2,4,4a,7,7a,13-hexahydro-1H-4,12-methanobenzofuro[3,2-e]isoquinolin-7-yl] acetate",,,,5462328,,,GVGLGOZIDCSQPN-PVHGPHFFSA-N,C21H23NO5,369.4,,confirmed_organic,organic_reagent,derived:supplier_platform,,t.me/IranChemicals,ai_normalized,,https://t.me/IranChemicals/27532,"🔴 #تاریخ_صنایع_ایران 
 🔴 #تاریخ_ایران - ۵۴۵

 🟩 مستند #نفت #بلا_یا_برکت 

 🔴 قسمت ۳ از ۵ 
 🔸 هفت خواهران نفتی متحد علیه ایران 
 ✅ #اقتصاد_بدون_نفت 
 ✅ افزایش مالیات در دوره رکود اقتصادی 
 ✅ فروش اوراق قرضه و چاپ اسکناس",model_fleet+pubchem,ai_model_fleet,2026-08-27,5cff4405d16d2a12a5d1a6bb443faa2aa03f5db1608442343158cef3628fd9dc
"[(4S,11R,12R)-11-[(2R,3R,4R,5R,6R)-4,5-dihydroxy-6-methyl-3-(methylamino)oxan-2-yl]oxy-4-(2-oxo-1,3-dioxolan-4-yl)-5-oxatricyclo[8.3.0.04,6]tridec-1(13)-en-2,7-diyn-12-yl] 2-hydroxy-7-methoxy-5-methylnaphthalene-1-carboxylate","[(4S,11R,12R)-11-[(2R,3R,4R,5R,6R)-4,5-dihydroxy-6-methyl-3-(methylamino)oxan-2-yl]oxy-4-(2-oxo-1,3-dioxolan-4-yl)-5-oxatricyclo[8.3.0.04,6]tridec-1(13)-en-2,7-diyn-12-yl] 2-hydroxy-7-methoxy-5-methylnaphthalene-1-carboxylate",,9014-02-2,57125363,,,BLXZMHNVKCEIJX-LTZUVELHSA-N,C35H35NO12,661.6,CC1C(C(C(C(O1)OC2C3CC#CC4C(O4)(C#CC3=CC2OC(=O)C5=C(C=CC6=C5C=C(C=C6C)OC)O)C7COC(=O)O7)NC)O)O,confirmed_organic,organic_reagent,derived:supplier_platform,,telegram:labshop,public Telegram (seller_research),product_page_listed_not_current_stock_verified,https://t.me/labshop/213,Immunoglobulin M | 🔴 آنتی بادی های ایمنوفلورسنت ✅ Ig A ✅ Ig M ✅ Ig G ✅ Kappa ✅ Lambda ✅ Finrinogen,router_batch+pubchem,seed_2026-08-25,2026-08-25,e1cdd9b6301e2a70c3f5264ef26c31d0b45d59166bff24cb2c7a913ba1899959
"[(7S,9E,11S,12R,13S,14R,15R,16R,17S,18S,19E,21Z)-2,15,17,27,29-pentahydroxy-11-methoxy-3,7,12,14,16,18,22-heptamethyl-26-[(E)-(4-methylpiperazin-1-yl)iminomethyl]-6,23-dioxo-8,30-dioxa-24-azatetracyclo[23.3.1.14,7.05,28]triaconta-1(29),2,4,9,19,21,25,27-octaen-13-yl] acetate","[(7S,9E,11S,12R,13S,14R,15R,16R,17S,18S,19E,21Z)-2,15,17,27,29-pentahydroxy-11-methoxy-3,7,12,14,16,18,22-heptamethyl-26-[(E)-(4-methylpiperazin-1-yl)iminomethyl]-6,23-dioxo-8,30-dioxa-24-azatetracyclo[23.3.1.14,7.05,28]triaconta-1(29),2,4,9,19,21,25,27-octaen-13-yl] acetate",,13292-46-1,135398735,,,JQXXHWHPUNPDRT-WLSIYKJHSA-N,C43H58N4O12,822.9,CC1C=CC=C(C(=O)NC2=C(C(=C3C(=C2O)C(=C(C4=C3C(=O)C(O4)(OC=CC(C(C(C(C(C(C1O)C)O)C)OC(=O)C)C)OC)C)C)O)O)C=NN5CCN(CC5)C)C,confirmed_organic,pharmaceutical_or_api,derived:supplier_platform,,telegram:ATRmedShop,public Telegram (seller_research),product_page_listed_not_current_stock_verified,https://t.me/ATRmedShop/735,Rifampicin | خرید ریفامپیسین گرید کشت سلول | قیمت ریفامپیسین گرید کشت سلول ‌‏⁧ ‌‌‏‌محصولات سیگما اصل را از ما بخواهید. 👇 واردات و فروش مواد شیمیایی سیگما 👇 ‌‌ ‌ ☎️ تلفن: ۰۲۱۶۶۳۶۱۵۴۳-۶۶۳۷۹۰۲۶-۰۲۱ ‌ 📱 موبایل: 09120549893 🌐 لینک محصول : https://atrmed.com/product/rifampicin/?v=e067b3c6b979 #آثل_طب #موا,router_batch+pubchem,seed_2026-08-25,2026-08-25,cd55fc15be6efa7eb2eb87ca02f77deb5c39a56b96e741a080a7802aceca48d6
"[(8R,9S,10R,13S,14S,17S)-10,13-dimethyl-3-oxo-1,2,6,7,8,9,11,12,14,15,16,17-dodecahydrocyclopenta[a]phenanthren-17-yl] propanoate",,,,5995,,,PDMMFKSKQVNJMI-BLQWBTBKSA-N,C22H32O3,344.5,,confirmed_organic,organic_reagent,derived:supplier_platform,,Shimi Merck,ai_normalized,,https://shimimerck.ir/buy-testosterone-propionate-code-t1875.html,buy testosterone propionate code t1875,model_fleet+pubchem,ai_model_fleet,2026-08-27,77df444edefa91a612bcfc6a720bf6a0690f712c63a4f83b3d47d8ad625d8a75
"[(8S,13S,14S,17S)-13-methyl-3-oxo-2,6,7,8,14,15,16,17-octahydro-1H-cyclopenta[a]phenanthren-17-yl] acetate","[(8S,13S,14S,17S)-13-methyl-3-oxo-2,6,7,8,14,15,16,17-octahydro-1H-cyclopenta[a]phenanthren-17-yl] acetate",,10161-34-9,66359,,,CMRJPMODSSEAPL-FYQPLNBISA-N,C20H24O3,312.4,CC(=O)OC1CCC2C1(C=CC3=C4CCC(=O)C=C4CCC23)C,confirmed_organic,pharmaceutical_or_api,derived:supplier_platform,,telegram:ATRmedShop,public Telegram (seller_research),product_page_listed_not_current_stock_verified,https://t.me/ATRmedShop/734,"3,6-Diaminoacridine dihydrochloride | خرید 6،3-دی آمینوآکریدین هیدروکلراید | قیمت 6،3-دی آمینوآکریدین هیدروکلراید ‌‏⁧ ‌‌‏‌محصولات سیگما اصل را از ما بخواهید. 👇 واردات و فروش مواد شیمیایی سیگما 👇 ‌‌ ‌ ☎️ تلفن: ۰۲۱۶۶۳۶۱۵۴۳-۶۶۳۷۹۰۲۶-۰۲۱ ‌ 📱 موبایل: 09120549893 🌐 لینک محصول : https://atrmed.com/product/",router_batch+pubchem,seed_2026-08-25,2026-08-25,23ba36aa602059d6b47a750dd938f83f60d28688e59efed89cc670dac6374ed9
[(Z)-octadec-9-enyl] acetate,Oleyl acetate,,693-80-1,5363289,,,GYGAZRPDUOHMAF-KHPPLWFESA-N,C20H38O2,310.5,CCCCCCCC/C=C\CCCCCCCCOC(=O)C,confirmed_organic,fragrance_or_aroma,,,telegram:ChemIranSanat,Iranian supplier Telegram catalogue,listing_evidence_crawled_2026-08-24,https://t.me/ChemIranSanat/1897,,ai_normalised_listing+pubchem_confirmed,seed_2026-08-24 + seed_2026-08-25,2020-04-20,add8f697cd8e207a35137a3f10fcc7c8cb5e944ae45fe8b7652f41c34d20e43c
"[2,3-dihydroxy-5-[[(2R,3R,4S,5R,6S)-3,4,5,6-tetrakis[[3,4-dihydroxy-5-(3,4,5-trihydroxybenzoyl)oxybenzoyl]oxy]oxan-2-yl]methoxycarbonyl]phenyl] 3,4,5-trihydroxybenzoate",Tannic acid,"[2,3-dihydroxy-5-[[(2R,3R,4S,5R,6S)-3,4,5,6-tetrakis[[3,4-dihydroxy-5-(3,4,5-trihydroxybenzoyl)oxybenzoyl]oxy]oxan-2-yl]methoxycarbonyl]phenyl] 3,4,5-trihydroxybenzoate; Tannic acid",,16129778,,,LRBQNJMCXXYXIU-PPKXGCFTSA-N,C76H52O46,1701.2,C1=C(C=C(C(=C1O)O)O)C(=O)OC2=CC(=CC(=C2O)O)C(=O)OC[C@@H]3[C@H]([C@@H]([C@H]([C@@H](O3)OC(=O)C4=CC(=C(C(=C4)OC(=O)C5=CC(=C(C(=C5)O)O)O)O)O)OC(=O)C6=CC(=C(C(=C6)OC(=O)C7=CC(=C(C(=C7)O)O)O)O)O)OC(=O)C8=CC(=C(C(=C8)OC(=O)C9=CC(=C(C(=C9)O)O)O)O)O)OC(=O)C1=CC(=C(C(=C1)OC(=O)C1=CC(=C(C(=C1)O)O)O)O)O,confirmed_organic,organic_reagent,,,Fardad Shimi + t.me/IranChemicals,Iranian online lab-chemical shop|ai_normalized,product_page_listed_not_current_stock_verified,https://t.me/IranChemicals/23326,"پودر تانیک اسید MERCK | ... || #آموزش 

 📣 فرآخوان دوره آموزشی
 ""بازرس تکنیکال رنگ (آماده سازی سطح و اجرای رنگ)""

 😷 بدلیل رعایت پروتکل‌های بهداشتی ظرفیت محدود است 😷 

 ⌛ چهارشنبه، پنجشنبه و جمعه / ۸ و ۹ و ۱۰ دیماه ۱۴۰۰ 

 🏢 دپارتمان مهندسی پوشش جهاد",router_title_normalization,ai_model_fleet + seed_2026-08-24 + seed_2026-08-25,2026-08-23,84824e3990d87aa511ad221beec6fc04ec8cbd29fd603ad895313b8e4e4a222e
"[2-oxo-3-(2,4,6-trimethylphenyl)-1-oxaspiro[4.4]non-3-en-4-yl] 3,3-dimethylbutanoate",Spiromesifen,"[2-oxo-3-(2,4,6-trimethylphenyl)-1-oxaspiro[4.4]non-3-en-4-yl] 3,3-dimethylbutanoate; Spiromesifen",283594-90-1,9907412,,,GOLXNESZZPUPJE-UHFFFAOYSA-N,C23H30O4,370.5,CC1=CC(=C(C(=C1)C)C2=C(C3(CCCC3)OC2=O)OC(=O)CC(C)(C)C)C,confirmed_organic,organic_reagent,,,TamadKala,Iranian online wholesale/lab shop,product_page_listed_not_current_stock_verified,https://tamadkala.com/product/162555/%D8%A7%D8%B3%D9%BE%DB%8C%D8%B1%D9%88-%D8%A7%D9%85%D8%AA%D8%A7%D8%AF-%D8%A8%D8%B1%D9%86%D8%AF-borun,اسپیرو امتاد برند borun,router_title_normalization,seed_2026-08-24 + seed_2026-08-25,2026-08-23,dc14038ee54ce01530be27e143beaf523b72d02088c7633e9676354331936d86
"[3-[3-(3,5-ditert-butyl-4-hydroxyphenyl)propanoyloxy]-2,2-bis[3-(3,5-ditert-butyl-4-hydroxyphenyl)propanoyloxymethyl]propyl] 3-(3,5-ditert-butyl-4-hydroxyphenyl)propanoate",Antioxidant 1010,,,64819,,,BGYHLZZASRKEJE-UHFFFAOYSA-N,C73H108O12,1177.6,CC(C)(C)C1=CC(=CC(=C1O)C(C)(C)C)CCC(=O)OCC(COC(=O)CCC2=CC(=C(C(=C2)C(C)(C)C)O)C(C)(C)C)(COC(=O)CCC3=CC(=C(C(=C3)C(C)(C)C)O)C(C)(C)C)COC(=O)CCC4=CC(=C(C(=C4)C(C)(C)C)O)C(C)(C)C,confirmed_organic,organic_reagent,,,t.me/Ch_Chemical_leaders + telegram:Ch_Chemical_leaders,Iranian supplier Telegram catalogue|ai_normalized,listing_evidence_crawled_2026-08-24,https://t.me/Ch_Chemical_leaders/291,"#تبلیغات 

 🎯 پیشنهاد ویژه پلی‌زون برای تولیدکنندگان حرفه‌ای!

 🔥 پودرفوکو AC7000DB (KUMYANG) – راه‌حلی برای پوشش‌های مقاوم و با دوام

 💥 افزایش چشمگیر کیفیت رنگ و پوشش در صنایع خودروسازی، لوازم خانگی، الکترونیک و رنگ",ai_normalised_listing+pubchem_confirmed,ai_model_fleet + seed_2026-08-24 + seed_2026-08-25,2025-08-09,55aecddcde00daef65c3cc30921c800884ac1c685e4d85db2c7772fe2620dfa3
"[3-[[6-[(3aS,6aR)-2,3,3a,4,6,6a-hexahydro-1H-pyrrolo[3,4-c]pyrrol-5-yl]-3-cyano-4-(trifluoromethyl)-2-pyridinyl]amino]-4-methylsulfanylphenyl]methoxy-methylphosphinic acid",VTM,"[3-[[6-[(3aS,6aR)-2,3,3a,4,6,6a-hexahydro-1H-pyrrolo[3,4-c]pyrrol-5-yl]-3-cyano-4-(trifluoromethyl)-2-pyridinyl]amino]-4-methylsulfanylphenyl]methoxy-methylphosphinic acid; VTM",,171715906,,,NSLCTDAHCNFOEO-GASCZTMLSA-N,C22H25F3N5O3PS,527.5,CP(=O)(O)OCC1=CC(=C(C=C1)SC)NC2=C(C(=CC(=N2)N3CC4CNCC4C3)C(F)(F)F)C#N,confirmed_organic,organic_reagent,derived:supplier_platform,,telegram:labshop,public Telegram (seller_research),product_page_listed_not_current_stock_verified,https://t.me/labshop/238,VTM ✅ محیط کشت,structured_pubchem,seed_2026-08-25,2026-08-25,48ab63bffb88e8f1450a7f7a6ed8601f00d99bba608e8d534136812d34b394c8
"[3-nitrooxy-2,2-bis(nitrooxymethyl)propyl] nitrate",,,,6518,,,TZRXHJWUDPFEEY-UHFFFAOYSA-N,C5H8N4O12,316.14,,confirmed_organic,organic_reagent,derived:supplier_platform,,t.me/IranChemicals,ai_normalized,,https://t.me/IranChemicals/27746,"🔥 🔥 🔥 
 🟢 #دانستنی ها 


 🟥 ماده منفجره پیجرهای حزب الله 


 🟢 موساد توانست ترکیبی از پنتا اریتریتول تترانیترات (PETN) را به باتری های پیجرهای رمزگذاری شده جدیدی که حزب الله استفاده از آن ها را در ماه فوریه شروع کرد، قبل",model_fleet+pubchem,ai_model_fleet,2026-08-27,024df07a34c0221b7dc84f765b3618c38c2590ef383b29d2f8c2aa354121ce54
[4-[bis[4-(dimethylamino)phenyl]methylidene]naphthalen-1-ylidene]-phenylazanium chloride,,,,17407,,,LLWJPGAKXJBKKA-UHFFFAOYSA-N,C33H32ClN3,506.1,,confirmed_organic,pharmaceutical_or_api,derived:supplier_platform,,t.me/ATRmedShop,ai_normalized,,https://t.me/ATRmedShop/702,"خرید ویکتوریا بلو B گرید میکروسکوپی | قیمت ویکتوریا بلو B گرید میکروسکوپی


‌‏⁧ ‌‌‏‌محصولات سیگما اصل را از ما بخواهید.

 👇 واردات و فروش مواد شیمیایی سیگما 👇 ‌
‌ 
‌
 ☎️ تلفن: ۰۲۱۶۶۳۶۱۵۴۳-۶۶۳۷۹۰۲۶-۰۲۱
‌
 📱 موبایل: 091205",model_fleet+pubchem,ai_model_fleet,2026-08-27,f6ff2769cebbb995b0b71cbce8135c637f7c3ce58e5dbf3c17983298420593b9
"[7-(dimethylamino)phenothiazin-3-ylidene]-dimethylazanium;2-(2,4,5,7-tetrabromo-3,6-dihydroxyxanthen-10-ium-9-yl)benzoic acid",Wright stain,"[7-(dimethylamino)phenothiazin-3-ylidene]-dimethylazanium;2-(2,4,5,7-tetrabromo-3,6-dihydroxyxanthen-10-ium-9-yl)benzoic acid; Wright stain",68988-92-1,25113599,,,AXIKDPDWFVPGOD-UHFFFAOYSA-O,C36H27Br4N3O5S+2,933.3,CN(C)C1=CC2=C(C=C1)N=C3C=CC(=[N+](C)C)C=C3S2.C1=CC=C(C(=C1)C2=C3C=C(C(=C(C3=[O+]C4=C(C(=C(C=C24)Br)O)Br)Br)O)Br)C(=O)O,confirmed_organic,organic_reagent,derived:supplier_platform,,Mojallali Group,Iranian WooCommerce catalogue,product_page_listed_not_current_stock_verified,https://drm-chem.com/en/product/wright-stain-en/,Wright stain,structured_pubchem,seed_2026-08-25,2026-08-25,6954476b0c490f889ab8726111251c0a0aa61fade7c79e138d3d709ed0117915
[9-(2-carboxyphenyl)-6-(diethylamino)xanthen-3-ylidene]-diethylazanium chloride,[9-(2-carboxyphenyl)-6-(diethylamino)xanthen-3-ylidene]-diethylazanium chloride,[9-(2-carboxyphenyl)-6-(diethylamino)xanthen-3-ylidene]-diethylazanium chloride,81-88-9,6694,,,PYWVYCXTNDRMGF-UHFFFAOYSA-N,C28H31ClN2O3,479.0,CCN(CC)C1=CC2=C(C=C1)C(=C3C=CC(=[N+](CC)CC)C=C3O2)C4=CC=CC=C4C(=O)O.[Cl-],confirmed_organic,organic_reagent,derived:supplier_platform,,Mojallali Group; telegram:labshop,Iranian WooCommerce catalogue,product_page_listed_not_current_stock_verified,https://drm-chem.com/en/product/rhodamine-b-indicator-en/,Rhodamine B,cas_pubchem,seed_2026-08-25,2026-08-25,3bc8e0efa6d19f824b8501278d11ac6c077e9476d9abae2a91e637375cf0deff
"[[(2R,3R,4R,5R)-5-(6-aminopurin-9-yl)-4-fluoro-3-hydroxyoxolan-2-yl]methoxy-hydroxyphosphoryl] phosphono hydrogen phosphate",ygc,"[[(2R,3R,4R,5R)-5-(6-aminopurin-9-yl)-4-fluoro-3-hydroxyoxolan-2-yl]methoxy-hydroxyphosphoryl] phosphono hydrogen phosphate; ygc",,126365,,,CCXCDDWASROAJA-QYYRPYCUSA-N,C10H15FN5O12P3,509.17,C1=NC(=C2C(=N1)N(C=N2)C3C(C(C(O3)COP(=O)(O)OP(=O)(O)OP(=O)(O)O)O)F)N,confirmed_organic,organic_reagent,derived:supplier_platform,,TamadKala; telegram:merckmillipore,Iranian online wholesale/lab shop,product_page_listed_not_current_stock_verified,https://tamadkala.com/product/22328/محیط-کشت-یس-اکسترک-گلوکزygc,محیط کشت یس اکسترک گلوکزygc,structured_pubchem,seed_2026-08-25,2026-08-25,ec893e7da02d3c526637f66e8c956cae67d702a042fd2a15955fb586f5532c86
"[[(2R,3S,4R,5R)-5-(2-amino-6-oxo-1H-purin-9-yl)-3,4-dihydroxyoxolan-2-yl]methoxy-hydroxyphosphoryl] [hydroxy-[(1R)-1-(2-nitrophenyl)ethoxy]phosphoryl] hydrogen phosphate",cag,"[[(2R,3S,4R,5R)-5-(2-amino-6-oxo-1H-purin-9-yl)-3,4-dihydroxyoxolan-2-yl]methoxy-hydroxyphosphoryl] [hydroxy-[(1R)-1-(2-nitrophenyl)ethoxy]phosphoryl] hydrogen phosphate; cag",,135509080,,,NYWDUFBXCCSYMK-JPDTYCKISA-N,C18H23N6O16P3,672.3,CC(C1=CC=CC=C1[N+](=O)[O-])OP(=O)(O)OP(=O)(O)OP(=O)(O)OCC2C(C(C(O2)N3C=NC4=C3N=C(NC4=O)N)O)O,confirmed_organic,organic_reagent,derived:supplier_platform,,TamadKala,Iranian online wholesale/lab shop,product_page_listed_not_current_stock_verified,https://tamadkala.com/product/194293/دستگاه-اندازه-گیری-زاویه-تماس-سطوح-و-کشش-سطح-مایعات-ژیکان-مدل-cag-10,دستگاه اندازه گیری زاویه تماس سطوح و کشش سطح مایعات ژیکان مدل cag 10,structured_pubchem,seed_2026-08-25,2026-08-25,fc4d542651a529438a66ae92ee2241f6edf4a6b71e3d9f4b5f3c93bb840f1897
acetamide,Acetamide,acetamide; Acetamide,60-35-5,178,,,DLFVBJFMPXGRIB-UHFFFAOYSA-N,C2H5NO,59.07,CC(=O)N,confirmed_organic,organic_reagent,,,Fardad Shimi,Iranian online lab-chemical shop,product_page_listed_not_current_stock_verified,,استامید مرک MERCK,router_title_normalization,seed_2026-08-24 + seed_2026-08-25,2026-08-23,5a7cfbd066b320d118a056172a815c494522140a5f1e4223c44561d1dd7729da
acetic acid,acetic acid glacial,acetic acid; acetic acid glacial,64-19-7,176,,,QTBSBXVTEAMEQO-UHFFFAOYSA-N,C2H4O2,60.05,CC(=O)O,confirmed_organic,organic_reagent,,research,Fardad Shimi; TamadKala; Telegram: Ch_Chemical_leaders; Telegram: ChemIranSanat; Telegram: minatajhiz; DigiShimi; Isatis Shimi; Mojallali Group; ShimiMan; IR Chem / Pishgaman; telegram:ATRmedShop; telegram:chemgroup + Iran Petrochemical + h,Iranian online lab-chemical shop | Iranian online wholesale/lab shop | Iranian supplier Telegram catalogue|ai_normalized,listed_not_current_stock_verified | product_page_listed_not_current_stock_verified,https://t.me/LabTel/76086,"acetic acid | اسید استیک گلاسیال extra pure دکتر مجللی | اسید استیک گلاسیال laboratory دکتر مجللی | اسید استیک گلاسیال usp دکتر مجللی | اسید استیک گلاسیال امرتات شیمی گرید ph eur b | ... | اسید استیک گلاسیال دکتر مجللی | اسید استیک گلاسیال پارس شیمی || Acetic acid, 99.8% Honeywell | Fluka موجود و آم",existing skill export | router_title_normalization,ai_model_fleet + live_telegram_listing + live_web_catalogue + seed_2026-08-24 + seed_2026-08-25,2026-08-23,52aa0ff09afef79d3dfaf39306f943860bc1944981b04245175e33514f2099fd
"acetic acid;2-amino-2-(hydroxymethyl)propane-1,3-diol",,,,16218782,,,PIEPQKCYPFFYMG-UHFFFAOYSA-N,C6H15NO5,181.19,,confirmed_organic,pharmaceutical_or_api,derived:supplier_platform,,t.me/ATRmedShop,ai_normalized,,https://t.me/ATRmedShop/695,"خرید تریس استات | قیمت تریس استات


‌‏⁧ ‌‌‏‌محصولات سیگما اصل را از ما بخواهید.

 👇 واردات و فروش مواد شیمیایی سیگما 👇 ‌
‌ 
‌
 ☎️ تلفن: ۰۲۱۶۶۳۶۱۵۴۳-۶۶۳۷۹۰۲۶-۰۲۱
‌
 📱 موبایل: 09120549893

 🌐 لینک محصول :

 https://atrmed.",model_fleet+pubchem,ai_model_fleet,2026-08-27,1180ecbdc18e7ad25f00c45c6e55cd5320d8c2b35bed9bd6b0662ac0bfcf975b
"acetic acid;2-amino-2-(hydroxymethyl)propane-1,3-diol;2-[2-[bis(carboxymethyl)amino]ethyl-(carboxymethyl)amino]acetic acid",,,,21257724,,,HGEVZDLYZYVYHD-UHFFFAOYSA-N,C16H31N3O13,473.43,,confirmed_organic,pharmaceutical_or_api,derived:supplier_platform,,t.me/ATRmedShop,ai_normalized,,https://t.me/ATRmedShop/306,"پودر گرانوله بافر TAE 
پودر گرانوله بافر TAE ، جهت تهیه بافر الکتروفورز است که برای آنالیز و جداسازی قطعات DNA کاربرد دارد. هر بسته این محصول در ...
برای ادامه مطالب، مشاهده و خرید آنلاین این محصول به لینک زیر مراجعه فرم",model_fleet+pubchem,ai_model_fleet,2026-08-27,438caa3bdfe9e0af1cc4dbf40955b7002d31252d481e4b6cfae461c8e62b98ad
acetic acid;zinc;hydrate,zinc acetate dihydrate,acetic acid;zinc;hydrate; zinc acetate dihydrate,,24212194,,,AJBKKRFPIWOFAE-UHFFFAOYSA-N,C2H6O3Zn,143.4,CC(=O)O.O.[Zn],confirmed_organic,organic_reagent,,,TamadKala,Iranian online wholesale/lab shop,product_page_listed_not_current_stock_verified,,zinc acetate dihydrate | ...,router_title_normalization,seed_2026-08-24 + seed_2026-08-25,2026-08-23,c969cbdc60b7c78abc699af04a35db960465061700d7fa4fd26067e51e1dded1
acetonitrile,Acetonitrile,acetonitrile; Acetonitrile,75-05-8,6342,,,WEVYAHXRMPXWCK-UHFFFAOYSA-N,C2H3N,41.05,CC#N,confirmed_organic,organic_reagent,,research,Fardad Shimi; TamadKala; Telegram: ChemIranSanat; Telegram: chemgroup; Mojallali Group; ShimiMan; telegram:minatajhiz + https://drm-chem.com/en/product/acetonitrile/ + t.me/ChemIranSanat,Iranian online lab-chemical shop | Iranian online wholesale/lab shop | Iranian supplier Telegram catalogue|ai_normalized,listed_not_current_stock_verified | product_page_listed_not_current_stock_verified,https://t.me/ChemIranSanat/142,acetonitrile | استونیتریل | استونیتریل acs دکتر مجللی | استونیتریل gc دکتر مجللی | استونیتریل gradient hplc دکتر مجللی | استونیتریل isocratic hplc دکتر مجللی | استونیتریل uv spectroscopy دکتر مجللی | استونیتریل امرتات شیمی isocratic grade | استونیتریل امرتات شیمی preparative chro || استونیتریل hplc ,existing skill export | router_title_normalization,ai_model_fleet + live_telegram_listing + live_web_catalogue + seed_2026-08-24 + seed_2026-08-25,2026-08-23,b86cec7e87f6fd2dad80313ae916af6c43ab3c83be494ce0a1029cee8bbac81a
acetyl acetate,Acetic anhydride,acetyl acetate; Acetic anhydride,108-24-7,7918,,,WFDIJRYMOXRFFG-UHFFFAOYSA-N,C4H6O3,102.09,CC(=O)OC(=O)C,confirmed_organic,organic_reagent,,,TamadKala,Iranian online wholesale/lab shop,product_page_listed_not_current_stock_verified,https://tamadkala.com/product/164674/%D8%A7%D9%86%DB%8C%D8%AF%D8%B1%DB%8C%D8%AF-%D8%A7%D8%B3%D8%AA%DB%8C%DA%A9-%DA%A9%D8%AF-320102-%D8%B3%DB%8C%DA%AF%D9%85%D8%A7,انیدرید استیک 98 پارس شیمی | انیدرید استیک کد 320102 سیگما,router_title_normalization,seed_2026-08-24 + seed_2026-08-25,2026-08-23,8488ce0d838fe42fc8f47c3368231d5a48600edec1e4d21fd6c1a21fb7f286ec
acetyl triethyl citrate,,,,6504,,,WEAPVABOECTMGR-UHFFFAOYSA-N,C14H22O8,318.32,,confirmed_organic,organic_reagent,derived:supplier_platform,ArChem,ArChem + https://archemco.com/our-product/plasticizer/acetyl-triethyl-citrate/,ai_normalized|live_supplier_catalogue,,https://archemco.com/our-product/plasticizer/acetyl-triethyl-citrate/,acetyl triethyl citrate,model_fleet+pubchem,ai_model_fleet + live_web_catalogue,2026-08-27,9ae9130b1d5e3fa5715e20522f9cfd83eade5531c376c7aad2d61fc3cf8d7f8c
acetylene,Acetylene,acetylene; Acetylene,74-86-2,6326,,,HSFWRNGVRCDJHI-UHFFFAOYSA-N,C2H2,26.04,C#C,confirmed_organic,organic_reagent,,industrial,Telegram: chemgroup,Iranian supplier Telegram catalogue,listed_not_current_stock_verified,,acetylene,existing skill export,seed_2026-08-24 + seed_2026-08-25,2026-08-23,a3679822cbb22b90a8261e3537f8e3edbc20733cebf624e9672d65527a07d771
acriflavin,,,,443101,,,PEJLNXHANOHNSU-UHFFFAOYSA-N,C27H25ClN6,469.0,,confirmed_organic,organic_reagent,derived:supplier_platform,Shimi Merck,Shimi Merck + https://shimimerck.ir/acriflavin.html,ai_normalized|live_supplier_catalogue,,https://shimimerck.ir/acriflavin.html,acriflavin,model_fleet+pubchem,ai_model_fleet + live_web_catalogue,2026-08-27,545e91102ed7fc791b3990e2e558c28a1cfc9e706cb4130156a78ad092f07881
Allyl Alcohol,Allyl alcohol,,,7858,,,XXROGKLTLUQVRX-UHFFFAOYSA-N,C3H6O,58.08,C=CCO,confirmed_organic,organic_reagent,,,Fardad Shimi,web_catalogue,listing_evidence_crawled_2026-08-23,https://fardadshimi.com/product/allyl-alcohol-merck/,allyl alcohol merck,ai_resolved+pubchem,seed_2026-08-24 + seed_2026-08-25,2026-08-23,47b9d554ec410fce895a987ff79ab7bb301dc7f159c56a76e22d0d4a93356640
alpha-Tocopherol succinate,D-alpha-Tocopherol succinate,,,20353,,,IELOKBJPULMYRW-NJQVLOCASA-N,C33H54O5,530.8,CC1=C(C(=C(C2=C1O[C@](CC2)(C)CCC[C@H](C)CCC[C@H](C)CCCC(C)C)C)OC(=O)CCC(=O)O)C,confirmed_organic,vitamin,,,ChemIranSanat + t.me/ChemIranSanat,ai_normalized|telegram,listing_evidence_crawled_2026-08-23,https://t.me/ChemIranSanat/1852,"016654 Exir D-alpha-Tocopherol Succinate (Vitamin E succinate) 2g 5g 10g 🔜 موجود و آماده تحویل ✅ شیمیران صنعت فقط اصلی ♾ موجودی و تنوع بی نظیر از برندهای معتبر 📱 سفارش کالا 👇 🆔 @ChemIranAdmin 🆔 @ChemIran1 || 016654 Exir
D-alpha-Tocopherol Succinate (Vitamin E succinate)
2g
5g
10g

 🔜 موجود و آماده ت",ai_resolved+pubchem,ai_model_fleet + seed_2026-08-24 + seed_2026-08-25,2026-08-23,01637e4cbc31fb3ce3f94a9362322e5b393944185c4480824ca34941c6c481b1
Aluminum isopropoxide,Aluminium isopropoxide,Aluminum isopropoxide; Aluminium isopropoxide; aluminum tris(propan-2-olate),555-31-7,11143,,,SMZOGRDCAXLAAR-UHFFFAOYSA-N,C9H21AlO3,204.24,CC(C)[O-].CC(C)[O-].CC(C)[O-].[Al+3],confirmed_organic,organic_reagent,,,minatajhiz; telegram:ATRmedShop + t.me/ATRmedShop,ai_normalized|telegram,listing_evidence_crawled_2026-08-23,https://t.me/ATRmedShop/393,"نام فارسی: آلومینیوم تری ایزو پروپیلات Aluminium triisopropylate کد محصول مرک: 801079 واردات جدید مرک || آلومینیوم تری ایزوپروپیلات 
آلومینیوم ایزوپروپوکسید ترکیب شیمیایی با فرمول Al[OCH(CH3)2]3 است که OCH(CH3)2 ایزوپروپیل است. در صنعت آلومینیوم ایزوپروپیلات با واکنش بین ...
برای ادامه مطالب، مشاهده",ai_resolved+pubchem,ai_model_fleet + seed_2026-08-24 + seed_2026-08-25,2026-08-23,f961aae00f813da3392e372ae561172b79c67d5bd89df14ea8bcf403ef72afa4
aluminum tris(octadecanoate),Aluminum stearate,aluminum tris(octadecanoate); Aluminum stearate; aluminium stearate; Aluminum Stearate,637-12-7,12496,,,CEGOLXSVJUTHNZ-UHFFFAOYSA-K,C54H105AlO6,877.4,CCCCCCCCCCCCCCCCCC(=O)[O-].CCCCCCCCCCCCCCCCCC(=O)[O-].CCCCCCCCCCCCCCCCCC(=O)[O-].[Al+3],confirmed_organic,organic_reagent,,research,TamadKala; Telegram: Ch_Chemical_leaders; Telegram: fanchem + t.me/fanchem,Iranian online wholesale/lab shop | Iranian supplier Telegram catalogue|telegram,listed_not_current_stock_verified | product_page_listed_not_current_stock_verified,https://t.me/s/fanchem,aluminum tris(octadecanoate) | آلومینیوم استئارات امرتات شیمی extra pure || 🔍 استئارات آلومینیوم؛ افزودنی مؤثر در بهبود خواص سطحی رنگ‌ها استئارات آلومینیوم (Aluminum Stearate) یکی از افزودنی‌های کلیدی در فرمولاسیون رنگ‌ها و پوشش‌های صنعتی است که با ترکیبی از ویژگی‌های رئولوژیکی، ضد ته‌نشینی و آب‌گری,existing skill export | router_title_normalization,live_telegram_listing + seed_2026-08-24 + seed_2026-08-25,2026-08-23,ecfb79f2c1b62ab0fdf144a923f5ea53698f15a8f027ad60b3d6e434ea8ac463
Amaranth,Amaranth,"Amaranth; trisodium;3-hydroxy-4-[(4-sulfonatonaphthalen-1-yl)diazenyl]naphthalene-2,7-disulfonate",915-67-3,13506,,,WLDHEUZGFKACJH-UHFFFAOYSA-K,C20H11N2Na3O10S3,604.5,C1=CC=C2C(=C1)C(=CC=C2S(=O)(=O)[O-])N=NC3=C4C=CC(=CC4=CC(=C3O)S(=O)(=O)[O-])S(=O)(=O)[O-].[Na+].[Na+].[Na+],confirmed_organic,colorant_or_indicator,,,Mojallali Group,web_catalogue,listing_evidence_crawled_2026-08-23,https://drm-chem.com/en/product/amaranth-en/,Amaranth,pubchem_direct,seed_2026-08-24 + seed_2026-08-25,2026-08-23,77952917c494ebce8bfc7c85867d95f0a9fc58787dbac1ebf25295f6c1bec86b
amino(pyrimidin-2-yl)methanethiol,,,,146160377,,,WDAVZMYHJDFNCU-UHFFFAOYSA-N,C5H7N3S,141.2,,confirmed_organic,organic_reagent,derived:supplier_platform,,t.me/IranChemicals,ai_normalized,,https://t.me/IranChemicals/21940,"🇮🇷 🇮🇷 
 🔴 #گفتگوی صنعت و تجارت 
 🔸 شماره ۳۱
 🔸 ۲۷ اردیبهشت ۱۴۰۰

 🔴 بحران ارزی سال ۹۶ 
 🔸 عوارض تحریمهای سال ۹۷ بر اقتصاد ایران
 🔸 واکنش دولت و بانک مرکزی 

 ✅ دلار ۴۲۰۰ تومانی 
 ✅ فروش سکه و طلا 
 ✅ افزایش تقاضای ارز و",model_fleet+pubchem,ai_model_fleet,2026-08-27,11c1221908b837d44092b713c891881bb7e646c40457707fc18a46f9bb88d874
aminomethanesulfonic acid,aminomethanesulfonic acid,,13881-91-9,83791,,,OBESRABRARNZJB-UHFFFAOYSA-N,CH5NO3S,111.12,C(N)S(=O)(=O)O,confirmed_organic,pharmaceutical_or_api,derived:supplier_platform,,t.me/ATRmedShop + telegram:ATRmedShop,ai_normalized|public Telegram (seller_research),product_page_listed_not_current_stock_verified,https://t.me/ATRmedShop/445,Aminomethanesulfonic acid | آمینومتان‌ سولفونیک اسید آمینومتان‌ سولفونیک اسید یک ترکیب شیمیایی با فرمول  CH5NO3Sمی باشد و به صورت پودرکریستالی جامد است. آمینومتان‌ سولفونیک اسید دارای... برای ادامه مطالب، مشاهده و خرید آنلاین این محصول به لینک زیر مراجعه فرمایید: https://atrmedshop.com/product/amino,router_batch+pubchem,ai_model_fleet + seed_2026-08-25,2026-08-25,e576e1abef9a402e1b76c13fb8e7ecf3c415b955522fc4cab231bcba67229166
Aminotetrazole,5-Aminotetrazole,Aminotetrazole; 5-Aminotetrazole; 2H-tetrazol-5-amine,4418-61-5,20467,,,ULRPISSMEBPJLN-UHFFFAOYSA-N,CH3N5,85.07,C1(=NNN=N1)N,confirmed_organic,organic_reagent,,,ChemIranSanat; telegram:ChemIranSanat + t.me/ChemIranSanat,ai_normalized|telegram,listing_evidence_crawled_2026-08-23,https://t.me/ChemIranSanat/1697,"A80602 Sigma-Aldrich 5-Aminotetrazole 5G 🔜 موجود و آماده تحویل ✅ شیمیران صنعت فقط اصلی 📱 دریافت قیمت یا سفارش کالا 👇 🆔 @ChemIranAdmin 🆔 @ChemIran1 || A80602 Sigma-Aldrich
5-Aminotetrazole
5G

 🔜 موجود و آماده تحویل
 ✅ شیمیران صنعت فقط اصلی
 📱 دریافت قیمت یا سفارش کالا 👇 

 🆔 @ChemIranAdmin 

 🆔 @Che",ai_resolved+pubchem,ai_model_fleet + seed_2026-08-24 + seed_2026-08-25,2026-08-23,b89afe3bc740b300fd752c9a01066de67e941beec0e418e2b8527c85d44ebca2
aniline,Aniline,aniline; Aniline,62-53-3,6115,,,PAYRUJLWNCNPSJ-UHFFFAOYSA-N,C6H7N,93.13,C1=CC=C(C=C1)N,confirmed_organic,organic_reagent,,research,t.me/ATRmedShop + telegram:IranChemicals; telegram:ATRmedShop; telegram:ChemIranSanat,Iranian supplier Telegram catalogue|telegram,listing_evidence_crawled_2026-08-24,https://t.me/s/ATRmedShop,Aniline | آنیلین برای سنتز ‌‏⁧ ‌‌‏‌محصولات مرک اصل را از ما بخواهید. 👇 واردات و فروش مواد شیمیایی سیگما و مرک 👇 ‌ ‌ ‌ ☎️ تلفن: ۰۲۱۶۶۳۶۱۵۴۳-۶۶۳۷۹۰۲۶-۰۲۱ ‌ 📱 موبایل: 09120549893 🌐 لینک محصول : https://atrmed.com/product/aniline/?v=e067b3c6b979 #آثل_طب #مواد_ازمایشگاهی #مواد_شیمیایی #بیولوژی #بیولوژی_م,ai_normalised_listing+pubchem_confirmed,live_telegram_listing + seed_2026-08-24 + seed_2026-08-25,2024-04-09,b6ebe02fdbf1fb4b9065a968709c4a000a41c753193a1efe34e4e10bb38e47c7
anthracene-9-carbaldehyde,9-Anthracenecarboxaldehyde,anthracene-9-carbaldehyde; 9-Anthracenecarboxaldehyde,,69504,,,YMNKUHIVVMFOFO-UHFFFAOYSA-N,C15H10O,206.24,C1=CC=C2C(=C1)C=C3C=CC=CC3=C2C=O,confirmed_organic,organic_reagent,,research,Telegram: ChemIranSanat + t.me/ChemIranSanat,Iranian supplier Telegram catalogue|ai_normalized|telegram,listed_not_current_stock_verified,https://t.me/ChemIranSanat/1470,"anthracene-9-carbaldehyde || Acros Cat. No.: 15393
9-Anthracenecarboxaldehyde, 99%
25g
موجود و آماده تحویل

 ✅ شیمیران صنعت فقط اصلی
 ❓ قیمت و سفارش 👇 

Admin 🆔 @ChemIranAdmin 

 ✔️ سفارش واردات ازتمام برندها پذیرفته میشود

 🆔 @ChemIran1",existing skill export,ai_model_fleet + live_telegram_listing + seed_2026-08-24 + seed_2026-08-25,2026-08-23,d805fcdf938b91063677f693e993d18765e4e31fbe4594293ff305ac698aabfb
antibiotics,,,,46874763,,,LRJAGMBMPSXEFP-UDPUMDPQSA-N,C28H44IN4O24P3,1040.5,,confirmed_organic,pharmaceutical_or_api,derived:supplier_platform,Biotechnolab,https://biotechnolab.ir/product-category/cell-and-tissue-culture/cell-culture/antibiotics/,live_supplier_catalogue,,2026-08-27,,seed,live_web_catalogue,2026-08-27,742d92de77d4773f28ffcbfa2c3f90e9ec91a10169a7d843c5fbe897fe066266
Atorvastatin Calcium,Atorvastatin Calcium,"Atorvastatin Calcium; calcium bis((3R,5R)-7-[2-(4-fluorophenyl)-3-phenyl-4-(phenylcarbamoyl)-5-propan-2-ylpyrrol-1-yl]-3,5-dihydroxyheptanoate)",,60822,,,FQCKMBLVYCEXJB-MNSAWQCASA-L,C66H68CaF2N4O10,1155.3,CC(C)C1=C(C(=C(N1CC[C@H](C[C@H](CC(=O)[O-])O)O)C2=CC=C(C=C2)F)C3=CC=CC=C3)C(=O)NC4=CC=CC=C4.CC(C)C1=C(C(=C(N1CC[C@H](C[C@H](CC(=O)[O-])O)O)C2=CC=C(C=C2)F)C3=CC=CC=C3)C(=O)NC4=CC=CC=C4.[Ca+2],confirmed_organic,pharmaceutical_or_api,,,Temad,web_catalogue,listing_evidence_crawled_2026-08-23,https://www.temad.com/product/thebaine-2/,Atorvastatin Calcium,pubchem_direct,seed_2026-08-24 + seed_2026-08-25,2026-08-23,b2cbb8eb65e71c57ec81ab2c1aa6b52e0ca837373cb3e8a5113b18095fda8b5c
"azane;2-hydroxypropane-1,2,3-tricarboxylic acid;iron(3+)",Ferric ammonium citrate,"azane;2-hydroxypropane-1,2,3-tricarboxylic acid;iron(3+); Ferric ammonium citrate",,118984355,,,FRHBOQMZUOWXQL-UHFFFAOYSA-N,C6H11FeNO7+3,265.00,C(C(=O)O)C(CC(=O)O)(C(=O)O)O.N.[Fe+3],confirmed_organic,organic_reagent,,,Fardad Shimi; TamadKala,Iranian online lab-chemical shop | Iranian online wholesale/lab shop,product_page_listed_not_current_stock_verified,https://fardadshimi.com/product/6392241/,آمونیوم آهن (III) سیترات MERCK | فروش فریک آمونیوم سیترات,router_title_normalization,seed_2026-08-24 + seed_2026-08-25,2026-08-23,fa03879e74f7f262f34ce05eda5c7e0d82404b9a9a428f0e7f3fba72b78be744
"azanium 2,4-dioxo-5-[(2,4,6-trioxo-1,3-diazinan-5-ylidene)amino]-1H-pyrimidin-6-olate",Murexide,"azanium 2,4-dioxo-5-[(2,4,6-trioxo-1,3-diazinan-5-ylidene)amino]-1H-pyrimidin-6-olate; Murexide",3051-09-0,18275,,,LJYRLGOJYKPILZ-UHFFFAOYSA-N,C8H8N6O6,284.19,C1(=C(NC(=O)NC1=O)[O-])N=C2C(=O)NC(=O)NC2=O.[NH4+],confirmed_organic,organic_reagent,,,Fardad Shimi; Mojallali Group,Iranian online lab-chemical shop,product_page_listed_not_current_stock_verified,https://drm-chem.com/en/product/murexide-acs-en/,موراکسید مرک MERCK,router_title_normalization,seed_2026-08-24 + seed_2026-08-25,2026-08-23,9a30af084957795cf56ca0c0cd0410fa0363ad218c9a6c8a49c3d748ac3ff26c
azanium acetate,Ammonium acetate,azanium acetate; Ammonium acetate,631-61-8,517165,,,USFZMSVCRYTOJT-UHFFFAOYSA-N,C2H7NO2,77.08,CC(=O)[O-].[NH4+],confirmed_organic,organic_reagent,,research,DigiShimi; Fardad Shimi; ShimiMan; TamadKala; Mojallali Group + t.me/ATRmedShop,Iranian online chemical shop | Iranian online chemical shops | Iranian online lab-chemical shop | Iranian online wholesa,product_page_listed_not_current_stock_verified,https://t.me/ATRmedShop/270,"https://shimiman.com/product/ammonium-acetate-grade-extra-pure/ | آمونیوم استات acs دکتر مجللی | ... | آمونیوم استات extra pure دکتر مجللی | ... | آمونیوم استات امرتات شیمی گرید extra pure | آمونیوم استات خوراکی | ... | آمونیوم استات قطران شیمی | استات آمونیوم | استات آمونیوم MER || آمونیوم استات 
آ",router_title_normalization | sitemap_title,ai_model_fleet + live_telegram_listing + seed_2026-08-24 + seed_2026-08-25,2026-08-23,b4361f011d1ab89a079beb079f8af38758791d1c52a74e523600529541b967df
azanium formate,Ammonium formate,,540-69-2,2723923,,,VZTDIZULWFCMLS-UHFFFAOYSA-N,CH5NO2,63.056,C(=O)[O-].[NH4+],confirmed_organic,organic_reagent,,research,t.me/ATRmedShop + telegram:chemgroup,Iranian supplier Telegram catalogue|ai_normalized|telegram,listing_evidence_crawled_2026-08-24,https://t.me/ATRmedShop/812,"آمونیوم فرمات 

آمونیوم فرمات یک نمک آمونیوم اسید فرمیک است. آمونیوم فرمات در یک مطالعه برای ایجاد یک روش کروماتوگرافی فوق حساس و انتخابی مایع با کارایی بالا HPLC و برای یکی از فیتوهورمون‌های سیگنال دهنده فرار، اسید جاسم",ai_normalised_listing+pubchem_confirmed,ai_model_fleet + live_telegram_listing + seed_2026-08-24 + seed_2026-08-25,2017-10-25,17d31b885a43f36933dcdb4bcf7349c6fa905c44e2083f3426fbe14eeb48f6d8
azanium octadecanoate,,,,9861187,,,JPNZKPRONVOMLL-UHFFFAOYSA-N,C18H39NO2,301.5,,confirmed_organic,organic_reagent,derived:supplier_platform,,t.me/fanchem,ai_normalized,,https://t.me/fanchem/431,"پتاسیم استئارات؛ امولسیفایر کلیدی در فرمولاسیون آرایشی

پتاسیم استئارات یک امولسیفایر و سورفکتانت آنیونی پرکاربرد برای ایجاد امولسیون‌های پایدار O/W است. این ترکیب با تثبیت فاز روغنی، افزایش ویسکوزیته و بهبود حس لمسی، در",model_fleet+pubchem,ai_model_fleet,2026-08-27,fd0dba3f0497c619749b38bac7c760a3c12729f3500435c3e1fca3964dd9d224
azanium thiocyanate,azanium thiocyanate,azanium thiocyanate,1762-95-4,15666,,,SOIFLUNRINLCBN-UHFFFAOYSA-N,CH4N2S,76.12,C(#N)[S-].[NH4+],confirmed_organic,organic_reagent,derived:supplier_platform,,Mojallali Group,Iranian WooCommerce catalogue,product_page_listed_not_current_stock_verified,https://drm-chem.com/en/product/ammonium-thiocyanate-en/,Ammonium thiocyanate,cas_pubchem,seed_2026-08-25,2026-08-25,641688a379f16b728d9cb950c73ba0855a7291938c2be403f252e8a15cc9d7f1
azepan-2-one,Caprolactam,,105-60-2,7768,,,JBKVHLHDHHXQEQ-UHFFFAOYSA-N,C6H11NO,113.16,C1CCC(=O)NCC1,confirmed_organic,organic_reagent,,,telegram:minatajhiz,Iranian supplier Telegram catalogue,listing_evidence_crawled_2026-08-24,https://t.me/minatajhiz/953,,ai_normalised_listing+pubchem_confirmed,seed_2026-08-24 + seed_2026-08-25,2023-01-02,2b69fb7a7ddf60c8f585f91c58763560a840a3c25dbe5bbe485097842a282eea
aziridine,pei,aziridine; pei,,9033,,,NOWKCMXCCJGMRR-UHFFFAOYSA-N,C2H5N,43.07,C1CN1,confirmed_organic,organic_reagent,derived:supplier_platform,,TamadKala,Iranian online wholesale/lab shop,product_page_listed_not_current_stock_verified,https://tamadkala.com/product/96342/پلی-اتر-ایمید-pei,پلی اتر ایمید pei,structured_pubchem,seed_2026-08-25,2026-08-25,26ea5f827be2c9347c35eefcd69edb85dd30d0190dda36a7f6166a7b38acb8ef
barium(2+) carbonate,barium(2+) carbonate,barium(2+) carbonate,513-77-9,10563,,,AYJRCSIUFZENHW-UHFFFAOYSA-L,CBaO3,197.34,C(=O)([O-])[O-].[Ba+2],confirmed_organic,organic_reagent,derived:supplier_platform,,Mojallali Group,Iranian WooCommerce catalogue,product_page_listed_not_current_stock_verified,https://drm-chem.com/en/product/barium-carbonate-en/,Barium carbonate,cas_pubchem,seed_2026-08-25,2026-08-25,1481ae2de31aacc63d4dd9f2bb5219e4581e4333ae17aa16b1f8d68952d37ebc
barium(2+) diacetate,,,,10980,,,ITHZDDVSAWDQPZ-UHFFFAOYSA-L,C4H6BaO4,255.41,,confirmed_organic,organic_reagent,derived:supplier_platform,,Shimi Merck,ai_normalized,,https://shimimerck.ir/barium-acetate-101704-merck-germany.html,barium acetate merck germany,model_fleet+pubchem,ai_model_fleet,2026-08-27,fb7d2e6747205ba3eb0e6f88b287d533a44cfe2d2869f8901f87e6b59f1ab2c9
benzaldehyde,Benzaldehyde,benzaldehyde; Benzaldehyde,100-52-7,240,,,HUMNYLRZRPPJDN-UHFFFAOYSA-N,C7H6O,106.12,C1=CC=C(C=C1)C=O,confirmed_organic,fragrance_or_aroma,,,Shimi Merck + TamadKala; telegram:ChemIranSanat,Iranian online wholesale/lab shop|ai_normalized,product_page_listed_not_current_stock_verified,https://shimimerck.ir/benzaldehyde-801756-sigma-aldrich.html,بنزالدئید برند لوبا هند | فروش بنزالدهید || benzaldehyde sigma aldrich,router_title_normalization,ai_model_fleet + seed_2026-08-24 + seed_2026-08-25,2026-08-23,e89f6af3f7f3e7621f9a2f75ad0907cbe27e4d803c839c1df34d5ba231bbba20
benzene,benzene,benzene,71-43-2,241,,,UHOVQNZJYSORNB-UHFFFAOYSA-N,C6H6,78.11,C1=CC=CC=C1,confirmed_organic,organic_reagent,,research,TamadKala; Telegram: ChemIranSanat; Telegram: chemgroup; Telegram: minatajhiz; ShimiMan; telegram:ATRmedShop + https://shimimerck.ir/buy-divinylbenzene-803598-sigma-aldrich.html + t.me/ATRmedShop,Iranian online wholesale/lab shop | Iranian supplier Telegram catalogue|live_supplier_catalogue|telegram,listed_not_current_stock_verified | product_page_listed_not_current_stock_verified,https://t.me/s/ATRmedShop,benzene | بنزن hplc نوترون | بنزن امرتات شیمی گرید extra pure | ... | فروش بنزن,existing skill export | router_title_normalization,live_telegram_listing + live_web_catalogue + seed_2026-08-24 + seed_2026-08-25,2026-08-23,30c78b7cbf60aa2e34d5e7723871772153fabf729ec5a0a230220f30b61ffc2a
"benzene-1,2-diamine",,,,7243,,,GEYOCULIXLDCMW-UHFFFAOYSA-N,C6H8N2,108.14,,confirmed_organic,pharmaceutical_or_api,derived:supplier_platform,research,t.me/ATRmedShop,ai_normalized|telegram,,https://t.me/ATRmedShop/577,"o- فنیلن دی آمین

‌‏⁧ ‌‌‏‌محصولات سیگما اصل را از ما بخواهید.

 👇 واردات و فروش مواد شیمیایی سیگما 👇 ‌
‌ 
‌
 ☎️ تلفن: ۰۲۱۶۶۳۶۱۵۴۳-۶۶۳۷۹۰۲۶-۰۲۱
‌
 📱 موبایل: 09120549893

 🌐 لینک محصول :

 https://atrmed.com/product/o-phen",model_fleet+pubchem,ai_model_fleet + live_telegram_listing,2026-08-27,cf22471d5e73b5071766200fbbc94a41d9321408666ce37f81b2fb8cf1f4ebcd
"benzene-1,2-diamine;benzene-1,3-diamine;benzene-1,4-diamine",Phenylenediamine,"benzene-1,2-diamine;benzene-1,3-diamine;benzene-1,4-diamine; Phenylenediamine",,32858,,,LGZPGNGUUUOHAI-UHFFFAOYSA-N,C18H24N6,324.4,C1=CC=C(C(=C1)N)N.C1=CC(=CC(=C1)N)N.C1=CC(=CC=C1N)N,confirmed_organic,pharmaceutical_or_api,derived:supplier_platform,,telegram:minatajhiz,public Telegram (seller_research),product_page_listed_not_current_stock_verified,https://t.me/minatajhiz/1086,"1و3 فنیلن دی آمین 1,3-Phenylenediamine کد محصول مرک 820991 واردات جدید سیگما آلدریچ",structured_pubchem,seed_2026-08-25,2026-08-25,14d18ee09100f56e40260d4dabae360ee565fc9f319ee9f95e17d09c221f7375
"benzene-1,3-diamine",M-Phenylenediamine,"benzene-1,3-diamine; M-Phenylenediamine",108-45-2,7935,,,WZCQRUWWHSTZEM-UHFFFAOYSA-N,C6H8N2,108.14,C1=CC(=CC(=C1)N)N,confirmed_organic,organic_reagent,,research,Telegram: minatajhiz + t.me/minatajhiz,Iranian supplier Telegram catalogue|telegram,listed_not_current_stock_verified,https://t.me/s/minatajhiz,"benzene-1,3-diamine",existing skill export,live_telegram_listing + seed_2026-08-24 + seed_2026-08-25,2026-08-23,998334a6a9e16599adb4b94f8d8b9039721d3ce1d4ddcf413fadfcdf9aa1f7f5
"benzene-1,3-dicarboxylic acid",Isophthalic Acid,"benzene-1,3-dicarboxylic acid; Isophthalic Acid",121-91-5,8496,,,QQVIHTHCMHWDBS-UHFFFAOYSA-N,C8H6O4,166.13,C1=CC(=CC(=C1)C(=O)O)C(=O)O,confirmed_organic,organic_reagent,,industrial,Telegram: Maran_Tejarat_Eshen + t.me/Maran_Tejarat_Eshen,Iranian supplier Telegram catalogue|ai_normalized|telegram,listed_not_current_stock_verified,https://t.me/Maran_Tejarat_Eshen/540,"benzene-1,3-dicarboxylic acid || ✅ ایزو فتالیک اسید (Isophthalic acid) 
 ✅ برند لوته کره (LOTTE)
 ✅ موجود در انبار شورآباد
 👤 برای استعلام قیمت و کسب اطلاعات بیشتر با ما در تماس باشید
 🏢 بازرگانی ماران تجارت اشن
 ☎️ 021-26378323
 📱 09102296278
 📱 091080",existing skill export,ai_model_fleet + live_telegram_listing + seed_2026-08-24 + seed_2026-08-25,2026-08-23,27252e3259cece4d445fe69bbf54d060d28d7bb16f8b0165f82bc1231f32f35e
"benzene-1,3-diol",Resorcinol,"benzene-1,3-diol; Resorcinol",108-46-3,5054,,,GHMLBKRAJCXXBS-UHFFFAOYSA-N,C6H6O2,110.11,C1=CC(=CC(=C1)O)O,confirmed_organic,organic_reagent,,,Fardad Shimi,Iranian online lab-chemical shop,product_page_listed_not_current_stock_verified,,رزورسینول MERCK | ...,router_title_normalization,seed_2026-08-24 + seed_2026-08-25,2026-08-23,fe867829af84d6017fcdb22e206822f8a81fa0abc8bb70c6e9d778713e577ec4
"benzene-1,4-diamine","benzene-1,4-diamine",,106-50-3,7814,,,CBCKQZAAMUWICA-UHFFFAOYSA-N,C6H8N2,108.14,C1=CC(=CC=C1N)N,confirmed_organic,organic_reagent,derived:supplier_platform,,Iran Petrochemical + telegram:ChemIranSanat,ai_normalized|public Telegram (seller_research),product_page_listed_not_current_stock_verified,https://iranpetrochemical.net/product/para-phenylene-diamine-2/,p-phenylenediamine | شیمی رنگ مو پایه اغلب رنگ موها پارا-فنیلن دی آمین و پارا-آمینو فنول می باشد. حضور ترکیبات اکسنده و بازی موجب تغییرات رنگ و نفوذ آن به مو میشود. مشتقات دیگر آنیلین و فنول نیز برای انواع رنگ ها استفاده می گردد. 🆔 @ChemIran1 || para phenylene diamine 2,router_batch+pubchem,ai_model_fleet + seed_2026-08-25,2026-08-25,49a994a1d767c29008c02baf4111949d4d3b3235c65714dcb4e6be4904b429dd
"benzene-1,4-diol",Hydroquinone,"benzene-1,4-diol; Hydroquinone",123-31-9,785,,,QIGBRXMKCJKVMJ-UHFFFAOYSA-N,C6H6O2,110.11,C1=CC(=CC=C1O)O,confirmed_organic,organic_reagent,,research,Shimi Merck + TamadKala; Telegram: minatajhiz,Iranian online wholesale/lab shop | Iranian supplier Telegram catalogue|ai_normalized,listed_not_current_stock_verified | product_page_listed_not_current_stock_verified,https://shimimerck.ir/buy-hydroquinone-code-822333.html,"benzene-1,4-diol | هیدروکینون | هیدروکینون صنعتی تولید ژاپن | ... || buy hydroquinone code",existing skill export | router_title_normalization,ai_model_fleet + seed_2026-08-24 + seed_2026-08-25,2026-08-23,f2125fbfa002f43705087759f82ed7df0b8bb3e48ef1f723c546a5387a5d4fed
benzenesulfonic acid,,,,7371,,,SRSXLGNVWSONIS-UHFFFAOYSA-N,C6H6O3S,158.18,,confirmed_organic,pharmaceutical_or_api,derived:supplier_platform,,t.me/ATRmedShop,ai_normalized,,https://t.me/ATRmedShop/435,"بنزن‌ سولفونیک اسید %98.0 
بنزن‌ سولفونیک اسید %98.0 یک ترکیب ارگانوسولفور با فرمول شیمیایی C6H5SO3H می باشد. بنزن سولفونیک اسید ازطریق ...
برای ادامه مطالب، مشاهده و خرید آنلاین این محصول به لینک زیر مراجعه فرمایید:
 ht",model_fleet+pubchem,ai_model_fleet,2026-08-27,81a569173201313cbe39e846458a59f46a024f5fa9d8f09f17e50fee39d611af
Benzimidazole,Benzimidazole,,,5798,,,HYZJCKYKOHLVJF-UHFFFAOYSA-N,C7H6N2,118.14,C1=CC=C2C(=C1)NC=N2,confirmed_organic,organic_reagent,,,minatajhiz,telegram,listing_evidence_crawled_2026-08-23,https://t.me/minatajhiz/225,فروش ماده شیمیایی بنزایمیدازول واردات جدید از کمپانی مرک کد محصول: 821956 پکیج: 100gr برای کسب اطلاعات بیشتر با ما در ارتباط باشید @minatajhiz_aria Tell:66900058,ai_resolved+pubchem,seed_2026-08-24 + seed_2026-08-25,2026-08-23,264acbcab2647bd363b33e7a55e29db2cbc8f1fa28df862a1ebb8c7547f23950
benzo[b][1]benzazepine-11-carboxamide,carbamazepine,benzo[b][1]benzazepine-11-carboxamide; carbamazepine; Carbamazepine,,2554,,,FFGPTBGBLSHEPO-UHFFFAOYSA-N,C15H12N2O,236.27,C1=CC=C2C(=C1)C=CC3=CC=CC=C3N2C(=O)N,confirmed_organic,pharmaceutical_or_api,,,Rooz Darou; Temad,Iranian pharmaceutical product catalogue,product_page_listed_not_current_stock_verified,http://rouzdarou.com/products/%D9%82%D8%B1%D8%B5-%DA%A9%D8%A7%D8%B1%D8%A8%D8%A7%D9%85%D8%A7%D8%B2%D9%BE%DB%8C%D9%86-200,قرص کاربامازپین 200,PubChem name validation from supplier product title,seed_2026-08-24 + seed_2026-08-25,2026-08-23,5c792610805e8c17a3d236db6f5d342eec187e04a87d033f3c9c912f85277aab
benzoic acid,Benzoic acid,benzoic acid; Benzoic acid,65-85-0,243,,,WPYMKLBDIGXBTP-UHFFFAOYSA-N,C7H6O2,122.12,C1=CC=C(C=C1)C(=O)O,confirmed_organic,organic_reagent,,research,DigiShimi; TamadKala; Telegram: ChemIranSanat; Telegram: jahaneshimicom; Mojallali Group; telegram:chemgroup + Iran Petrochemical + Shimi Merck + https://shimimerck.ir/benzoic-acid.html,Iranian online chemical shops | Iranian online wholesale/lab shop | Iranian supplier Telegram catalogue|ai_normalized|li,listed_not_current_stock_verified | product_page_listed_not_current_stock_verified,https://iranpetrochemical.net/product/benzoic-acid/,benzoic acid | اسید بنزوئیک | بنزوئيك اسيد قطران شیمی | بنزوئیک اسید extra pure نوترون | بنزوئیک اسید lab دکتر مجللی | ... || benzoic acid,existing skill export | router_title_normalization,ai_model_fleet + live_web_catalogue + seed_2026-08-24 + seed_2026-08-25,2026-08-23,98a0b27d8e09e9f5145c893b3ce0765a2d41ece8d81b49c309d65a7acbde6588
"benzoic acid;N,N-dimethyl-2-[5-(1,2,4-triazol-1-ylmethyl)-1H-indol-3-yl]ethanamine",Rizatriptan Benzoate,"benzoic acid;N,N-dimethyl-2-[5-(1,2,4-triazol-1-ylmethyl)-1H-indol-3-yl]ethanamine; Rizatriptan Benzoate",,77997,,,JPRXYLQNJJVCMZ-UHFFFAOYSA-N,C22H25N5O2,391.5,CN(C)CCC1=CNC2=C1C=C(C=C2)CN3C=NC=N3.C1=CC=C(C=C1)C(=O)O,confirmed_organic,pharmaceutical_or_api,,research,BehChin Chemi Pharmed,Iranian supplier API/intermediate catalogue,supplier_catalogue_listed_not_current_stock_verified,https://www.behchinchemi.ir/en/our-products/active-pharmaceutical-ingredient,Rizatriptan Benzoate,supplier_table,seed_2026-08-24 + seed_2026-08-25,2026-08-23,7da051578bf4aef8a1f9bbe501bca3003c825e7cb40644593e8274fffe8e7d10
"Benzophenone-4,4'-dicarboxylic Acid","4,4'-Carbonyldibenzoic acid",,,590830,,,LFEWXDOYPCWFHR-UHFFFAOYSA-N,C15H10O5,270.24,C1=CC(=CC=C1C(=O)C2=CC=C(C=C2)C(=O)O)C(=O)O,confirmed_organic,organic_reagent,,,ChemIranSanat,telegram,listing_evidence_crawled_2026-08-23,https://t.me/ChemIranSanat/1823,"235885 Fluorochem 4,4'-Carbonyldibenzoic acid 25g 🔜 موجود و آماده تحویل ✅ شیمیران صنعت فقط اصلی ♾ موجودی و تنوع بی نظیر از برندهای معتبر 📱 سفارش کالا 👇 🆔 @ChemIranAdmin 🆔 @ChemIran1",ai_resolved+pubchem,seed_2026-08-24 + seed_2026-08-25,2026-08-23,57b1247819ca20fcda233a0b627aa6a4954906ef78e89ed7b362c652c2415ce7
benzoyl benzenecarboperoxoate,Benzoyl peroxide,benzoyl benzenecarboperoxoate; Benzoyl peroxide; Benzoyl Peroxide,94-36-0,7187,,,OMPJBNCRMGITSC-UHFFFAOYSA-N,C14H10O4,242.23,C1=CC=C(C=C1)C(=O)OOC(=O)C2=CC=CC=C2,confirmed_organic,organic_reagent,,industrial,Fardad Shimi; Telegram: Maran_Tejarat_Eshen + Shimi Merck,Iranian online lab-chemical shop | Iranian supplier Telegram catalogue|ai_normalized,listed_not_current_stock_verified | product_page_listed_not_current_stock_verified,https://shimimerck.ir/benzoyl-peroxide-801641-merck-germany.html,benzoyl benzenecarboperoxoate | بنزوئیل پراکسید MERCK | ... || benzoyl peroxide merck germany,existing skill export | router_title_normalization,ai_model_fleet + seed_2026-08-24 + seed_2026-08-25,2026-08-23,96e6fec942d1949a4191ac6d9aa7df43e28d5645922776e428f3767696ca685e
benzyl (2S)-pyrrolidine-2-carboxylate;hydrochloride,,,,2733413,,,NEDMOHHWRPHBAL-MERQFXBCSA-N,C12H16ClNO2,241.71,,confirmed_organic,organic_reagent,derived:supplier_platform,,Shimi Merck,ai_normalized,,https://shimimerck.ir/l-proline-benzyl-ester-hydrochloride.html,l proline benzyl ester hydrochloride,model_fleet+pubchem,ai_model_fleet,2026-08-27,8b80e7b0b676d4858d9121214e7e0f58312b08ebf7a7cc2629e2c2b494572987
benzyl benzoate,Benzyl benzoate,benzyl benzoate; Benzyl benzoate,120-51-4,2345,,,SESFRYSPDFLNCH-UHFFFAOYSA-N,C14H12O2,212.24,C1=CC=C(C=C1)COC(=O)C2=CC=CC=C2,confirmed_organic,fragrance_or_aroma,,Shimi Merck,Shimi Merck + TamadKala + https://shimimerck.ir/benzyl-benzoate.html,Iranian online wholesale/lab shop|ai_normalized|live_supplier_catalogue,product_page_listed_not_current_stock_verified,https://shimimerck.ir/benzyl-benzoate.html,بنزیل بنزوات | بنزیل بنزوات برند dyc چین || benzyl benzoate,router_title_normalization,ai_model_fleet + live_web_catalogue + seed_2026-08-24 + seed_2026-08-25,2026-08-23,f272ebad0d4af99a2c9003c2f0855e446112a9539d53c307f942c225c3714f24
"benzyl N-[[(6aR,9S,10aR)-4,7-dimethyl-6,6a,8,9,10,10a-hexahydroindolo[4,3-fg]quinolin-9-yl]methyl]carbamate",mce,"benzyl N-[[(6aR,9S,10aR)-4,7-dimethyl-6,6a,8,9,10,10a-hexahydroindolo[4,3-fg]quinolin-9-yl]methyl]carbamate; mce",,28693,,,WZHJKEUHNJHDLS-QTGUNEKASA-N,C25H29N3O2,403.5,CN1CC(CC2C1CC3=CN(C4=CC=CC2=C34)C)CNC(=O)OCC5=CC=CC=C5,confirmed_organic,organic_reagent,derived:supplier_platform,,TamadKala,Iranian online wholesale/lab shop,product_page_listed_not_current_stock_verified,https://tamadkala.com/product/193299/فیلتر-کاغذی-ممبران-mce-قطر-47-میلی-متر,فیلتر کاغذی ممبران mce قطر 47 میلی متر,structured_pubchem,seed_2026-08-25,2026-08-25,b9de44c176d9a4d779c5d28b79bd795b7d3cb16e3bc45d2045e5fd878fe91693
"benzyl-[2-(2,6-dimethylanilino)-2-oxoethyl]-diethylazanium benzoate",Denatonium Benzoate,,,19518,,,VWTINHYPRWEBQY-UHFFFAOYSA-N,C28H34N2O3,446.6,CC[N+](CC)(CC1=CC=CC=C1)CC(=O)NC2=C(C=CC=C2C)C.C1=CC=C(C=C1)C(=O)[O-],confirmed_organic,organic_reagent,,,t.me/ChemIranSanat + t.me/chemgroup + telegram:chemgroup,Iranian supplier Telegram catalogue|ai_normalized,listing_evidence_crawled_2026-08-24,https://t.me/chemgroup/2342,✳️ تلخ ترین ماده جهان دناتونیوم بنزوات 🔹 این ماده تلخ ترین ماده ای است که تا کنون توسط بشر کشف شده است. این ماده نخستین بار در هنگام کار روی مشتقات «لیدوکائین» در آزمایشگاه توسط شرکت Macfarlan smith‌سنتر شد و به لحاظ مزه بسیار تلخی که داشت به عنوان تلخ کننده برای اجتناب از خورده شدن تصادفی یا عمدی ب,ai_normalised_listing+pubchem_confirmed,ai_model_fleet + seed_2026-08-24 + seed_2026-08-25,2016-10-25,3d647591a1dd2b78227ff841df9584030a0dbd42d7eeeb20065cf07f63d19203
"benzyl-dimethyl-[2-[2-[4-(2,4,4-trimethylpentan-2-yl)phenoxy]ethoxy]ethyl]azanium chloride","benzyl-dimethyl-[2-[2-[4-(2,4,4-trimethylpentan-2-yl)phenoxy]ethoxy]ethyl]azanium chloride","benzyl-dimethyl-[2-[2-[4-(2,4,4-trimethylpentan-2-yl)phenoxy]ethoxy]ethyl]azanium chloride",121-54-0,8478,,,UREZNYTWGJKWBI-UHFFFAOYSA-M,C27H42ClNO2,448.1,CC(C)(C)CC(C)(C)C1=CC=C(C=C1)OCCOCC[N+](C)(C)CC2=CC=CC=C2.[Cl-],confirmed_organic,organic_reagent,derived:supplier_platform,,Mojallali Group,Iranian WooCommerce catalogue,product_page_listed_not_current_stock_verified,https://drm-chem.com/en/product/benzethonium-chloride-en/,Benzethonium chloride,cas_pubchem,seed_2026-08-25,2026-08-25,c9933ae855dd93484db4f069864a0ca84283f204afed7a0152a5ec291ee938a1
Betamethasone Sodium Phosphate,betamethasone sodium phosphate,"Betamethasone Sodium Phosphate; betamethasone sodium phosphate; disodium;[2-[(8S,9R,10S,11S,13S,14S,16S,17R)-9-fluoro-11,17-dihydroxy-10,13,16-trimethyl-3-oxo-6,7,8,11,12,14,15,16-octahydrocyclopenta[a]phenanthren-17-yl]-2-oxoethyl] phosphate",,65478,,,PLCQGRYPOISRTQ-LWCNAHDDSA-L,C22H28FNa2O8P,516.4,C[C@H]1C[C@H]2[C@@H]3CCC4=CC(=O)C=C[C@@]4([C@]3([C@H](C[C@@]2([C@]1(C(=O)COP(=O)([O-])[O-])O)C)O)F)C.[Na+].[Na+],confirmed_organic,pharmaceutical_or_api,,,Temad,web_catalogue,listing_evidence_crawled_2026-08-23,https://www.temad.com/product/gliclazide-2/,Betamethasone Sodium Phosphate,ai_resolved+pubchem,seed_2026-08-24 + seed_2026-08-25,2026-08-23,648da25c3c1446d4b8e75589ca3e6e073a1dfca85c2d3a9047b2f16b83ae23a4
Betamethasone Valerate,betamethasone valerate,"Betamethasone Valerate; betamethasone valerate; [(8S,9R,10S,11S,13S,14S,16S,17R)-9-fluoro-11-hydroxy-17-(2-hydroxyacetyl)-10,13,16-trimethyl-3-oxo-6,7,8,11,12,14,15,16-octahydrocyclopenta[a]phenanthren-17-yl] pentanoate",,16533,,,SNHRLVCMMWUAJD-SUYDQAKGSA-N,C27H37FO6,476.6,CCCCC(=O)O[C@@]1([C@H](C[C@@H]2[C@@]1(C[C@@H]([C@]3([C@H]2CCC4=CC(=O)C=C[C@@]43C)F)O)C)C)C(=O)CO,confirmed_organic,pharmaceutical_or_api,,,Temad,web_catalogue,listing_evidence_crawled_2026-08-23,https://www.temad.com/product/hydrocodone-bitartrate-2/,Betamethasone Valerate,ai_resolved+pubchem,seed_2026-08-24 + seed_2026-08-25,2026-08-23,a8772f936c6fedecae401153af3710c3eaff03a50241376d21e2d14aa9c0b1aa
bis((2S)-2-[3-(6-amino-2-oxo-1H-pyrimidin-3-ium-3-yl)propanoylamino]-3-hydroxypropanoate);dihydrate,(II),bis((2S)-2-[3-(6-amino-2-oxo-1H-pyrimidin-3-ium-3-yl)propanoylamino]-3-hydroxypropanoate);dihydrate; (II),7783-85-9,139059712,,,PTPBHZGNAPRFJM-YVXDRTILSA-N,C20H32N8O12,576.5,C1=C(NC(=O)[N+](=C1)CCC(=O)NC(CO)C(=O)[O-])N.C1=C(NC(=O)[N+](=C1)CCC(=O)NC(CO)C(=O)[O-])N.O.O,confirmed_organic,organic_reagent,derived:supplier_platform,,Mojallali Group; ShimiMan,Iranian WooCommerce catalogue,product_page_listed_not_current_stock_verified,https://drm-chem.com/product/ammonium-ironii-sulfate-hexahydrate-laboratory/,آمونیوم آهن(II) سولفات هگزا هیدرات,structured_pubchem,seed_2026-08-25,2026-08-25,f07311672256da6379852cb81265979fd45604c65ef4e9b134698005dc4ec33d
"bis((4S,4aR,5S,5aR,6R,12aR)-4-(dimethylamino)-1,5,10,11,12a-pentahydroxy-6-methyl-3,12-dioxo-4a,5,5a,6-tetrahydro-4H-tetracene-2-carboxamide);ethanol;hydrate;dihydrochloride","bis((4S,4aR,5S,5aR,6R,12aR)-4-(dimethylamino)-1,5,10,11,12a-pentahydroxy-6-methyl-3,12-dioxo-4a,5,5a,6-tetrahydro-4H-tetracene-2-carboxamide);ethanol;hydrate;dihydrochloride",,24390-14-5,54686183,,,UHHHTIKWXBRCLT-VDBOFHIQSA-N,C46H58Cl2N4O18,1025.9,CCO.CC1C2C(C3C(C(=O)C(=C(C3(C(=O)C2=C(C4=C1C=CC=C4O)O)O)O)C(=O)N)N(C)C)O.CC1C2C(C3C(C(=O)C(=C(C3(C(=O)C2=C(C4=C1C=CC=C4O)O)O)O)C(=O)N)N(C)C)O.O.Cl.Cl,confirmed_organic,pharmaceutical_or_api,derived:supplier_platform,,telegram:ATRmedShop,public Telegram (seller_research),product_page_listed_not_current_stock_verified,https://t.me/ATRmedShop/738,Doxycycline hydrochloride | خرید داکسی سایکلین هیدروکلرید | قیمت داکسی سایکلین هیدروکلرید ‌‏⁧ ‌‌‏‌محصولات سیگما اصل را از ما بخواهید. 👇 واردات و فروش مواد شیمیایی سیگما 👇 ‌‌ ‌ ☎️ تلفن: ۰۲۱۶۶۳۶۱۵۴۳-۶۶۳۷۹۰۲۶-۰۲۱ ‌ 📱 موبایل: 09120549893 🌐 لینک محصول : https://atrmed.com/product/doxycycline-hydrochlorid,router_batch+pubchem,seed_2026-08-25,2026-08-25,971e32abc63148ed8653fca0ba5481c72e15419a13013f6d09340805586f083b
bis((Z)-4-hydroxypent-3-en-2-one);oxovanadium,Vanadium(IV) Oxide Acetylacetonate,bis((Z)-4-hydroxypent-3-en-2-one);oxovanadium; Vanadium(IV) Oxide Acetylacetonate,,11821519,,,FSJSYDFBTIVUFD-SUKNRPLKSA-N,C10H16O5V,267.17,C/C(=C/C(=O)C)/O.C/C(=C/C(=O)C)/O.O=[V],confirmed_organic,organic_reagent,,research,Telegram: minatajhiz + t.me/minatajhiz,Iranian supplier Telegram catalogue|telegram,listed_not_current_stock_verified,https://t.me/s/minatajhiz,bis((Z)-4-hydroxypent-3-en-2-one);oxovanadium,existing skill export,live_telegram_listing + seed_2026-08-24 + seed_2026-08-25,2026-08-23,b26fdaff564d424007b2b044e6b0b839e2f4435b67f75ab4560e5d4d76f184eb
"bis(2,5,8,11,18,21,24,27-octaoxatricyclo[26.4.0.012,17]dotriaconta-1(32),12(17),13,15,28,30-hexaen-14-yl)methanone",,,,4407643,,,SRBYLADAHJMEPC-UHFFFAOYSA-N,C49H62O17,923.0,,confirmed_organic,organic_reagent,derived:supplier_platform,industrial,t.me/IranChemicals,telegram,,https://t.me/s/IranChemicals,,seed,live_telegram_listing,2026-08-27,b2e3c15fc468b242d2633244766953985a50b23afa8c97705cb869280b631143
"bis(2-[(1R,2R,3S,4R,5R,6S)-3-(diaminomethylideneamino)-4-[(2R,3R,4R,5S)-3-[(2S,3S,4S,5R,6S)-4,5-dihydroxy-6-(hydroxymethyl)-3-(methylamino)oxan-2-yl]oxy-4-formyl-4-hydroxy-5-methyloxolan-2-yl]oxy-2,5,6-trihydroxycyclohexyl]guanidine);sulfuric acid",Streptomycin Sulfate,"bis(2-[(1R,2R,3S,4R,5R,6S)-3-(diaminomethylideneamino)-4-[(2R,3R,4R,5S)-3-[(2S,3S,4S,5R,6S)-4,5-dihydroxy-6-(hydroxymethyl)-3-(methylamino)oxan-2-yl]oxy-4-formyl-4-hydroxy-5-methyloxolan-2-yl]oxy-2,5,6-trihydroxycyclohexyl]guanidine);sulfuric acid; Streptomycin Sulfate",3810-74-0,19648,,,QTENRWWVYAAPBI-YCRXJPFRSA-N,C42H84N14O36S3,1457.4,C[C@H]1[C@@]([C@H]([C@@H](O1)O[C@@H]2[C@H]([C@@H]([C@H]([C@@H]([C@H]2O)O)N=C(N)N)O)N=C(N)N)O[C@H]3[C@H]([C@@H]([C@H]([C@@H](O3)CO)O)O)NC)(C=O)O.C[C@H]1[C@@]([C@H]([C@@H](O1)O[C@@H]2[C@H]([C@@H]([C@H]([C@@H]([C@H]2O)O)N=C(N)N)O)N=C(N)N)O[C@H]3[C@H]([C@@H]([C@H]([C@@H](O3)CO)O)O)NC)(C=O)O.OS(=O)(=O)O.OS(=O)(=O)O.OS(=O)(=O)O,confirmed_organic,pharmaceutical_or_api,,research,t.me/ATRmedShop + telegram:labshop; telegram:ATRmedShop,Iranian supplier Telegram catalogue|ai_normalized|telegram,listing_evidence_crawled_2026-08-24,https://t.me/ATRmedShop/581,Streptomycin sulfate | استرپتومایسین سولفات مناسب کشت سلول ‌‏⁧ ‌‌‏‌محصولات سیگما اصل را از ما بخواهید. 👇 واردات و فروش مواد شیمیایی سیگما 👇 ‌ ‌ ‌ ☎️ تلفن: ۰۲۱۶۶۳۶۱۵۴۳-۶۶۳۷۹۰۲۶-۰۲۱ ‌ 📱 موبایل: 09120549893 🌐 لینک محصول : https://atrmed.com/product/streptomycin-sulfate/?v=e067b3c6b979 #آثل_طب #مواد_ازم,ai_normalised_listing+pubchem_confirmed,ai_model_fleet + live_telegram_listing + seed_2026-08-24 + seed_2026-08-25,2016-04-26,8bbddf706de8bc7a9c56239f97f65abeab0b6089c4b7175a81acce6bb29a2a47
"bis(2-ethylhexyl) benzene-1,2-dicarboxylate",Di(2-ethylhexyl) phthalate,"bis(2-ethylhexyl) benzene-1,2-dicarboxylate; Di(2-ethylhexyl) phthalate; DOP",117-81-7,8343,,,BJQHLKABXJIVAM-UHFFFAOYSA-N,C24H38O4,390.6,CCCCC(CC)COC(=O)C1=CC=CC=C1C(=O)OCC(CC)CCCC,confirmed_organic,organic_reagent,,industrial,Telegram: jahaneshimicom,Iranian supplier Telegram catalogue,listed_not_current_stock_verified,https://t.me/jahaneshimicom/109,"bis(2-ethylhexyl) benzene-1,2-dicarboxylate",existing skill export,seed_2026-08-24 + seed_2026-08-25,2026-08-23,9927f1ef2a11c3f32d0360f57d1f8b3dec292cf3759ca7c689ba283c24d4c6b7
Bis(2-ethylhexyl) phosphate,Bis(2-ethylhexyl) phosphate,Bis(2-ethylhexyl) phosphate; bis(2-ethylhexyl) hydrogen phosphate,,9275,,,SEGLCEQVOFDUPX-UHFFFAOYSA-N,C16H35O4P,322.42,CCCCC(CC)COP(=O)(O)OCC(CC)CCCC,confirmed_organic,organic_reagent,,research,t.me/minatajhiz + telegram:minatajhiz,telegram|telegram:minatajhiz,telegram_listing_evidence,https://t.me/s/minatajhiz,نام فارسی: بیس 2_ اتیل هگزیل فسفات نام ماده: Bis(2-ethylhexyl) phosphate مختصر: Bis(2-ethylhexyl) phosphate کد محصول مرک: 814181 واردات جدید مرک,structured_pubchem,live_telegram_listing + seed_2026-08-24 + seed_2026-08-25,2026-08-23,bc9868d8986b8bfe8f75c928854ac20e6bfce89e75501a40c2e3fc3b2ff97dd3
"bis(2-methylpropyl) benzene-1,2-dicarboxylate",Diisobutyl phthalate,"bis(2-methylpropyl) benzene-1,2-dicarboxylate; Diisobutyl phthalate",84-69-5,6782,,,MGWAVDBGNNKXQV-UHFFFAOYSA-N,C16H22O4,278.34,CC(C)COC(=O)C1=CC=CC=C1C(=O)OCC(C)C,confirmed_organic,organic_reagent,,industrial,ArChem + Telegram: IranChemicals + https://archemco.com/our-product/plasticizer/diisobutyl-phthalate/ + t.me/IranChemicals,Iranian supplier Telegram catalogue|ai_normalized|live_supplier_catalogue,listed_not_current_stock_verified,https://t.me/IranChemicals/24941,"bis(2-methylpropyl) benzene-1,2-dicarboxylate || diisobutyl phthalate || 🔴 #فروش 

 🔴 با سلام خدمت همکاران عزیز 
مقداری از مواد مازاد مجموعه و دستگاه رو برای فروش گذاشتیم
 
 🔸 هموپلیمر h120 کیمیدار ۴ بشکه
 🔸 DIBPچسب اذر ۶۰ کیلو 
 🔸 Hpmc لندو ۲۲ کیلو 
 🔸 میکسر دو جداره استیل یک تنی دور ثابت",existing skill export,ai_model_fleet + live_web_catalogue + seed_2026-08-24 + seed_2026-08-25,2026-08-23,d6fd0fb5fad6bb982e39ff89f387df90077b721974d4c671d1fe10b0487168a1
bis(4-(methylamino)phenol);sulfuric acid,,,,5930,,,ZVNPWFOVUDMGRP-UHFFFAOYSA-N,C14H20N2O6S,344.39,,confirmed_organic,organic_reagent,derived:supplier_platform,,Shimi Merck,ai_normalized,,https://shimimerck.ir/metol-code-69750.html,metol code,model_fleet+pubchem,ai_model_fleet,2026-08-27,4c526d33c157c90fd2433184ec4a27ea6a121710b004c59fcfe0ead7f45b0f4e
bis(4-anilinobenzenesulfonate);barium(2+),bis(4-anilinobenzenesulfonate);barium(2+),bis(4-anilinobenzenesulfonate);barium(2+),6211-24-1,80342,,,IVCNVXFNTKXMCA-UHFFFAOYSA-L,C24H20BaN2O6S2,633.9,C1=CC=C(C=C1)NC2=CC=C(C=C2)S(=O)(=O)[O-].C1=CC=C(C=C1)NC2=CC=C(C=C2)S(=O)(=O)[O-].[Ba+2],confirmed_organic,organic_reagent,derived:supplier_platform,,Mojallali Group + Shimi Merck,Iranian WooCommerce catalogue|ai_normalized,product_page_listed_not_current_stock_verified,https://shimimerck.ir/barium-diphenylamine-sulfonic-acid.html,Barium diphenylamine sulfonate || barium diphenylamine sulfonic acid,cas_pubchem,ai_model_fleet + seed_2026-08-25,2026-08-25,debfdfc7cd71bbd45231f9cbd2c66fac3b9dcbc09bcc04492cf78075813c694e
bis(4-hydroxyphenyl)methanone,bis(4-hydroxyphenyl)methanone,,611-99-4,69150,,,RXNYJUSEXLAVNQ-UHFFFAOYSA-N,C13H10O3,214.22,C1=CC(=CC=C1C(=O)C2=CC=C(C=C2)O)O,confirmed_organic,organic_reagent,derived:supplier_platform,,telegram:ChemIranSanat,public Telegram (seller_research),product_page_listed_not_current_stock_verified,https://t.me/ChemIranSanat/1873,"Naphthalene-1,4-dicarboxylic acid | 210972 Fluorochem Naphthalene-1,4-dicarboxylic acid 25g 🔜 موجود و آماده تحویل ✅ شیمیران صنعت فقط اصلی ♾ موجودی و تنوع بی نظیر از برندهای معتبر 📱 سفارش کالا 👇 🆔 @ChemIranAdmin 🆔 @ChemIran1",router_batch+pubchem,seed_2026-08-25,2026-08-25,ced4746061501141a667184d3a8cd41bba3aedf466f35afc5d314ed7d2ce6af7
bis(6-methylheptyl)phosphinic acid,,,,13629073,,,GBNVBFGHGMAMDH-UHFFFAOYSA-N,C16H35O2P,290.42,,confirmed_organic,organic_reagent,derived:supplier_platform,,Shimi Merck,ai_normalized,,https://shimimerck.ir/buy-diisooctylthiophosphinic-acid-sigma-aldrich.html,buy diisooctylthiophosphinic acid sigma aldrich,model_fleet+pubchem,ai_model_fleet,2026-08-27,944d3009bf69725276e38b01e8b247ff6d13de9d3812a9408eb6602fddd12bd8
"bis([4-[[4-(dimethylamino)phenyl]-phenylmethylidene]cyclohexa-2,5-dien-1-ylidene]-dimethylazanium);bis(2-hydroxy-2-oxoacetate);oxalic acid",Malachite Green Oxalate,"bis([4-[[4-(dimethylamino)phenyl]-phenylmethylidene]cyclohexa-2,5-dien-1-ylidene]-dimethylazanium);bis(2-hydroxy-2-oxoacetate);oxalic acid; Malachite Green Oxalate",2437-29-8,2724411,,,CNYGFPPAGUCRIC-UHFFFAOYSA-L,C52H54N4O12,927.0,CN(C)C1=CC=C(C=C1)C(=C2C=CC(=[N+](C)C)C=C2)C3=CC=CC=C3.CN(C)C1=CC=C(C=C1)C(=C2C=CC(=[N+](C)C)C=C2)C3=CC=CC=C3.C(=O)(C(=O)O)O.C(=O)(C(=O)[O-])O.C(=O)(C(=O)[O-])O,confirmed_organic,colorant_or_indicator,,research,Fardad Shimi; TamadKala; Mojallali Group; telegram:ATRmedShop + t.me/ATRmedShop,Iranian online lab-chemical shop | Iranian online wholesale/lab shop|ai_normalized|telegram,product_page_listed_not_current_stock_verified,https://t.me/ATRmedShop/688,"اگزالات مالاشیت گرین مرک MERCK | معرف مالاشیت گرین اگزالات دکتر مجللی || مالاشیت گرین اگزالات (C.I. 42000)

‌‏⁧ ‌‌‏‌محصولات مرک المان اصل را از ما بخواهید.

 👇 واردات و فروش مواد شیمیایی سیگما 👇 ‌
‌ 
‌
 ☎️ تلفن: ۰۲۱۶۶۳۶۱۵۴۳-۶۶۳۷۹۰۲۶-۰۲۱
‌
 📱 موبایل: 09120549893

 🌐 لینک محصول :

 https://atrm",router_title_normalization,ai_model_fleet + live_telegram_listing + seed_2026-08-24 + seed_2026-08-25,2026-08-23,ba5826f6b1d13a47e5a3857b859ae4a9c81dc366f5ce505c6c7bbe8d3f909d1b
"bis[(2S,3R,4S,5S,6R)-3,4,5-trihydroxy-6-[[(2R,3R,4S,5S,6R)-3,4,5-trihydroxy-6-(hydroxymethyl)oxan-2-yl]oxymethyl]oxan-2-yl] (2E,4E,6E,8E,10E,12E,14E)-2,6,11,15-tetramethylhexadeca-2,4,6,8,10,12,14-heptaenedioate",,,,5281233,,,SEBIKDIMAPSUBY-RTJKDTQDSA-N,C44H64O24,977.0,,confirmed_organic,organic_reagent,derived:supplier_platform,,Shimi Merck,ai_normalized,,https://shimimerck.ir/crocin-code-17304.html,crocin code,model_fleet+pubchem,ai_model_fleet,2026-08-27,02fb429ef95d7d0670cbd27153307cf56fe4eba76b14c7a51a09149af920f852
bisbenzimide h 33342 trihydrochloride,,,,1464,,,PRDFBSVERLRRMY-UHFFFAOYSA-N,C27H28N6O,452.6,,confirmed_organic,organic_reagent,derived:supplier_platform,Shimi Merck,https://shimimerck.ir/bisbenzimide-h-33342-trihydrochloride.html,live_supplier_catalogue,,2026-08-27,,seed,live_web_catalogue,2026-08-27,23b9aa6f662333399df43d3943b6f12b43402a13aaa917ee46537ea24f67a582
bromobenzene,,,,7961,,,QARVLSVVCXYDNA-UHFFFAOYSA-N,C6H5Br,157.01,,confirmed_organic,organic_reagent,derived:supplier_platform,,Shimi Merck,ai_normalized,,https://shimimerck.ir/buy-bromobenzene.html,buy bromobenzene,model_fleet+pubchem,ai_model_fleet,2026-08-27,7531aed24fc5135316ad7c4545af69ad8cad891f9108131f0b3059a98a584842
bromoethane,Ethyl Bromide,bromoethane; Ethyl Bromide,74-96-4,6332,,,RDHPKYGYEGBMSE-UHFFFAOYSA-N,C2H5Br,108.97,CCBr,confirmed_organic,organic_reagent,,industrial,Telegram: jahaneshimicom + t.me/jahaneshimicom,Iranian supplier Telegram catalogue|ai_normalized,listed_not_current_stock_verified,https://t.me/jahaneshimicom/67,"bromoethane || سلام جسارتا"" اتیل بروماید موجود دارید؟ 09910439838",existing skill export,ai_model_fleet + seed_2026-08-24 + seed_2026-08-25,2026-08-23,457e169c4227b45f15f969d3295e20daeeb30390955afc98e3ec1f7babb65b03
bromorhenium;carbon monoxide,(I),,,6096983,,,NWJBOTGGBYFKEJ-UHFFFAOYSA-M,C5BrO5Re,406.16,,confirmed_organic,organic_reagent,derived:supplier_platform,,ShimiMan,Iranian WooCommerce catalogue,product_page_listed_not_current_stock_verified,https://shimiman.com/product/klryd-i-ms-code-102739-merck/,کلرید (I) مس کد 102739 مرک,structured_pubchem,seed_2026-08-25,2026-08-25,e7e12f18759ea927e7fdf4a258ec6bf9a3bf5614124483e60965ab163029c414
Buprenorphine,Buprenorphine,,,644073,,,RMRJXGBAOAMLHD-IHFGGWKQSA-N,C29H41NO4,467.6,C[C@]([C@H]1C[C@@]23CC[C@@]1([C@H]4[C@@]25CCN([C@@H]3CC6=C5C(=C(C=C6)O)O4)CC7CC7)OC)(C(C)(C)C)O,confirmed_organic,pharmaceutical_or_api,,,Temad,web_catalogue,listing_evidence_crawled_2026-08-23,https://www.temad.com/product/buprenorphine-base/,Buprenorphine Base,ai_resolved+pubchem,seed_2026-08-24 + seed_2026-08-25,2026-08-23,95509f8678ea8ff6b6f1a9fa528c754f53502902ee608b53ddbdbc8161519a3f
Buprenorphine Hydrochloride,Buprenorphine HCL,"Buprenorphine Hydrochloride; Buprenorphine HCL; (1S,2S,6R,14R,15R,16R)-5-(cyclopropylmethyl)-16-[(2S)-2-hydroxy-3,3-dimethylbutan-2-yl]-15-methoxy-13-oxa-5-azahexacyclo[13.2.2.12,8.01,6.02,14.012,20]icosa-8(20),9,11-trien-11-ol;hydrochloride",,3033050,,,UAIXRPCCYXNJMQ-RZIPZOSSSA-N,C29H42ClNO4,504.1,C[C@]([C@H]1C[C@@]23CC[C@@]1([C@H]4[C@@]25CCN([C@@H]3CC6=C5C(=C(C=C6)O)O4)CC7CC7)OC)(C(C)(C)C)O.Cl,confirmed_organic,pharmaceutical_or_api,,,Temad,web_catalogue,listing_evidence_crawled_2026-08-23,https://www.temad.com/product/gemfibrozil-veterinary/,Buprenorphine HCL,pubchem_direct,seed_2026-08-24 + seed_2026-08-25,2026-08-23,bc2148c2c087df4d561ea32db62724bcbc0cdf24d0eee7239134beeb4c739598
"buta-1,3-diene",,,,7845,,,KAKZBPTYRLMSJV-UHFFFAOYSA-N,C4H6,54.09,,confirmed_organic,organic_reagent,derived:supplier_platform,,t.me/IranChemicals,ai_normalized,,https://t.me/IranChemicals/21567,"🟩 #دانستنی ها 
 🟥 ۱۳ اصل اساسی انتخاب رنگ
 🟩 که هرکس باید بداند 

 🟥 بسیاری از ما طراح داخلی نیستیم ، اما مانند یک طراح از اینکه با نور، رنگ و چیدمان سر و کار داشته باشیم، لذت برده و دوست داریم که بتوانیم فضایی دلچسب و ر",model_fleet+pubchem,ai_model_fleet,2026-08-27,abca1dac43b5893e40888649d03b493acfc208c29956f71257c6159fbfa0885f
"buta-1,3-diene;prop-2-enenitrile;styrene",,,,24756,,,XECAHXYUAAWDEL-UHFFFAOYSA-N,C15H17N,211.3,,confirmed_organic,polymer_or_material,derived:supplier_platform,,Karina Polymer,ai_normalized,,https://karinapolymer.com/uz/mahsulot/abs-birikmasi/,abs birikmasi,model_fleet+pubchem,ai_model_fleet,2026-08-27,19d6523f1f9db0f17b0f7f2b2a597ee6de51103d1a00900ffcf9297eef9fbee4
butan-1-amine,n-Butylamine,butan-1-amine; n-Butylamine,109-73-9,8007,,,HQABUPZFAYXKJW-UHFFFAOYSA-N,C4H11N,73.14,CCCCN,confirmed_organic,organic_reagent,,,TamadKala,Iranian online wholesale/lab shop,product_page_listed_not_current_stock_verified,https://tamadkala.com/product/34948/%D8%A7%D9%86-%D8%A8%D9%88%D8%AA%DB%8C%D9%84-%D8%A2%D9%85%DB%8C%D9%86,ان بوتیل آمین,router_title_normalization,seed_2026-08-24 + seed_2026-08-25,2026-08-23,8e077135ae8357496bab42e9deef779eb3a35f2db889b3f342e1b6feee91cf03
butan-1-ol,Butanol,butan-1-ol; Butanol,71-36-3,263,,,LRHPLDYGYMQRHN-UHFFFAOYSA-N,C4H10O,74.12,CCCCO,confirmed_organic,organic_reagent,,research,Fardad Shimi; TamadKala; Mojallali Group; ShimiMan,Iranian online lab-chemical shop | Iranian online wholesale/lab shop,product_page_listed_not_current_stock_verified,https://fardadshimi.com/product/6199290/,1 بوتانول | 1 بوتانول 1051 امرتات شیمی | 1 بوتانول extra pure دکتر مجللی | ... | 1 بوتانول laboratory دکتر مجللی | ... | 1 بوتانول امرتات شیمی گرید for liquid chromatography | 1 بوتانول امرتات شیمی گرید for spectroscopy | 1 بوتانول امرتات شیمی گرید gr for analysis | بوتانول دکتر,router_title_normalization,seed_2026-08-24 + seed_2026-08-25,2026-08-23,79394dc29138b7fe7d2fd492546868177cb6210bebd471f2aabb33a0fedb7ebc
butan-2-ol,2-Butanol,butan-2-ol; 2-Butanol,78-92-2,6568,,,BTANRVKWQNVYAZ-UHFFFAOYSA-N,C4H10O,74.12,CCC(C)O,confirmed_organic,organic_reagent,,research,TamadKala,Iranian online wholesale/lab shop,product_page_listed_not_current_stock_verified,https://tamadkala.com/product/154282/2-%D8%A8%D9%88%D8%AA%D8%A7%D9%86%D9%88%D9%84-%D8%A7%D9%85%D8%B1%D8%AA%D8%A7%D8%AA-%D8%B4%DB%8C%D9%85%DB%8C-extra-pure,2 بوتانول | 2 بوتانول امرتات شیمی extra pure,router_title_normalization,seed_2026-08-24 + seed_2026-08-25,2026-08-23,701717ff246c66e03b936fea92e8a9c44d991c68f49a98c7e68074069431328d
butan-2-one,Methyl ethyl ketone,butan-2-one; Methyl ethyl ketone; MEK,78-93-3,6569,,,ZWEHNKRNPOVVGH-UHFFFAOYSA-N,C4H8O,72.11,CCC(=O)C,confirmed_organic,organic_reagent,,research,Fardad Shimi; TamadKala; Mojallali Group; IR Chem / Pishgaman,Iranian online lab-chemical shop | Iranian online wholesale/lab shop,product_page_listed_not_current_stock_verified,https://fardadshimi.com/product/6199378/,متیل اتیل کتون mek acs دکتر مجللی | متیل اتیل کتون دکتر مجللی,router_title_normalization,seed_2026-08-24 + seed_2026-08-25,2026-08-23,bbf586d086bb3e9db76c12c1581facfad8184dfdb68756fd0791c0b51cef13ca
butane,Butane,,106-97-8,7843,,,IJDNQMDRQITEOD-UHFFFAOYSA-N,C4H10,58.12,CCCC,confirmed_organic,organic_reagent,,,telegram:Boof_company,Iranian supplier Telegram catalogue,listing_evidence_crawled_2026-08-24,https://t.me/Boof_company/61,,ai_normalised_listing+pubchem_confirmed,seed_2026-08-24 + seed_2026-08-25,2026-05-19,e3f093e4ffc7908cf0518e42a640e6c0dbf9ab50c69cda43f9a7c4e8d7dd8e2a
"butane-1,2,3,4-tetracarboxylic acid","1,2,3,4-Butanetetracarboxylic acid","butane-1,2,3,4-tetracarboxylic acid; 1,2,3,4-Butanetetracarboxylic acid; Butanetetracarboxylic acid",,15560,,,GGAUUQHSCNMCAU-UHFFFAOYSA-N,C8H10O8,234.16,C(C(C(CC(=O)O)C(=O)O)C(=O)O)C(=O)O,confirmed_organic,organic_reagent,,research,Telegram: minatajhiz + t.me/minatajhiz,Iranian supplier Telegram catalogue|telegram,listed_not_current_stock_verified,https://t.me/s/minatajhiz,"butane-1,2,3,4-tetracarboxylic acid",existing skill export,live_telegram_listing + seed_2026-08-24 + seed_2026-08-25,2026-08-23,7118654a1a0ad26ad7b84668ce24d2818acc481dbabba52e6184c1c0aa408029
"butane-1,3-diol","1,3-Butanediol","butane-1,3-diol; 1,3-Butanediol",,7896,,,PUPZLCDOIYMWBV-UHFFFAOYSA-N,C4H10O2,90.12,CC(CCO)O,confirmed_organic,organic_reagent,,research,Telegram: minatajhiz + t.me/minatajhiz,Iranian supplier Telegram catalogue|telegram,listed_not_current_stock_verified,https://t.me/s/minatajhiz,"butane-1,3-diol",existing skill export,live_telegram_listing + seed_2026-08-24 + seed_2026-08-25,2026-08-23,d34c6b1912fe4bba22313bdc999e5299d994c334b8775b06cf0d2ca4a4e2d6a3
"butane-1,4-diol","1,4-Butanediol","butane-1,4-diol; 1,4-Butanediol",,8064,,,WERYXYBDKMZEQL-UHFFFAOYSA-N,C4H10O2,90.12,C(CCO)CO,confirmed_organic,organic_reagent,,research,Telegram: minatajhiz + t.me/minatajhiz,Iranian supplier Telegram catalogue|telegram,listed_not_current_stock_verified,https://t.me/s/minatajhiz,"butane-1,4-diol",existing skill export,live_telegram_listing + seed_2026-08-24 + seed_2026-08-25,2026-08-23,15984469a3369edcce3c7118a85220d289d2a4441447a77b98c5de50e1bc0351
"butane-1,4-diol;dimethyl benzene-1,4-dicarboxylate","Butane-1,4-diol; dimethyl benzene-1,4-dicarboxylate",,,93143,,,DHQLHXKTPYFDCS-UHFFFAOYSA-N,C14H20O6,284.30,COC(=O)C1=CC=C(C=C1)C(=O)OC.C(CCO)CO,confirmed_organic,organic_reagent,,,t.me/chemgroup + telegram:chemgroup,Iranian supplier Telegram catalogue|ai_normalized,listing_evidence_crawled_2026-08-24,https://t.me/chemgroup/905,"💡 معرفی پلی بوتیلن ترفتالات

 ✅ این پلیمر مهندسی، پلی استری گرما نرم است که به دلیل دارا بودن وزن مولکولی بالا، استحکام، خصوصیت عایق الکتریکی، کریستالیزه شدن سریع، قالبگیری آسان، قابلیت تقویت شدن با الیاف پشم شیشه، مقاوم",ai_normalised_listing+pubchem_confirmed,ai_model_fleet + seed_2026-08-24 + seed_2026-08-25,2016-01-12,aaf55c66158bb7ca867469739e81eca2e4213309e020f83434ba2cede5bd1e4a
butanedioic acid;bis(1-[4-(2-methoxyethyl)phenoxy]-3-(propan-2-ylamino)propan-2-ol),Metoprolol Succinate,butanedioic acid;bis(1-[4-(2-methoxyethyl)phenoxy]-3-(propan-2-ylamino)propan-2-ol); Metoprolol Succinate,,62937,,,RGHAZVBIOOEVQX-UHFFFAOYSA-N,C34H56N2O10,652.8,CC(C)NCC(COC1=CC=C(C=C1)CCOC)O.CC(C)NCC(COC1=CC=C(C=C1)CCOC)O.C(CC(=O)O)C(=O)O,confirmed_organic,pharmaceutical_or_api,,research,BehChin Chemi Pharmed,Iranian supplier API/intermediate catalogue,supplier_catalogue_listed_not_current_stock_verified,https://www.behchinchemi.ir/en/our-products/active-pharmaceutical-ingredient,Metoprolol Succinate,supplier_table,seed_2026-08-24 + seed_2026-08-25,2026-08-23,bfa8a728fc43a1e22abfc3eec10daf084c12b7b93e83787340a1da3c0ade25cb
butanoic acid,Butyric acid,butanoic acid; Butyric acid,107-92-6,264,,,FERIUCNNQQJTOY-UHFFFAOYSA-N,C4H8O2,88.11,CCCC(=O)O,confirmed_organic,organic_reagent,,research,TamadKala + t.me/ATRmedShop,Iranian online wholesale/lab shop|telegram,product_page_listed_not_current_stock_verified,https://t.me/s/ATRmedShop,بوتانوییک اسید,router_title_normalization,live_telegram_listing + seed_2026-08-24 + seed_2026-08-25,2026-08-23,936d274fee93d717e0f34945dfdc66c377e2d0658b58c2e63277c289925a2762
butyl acetate,Ethyl acetate,butyl acetate; Ethyl acetate,123-86-4,31272,,,DKPFZGUDAPQIHT-UHFFFAOYSA-N,C6H12O2,116.16,CCCCOC(=O)C,confirmed_organic,fragrance_or_aroma,,research,ArChem + DigiShimi; Fardad Shimi; Isatis Shimi; TamadKala; Telegram: IranChemicals; Telegram: chemgroup; Mojallali Group; ShimiMan; IR Chem / Pishgaman + https://archemco.com/2023/09/07/isobutyl-acetate-specifications-and-applications/ + t.,Iranian online chemical shops | Iranian online lab-chemical shop | Iranian online wholesale/lab shop | Iranian supplier ,listed_not_current_stock_verified | product_page_listed_not_current_stock_verified,https://t.me/IranChemicals/28542,Butyl Acetate | butyl acetate | ethyl acetate | اتیل استات | اتیل استات acs دکتر مجللی | ... | اتیل استات extra pure دکتر مجللی | ... | اتیل استات g r a c s پارس شیمی | اتیل استات laboratory دکتر مجللی | ... | اتیل استات u s p extra pure پارس شیمی | اتیل استات دکتر مجللی | اتیل ا || butyl acetate ||,existing skill export | router_title_normalization,ai_model_fleet + live_web_catalogue + seed_2026-08-24 + seed_2026-08-25,2026-08-23,8a53f95d8d1c43d3b858285c15a75afc26073c59e5d6cc912a7e3328a4c8a275
butyl acetate,,,123-86-4,8038,,yes,GJRQTCIYDGXPES-UHFFFAOYSA-N,C6H12O2,116.16,,confirmed_organic,organic_reagent,derived:supplier_platform,ArChem,ArChem + https://archemco.com/our-product/solvent/isobutyl-acetate/,ai_normalized|live_supplier_catalogue,,https://archemco.com/2023/09/07/isobutyl-acetate-specifications-and-applications/,isobutyl acetate specifications and applications,model_fleet+pubchem,ai_model_fleet + live_web_catalogue,2026-08-27,90bb7252b094a20d9105fbd4abfa940e798c161942ccb0b6c1f2261ab9bd29d3
butyl prop-2-enoate,Butyl Acrylate,butyl prop-2-enoate; Butyl Acrylate; butyl acrylate,141-32-2,8846,,,CQEYYJKEWSMYFG-UHFFFAOYSA-N,C7H12O2,128.17,CCCCOC(=O)C=C,confirmed_organic,organic_reagent,,research,Telegram: Boof_company; Telegram: ChemIranSanat; Telegram: IranChemicals; Telegram: Maran_Tejarat_Eshen + t.me/ChemIranSanat + t.me/IranChemicals,Iranian supplier Telegram catalogue|ai_normalized|telegram,listed_not_current_stock_verified,https://t.me/IranChemicals/31331,"butyl prop-2-enoate || 474452 Aldrich 2,2,3,4,4,4-Hexafluorobutyl acrylate 25ML موجود و آماده تحویل 09386489001 @ChemIranAdmin 🆔 @ChemIran1 || 🔴 #فروش 

 بوتیل اکریلات مترون 
بشکه ۱۸۰ کیلویی 
غیر رسمی 
بار اکنون و بار هفته آینده

09123262329",existing skill export,ai_model_fleet + live_telegram_listing + seed_2026-08-24 + seed_2026-08-25,2026-08-23,f173402383afe1f474bc4d720ec2dedd03746693b1c6636046d80ffa183771ae
Butyllithium,Butyllithium,,,53627823,,,MZRVEZGGRBJDDB-UHFFFAOYSA-N,C4H9Li,64.1,[Li].CCC[CH2],confirmed_organic,organic_reagent,,,telegram:minatajhiz,Iranian supplier Telegram catalogue,listing_evidence_crawled_2026-08-24,https://t.me/minatajhiz/664,,ai_normalised_listing+pubchem_confirmed,seed_2026-08-24 + seed_2026-08-25,2019-11-26,7c7521b2f26c5c1dd7b97e0090b378f50d1a9eae8e843d68ed186f6096aa0372
C.I. Basic Brown 1,Bismarck Brown Y,,,13981,,,BDFZFGDTHFGWRQ-UHFFFAOYSA-N,C18H18N8,346.4,C1=CC(=CC(=C1)N=NC2=C(C=C(C=C2)N)N)N=NC3=C(C=C(C=C3)N)N,confirmed_organic,colorant_or_indicator,,,Mojallali Group,web_catalogue,listing_evidence_crawled_2026-08-23,https://drm-chem.com/en/product/bismarck-brown-y-en/,Bismarck Brown Y,pubchem_direct,seed_2026-08-24 + seed_2026-08-25,2026-08-23,525117d67fba5dc89cc17841be24fd9698478d12856a2cc34e4bfbb025af5b2a
C.I. Basic Red 2,Safranine,"C.I. Basic Red 2; Safranine; 3,7-dimethyl-10-phenylphenazin-10-ium-2,8-diamine chloride",477-73-6,2723800,,,OARRHUQTFTUEOS-UHFFFAOYSA-N,C20H19ClN4,350.8,CC1=CC2=C(C=C1N)[N+](=C3C=C(C(=CC3=N2)C)N)C4=CC=CC=C4.[Cl-],confirmed_organic,colorant_or_indicator,,,Mojallali Group,web_catalogue,listing_evidence_crawled_2026-08-23,https://drm-chem.com/en/product/safranine-en/,Safranine,pubchem_direct,seed_2026-08-24 + seed_2026-08-25,2026-08-23,9ded58dd0d5e91c5c8f4809159452cc62d022a6202dd35fbdede60fbb0c8282b
cadmium(2+);bis(octadecanoate),Cadmium stearate,cadmium(2+);bis(octadecanoate); Cadmium stearate,,16681,,,GWOWVOYJLHSRJJ-UHFFFAOYSA-L,C36H70CdO4,679.4,CCCCCCCCCCCCCCCCCC(=O)[O-].CCCCCCCCCCCCCCCCCC(=O)[O-].[Cd+2],confirmed_organic,organic_reagent,,,Fardad Shimi,Iranian online lab-chemical shop,product_page_listed_not_current_stock_verified,,استئارات روی MERCK | ...,router_title_normalization,seed_2026-08-24 + seed_2026-08-25,2026-08-23,b42b27a741ff5bc139f8e5cd6103488706d0afecbe199fe405e7a90680dc962a
calcium 2-(carboxymethyl)-2-hydroxybutanedioate,calcium 2-(carboxymethyl)-2-hydroxybutanedioate,,1185-56-4,189190,,,PFKGDYCESFRMAP-UHFFFAOYSA-L,C6H6CaO7,230.19,C(C(=O)O)C(CC(=O)[O-])(C(=O)[O-])O.[Ca+2],confirmed_organic,organic_reagent,derived:supplier_platform,,telegram:ChemIranSanat,public Telegram (seller_research),product_page_listed_not_current_stock_verified,https://t.me/ChemIranSanat/1852,Vitamin E succinate | 016654 Exir D-alpha-Tocopherol Succinate (Vitamin E succinate) 2g 5g 10g 🔜 موجود و آماده تحویل ✅ شیمیران صنعت فقط اصلی ♾ موجودی و تنوع بی نظیر از برندهای معتبر 📱 سفارش کالا 👇 🆔 @ChemIranAdmin 🆔 @ChemIran1,router_batch+pubchem,seed_2026-08-25,2026-08-25,d697f9bdd50215d7583db1f9cc1be47f4f91d05d7fca69a2b6cd81bad4e7e108
Calcium bicarbonate,Calcium bicarbonate,,,10176262,,,NKWPZUCBCARRDP-UHFFFAOYSA-L,C2H2CaO6,162.11,C(=O)(O)[O-].C(=O)(O)[O-].[Ca+2],confirmed_organic,organic_reagent,,,Fardad Shimi,web_catalogue,listing_evidence_crawled_2026-08-23,https://fardadshimi.com/product/6227857/,6227857,ai_resolved+pubchem,seed_2026-08-24 + seed_2026-08-25,2026-08-23,a7ecde13baba3cfd21250c6fa220a16a6f0d6b71be0573c92afc9b951d14f82f
calcium bis(octadecanoate),Calcium Stearate,calcium bis(octadecanoate); Calcium Stearate; calcium stearate,1592-23-0,15324,,,CJZGTCYPCWQAJB-UHFFFAOYSA-L,C36H70CaO4,607.0,CCCCCCCCCCCCCCCCCC(=O)[O-].CCCCCCCCCCCCCCCCCC(=O)[O-].[Ca+2],confirmed_organic,organic_reagent,,industrial,Telegram: Ch_Chemical_leaders; Telegram: fanchem; IR Chem / Pishgaman + t.me/fanchem,Iranian supplier Telegram catalogue|ai_normalized|telegram,listed_not_current_stock_verified,https://t.me/fanchem/308,calcium bis(octadecanoate) || 🔹 فروش ویژه کلسیم استئارات (Calcium Stearate) در فروشگاه پلی زون! 🔹 کلسیم استئارات یکی از مواد شیمیایی پرکاربرد است که به دلیل ویژگی‌های منحصربه‌فرد خود در صنایع مختلف مورد استفاده قرار می‌گیرد. این ماده به عنوان روان‌کننده، عامل جداکننده و پایدارکننده حرارتی در تولید م,existing skill export,ai_model_fleet + live_telegram_listing + seed_2026-08-24 + seed_2026-08-25,2026-08-23,19a58f6360d8d3a3d603a29fb4a1087dd1ce36ef5d7647152bd44db0ab5aa3fe
Calcium Carbonate,calcium carbonate,Calcium Carbonate; calcium carbonate,471-34-1,10112,,,VTYYLEPIZMXCLO-UHFFFAOYSA-L,CCaO3,100.09,C(=O)([O-])[O-].[Ca+2],confirmed_organic,organic_reagent,,industrial,ChemIranSanat; TamadKala; DigiShimi; Isatis Shimi; Mojallali Group; ShimiMan; IR Chem / Pishgaman; telegram:ATRmedShop; telegram:ChemIranSanat; telegram:chemgroup + Shimi Merck + https://shimimerck.ir/calcium-carbonate-102069-merck.html + t,ai_normalized|live_supplier_catalogue|telegram,listing_evidence_crawled_2026-08-23,https://t.me/IranChemicals/21661,⭕️ استفاده از پوست میگو برای ساخت كیسه‌های پلاستیكی دوستدار طبیعت 🔹 تیمی از محققان دانشگاه ناتینگهام و دانشگاهی در مصر در حال بررسی روشی برای جایگزینی کیسه‌های پلاستیکی با استفاده از پوسته میگو هستند. این جایگزین برای کیسه های پلی‌اتیلن که از سوخت‌های فسیلی بدست می‌آیند، برای محی || calcium carbonat,pubchem_direct,ai_model_fleet + live_telegram_listing + live_web_catalogue + seed_2026-08-24 + seed_2026-08-25,2026-08-23,44a6bb7c12f23c108e31e293faa2189c3a9b0e18ca7e77877d4a77203522f51a
calcium diacetate,Calcium acetate,calcium diacetate; Calcium acetate,,6116,,,VSGNNIFQASZAOI-UHFFFAOYSA-L,C4H6CaO4,158.17,CC(=O)[O-].CC(=O)[O-].[Ca+2],confirmed_organic,organic_reagent,,,Fardad Shimi,Iranian online lab-chemical shop,product_page_listed_not_current_stock_verified,,استات کلسیم ۱ آبه MERCK | ...,router_title_normalization,seed_2026-08-24 + seed_2026-08-25,2026-08-23,8847cde159ced81dc213236fa0f6df1f3975f134a2dd1243f5ac78b33ac976b3
calcium diformate,Calcium formate,calcium diformate; Calcium formate; calcium formate,544-17-2,10997,,,CBOCVOKPQGJKKJ-UHFFFAOYSA-L,C2H2CaO4,130.11,C(=O)[O-].C(=O)[O-].[Ca+2],confirmed_organic,organic_reagent,,industrial,Telegram: Maran_Tejarat_Eshen; Telegram: jahaneshimicom + t.me/jahaneshimicom,Iranian supplier Telegram catalogue|telegram,listed_not_current_stock_verified,https://t.me/s/jahaneshimicom,calcium diformate || سلام کلسیم فرمات نیاز داریم 09121850567,existing skill export,live_telegram_listing + seed_2026-08-24 + seed_2026-08-25,2026-08-23,ac490a232a9d2a08ac6aae2b89eca5f80f5fd1369104ee7e064c7f74e05eb04f
calcium propanoate,Calcium Propionate,calcium propanoate; Calcium Propionate,4075-81-4,19999,,,BCZXFFBUYPCTSJ-UHFFFAOYSA-L,C6H10CaO4,186.22,CCC(=O)[O-].CCC(=O)[O-].[Ca+2],confirmed_organic,organic_reagent,,,DigiShimi,Iranian online chemical shops,product_page_listed_not_current_stock_verified,https://digishimii.ir/Product/%d9%be%d8%b1%d9%88%d9%be%db%8c%d9%88%d9%86%d8%a7%d8%aa-%da%a9%d9%84%d8%b3%db%8c%d9%85/,پروپیونات کلسیم,router_title_normalization,seed_2026-08-24 + seed_2026-08-25,2026-08-23,f154544b059c4643f6d7cdf8156a7d61731a47d092c265d12bf46462ccd82570
carbamoylurea,carbamoylurea,carbamoylurea,108-19-0,7913,,,OHJMTUPIZMNBFR-UHFFFAOYSA-N,C2H5N3O2,103.08,C(=O)(N)NC(=O)N,confirmed_organic,organic_reagent,derived:supplier_platform,,Mojallali Group,Iranian WooCommerce catalogue,product_page_listed_not_current_stock_verified,https://drm-chem.com/en/product/biuret-lab-en/,BIURET,cas_pubchem,seed_2026-08-25,2026-08-25,31119cb64ec0bbd1a852318abea6d0ad016718f5dee40d269eecfde8337540bd
carbane,Carbon-14,,14762-75-5,26873,,,VNWKTOKETHGBQD-NJFSPNSNSA-N,CH4,18.035,[14CH4],confirmed_organic,organic_reagent,,,t.me/IranChemicals + telegram:IranChemicals,Iranian supplier Telegram catalogue|ai_normalized,listing_evidence_crawled_2026-08-24,https://t.me/IranChemicals/26137,"🟢 #دانستنی ها ؛ #نانو_فناوری 
 🍀 #محیط_زیست ؛ مدیریت #پسماند 


 🟥 باتری های الماسی یا کربن ۱۴ 


 🟢 یکبار شارژ و قرن ها بازدهی با باطری های شگفت انگیز الماسی 

 ✅ #کربن_۱۴ 
 ✅ با ۲۸.۰۰۰ سال عمر باتری 
 ✅ غلاف الماس و تی",ai_normalised_listing+pubchem_confirmed,ai_model_fleet + seed_2026-08-24 + seed_2026-08-25,2025-04-14,bccc78dd773cc58a9c23701e6ff8b722b2a6150a121e4bff5bfabd2e697ff349
carbon dioxide,CO2,carbon dioxide; CO2; co2,,280,,,CURLTUGMZLYLDI-UHFFFAOYSA-N,CO2,44.009,C(=O)=O,confirmed_organic,organic_reagent,derived:supplier_platform,,t.me/IranChemicals + telegram:ChemIranSanat; TamadKala,ai_normalized|public Telegram (seller_research),product_page_listed_not_current_stock_verified,https://t.me/IranChemicals/31073,"اتم به اتم با جدول تناوبی  92. اورانیوم  اورانیوم به عنوان سوخت در نیروگاه های هسته ای به کار می رود. چگالی انرژی اورانیوم بسیار زیاد است، یک کیلوگرم اورانیوم به اندازه 1.5 میلیون کیلوگرم زغال سنگ انرژی تولید می کند. همچنین CO2 که زغال سنگ ایجاد می کند، آزاد… || 🔴 #تازه ها

 🟩 طرح های خلاقانه برای م",structured_pubchem,ai_model_fleet + seed_2026-08-25,2026-08-25,58734cbf65118249f646d6ed853b2fcd744ef50a31d7e660f8240eff34635a62
carbonyl dichloride,,,,6371,,,YGYAWVDWMABLBF-UHFFFAOYSA-N,CCl2O,98.91,,confirmed_organic,organic_reagent,derived:supplier_platform,,t.me/chemgroup,ai_normalized,,https://t.me/chemgroup/912,"☠ دی‌فسژن Diphosgene

دی‌فسژن با فرمول شیمیایی C۲Cl۴O۲ یک ترکیب شیمیایی است. که جرم مولی آن ۱۹۷٫۸۲ g/mol می‌باشد. دی‌فسژن سمیت قابل ملاحظه ای دارد و در دمای اتاق مایع است.


 ☠ فسژن Phosgene

فسژن با فرمول شیمیایی CCl2O",model_fleet+pubchem,ai_model_fleet,2026-08-27,cc5cf3cd1f1ca3ed3d272c4309468e6b4e18efb3d581065e96f9229049003749
carboxymethyl(trimethyl)azanium chloride,,,,11545,,,HOPSCVCBEOCPJZ-UHFFFAOYSA-N,C5H12ClNO2,153.61,,confirmed_organic,pharmaceutical_or_api,derived:supplier_platform,,t.me/ATRmedShop,ai_normalized,,https://t.me/ATRmedShop/830,"بتائین هیدروکلراید 
بتائین در شیمی یک ترکیب شیمیایی خنثی با یک گروه عاملی کاتیونی با بار مثبت است، مانند کاتیون آمونیوم یا فسفونیوم چهارتایی (به‌طورکلی: یون‌های یونیوم) که فاقد اتم هیدروژن است که یک گروه عاملی با بار منف",model_fleet+pubchem,ai_model_fleet,2026-08-27,a020eea2e8d400d34b8b2ee1f780ea17775f073225465dd3f950d15db416e775
CAS ,,PTF,,13016,,,OFQPKKGMNWASPN-UHFFFAOYSA-N,C8H10S,138.23,,confirmed_organic,organic_reagent,derived:supplier_platform,,,,,t.me/IranChemicals,,ai_verified,seed_2026-08-24,2026-08-27,8f455a0990c0afd6a8d96e4d178703093417099ec20e7886a8fac32ac8ab338e
CAS ,,Resin,,133110026,,,SPCXZDDGSGTVAW-GXWLMAPZSA-N,C15H24,204.35,,confirmed_organic,organic_reagent,derived:supplier_platform,,,,,t.me/IranChemicals,,ai_verified,seed_2026-08-24,2026-08-27,aafe29590ba190f8976717e22ebfd2295c27fa7c54ddde4275b8f14729e39979
CAS ,,ribonucleic acid,,162394059,,,XKEQVRGRWUKTIZ-OLTBZPFJSA-N,C121H179N11O45,2507.8,,confirmed_organic,organic_reagent,derived:supplier_platform,,,,,t.me/LabTel,,ai_verified,seed_2026-08-24,2026-08-27,46f0217c961ad99c35227ee54061f70c2b3ff91a100f07ce40c977905c73d669
CAS ,,Captagon,,19527,,,NMCHYWGKBADVMK-UHFFFAOYSA-N,C18H23N5O2,341.4,,confirmed_organic,organic_reagent,derived:supplier_platform,,,,,t.me/IranChemicals,,ai_verified,seed_2026-08-24,2026-08-27,df5d9776cd0465b6d672c3d878898de279755910813557e54914523f2f1f6590
CAS ,,stearate,,3033836,,,QIQXTHQIDYTFRH-UHFFFAOYSA-M,C18H35O2-,283.5,,confirmed_organic,organic_reagent,derived:supplier_platform,,,,,t.me/fanchem,,ai_verified,seed_2026-08-24,2026-08-27,643d6b8a1276695778b1acc1de73822d6c19a55e0844aa8fc051def75b617db0
CAS ,,TNF alpha,,44356648,,,MZOFCQQQCNRIBI-VMXHOPILSA-N,C27H50N10O10,674.7,,confirmed_organic,organic_reagent,derived:supplier_platform,,t.me/ChemIranSanat,ai_normalized,,https://t.me/ChemIranSanat/247,"کیت TNF ALPHA موجود و آماده تحویل

 🆔 @ChemIran1",ai_verified,seed_2026-08-25 | ai_model_fleet,2026-08-27,23489a5efc8327eed3598303d3cefde7d74f823fe104b5977146f1a64581542f
CAS ,,Cardura,,62978,,,VJECBOKJABCYMF-UHFFFAOYSA-N,C24H29N5O8S,547.6,,confirmed_organic,organic_reagent,derived:supplier_platform,,,,,t.me/Maran_Tejarat_Eshen,,ai_verified,seed_2026-08-24,2026-08-27,c7547bce3d3839d35fd284c916350bc3d398ef2a274bf3730b752346df9829e6
CAS ,,wax,,6485064,,,RFFVEVKGZGRRCP-UHFFFAOYSA-N,C11H14N2O2,206.24,,confirmed_organic,organic_reagent,derived:supplier_platform,,,,,t.me/IranChemicals,,ai_verified,seed_2026-08-24,2026-08-27,1ad2d18fc16d91b8ad60ac30341c828b619c26279f65ad52bd20a84644fb89e5
CAS ,,natural latex,,6557,,,RRHGJUQNOFWUDK-UHFFFAOYSA-N,C5H8,68.12,,confirmed_organic,organic_reagent,derived:supplier_platform,,,,,t.me/IranChemicals,,ai_verified,seed_2026-08-24,2026-08-27,0df76c6e927be59835a88637a37f4bba1792e38e1326602b42d8b1175de9d707
CAS ,,Potassium cyanide,,9032,,,NNFCIKHAZHQZJG-UHFFFAOYSA-N,CKN,65.116,,confirmed_organic,organic_reagent,derived:supplier_platform,Shimi Merck,Shimi Merck + https://shimimerck.ir/potassium-cyanide.html,ai_normalized|live_supplier_catalogue,,https://shimimerck.ir/potassium-cyanide.html,potassium cyanide,ai_verified,seed_2026-08-25 | ai_model_fleet,2026-08-27,01e30d9b96f4fb62038e92609a82e6a2cf766c6cd4f54c4314180c8991e579aa
CAS 100-79-8,,4-Aminopyridine,100-79-8,7528,,,RNVYQYLELCKWAN-UHFFFAOYSA-N,C6H12O3,132.16,,confirmed_organic,organic_reagent,derived:supplier_platform,,,,,https://t.me/ChemIranSanat/69,"4-Aminopyridine, 98%, 100g واردات جدید از اکروس ✔ این محصول خرده فروشی نیز دارد. تماس با ادمین @ChemIranAdmin 🆔 @ChemIran1",seed,seed_2026-08-24,2026-08-27,54df4156073596e52e0f66849a9614c1b93d1e06393d2bc6f943f9dc78cf692c
CAS 1002-43-3,,3-Aminopyridine,1002-43-3,13845,,,HTZWVZNRDDOFEI-UHFFFAOYSA-N,C12H26,170.33,,confirmed_organic,organic_reagent,derived:supplier_platform,,,,,https://t.me/minatajhiz/998,3-آمینو پیریدین 3-Aminopyridine کد محصول مرک: 801110 واردات جدید مرک,seed,seed_2026-08-24,2026-08-27,9ef820c7555450434b237dff9ad10e1a150a3d0b17f6f3e8a4929cf868ec7163
CAS 10049-37-3,,CAS 10049-37-3,10049-37-3,,,,,,,,confirmed_organic,organic_reagent,derived:supplier_platform,,,,,,,seed,seed_2026-08-24,2026-08-27,565d240f5343e625ae579a4d45a770f1f02c6368b5ed4d06da4fbe6f47c28866
CAS 107673-44-9,,CAS 107673-44-9,107673-44-9,,,,,,,,confirmed_organic,organic_reagent,derived:supplier_platform,,,,,,,seed,seed_2026-08-24,2026-08-27,565d240f5343e625ae579a4d45a770f1f02c6368b5ed4d06da4fbe6f47c28866
CAS 108-05-4,,vinyl acetate,108-05-4,,,,,,,,confirmed_organic,organic_reagent,derived:supplier_platform,,,,,,,seed,seed_2026-08-24,2026-08-27,565d240f5343e625ae579a4d45a770f1f02c6368b5ed4d06da4fbe6f47c28866
CAS 109-63-7,,boron trifluoride diethyl ether complex,109-63-7,8000,517922,,KZMGYPLQYOPHEL-UHFFFAOYSA-N,C4H10BF3O,141.93,,confirmed_organic,organic_reagent,derived:supplier_platform,,t.me/ATRmedShop,ai_normalized,,https://t.me/ATRmedShop/428,بورن تری فلوراید دی اتیل اتر Boron trifluoride-diethyl ether complex کد محصول مرک: 801647 واردات جدید سیگما آلدریچ,seed,ai_model_fleet + seed_2026-08-24,2026-08-27,fab114e36e930c5b7be3663579834615ade368c5d737799e18512836cb9ba1a1
CAS 11099-07-3,,Glyceryl Monostearate,11099-07-3,93066,,,CKQVRZJOMJRTOY-UHFFFAOYSA-N,C21H44O5,376.6,,confirmed_organic,organic_reagent,derived:supplier_platform,,,,,t.me/Ch_Chemical_leaders,,ai_verified,seed_2026-08-24,2026-08-27,5d7f364fcb7377d527c9ef919f3869b90cfbdb51ff9f7d834391e5dae80239ba
CAS 111-40-0,,,111-40-0,,,,,,,,confirmed_organic,organic_reagent,derived:supplier_platform,,,,,https://t.me/minatajhiz/976,"نام فارسی: دی اتیلن تری آمین نام ماده: Diethylenetriamine کد محصول مرک: 803274 اسم دوم: 2,2-Iminobis (ethylamine), Bis(2-aminoethyl)amine, 2,2-Diaminodiethylamine فرمول: C4H13N3 C A S NUMBER: 111-40-0",live,seed_2026-08-24,2026-08-27,240ffc3837fe3bc4afd0b197e80d761c0dae98b1a08913c27324171ee398e56f
CAS 112-00-5,,Hexadecyltrimethylammonium chloride,112-00-5,8152,,,DDXLVDQZPFLQMZ-UHFFFAOYSA-M,C15H34ClN,263.89,,confirmed_organic,organic_reagent,derived:supplier_platform,,,,,t.me/minatajhiz,,ai_verified,seed_2026-08-24,2026-08-27,c4ea9b091151ac79b443e8516f40728cf05f7222294d7fa78c5d6815cd2e78c3
CAS 112264-85-4,,CAS 112264-85-4,112264-85-4,,,,,,,,confirmed_organic,organic_reagent,derived:supplier_platform,,,,,,,seed,seed_2026-08-24,2026-08-27,565d240f5343e625ae579a4d45a770f1f02c6368b5ed4d06da4fbe6f47c28866
CAS 1162-65-8,,Aflatoxin B1,1162-65-8,186907,,,OQIQSTLJSLGHID-WNWIJWBNSA-N,C17H12O6,312.27,,confirmed_organic,organic_reagent,derived:supplier_platform,,Shimi Merck,ai_normalized,,https://shimimerck.ir/aflatoxin-b1-code-a6636.html,aflatoxin b1 code a6636,ai_verified,seed_2026-08-25 | ai_model_fleet,2026-08-27,91b154d28ebe6d29bf0f8c6af90cddb64cf2dd1abb72c19c6934a6116b65c05c
CAS 118-47-8,,Isatoic anhydride,118-47-8,67045,,,TYCNXOAPQGVAQU-UHFFFAOYSA-N,C10H8N2O6S,284.25,,confirmed_organic,organic_reagent,derived:supplier_platform,,,,,t.me/ChemIranSanat,,ai_verified,seed_2026-08-24,2026-08-27,ade89769de3823cefe84616422606050a90573205228c6d3c243298fdec0f57d
CAS 1185-55-3,,,1185-55-3,,,,,,,,confirmed_organic,organic_reagent,derived:supplier_platform,,,,,https://t.me/minatajhiz/12,Trimethoxymethylsilane Furmola:C4H12O3Si Molar mass: 136.22 Cas number:1185-55-3 Merck @minatajhiz,live,seed_2026-08-24,2026-08-27,ed54f7b2fa5e26317669b445667ff08cdd9c146f5cc2f868b6a6516e8ca4e4dc
CAS 1197-19-9,,4-Aminophenylacetic acid,1197-19-9,70967,,,JYMNQRQQBJIMCV-UHFFFAOYSA-N,C9H10N2,146.19,,confirmed_organic,organic_reagent,derived:supplier_platform,,,,,https://t.me/minatajhiz/1034,4-آمینو فنیل استیک اسید 4-Aminophenylacetic acid کد محصول مرک: 800422 واردات جدید مرک,seed,seed_2026-08-24,2026-08-27,1fd06d9b5f115f8e20af799d467509b0c059a9d39dadbd637b06c22a355817d7
CAS 1302-78-9,,CAS 1302-78-9,1302-78-9,,,,,,,,confirmed_organic,organic_reagent,derived:supplier_platform,,,,,,,seed,seed_2026-08-24,2026-08-27,565d240f5343e625ae579a4d45a770f1f02c6368b5ed4d06da4fbe6f47c28866
CAS 1310-69-6,,CAS 1310-69-6,1310-69-6,,,,,,,,confirmed_organic,organic_reagent,derived:supplier_platform,,,,,,,seed,seed_2026-08-24,2026-08-27,565d240f5343e625ae579a4d45a770f1f02c6368b5ed4d06da4fbe6f47c28866
CAS 132-22-9,,Papanicolaou stain,132-22-9,2725,,,SOYKEARSMXGVTM-UHFFFAOYSA-N,C16H19ClN2,274.79,,confirmed_organic,organic_reagent,derived:supplier_platform,,,,,t.me/LabTel,,ai_verified,seed_2026-08-24,2026-08-27,1f1fc830db1702ff8375a6de2ce75872a729c4334e7fc87e63dd18aa6bd1033d
CAS 132-57-0,,Papanicolaou stain,132-57-0,67237,,,HUYJTJXLNBOVFO-UHFFFAOYSA-N,C10H8O4S,224.23,,confirmed_organic,organic_reagent,derived:supplier_platform,,,,,t.me/LabTel,,ai_verified,seed_2026-08-24,2026-08-27,453c3fb46f4086b7d164fe11ff5413eb5b10d6e0bf3c9d4db127f716a19c073b
CAS 1330-20-7,,xylene,1330-20-7,,,,,,,,confirmed_organic,organic_reagent,derived:supplier_platform,,,,,https://t.me/labshop/81,Xylene extra pure 5liter 140000t,seed,seed_2026-08-24,2026-08-27,0e511649f4d9c273b92c0d2c44867018ed44ae486f4d8a50681db82fc3321a69
CAS 1332-58-7,,CAS 1332-58-7,1332-58-7,,,,,,,,confirmed_organic,organic_reagent,derived:supplier_platform,,,,,,,seed,seed_2026-08-24,2026-08-27,565d240f5343e625ae579a4d45a770f1f02c6368b5ed4d06da4fbe6f47c28866
CAS 13463-67-7,,titanium dioxide,13463-67-7,,,,,,,,confirmed_organic,organic_reagent,derived:supplier_platform,,,,,,,seed,seed_2026-08-24,2026-08-27,565d240f5343e625ae579a4d45a770f1f02c6368b5ed4d06da4fbe6f47c28866
CAS 1406-16-2,,CAS 1406-16-2,1406-16-2,,,,,,,,confirmed_organic,organic_reagent,derived:supplier_platform,,,,,,,seed,seed_2026-08-24,2026-08-27,565d240f5343e625ae579a4d45a770f1f02c6368b5ed4d06da4fbe6f47c28866
CAS 141-78-6,,ethyl acetate,141-78-6,,,,,,,,confirmed_organic,organic_reagent,derived:supplier_platform,,,,,,,seed,seed_2026-08-24,2026-08-27,565d240f5343e625ae579a4d45a770f1f02c6368b5ed4d06da4fbe6f47c28866
CAS 144-62-7,,oxalic acid,144-62-7,,,,,,,,confirmed_organic,organic_reagent,derived:supplier_platform,,,,,,,seed,seed_2026-08-24,2026-08-27,565d240f5343e625ae579a4d45a770f1f02c6368b5ed4d06da4fbe6f47c28866
CAS 149-44-0,,Sodium Formaldehyde Sulfoxylate,149-44-0,24181102,,,SAJLIOLJORWJIO-UHFFFAOYSA-N,CH4NaO3S,119.10,,confirmed_organic,organic_reagent,derived:supplier_platform,,,,,https://t.me/Boof_company/66,🔰 محصول سدیم فرمالدهید سولفوکسیلات - Sodium Formaldehyde Sulfoxylate ‌ ➖️ نام علمی : Sodium Formaldehyde Sulfoxylate (سدیم فرمالدهید سولفوکسیلات) ➖️ نام تجاری : انالایت (Enalite) ➖️ فرمول شیمیایی : NaHSO₂.CH₂O.2H₂O ➖️ ماده پایه : هیدروکسی متان سولفینات سدیم ➖️ کشور : هند (India) ➖️ وزن بشکه : 200 کی,seed,seed_2026-08-24,2026-08-27,ba74a50f216be0f4a5c1f73a5aca54bffdcd28a50f6980bee7602f7009ecb31b
CAS 1533-45-5,,"2,2'-(2,5-thiophenediyl)bis(5-tert-butylbenzoxazole) (Optical Brightener OB-1)",1533-45-5,73744,,,ORACIQIJMCYPHQ-UHFFFAOYSA-N,C28H18N2O2,414.5,,confirmed_organic,organic_reagent,derived:supplier_platform,,,,,https://t.me/Ch_Chemical_leaders/155,#تبلیغات ✨ افزایش درخشندگی، کاهش زردی و بهبود کیفیت ظاهری با اپتیکال برایتنر OB1! 🔬 روشن‌کننده نوری با خلوص بالا برای تولیداتی متمایز و حرفه‌ای ✅ اگر به دنبال کاهش زردی در PVC، ABS، پلی‌استایرن و سایر پلیمرها هستید، OB1 انتخابی دقیق و اثربخش است. 💡 مقاوم در برابر حرارت، دارای پخش‌پذیری عالی و کاملاً,seed,seed_2026-08-24,2026-08-27,9b74b4cb87e11a482492e5339944ddf349aa3214da65bda4f2c0054fb7b15f64
CAS 16455-61-1,,EDDHA ferric,16455-61-1,56846438,,,TXJTUGACWVICPL-UHFFFAOYSA-M,C18H19FeN2NaO6,438.2,,confirmed_organic,organic_reagent,derived:supplier_platform,,,,,t.me/jahaneshimicom,,ai_verified,seed_2026-08-24,2026-08-27,6abee42f5e56bfb04d76c660206cc32102b6a789b920b626fc5d767bfa72822e
CAS 1663-39-4,,tert-Butyl acrylate,1663-39-4,15458,,,ISXSCDLOGDJUNJ-UHFFFAOYSA-N,C7H12O2,128.17,,confirmed_organic,organic_reagent,derived:supplier_platform,,,,,https://t.me/ChemIranSanat/1945,"L17169 Alfa Aesar tert-Butyl acrylate, 99%, stab. with 15ppm 4-methoxyphenol 100ml 🔜 موجود و آماده تحویل ✅ شیمیران صنعت فقط اصلی ♾ موجودی و تنوع بی نظیر از برندهای معتبر 📦 ارسال رایگان 📱 سفارش کالا 👇 📞 0938-648-9001 🆔 @ChemIranAdmin 🆔 @ChemIran1",seed,seed_2026-08-24,2026-08-27,c28ed537021db120eeec1b0d83d67ce3ee22c07e27861cbd0da8bfb01493ce68
CAS 23214-92-8,,Doxorubicin,23214-92-8,31703,,,AOJJSUZBOXZQNB-TZSSRYMLSA-N,C27H29NO11,543.5,,confirmed_organic,organic_reagent,derived:supplier_platform,,,,,t.me/IranChemicals,,ai_verified,seed_2026-08-24,2026-08-27,a63fe826091678c325fcb3791d58fc34bb459acb3bfff55244b2ddf1db44fc72
CAS 25038-54-4,,CAS 25038-54-4,25038-54-4,,,,,,,,confirmed_organic,organic_reagent,derived:supplier_platform,,,,,,,seed,seed_2026-08-24,2026-08-27,565d240f5343e625ae579a4d45a770f1f02c6368b5ed4d06da4fbe6f47c28866
CAS 25038-59-9,,CAS 25038-59-9,25038-59-9,,,,,,,,confirmed_organic,organic_reagent,derived:supplier_platform,,,,,,,seed,seed_2026-08-24,2026-08-27,565d240f5343e625ae579a4d45a770f1f02c6368b5ed4d06da4fbe6f47c28866
CAS 25231-38-3,,polyoxymethylene,25231-38-3,12345,,,BPGDAMSIGCZZLK-UHFFFAOYSA-N,C5H8O4,132.11,,confirmed_organic,organic_reagent,derived:supplier_platform,,,,,t.me/Maran_Tejarat_Eshen,,ai_verified,seed_2026-08-24,2026-08-27,98449e93b05625649b6ae8c8872e63dcd935827243fc6d32ad157e136d25bde4
CAS 26761-45-5,,Cardura E-10P,26761-45-5,33600,,,QQWAKSKPSOFJFF-UHFFFAOYSA-N,C13H24O3,228.33,,confirmed_organic,organic_reagent,derived:supplier_platform,,,,,t.me/Maran_Tejarat_Eshen,,ai_verified,seed_2026-08-24,2026-08-27,6900b09085d8f61fcfd6c9d35aecd7e679570defe26407c66550c6855376df2a
CAS 28553-12-0,,diisononyl phthalate,28553-12-0,590836,,,HBGGXOJOCNVPFY-UHFFFAOYSA-N,C26H42O4,418.6,,confirmed_organic,organic_reagent,derived:supplier_platform,,t.me/jahaneshimicom,ai_normalized,,https://t.me/jahaneshimicom/57,سلام یک بشکه روغن DOP برای رنگ زیره کفش نیاز داریم 09191138854,ai_verified,seed_2026-08-25 | ai_model_fleet,2026-08-27,2c778d6d331d409860a1174b20f9dfd072adde19e8bb7c6b8890651f28b9bdc3
CAS 288-88-0,,,288-88-0,,,,,,,,confirmed_organic,organic_reagent,derived:supplier_platform,,,,,https://t.me/minatajhiz/984,"نام فارسی: 1و2و4 تریازول نام ماده: 1,2,4-Triazole کد محصول مرک: 808388 فرمول: C2H3N3 C A S NUMBER: 288-88-0 مولار: 69.07 g/mol نقطه جوش: 259 - 261 °C (1013 hPa) واردات جدید مرک",live,seed_2026-08-24,2026-08-27,ad2ee4c34058ae63951aea761fba07a45118e0516da5486a07d9409897944477
CAS 2943-75-1,,,2943-75-1,,,,,,,,confirmed_organic,organic_reagent,derived:supplier_platform,,,,,https://t.me/minatajhiz/791,"Triethoxyoctylsilane for synthesis Synonym: Triethoxyoctylsilane, n-Octyltriethoxysilane CAS Number 2943-75-1 Formula C14H32O3S MERCK",live,seed_2026-08-24,2026-08-27,25d873a56ad7e838f8bd9b21e3114e7c2c0a5e01b22ea812e703cb6b6ace3870
CAS 303-98-0,,Coenzyme Q10,303-98-0,5281915,,,ACTIUHUUMQJHFO-UPTCCGCDSA-N,C59H90O4,863.3,,confirmed_organic,organic_reagent,derived:supplier_platform,,,,,t.me/IranChemicals,,ai_verified,seed_2026-08-24,2026-08-27,7e406f19b6d63693ac85d38169bceab98a0044bec1d31a7da430c0c8aa772869
CAS 31570-04-4,,"tris(2,4-di-tert-butylphenyl) phosphite (antioxidant 168) | Tris(2,4-di-tert-butylphenyl) phosphite",31570-04-4,91601,,,JKIJEFPNVSHHEI-UHFFFAOYSA-N,C42H63O3P,646.9,,confirmed_organic,organic_reagent,derived:supplier_platform,,t.me/Ch_Chemical_leaders,ai_normalized,,https://t.me/Ch_Chemical_leaders/63,". فروش آنتی اکسیدان 168 از پلی زون فروشگاه مواد شیمیایی آزمایشگاهی و صنعتی برای دریافت مشاوره و همچنین خرید محصولاتتان میتوانید با ما در ارتباط باشید https://polyzone.ir info@polyzone.ir 021-66902820 || .
فروش آنتی اکسیدان 168 از پلی زون فروشگاه مواد شیمیایی آزمایشگاهی و صنعتی 

برای دریافت مشاوره و",ai_verified,seed_2026-08-25 | ai_model_fleet,2026-08-27,29142dbcde0942c5b239a76005f6d14008cb054866f9f154311bcec2f7ed8e3c
CAS 39924-52-2,,,39924-52-2,,,,,,,,confirmed_organic,organic_reagent,derived:supplier_platform,,,,,https://t.me/minatajhiz/78,ماده شیمیایی متیل جاسمونات از محصولات کمپانی سیگما آلدریچ می باشد که از واردات جدید شرکت مینا تجهیز آریا می باشد. cas: 39924-52-2 با خلوص 95% @minatajhiz_aria,live,seed_2026-08-24,2026-08-27,5c118aaa812bef0f875da35e7772526fb348e8f1c4ddb2bb40f39bc144856497
CAS 409-21-2,,Silicon Carbide,409-21-2,9863,,,HBMJWWWQQXIZIP-UHFFFAOYSA-N,CSi,40.096,,confirmed_organic,organic_reagent,derived:supplier_platform,,,,,t.me/IranChemicals,,ai_verified,seed_2026-08-24,2026-08-27,6513b8e8afb13104f1a20a208d8da85b0b03933f03ec5f8a96e8b9d4112805a5
CAS 4151-51-3,,Iron(III) thiocyanate,4151-51-3,77798,,,KGLSETWPYVUTQX-UHFFFAOYSA-N,C21H12N3O6PS,465.4,,confirmed_organic,organic_reagent,derived:supplier_platform,,,,,t.me/chemgroup,,ai_verified,seed_2026-08-24,2026-08-27,ec8f6283020e8249cdf96b2d8979669ba7f563d2e657d9be0a1ddb95609167d9
CAS 471-34-1,,calcium carbonate,471-34-1,,,,,,,,confirmed_organic,organic_reagent,derived:supplier_platform,,,,,,,seed,seed_2026-08-24,2026-08-27,565d240f5343e625ae579a4d45a770f1f02c6368b5ed4d06da4fbe6f47c28866
CAS 51000-52-3,,VeoVa 10,51000-52-3,65294,,,ZHXNRJQVYHYIMK-UHFFFAOYSA-N,C12H22O2,198.30,,confirmed_organic,organic_reagent,derived:supplier_platform,,,,,https://t.me/Maran_Tejarat_Eshen/640,#VEOVA ™ 10 به‌عنوان یک کومونومر اصلاح‌کننده، خواص پلیمرهای وینیل استات و اکریلیک را به‌طور چشمگیری بهبود می‌بخشد. این مونومر در رنگ‌ها، چسب‌ها، پوشش‌های صنعتی و مصالح ساختمانی کاربرد گسترده دارد و به‌دلیل پایداری شیمیایی و مقاومت در برابر آبوهوا، گزینه‌ای ایده‌آل برای محصولات بادوام است. #ماران_تجا,seed,seed_2026-08-24,2026-08-27,313b58472ecc0c572d52c3a802e04dedf3d586597932eb9ebaea751bd8b5f7f3
CAS 54-85-3,,isoniazid,54-85-3,3767,,,QRXWMOHMRWLFEY-UHFFFAOYSA-N,C6H7N3O,137.14,,confirmed_organic,organic_reagent,derived:supplier_platform,,Shimi Merck,ai_normalized,,https://shimimerck.ir/isoniazid-code-i3377.html,806753 Merck 4-Pyridinecarboxylic acid hydrazide 100g 🔜 موجود و آماده تحویل ✅ شیمیران صنعت فقط اصلی 📱 دریافت قیمت یا سفارش کالا 👇 🆔 @ChemIranAdmin 🆔 @ChemIran1 || isoniazid code i3377,model_fleet+pubchem,seed_2026-08-25 | ai_model_fleet,2026-08-27,3a4b1f0f552364400c53d0ce32bc8bb0bde4e3f48c3bde73da833e53839b39e8
CAS 540-51-2,,2-bromoethanol,540-51-2,10898,,,LDLCZOVUSADOIV-UHFFFAOYSA-N,C2H5BrO,124.96,,confirmed_organic,organic_reagent,derived:supplier_platform,,,,,https://t.me/minatajhiz/327,B65586 Aldrich 2-Bromoethanol فروش مواد شیمیایی آزمایشگاهی تخصصی,seed,seed_2026-08-24,2026-08-27,9d6cb07ac7017a59f44bad894b027c9c7e97876f1781050eb5d60da5c32f4dc2
CAS 554-95-0,,"1,3,5-Benzenetricarboxylic acid",554-95-0,11138,,,QMKYBPDZANOJGF-UHFFFAOYSA-N,C9H6O6,210.14,,confirmed_organic,organic_reagent,derived:supplier_platform,,,,,https://t.me/ChemIranSanat/1362,"Alfa Aesar A15947, 50g 1,3,5-Benzenetricarboxylic acid, 98% موجود و آماده تحویل ✅ شیمیران صنعت فقط اصلی ❓ قیمت و سفارش 👇 Admin 🆔 @ChemIranAdmin 🆔 @ChemIran1",seed,seed_2026-08-24,2026-08-27,487c6fbd86ea05f03212b6beb6fbb4a3b203bf60aa805d220a37b886aff94f3c
CAS 55566-30-8,,Tetrakis(hydroxymethyl)phosphonium chloride,55566-30-8,41478,,,YIEDHPBKGZGLIK-UHFFFAOYSA-L,C8H24O12P2S,406.28,,confirmed_organic,organic_reagent,derived:supplier_platform,,,,,t.me/ChemIranSanat,,ai_verified,seed_2026-08-24,2026-08-27,6cf58a19aaecc94772e7505c9b65ece2696556c0366a9cbe8f72a535f8fcee43
CAS 57-57-8,,vitamin B12,57-57-8,2365,,,VEZXCJBBBCKRPI-UHFFFAOYSA-N,C3H4O2,72.06,,confirmed_organic,organic_reagent,derived:supplier_platform,,,,,t.me/minatajhiz,,ai_verified,seed_2026-08-24,2026-08-27,fe9fe0bdaf9120fdabd720d8243fd4566d3a5c180b7db467b05f8a68e308a242
CAS 57-89-6,,CAS 57-89-6,57-89-6,,,,,,,,confirmed_organic,organic_reagent,derived:supplier_platform,,,,,,,seed,seed_2026-08-24,2026-08-27,565d240f5343e625ae579a4d45a770f1f02c6368b5ed4d06da4fbe6f47c28866
CAS 574-98-1,,,574-98-1,,,,,,,,confirmed_organic,organic_reagent,derived:supplier_platform,,,,,https://t.me/minatajhiz/979,نام فارسی: ان برمو اتیل فتالیمید نام ماده: N-(2-Bromoethyl)phthalimide کد محصول مرک: 820178 فرمول: C10H8BrNO2 C A S NUMBER: 574-98-1 مولار: 254.08 g/mol قابلیت محلول شدن: (20 °C) insoluble واردات جدید مرک,live,seed_2026-08-24,2026-08-27,ae3f60fdb997f6668599bd10f241f1fb033554b65334b9156e674c54f442ba2b
CAS 57817-89-7,,Stevia,57817-89-7,442089,,,UEDUENGHJMELGK-HYDKPPNVSA-N,C38H60O18,804.9,,confirmed_organic,organic_reagent,derived:supplier_platform,,,,,t.me/jahaneshimicom,,ai_verified,seed_2026-08-24,2026-08-27,df6a6d745a482f08272b66e23fe368c9134cae0eab5138505de4359d777e9839
CAS 584-13-4,,"4-Amino-4H-1,2,4-triazole",584-13-4,11432,,,FMCUPJKTGNBGEC-UHFFFAOYSA-N,C2H4N4,84.08,,confirmed_organic,organic_reagent,derived:supplier_platform,,,,,t.me/ChemIranSanat,,ai_verified,seed_2026-08-24,2026-08-27,5d7a57e2532a9b0ff3a72969173367f2a76dce32af0b194211dd52a09cf93201
CAS 593-29-3,,potassium stearate,593-29-3,23673840,,,ANBFRLKBEIFNQU-UHFFFAOYSA-M,C18H35KO2,322.6,,confirmed_organic,organic_reagent,derived:supplier_platform,,t.me/fanchem,ai_normalized,,https://t.me/fanchem/426,استئارات پتاسیم؛ افزودنی مؤثر در پوشش‌های ضد خوردگی فلزی استئارات پتاسیم (Potassium Stearate) یکی از افزودنی‌های چندکاره و مؤثر در فرمولاسیون پوشش‌های محافظ فلزی است که با ایجاد لایه‌ای آب‌گریز و پایدار، مانع از نفوذ رطوبت و یون‌های خورنده به سطح فلز می‌شود. ✅ ویژگی‌ها و مزایا: ▪️ خاصیت آب‌گریزی بال,model_fleet+pubchem,seed_2026-08-25 | ai_model_fleet,2026-08-27,d69878b5b09029277e91b304a5a4e2214db4bc34da0630eff6716a8b86c1a13a
CAS 6027-13-0,,Homocysteine,6027-13-0,91552,,,FFFHZYDWPBMWHY-VKHMYHEASA-N,C4H9NO2S,135.19,,confirmed_organic,organic_reagent,derived:supplier_platform,,,,,t.me/LabTel,,ai_verified,seed_2026-08-24,2026-08-27,940109ceee0b0c1fbc8f179c4d4cd72c7a51afd7fc089b4a61242d4d8ffa6591
CAS 619-14-7,,4-Amino-3-hydroxybenzoic acid,619-14-7,69265,,,XLDLRRGZWIEEHT-UHFFFAOYSA-N,C7H5NO5,183.12,,confirmed_organic,organic_reagent,derived:supplier_platform,,,,,t.me/ChemIranSanat,,ai_verified,seed_2026-08-24,2026-08-27,3d8c5e92595264dd8f69ada9e5064b63704eb492fff82a6a6556f4e555851832
CAS 624-83-9,,methyl isocyanate,624-83-9,12228,,,HAMGRBXTJNITHG-UHFFFAOYSA-N,C2H3NO,57.05,,confirmed_organic,organic_reagent,derived:supplier_platform,,t.me/IranChemicals,ai_normalized,,https://t.me/IranChemicals/25763,"#امروز_در_شیمی 

۳دسامبر

فاجعه بهوپال در این روز در سال ۱۹۸۴ اتفاق افتاد.

نشت گاز متیل ایزوسیانات سمی در کارخانه یونیون کاربید هند رخ داد. این فاجعه تقریبا ۴۰۰۰ مرگ و میر داشت و یکی از بدترین فاجعه های صنعتی در جهان مح",ai_verified,seed_2026-08-25 | ai_model_fleet,2026-08-27,7e18f55d6ee28c0f608523c29e0b2f2d11cbb69b8d10f4053b0691b247ec0681
CAS 626-22-2,,"1,3-phenylenediacetonitrile",626-22-2,69375,,,GRPFZJNUYXIVSL-UHFFFAOYSA-N,C10H8N2,156.18,,confirmed_organic,organic_reagent,derived:supplier_platform,,,,,https://t.me/ChemIranSanat/1696,"P23709 Sigma-Aldrich 1,3-Phenylenediacetonitrile 5G 🔜 موجود و آماده تحویل ✅ شیمیران صنعت فقط اصلی 📱 دریافت قیمت یا سفارش کالا 👇 🆔 @ChemIranAdmin 🆔 @ChemIran1",seed,seed_2026-08-24,2026-08-27,537255e59d379a33d42a1991690640807919fa81965ea7bec14b255bd722ea5c
CAS 63231-67-4,,CAS 63231-67-4,63231-67-4,,,,,,,,confirmed_organic,organic_reagent,derived:supplier_platform,,,,,,,seed,seed_2026-08-24,2026-08-27,565d240f5343e625ae579a4d45a770f1f02c6368b5ed4d06da4fbe6f47c28866
CAS 719-54-0,,9-Anthracenecarboxaldehyde,719-54-0,69751,,,XUVKSPPGPPFPQN-UHFFFAOYSA-N,C14H11NO,209.24,,confirmed_organic,organic_reagent,derived:supplier_platform,,,,,t.me/ChemIranSanat,,ai_verified,seed_2026-08-24,2026-08-27,ee0670ed0e71f6ccd0bb2e0d00560021d987c3b59b20217f94f8f32e1020f592
CAS 74-84-0,,Ethane,74-84-0,6324,,,OTMSDBZUPAUEDD-UHFFFAOYSA-N,C2H6,30.07,,confirmed_organic,organic_reagent,derived:supplier_platform,,t.me/IranChemicals,ai_normalized,,https://t.me/IranChemicals/21684,"🟢 #صنایع ایران 

 🟩 افتتاح واحد تفکیک C 2 

 🟢 در عسلویه استان بوشهر 
 👇 
 🔴 https://t.me/Iranchemicals 

 🔴 https://instagram.com/iran.chemicals",ai_verified,seed_2026-08-25 | ai_model_fleet,2026-08-27,a76de64981d4066b1c108ac9a84fad4aa62bd8366bf79e0119d809807cbea00b
CAS 74-90-8,,سیانید هیدروژن,74-90-8,768,,,LELOWRISYMNNSU-UHFFFAOYSA-N,CHN,27.025,,confirmed_organic,organic_reagent,derived:supplier_platform,,t.me/ChemIranSanat,ai_normalized,,https://t.me/ChemIranSanat/1136,"شیمی سم سیانید (سیانور)
خیلی سریع اکسیژن رسانی را دربدن از طریق تداخل در آنزیم سیتوکروم اکسیداز متوقف و منجر به مرگ میشود.
در صورت مسمومیت با سیانور نیتریت ها اثر سیانور را ازبین میبرند

 🆔 @ChemIran1",ai_verified,seed_2026-08-25 | ai_model_fleet,2026-08-27,88d73b8891314ab1ea5dd1fea692c560252e15d29ec051651256b90177925ddd
CAS 75-20-7,,CAS 75-20-7,75-20-7,,,,,,,,confirmed_organic,organic_reagent,derived:supplier_platform,,,,,,,seed,seed_2026-08-24,2026-08-27,565d240f5343e625ae579a4d45a770f1f02c6368b5ed4d06da4fbe6f47c28866
CAS 75-56-9,,,75-56-9,,,,,,,,confirmed_organic,organic_reagent,derived:supplier_platform,,,,,https://t.me/minatajhiz/985,"نام فارسی: 1و2 پروپیلن اکسید نام ماده: 1,2-Propylene oxide کد محصول مرک: 807027 اسم دوم: 1,2-Epoxypropane, Methyloxirane فرمول: C3H6O C A S NUMBER:75-56-9 مولار: 58.07 g/mol قابلیت محلول شدن: 405 g/l (20 °C) نقطه جوش: 34.3 °C (1013 hPa) درجه ذوب: -112 °C واردات جدید برند مرک",live,seed_2026-08-24,2026-08-27,ba1b85f733e70354a9e44e7b39d1e22ef026a686d57bc7ea878eef626f1510e6
CAS 75-77-4,,,75-77-4,,,,,,,,confirmed_organic,organic_reagent,derived:supplier_platform,,,,,https://t.me/minatajhiz/975,نام فارسی: کلرو تری متیل سیلان نام ماده: Chlorotrimethylsilane کد محصول مرک: 818737 فرمول: C3H9ClSi C A S NUMBER: 75-77-4 مولار: 108.64 g/mol‌ واردات جدید مرک,live,seed_2026-08-24,2026-08-27,00a7ddcd4cba822592e1a3cec720ab2a0531f0c6a4741ed57daa8a41ca049a1c
CAS 79-21-0,,peracetic acid,79-21-0,6585,,,KFSLWBXXFJQRDL-UHFFFAOYSA-N,C2H4O3,76.05,,confirmed_organic,organic_reagent,derived:supplier_platform,,t.me/jahaneshimicom,ai_normalized,,https://t.me/jahaneshimicom/105,سلام پر استیک دارید؟ 09131049702,ai_verified,seed_2026-08-25 | ai_model_fleet,2026-08-27,3a39fd67da1bf974ece3cbe598891231459b29fb5878db284cb32bd4acca4255
CAS 80-61-5,,CAS 80-61-5,80-61-5,,,,,,,,confirmed_organic,organic_reagent,derived:supplier_platform,,,,,,,seed,seed_2026-08-24,2026-08-27,565d240f5343e625ae579a4d45a770f1f02c6368b5ed4d06da4fbe6f47c28866
CAS 8001-35-2,,Phosphate buffered saline,8001-35-2,5284469,,,OEJNXTAZZBRGDN-UHFFFAOYSA-N,C10H8Cl8,411.8,,confirmed_organic,organic_reagent,derived:supplier_platform,,,,,t.me/LabTel,,ai_verified,seed_2026-08-24,2026-08-27,345f8cb4287b35813546ba55c49ae7db7c884abaa31b441b8de3c40fc526acca
CAS 8002-74-2,,CAS 8002-74-2,8002-74-2,,,,,,,,confirmed_organic,organic_reagent,derived:supplier_platform,,,,,,,seed,seed_2026-08-24,2026-08-27,565d240f5343e625ae579a4d45a770f1f02c6368b5ed4d06da4fbe6f47c28866
CAS 8002-75-3,,CAS 8002-75-3,8002-75-3,,,,,,,,confirmed_organic,organic_reagent,derived:supplier_platform,,,,,,,seed,seed_2026-08-24,2026-08-27,565d240f5343e625ae579a4d45a770f1f02c6368b5ed4d06da4fbe6f47c28866
CAS 8006-61-9,,CAS 8006-61-9,8006-61-9,,,,,,,,confirmed_organic,organic_reagent,derived:supplier_platform,,,,,,,seed,seed_2026-08-24,2026-08-27,565d240f5343e625ae579a4d45a770f1f02c6368b5ed4d06da4fbe6f47c28866
CAS 86290-81-5,,CAS 86290-81-5,86290-81-5,,,,,,,,confirmed_organic,organic_reagent,derived:supplier_platform,,,,,,,seed,seed_2026-08-24,2026-08-27,565d240f5343e625ae579a4d45a770f1f02c6368b5ed4d06da4fbe6f47c28866
CAS 869-70-5,,CAS 869-70-5,869-70-5,,,,,,,,confirmed_organic,organic_reagent,derived:supplier_platform,,,,,,,seed,seed_2026-08-24,2026-08-27,565d240f5343e625ae579a4d45a770f1f02c6368b5ed4d06da4fbe6f47c28866
CAS 89-80-5,,Curcuma longa,89-80-5,26447,,,NFLGAXVYCFJBMK-BDAKNGLRSA-N,C10H18O,154.25,,confirmed_organic,organic_reagent,derived:supplier_platform,,,,,t.me/IranChemicals,,ai_verified,seed_2026-08-24,2026-08-27,b0cfd4c8a714616f9a4b391cb71faa0da89c93bd2c3cb5b1db73a40ab1df7eac
CAS 9000-61-7,,CAS 9000-61-7,9000-61-7,,,,,,,,confirmed_organic,organic_reagent,derived:supplier_platform,,,,,,,seed,seed_2026-08-24,2026-08-27,565d240f5343e625ae579a4d45a770f1f02c6368b5ed4d06da4fbe6f47c28866
CAS 9002-84-0,,CAS 9002-84-0,9002-84-0,,,,,,,,confirmed_organic,organic_reagent,derived:supplier_platform,,,,,,,seed,seed_2026-08-24,2026-08-27,565d240f5343e625ae579a4d45a770f1f02c6368b5ed4d06da4fbe6f47c28866
CAS 9002-86-2,,CAS 9002-86-2,9002-86-2,,,,,,,,confirmed_organic,organic_reagent,derived:supplier_platform,,,,,,,seed,seed_2026-08-24,2026-08-27,565d240f5343e625ae579a4d45a770f1f02c6368b5ed4d06da4fbe6f47c28866
CAS 9002-88-4,,CAS 9002-88-4,9002-88-4,,,,,,,,confirmed_organic,organic_reagent,derived:supplier_platform,,,,,,,seed,seed_2026-08-24,2026-08-27,565d240f5343e625ae579a4d45a770f1f02c6368b5ed4d06da4fbe6f47c28866
CAS 9002-89-5,,polyvinyl alcohol,9002-89-5,,,,,,,,confirmed_organic,organic_reagent,derived:supplier_platform,,,,,https://t.me/Maran_Tejarat_Eshen/515,💢 💢 ماران تجارت اشن فروش ویژه مواد اولیه شیمیایی #PVA2488 #موجود_در_انبار #پلی_وینیل_الکل برای استعلام قیمت با ما در تماس باشید: 09102296278 📱 وبسایت: http://mtecompany.com/ کانال تلگرام: https://t.me/Maran_Tejarat_Eshen,seed,seed_2026-08-24,2026-08-27,5e7997edd28317de61f98cf9be0be6ff1cf090c55aeb6f6ad45878de8089c544
CAS 9002-93-1,,CAS 9002-93-1,9002-93-1,,,,,,,,confirmed_organic,organic_reagent,derived:supplier_platform,,,,,,,seed,seed_2026-08-24,2026-08-27,565d240f5343e625ae579a4d45a770f1f02c6368b5ed4d06da4fbe6f47c28866
CAS 9003-05-8,,CAS 9003-05-8,9003-05-8,,,,,,,,confirmed_organic,organic_reagent,derived:supplier_platform,,,,,,,seed,seed_2026-08-24,2026-08-27,565d240f5343e625ae579a4d45a770f1f02c6368b5ed4d06da4fbe6f47c28866
CAS 9003-25-2,,CAS 9003-25-2,9003-25-2,,,,,,,,confirmed_organic,organic_reagent,derived:supplier_platform,,,,,,,seed,seed_2026-08-24,2026-08-27,565d240f5343e625ae579a4d45a770f1f02c6368b5ed4d06da4fbe6f47c28866
CAS 9004-34-6,,CAS 9004-34-6,9004-34-6,,,,,,,,confirmed_organic,organic_reagent,derived:supplier_platform,,,,,,,seed,seed_2026-08-24,2026-08-27,565d240f5343e625ae579a4d45a770f1f02c6368b5ed4d06da4fbe6f47c28866
CAS 9004-65-3,,Hydroxypropyl methyl cellulose,9004-65-3,139035087,,,HSHXDCVZWHOWCS-UHFFFAOYSA-N,C21H38N2OS,366.6,,confirmed_organic,organic_reagent,derived:supplier_platform,,Shimi Merck + t.me/Maran_Tejarat_Eshen,ai_normalized,,https://t.me/Maran_Tejarat_Eshen/657,کاربرد #هیدروکسی_پروپیل_متیل_سلولز (HPMC150K)- چسب‌های کاشی و سرامیک- اسکیم‌کوت (SkimCoat)- ملات‌های خشک پایه سیمان- ملات عایق حاوی دانه‌های EPS- محصولات پایه گچی - بایندر سرامیک - خمیرهای چاپ پارچه مزایای استفاده از CELOMA‑HPMC‑150K ✅ بهبودچشمگیر کارایی ملات ✅ افزایش چسبندگی به سطوح مختلف ✅ پوشش‌ده,model_fleet+pubchem,seed_2026-08-25 | ai_model_fleet,2026-08-27,a12a8f80a2e90d15577c164f448aece8037d75a88c0bdcc7200bcadca7b3a361
CAS 9004-67-5,,CAS 9004-67-5,9004-67-5,,,,,,,,confirmed_organic,organic_reagent,derived:supplier_platform,,,,,,,seed,seed_2026-08-24,2026-08-27,565d240f5343e625ae579a4d45a770f1f02c6368b5ed4d06da4fbe6f47c28866
CAS 9004-70-0,,CAS 9004-70-0,9004-70-0,,,,,,,,confirmed_organic,organic_reagent,derived:supplier_platform,,,,,,,seed,seed_2026-08-24,2026-08-27,565d240f5343e625ae579a4d45a770f1f02c6368b5ed4d06da4fbe6f47c28866
CAS 9007-49-2,,DNA,9007-49-2,44135672,,,AWBASQCACWFTGD-UHFFFAOYSA-N,C15H31N3O13P2,523.37,,confirmed_organic,organic_reagent,derived:supplier_platform,,,,,t.me/LabTel,,ai_verified,seed_2026-08-24,2026-08-27,f542b326aeb8d508dc70f798bc398f79f51b949f04cd7e15229d5c5dee52d005
CAS 9011-14-7,,CAS 9011-14-7,9011-14-7,,,,,,,,confirmed_organic,organic_reagent,derived:supplier_platform,,,,,,,seed,seed_2026-08-24,2026-08-27,565d240f5343e625ae579a4d45a770f1f02c6368b5ed4d06da4fbe6f47c28866
CAS 9032-42-2,,Methyl hydroxyethyl cellulose,9032-42-2,146160861,,,JTWZVKMWOCBJEV-UHFFFAOYSA-N,C34H66O24,858.9,,confirmed_organic,organic_reagent,derived:supplier_platform,,,,,https://t.me/Maran_Tejarat_Eshen/655,#غلظت_دهنده سلولزی #methylhydroxyethylcellulose کاربرد #mhec : - رنگ‌ها و پوشش‌های پایه آب - چسب‌های کاشی - دوغاب کاشی - اندودهای تزئینی - ملات‌های پایه سیمان - محصولات مراقبت شخصی - شوینده‌های مایع خواص کلیدی # MH4K ● کارایی آسان ● انحلال سریع یا بدون کلوخه ● چسبندگی و مقاومت برشی عالی ● سازگار با,ai_verified,seed_2026-08-24,2026-08-27,c711e564107b7d9fc25a16ea202858d2e1007ca467f3d57bf173969b36926f56
CAS 9048-46-8,,CAS 9048-46-8,9048-46-8,,,,,,,,confirmed_organic,organic_reagent,derived:supplier_platform,,,,,,,seed,seed_2026-08-24,2026-08-27,565d240f5343e625ae579a4d45a770f1f02c6368b5ed4d06da4fbe6f47c28866
CAS 9048-46-8,,BSA,9048-46-8,25248,,,SIOVKLKJSOKLIF-UHFFFAOYSA-N,C8H21NOSi2,203.43,,confirmed_organic,organic_reagent,derived:supplier_platform,,,,,t.me/ChemIranSanat,,ai_verified,seed_2026-08-24,2026-08-27,3a92464a90b39c399fb217cf15282d19a4b114aa7fe8dd53f8e49dfea9b938da
CAS 9051-94-9,,CAS 9051-94-9,9051-94-9,,,,,,,,confirmed_organic,organic_reagent,derived:supplier_platform,,,,,,,seed,seed_2026-08-24,2026-08-27,565d240f5343e625ae579a4d45a770f1f02c6368b5ed4d06da4fbe6f47c28866
CAS 92-67-1,,Phenothiazine,92-67-1,7102,,,DMVOXQPQNTYEKQ-UHFFFAOYSA-N,C12H11N,169.22,,confirmed_organic,organic_reagent,derived:supplier_platform,,,,,t.me/ChemIranSanat,,ai_verified,seed_2026-08-24,2026-08-27,c70b66db7c878b6be3e38d4590e5963fb2b654f322e11b95897c1ca855e81c88
CAS 94948-59-1,,CAS 94948-59-1,94948-59-1,,,,,,,,confirmed_organic,organic_reagent,derived:supplier_platform,,,,,,,seed,seed_2026-08-24,2026-08-27,565d240f5343e625ae579a4d45a770f1f02c6368b5ed4d06da4fbe6f47c28866
CAS 99-30-9,,5-Aminoisophthalic acid,99-30-9,7430,,,BIXZHMJUSMUDOQ-UHFFFAOYSA-N,C6H4Cl2N2O2,207.01,,confirmed_organic,organic_reagent,derived:supplier_platform,,,,,t.me/ChemIranSanat,,ai_verified,seed_2026-08-24,2026-08-27,b2a71b0f72ca8f58436612128cfe2e553c44593a90c44dd883de0883abb854b3
CAS 99-64-9,,"2,6-Diamino-4-phenyl-1,3,5-triazine (Benzoguanamine)",99-64-9,66837,,,NEGFNJRAUMCZMY-UHFFFAOYSA-N,C9H11NO2,165.19,,confirmed_organic,organic_reagent,derived:supplier_platform,,,,,t.me/ChemIranSanat,,ai_verified,seed_2026-08-24,2026-08-27,9dbe42872dcd0da6b905facd143aafbca8860bbb4e002197096e3d5c92949bf6
Chlorhexidine Gluconate,Chlorhexidine gluconate,,,9552081,,,YZIYKJHYYHPJIB-UUPCJSQJSA-N,C34H54Cl2N10O14,897.8,C1=CC(=CC=C1N/C(=N/C(=NCCCCCCN=C(/N=C(/NC2=CC=C(C=C2)Cl)\N)N)N)/N)Cl.C(O)[C@@H](O)[C@@H](O)[C@H](O)[C@@H](O)C(=O)O.C(O)[C@@H](O)[C@@H](O)[C@H](O)[C@@H](O)C(=O)O,confirmed_organic,pharmaceutical_or_api,,,jahaneshimicom,telegram,listing_evidence_crawled_2026-08-23,https://t.me/jahaneshimicom/79,سلام محلول ساولن موجود دارین؟ 09126382937,ai_resolved+pubchem,seed_2026-08-24 + seed_2026-08-25,2026-08-23,d42593eaf746eceee31f184fb41fd4a255fe5dc3e71e8b35ad8b829aae08fb19
chloro(diethyl)alumane,Diethylaluminium chloride,chloro(diethyl)alumane; Diethylaluminium chloride,,7277,,,YNLAOSYQHBDIKW-UHFFFAOYSA-M,C4H10AlCl,120.56,CC[Al](CC)Cl,confirmed_organic,organic_reagent,,,TamadKala,Iranian online wholesale/lab shop,product_page_listed_not_current_stock_verified,,دی اتیل آلومینیوم کلراید سیگما | ...,router_title_normalization,seed_2026-08-24 + seed_2026-08-25,2026-08-23,e92ed33c3e6b1db5790705619fe398c8f374653c2c83095ad64be298445fe426
chloro(trimethyl)silane,Chlorotrimethylsilane,chloro(trimethyl)silane; Chlorotrimethylsilane,75-77-4,6397,,,IJOOHPMOJXWVHK-UHFFFAOYSA-N,C3H9ClSi,108.64,C[Si](C)(C)Cl,confirmed_organic,organic_reagent,,research,Telegram: minatajhiz + t.me/minatajhiz,Iranian supplier Telegram catalogue|telegram,listed_not_current_stock_verified,https://t.me/s/minatajhiz,chloro(trimethyl)silane,existing skill export,live_telegram_listing + seed_2026-08-24 + seed_2026-08-25,2026-08-23,b3f58465f5f0009f42c8c5d29758a0cfe058c28cbd5c6062440900444051cedd
chlorobenzene,chlorobenzene,,108-90-7,7964,,,MVPPADPHJFYWMZ-UHFFFAOYSA-N,C6H5Cl,112.55,C1=CC=C(C=C1)Cl,confirmed_organic,pharmaceutical_or_api,derived:supplier_platform,,Shimi Merck + telegram:ATRmedShop,ai_normalized|public Telegram (seller_research),product_page_listed_not_current_stock_verified,https://shimimerck.ir/chloro-benzen-code-801791-sigma-aldrich.html,"N,N'-Methylenebisacrylamide | N ،N’-متیلن بیس اکریل آمید گرید N ،N’-متیلن بیس آکریل‌ آمید در آماده‌سازی ژل پلی آکریل‌ آمید برای جداسازی اسیدهای نوکلئیک و پروتئین‌ها در الکتروفورز کاربرد دارد. بیس آکریل‌آمید با آکریل‌آمید پلیمریزه شده و پیوندهای متقابل را در داخل ژل پلی آکریل‌آمید ایجاد می‌کند. این م",router_batch+pubchem,ai_model_fleet + seed_2026-08-25,2026-08-25,47182caa464c68d85750c352befb75b8ad21d1f038b8f00f7818f91038ac94d1
chloroform,chloroform,chloroform,67-66-3,6212,,,HEDRZPFGACZZDS-UHFFFAOYSA-N,CHCl3,119.37,C(Cl)(Cl)Cl,confirmed_organic,organic_reagent,,research,Fardad Shimi; TamadKala; Telegram: ChemIranSanat; Telegram: minatajhiz; Mojallali Group; ShimiMan; IR Chem / Pishgaman + Shimi Merck + https://shimimerck.ir/buy-chloroform-chromatography-102442-merck.html + t.me/ATRmedShop,Iranian online lab-chemical shop | Iranian online wholesale/lab shop | Iranian supplier Telegram catalogue|ai_normalized,listed_not_current_stock_verified | product_page_listed_not_current_stock_verified,https://shimimerck.ir/buy-chloroform-chromatography-102442-merck.html,chloroform | كلروفرم قطران شیمی | ... | کلرفرم acs دکتر مجللی | ... | کلرفرم laboratory دکتر مجللی | ... | کلروفرم دکتر مجللی || buy chloroform chromatography merck,existing skill export | router_title_normalization,ai_model_fleet + live_telegram_listing + live_web_catalogue + seed_2026-08-24 + seed_2026-08-25,2026-08-23,81a1a01931cea7b5fe7cab7331c17907f6ee6b56f61c9a90863089adcbcb6e8c
chloromethane,Methyl Chloride,chloromethane; Methyl Chloride,74-87-3,6327,,,NEHMKBQYUWJMIP-UHFFFAOYSA-N,CH3Cl,50.49,CCl,confirmed_organic,organic_reagent,,industrial,Telegram: IranChemicals,Iranian supplier Telegram catalogue,listed_not_current_stock_verified,,chloromethane,existing skill export,seed_2026-08-24 + seed_2026-08-25,2026-08-23,7758746626b8094d6d5d58d855e3264dd8cf4479a7dddb3f255780cf51c7d253
chloromethylbenzene,Benzyl Chloride,chloromethylbenzene; Benzyl Chloride,100-44-7,7503,,,KCXMKQUNVWSEMD-UHFFFAOYSA-N,C7H7Cl,126.58,C1=CC=C(C=C1)CCl,confirmed_organic,organic_reagent,,research,Shimi Merck + Telegram: minatajhiz + https://shimimerck.ir/benzyl-chloride.html,Iranian supplier Telegram catalogue|ai_normalized|live_supplier_catalogue,listed_not_current_stock_verified,https://shimimerck.ir/benzyl-chloride.html,chloromethylbenzene || benzyl chloride,existing skill export,ai_model_fleet + live_web_catalogue + seed_2026-08-24 + seed_2026-08-25,2026-08-23,9096f749424238b62d38ece295f2c86cb783876da3f152846f635ab088911f0f
choline chloride,choline chloride,choline chloride; 2-hydroxyethyl(trimethyl)azanium chloride,67-48-1,6209,,,SGMZJAMFUVOLNK-UHFFFAOYSA-M,C5H14ClNO,139.62,C[N+](C)(C)CCO.[Cl-],confirmed_organic,organic_reagent,,research,Shimi Merck + https://shimimerck.ir/buy-choline-chloride-sigma-aldrich.html + t.me/ChemIranSanat + telegram:ChemIranSanat; telegram:jahaneshimicom; IR Chem / Pishgaman,ai_normalized|live_supplier_catalogue|telegram|telegram:ChemIranSanat; jahaneshimicom,telegram_listing_evidence,https://shimimerck.ir/buy-choline-chloride-sigma-aldrich.html,کولین کلراید || کولین کلراید واردات از آلفاایسر @ChemIranAdmin 🆔 @ChemIran1 || buy choline chloride sigma aldrich,alias+pubchem,ai_model_fleet + live_telegram_listing + live_web_catalogue + seed_2026-08-24 + seed_2026-08-25,2026-08-23,ff3591fad868115bb19f0078d04d10d463ff1544755f3ad26ab63b1a9e89df4b
chromen-2-one,Coumarin,chromen-2-one; Coumarin,,323,,,ZYGHJZDHTFUPRJ-UHFFFAOYSA-N,C9H6O2,146.14,C1=CC=C2C(=C1)C=CC(=O)O2,confirmed_organic,fragrance_or_aroma,,,telegram:minatajhiz,Iranian supplier Telegram catalogue,listing_evidence_crawled_2026-08-24,https://t.me/minatajhiz/1028,کومارین Coumarin کد محصول مرک: 822316 واردات جدید مرک,ai_normalised_listing+pubchem_confirmed,seed_2026-08-24 + seed_2026-08-25,2023-05-20,f7d64af338e560afbceb42a55b399a32bea9c8ffe07ebf2cb288d1c23a83557b
Ciprofloxacin hydrochloride monohydrate,Ciprofloxacin HCL,Ciprofloxacin hydrochloride monohydrate; Ciprofloxacin HCL; 1-cyclopropyl-6-fluoro-4-oxo-7-piperazin-1-ylquinoline-3-carboxylic acid;hydrate;hydrochloride,,62998,,,ARPUHYJMCVWYCZ-UHFFFAOYSA-N,C17H21ClFN3O4,385.8,C1CC1N2C=C(C(=O)C3=CC(=C(C=C32)N4CCNCC4)F)C(=O)O.O.Cl,confirmed_organic,pharmaceutical_or_api,,,Temad,web_catalogue,listing_evidence_crawled_2026-08-23,https://www.temad.com/product/ketorolac-tromethamine/,Ciprofloxacin HCL,pubchem_direct,seed_2026-08-24 + seed_2026-08-25,2026-08-23,0996f32d612a4e26868ea64b5ecf8be80dc2359c8b5c8f1eb80a8ec4bffa9538
"cis-(1R,2R)-2-[(dimethylamino)methyl]-1-(3-methoxyphenyl)cyclohexan-1-ol",tramadol,"cis-(1R,2R)-2-[(dimethylamino)methyl]-1-(3-methoxyphenyl)cyclohexan-1-ol; tramadol",,33741,,,TVYLLZQTGLZFBW-ZBFHGGJFSA-N,C16H25NO2,263.37,CN(C)C[C@H]1CCCC[C@@]1(C2=CC(=CC=C2)OC)O,confirmed_organic,pharmaceutical_or_api,,research,Rooz Darou; TamadKala,Iranian online research/chemical shop | Iranian pharmaceutical product catalogue,product_page_listed_not_current_stock_verified,https://tamadkala.com/product/146252/%D8%A7%D8%B3%D8%AA%D8%A7%D9%86%D8%AF%D8%A7%D8%B1%D8%AF-%D8%AA%D8%B1%D8%A7%D9%85%D8%A7%D8%AF%D9%88%D9%84,استاندارد ترامادول | قرص ترامادول 50,explicit_category_supplement,seed_2026-08-24 + seed_2026-08-25,2026-08-23,becbf5c78d989918465c95884ddc0332e1c7b6888267c6916e157966411ebeaf
Closantel sodium,Closantel sodium,,,23683671,,,LREGMDNUOGTSIK-UHFFFAOYSA-M,C22H13Cl2I2N2NaO2,685.1,CC1=CC(=C(C=C1NC(=O)C2=C(C(=CC(=C2)I)I)[O-])Cl)C(C#N)C3=CC=C(C=C3)Cl.[Na+],confirmed_organic,pharmaceutical_or_api,,,Temad,web_catalogue,listing_evidence_crawled_2026-08-23,https://www.temad.com/product/thiamine-hcl-vitamin-b1-veterinary/,Closantel sodium-Veterinary,ai_resolved+pubchem,seed_2026-08-24 + seed_2026-08-25,2026-08-23,4b9a97d81dc94930dd5e3eb4cfd1a6fe4d32bfe59b9870433fdb036293b2a928
cobalt(2+) diacetate,Cobalt(II) acetate,cobalt(2+) diacetate; Cobalt(II) acetate,13493-47-5,6277,,yes,QAHREYKOYSIQPH-UHFFFAOYSA-L,C4H6CoO4,177.02,CC(=O)[O-].CC(=O)[O-].[Co+2],confirmed_organic,organic_reagent,,,Fardad Shimi,Iranian online lab-chemical shop,product_page_listed_not_current_stock_verified,,کبالت ۲ استات ۴ آبه MERCK | ...,router_title_normalization,seed_2026-08-24 + seed_2026-08-25,2026-08-23,e917dbc58d12b2b0f807f3c2628eba695a9cb87e203ed332cac34a222d0a87a3
Codeine,Codeine,"Codeine; (4R,4aR,7S,7aR,12bS)-9-methoxy-3-methyl-2,4,4a,7,7a,13-hexahydro-1H-4,12-methanobenzofuro[3,2-e]isoquinolin-7-ol",76-57-3,5284371,,,OROGSEYTTFOCAN-DNJOTXNNSA-N,C18H21NO3,299.4,CN1CCC23C4C1CC5=C2C(=C(C=C5)OC)OC3C(C=C4)O,confirmed_organic,organic_reagent,derived:supplier_platform,,Temad,Iranian WooCommerce catalogue,product_page_listed_not_current_stock_verified,https://www.temad.com/product/codeine/,Codeine,structured_pubchem,seed_2026-08-24 + seed_2026-08-25,2026-08-25,b7e61ff1c3d1e288d6a21f109dc588a2195beac998bd67296b9b09e12f8be3f4
copper diacetate,Copper(II) Acetate,copper diacetate; Copper(II) Acetate,,8895,,,OPQARKPSCNTWTJ-UHFFFAOYSA-L,C4H6CuO4,181.63,CC(=O)[O-].CC(=O)[O-].[Cu+2],confirmed_organic,organic_reagent,,,TamadKala,Iranian online wholesale/lab shop,product_page_listed_not_current_stock_verified,https://tamadkala.com/product/72359/%D8%A7%D8%B3%D8%AA%D8%A7%D8%AA-%D9%85%D8%B3-%D9%82%D8%B7%D8%B1%D8%A7%D9%86-%D8%B4%DB%8C%D9%85%DB%8C,استات مس قطران شیمی,router_title_normalization,seed_2026-08-24 + seed_2026-08-25,2026-08-23,3d9b3630db07d40621fb672c7f57b64eda2a8124d6be4f5993ff66428d79a868
"copper;[dimethylamino-[[15,24,34-tris[[dimethylamino(dimethylazaniumylidene)methyl]sulfanylmethyl]-2,11,20,29,37,38-hexaza-39,40-diazanidanonacyclo[28.6.1.13,10.112,19.121,28.04,9.013,18.022,27.031,36]tetraconta-1,4(9),5,7,11,13(18),14,16,19,21(38),22(27),23,25,28,30(37),31(36),32,34-octadecaen-6-yl]methylsulfanyl]methylidene]-dimethylazanium;tetrachloride",Alcian Blue,"copper;[dimethylamino-[[15,24,34-tris[[dimethylamino(dimethylazaniumylidene)methyl]sulfanylmethyl]-2,11,20,29,37,38-hexaza-39,40-diazanidanonacyclo[28.6.1.13,10.112,19.121,28.04,9.013,18.022,27.031,36]tetraconta-1,4(9),5,7,11,13(18),14,16,19,21(38),22(27),23,25,28,30(37),31(36),32,34-octadecaen-6-yl]methylsulfanyl]methylidene]-dimethylazanium;tetrachloride; Alcian Blue; Alcian blue",75851-12-6,76418923,,,OBSNQDWGQFWBKH-UHFFFAOYSA-J,C56H70Cl4CuN16S4,1300.9,CN(C)C(=[N+](C)C)SCC1=CC2=C(C=C1)C3[N-]C2N=C4C5=C(C=CC(=C5)CSC(=[N+](C)C)N(C)C)C(=N4)N=C6C7=C(C=C(C=C7)CSC(=[N+](C)C)N(C)C)C(=N6)N=C8C9=C(C=C(C=C9)CSC(=[N+](C)C)N(C)C)C(=N3)[N-]8.[Cl-].[Cl-].[Cl-].[Cl-].[Cu+2],confirmed_organic,organic_reagent,,,TamadKala; Mojallali Group,Iranian online wholesale/lab shop,product_page_listed_not_current_stock_verified,https://tamadkala.com/product/173816/%D9%85%D8%B9%D8%B1%D9%81-%D8%A2%D9%84%D8%B3%DB%8C%D9%86-%D8%A8%D9%84%D9%88-%D8%AF%DA%A9%D8%AA%D8%B1-%D9%85%D8%AC%D9%84%D9%84%DB%8C,معرف آلسین بلو دکتر مجللی,router_title_normalization,seed_2026-08-24 + seed_2026-08-25,2026-08-23,d5f292915a570ca15399cc25e8ba2effc402197bde3ea7dd47efdf51e6bba056
Crystal Violet,Crystal Violet,"Crystal Violet; [4-[bis[4-(dimethylamino)phenyl]methylidene]cyclohexa-2,5-dien-1-ylidene]-dimethylazanium chloride",548-62-9,11057,,,ZXJXZNDDNMQXFV-UHFFFAOYSA-M,C25H30ClN3,408.0,CN(C)C1=CC=C(C=C1)C(=C2C=CC(=[N+](C)C)C=C2)C3=CC=C(C=C3)N(C)C.[Cl-],confirmed_organic,colorant_or_indicator,,,Mojallali Group,web_catalogue,listing_evidence_crawled_2026-08-23,https://drm-chem.com/en/product/crystal-violet-en/,Crystal Violet,pubchem_direct,seed_2026-08-24 + seed_2026-08-25,2026-08-23,c4981608ea14451efbe859bba5359636e204b4d0952ae7788b29b9bb30b4d560
cyanamide,,,,9864,,,XZMCDFZZKTWFGF-UHFFFAOYSA-N,CH2N2,42.04,,confirmed_organic,organic_reagent,derived:supplier_platform,,Shimi Merck,ai_normalized,,https://shimimerck.ir/d-cyanamide.html,d cyanamide,model_fleet+pubchem,ai_model_fleet,2026-08-27,e5b3f90af26adf3dd2c0c168175605de7871c682536b0f9b805dad184c71f1c7
cyanocobalamin,cyanocobalamin,cyanocobalamin,,166596686,,,RMRCNWBMXRMIRW-WZHZPDAFSA-L,C63H88CoN14O14P,1355.4,CC1=CC2=C(C=C1C)[N+](=CN2)[C@@H]3[C@@H]([C@@H]([C@H](O3)CO)OP(=O)(O)O[C@H](C)CNC(=O)CC[C@@]4([C@H]([C@@H]5[C@]6([C@@]([C@@H](C(=N6)/C(=C\7/[C@@]([C@@H](/C(=C/C8=N/C(=C(\C4=N5)/C)/[C@H](C8(C)C)CCC(=N)[O-])/N7)CCC(=N)[O-])(C)CC(=O)N)/C)CCC(=N)[O-])(C)CC(=O)N)C)CC(=O)N)C)O.[C]#N.[Co+2],confirmed_organic,secondary_metabolite_or_natural_product,,,TamadKala,Iranian online research/chemical shop,product_page_listed_not_current_stock_verified,https://tamadkala.com/product/34539/%D9%88%DB%8C%D8%AA%D8%A7%D9%85%DB%8C%D9%86-b12,ویتامین B12,explicit_category_supplement,seed_2026-08-24 + seed_2026-08-25,2026-08-23,aed6ccf0ddd258990985e969e62274b9bb8deddf6feb5d71d3c16e4203625f0e
cyanocyanamide,,,,10443,,,QWJNFFYFEKXZBF-UHFFFAOYSA-N,C2HN3,67.05,,confirmed_organic,organic_reagent,derived:supplier_platform,,Shimi Merck,ai_normalized,,https://shimimerck.ir/d-cyanamide.html,d cyanamide,model_fleet+pubchem,ai_model_fleet,2026-08-27,4e6304c5eeb43dd1de30ba5fa6dcf246c05ab084ce2393a5a59f1c49ee7f3d3f
cyclohexane,Cyclohexane,cyclohexane; Cyclohexane,110-82-7,8078,,,XDTMQSROBMDMFD-UHFFFAOYSA-N,C6H12,84.16,C1CCCCC1,confirmed_organic,organic_reagent,,research,Fardad Shimi; TamadKala,Iranian online lab-chemical shop | Iranian online wholesale/lab shop,product_page_listed_not_current_stock_verified,https://fardadshimi.com/product/6468372/,"سیکلو هگزان MERCK | سیکلوهگزان lab دکتر مجللی || سیکلو هگزان Cyclohexane, p.a., ACS Reagent, >99.5% (GC)",router_title_normalization,seed_2026-08-24 + seed_2026-08-25,2026-08-23,17090ef0b571a7be54c78be22c670e8e513205d3252da3bb00956bfa74a827d6
"cyclohexane-1,2,3,4,5,6-hexol",Myo-inositol,"cyclohexane-1,2,3,4,5,6-hexol; Myo-inositol",87-89-8,892,,,CDAISMWEOUEBRE-UHFFFAOYSA-N,C6H12O6,180.16,C1(C(C(C(C(C1O)O)O)O)O)O,confirmed_organic,organic_reagent,,research,TamadKala; telegram:ATRmedShop + t.me/ATRmedShop,Iranian online wholesale/lab shop|ai_normalized|telegram,product_page_listed_not_current_stock_verified,https://t.me/ATRmedShop/754,"مایو اینو زیتول برند dyc چین || میو-اینوزیتول

‌‏⁧ ‌‌‏‌محصولات سیگما اصل را از ما بخواهید.

 👇 واردات و فروش مواد شیمیایی سیگما 👇 ‌‌ 
‌
 ☎️ تلفن: ۰۲۱۶۶۳۶۱۵۴۳-۶۶۳۷۹۰۲۶-۰۲۱
‌
 📱 موبایل: 09120549893

 🌐 لینک محصول :

 https://atrmed.com/product/myo-inosit",router_title_normalization,ai_model_fleet + live_telegram_listing + seed_2026-08-24 + seed_2026-08-25,2026-08-23,1f3451476ce0d13479a163331538f5c5b1df6da16d5b2b641d2c86f5b819f097
Cyclohexanone,Cyclohexanone,Cyclohexanone; cyclohexanone,108-94-1,7967,,,JHIVVAPYMSGYDF-UHFFFAOYSA-N,C6H10O,98.14,C1CCC(=O)CC1,confirmed_organic,organic_reagent,,,Mojallali Group,web_catalogue,listing_evidence_crawled_2026-08-23,https://drm-chem.com/en/product/cyclohexanone-en/,Cyclohexanone,pubchem_direct,seed_2026-08-24 + seed_2026-08-25,2026-08-23,e96ea1a15ee98486b6f98ac39e16f3c06b7c61ef332a4cb291418109f3104954
Cyclophosphamide,Endoxan,,,2907,,,CMSMOCZEIVJLDB-UHFFFAOYSA-N,C7H15Cl2N2O2P,261.08,C1CNP(=O)(OC1)N(CCCl)CCCl,confirmed_organic,pharmaceutical_or_api,,,Exir Pharmaceutical Co.,web_catalogue,listing_evidence_crawled_2026-08-23,https://exir.co.ir/product/ondansetron-syrup/,اندانسترون 4 میلی گرم,ai_resolved+pubchem,seed_2026-08-24 + seed_2026-08-25,2026-08-23,9eb6abfa1e9e1f095eafdc78cd2cb58e7dfda9ffd82c174e01262fb1234d0281
Cyproterone Acetate,Cyproterone Acetate,"Cyproterone Acetate; [(1S,2S,3S,5R,11R,12S,15R,16S)-15-acetyl-9-chloro-2,16-dimethyl-6-oxo-15-pentacyclo[9.7.0.02,8.03,5.012,16]octadeca-7,9-dienyl] acetate",,9880,,,UWFYSQMTEOIJJG-FDTZYFLXSA-N,C24H29ClO4,416.9,CC(=O)[C@]1(CC[C@@H]2[C@@]1(CC[C@H]3[C@H]2C=C(C4=CC(=O)[C@@H]5C[C@@H]5[C@]34C)Cl)C)OC(=O)C,confirmed_organic,pharmaceutical_or_api,,,Temad,web_catalogue,listing_evidence_crawled_2026-08-23,https://www.temad.com/product/quetiapine-hemifumarate-2/,Cyproterone Acetate,pubchem_direct,seed_2026-08-24 + seed_2026-08-25,2026-08-23,1906ea752e13b5e8cc6109631ed062c4ca8372872cf625eeb30a96eef14a7549
d arginine,,,,71070,,,ODKSFYDXXFIFQN-SCSAIBSYSA-N,C6H14N4O2,174.2,,confirmed_organic,organic_reagent,derived:supplier_platform,Shimi Merck,Shimi Merck + https://shimimerck.ir/d-arginine.html,ai_normalized|live_supplier_catalogue,,https://shimimerck.ir/d-arginine.html,d arginine,model_fleet+pubchem,ai_model_fleet + live_web_catalogue,2026-08-27,41f32ef52331cf3ca0bbb201bce288869148cb49e5a0dd703bfb7894a4283f81
Demecolcine,Colcemid,"Demecolcine; Colcemid; (7S)-1,2,3,10-tetramethoxy-7-(methylamino)-6,7-dihydro-5H-benzo[a]heptalen-9-one",477-30-5,220401,,,NNJPGOLRFBJNIW-HNNXBMFYSA-N,C21H25NO5,371.4,CN[C@H]1CCC2=CC(=C(C(=C2C3=CC=C(C(=O)C=C13)OC)OC)OC)OC,confirmed_organic,pharmaceutical_or_api,,,merckmillipore; telegram:labshop + t.me/ChemIranSanat,ai_normalized|telegram,listing_evidence_crawled_2026-08-23,https://t.me/ChemIranSanat/276,"تعداد محدودی colsemid گیبکو موجود میباشد 09121161187 || 15212-012 GIBCO COLCEMID
موجود و آماده تحویل

 🆔 @ChemIran1",ai_resolved+pubchem,ai_model_fleet + seed_2026-08-24 + seed_2026-08-25,2026-08-23,9ce4ef200938ab6aca54ca063119720771f407ab1da5b579f3f62796fad00d31
Dexamethasone Sodium Phosphate,dexamethasone sodium phosphate,"Dexamethasone Sodium Phosphate; dexamethasone sodium phosphate; disodium;[2-[(8S,9R,10S,11S,13S,14S,16R,17R)-9-fluoro-11,17-dihydroxy-10,13,16-trimethyl-3-oxo-6,7,8,11,12,14,15,16-octahydrocyclopenta[a]phenanthren-17-yl]-2-oxoethyl] phosphate",,16961,,,PLCQGRYPOISRTQ-FCJDYXGNSA-L,C22H28FNa2O8P,516.4,C[C@@H]1C[C@H]2[C@@H]3CCC4=CC(=O)C=C[C@@]4([C@]3([C@H](C[C@@]2([C@]1(C(=O)COP(=O)([O-])[O-])O)C)O)F)C.[Na+].[Na+],confirmed_organic,pharmaceutical_or_api,,,Temad,web_catalogue,listing_evidence_crawled_2026-08-23,https://www.temad.com/product/oxymorphone-hcl/,Dexamethasone Sodium Phosphate,ai_resolved+pubchem,seed_2026-08-24 + seed_2026-08-25,2026-08-23,fe8a2751c28f84ef0982e6ef9ebbf251d4fcd2a9a868afac553f5610ec06ddee
Dextromethorphan Hydrobromide,Dextromethorphan Hydrobromide,"Dextromethorphan Hydrobromide; (1S,9S,10S)-4-methoxy-17-methyl-17-azatetracyclo[7.5.3.01,10.02,7]heptadeca-2(7),3,5-triene;hydrobromide",,5464025,,,MISZALMBODQYFT-URVXVIKDSA-N,C18H26BrNO,352.3,CN1CC[C@@]23CCCC[C@@H]2[C@@H]1CC4=C3C=C(C=C4)OC.Br,confirmed_organic,pharmaceutical_or_api,,,Temad,web_catalogue,listing_evidence_crawled_2026-08-23,https://www.temad.com/product/pioglitazone-hcl/,Dextromethorphan Hydrobromide,pubchem_direct,seed_2026-08-24 + seed_2026-08-25,2026-08-23,54b4d3f5cc6749950b9134f0611598841771ef842e20b59c8356e742ca5414ab
di(imidazol-1-yl)methanone,"1,1'-Carbonyldiimidazole","di(imidazol-1-yl)methanone; 1,1'-Carbonyldiimidazole",530-62-1,68263,,,PFKFTWBEEFSNDU-UHFFFAOYSA-N,C7H6N4O,162.15,C1=CN(C=N1)C(=O)N2C=CN=C2,confirmed_organic,organic_reagent,,,t.me/ChemIranSanat + telegram:ChemIranSanat,Iranian supplier Telegram catalogue|ai_normalized,listing_evidence_crawled_2026-08-24,https://t.me/ChemIranSanat/1535,"N,N'-Carbonyldiimidazole | 003800 Fluorochem N,N'-Carbonyldiimidazole (CDI) 50g 🔜 موجود و آماده تحویل ✅ شیمیران صنعت فقط اصلی 📱 سفارش کالا 👇 🆔 @ChemIranAdmin 🆔 @ChemIran1 || 1,1′-Carbonyldiimidazole (CDI) ≥98.0%
موجود و آماده تحویل
خرده فروشی نیز دارد.

 ✅ شیمیران صنعت فقط اصلی
 ❓ درخواست قیمت یا سف",ai_normalised_listing+pubchem_confirmed,ai_model_fleet + seed_2026-08-24 + seed_2026-08-25,2018-09-22,ee426a75b14b0a78fedaa27bf76283abc58c60c72824624742dcbe64e4a1c034
di-N-Octyl Phthalate,Dioctyl phthalate,,,8346,,,MQIUGAXCHLFZKX-UHFFFAOYSA-N,C24H38O4,390.6,CCCCCCCCOC(=O)C1=CC=CC=C1C(=O)OCCCCCCCC,confirmed_organic,organic_reagent,,,jahaneshimicom + t.me/IranChemicals + t.me/jahaneshimicom,ai_normalized|telegram,listing_evidence_crawled_2026-08-23,https://t.me/jahaneshimicom/109,"سلام یک بشکه روغن DOP برای رنگ زیره کفش نیاز داریم 09191138854 || 🔥 آتش سوزی گسترده در 

 🟥 کارخانه #مولدان 
 ✅ تولید کننده روغن DOP 
 ✅ بزرگترین وارد کننده فنل ایران

 🔥 آتش سوزی مهیب صبح ۱۲ اردیبهشت ۱۴۰۰ در شهرک صنعتی شکوهیه قم 

 🔥 شهرک تخلیه و تعطیل شد
 👇 
 🔴 https://t.me/Iranchemi || روغن DOP ب",ai_resolved+pubchem,ai_model_fleet + seed_2026-08-24 + seed_2026-08-25,2026-08-23,3bb9e45c3e19af2c6237ba4a6ee18521e4473ac7a1a021fc3156562081f12fc1
diacetyl monoxime,,,,6409633,,,FSEUPUDHEBLWJY-HWKANZROSA-N,C4H7NO2,101.1,,confirmed_organic,organic_reagent,derived:supplier_platform,Shimi Merck,Shimi Merck + https://shimimerck.ir/diacetyl-monoxime.html,ai_normalized|live_supplier_catalogue,,https://shimimerck.ir/diacetyl-monoxime.html,diacetyl monoxime,model_fleet+pubchem,ai_model_fleet + live_web_catalogue,2026-08-27,652d9b39503ad76dcff3e4f59d3d6067851ca301c1dbf78491b4d6665f817d23
diazanium;carbonate,,,,517111,,,PRKQVKDSMLBJBJ-UHFFFAOYSA-N,CH8N2O3,96.09,,confirmed_organic,organic_reagent,derived:supplier_platform,,t.me/chemgroup,ai_normalized,,https://t.me/chemgroup/3648,"✅ شناسایی کاتیون ها و نوع فلز با استفاده از محلول هیدروکسید سدیم یا محلول آبی آمونیاک
 #ارسالی_کاربران 
 @ChemGroup",model_fleet+pubchem,ai_model_fleet,2026-08-27,1f6ecb7df328d5382eeb44319db99bf0fd778c18aaae2b031c7adedcc8c76082
dibenzothiophene,Dibenzothiophene,dibenzothiophene; Dibenzothiophene,,3023,,,IYYZUPMFVPLQIF-UHFFFAOYSA-N,C12H8S,184.26,C1=CC=C2C(=C1)C3=CC=CC=C3S2,confirmed_organic,organic_reagent,,research,Shimi Merck + Telegram: minatajhiz + t.me/minatajhiz,Iranian supplier Telegram catalogue|ai_normalized|telegram,listed_not_current_stock_verified,https://shimimerck.ir/dibenzothiophene-820409.html,dibenzothiophene,existing skill export,ai_model_fleet + live_telegram_listing + seed_2026-08-24 + seed_2026-08-25,2026-08-23,1f18f1864a225a167be10cf6d0803a6f676e34b5527f37dd0e3cc0a2da6d653c
dibenzothiophene 5-oxide,,,,13898,,,NGDPCAMPVQYGCW-UHFFFAOYSA-N,C12H8OS,200.26,,confirmed_organic,organic_reagent,derived:supplier_platform,,t.me/IranChemicals,ai_normalized,,https://t.me/IranChemicals/31330,"🔴 #فروش 

 دی بوتیل تین اکساید
DBTO

چینی درجه ۱ برای صنایع رنگ و رزین 


09123262329",model_fleet+pubchem,ai_model_fleet,2026-08-27,675f2026cd4d83493350ddcb777706ff317daa190e2dae49ebd890377309e44d
dibutyl phthalate,,,,3026,,,DOIRQSBPFJWKBE-UHFFFAOYSA-N,C16H22O4,278.34,,confirmed_organic,organic_reagent,derived:supplier_platform,ArChem,ArChem + https://archemco.com/our-product/plasticizer/dibutyl-phthalate/,ai_normalized|live_supplier_catalogue,,https://archemco.com/our-product/plasticizer/dibutyl-phthalate/,dibutyl phthalate,model_fleet+pubchem,ai_model_fleet + live_web_catalogue,2026-08-27,4e9e3f03be241e625911a4a1d1cad0941ba07cb58c69b9e2495f96c914adc6eb
dibutyl(oxo)tin,Dibutyltin oxide,dibutyl(oxo)tin; Dibutyltin oxide,818-08-6,61221,,,JGFBRKRYDCGYKD-UHFFFAOYSA-N,C8H18OSn,248.94,CCCC[Sn](=O)CCCC,confirmed_organic,organic_reagent,,research,Telegram: minatajhiz + t.me/IranChemicals + t.me/minatajhiz,Iranian supplier Telegram catalogue|ai_normalized|telegram,listed_not_current_stock_verified,https://t.me/IranChemicals/31330,"dibutyl(oxo)tin || 🔴 #فروش 

 دی بوتیل تین اکساید
DBTO

چینی درجه ۱ برای صنایع رنگ و رزین 


09123262329",existing skill export,ai_model_fleet + live_telegram_listing + seed_2026-08-24 + seed_2026-08-25,2026-08-23,0cd5a89fb271122eaa2906bc613f08a5574a06239f263ba4ad933a8fc79885d0
dichloromethane,Dichloromethane,dichloromethane; Dichloromethane,75-09-2,6344,,,YMWUJEATGCHHMB-UHFFFAOYSA-N,CH2Cl2,84.93,C(Cl)Cl,confirmed_organic,organic_reagent,,research,Fardad Shimi; TamadKala; Telegram: ChemIranSanat; Mojallali Group; ShimiMan + https://drm-chem.com/en/product/dichloromethane/ + t.me/Ch_Chemical_leaders + t.me/ChemIranSanat + t.me/IranChemicals,Iranian online lab-chemical shop | Iranian online wholesale/lab shop | Iranian supplier Telegram catalogue|ai_normalized,listed_not_current_stock_verified | product_page_listed_not_current_stock_verified,https://t.me/IranChemicals/23419,dichloromethane | دی کلرو متان | دی کلرومتان extra pure دکتر مجللی 2 | ... | دی کلرومتان extra pure دکتر مجللی | ... | دی کلرومتان laboratory دکتر مجللی | ... | دی کلرومتان دکتر مجللی | دی کلرومتان قطران شیمی | ... || Dichloromethane Honeywell | Riedel موجود و آماده تحویل ✅ شیمیران صنعت فقط اصلی ❓ د,existing skill export | router_title_normalization,ai_model_fleet + live_telegram_listing + live_web_catalogue + seed_2026-08-24 + seed_2026-08-25,2026-08-23,3b7fe27c295b1fce84dc1ebbd91816565a1a25255e7b1cdd10a5856f127358f3
dicopper;carbonate;dihydroxide,Malachite,,1319-53-5,25503,,,ZMMDPCMYTCRWFF-UHFFFAOYSA-J,CH2Cu2O5,221.12,C(=O)([O-])[O-].[OH-].[OH-].[Cu+2].[Cu+2],confirmed_organic,colorant_or_indicator,,,telegram:chemgroup,Iranian supplier Telegram catalogue,listing_evidence_crawled_2026-08-24,https://t.me/chemgroup/3596,,ai_normalised_listing+pubchem_confirmed,seed_2026-08-24 + seed_2026-08-25,2017-07-20,f3d1dbe96611929c7130db933f6b15d01e8873c98ad250a58ea3e5af194c368a
didecyl(dimethyl)azanium chloride,Didecyldimethylammonium Chloride,,,23558,,,RUPBZQFQVRMKDG-UHFFFAOYSA-M,C22H48ClN,362.1,CCCCCCCCCC[N+](C)(C)CCCCCCCCCC.[Cl-],confirmed_organic,cosmetic_raw_material,,,telegram:minatajhiz,Iranian supplier Telegram catalogue,listing_evidence_crawled_2026-08-24,https://t.me/minatajhiz/475,,ai_normalised_listing+pubchem_confirmed,seed_2026-08-24 + seed_2026-08-25,2018-12-03,a0ff55e9d24291ffd0a7ff1e050b32cb18149279c421ad0007e58ed98da75335
didecyldimethylammonium bromide,,,,16957,,,UMGXUWVIJIQANV-UHFFFAOYSA-M,C22H48BrN,406.5,,confirmed_organic,organic_reagent,derived:supplier_platform,Shimi Merck,Shimi Merck + https://shimimerck.ir/didecyldimethylammonium-bromide.html,ai_normalized|live_supplier_catalogue,,https://shimimerck.ir/didecyldimethylammonium-bromide.html,didecyldimethylammonium bromide,model_fleet+pubchem,ai_model_fleet + live_web_catalogue,2026-08-27,2d847180faed34352e9bfe328e11306fa58f38666a80a6322fb6acf7a6221aca
diethoxy-(4-nitrophenoxy)-sulfanylidene-lambda5-phosphane,,,,991,,,LCCNCVORNKJIRZ-UHFFFAOYSA-N,C10H14NO5PS,291.26,,confirmed_organic,pharmaceutical_or_api,derived:supplier_platform,,t.me/ATRmedShop,ai_normalized,,https://t.me/ATRmedShop/375,"مخلوط dNTPگرید 40PCRمیلی‌مولار 
مخلوط dNTP گرید 40PCRمیلی‌مولار ، ترکیبی از چهار نوکلئوتید dATP، dCTP، dGTP و dTTP است که با خلوص ...
برای ادامه مطالب، مشاهده و خرید آنلاین این محصول به لینک زیر مراجعه فرمایید:
 https://",model_fleet+pubchem,ai_model_fleet,2026-08-27,66e38d6aee8a39363e4e347b2c49893a4184d6f66255c9d3b7ed60ac7a22f0e7
diethoxymethoxyethane,,,,31214,,,GKASDNZWUGIAMG-UHFFFAOYSA-N,C7H16O3,148.2,,confirmed_organic,pharmaceutical_or_api,derived:supplier_platform,,t.me/ATRmedShop,ai_normalized,,https://t.me/ATRmedShop/428,"ترکیب بورون تری فلورید دی اتیل اتر 
ترکیب بورون تری فلورید دی اتیل اتر دارای فرمول شیمیایی C4H10O. BF3 است و یک مایع بی رنگ می‌باشد، اگرچه نمونه های ...
برای ادامه مطالب، مشاهده و خرید آنلاین این محصول به لینک زیر مراجعه",model_fleet+pubchem,ai_model_fleet,2026-08-27,3ea4e1d6b51dafd5e579a29ec321172b81098800b1314550e386bf91953a9c80
diethyl 2-dimethoxyphosphinothioylsulfanylbutanedioate,,,,4004,,,JXSJBGJIGXNWCI-UHFFFAOYSA-N,C10H19O6PS2,330.4,,confirmed_organic,organic_reagent,derived:supplier_platform,,Shimi Merck,ai_normalized,,https://shimimerck.ir/buy-malathion.html,buy malathion,model_fleet+pubchem,ai_model_fleet,2026-08-27,ad4c6f187666655aa74f1aa1fe4f3ebc77c3233d35528d23eb9a9f0d0a0a2a54
diethyl azodicarboxylate,,,,5462977,,,FAMRKDQNMBBFBR-BQYQJAHWSA-N,C6H10N2O4,174.15,,confirmed_organic,organic_reagent,derived:supplier_platform,Shimi Merck,Shimi Merck + https://shimimerck.ir/diethyl-azodicarboxylate.html,ai_normalized|live_supplier_catalogue,,https://shimimerck.ir/diethyl-azodicarboxylate.html,diethyl azodicarboxylate,model_fleet+pubchem,ai_model_fleet + live_web_catalogue,2026-08-27,d5d6e69f2061f891412c2b8489f8087f637b8a529534fa7b60fbe93647762604
Diethyl Pyrocarbonate,Diethyl Pyrocarbonate,Diethyl Pyrocarbonate; ethoxycarbonyl ethyl carbonate; Diethyl dicarbonate,,3051,,,FFYPMLJYZAEMQB-UHFFFAOYSA-N,C6H10O5,162.14,CCOC(=O)OC(=O)OCC,confirmed_organic,organic_reagent,,research,t.me/minatajhiz + telegram:minatajhiz,telegram|telegram:minatajhiz,telegram_listing_evidence,https://t.me/s/minatajhiz,دی اتیل دی کربنات Diethyl dicarbonate کد محصول مرک: 841751 واردات جدید مرک,structured_pubchem,live_telegram_listing + seed_2026-08-24 + seed_2026-08-25,2026-08-23,3977fda17fb07eafd1bf923aa1a7ffb126a142af45b60bb382d4b719a8a0c04f
Diethylzinc,Diethylzinc,,557-20-0,101667988,,,HQWPLXHWEZZGKY-UHFFFAOYSA-N,C4H10Zn,123.5,C[CH2].C[CH2].[Zn],confirmed_organic,organic_reagent,,,telegram:fanchem,Iranian supplier Telegram catalogue,listing_evidence_crawled_2026-08-24,https://t.me/fanchem/277,,ai_normalised_listing+pubchem_confirmed,seed_2026-08-24 + seed_2026-08-25,2023-06-24,7804fc407181c7fad30f5e1ec195a9b4ac7076cf6a02c6844b86f5d15d9c99df
diiodomethane,Diiodomethane,diiodomethane; Diiodomethane,75-11-6,6346,,,NZZFYRREKKOMAT-UHFFFAOYSA-N,CH2I2,267.835,C(I)I,confirmed_organic,organic_reagent,,,TamadKala,Iranian online wholesale/lab shop,product_page_listed_not_current_stock_verified,https://tamadkala.com/product/42012/%D8%AF%DB%8C%D9%88%D8%AF%D9%88-%D9%85%D8%AA%D8%A7%D9%86,دیودو متان,router_title_normalization,seed_2026-08-24 + seed_2026-08-25,2026-08-23,8ee9dda38746f207787695a44297bc22f33b2aea1ecf5b0d12a70da98abb9157
diisopropyl ether,,,,7914,,,ZAFNJMIOTHYJRJ-UHFFFAOYSA-N,C6H14O,102.17,,confirmed_organic,organic_reagent,derived:supplier_platform,Shimi Merck,Shimi Merck + https://shimimerck.ir/diisopropyl-ether.html,ai_normalized|live_supplier_catalogue,,https://shimimerck.ir/diisopropyl-ether.html,diisopropyl ether,model_fleet+pubchem,ai_model_fleet + live_web_catalogue,2026-08-27,3780e8628e8a8634f62a321c78bdafd61874946436eb7e8e4c51dd21b855c68a
dilithium;carbonate,dilithium;carbonate,dilithium;carbonate,554-13-2,11125,,,XGZVUEUWXADBQD-UHFFFAOYSA-L,CLi2O3,73.9,[Li+].[Li+].C(=O)([O-])[O-],confirmed_organic,organic_reagent,derived:supplier_platform,,Mojallali Group,Iranian WooCommerce catalogue,product_page_listed_not_current_stock_verified,https://drm-chem.com/en/product/lithium-carbonate-en/,Lithium carbonate,cas_pubchem,seed_2026-08-25,2026-08-25,064aefc6f5404284e6660876f6af80c8c45403c49620b9c1d3da7712e7c6d806
dimethoxymethane,Dimethoxymethane,,,8020,,,NKDDWNXOKDWJAK-UHFFFAOYSA-N,C3H8O2,76.09,COCOC,confirmed_organic,organic_reagent,,ArChem,ArChem + https://archemco.com/our-product/solvent/methylal/ + telegram:minatajhiz,Iranian supplier Telegram catalogue|ai_normalized|live_supplier_catalogue,listing_evidence_crawled_2026-08-24,https://archemco.com/2023/09/07/methylal-specifications-and-applications/,فرمالدهید دی متیل استال Formaldehyde dimethyl acetal کد محصول مرک 806017 واردات جدید مرک || methylal specifications and applications,ai_normalised_listing+pubchem_confirmed,ai_model_fleet + live_web_catalogue + seed_2026-08-24 + seed_2026-08-25,2024-01-08,bea6c94116e2467e8f6a222925fe346f3f924ff0d6da9636c1e0da5906e79285
dimethyl (Z)-but-2-enedioate,Dimethyl maleate,dimethyl (Z)-but-2-enedioate; Dimethyl maleate,,5271565,,,LDCRTTXIJACKKU-ARJAWSKDSA-N,C6H8O4,144.12,COC(=O)/C=C\C(=O)OC,confirmed_organic,organic_reagent,,research,Telegram: minatajhiz + t.me/minatajhiz,Iranian supplier Telegram catalogue|telegram,listed_not_current_stock_verified,https://t.me/s/minatajhiz,dimethyl (Z)-but-2-enedioate,existing skill export,live_telegram_listing + seed_2026-08-24 + seed_2026-08-25,2026-08-23,ba87dd77e4ba8ba28a0e9f6a3ab1e71f634c217407c71c8d74721622890c9c59
dimethyl 2-methylidenebutanedioate,dimethyl 2-methylidenebutanedioate,,617-52-7,69240,,,ZWWQRMFIZFPUAA-UHFFFAOYSA-N,C7H10O4,158.15,COC(=O)CC(=C)C(=O)OC,confirmed_organic,pharmaceutical_or_api,derived:supplier_platform,research,t.me/ATRmedShop + telegram:ATRmedShop,ai_normalized|public Telegram (seller_research)|telegram,product_page_listed_not_current_stock_verified,https://t.me/ATRmedShop/725,Dimethyl itaconate | خرید دی متیل ایتاکونات ‌‏⁧ ‌‌‏‌محصولات سیگما اصل را از ما بخواهید. 👇 واردات و فروش مواد شیمیایی سیگما 👇 ‌‌ ‌ ☎️ تلفن: ۰۲۱۶۶۳۶۱۵۴۳-۶۶۳۷۹۰۲۶-۰۲۱ ‌ 📱 موبایل: 09120549893 🌐 لینک محصول : https://atrmed.com/product/dimethyl-itaconate/?v=e067b3c6b979 #آثل_طب #مواد_ازمایشگاه #مواد_شیمیا,router_batch+pubchem,ai_model_fleet + live_telegram_listing + seed_2026-08-25,2026-08-25,ac16ad8b9588d6adc48d49323c0c493e6882c5e5e1ecd75cf9847649fc9c291b
"dimethyl 5-aminobenzene-1,3-dicarboxylate",Dimethyl 5-aminoisophthalate,,99-27-4,66831,,,DEKPYXUDJRABNK-UHFFFAOYSA-N,C10H11NO4,209.20,COC(=O)C1=CC(=CC(=C1)N)C(=O)OC,confirmed_organic,organic_reagent,,,telegram:ChemIranSanat,Iranian supplier Telegram catalogue,listing_evidence_crawled_2026-08-24,https://t.me/ChemIranSanat/1979,,ai_normalised_listing+pubchem_confirmed,seed_2026-08-24 + seed_2026-08-25,2021-04-12,3a69210eed4d75c94c49cb56947f220a7914a4de137b875e79823e16bbca90a1
dimethyl butanedioate,dimethyl butanedioate,dimethyl butanedioate,106-65-0,7820,,,MUXOBHXGJLMRAB-UHFFFAOYSA-N,C6H10O4,146.14,,confirmed_organic,organic_reagent,derived:supplier_platform,,TamadKala,Iranian online wholesale/lab shop,product_page_listed_not_current_stock_verified,https://tamadkala.com/product/17307/اسید-آمینه-ال-پرولین-bioultra,L-Proline | اسید آمینه ال پرولین bioultra,ai_hop:arena-router+pubchem,seed_2026-08-25,2026-08-25,a6fe7e15044f6d5330e50c6e1990e1c155754b1f8deee76947280ebc0e690462
dimethyl carbonate,Dimethyl Carbonate,,616-38-6,12021,,,IEJIGPNLZYLLBP-UHFFFAOYSA-N,C3H6O3,90.08,COC(=O)OC,confirmed_organic,organic_reagent,,,telegram:minatajhiz,Iranian supplier Telegram catalogue,listing_evidence_crawled_2026-08-24,https://t.me/minatajhiz/121,,ai_normalised_listing+pubchem_confirmed,seed_2026-08-24 + seed_2026-08-25,2017-10-11,c97e4aacdd581293d838999402b565d1e9219d3ab539b1ebe0fb2881211d0d6b
dimethyl decanedioate,Dimethyl sebacate,dimethyl decanedioate; Dimethyl sebacate,106-79-6,7829,,,ALOUNLDAKADEEB-UHFFFAOYSA-N,C12H22O4,230.30,COC(=O)CCCCCCCCC(=O)OC,confirmed_organic,organic_reagent,,,TamadKala,Iranian online wholesale/lab shop,product_page_listed_not_current_stock_verified,https://tamadkala.com/product/101083/%D8%AF%DB%8C-%D9%85%D8%AA%DB%8C%D9%84-%D8%B3%D8%A8%D8%A7%D8%B3%D8%A7%D8%AA-%D8%B3%DB%8C%DA%AF%D9%85%D8%A7,دی متیل سباسات سیگما,router_title_normalization,seed_2026-08-24 + seed_2026-08-25,2026-08-23,912ff6c395164f133d1667d24efc4b2feac31807e1924665b04cfa5e1191c404
dimethyl oxalate,,,,11120,,,LOMVENUNSWAXEN-UHFFFAOYSA-N,C4H6O4,118.09,,confirmed_organic,organic_reagent,derived:supplier_platform,,Shimi Merck,ai_normalized,,https://shimimerck.ir/dimethyl-oxalate-822115.html,dimethyl oxalate,model_fleet+pubchem,ai_model_fleet,2026-08-27,be1f5d76325e2ae2a04adb844ed835c28e15510ccf66d4741bac817bf7a053d9
dimethyl phthalate,,,,8554,,,NIQCNGHVCWTJSM-UHFFFAOYSA-N,C10H10O4,194.18,,confirmed_organic,organic_reagent,derived:supplier_platform,Shimi Merck,Shimi Merck + https://shimimerck.ir/dimethyl-phthalate.html,ai_normalized|live_supplier_catalogue,,https://shimimerck.ir/%d8%ae%d8%b1%db%8c%d8%af-%d8%af%db%8c-%d9%85%d8%aa%db%8c%d9%84-%d9%81%d8%aa%d8%a7%d9%84%d8%a7%d8%aa.html,خرید دی متیل فتالات,model_fleet+pubchem,ai_model_fleet + live_web_catalogue,2026-08-27,f807be85e4d48c2769add43397e3a0812979ab03179851ed52aef799b021d65f
Dimethylamine-borane,Dimethylamine-borane,,,6328035,,,RJTANRZEWTUVMA-UHFFFAOYSA-N,C2H7BN,55.90,[B].CNC,confirmed_organic,organic_reagent,,,telegram:minatajhiz,Iranian supplier Telegram catalogue,listing_evidence_crawled_2026-08-24,https://t.me/minatajhiz/993,,ai_normalised_listing+pubchem_confirmed,seed_2026-08-24 + seed_2026-08-25,2023-03-04,3b2628b456760c3356e69ddb12f13551307cf05570be7e58fc6e4cd9afa32ebd
dioxolane,,,,12586,,,WNXJIVFYUVYPPR-UHFFFAOYSA-N,C3H6O2,74.08,,confirmed_organic,organic_reagent,derived:supplier_platform,ArChem,ArChem + https://archemco.com/our-product/solvent/dioxolane/,ai_normalized|live_supplier_catalogue,,https://archemco.com/our-product/solvent/dioxolane/,dioxolane,model_fleet+pubchem,ai_model_fleet + live_web_catalogue,2026-08-27,61ef969d672ad2348bc88385e678ae3d78439547e634a69e6efa73ac05e6ec5d
diphenylmethanone,Benzophenone,diphenylmethanone; Benzophenone,119-61-9,3102,,,RWCCWEUUXYIKHB-UHFFFAOYSA-N,C13H10O,182.22,C1=CC=C(C=C1)C(=O)C2=CC=CC=C2,confirmed_organic,organic_reagent,,research,Shimi Merck + TamadKala; Telegram: minatajhiz; Mojallali Group + t.me/minatajhiz,Iranian online wholesale/lab shop | Iranian supplier Telegram catalogue|ai_normalized|telegram,listed_not_current_stock_verified | product_page_listed_not_current_stock_verified,https://shimimerck.ir/benzofonone.html,diphenylmethanone | فروش بنزوفنون || benzofonone,existing skill export | router_title_normalization,ai_model_fleet + live_telegram_listing + seed_2026-08-24 + seed_2026-08-25,2026-08-23,b1e4a0f085bfb699d759b599daf01a65f9cdee56e0503895c5287757f4bd925d
diphenylphosphine,,,,70017,,,GPAYUJZHTULNBE-UHFFFAOYSA-N,C12H11P,186.19,,confirmed_organic,organic_reagent,derived:supplier_platform,Shimi Merck,Shimi Merck + https://shimimerck.ir/diphenylphosphine.html,ai_normalized|live_supplier_catalogue,,https://shimimerck.ir/diphenylphosphine.html,diphenylphosphine,model_fleet+pubchem,ai_model_fleet + live_web_catalogue,2026-08-27,7e324f740a322ad18e75476f9f405d80e058c1a4dbad30739fdc25495e8d94fa
"diphenylphosphoryl-(2,4,6-trimethylphenyl)methanone","2,4,6-Trimethylbenzoyl diphenylphosphine oxide",,75980-60-8,166480,,,VFHVQBAGLAREND-UHFFFAOYSA-N,C22H21O2P,348.4,CC1=CC(=C(C(=C1)C)C(=O)P(=O)(C2=CC=CC=C2)C3=CC=CC=C3)C,confirmed_organic,organic_reagent,,,telegram:IranChemicals,Iranian supplier Telegram catalogue,listing_evidence_crawled_2026-08-24,https://t.me/Iranchemicals/29783,,ai_normalised_listing+pubchem_confirmed,seed_2026-08-24 + seed_2026-08-25,2025-09-12,3748a61c7358534500254a68241795bd9d63b804a7fd8df041927d6d2e6168be
"dipotassium;bis(antimony(3+));bis((2R,3R)-2,3-dioxidobutanedioate);trihydrate",,,,73415808,,,WBTCZEPSIIFINA-MSFWTACDSA-J,C8H10K2O15Sb2,667.87,,confirmed_organic,organic_reagent,derived:supplier_platform,,Shimi Merck,ai_normalized,,https://shimimerck.ir/buy-potassium-antimony-oxytartrate.html,buy potassium antimony oxytartrate,model_fleet+pubchem,ai_model_fleet,2026-08-27,d6be4021ed7329d590b2307482cdc8662de2048ec240da17c6ffed4977a276c9
Disodium chromotropate dihydrate,Chromotropic acid disodium salt dihydrate,"Disodium chromotropate dihydrate; Chromotropic acid disodium salt dihydrate; disodium;4,5-dihydroxynaphthalene-2,7-disulfonate;dihydrate",5808-22-0,2723846,,,QUEAKWJKJBFNEG-UHFFFAOYSA-L,C10H10Na2O10S2,400.3,C1=C2C=C(C=C(C2=C(C=C1S(=O)(=O)[O-])O)O)S(=O)(=O)[O-].O.O.[Na+].[Na+],confirmed_organic,organic_reagent,,,Mojallali Group,web_catalogue,listing_evidence_crawled_2026-08-23,https://drm-chem.com/en/product/chromotropic-acid-disodium-salt-dihydrate-lab-en/,Chromotropic acid disodium salt dihydrate,pubchem_direct,seed_2026-08-24 + seed_2026-08-25,2026-08-23,57ccb47d540adf3aebd6f4291e3061ee19ba032a7a671ed54eccb2499aa114df
"disodium;(2,3,4,5-tetrahydroxy-6-oxohexyl) phosphate",,,,14029765,,,VQLXCAHGUGIEEL-UHFFFAOYSA-L,C6H11Na2O9P,304.1,,confirmed_organic,organic_reagent,derived:supplier_platform,,Shimi Merck,ai_normalized,,https://shimimerck.ir/buy-diglucose-6-phosphate-disodium.html,buy diglucose 6 phosphate disodium,model_fleet+pubchem,ai_model_fleet,2026-08-27,2069f2b462e0827f6fffb7f7856d065c6ca9df698ce97bea254b7b18c3b821b5
"disodium;(2S,5R,6R)-6-[(2-carboxylato-2-phenylacetyl)amino]-3,3-dimethyl-7-oxo-4-thia-1-azabicyclo[3.2.0]heptane-2-carboxylate",,,,20933,,,RTYJTGSCYUUYAL-YCAHSCEMSA-L,C17H16N2Na2O6S,422.4,,confirmed_organic,pharmaceutical_or_api,derived:supplier_platform,,t.me/ATRmedShop,ai_normalized,,https://t.me/ATRmedShop/807,"آنتی‌ بیوتیک کاربنی سیلین دی سدیم سالت 
توضیحات کلی
آنتی‌ بیوتیک کاربنی سیلین دی سدیم سالت برای انتخاب سلول‌های ترانسفرم‌شده ampr و مطالعه نقش ترانس پپتیدازهای حساس به پنی‌سیلین در بیوسنتز دیواره سلولی استفاده می‌شود. نم",model_fleet+pubchem,ai_model_fleet,2026-08-27,5ba5828d82d673b3a307f45d383ce2ab0fa1fee603329176531b665b44bfa8a5
"disodium;(3Z)-3-[(4-amino-3-sulfonatophenyl)-(4-amino-3-sulfophenyl)methylidene]-6-imino-5-methylcyclohexa-1,4-diene-1-sulfonate",Acid Fuchsin,"disodium;(3Z)-3-[(4-amino-3-sulfonatophenyl)-(4-amino-3-sulfophenyl)methylidene]-6-imino-5-methylcyclohexa-1,4-diene-1-sulfonate; Acid Fuchsin",3244-88-0,5464362,16219374,,WZRZTHMJPHPAMU-UHFFFAOYSA-L,C20H17N3Na2O9S3,585.5,CC1=C/C(=C(/C2=CC(=C(C=C2)N)S(=O)(=O)O)\C3=CC(=C(C=C3)N)S(=O)(=O)[O-])/C=C(C1=N)S(=O)(=O)[O-].[Na+].[Na+],confirmed_organic,organic_reagent,,,Mojallali Group + TamadKala,Iranian WooCommerce catalogue|Iranian online wholesale/lab shop,product_page_listed_not_current_stock_verified,https://tamadkala.com/product/173640/%D9%85%D8%B9%D8%B1%D9%81-%D9%81%D9%88%D8%B4%DB%8C%D9%86-%D8%A7%D8%B3%DB%8C%D8%AF%DB%8C-%D8%AF%DA%A9%D8%AA%D8%B1%D9%85%D8%AC%D9%84%D9%84%DB%8C,معرف فوشین اسیدی دکترمجللی,router_title_normalization,seed_2026-08-24 + seed_2026-08-25,2026-08-23,575d283cc153fa7a205d9bd9ad2868504074744d1c7b720f76aad9f308646930
"disodium;2-(2,4,5,7-tetrabromo-3-oxido-6-oxoxanthen-9-yl)benzoate",Eosin,"disodium;2-(2,4,5,7-tetrabromo-3-oxido-6-oxoxanthen-9-yl)benzoate; Eosin",15086-94-9,11048,,yes,SEACYXSIPDVVMV-UHFFFAOYSA-L,C20H6Br4Na2O5,691.9,C1=CC=C(C(=C1)C2=C3C=C(C(=O)C(=C3OC4=C(C(=C(C=C24)Br)[O-])Br)Br)Br)C(=O)[O-].[Na+].[Na+],confirmed_organic,colorant_or_indicator,,research,TamadKala; Mojallali Group,Iranian online wholesale/lab shop,product_page_listed_not_current_stock_verified,https://tamadkala.com/product/23480/%D8%A7%D8%A6%D9%88%D8%B2%DB%8C%D9%86-acs-%D8%AF%DA%A9%D8%AA%D8%B1-%D9%85%D8%AC%D9%84%D9%84%DB%8C,ائوزین acs دکتر مجللی,router_title_normalization,seed_2026-08-24 + seed_2026-08-25,2026-08-23,382f508b6b76a3da6cde17d0ba8097332efad2af4a3302ff1dd74ba69433eaec
disodium;2-(3-hydroxy-5-sulfonato-1H-indol-2-yl)-3-oxoindole-5-sulfonate,Indigo carmine,disodium;2-(3-hydroxy-5-sulfonato-1H-indol-2-yl)-3-oxoindole-5-sulfonate; Indigo carmine,860-22-0,2723854,,,JFVXEJADITYJHK-UHFFFAOYSA-L,C16H8N2Na2O8S2,466.4,C1=CC2=C(C=C1S(=O)(=O)[O-])C(=C(N2)C3=NC4=C(C3=O)C=C(C=C4)S(=O)(=O)[O-])O.[Na+].[Na+],confirmed_organic,colorant_or_indicator,,research,TamadKala; Mojallali Group; telegram:ATRmedShop + t.me/ATRmedShop,Iranian online research/chemical shop | Iranian online wholesale/lab shop|ai_normalized|telegram,product_page_listed_not_current_stock_verified,https://t.me/ATRmedShop/755,"ایندیگو کارمین ACS دکتر مجللی | ایندیگو کارمین acs دکترمجللی || ایندیگو کارمین

‌‏⁧ ‌‌‏‌محصولات سیگما اصل را از ما بخواهید.

 👇 واردات و فروش مواد شیمیایی سیگما 👇 ‌‌ 
‌
 ☎️ تلفن: ۰۲۱۶۶۳۶۱۵۴۳-۶۶۳۷۹۰۲۶-۰۲۱
‌
 📱 موبایل: 09120549893

 🌐 لینک محصول :

 https://atrmed.com/product/indigo-ca",explicit_category_supplement | router_title_normalization,ai_model_fleet + live_telegram_listing + seed_2026-08-24 + seed_2026-08-25,2026-08-23,43cf50135a1a1b10e17377bd7fa61f2d269c682d734f54d0f15ee218b6e55af7
disodium;2-[2-[carboxylatomethyl(carboxymethyl)amino]ethyl-(carboxymethyl)amino]acetate,Disodium EDTA,disodium;2-[2-[carboxylatomethyl(carboxymethyl)amino]ethyl-(carboxymethyl)amino]acetate; Disodium EDTA,6381-92-6,13020083,8759,yes,ZGTMUACCHSMWAC-UHFFFAOYSA-L,C10H18N2Na2O10,336.21,C(CN(CC(=O)[O-])CC(=O)[O-])N(CC(=O)O)CC(=O)O.[Na+].[Na+],confirmed_organic,organic_reagent,,research,Fardad Shimi; Isatis Shimi; TamadKala + Shimi Merck,Iranian online chemical shops | Iranian online lab-chemical shop | Iranian online wholesale/lab shop|ai_normalized,product_page_listed_not_current_stock_verified,https://isatisshimi.com/en/product/disodium-edta/,Disodium EDTA | اتیلن دی نیتریلو تترا استیک اسید دی سدی | ادتا 2 سدیم | ادتا 4 سدیم | ادتا دی سدیم | ادتا دی سدیم ( تیتری پلکس ۳ ) MERCK | ... | ادتا دی سدیم صنعتی | تترا سدیم ادتا extra pure نوترون | دی سدیم ادتا extra pure نوترون | دی سدیم ادتات laboratory دکتر مجللی | ... | فر,router_title_normalization,ai_model_fleet + seed_2026-08-24 + seed_2026-08-25,2026-08-23,b1f544c9b695f29081f036e82566c52bad100e4f2f7aee3446990a925b8eb062
"disodium;2-[[4-[ethyl-[(3-sulfonatophenyl)methyl]amino]phenyl]-[4-[ethyl-[(3-sulfonatophenyl)methyl]azaniumylidene]cyclohexa-2,5-dien-1-ylidene]methyl]-5-hydroxybenzenesulfonate",Fast Green FCF,"disodium;2-[[4-[ethyl-[(3-sulfonatophenyl)methyl]amino]phenyl]-[4-[ethyl-[(3-sulfonatophenyl)methyl]azaniumylidene]cyclohexa-2,5-dien-1-ylidene]methyl]-5-hydroxybenzenesulfonate; Fast Green FCF",2353-45-9,16887,,,RZSYLLSAWYUBPE-UHFFFAOYSA-L,C37H34N2Na2O10S3,808.9,CCN(CC1=CC(=CC=C1)S(=O)(=O)[O-])C2=CC=C(C=C2)C(=C3C=CC(=[N+](CC)CC4=CC(=CC=C4)S(=O)(=O)[O-])C=C3)C5=C(C=C(C=C5)O)S(=O)(=O)[O-].[Na+].[Na+],confirmed_organic,organic_reagent,,,TamadKala; Mojallali Group,Iranian online wholesale/lab shop,product_page_listed_not_current_stock_verified,https://tamadkala.com/product/173739/%D9%85%D8%B9%D8%B1%D9%81-%D9%81%D8%B3%D8%AA-%DA%AF%D8%B1%DB%8C%D9%86-%D8%A7%D9%81-%D8%B3%DB%8C-%D8%A7%D9%81-%D8%AF%DA%A9%D8%AA%D8%B1-%D9%85%D8%AC%D9%84%D9%84%DB%8C,معرف فست گرین اف سی اف دکتر مجللی,router_title_normalization,seed_2026-08-24 + seed_2026-08-25,2026-08-23,da97cd9615e70955efc9fb3f1ff612e2390225d64b5cbdf036f1beb5d82e8c7d
"disodium;2-[[4-[ethyl-[(3-sulfonatophenyl)methyl]amino]phenyl]-[4-[ethyl-[(3-sulfonatophenyl)methyl]azaniumylidene]cyclohexa-2,5-dien-1-ylidene]methyl]benzenesulfonate",Brilliant Blue FCF,"disodium;2-[[4-[ethyl-[(3-sulfonatophenyl)methyl]amino]phenyl]-[4-[ethyl-[(3-sulfonatophenyl)methyl]azaniumylidene]cyclohexa-2,5-dien-1-ylidene]methyl]benzenesulfonate; Brilliant Blue FCF",3844-45-9,19700,,,SGHZXLIDFTYFHQ-UHFFFAOYSA-L,C37H34N2Na2O9S3,792.9,CCN(CC1=CC(=CC=C1)S(=O)(=O)[O-])C2=CC=C(C=C2)C(=C3C=CC(=[N+](CC)CC4=CC(=CC=C4)S(=O)(=O)[O-])C=C3)C5=CC=CC=C5S(=O)(=O)[O-].[Na+].[Na+],confirmed_organic,colorant_or_indicator,,,TamadKala,Iranian online research/chemical shop | Iranian online wholesale/lab shop,product_page_listed_not_current_stock_verified,https://tamadkala.com/product/58035/%D8%B1%D9%86%DA%AF-%D8%AE%D9%88%D8%B1%D8%A7%DA%A9%DB%8C-%D8%A8%D8%B1%D9%84%DB%8C%D8%A7%D9%86%D8%AA-%D8%A8%D9%84%D9%88%D8%A2%D8%A8%DB%8C,رنگ خوراکی برلیانت بلو آبی | رنگ خوراکی برلیانت بلوآبی,explicit_category_supplement | router_title_normalization,seed_2026-08-24 + seed_2026-08-25,2026-08-23,2db9c6b86febf508f5b567a9435b9267995ea15f048804b1095d1f1d5a0a4c3e
"disodium;3-[[N-ethyl-4-[[4-[ethyl-[(3-sulfonatophenyl)methyl]azaniumylidene]cyclohexa-2,5-dien-1-ylidene]-(4-sulfonatophenyl)methyl]anilino]methyl]benzenesulfonate",Light Green SF Yellowish,"disodium;3-[[N-ethyl-4-[[4-[ethyl-[(3-sulfonatophenyl)methyl]azaniumylidene]cyclohexa-2,5-dien-1-ylidene]-(4-sulfonatophenyl)methyl]anilino]methyl]benzenesulfonate; Light Green SF Yellowish",5141-20-8,21223,,,DGOBMKYRQHEFGQ-UHFFFAOYSA-L,C37H34N2Na2O9S3,792.9,CCN(CC1=CC(=CC=C1)S(=O)(=O)[O-])C2=CC=C(C=C2)C(=C3C=CC(=[N+](CC)CC4=CC(=CC=C4)S(=O)(=O)[O-])C=C3)C5=CC=C(C=C5)S(=O)(=O)[O-].[Na+].[Na+],confirmed_organic,organic_reagent,,,TamadKala; Mojallali Group,Iranian online wholesale/lab shop,product_page_listed_not_current_stock_verified,https://tamadkala.com/product/173749/%D9%85%D8%B9%D8%B1%D9%81-%D9%84%D8%A7%DB%8C%D8%AA-%DA%AF%D8%B1%DB%8C%D9%86-%D8%AF%DA%A9%D8%AA%D8%B1-%D9%85%D8%AC%D9%84%D9%84%DB%8C,معرف لایت گرین دکتر مجللی,router_title_normalization,seed_2026-08-24 + seed_2026-08-25,2026-08-23,95482cdb1fb7a0f6665d795fb99ce867c2629c02f8a37fc74350d9e7101cc6ae
"disodium;4',5'-dibromo-2',7'-dinitro-3-oxospiro[2-benzofuran-1,9'-xanthene]-3',6'-diolate",Eosin B,"disodium;4',5'-dibromo-2',7'-dinitro-3-oxospiro[2-benzofuran-1,9'-xanthene]-3',6'-diolate; Eosin B",548-24-3,12961637,,,QGAYMQGSQUXCQO-UHFFFAOYSA-L,C20H6Br2N2Na2O9,624.1,C1=CC=C2C(=C1)C(=O)OC23C4=CC(=C(C(=C4OC5=C(C(=C(C=C35)[N+](=O)[O-])[O-])Br)Br)[O-])[N+](=O)[O-].[Na+].[Na+],confirmed_organic,colorant_or_indicator,,,TamadKala; Mojallali Group,Iranian online wholesale/lab shop,product_page_listed_not_current_stock_verified,https://tamadkala.com/product/173548/%D8%A7%D8%A6%D9%88%D8%B2%DB%8C%D9%86-b-%DA%AF%D8%B1%DB%8C%D8%AF-indicator-%D8%AF%DA%A9%D8%AA%D8%B1-%D9%85%D8%AC%D9%84%D9%84%DB%8C,ائوزین b گرید indicator دکتر مجللی,router_title_normalization,seed_2026-08-24 + seed_2026-08-25,2026-08-23,4be89099f2a8d0f6efffcf2d9c1d7f396183c2f9ccb7648a921db51d711288a0
"disodium;4-[4-[[4-(4-sulfoanilino)phenyl]-[4-(4-sulfonatophenyl)azaniumylidenecyclohexa-2,5-dien-1-ylidene]methyl]anilino]benzenesulfonate","disodium;4-[4-[[4-(4-sulfoanilino)phenyl]-[4-(4-sulfonatophenyl)azaniumylidenecyclohexa-2,5-dien-1-ylidene]methyl]anilino]benzenesulfonate","disodium;4-[4-[[4-(4-sulfoanilino)phenyl]-[4-(4-sulfonatophenyl)azaniumylidenecyclohexa-2,5-dien-1-ylidene]methyl]anilino]benzenesulfonate",28983-56-4,76956083,,,MCPLVIGCWWTHFH-UHFFFAOYSA-M,C37H28N3Na2O9S3+,800.8,C1=CC(=[NH+]C2=CC=C(C=C2)S(=O)(=O)[O-])C=CC1=C(C3=CC=C(C=C3)NC4=CC=C(C=C4)S(=O)(=O)O)C5=CC=C(C=C5)NC6=CC=C(C=C6)S(=O)(=O)[O-].[Na+].[Na+],confirmed_organic,organic_reagent,derived:supplier_platform,,Mojallali Group,Iranian WooCommerce catalogue,product_page_listed_not_current_stock_verified,https://drm-chem.com/en/product/aniline-blue-indicator-en/,Aniline blue,cas_pubchem,seed_2026-08-25,2026-08-25,0dad515dbc7c04a294fd1f9828885f4551ac0014dcb8588d600fc08f8465132c
disodium;4-amino-3-[[4-[4-[(1-amino-4-sulfonatonaphthalen-2-yl)diazenyl]phenyl]phenyl]diazenyl]naphthalene-1-sulfonate,Congo red,disodium;4-amino-3-[[4-[4-[(1-amino-4-sulfonatonaphthalen-2-yl)diazenyl]phenyl]phenyl]diazenyl]naphthalene-1-sulfonate; Congo red,573-58-0,11313,,,IQFVPQOLBLOTPF-UHFFFAOYSA-L,C32H22N6Na2O6S2,696.7,C1=CC=C2C(=C1)C(=CC(=C2N)N=NC3=CC=C(C=C3)C4=CC=C(C=C4)N=NC5=C(C6=CC=CC=C6C(=C5)S(=O)(=O)[O-])N)S(=O)(=O)[O-].[Na+].[Na+],confirmed_organic,colorant_or_indicator,,,Fardad Shimi; telegram:ATRmedShop; telegram:labshop + t.me/ATRmedShop,Iranian online lab-chemical shop|ai_normalized,product_page_listed_not_current_stock_verified,https://t.me/ATRmedShop/679,"کنگو رد مرک MERCK || رنگ کنگو رد (C.I. 22120)

‌‏⁧ ‌‌‏‌محصولات مرک المان اصل را از ما بخواهید.

 👇 واردات و فروش مواد شیمیایی سیگما 👇 ‌
‌ 
‌
 ☎️ تلفن: ۰۲۱۶۶۳۶۱۵۴۳-۶۶۳۷۹۰۲۶-۰۲۱
‌
 📱 موبایل: 09120549893

 🌐 لینک محصول :

 https://atrmed.com/pr",router_title_normalization,ai_model_fleet + seed_2026-08-24 + seed_2026-08-25,2026-08-23,1a419bca5a06b28684cafa8d45819a28a9edd86f3380d7a37eef6693778d24f3
disodium;4-hydroxy-3-[(4-sulfonatonaphthalen-1-yl)diazenyl]naphthalene-1-sulfonate,Carmoisine,disodium;4-hydroxy-3-[(4-sulfonatonaphthalen-1-yl)diazenyl]naphthalene-1-sulfonate; Carmoisine,3567-69-9,19118,,,YSVBPNGJESBVRM-UHFFFAOYSA-L,C20H12N2Na2O7S2,502.4,C1=CC=C2C(=C1)C(=CC=C2S(=O)(=O)[O-])N=NC3=C(C4=CC=CC=C4C(=C3)S(=O)(=O)[O-])O.[Na+].[Na+],confirmed_organic,colorant_or_indicator,,,TamadKala,Iranian online research/chemical shop | Iranian online wholesale/lab shop,product_page_listed_not_current_stock_verified,https://tamadkala.com/product/58009/%D8%B1%D9%86%DA%AF-%D8%AE%D9%88%D8%B1%D8%A7%DA%A9%DB%8C-%DA%A9%D8%A7%D8%B1%D9%85%D9%88%D8%B2%DB%8C%D9%86%D9%82%D8%B1%D9%85%D8%B2,رنگ خوراکی کارموزین قرمز | رنگ خوراکی کارموزینقرمز,explicit_category_supplement | router_title_normalization,seed_2026-08-24 + seed_2026-08-25,2026-08-23,5e1d2f7e67b83c4057c7e05e59699cff6aed8715178963a2cc261257fa43c5c1
disodium;6-hydroxy-5-[(4-sulfonatophenyl)diazenyl]naphthalene-2-sulfonate,Sunset Yellow FCF,disodium;6-hydroxy-5-[(4-sulfonatophenyl)diazenyl]naphthalene-2-sulfonate; Sunset Yellow FCF,2783-94-0,17730,,,OIQPTROHQCGFEF-UHFFFAOYSA-L,C16H10N2Na2O7S2,452.4,C1=CC(=CC=C1N=NC2=C(C=CC3=C2C=CC(=C3)S(=O)(=O)[O-])O)S(=O)(=O)[O-].[Na+].[Na+],confirmed_organic,colorant_or_indicator,,,TamadKala,Iranian online research/chemical shop | Iranian online wholesale/lab shop,product_page_listed_not_current_stock_verified,https://tamadkala.com/product/57985/%D8%B1%D9%86%DA%AF-%D8%AE%D9%88%D8%B1%D8%A7%DA%A9%DB%8C-%D8%B3%D8%A7%D9%86-%D8%B3%D8%AA-%DB%8C%D9%84%D9%88%D9%86%D8%A7%D8%B1%D9%86%D8%AC%DB%8C,رنگ خوراکی سان ست یلونارنجی,explicit_category_supplement | router_title_normalization,seed_2026-08-24 + seed_2026-08-25,2026-08-23,6f21a0c124b33588e27b12be98dea1f24a7f3205e8595861a881c716cf36b111
"disodium;7-hydroxy-8-phenyldiazenylnaphthalene-1,3-disulfonate",Orange G,"disodium;7-hydroxy-8-phenyldiazenylnaphthalene-1,3-disulfonate; Orange G",1936-15-8,16015,,,HSXUHWZMNJHFRV-UHFFFAOYSA-L,C16H10N2Na2O7S2,452.4,C1=CC=C(C=C1)N=NC2=C(C=CC3=CC(=CC(=C32)S(=O)(=O)[O-])S(=O)(=O)[O-])O.[Na+].[Na+],confirmed_organic,colorant_or_indicator,,,TamadKala; Mojallali Group; ShimiMan,Iranian online wholesale/lab shop,product_page_listed_not_current_stock_verified,https://tamadkala.com/product/23458/%D8%A7%D9%88%D8%B1%D9%86%D8%AC-%D8%AC%DB%8C-%D8%AF%DA%A9%D8%AA%D8%B1-%D9%85%D8%AC%D9%84%D9%84%DB%8C-indicator-reagent,اورنج جی دکتر مجللی indicator reagent,router_title_normalization,seed_2026-08-24 + seed_2026-08-25,2026-08-23,4ae8dcc7aea7349e4d2436797ff4c513d01f3e93feedaeb46adcd4d0d91926a2
disodium;carbonate;hydrate,disodium;carbonate;hydrate,disodium;carbonate;hydrate,5968-11-6,2735133,,,MQRJBSHKWOFOGF-UHFFFAOYSA-L,CH2Na2O4,124.0,C(=O)([O-])[O-].O.[Na+].[Na+],confirmed_organic,organic_reagent,derived:supplier_platform,,Mojallali Group; ShimiMan,Iranian WooCommerce catalogue,product_page_listed_not_current_stock_verified,https://drm-chem.com/product/sodium-carbonate-monohydrate-extra-pure/,سدیم کربنات مونو هیدرات,cas_pubchem,seed_2026-08-25,2026-08-25,a02021d0fa3e478f19d90b255c6770d18d209b75623fb653169c9447ce9398c3
Dithioerythritol,"1,4-Dithioerythritol",,,439352,,,VHJLVAABSRFDPM-ZXZARUISSA-N,C4H10O2S2,154.3,C([C@H]([C@H](CS)O)O)S,confirmed_organic,organic_reagent,,,minatajhiz + t.me/ATRmedShop,ai_normalized|telegram,listing_evidence_crawled_2026-08-23,https://t.me/ATRmedShop/276,"1,4-Dithioerythritol for biochemistry 124511 #merck || DL-دی تیو اریتریتول
کاربرد DL-دی تیو اریتریتول
از DTT در هیبریداسیون mRNA استفاده شده است.
 یک معرف مناسب برای حفظ گروه‌های SH در احیاء دی سولفیدها
... در بافر نمونه برای احیاء پیوند دی سولفیدی پروتئین در
برای ادامه مطال",ai_resolved+pubchem,ai_model_fleet + seed_2026-08-24 + seed_2026-08-25,2026-08-23,c558d6a92de787d2cbae69e0f0709670cafca4ae436c021e90bdea7001ba80c0
dithiolane-4-carboxylic acid,"1,2-Dithiolane-4-carboxylic acid",,2224-02-4,16682,,,AYGMEFRECNWRJC-UHFFFAOYSA-N,C4H6O2S2,150.2,C1C(CSS1)C(=O)O,confirmed_organic,organic_reagent,,,telegram:ChemIranSanat,Iranian supplier Telegram catalogue,listing_evidence_crawled_2026-08-24,https://t.me/ChemIranSanat/989,,ai_normalised_listing+pubchem_confirmed,seed_2026-08-24 + seed_2026-08-25,2017-11-08,4c3730debd628112947287b1dac45e34e425b0de91f1ac99a8fdf4697a8e310e
dodecane-1-thiol,dodecanethiol,dodecane-1-thiol; dodecanethiol,,8195,,,WNAHIZMDSQCWRP-UHFFFAOYSA-N,C12H26S,202.40,CCCCCCCCCCCCS,confirmed_organic,organic_reagent,,,TamadKala,Iranian online wholesale/lab shop,product_page_listed_not_current_stock_verified,,دودکانتیول | ...,router_title_normalization,seed_2026-08-24 + seed_2026-08-25,2026-08-23,9b96dba937b38512cb1db8056260743221b00898008a62c9b1df2e912d9e3f42
Donepezil,Donepezil,,,3152,,,ADEBPBSSDYVVLD-UHFFFAOYSA-N,C24H29NO3,379.5,COC1=C(C=C2C(=C1)CC(C2=O)CC3CCN(CC3)CC4=CC=CC=C4)OC,confirmed_organic,pharmaceutical_or_api,,,Akhbar_furii,telegram,listing_evidence_crawled_2026-08-23,https://t.me/Akhbar_furii/373939,🔴 افزایش نرخ ۸۲ قلم دارو و رشد ۱۲۰ درصدی میانگین قیمت آنتی‌بیوتیک‌ها ! در میان اقلام مشمول افزایش قیمت، قرص دنپزیل با افزایش نرخ حدود ۵۴۳ درصدی در صدر قرار دارد. همچنین نرخ کلاریترومایسین حدود ۳۰۸ درصد افزایش یافته است. 🆔 @Akhbar_furii,ai_resolved+pubchem,seed_2026-08-24 + seed_2026-08-25,2026-08-23,d16192702110b2e18f42f3263c649faed8667e3a9b5008f14e9592dd3cf4cea2
Edetate Disodium,Edetate Disodium,,6381-92-6,636371,44120005,yes,OVBJJZOQPCKUOR-UHFFFAOYSA-L,C10H18N2Na2O10,372.24,C(CN(CC(=O)O)CC(=O)[O-])N(CC(=O)O)CC(=O)[O-].O.O.[Na+].[Na+],confirmed_organic,organic_reagent,,Mojallali / DRM Chem,Mojallali Group + Mojallali Group; ShimiMan + https://drm-chem.com/en/product/edetate-disodium/,Iranian WooCommerce catalogue|live_supplier_catalogue|web_catalogue,listing_evidence_crawled_2026-08-23,2026-08-27,Edetate Disodium,pubchem_direct,live_web_catalogue + seed_2026-08-24 + seed_2026-08-25,2026-08-23,d4e1ac19001e6edde543d70e54dd74bd200c9504beb26e58771fa790a3f4766d
Enrofloxacin,Enrofloxacin,,,71188,,,SPFYMRJSYKOXGV-UHFFFAOYSA-N,C19H22FN3O3,359.4,CCN1CCN(CC1)C2=C(C=C3C(=C2)N(C=C(C3=O)C(=O)O)C4CC4)F,confirmed_organic,pharmaceutical_or_api,,,Temad,web_catalogue,listing_evidence_crawled_2026-08-23,https://www.temad.com/product/fluoxetine-hcl-veterinary/,Enrofloxacin-Veterinary,ai_resolved+pubchem,seed_2026-08-24 + seed_2026-08-25,2026-08-23,4f085ffe32e18c5d92b19cf5fb87b623ff4784f0ff94c85a3acee60aef8feca8
Esomeprazole,Esomeprazole,,,9568614,,,SUBDBMMJDZJVOS-DEOSSOPVSA-N,C17H19N3O3S,345.4,CC1=CN=C(C(=C1OC)C)C[S@](=O)C2=NC3=C(N2)C=C(C=C3)OC,confirmed_organic,pharmaceutical_or_api,,,Temad,web_catalogue,listing_evidence_crawled_2026-08-23,https://www.temad.com/product/capsule-esomeprazole-40-mg/,Capsule &#8211; Esomeprazole 40 mg,ai_resolved+pubchem,seed_2026-08-24 + seed_2026-08-25,2026-08-23,96d84761088d70916bad0fc982c2053423ea37e4bdaa68b19a76c2c4123e325e
"ethane-1,2-diamine",Ethylenediamine,"ethane-1,2-diamine; Ethylenediamine",107-15-3,3301,,,PIICEJLVQHRZGT-UHFFFAOYSA-N,C2H8N2,60.10,C(CN)N,confirmed_organic,organic_reagent,,,Fardad Shimi,Iranian online lab-chemical shop,product_page_listed_not_current_stock_verified,https://fardadshimi.com/product/6378849/,اتیلن دی آمین DAE JUNG کره,router_title_normalization,seed_2026-08-24 + seed_2026-08-25,2026-08-23,2a545c963bdf817f8a2433a67ab449cf73458c293143a4783b13a1ebeeebdd7b
"ethane-1,2-diol",Ethylene glycol,"ethane-1,2-diol; Ethylene glycol; ethylene glycol; PEG",107-21-1,174,,,LYCAIKOWRPUZTN-UHFFFAOYSA-N,C2H6O2,62.07,C(CO)O,confirmed_organic,organic_reagent,,research,Chemical Iran + Chemical Iran; DigiShimi; Fardad Shimi; Isatis Shimi; TamadKala; Telegram: Boof_company; Telegram: Ch_Chemical_leaders; Telegram: IranChemicals; Telegram: Maran_Tejarat_Eshen; Mojallali Group; ShimiMan; IR Chem / Pishgaman; ,Iranian online chemical shops | Iranian online lab-chemical shop | Iranian online research/chemical shop | Iranian onlin,listed_not_current_stock_verified | product_page_listed_not_current_stock_verified,https://www.chemicaliran.com/products/mono-ethylene-glycol-meg/,Mono Ethylene Glycol (MEG) | Monoethylene Glycol (MEG) | ethylene glycol | مونو اتیلن گلایکول | مونو اتیلن گلایکول extra pure دکتر مجللی | ... | مونو اتیلن گلایکول usp دکتر مجللی | ... | مونو اتیلن گلایکول دکتر مجللی | مونو اتیلن گلایکول صنعتی | ... | مونو اتیلن گلیکول | مونو اتی || mono ethylene gl,existing skill export | explicit_category_supplement | router_title_normalization,ai_model_fleet + live_telegram_listing + live_web_catalogue + seed_2026-08-24 + seed_2026-08-25,2026-08-23,721428e25b72f30821c0c4831169395a9321c31d5e0f8de51035ebfe3cccade8
ethanethioamide,taa,ethanethioamide; taa,62-55-5,2723949,,,YUKQRDCYNOVPGJ-UHFFFAOYSA-N,C2H5NS,75.14,CC(=S)N,confirmed_organic,organic_reagent,derived:supplier_platform,,TamadKala; Mojallali Group,Iranian online wholesale/lab shop,product_page_listed_not_current_stock_verified,https://tamadkala.com/product/41911/محیط-کشت-taa,محیط کشت taa,structured_pubchem,seed_2026-08-25,2026-08-25,47687b622e110cf2d42566f42be7e76fd43295101adb3c2a93be9d5a14a931d2
ethanol,Ethanol,ethanol; Ethanol; standard; Standard,64-17-5,702,,,LFQSCWFLJHTTHZ-UHFFFAOYSA-N,C2H6O,46.07,CCO,confirmed_organic,pharmaceutical_or_api,,research,Fardad Shimi; Pishgaman Shimi (IR Chem); TamadKala; Telegram: ChemIranSanat; Telegram: IranChemicals; Telegram: chemgroup; Telegram: minatajhiz; DigiShimi; Isatis Shimi; Chemical Iran; Mojallali Group; ShimiMan; IR Chem / Pishgaman; telegra,Iranian online lab-chemical shop | Iranian online raw-material shop | Iranian online research/chemical shop | Iranian on,listed_not_current_stock_verified | product_page_listed_not_current_stock_verified,https://t.me/chemgroup/1250,ethanol | اتانول | اتانول 96 درصد extrapure دکتر مجللی کپی | ... | اتانول 96 درصد دکتر مجللیlaboratory | اتانول 96 درصد دکتر مجللیusp | اتانول بدون آب | اتانول تقطیر خراسان 1 لیتری | اتانول مطلق extra pure امرتات | ... | اتانول مطلق برند dyc چین | ... | اتانول مطلق مرک MERCK | ات || اتانول مطلق گرید,existing skill export | explicit_category_supplement | router_title_normalization | supplier_product_page,ai_model_fleet + live_telegram_listing + live_web_catalogue + seed_2026-08-24 + seed_2026-08-25,2026-08-23,27e6e3392626003eaafe4f95841eb5f051ce2f96f1445704564c860259e9507b
ethene,Ethylene,,74-85-1,6325,,,VGGSQFUCUMXWEO-UHFFFAOYSA-N,C2H4,28.05,C=C,confirmed_organic,organic_reagent,,,t.me/IranChemicals + telegram:minatajhiz,Iranian supplier Telegram catalogue|ai_normalized,listing_evidence_crawled_2026-08-24,https://t.me/IranChemicals/21684,"🟢 #صنایع ایران 

 🟩 افتتاح واحد تفکیک C 2 

 🟢 در عسلویه استان بوشهر 
 👇 
 🔴 https://t.me/Iranchemicals 

 🔴 https://instagram.com/iran.chemicals",ai_normalised_listing+pubchem_confirmed,ai_model_fleet + seed_2026-08-24 + seed_2026-08-25,2017-09-13,88b3487c41f70f8f52c3e8c4d3b9a2f8749ce832a3f48ee88a6611ea8576b789
ethene;prop-1-ene,,,,62702,,,HQQADJVZYDDRJT-UHFFFAOYSA-N,C5H10,70.13,,confirmed_organic,polymer_or_material,derived:supplier_platform,,Karina Polymer,ai_normalized,,https://karinapolymer.com/uz/mahsulot/polipropilen-birikmasi-kopolimer-kr-pr070/,polipropilen birikmasi kopolimer kr pr070,model_fleet+pubchem,ai_model_fleet,2026-08-27,9912a3fe8602ead9031060bd4079cf88463dee9a1e2889a122c9a6e833df1139
ethenol,pva,ethenol; pva; Polyvinyl Alcohol (PVA); PVA,9002-89-5,11199,,,IMROMDMJAWUWLK-UHFFFAOYSA-N,C2H4O,44.05,C=CO,confirmed_organic,organic_reagent,derived:supplier_platform,,TamadKala; Isatis Shimi + t.me/Maran_Tejarat_Eshen,Iranian online wholesale/lab shop|ai_normalized,product_page_listed_not_current_stock_verified,https://t.me/Maran_Tejarat_Eshen/501,"فروش پلی وینیل الکل فروش pva || پلی وینیل الکل BP24 چینی موجود می باشد #ماران_تجارت_اشن 
021-22799285,95
09128066375
09108066146",alias+pubchem,ai_model_fleet + seed_2026-08-25,2026-08-25,500fa91e63807db049c0674bacb2052965bcc1085faf4d23a3c437306c9d191a
ethenyl acetate,vinyl acetate,ethenyl acetate; vinyl acetate,108-05-4,7904,,,XTXRWKRVRITETP-UHFFFAOYSA-N,C4H6O2,86.09,CC(=O)OC=C,confirmed_organic,organic_reagent,,research,TamadKala; Telegram: Maran_Tejarat_Eshen; ShimiMan; IR Chem / Pishgaman,Iranian online wholesale/lab shop | Iranian supplier Telegram catalogue,listed_not_current_stock_verified | product_page_listed_not_current_stock_verified,https://t.me/Maran_Tejarat_Eshen/640,ethenyl acetate | وینیل استات امرتات شیمی گرید for synthesis | ...,existing skill export | router_title_normalization,seed_2026-08-24 + seed_2026-08-25,2026-08-23,7dfc747715dcd19b37196ef352c249b63fddf7480fe3b7c8a9acbf91d5e4d0aa
ethephon,,,,27982,,,UDPGUMQDCGORJQ-UHFFFAOYSA-N,C2H6ClO3P,144.49,,confirmed_organic,organic_reagent,derived:supplier_platform,Shimi Merck,Shimi Merck + https://shimimerck.ir/ethephon.html,ai_normalized|live_supplier_catalogue,,https://shimimerck.ir/ethephon.html,ethephon,model_fleet+pubchem,ai_model_fleet + live_web_catalogue,2026-08-27,b6c2c18e199cb6af1a98aeaaaa7d19c489891b0ab3abff2c21c550b1ee3058e0
ethoxyethane,Diethyl ether,ethoxyethane; Diethyl ether; diethyl ether,60-29-7,3283,,,RTZKZFJDLAIYFH-UHFFFAOYSA-N,C4H10O,74.12,CCOCC,confirmed_organic,organic_reagent,,research,TamadKala; Telegram: chemgroup; Telegram: minatajhiz; Mojallali Group; ShimiMan; telegram:ATRmedShop; telegram:ChemIranSanat + t.me/ChemIranSanat + t.me/minatajhiz,Iranian online wholesale/lab shop | Iranian supplier Telegram catalogue|ai_normalized|telegram,listed_not_current_stock_verified | product_page_listed_not_current_stock_verified,https://t.me/ChemIranSanat/1502,"diethyl ether | دی اتیل اتر 96 پارس شیمی | دی اتیل اتر extra pure نوترون | ... || TCI—D2115
4,4'-Dicarboxydiphenyl Ether
>98.0%(GC)(T)
موجود و آماده تحویل (خرده فروشی نیز دارد)

 ✅ شیمیران صنعت فقط اصلی
 ❓ درخواست قیمت یا سفارش کالا 👇 

ADMIN 🆔 @ChemIranAdmin 

 🆔 @ChemIran1",existing skill export | router_title_normalization,ai_model_fleet + live_telegram_listing + seed_2026-08-24 + seed_2026-08-25,2026-08-23,13e753f1307f4dce5a21d212de260219c49b608eb4becaba829c739ae9fa0800
"ethyl 10,10,16,16-tetramethyl-4-oxo-3-oxa-13-azatetracyclo[7.7.1.02,7.013,17]heptadeca-1,5,7,9(17)-tetraene-5-carboxylate",c3045,"ethyl 10,10,16,16-tetramethyl-4-oxo-3-oxa-13-azatetracyclo[7.7.1.02,7.013,17]heptadeca-1,5,7,9(17)-tetraene-5-carboxylate; c3045",,1268215,,,VQQDHBUBOPTRBY-UHFFFAOYSA-N,C22H27NO4,369.5,CCOC(=O)C1=CC2=CC3=C4C(=C2OC1=O)C(CCN4CCC3(C)C)(C)C,confirmed_organic,organic_reagent,derived:supplier_platform,,TamadKala,Iranian online wholesale/lab shop,product_page_listed_not_current_stock_verified,https://tamadkala.com/product/152205/کلسترول-سیگما-کد-c3045,کلسترول سیگما کد c3045,structured_pubchem,seed_2026-08-25,2026-08-25,6fbe0dabcc2b219c7319891b89d9de56a9d093b663af56444745095cce65d729
ethyl 2-aminopropanoate;hydrochloride,,,,102560,,,JCXLZWMDXJFOOI-UHFFFAOYSA-N,C5H12ClNO2,153.61,,confirmed_organic,organic_reagent,derived:supplier_platform,,Shimi Merck,ai_normalized,,https://shimimerck.ir/dl-alanine-ethyl-ester-hydrochloride.html,dl alanine ethyl ester hydrochloride,model_fleet+pubchem,ai_model_fleet,2026-08-27,1c3e06e91f23f85c86f3c08fe2c060d4def46569adb2c57bea9b3672f06f018b
ethyl 2-cyanoprop-2-enoate,Ethyl 2-cyanoacrylate,ethyl 2-cyanoprop-2-enoate; Ethyl 2-cyanoacrylate,7085-85-0,81530,,,FGBJXOREULPLGL-UHFFFAOYSA-N,C6H7NO2,125.13,CCOC(=O)C(=C)C#N,confirmed_organic,organic_reagent,,,TamadKala,Iranian online wholesale/lab shop,product_page_listed_not_current_stock_verified,https://tamadkala.com/product/101080/%D8%A7%D8%AA%DB%8C%D9%84-2-%D8%B3%DB%8C%D8%A7%D9%86%D9%88%D8%A7%DA%A9%D8%B1%DB%8C%D9%84%D8%A7%D8%AA-%D8%B3%DB%8C%DA%AF%D9%85%D8%A7,اتیل 2 سیانواکریلات سیگما,router_title_normalization,seed_2026-08-24 + seed_2026-08-25,2026-08-23,cd745cdf50ac913578edb7d3bcca98fc7f9d0cb6acfdeb8745a2a7dab7ff17bc
ethyl 2-hydroxypropanoate,Ethyl Lactate,ethyl 2-hydroxypropanoate; Ethyl Lactate,97-64-3,7344,,,LZCLXQDLBQLTDK-UHFFFAOYSA-N,C5H10O3,118.13,CCOC(=O)C(C)O,confirmed_organic,organic_reagent,,industrial,Telegram: Maran_Tejarat_Eshen,Iranian supplier Telegram catalogue,listed_not_current_stock_verified,,ethyl 2-hydroxypropanoate,existing skill export,seed_2026-08-24 + seed_2026-08-25,2026-08-23,db5e2df036bca9500e71de2d4ecf05b1ebb4409c77a214cd38d6d6eb07ffbc7a
ethyl 2-oxobicyclo[4.1.0]heptane-7-carboxylate,,,,303959,,,CZSYBCSTFANLEL-UHFFFAOYSA-N,C10H14O3,182.22,,confirmed_organic,organic_reagent,derived:supplier_platform,,Shimi Merck,ai_normalized,,https://shimimerck.ir/yttrium-nitrate-hexahydrate-merck-112516.html,yttrium nitrate hexahydrate merck,model_fleet+pubchem,ai_model_fleet,2026-08-27,660ccb40d6ccb89449d940b04900dff51f3496a565e9dc14290eac8322159349
ethyl 3-[acetyl(butyl)amino]propanoate,Ethyl butylacetylaminopropionate,ethyl 3-[acetyl(butyl)amino]propanoate; Ethyl butylacetylaminopropionate; ir3535,52304-36-6,104150,,,VZRKEAFHFMSHCD-UHFFFAOYSA-N,C11H21NO3,215.29,CCCCN(CCC(=O)OCC)C(=O)C,confirmed_organic,pharmaceutical_or_api,,,TamadKala,Iranian online wholesale/lab shop,product_page_listed_not_current_stock_verified,https://tamadkala.com/product/163126/%D8%A7%D8%AA%DB%8C%D9%84-%D8%A8%D9%88%D8%AA%DB%8C%D9%84-%D8%A7%D8%B3%D8%AA%DB%8C%D9%84-%D8%A2%D9%85%DB%8C%D9%86%D9%88-%D9%BE%D8%B1%D9%88%D9%BE%DB%8C%D9%88%D9%86%D8%A7%D8%AA-ir3535-%D8%A8%D8%B1,اتیل بوتیل استیل آمینو پروپیونات ir3535 بر,router_title_normalization,seed_2026-08-24 + seed_2026-08-25,2026-08-23,7334e4985f60acff186effa260da8ada7ffefc545d3471e6273c294609b9644d
ethyl 3-oxobutanoate,Ethyl Acetoacetate,ethyl 3-oxobutanoate; Ethyl Acetoacetate,141-97-9,8868,,,XYIBRDXRRQCHLP-UHFFFAOYSA-N,C6H10O3,130.14,CCOC(=O)CC(=O)C,confirmed_organic,organic_reagent,,research,Telegram: minatajhiz + t.me/minatajhiz,Iranian supplier Telegram catalogue|telegram,listed_not_current_stock_verified,https://t.me/s/minatajhiz,"ethyl 3-oxobutanoate || اتیل استو استات محصول کمپانی مرک آلمان که جزء واردات جدید شرکت مینا تجهیز آریا می باشد. نام های دیگر این محصول: EAA, Acetoacetic acid ethyl ester می باشد. cas: 141-97-9 molar mass:130.14g/mol @minatajhiz_aria",existing skill export,live_telegram_listing + seed_2026-08-24 + seed_2026-08-25,2026-08-23,4cbc57ac004a848794584e3154ffc04078e216d6d2d1c378e711b564992676ee
ethyl 4-(dimethylamino)benzoate,,,,25127,,,FZUGPQWGEGAKET-UHFFFAOYSA-N,C11H15NO2,193.24,,confirmed_organic,organic_reagent,derived:supplier_platform,,Shimi Merck,ai_normalized,,https://shimimerck.ir/ethyl-4-dimethylaminobenzoate.html,ethyl 4 dimethylaminobenzoate,model_fleet+pubchem,ai_model_fleet,2026-08-27,39ca9cd873664f0d3051085eb390c0cdbf801551b50db7790f4356c8c13990c6
ethyl 4-hydroxybenzoate,Ethyl paraben,ethyl 4-hydroxybenzoate; Ethyl paraben,120-61-6,8434,,yes,NUVBSKCKDOMJSU-UHFFFAOYSA-N,C9H10O3,166.17,CCOC(=O)C1=CC=C(C=C1)O,confirmed_organic,organic_reagent,,research,TamadKala,Iranian online wholesale/lab shop,product_page_listed_not_current_stock_verified,,اتیل پارابن سیگما usp کد 1267000 | ...,router_title_normalization,seed_2026-08-24 + seed_2026-08-25,2026-08-23,c4fb19722b54e84ca648efa4d304a56a71379974e738720e6a4996e5b11f7132
ethyl 4-methyl-3-oxopentanoate,Ethyl isobutyrylacetate,ethyl 4-methyl-3-oxopentanoate; Ethyl isobutyrylacetate,7152-15-0,81583,,,XCLDSQRVMMXWMS-UHFFFAOYSA-N,C8H14O3,158.19,CCOC(=O)CC(=O)C(C)C,confirmed_organic,organic_reagent,,research,Telegram: ChemIranSanat + t.me/ChemIranSanat,Iranian supplier Telegram catalogue|ai_normalized|telegram,listed_not_current_stock_verified,https://t.me/ChemIranSanat/1729,"ethyl 4-methyl-3-oxopentanoate || 38344 Acros
Ethyl isobutyrylacetate
10G

 ✈️ واردات مسافری
تاریخ تولید ماده: 6/16/2019
تاریخ امروز: 7/1/2019
 🔜 موجود و آماده تحویل
 ✅ شیمیران صنعت فقط اصلی
 📱 دریافت قیمت یا سفارش کالا 👇 

 🆔 @ChemIranAdmin 

 🆔 @ChemIr",existing skill export,ai_model_fleet + live_telegram_listing + seed_2026-08-24 + seed_2026-08-25,2026-08-23,fa80a023345791e4e33ba5fba3468c874f1f7bbc0518231bc12a35572920911b
ethyl acetate,ethyl acetate,ethyl acetate,141-78-6,8857,,,XEKOWRVHYACXOJ-UHFFFAOYSA-N,C4H8O2,88.11,CCOC(=O)C,confirmed_organic,organic_reagent,derived:supplier_platform,unknown,ArChem + Chemical Iran + Chemical Iran + TamadKala; DigiShimi; Chemical Iran; Mojallali Group; ShimiMan; IR Chem / Pishgaman; telegram:IranChemicals + t.me/IranChemicals,Iranian online wholesale/lab shop|ai_normalized|telegram|woo_rest_api,product_page_listed_not_current_stock_verified,https://www.chemicaliran.com/products/ethyl-acetate/,فروش اتیل استات 2 || ethyl acetate,alias+cas_pubchem,ai_model_fleet + live_telegram_listing + live_web_catalogue + seed_2026-08-25,2026-08-25,3d91a4d91459f85733915bd73d4b3defb55c74e9c85a5c7890ca4e3a97bce5df
ethyl carbonochloridate,Ethyl chloroformate,,541-41-3,10928,,,RIFGWPKJUGCATF-UHFFFAOYSA-N,C3H5ClO2,108.52,CCOC(=O)Cl,confirmed_organic,organic_reagent,,,telegram:minatajhiz,Iranian supplier Telegram catalogue,listing_evidence_crawled_2026-08-24,https://t.me/minatajhiz/1071,اتیل کلروفرمات Ethyl chloroformate کد محصول مرک: 800881 واردات جدید مرک,ai_normalised_listing+pubchem_confirmed,seed_2026-08-24 + seed_2026-08-25,2023-09-19,8c272e4fa4452e7feecbdc148fc791716aacab7bcda87e693f074e411d418fae
ethyl formate,Ethyl formate,ethyl formate; Ethyl formate,109-94-4,8025,,,WBJINCZRORDGAQ-UHFFFAOYSA-N,C3H6O2,74.08,CCOC=O,confirmed_organic,organic_reagent,,research,Telegram: ChemIranSanat + t.me/ChemIranSanat,Iranian supplier Telegram catalogue|telegram,listed_not_current_stock_verified,https://t.me/s/ChemIranSanat,ethyl formate || شیمی تمشک بوی تمشک مربوط به یک کتون معروف به کتون تمشک می باشد. اتیل فرمات موجود در تمشک در دل کهکشان شیری نیز یافت شده است! 🆔 @ChemIran1,existing skill export,live_telegram_listing + seed_2026-08-24 + seed_2026-08-25,2026-08-23,40fbe4e5bbe1d8c139b1e4c5ce2fefd7913f5c890e3d05d7026e1c5eac5d85b5
ethyl prop-2-enoate,Ethyl Acrylate,ethyl prop-2-enoate; Ethyl Acrylate,140-88-5,8821,,,JIGUQPWFLRLWPJ-UHFFFAOYSA-N,C5H8O2,100.12,CCOC(=O)C=C,confirmed_organic,organic_reagent,,industrial,Telegram: Boof_company + t.me/Boof_company + t.me/Maran_Tejarat_Eshen,Iranian supplier Telegram catalogue|ai_normalized|telegram,listed_not_current_stock_verified,https://t.me/Maran_Tejarat_Eshen/639,ethyl prop-2-enoate || بار جدید اتیل آکریلات Ethyl Acrylate (EA) برند ستلایت (Satellite) بازرگانی بوف رسید ⚡️ فروش ویژه بدون هزینه انبار داری ⚡️ ☎️ جهت مشاوره خرید، استعلام قیمت و ثبت سفارش با شماره های زیر تماس بگیرید : 🔹️ ثابت : (+98) 02188211234 🔸️ همراه : (+98) 09120430486 @Boof_company || بار ج,existing skill export,ai_model_fleet + live_telegram_listing + seed_2026-08-24 + seed_2026-08-25,2026-08-23,92f3521037e80960633400cc9174f68d396ffdf3787dd814877f780fb6c3ce4b
ethylurea,Ethylurea,,9009-54-5,12254,,,RYECOJGRJDOGPP-UHFFFAOYSA-N,C3H8N2O,88.11,CCNC(=O)N,confirmed_organic,organic_reagent,,,telegram:IranChemicals,Iranian supplier Telegram catalogue,listing_evidence_crawled_2026-08-24,https://t.me/Iranchemicals/28918,,ai_normalised_listing+pubchem_confirmed,seed_2026-08-24 + seed_2026-08-25,2025-04-03,c3ef46722461ecfde7286daf7d97e7135bcfe87e333c56315d7264e9e61ec836
ethynylbenzene,Phenylacetylene,,536-74-3,10821,,,UEXCJVNBTNXOEH-UHFFFAOYSA-N,C8H6,102.13,C#CC1=CC=CC=C1,confirmed_organic,organic_reagent,,,telegram:minatajhiz,Iranian supplier Telegram catalogue,listing_evidence_crawled_2026-08-24,https://t.me/minatajhiz/788,,ai_normalised_listing+pubchem_confirmed,seed_2026-08-24 + seed_2026-08-25,2021-02-22,49becc1560cd2fff86efb21a2ef367c1c96ca7a5b9a1951b292cbf2e8548b78d
Ferrocene,Ferrocene,,,10219726,,,DFRHTHSZMBROSH-UHFFFAOYSA-N,C10H10Fe,186.03,C1=C[CH]C=C1.C1=C[CH]C=C1.[Fe],confirmed_organic,organic_reagent,,,telegram:chemgroup,Iranian supplier Telegram catalogue,listing_evidence_crawled_2026-08-24,https://t.me/chemgroup/1128,,ai_normalised_listing+pubchem_confirmed,seed_2026-08-24 + seed_2026-08-25,2016-02-01,aac02c12da662d9c159e27a3a11b9cb2fc5674afe3fb94be871ea4235721ef30
flavin adenine dinucleotide,,,,643975,,,VWWQXMAJTJZDQX-UYBVJOGSSA-N,C27H33N9O15P2,785.5,,confirmed_organic,organic_reagent,derived:supplier_platform,Shimi Merck,Shimi Merck + https://shimimerck.ir/flavin-adenine-dinucleotide.html,ai_normalized|live_supplier_catalogue,,https://shimimerck.ir/flavin-adenine-dinucleotide.html,flavin adenine dinucleotide,model_fleet+pubchem,ai_model_fleet + live_web_catalogue,2026-08-27,aaf0aa953b52041d41951faa54230322e6eeb2437ffd6a52b60a1863c8ee0c05
Florfenicol,Florfenicol,,,114811,,,AYIRNRDRBQJXIF-NXEZZACHSA-N,C12H14Cl2FNO4S,358.2,CS(=O)(=O)C1=CC=C(C=C1)[C@H]([C@@H](CF)NC(=O)C(Cl)Cl)O,confirmed_organic,pharmaceutical_or_api,,,Temad,web_catalogue,listing_evidence_crawled_2026-08-23,https://www.temad.com/product/noroxymorphone-base-veterinary/,Florfenicol-Veterinary,ai_resolved+pubchem,seed_2026-08-24 + seed_2026-08-25,2026-08-23,d710125a8ff9a7a030b88ab94485238e384880d52a96355ffe1b0a0dab074842
Fluvoxamine Maleate,Fluvoxamine Maleate,Fluvoxamine Maleate; (Z)-but-2-enedioic acid;2-[(E)-[5-methoxy-1-[4-(trifluoromethyl)phenyl]pentylidene]amino]oxyethanamine,,9560989,,,LFMYNZPAVPMEGP-PIDGMYBPSA-N,C19H25F3N2O6,434.4,COCCCC/C(=N\OCCN)/C1=CC=C(C=C1)C(F)(F)F.C(=C\C(=O)O)\C(=O)O,confirmed_organic,pharmaceutical_or_api,,,Temad,web_catalogue,listing_evidence_crawled_2026-08-23,https://www.temad.com/product/tamsulosin-hcl-2/,Fluvoxamine Maleate,pubchem_direct,seed_2026-08-24 + seed_2026-08-25,2026-08-23,6a9d2904c82975e5e0eda5e36f2a8dfe958558e578babc58c6e33efc12ad4132
formaldehyde,Formalin,formaldehyde; Formalin,50-00-0,712,,,WSFSSNUMVMOOMR-UHFFFAOYSA-N,CH2O,30.026,C=O,confirmed_organic,organic_reagent,,research,TamadKala; Telegram: Boof_company; Telegram: IranChemicals; Telegram: minatajhiz; DigiShimi; Mojallali Group; ShimiMan; IR Chem / Pishgaman + https://drm-chem.com/en/product/formaldehyde-solution-10-en/ + t.me/LabTel + t.me/minatajhiz,Iranian online wholesale/lab shop | Iranian supplier Telegram catalogue|ai_normalized|live_supplier_catalogue|telegram,listed_not_current_stock_verified | product_page_listed_not_current_stock_verified,https://t.me/LabTel/75970,"formaldehyde | فرمالدئید 37 u s p پارس شیمی | فرمالدهید سیگما کد 252549 | فرمالین 10 extra pure دکترمجللی | فروش فرمالدهید || 🔵 #فروش_سهام_آزمایشگاه 
 🔴 #فروش_سهام_فیزیوتراپی 
 🌐 #شهر_جدید_پرند 

 💥 💥 #فوری 

 📣 📣 واگذاری سهام بخشهای زیر به صورت فوری

 ✅️ #فروش فوری تعداد ۲۰۰ #سهم از #آزمایشگاه_فعال",existing skill export | router_title_normalization,ai_model_fleet + live_telegram_listing + live_web_catalogue + seed_2026-08-24 + seed_2026-08-25,2026-08-23,3a1fbb4bb5e086ab2a7843a8b4334803ebe51e919beb0ba14c44ce4d27970d8c
formamide,Formamide,formamide; Formamide,75-12-7,713,,,ZHNUHDYFZUAESO-UHFFFAOYSA-N,CH3NO,45.041,C(=O)N,confirmed_organic,organic_reagent,,research,Telegram: ChemIranSanat; Mojallali Group; telegram:ATRmedShop + https://drm-chem.com/en/product/nn-dimethylformamide-extra-pure-en/ + t.me/ATRmedShop,Iranian supplier Telegram catalogue|ai_normalized|live_supplier_catalogue|telegram,listed_not_current_stock_verified,https://t.me/ATRmedShop/178,"formamide || N,N-dimethylformamide Honeywell | Riedel موجود و آماده تحویل ✅ شیمیران صنعت فقط اصلی ❓ درخواست قیمت یا سفارش کالا 👇 ADMIN 🆔 @ChemIranAdmin 🆔 @ChemIran1 || فرمامید گرید بیولوژی مولکولی 
فرمامید گرید بیولوژی مولکولی یک آمید مایع شفاف است که از اسید فرمیک حاصل می شود. فرمامید امکان دناتورا",existing skill export,ai_model_fleet + live_telegram_listing + live_web_catalogue + seed_2026-08-24 + seed_2026-08-25,2026-08-23,34cf33c0cb1771687781dcc53839cb1dde69ca74b7c1fbee89054911a3476ca9
formic acid,formic acid,formic acid; Formic Acid,64-18-6,284,,,BDAGIHXWWSANSR-UHFFFAOYSA-N,CH2O2,46.025,C(=O)O,confirmed_organic,organic_reagent,,research,DigiShimi; Fardad Shimi; Isatis Shimi; TamadKala; Mojallali Group; ShimiMan + Shimi Merck + https://shimimerck.ir/formic-acid.html,Iranian online chemical shops | Iranian online lab-chemical shop | Iranian online wholesale/lab shop|ai_normalized|live_,product_page_listed_not_current_stock_verified,https://shimimerck.ir/formic-acid.html,85% formic acid | Formic Acid 85% | اسید فرمیک | اسید فرمیک 85 درصد | اسید فرمیک laboratory دکتر مجللی | اسید فرمیک دکتر مجللی | اسید فرمیک صنعتی | ... || formic acid,router_title_normalization,ai_model_fleet + live_web_catalogue + seed_2026-08-24 + seed_2026-08-25,2026-08-23,cc44961c29ee1eb27ecdd522a4e41bf57ce84be290139b185ef41033b8d92558
forskolin,,,,47936,,,OHCQJHSOBUTRHG-KGGHGJDLSA-N,C22H34O7,410.5,,confirmed_organic,organic_reagent,derived:supplier_platform,Shimi Merck,Shimi Merck + https://shimimerck.ir/forskolin.html,ai_normalized|live_supplier_catalogue,,https://shimimerck.ir/forskolin.html,forskolin,model_fleet+pubchem,ai_model_fleet + live_web_catalogue,2026-08-27,f1aa33485336c6ab1d9e8a75cbd0a565c55e85c5957fe0c1f6d7a10f47a8fc8f
furan,,,,8029,,,YLQBMQCUIZJEEH-UHFFFAOYSA-N,C4H4O,68.07,,confirmed_organic,organic_reagent,derived:supplier_platform,,t.me/IranChemicals,ai_normalized,,https://t.me/IranChemicals/21832,"🔴 #چالش جدید شرکت های فناور 
 🔴 #دانش_بنیان 

 🟩 تعلیق #حق_انحصاری #فناوری 

 🔴 تعلیق حق انحصاری شرکت‌های بزرگ دارویی برای تولید واکسن کرونا چه نتایجی ممکن است داشته باشد؟

 ✅ گفت‌وگو با دکتر محمدکاظم عطاری 
 🔸 پزشک و مح",model_fleet+pubchem,ai_model_fleet,2026-08-27,4d715aea20a79f9888e93ac16f961bb3a6901a3511cb190b4067df17f512d6e7
"furan-2,5-dione",Maleic Anhydride,"furan-2,5-dione; Maleic Anhydride; Maleic anhydride",108-31-6,7923,,,FPYJFEHAWHCUMM-UHFFFAOYSA-N,C4H2O3,98.06,C1=CC(=O)OC1=O,confirmed_organic,organic_reagent,,research,Telegram: minatajhiz + t.me/minatajhiz,Iranian supplier Telegram catalogue|telegram,listed_not_current_stock_verified,https://t.me/s/minatajhiz,"furan-2,5-dione",existing skill export,live_telegram_listing + seed_2026-08-24 + seed_2026-08-25,2026-08-23,361992caccbe445cabb42f800756f1ec56a0de90a7a90cf5c5a5916534d18dde
furan-2-carbaldehyde,Furfural,,98-01-1,7362,,,HYBBIBNJHNGZAN-UHFFFAOYSA-N,C5H4O2,96.08,C1=COC(=C1)C=O,confirmed_organic,organic_reagent,,,telegram:minatajhiz,Iranian supplier Telegram catalogue,listing_evidence_crawled_2026-08-24,https://t.me/minatajhiz/640,,ai_normalised_listing+pubchem_confirmed,seed_2026-08-24 + seed_2026-08-25,2019-10-08,8bb03e92e8b76c2587507d83c43957a30bddca24bfb67cb92ab5e8812d5461b6
furan-2-carbonyl chloride,2-Furancarbonyl chloride,,,68242,,,OFTKFKYVSBNYEC-UHFFFAOYSA-N,C5H3ClO2,130.53,C1=COC(=C1)C(=O)Cl,confirmed_organic,organic_reagent,,,telegram:minatajhiz,Iranian supplier Telegram catalogue,listing_evidence_crawled_2026-08-24,https://t.me/minatajhiz/200,,ai_normalised_listing+pubchem_confirmed,seed_2026-08-24 + seed_2026-08-25,2017-11-16,cdbd9f1557d5cd4ea8d6d32bfd5a5f3c23ad7a4bd023eb9f52a5fffc8fb55aae
Gabapentin,Gabapentin,,,3446,,,UGJMXCAKCUNAIE-UHFFFAOYSA-N,C9H17NO2,171.24,C1CCC(CC1)(CC(=O)O)CN,confirmed_organic,pharmaceutical_or_api,,,Exir Pharmaceutical Co.,web_catalogue,listing_evidence_crawled_2026-08-23,https://exir.co.ir/product/gabapantin-400-2/,گاباپنتین 400,ai_resolved+pubchem,seed_2026-08-24 + seed_2026-08-25,2026-08-23,d5c451aba82ffe71544a9b324c1632f0f8be7d4f511c86557241ba3399576013
gamma butyrolactone,,,,7302,,,YEJRWHAVMIAJKC-UHFFFAOYSA-N,C4H6O2,86.09,,confirmed_organic,organic_reagent,derived:supplier_platform,X Chem,https://xchem.ir/product/gamma-butyrolactone/,live_supplier_catalogue,,2026-08-27,,seed,live_web_catalogue,2026-08-27,8ce9d8006627c19656927c598acfc208a063154e2b533e7b43d8fe02117a0a6b
gluconic acid,,,,10690,,,RGHNJXZEOKUKBD-SQOUGZDYSA-N,C6H12O7,196.16,,confirmed_organic,organic_reagent,derived:supplier_platform,Shimi Merck,Shimi Merck + https://shimimerck.ir/gluconic-acid.html,ai_normalized|live_supplier_catalogue,,https://shimimerck.ir/gluconic-acid.html,gluconic acid,model_fleet+pubchem,ai_model_fleet + live_web_catalogue,2026-08-27,e59b86a6b603a93128182dfd3bf03f914fc4a954c69305b7af0831361b85b136
glycidyltrimethylammonium chloride,,,,18205,,,PUVAFTRIIUSGLK-UHFFFAOYSA-M,C6H14ClNO,151.63,,confirmed_organic,organic_reagent,derived:supplier_platform,Shimi Merck,Shimi Merck + https://shimimerck.ir/glycidyltrimethylammonium-chloride.html,ai_normalized|live_supplier_catalogue,,https://shimimerck.ir/glycidyltrimethylammonium-chloride.html,glycidyltrimethylammonium chloride,model_fleet+pubchem,ai_model_fleet + live_web_catalogue,2026-08-27,57f21f140ac8b1156676795c7f10f3f3f6440979d4a1b75126ee91956d81a4c7
GMS,,,,169501703,,,OKCIDDUJSKJGOZ-KVQBGUIXSA-N,C10H13N5O6PSe,409.19,,confirmed_organic,organic_reagent,derived:supplier_platform,,t.me/Ch_Chemical_leaders,ai_normalized,,https://t.me/Ch_Chemical_leaders/214,"#تبلیغات 

 🧴 معرفی GMS (مونو دی‌گلیسیرید جینکو) – افزودنی چندمنظوره در صنایع غذایی، دارویی و آرایشی

 🎯 عرضه توسط پلی‌زون – تأمین‌کننده معتبر افزودنی‌های تخصصی در صنایع شیمیایی و غذایی

 ✅ گرید ۹۵ با کیفیت صادراتی
 ✅ ام",model_fleet+pubchem,ai_model_fleet,2026-08-27,385cb96558795fb375ef885eed653e27e26befccb76ce011b24839605fb85851
Guaifenesin,Guaifenesin,,,3516,,,HSRJKNPTNIJEKV-UHFFFAOYSA-N,C10H14O4,198.22,COC1=CC=CC=C1OCC(CO)O,confirmed_organic,pharmaceutical_or_api,,,Temad,web_catalogue,listing_evidence_crawled_2026-08-23,https://www.temad.com/product/syrup-guaicodin-guaifenesin-codeine-sulfate/,Syrup &#8211; Guaicodin (Guaifenesin / Codeine Sulfate),ai_resolved+pubchem,seed_2026-08-24 + seed_2026-08-25,2026-08-23,081a83e4ec92672b3c978a9af4cfd18e5b4ffe05f17301f6a93724afc81e8eb6
Guanidine Hydrochloride,Guanidine Hydrochloride,Guanidine Hydrochloride; guanidine;hydrochloride,50-01-1,5742,,,PJJJBBJSCAKJQF-UHFFFAOYSA-N,CH6ClN3,95.53,C(=N)(N)N.Cl,confirmed_organic,organic_reagent,,research,Shimi Merck + https://shimimerck.ir/guanidine-hydrochloride.html + t.me/labshop + telegram:labshop; telegram:ATRmedShop,ai_normalized|live_supplier_catalogue|telegram|telegram:labshop,telegram_listing_evidence,https://shimimerck.ir/guanidine-hydrochloride.html,✅ Guanidine thiocyanate 5kg ✅ Guanidine hydrochloride 5kg ✅ Molecular Biology grade produced by 🇩🇪 🇩🇪 neofroxx company || guanidine hydrochloride,structured_pubchem,ai_model_fleet + live_telegram_listing + live_web_catalogue + seed_2026-08-24 + seed_2026-08-25,2026-08-23,44aa0b90dae66d044b7e151820a601823300fb56d8defeff8ea99414d56e5901
guanidine;thiocyanic acid,guanidine thiocyanate,guanidine;thiocyanic acid; guanidine thiocyanate; Guanidine thiocyanate,593-84-0,65046,,,ZJYYHGLJYGJLLN-UHFFFAOYSA-N,C2H6N4S,118.16,C(#N)S.C(=N)(N)N,confirmed_organic,organic_reagent,,research,TamadKala; Telegram: ChemIranSanat; telegram:labshop + t.me/ATRmedShop + t.me/ChemIranSanat,Iranian online wholesale/lab shop | Iranian supplier Telegram catalogue|ai_normalized|telegram,listed_not_current_stock_verified | product_page_listed_not_current_stock_verified,https://t.me/ChemIranSanat/2008,"guanidine;thiocyanic acid | گوانیدین تیوسیانات سیگما کد g9277 | ... || گوانیدین تیوسیانات گرید بیولوژی مولکولی 
گوانیدین تیوسیانات گرید بیولوژی مولکولی در موارد زیر استفاده شده است:

لیز رده سلولی آدنوکارسینوما کولورکتال قبل از جداسازی RNA
به عنوان مهار کننده PCR در روش qPCR تریپلکس DNA میت || G9277",existing skill export | router_title_normalization,ai_model_fleet + live_telegram_listing + seed_2026-08-24 + seed_2026-08-25,2026-08-23,2d7d64797c25b17d6d933b78cb8fe99d4e54b128081c233f2dec9211959ac9cf
harmine hydrochloride,,,,5359389,,,VNPLYCKZIUTKJM-UHFFFAOYSA-N,C13H13ClN2O,248.71,,confirmed_organic,organic_reagent,derived:supplier_platform,Shimi Merck,Shimi Merck + https://shimimerck.ir/harmine-hydrochloride.html,ai_normalized|live_supplier_catalogue,,https://shimimerck.ir/harmine-hydrochloride.html,harmine hydrochloride,model_fleet+pubchem,ai_model_fleet + live_web_catalogue,2026-08-27,1339b8163bddc2922f3192d94e6b09222c7d5fb73005bc483d89985baaaa3820
heptan-1-ol,Heptanol,,111-70-6,8129,,,BBMCTIGTTCKYKF-UHFFFAOYSA-N,C7H16O,116.20,CCCCCCCO,confirmed_organic,organic_reagent,,,telegram:minatajhiz,Iranian supplier Telegram catalogue,listing_evidence_crawled_2026-08-24,https://t.me/minatajhiz/98,,ai_normalised_listing+pubchem_confirmed,seed_2026-08-24 + seed_2026-08-25,2017-09-18,70d7975f888f08498beb5f5ec6a378e74112f9961c2e3b1242e566c626685006
heptane,n-Heptane,heptane; n-Heptane,142-82-5,8900,,,IMNFDUFMRHMDMM-UHFFFAOYSA-N,C7H16,100.20,CCCCCCC,confirmed_organic,organic_reagent,,research,Fardad Shimi; TamadKala; Telegram: jahaneshimicom; Mojallali Group; ShimiMan + t.me/jahaneshimicom,Iranian online lab-chemical shop | Iranian online wholesale/lab shop | Iranian supplier Telegram catalogue|ai_normalized,listed_not_current_stock_verified | product_page_listed_not_current_stock_verified,https://t.me/jahaneshimicom/99,"heptane | ان هپتان laboratory دکتر مجللی | ... | ان هپتان دکتر مجللی || سلام نرمال هپتان لطفا"" قیمت اعلام کنید 09120337038",existing skill export | router_title_normalization,ai_model_fleet + seed_2026-08-24 + seed_2026-08-25,2026-08-23,234c346841bdab368777f662854155ed44a2179c8736701e96793ae5d5e3ccec
hexadecan-1-ol,Cetyl alcohol,hexadecan-1-ol; Cetyl alcohol; Cetyl Alcohol,36653-82-4,2682,,,BXWNKGSJHAJOGX-UHFFFAOYSA-N,C16H34O,242.44,CCCCCCCCCCCCCCCCO,confirmed_organic,organic_reagent,,,Isatis Shimi + Shimi Merck,Iranian online chemical shops|ai_normalized,product_page_listed_not_current_stock_verified,https://shimimerck.ir/buy-merck-cetyl-alcohol.html,Cetyl Alcohol | ستیل الکل || buy merck cetyl alcohol,router_title_normalization,ai_model_fleet + seed_2026-08-24 + seed_2026-08-25,2026-08-23,af53a76ec8fe3c4bbfd547b335ec72e446e1879dfec98cfd2feac1d33a43b3b6
hexadecane,Hexadecane,,544-76-3,11006,,,DCAYPVUWAIABOU-UHFFFAOYSA-N,C16H34,226.44,CCCCCCCCCCCCCCCC,confirmed_organic,organic_reagent,,,telegram:minatajhiz,Iranian supplier Telegram catalogue,listing_evidence_crawled_2026-08-24,https://t.me/minatajhiz/149,,ai_normalised_listing+pubchem_confirmed,seed_2026-08-24 + seed_2026-08-25,2017-10-25,72acd9bcd4036e5528f41246845a2dd314c7a974d71ddb698bf9bbb0ac4001fa
hexadecyl(trimethoxy)silane,Cetyl trimethoxysilane,hexadecyl(trimethoxy)silane; Cetyl trimethoxysilane,16411-93-1,85406,,,RSKGMYDENCAJEN-UHFFFAOYSA-N,C19H42O3Si,346.6,CCCCCCCCCCCCCCCC[Si](OC)(OC)OC,confirmed_organic,organic_reagent,,research,Telegram: minatajhiz + t.me/minatajhiz,Iranian supplier Telegram catalogue|telegram,listed_not_current_stock_verified,https://t.me/s/minatajhiz,hexadecyl(trimethoxy)silane,existing skill export,live_telegram_listing + seed_2026-08-24 + seed_2026-08-25,2026-08-23,0e3450d6883c224fff17c67cd08353379a60f3806d80ed920190f1c2c09d9fdc
hexadecyl(trimethyl)azanium bromide,hexadecyl(trimethyl)azanium bromide,,57-09-0,5974,,,LZZYPRNAOMGNLH-UHFFFAOYSA-M,C19H42BrN,364.4,CCCCCCCCCCCCCCCC[N+](C)(C)C.[Br-],confirmed_organic,pharmaceutical_or_api,derived:supplier_platform,,t.me/ATRmedShop + telegram:ATRmedShop,ai_normalized|public Telegram (seller_research),product_page_listed_not_current_stock_verified,https://t.me/ATRmedShop/184,CTAB | CTAB گرید بیولوژی مولکولی ‌‏⁧ ‌‌‏‌محصولات سیگما اصل را از ما بخواهید. 👇 واردات و فروش مواد شیمیایی سیگما 👇 ‌ ‌ ‌ ☎️ تلفن: ۰۲۱۶۶۳۶۱۵۴۳-۶۶۳۷۹۰۲۶-۰۲۱ ‌ 📱 موبایل: 09120549893 🌐 لینک محصول : https://atrmed.com/product/ctab/?v=e067b3c6b979 #آثل_طب #مواد_ازمایشگاهی #مواد_شیمیایی #بیولوژی #بیولوژی_مو,router_batch+pubchem,ai_model_fleet + seed_2026-08-25,2026-08-25,808f9ae7946efb6c943db1e2b1a6b47f6c374883a1461d7d9ffd84f101acd8c2
Hexadecyltrimethylammonium chloride,Hexadecyltrimethylammonium chloride,Hexadecyltrimethylammonium chloride; hexadecyl(trimethyl)azanium chloride,112-02-7,8154,,,WOWHHFRSBJGXCM-UHFFFAOYSA-M,C19H42ClN,320.0,CCCCCCCCCCCCCCCC[N+](C)(C)C.[Cl-],confirmed_organic,organic_reagent,,research,t.me/ATRmedShop + t.me/minatajhiz + telegram:minatajhiz; telegram:ATRmedShop,ai_normalized|telegram|telegram:minatajhiz,telegram_listing_evidence,https://t.me/ATRmedShop/803,"814087 merck Hexadecyltrimethylammonium chloride || هگزا دسیل تری متیل آمونیوم کلرید CTAC
توضیحات کلی
هگزا دسیل تری متیل آمونیوم کلرید (CTAC) یک سورفکتانت کاتیونی است می‌تواند که به‌عنوان پیش ساز برای سنتز MCM-41 (روغن موبیل، ترکیب ماده شماره 41)، یک ماده مزوپور یکنواخت د",structured_pubchem,ai_model_fleet + live_telegram_listing + seed_2026-08-24 + seed_2026-08-25,2026-08-23,f69c137ac90ebbf2c298b0db584217c916b698b127bd73df4a75e4de102ed9a1
hexamethylenediamine dihydrochloride,,,,2786615,,,XMVQMBLTFKAIOX-UHFFFAOYSA-N,C6H18Cl2N2,189.12,,confirmed_organic,organic_reagent,derived:supplier_platform,Shimi Merck,Shimi Merck + https://shimimerck.ir/hexamethylenediamine-dihydrochloride.html,ai_normalized|live_supplier_catalogue,,https://shimimerck.ir/hexamethylenediamine-dihydrochloride.html,hexamethylenediamine dihydrochloride,model_fleet+pubchem,ai_model_fleet + live_web_catalogue,2026-08-27,a70b7b820e75bd77a14cf91033ed047e1d647731bc370210b55fb9585e07bd3b
hexan-1-ol,1-Hexanol,,111-27-3,8103,,,ZSIAUFGUXNUGDI-UHFFFAOYSA-N,C6H14O,102.17,CCCCCCO,confirmed_organic,organic_reagent,,,Shimi Merck + telegram:minatajhiz,Iranian supplier Telegram catalogue|ai_normalized,listing_evidence_crawled_2026-08-24,https://shimimerck.ir/1-hexanol-804393-merck.html,1_هگزانول 1-Hexanol کد محصول مرک: 804393 واردات جدید مرک || 1 hexanol merck,ai_normalised_listing+pubchem_confirmed,ai_model_fleet + seed_2026-08-24 + seed_2026-08-25,2023-07-25,537f4c7356a975552cab7c29bd7850a4b4103cb3a91fa2b335214e3bc42e2af8
hexane,Hexane,hexane; Hexane,110-54-3,8058,,,VLKZOEOYAKHREP-UHFFFAOYSA-N,C6H14,86.18,CCCCCC,confirmed_organic,organic_reagent,,research,Fardad Shimi; TamadKala; Telegram: ChemIranSanat; Telegram: chemgroup; Telegram: minatajhiz; Mojallali Group; ShimiMan; IR Chem / Pishgaman; telegram:Ch_Chemical_leaders + https://drm-chem.com/en/product/n-hexane-acs-en/ + t.me/ChemIranSana,Iranian online lab-chemical shop | Iranian online wholesale/lab shop | Iranian supplier Telegram catalogue|ai_normalized,listed_not_current_stock_verified | product_page_listed_not_current_stock_verified,https://t.me/IranChemicals/21972,"hexane | n هگزان امرتات شیمی گرید extra pure 55 | ان هگزان acs دکتر مجللی | ... | ان هگزان extra pure دکتر مجللی | ... | ان هگزان laboratory دکتر مجللی | ... | ان هگزان دکتر مجللی | فروش هگزان | ... || 38490 Sigma-Aldrich 5,5-Dimethyl-1,3-cyclohexanedione (Dimedone) 50g ×1 🛩 واردات مسافری 🔜 موجود و ",existing skill export | router_title_normalization,ai_model_fleet + live_telegram_listing + live_web_catalogue + seed_2026-08-24 + seed_2026-08-25,2026-08-23,937a4bb2e1a2d927bec8f9734113bbc4b0e5449a530668af421b359973703a75
"hexane-1,6-diamine",Hexamethylenediamine,,124-09-4,16402,,,NAQMVNRVTILPCV-UHFFFAOYSA-N,C6H16N2,116.20,C(CCCN)CCN,confirmed_organic,organic_reagent,,,Shimi Merck + telegram:IranChemicals,Iranian supplier Telegram catalogue|ai_normalized,listing_evidence_crawled_2026-08-24,https://shimimerck.ir/hexamethylenediamine-hmda.html,hexamethylenediamine hmda,ai_normalised_listing+pubchem_confirmed,ai_model_fleet + seed_2026-08-24 + seed_2026-08-25,2022-03-01,d73c9813b71f790958fb788433f153766a4e890c011f31dcac58aa26cc18bfa6
hexanedihydrazide,Adipic Dihydrazide,hexanedihydrazide; Adipic Dihydrazide; Adipic dihydrazide,,66117,,,IBVAQQYNSHJXBV-UHFFFAOYSA-N,C6H14N4O2,174.20,C(CCC(=O)NN)CC(=O)NN,confirmed_organic,organic_reagent,,research,Telegram: minatajhiz + t.me/minatajhiz,Iranian supplier Telegram catalogue|telegram,listed_not_current_stock_verified,https://t.me/s/minatajhiz,hexanedihydrazide,existing skill export,live_telegram_listing + seed_2026-08-24 + seed_2026-08-25,2026-08-23,9c0bb3ad5df44141f7523c96540e033313792d4ed7e32d980f217fb3cf310d7c
hexanedioic acid,Adipic acid,hexanedioic acid; Adipic acid,124-04-9,196,,,WNLRTRBMVRJNCN-UHFFFAOYSA-N,C6H10O4,146.14,C(CCC(=O)O)CC(=O)O,confirmed_organic,organic_reagent,,research,Fardad Shimi; TamadKala,Iranian online lab-chemical shop | Iranian online wholesale/lab shop,product_page_listed_not_current_stock_verified,https://tamadkala.com/product/154899/%D8%A7%D8%B3%DB%8C%D8%AF-%D8%A2%D8%AF%DB%8C%D9%BE%DB%8C%DA%A9-%D8%A7%D9%85%D8%B1%D8%AA%D8%A7%D8%AA-%D8%B4%DB%8C%D9%85%DB%8C-%DA%AF%D8%B1%DB%8C%D8%AF-extra-pure,آدیپیک اسید مرک MERCK | اسید آدیپیک امرتات شیمی گرید extra pure || #تبلیغات شرکت 💎 الماس صدر امیران 💎 تامین کننده تخصصی مواد اولیه شیمیایی و پلیمری فروش ویژه ادیپیک اسید هایلی فروش ویژه متیلن کلراید شاندونگ بار اورجینال و تضمینی بدون هزینه انبار داری تحویل تهران زیر قیمت بازار فقط نقدی ☎️ شماره شرکت,router_title_normalization,seed_2026-08-24 + seed_2026-08-25,2026-08-23,a7811cbccd6c62aa6ddecc22cf99188c778f5061cad5990d7c721e49c54e6078
hexanoic acid,Hexanoic Acid,hexanoic acid; Hexanoic Acid,142-62-1,8892,,,FUZZWVXGSFPDMH-UHFFFAOYSA-N,C6H12O2,116.16,CCCCCC(=O)O,confirmed_organic,organic_reagent,,research,Telegram: ChemIranSanat; Telegram: minatajhiz + t.me/ChemIranSanat,Iranian supplier Telegram catalogue|telegram,listed_not_current_stock_verified,https://t.me/s/ChemIranSanat,"hexanoic acid || 153745, 2.5g Aldrich Hexanoic acid موجود و آماده تحویل ✅ شیمیران صنعت فقط اصلی ❓ قیمت و سفارش 👇 Admin 🆔 @ChemIranAdmin 🆔 @ChemIran1",existing skill export,live_telegram_listing + seed_2026-08-24 + seed_2026-08-25,2026-08-23,b00d2d5433442183fe5263502ffb3eb675845e387481e78069990ebb5fcccf3d
"holmium(3+);2-hydroxypropane-1,2,3-tricarboxylate","Citric acid, holmium(3+) salt(1:1)",,,26032,,,XWNIZLSRPNZMLP-UHFFFAOYSA-K,C6H5HoO7,354.03,C(C(=O)[O-])C(CC(=O)[O-])(C(=O)[O-])O.[Ho+3],confirmed_organic,organic_reagent,,,telegram:chemgroup,Iranian supplier Telegram catalogue,listing_evidence_crawled_2026-08-24,https://t.me/chemgroup/2096,,ai_normalised_listing+pubchem_confirmed,seed_2026-08-24 + seed_2026-08-25,2016-09-16,853f0ca925f9181badaae7fad890188287901b0f33cbf06812f39eacdb69e2f2
Hydrocodone,Hydrocodone,"Hydrocodone; (4R,4aR,7aR,12bS)-9-methoxy-3-methyl-1,2,4,4a,5,6,7a,13-octahydro-4,12-methanobenzofuro[3,2-e]isoquinolin-7-one",,5284569,,,LLPOLZWFYMWNKH-CMKMFDCUSA-N,C18H21NO3,299.4,CN1CC[C@]23[C@@H]4[C@H]1CC5=C2C(=C(C=C5)OC)O[C@H]3C(=O)CC4,confirmed_organic,pharmaceutical_or_api,,,Temad,web_catalogue,listing_evidence_crawled_2026-08-23,https://www.temad.com/product/hydrocodone/,Hydrocodone,pubchem_direct,seed_2026-08-24 + seed_2026-08-25,2026-08-23,280ab21de428c6abb1dd94fa2e6ef8bb96be68da86e4569281aa8c12e1aef3cc
Hydrocodone Bitartrate,Hydrocodone Bitartrate,"Hydrocodone Bitartrate; bis((4R,4aR,7aR,12bS)-9-methoxy-3-methyl-1,2,4,4a,5,6,7a,13-octahydro-4,12-methanobenzofuro[3,2-e]isoquinolin-7-one);bis((2R,3R)-2,3-dihydroxybutanedioic acid);pentahydrate",,23724881,,,JMBRWJAVUIITGV-LNNMZZBZSA-N,C44H64N2O23,989.0,CN1CC[C@]23[C@@H]4[C@H]1CC5=C2C(=C(C=C5)OC)O[C@H]3C(=O)CC4.CN1CC[C@]23[C@@H]4[C@H]1CC5=C2C(=C(C=C5)OC)O[C@H]3C(=O)CC4.[C@@H]([C@H](C(=O)O)O)(C(=O)O)O.[C@@H]([C@H](C(=O)O)O)(C(=O)O)O.O.O.O.O.O,confirmed_organic,pharmaceutical_or_api,,,Temad,web_catalogue,listing_evidence_crawled_2026-08-23,https://www.temad.com/product/morphine-hcl/,Hydrocodone Bitartrate,pubchem_direct,seed_2026-08-24 + seed_2026-08-25,2026-08-23,1e43bff611048e94527dda3122f59e3bd0fda326fc5082bfe476a1921f82b073
Hydrocortisone Acetate,Hydrocortisone Acetate,"Hydrocortisone Acetate; [2-[(8S,9S,10R,11S,13S,14S,17R)-11,17-dihydroxy-10,13-dimethyl-3-oxo-2,6,7,8,9,11,12,14,15,16-decahydro-1H-cyclopenta[a]phenanthren-17-yl]-2-oxoethyl] acetate",,5744,,,ALEXXDVDDISNDU-JZYPGELDSA-N,C23H32O6,404.5,CC(=O)OCC(=O)[C@]1(CC[C@@H]2[C@@]1(C[C@@H]([C@H]3[C@H]2CCC4=CC(=O)CC[C@]34C)O)C)O,confirmed_organic,pharmaceutical_or_api,,,Temad,web_catalogue,listing_evidence_crawled_2026-08-23,https://www.temad.com/product/risperidone-2/,Hydrocortisone Acetate,pubchem_direct,seed_2026-08-24 + seed_2026-08-25,2026-08-23,368e8c07c9805e4fc8e97b37ee01eca12422288cacdbd24a0d0f9cf0d7468448
hydrogen sulfate;tetrabutylazanium,,,,94433,,,SHFJWMWCIHQNCP-UHFFFAOYSA-M,C16H37NO4S,339.5,,confirmed_organic,organic_reagent,derived:supplier_platform,,Shimi Merck,ai_normalized,,https://shimimerck.ir/tetra-n-butyl-ammonium-hydrogen-sulfate.html,tetra n butyl ammonium hydrogen sulfate,model_fleet+pubchem,ai_model_fleet,2026-08-27,846631bd40ada1ecc7bb15abe17d93bbe2bcf577f971081c8f8578162f6b30e8
"hydroxy-sulfanylidene-bis(2,4,4-trimethylpentyl)-lambda5-phosphane",,,,6913890,,,KUYLHALFMPOMKK-UHFFFAOYSA-N,C16H35OPS,306.5,,confirmed_organic,organic_reagent,derived:supplier_platform,,Shimi Merck,ai_normalized,,https://shimimerck.ir/buy-diisooctylthiophosphinic-acid-sigma-aldrich.html,buy diisooctylthiophosphinic acid sigma aldrich,model_fleet+pubchem,ai_model_fleet,2026-08-27,983ccfc7aff494c29d4c9e1b224fc94678de51a638b6b872e4a161bd6e54bbdf
Hydroxychloroquine Sulfate,Hydroxychloroquine sulfate,Hydroxychloroquine Sulfate; Hydroxychloroquine sulfate; 2-[4-[(7-chloroquinolin-4-yl)amino]pentyl-ethylamino]ethanol;sulfuric acid,,12947,,,JCBIVZZPXRZKTI-UHFFFAOYSA-N,C18H28ClN3O5S,434.0,CCN(CCCC(C)NC1=C2C=CC(=CC2=NC=C1)Cl)CCO.OS(=O)(=O)O,confirmed_organic,pharmaceutical_or_api,,,Temad,web_catalogue,listing_evidence_crawled_2026-08-23,https://www.temad.com/product/tablet-hydroxychloroquine-sulfate-200-mg/,Tablet &#8211; Hydroxychloroquine Sulfate 200 mg,ai_resolved+pubchem,seed_2026-08-24 + seed_2026-08-25,2026-08-23,40803637079e1f1d6225107cdb5dc2244f96eac1f3cf6dbd4e246208dbdc42c8
Hydroxyquinone,2-hydroxy-p-benzoquinone,,,151011,,,GPLIMIJPIZGPIF-UHFFFAOYSA-N,C6H4O3,124.09,C1=CC(=O)C(=CC1=O)O,confirmed_organic,organic_reagent,,,minatajhiz,telegram,listing_evidence_crawled_2026-08-23,https://t.me/minatajhiz/511,واردات جدید 👆 👆 👆 2-هیدروکسی پارا نفتوکینون #اکروس,ai_resolved+pubchem,seed_2026-08-24 + seed_2026-08-25,2026-08-23,daf3a0db8ac601bd6d285ead6c20d0caaae211ebd173a80bff3e54ba6c8b2c50
indole 3 butyric acid,,,,8617,,,JTEDVYBZBROSJT-UHFFFAOYSA-N,C12H13NO2,203.24,,confirmed_organic,organic_reagent,derived:supplier_platform,Shimi Merck,Shimi Merck + https://shimimerck.ir/indole-3-butyric-acid.html,ai_normalized|live_supplier_catalogue,,https://shimimerck.ir/indole-3-butyric-acid.html,indole 3 butyric acid,model_fleet+pubchem,ai_model_fleet + live_web_catalogue,2026-08-27,45138c503438063fcc37b2d2605c440cbec4af70dd040d6dd98bed7699a66c65
iodomethane,Methyl iodide,,,6328,,,INQOMBQAUSQDDS-UHFFFAOYSA-N,CH3I,141.939,CI,confirmed_organic,organic_reagent,,,telegram:minatajhiz,Iranian supplier Telegram catalogue,listing_evidence_crawled_2026-08-24,https://t.me/minatajhiz/44,,ai_normalised_listing+pubchem_confirmed,seed_2026-08-24 + seed_2026-08-25,2017-02-16,bb1109f28efd258a55378fe6f5be8da51a14c7a832bd569f6910c5c91146956b
iron(2+);oxalate,Ferrous Oxalate,,,10589,,,OWZIYWAUNZMLRT-UHFFFAOYSA-L,C2FeO4,143.86,C(=O)(C(=O)[O-])[O-].[Fe+2],confirmed_organic,organic_reagent,,,telegram:chemgroup,Iranian supplier Telegram catalogue,listing_evidence_crawled_2026-08-24,https://t.me/chemgroup/2758,,ai_normalised_listing+pubchem_confirmed,seed_2026-08-24 + seed_2026-08-25,2017-01-22,0d53b9daf2d7860716631b2e5770aca87740b06e13ca2d0458fbaed05399bc2e
"iron(4+);(1Z,11Z,19Z,29Z)-2,11,20,29-tetraza-37,38,39,40-tetrazanidanonacyclo[28.6.1.13,10.112,19.121,28.04,9.013,18.022,27.031,36]tetraconta-1,3,5,7,9,11,13,15,17,19,21,23,25,27,29,31,33,35-octadecaene",wpc,"iron(4+);(1Z,11Z,19Z,29Z)-2,11,20,29-tetraza-37,38,39,40-tetrazanidanonacyclo[28.6.1.13,10.112,19.121,28.04,9.013,18.022,27.031,36]tetraconta-1,3,5,7,9,11,13,15,17,19,21,23,25,27,29,31,33,35-octadecaene; wpc",,72710560,,,NKNLYPSKMPTHHX-UHFFFAOYSA-N,C32H16FeN8,568.4,C1=CC=C2C(=C1)C3=NC4=C5C=CC=CC5=C([N-]4)N=C6C7=CC=CC=C7C(=NC8=C9C=CC=CC9=C([N-]8)N=C2[N-]3)[N-]6.[Fe+4],confirmed_organic,organic_reagent,derived:supplier_platform,,telegram:jahaneshimicom,public Telegram (seller_industrial),product_page_listed_not_current_stock_verified,https://t.me/jahaneshimicom/107,سلام تناژ wpc برای داروسازی موجود دارید؟ 09914641316,structured_pubchem,seed_2026-08-25,2026-08-25,f262a0e4178b184c4785e0abd05dde0538932bc00a7ee5f0284191b076cd3662
Isonicotinoyl chloride hydrochloride,Isonicotinoyl chloride hydrochloride,Isonicotinoyl chloride hydrochloride; pyridine-4-carbonyl chloride;hydrochloride,,12262826,,,BNTRVUUJBGBGLZ-UHFFFAOYSA-N,C6H5Cl2NO,178.01,C1=CN=CC=C1C(=O)Cl.Cl,confirmed_organic,organic_reagent,,research,t.me/ChemIranSanat + telegram:ChemIranSanat,telegram|telegram:ChemIranSanat,telegram_listing_evidence,https://t.me/s/ChemIranSanat,Isonicotinoyl chloride hydrochloride واردات از شرکت آلفاایسر 🆔 @ChemIran1,structured_pubchem,live_telegram_listing + seed_2026-08-24 + seed_2026-08-25,2026-08-23,339834c474bf66c5ebadfb1c71ed39e94083bd5041992676a4d1defea2b031fc
jasmonic acid,,,,5281166,,,ZNJFBWYDHIGLCU-HWKXXFMVSA-N,C12H18O3,210.27,,confirmed_organic,organic_reagent,derived:supplier_platform,Shimi Merck,Shimi Merck + https://shimimerck.ir/jasmonic-acid.html,ai_normalized|live_supplier_catalogue,,https://shimimerck.ir/jasmonic-acid.html,jasmonic acid,model_fleet+pubchem,ai_model_fleet + live_web_catalogue,2026-08-27,f8c03be571822044e831c9c1389b117376cf246dca91d5141ad3054f450f5f5e
Ketorolac Tromethamine,Ketorolac Tromethamine,"Ketorolac Tromethamine; 2-amino-2-(hydroxymethyl)propane-1,3-diol;5-benzoyl-2,3-dihydro-1H-pyrrolizine-1-carboxylic acid",,84003,,,BWHLPLXXIDYSNW-UHFFFAOYSA-N,C19H24N2O6,376.4,C1CN2C(=CC=C2C(=O)C3=CC=CC=C3)C1C(=O)O.C(C(CO)(CO)N)O,confirmed_organic,pharmaceutical_or_api,,,Temad,web_catalogue,listing_evidence_crawled_2026-08-23,https://www.temad.com/product/prazosin-hcl/,Ketorolac Tromethamine,pubchem_direct,seed_2026-08-24 + seed_2026-08-25,2026-08-23,281b6c7afc08806c3bb4583007e4a1a6433d72ca30587665a439edc950da0297
L-Aspartic Acid,L-Aspartic Acid,L-Aspartic Acid; (2S)-2-aminobutanedioic acid,56-84-8,5960,,,CKLJMWTZIZZHCS-REOHCLBHSA-N,C4H7NO4,133.10,C(C(C(=O)O)N)C(=O)O,confirmed_organic,organic_reagent,,research,Shimi Merck + t.me/ChemIranSanat + telegram:ChemIranSanat; telegram:ATRmedShop,ai_normalized|telegram|telegram:ChemIranSanat,telegram_listing_evidence,https://t.me/ChemIranSanat/1983,"014036 Exir L-Aspartic acid 100g 🔜 موجود و آماده تحویل ✅ شیمیران صنعت فقط اصلی ♾ موجودی و تنوع بی نظیر از برندهای معتبر 📦 ارسال رایگان 📱 سفارش کالا 👇 📱 0938 648 9001 ☎️ 77 88 18 08 🆔 @ChemIranAdmin 🆔 @ChemIran1 || buy the amino acid l aspartic acid || 014036 Exir
L-Aspartic acid
100g

 🔜 موجود و آما",structured_pubchem,ai_model_fleet + live_telegram_listing + seed_2026-08-24 + seed_2026-08-25,2026-08-23,5be58e7c6329efbd5b303d2ce58f35288f4298c7599412d8cd2b0eaff1e3f134
L-Valine,L-Valine,"L-Valine; (2S,3R)-2-amino-3-hydroxybutanoic acid",72-19-5,6288,,,AYFVYJQAPQTCCC-GBXIJSLDSA-N,C4H9NO3,119.12,C[C@H]([C@@H](C(=O)O)N)O,confirmed_organic,supplement_active,,research,TamadKala; telegram:ATRmedShop + t.me/ATRmedShop,Iranian supplier catalogue|ai_normalized|telegram,listing_evidence_crawled_2026-08-24,https://t.me/ATRmedShop/607,L-Threonine | اسیدآمینه ال-ترئونین گرید کشت سلول ‌‏⁧ ‌‌‏‌محصولات سیگما اصل را از ما بخواهید. 👇 واردات و فروش مواد شیمیایی سیگما 👇 ‌ ‌ ‌ ☎️ تلفن: ۰۲۱۶۶۳۶۱۵۴۳-۶۶۳۷۹۰۲۶-۰۲۱ ‌ 📱 موبایل: 09120549893 🌐 لینک محصول : https://atrmed.com/product/l-threonine/?v=e067b3c6b979 #آثل_طب #مواد_ازمایشگاهی #مواد_شیمیا,ai_normalised_listing+pubchem_confirmed,ai_model_fleet + live_telegram_listing + seed_2026-08-24 + seed_2026-08-25,2026-08-24,0c37892740588cb25934d2cc11c10dc422fd642c32760e0e636983a7a2fbe6af
Lansoprazole,Lansoprazole,,,3883,,,MJIHNNLFOKEZEW-UHFFFAOYSA-N,C16H14F3N3O2S,369.4,CC1=C(C=CN=C1CS(=O)C2=NC3=CC=CC=C3N2)OCC(F)(F)F,confirmed_organic,pharmaceutical_or_api,,,Temad,web_catalogue,listing_evidence_crawled_2026-08-23,https://www.temad.com/product/capsule-lansoprazole-30-mg/,Capsule &#8211; Lansoprazole 30 mg,ai_resolved+pubchem,seed_2026-08-24 + seed_2026-08-25,2026-08-23,220ac81f0c5898a2e0488403482f8db80845767fd89bad41bf6ae5e72aa1184d
lauric acid,,,,3893,,,POULHZVOKOAJMA-UHFFFAOYSA-N,C12H24O2,200.32,,confirmed_organic,organic_reagent,derived:supplier_platform,Shimi Merck,Shimi Merck + https://shimimerck.ir/lauric-acid.html,ai_normalized|live_supplier_catalogue,,https://shimimerck.ir/lauric-acid.html,lauric acid,model_fleet+pubchem,ai_model_fleet + live_web_catalogue,2026-08-27,2ef1af852406ad9bca380b0ef92176c2279b8fa032e319459eb2a992c5ec9e2b
Lead diacetate trihydrate,Lead(II) acetate trihydrate,Lead diacetate trihydrate; Lead(II) acetate trihydrate; lead(2+);diacetate;trihydrate,6080-56-4,22456,,,MCEUZMYFCCOOQO-UHFFFAOYSA-L,C4H12O7Pb,379,CC(=O)[O-].CC(=O)[O-].O.O.O.[Pb+2],confirmed_organic,organic_reagent,,,Mojallali Group,web_catalogue,listing_evidence_crawled_2026-08-23,https://drm-chem.com/en/product/lead-ii-acetate-trihydrate-en/,Lead (II) acetate trihydrate,ai_resolved+pubchem,seed_2026-08-24 + seed_2026-08-25,2026-08-23,7dbd7e59ee9e2e64eb9abcd9595021be2a5ca6d967190522f912fc639a974535
lead(2+) diacetate,,,,9317,,,GUWSLQUAAYEZAF-UHFFFAOYSA-L,C4H6O4Pb,325.0,,confirmed_organic,organic_reagent,derived:supplier_platform,,Shimi Merck,ai_normalized,,https://shimimerck.ir/lead-acetate-107375-merck.html,lead acetate merck,model_fleet+pubchem,ai_model_fleet,2026-08-27,7923d4dfa78f63f97953aa35e9916fce7f6b59f7d1968f780d9be12b4972918e
lithium dodecyl sulfate,,,,2735071,,,YFVGRULMIQXYNE-UHFFFAOYSA-M,C12H25LiO4S,272.4,,confirmed_organic,pharmaceutical_or_api,derived:supplier_platform,,t.me/ATRmedShop,ai_normalized,,https://t.me/ATRmedShop/271,"لیتیوم دودسیل سولفات 
لیتیوم دودسیل سولفات به عنوان یک جزء از بافر لیز کننده استفاده میشود. این ماده بک دترجنت آنیونی که ...
برای ادامه مطالب، مشاهده و خرید آنلاین این محصول به لینک زیر مراجعه فرمایید:
 https://atrmedsho",model_fleet+pubchem,ai_model_fleet,2026-08-27,6a343ef131aef6f5d09623572cd6853a5fd09ef9dcca68384d1051b243896b5c
lithium stearate,,,,517357,,,HGPXWXLYXNVULB-UHFFFAOYSA-M,C18H35LiO2,290.4,,confirmed_organic,organic_reagent,derived:supplier_platform,Moftakheran Shimi,https://www.mbkchemical.com/product/lithium-stearate/,live_supplier_catalogue,,2026-08-27,,seed,live_web_catalogue,2026-08-27,a32c540db7d3039f392d12f852e18819a3a018677cdc332914eb19dd15c131b5
m-Cresol Purple,m-cresol purple,"m-Cresol Purple; m-cresol purple; 4-[3-(4-hydroxy-2-methylphenyl)-1,1-dioxo-2,1lambda6-benzoxathiol-3-yl]-3-methylphenol",2303-01-7,73030,,,OLQIKGSZDTXODA-UHFFFAOYSA-N,C21H18O5S,382.4,CC1=C(C=CC(=C1)O)C2(C3=CC=CC=C3S(=O)(=O)O2)C4=C(C=C(C=C4)O)C,confirmed_organic,colorant_or_indicator,,,Mojallali Group,web_catalogue,listing_evidence_crawled_2026-08-23,https://drm-chem.com/en/product/m-cresol-purple-indicator-en/,m-cresol purple,pubchem_direct,seed_2026-08-24 + seed_2026-08-25,2026-08-23,d21fa62a3e36c8e90bd430154692f659f80caa1905b4fc605e480d787b58c779
Magnesium bicarbonate,Magnesium bicarbonate,,,102204,,,QWDJLDTYWNBUKE-UHFFFAOYSA-L,C2H2MgO6,146.34,C(=O)(O)[O-].C(=O)(O)[O-].[Mg+2],confirmed_organic,organic_reagent,,,Fardad Shimi,web_catalogue,listing_evidence_crawled_2026-08-23,https://fardadshimi.com/product/6227873/,6227873,ai_resolved+pubchem,seed_2026-08-24 + seed_2026-08-25,2026-08-23,b070b6ae394be0bb2ab7620e754d052a21128a419c24e3d58e1ecbcf75488078
magnesium bis(octadecanoate),Magnesium stearate,magnesium bis(octadecanoate); Magnesium stearate; magnesium stearate,557-04-0,11177,,,HQKMJHAJHXVSDF-UHFFFAOYSA-L,C36H70MgO4,591.2,CCCCCCCCCCCCCCCCCC(=O)[O-].CCCCCCCCCCCCCCCCCC(=O)[O-].[Mg+2],confirmed_organic,pharmaceutical_or_api,,research,TamadKala; Telegram: Ch_Chemical_leaders; Telegram: fanchem; IR Chem / Pishgaman + t.me/fanchem,Iranian online wholesale/lab shop | Iranian supplier Telegram catalogue|telegram,listed_not_current_stock_verified | product_page_listed_not_current_stock_verified,https://t.me/s/fanchem,magnesium bis(octadecanoate) | استئارات منیزیم extra pure نوترون | استئارات منیزیم خوراکی || #تبلیغات 🌐 معرفی شرکت فن‌آوران شیمی – پیشگام تولید افزودنی‌های پلیمری در ایران 🎯 پلی‌زون به‌عنوان نماینده فروش رسمی، تأمین‌کننده محصولات تخصصی این برند معتبر است. 🏭 فن‌آوران شیمی با بیش از ۲۰ سال تجربه و ۲ و,existing skill export | router_title_normalization,live_telegram_listing + seed_2026-08-24 + seed_2026-08-25,2026-08-23,648d3f682c8506cc8feca4a1dccca8691f440a03ddbaaa4fb436fa07d2124ab7
Magnesium carbonate hydroxide,magnesium carbonate hydroxide,Magnesium carbonate hydroxide; magnesium carbonate hydroxide; hexamagnesium;tetracarbonate;dihydroxide;pentahydrate,39409-82-0,73415762,,,UOVKYUCEFPSRIJ-UHFFFAOYSA-D,C4H12Mg6O19+2,509.96,C(=O)([O-])[O-].C(=O)([O-])[O-].C(=O)([O-])[O-].C(=O)([O-])[O-].O.O.O.O.O.[OH-].[OH-].[Mg+2].[Mg+2].[Mg+2].[Mg+2].[Mg+2].[Mg+2],confirmed_organic,organic_reagent,,,Mojallali Group,web_catalogue,listing_evidence_crawled_2026-08-23,https://drm-chem.com/en/product/magnesium-carbonate-basic-light-en/,Magnesium carbonate basic light,ai_resolved+pubchem,seed_2026-08-24 + seed_2026-08-25,2026-08-23,eb7bda519b3819f6523f6002746bb032616dd8a13ee4e2fd87dc1016af74d1ad
magnesium diacetate,,,,8896,,,UEGPKNKPLBYCNK-UHFFFAOYSA-L,C4H6MgO4,142.39,,confirmed_organic,pharmaceutical_or_api,derived:supplier_platform,,t.me/ATRmedShop,ai_normalized,,https://t.me/ATRmedShop/750,"منیزیم استات تتراهیدرات


‌‏⁧ ‌‌‏‌محصولات سیگما اصل را از ما بخواهید.

 👇 واردات و فروش مواد شیمیایی سیگما 👇 ‌‌ 
‌
 ☎️ تلفن: ۰۲۱۶۶۳۶۱۵۴۳-۶۶۳۷۹۰۲۶-۰۲۱
‌
 📱 موبایل: 09120549893

 🌐 لینک محصول :

 https://atrmed.com/product",model_fleet+pubchem,ai_model_fleet,2026-08-27,cb6f37d517cb66564b137baa8651fc6d4e0fb86d18d759d066cbc057d0b78b34
"magnesium methyl (3R,22S)-16-ethenyl-11-ethyl-4-hydroxy-12,17,21,26-tetramethyl-22-[3-oxo-3-[(E,7R,11R)-3,7,11,15-tetramethylhexadec-2-enoxy]propyl]-23,25-diazonia-7,24-diazanidahexacyclo[18.2.1.15,8.110,13.115,18.02,6]hexacosa-1(23),2(6),4,8(26),9,11,13(25),14,16,18,20-undecaene-3-carboxylate",Chlorophyll,,,156620228,,,KPJIJGZVAWIZMG-LEGXGVPYSA-P,C55H74MgN4O5+2,895.5,CCC\1=C(C\2=[NH+]/C1=C\C3=C(C4=C([C@@H](C(=C4[N-]3)C5=[NH+]C(=C([C@@H]5CCC(=O)OC/C=C(\C)/CCC[C@H](C)CCC[C@H](C)CCCC(C)C)C)/C=C\6/C(=C(/C(=C2)/[N-]6)C=C)C)C(=O)OC)O)C)C.[Mg+2],confirmed_organic,colorant_or_indicator,,,t.me/ChemIranSanat + telegram:chemgroup,Iranian supplier Telegram catalogue|ai_normalized,listing_evidence_crawled_2026-08-24,https://t.me/ChemIranSanat/772,"شیمی پاییز، فصل رنگ ها
با عدم تولید کلروفیل و تجزیه کلروفیل موجود، ترکیبات رنگی دیگر خودی نشان می دهند.
پاییزتون بخیر

 🆔 @ChemIran1",ai_normalised_listing+pubchem_confirmed,ai_model_fleet + seed_2026-08-24 + seed_2026-08-25,2017-05-17,95c93b69ad3657f142be4730882b2d622b252263a0f0b267d4cf63509581f444
magnesium;carbanide;bromide,Methyl magnesium bromide,,,6349,,,NXPHGHWWQRMDIA-UHFFFAOYSA-M,CH3BrMg,119.24,[CH3-].[Mg+2].[Br-],confirmed_organic,organic_reagent,,,telegram:minatajhiz,Iranian supplier Telegram catalogue,listing_evidence_crawled_2026-08-24,https://t.me/minatajhiz/332,189898 Aldrich Methylmagnesium bromide solution 3.0 M in diethyl ether density 1.035 g/mL at 25 °C,ai_normalised_listing+pubchem_confirmed,seed_2026-08-24 + seed_2026-08-25,2018-03-26,5f613c4f8f97f361cb9817ca070ca4105b74e3530ebb0552b92d425da5307c02
magnesium;diacetate;tetrahydrate,magnesium;diacetate;tetrahydrate,,16674-78-5,134717,,,XKPKPGCRSHFTKM-UHFFFAOYSA-L,C4H14MgO8,214.45,CC(=O)[O-].CC(=O)[O-].O.O.O.O.[Mg+2],confirmed_organic,pharmaceutical_or_api,derived:supplier_platform,,telegram:ATRmedShop,public Telegram (seller_research),product_page_listed_not_current_stock_verified,https://t.me/ATRmedShop/750,Magnesium acetate tetrahydrate | منیزیم استات تتراهیدرات ‌‏⁧ ‌‌‏‌محصولات سیگما اصل را از ما بخواهید. 👇 واردات و فروش مواد شیمیایی سیگما 👇 ‌‌ ‌ ☎️ تلفن: ۰۲۱۶۶۳۶۱۵۴۳-۶۶۳۷۹۰۲۶-۰۲۱ ‌ 📱 موبایل: 09120549893 🌐 لینک محصول : https://atrmed.com/product/magnesium-acetate-tetrahydrate-2/?v=e067b3c6b979 #آثل_طب,router_batch+pubchem,seed_2026-08-25,2026-08-25,6dd5608b354d3be1fb94cbe2236defcb8fd4ab2a509ef0263cc8a8ea7c36e61a
Malachite Green,Malachite green,,569-64-2,11294,,,FDZZZRQASAIRJF-UHFFFAOYSA-M,C23H25ClN2,364.9,CN(C)C1=CC=C(C=C1)C(=C2C=CC(=[N+](C)C)C=C2)C3=CC=CC=C3.[Cl-],confirmed_organic,colorant_or_indicator,,,jahaneshimicom + t.me/jahaneshimicom,ai_normalized|telegram,listing_evidence_crawled_2026-08-23,https://t.me/jahaneshimicom/90,سلام رنگ مالاشیت گرین دارید؟ 09195743545,ai_resolved+pubchem,ai_model_fleet + seed_2026-08-24 + seed_2026-08-25,2026-08-23,1cfb0ea2c5fafe62e5b941610cb93be03b355b5f4ea66793ff14cf73008a4e22
Maltose,Maltose,,,439186,,,GUBGYTABKSRVRQ-PICCSMPSSA-N,C12H22O11,342.30,C([C@@H]1[C@H]([C@@H]([C@H]([C@H](O1)O[C@@H]2[C@H](OC([C@@H]([C@H]2O)O)O)CO)O)O)O)O,confirmed_organic,organic_reagent,,,jahaneshimicom,telegram,listing_evidence_crawled_2026-08-23,https://t.me/jahaneshimicom/80,سلام گلوتن گندم هیدرولیز شده و آب پنیر دلاکتوز شده و پروتئین سویا و مالتوز از هرکدام ١٠٠ کیلو میخواستم 09134469010,ai_resolved+pubchem,seed_2026-08-24 + seed_2026-08-25,2026-08-23,f19e0481e421c56bdcec1220ddbb7805c07c7206d84c0e27826b982cff82e2bc
mercury(2+) dithiocyanate,mercury(2+) dithiocyanate,mercury(2+) dithiocyanate,592-85-8,11615,,,GBZANUMDJPCQHY-UHFFFAOYSA-L,C2HgN2S2,316.8,C(#N)[S-].C(#N)[S-].[Hg+2],confirmed_organic,organic_reagent,derived:supplier_platform,,Mojallali Group,Iranian WooCommerce catalogue,product_page_listed_not_current_stock_verified,https://drm-chem.com/en/product/mercury-ii-thiocyanate-en/,Mercury (II) thiocyanate,cas_pubchem,seed_2026-08-25,2026-08-25,6deeafbb13015bb9e1c3b6e94ae821fb81dd810e739179543e91dc4f865cf690
Metformin,Metformin,"Metformin; 3-(diaminomethylidene)-1,1-dimethylguanidine",,4091,,,XZWYZXLIPXDOLR-UHFFFAOYSA-N,C4H11N5,129.16,CN(C)C(=N)N=C(N)N,confirmed_organic,pharmaceutical_or_api,,,Exir Pharmaceutical Co.; Temad,web_catalogue,listing_evidence_crawled_2026-08-23,https://exir.co.ir/product/metformin-er/,متفورمین 500 ER,ai_resolved+pubchem,seed_2026-08-24 + seed_2026-08-25,2026-08-23,d0b0645cdb8579e5c6bdba8d7d96791cc046fe998a7764f18af55a91c447ffe3
Metformin Hydrochloride,Metformin HCL,"Metformin Hydrochloride; Metformin HCL; 3-(diaminomethylidene)-1,1-dimethylguanidine;hydrochloride",,14219,,,OETHQSJEHLVLGH-UHFFFAOYSA-N,C4H12ClN5,165.62,CN(C)C(=N)N=C(N)N.Cl,confirmed_organic,pharmaceutical_or_api,,,Shimi Merck + Temad,ai_normalized|web_catalogue,listing_evidence_crawled_2026-08-23,https://shimimerck.ir/sigma-aldrichs-hydrochloride-metformin.html,Metformin HCL || sigma aldrichs hydrochloride metformin,pubchem_direct,ai_model_fleet + seed_2026-08-24 + seed_2026-08-25,2026-08-23,67556e7bc41d918bb08ca3e69fddb871a77378beffea2bdd4777ff9500add027
Methadone,Methadone,,,4095,,,USSIQXCVUWKGNF-UHFFFAOYSA-N,C21H27NO,309.4,CCC(=O)C(CC(C)N(C)C)(C1=CC=CC=C1)C2=CC=CC=C2,confirmed_organic,pharmaceutical_or_api,,,Exir Pharmaceutical Co.,web_catalogue,listing_evidence_crawled_2026-08-23,https://exir.co.ir/product/methadone-5-20-40/,متادون 5-20-40 میلی‌گرم,ai_resolved+pubchem,seed_2026-08-24 + seed_2026-08-25,2026-08-23,ad8972f85a12c3f995b0c8bc78b9236b36ea081222e17a5351e11c4f188656ae
Methadone Hydrochloride,Methadone HCL,"Methadone Hydrochloride; Methadone HCL; 6-(dimethylamino)-4,4-diphenylheptan-3-one;hydrochloride",,14184,,,FJQXCDYVZAHXNS-UHFFFAOYSA-N,C21H28ClNO,345.9,CCC(=O)C(CC(C)N(C)C)(C1=CC=CC=C1)C2=CC=CC=C2.Cl,confirmed_organic,pharmaceutical_or_api,,,Temad,web_catalogue,listing_evidence_crawled_2026-08-23,https://www.temad.com/product/metformin-hcl/,Methadone HCL,pubchem_direct,seed_2026-08-24 + seed_2026-08-25,2026-08-23,614681051acc7652d4782e3688abe4c022a6b4c2faab19b59519526ebd724e0f
methane,methane,methane,74-82-8,297,5462310,,VNWKTOKETHGBQD-UHFFFAOYSA-N,CH4,16.043,,confirmed_organic,organic_reagent,,research,DigiShimi; Telegram: ChemIranSanat + DigiShimi; Telegram: ChemIranSanat; telegram:ChemIranSanat + t.me/ChemIranSanat + t.me/IranChemicals + t.me/chemgroup,Iranian online chemical shops | Iranian supplier Telegram catalogue|Iranian online chemical shops | Iranian supplier Tel,listed_not_current_stock_verified | product_page_listed_not_current_stock_verified,https://t.me/chemgroup/966,"methane | دوده | کربن اکتیو | کربن اکتیو || Graphene oxide
با قدرت پراکندگی در انواع حلال
مناسب برای انواع کاربردهای شیمی، فیزیک، زیست و مهندسی

 🔬 محصول تیم تحقیقاتی شیمیران صنعت
 🔜 موجود و آماده تحویل
 ⚗ خرده فروشی نیز دارد حتی در حد یک واکنش
 ✅ شیمیران صنعت فقط || 🟢 #صنایع ایران 

 🟩 فاز ۱۴ میدان",existing skill export | router_title_normalization | cid_reverified_pubchem_2026-08-24 | structured_pubchem,verified_catalogue | verified_telegram_listing,2026-08-23,3852216e3635e9de01cf6ee64a520580ec87374771ae22c607ef9794e56786ab
methane;tricosahydrate,Methane clathrate,,,85782665,,,NMJORVOYSJLJGU-UHFFFAOYSA-N,C4H62O23,478.52,C.C.C.C.O.O.O.O.O.O.O.O.O.O.O.O.O.O.O.O.O.O.O.O.O.O.O,confirmed_organic,organic_reagent,,,telegram:chemgroup,Iranian supplier Telegram catalogue,listing_evidence_crawled_2026-08-24,https://t.me/chemgroup/2396,,ai_normalised_listing+pubchem_confirmed,seed_2026-08-24 + seed_2026-08-25,2016-11-04,8972567868990404e090bd3895167c05698967fa7fc90575bb80514f82956575
methanol,Methanol,methanol; Methanol,67-56-1,887,,,OKKJLVBELUTLKV-UHFFFAOYSA-N,CH4O,32.042,CO,confirmed_organic,organic_reagent,,research,ArChem + Iran Petrochemical + DigiShimi; Fardad Shimi; Isatis Shimi; ShimiMan; TamadKala; Telegram: Ch_Chemical_leaders; Telegram: ChemIranSanat; Telegram: IranChemicals; Telegram: chemgroup; Telegram: minatajhiz; Mojallali Group; IR Chem /,Iranian online chemical shop | Iranian online chemical shops | Iranian online lab-chemical shop | Iranian online wholesa,listed_not_current_stock_verified | product_page_listed_not_current_stock_verified,https://t.me/chemgroup/3548,https://shimiman.com/product/methanol-grade-usp/ | https://shimiman.com/product/price-buy-sell-methanol/ | methanol | الکل متانول | متانول | متانول 99 85 u s p extra pure پارس شیمی | متانول 99 99 g r p a پارس شیمی | متانول acs دکتر مجللی | متانول dried دکتر مجللی | متانول dry نوت || Methanol HPLC gr,existing skill export | router_title_normalization | sitemap_title,ai_model_fleet + live_telegram_listing + live_web_catalogue + seed_2026-08-24 + seed_2026-08-25,2026-08-23,c1b3b5fe431bf03a8c8dc0294663e3343e0e69f58e5cc3b2f3c13db98b70a9f6
"methyl (1R,2R,3S,5S)-3-benzoyloxy-8-methyl-8-azabicyclo[3.2.1]octane-2-carboxylate",,,,446220,,,ZPUCINDJVBIVPJ-LJISPDSOSA-N,C17H21NO4,303.35,,confirmed_organic,organic_reagent,derived:supplier_platform,,t.me/IranChemicals,ai_normalized,,https://t.me/IranChemicals/27529,"⛔️ #تکاندهنده ⛔️ #تکاندهنده 
 
 🔴 #تاریخ_ایران 


 🟩 Afghan Mafia in Iran


 🔴 مافیای افغان در ایران 

 ✅ از پرویز مافیا ...!
 ✅ تا افغان کشی ...!

 🔸 از #علی_فیضی ؛ تاریخ دراما 
 👇 
 https://youtu.be/evFC0aGPsFg?si=fXQu",model_fleet+pubchem,ai_model_fleet,2026-08-27,b9c62f21c118f6964c428fa23c950e95a3a0db022278a36f34eac3b4c73a5e28
"methyl (1R,2S,9R,10R,11S,14R,15S,17R)-2,15-dimethyl-5,5'-dioxospiro[18-oxapentacyclo[8.8.0.01,17.02,7.011,15]octadec-6-ene-14,2'-oxolane]-9-carboxylate",Eplerenone,"methyl (1R,2S,9R,10R,11S,14R,15S,17R)-2,15-dimethyl-5,5'-dioxospiro[18-oxapentacyclo[8.8.0.01,17.02,7.011,15]octadec-6-ene-14,2'-oxolane]-9-carboxylate; Eplerenone",,443872,,,JUKPWJGBANNWMW-VWBFHTRKSA-N,C24H30O6,414.5,C[C@]12CCC(=O)C=C1C[C@H]([C@@H]3[C@]24[C@H](O4)C[C@]5([C@H]3CC[C@@]56CCC(=O)O6)C)C(=O)OC,confirmed_organic,pharmaceutical_or_api,,research,BehChin Chemi Pharmed,Iranian supplier API/intermediate catalogue,supplier_catalogue_listed_not_current_stock_verified,https://www.behchinchemi.ir/en/our-products/active-pharmaceutical-ingredient,Eplerenone,supplier_table,seed_2026-08-24 + seed_2026-08-25,2026-08-23,ee6538b73eba17746d254eedc2b7e748551349cd3d3347562b74dd4a65fa7ab8
"methyl (1R,9R,10S,11R,12R,19R)-11-acetyloxy-12-ethyl-4-[(13S,15R,17S)-17-ethyl-17-hydroxy-13-methoxycarbonyl-1,11-diazatetracyclo[13.3.1.04,12.05,10]nonadeca-4(12),5,7,9-tetraen-13-yl]-10-hydroxy-5-methoxy-8-methyl-8,16-diazapentacyclo[10.6.1.01,9.02,7.016,19]nonadeca-2,4,6,13-tetraene-10-carboxylate;sulfuric acid",,,,5388983,,,KDQAABAKXDWYSZ-PNYVAJAMSA-N,C46H60N4O13S,909.1,,confirmed_organic,organic_reagent,derived:supplier_platform,,Shimi Merck,ai_normalized,,https://shimimerck.ir/vinblastine-sulfate-salt.html,vinblastine sulfate salt,model_fleet+pubchem,ai_model_fleet,2026-08-27,ff5fa14e0b626960cfe4846cb2481e31e0388ce96fdf7fde0ba5e3294a067353
"methyl (1R,9R,10S,11R,12R,19R)-11-acetyloxy-12-ethyl-4-[(13S,15S,17S)-17-ethyl-17-hydroxy-13-methoxycarbonyl-1,11-diazatetracyclo[13.3.1.04,12.05,10]nonadeca-4(12),5,7,9-tetraen-13-yl]-8-formyl-10-hydroxy-5-methoxy-8,16-diazapentacyclo[10.6.1.01,9.02,7.016,19]nonadeca-2,4,6,13-tetraene-10-carboxylate;sulfuric acid",,,,249332,,,AQTQHPDCURKLKT-JKDPCDLQSA-N,C46H58N4O14S,923.0,,confirmed_organic,organic_reagent,derived:supplier_platform,,Shimi Merck,ai_normalized,,https://shimimerck.ir/%d9%86%d9%85%da%a9-%d8%b3%d9%88%d9%84%d9%81%d8%a7%d8%aa-%d9%88%db%8c%d9%86-%da%a9%d8%b1%db%8c%d8%b3%d8%aa%db%8c%d9%86.html,نمک سولفات وین کریستین,model_fleet+pubchem,ai_model_fleet,2026-08-27,2e010df10850c43bcacc55f46c51e09f7d667eb9fbf70658e3bac4f3bc802b44
"methyl (1S,15R,16S,20S)-16-methyl-17-oxa-3,13-diazapentacyclo[11.8.0.02,10.04,9.015,20]henicosa-2(10),4,6,8,18-pentaene-19-carboxylate",,,,441975,,,GRTOGORTSDXSFK-XJTZBENFSA-N,C21H24N2O3,352.4,,confirmed_organic,organic_reagent,derived:supplier_platform,,Shimi Merck,ai_normalized,,https://shimimerck.ir/buy-ajmalysin-sigma-aldrich.html,buy ajmalysin sigma aldrich,model_fleet+pubchem,ai_model_fleet,2026-08-27,c028f78a96e4577dfc769f3a5ca895d657a7bfe68d700869b27218c25153616e
methyl (2R)-pyrrolidine-2-carboxylate;hydrochloride,,,,44629857,,,HQEIPVHJHZTMDP-NUBCRITNSA-N,C6H12ClNO2,165.62,,confirmed_organic,organic_reagent,derived:supplier_platform,,Shimi Merck,ai_normalized,,https://shimimerck.ir/di-proline-methyl-ester-hydrochloride.html,di proline methyl ester hydrochloride,model_fleet+pubchem,ai_model_fleet,2026-08-27,d8cdb6e6eb73aa8dff04f1ad3362d98d64c98fe497174242b050b429b7f1e9ee
methyl (2S)-2-amino-5-(diaminomethylideneamino)pentanoate;dihydrochloride,,,,117776,,,XQYZOBNLCUAXLF-XRIGFGBMSA-N,C7H18Cl2N4O2,261.15,,confirmed_organic,organic_reagent,derived:supplier_platform,,Shimi Merck,ai_normalized,,https://shimimerck.ir/l-arginine-methyl-ester-dihydrochloride.html,l arginine methyl ester dihydrochloride,model_fleet+pubchem,ai_model_fleet,2026-08-27,2211ba1cde25078236c2e2ab8140be57db599149ddce39232a216fb1122d5eb4
methyl (2S)-pyrrolidine-2-carboxylate;hydrochloride,,,,2733200,,,HQEIPVHJHZTMDP-JEDNCBNOSA-N,C6H12ClNO2,165.62,,confirmed_organic,organic_reagent,derived:supplier_platform,,Shimi Merck,ai_normalized,,https://shimimerck.ir/di-proline-methyl-ester-hydrochloride.html,di proline methyl ester hydrochloride,model_fleet+pubchem,ai_model_fleet,2026-08-27,c13019380ceb1a2286353c323fb55ef7d9be4e543db0c742d640b955798a0720
"methyl 2-[(1R,2R)-3-oxo-2-[(Z)-pent-2-enyl]cyclopentyl]acetate",(-)-Methyl jasmonate,,1211-29-6,5281929,,,GEWDNTWNSAZUDX-WQMVXFAESA-N,C13H20O3,224.30,CC/C=C\C[C@@H]1[C@H](CCC1=O)CC(=O)OC,confirmed_organic,secondary_metabolite_or_natural_product,,Shimi Merck,Shimi Merck + https://shimimerck.ir/methyl-jasmonate.html + telegram:minatajhiz,Iranian supplier Telegram catalogue|ai_normalized|live_supplier_catalogue,listing_evidence_crawled_2026-08-24,https://shimimerck.ir/methyl-jasmonate.html,methyl jasmonate,ai_normalised_listing+pubchem_confirmed,ai_model_fleet + live_web_catalogue + seed_2026-08-24 + seed_2026-08-25,2017-08-22,56aa85d3a6b52eb9284e923031bf1957daeea14b8234737e12adfefe01148a67
methyl 2-[3-oxo-2-[(E)-pent-2-enyl]cyclopentyl]acetate,Methyl 2-(3-Oxo-2-((E)-Pent-2-Enyl)Cyclopentyl)Acetate,methyl 2-[3-oxo-2-[(E)-pent-2-enyl]cyclopentyl]acetate; Methyl 2-(3-Oxo-2-((E)-Pent-2-Enyl)Cyclopentyl)Acetate,39924-52-2,5367719,,,GEWDNTWNSAZUDX-SNAWJCMRSA-N,C13H20O3,224.30,CC/C=C/CC1C(CCC1=O)CC(=O)OC,confirmed_organic,organic_reagent,,research,Telegram: minatajhiz + t.me/minatajhiz,Iranian supplier Telegram catalogue|telegram,listed_not_current_stock_verified,https://t.me/s/minatajhiz,methyl 2-[3-oxo-2-[(E)-pent-2-enyl]cyclopentyl]acetate,existing skill export,live_telegram_listing + seed_2026-08-24 + seed_2026-08-25,2026-08-23,2e5e1ff8a18af885662dfdf543b162cd96cefdbd9a8071f9c6d288f18517c65a
methyl 2-cyanoprop-2-enoate,Methyl cyanoacrylate,,,8711,,,MWCLLHOVUTZFKS-UHFFFAOYSA-N,C5H5NO2,111.10,COC(=O)C(=C)C#N,confirmed_organic,organic_reagent,,,telegram:chemgroup,Iranian supplier Telegram catalogue,listing_evidence_crawled_2026-08-24,https://t.me/chemgroup/1519,,ai_normalised_listing+pubchem_confirmed,seed_2026-08-24 + seed_2026-08-25,2016-04-19,994c67ea39656abdb136432e99a9aeac69a74d12cdf406e0386c89b11daf2b84
methyl 2-hydroxybenzoate,methyl 2-hydroxybenzoate,methyl 2-hydroxybenzoate,119-36-8,4133,,,OSWPMRLSEDHDFF-UHFFFAOYSA-N,C8H8O3,152.15,COC(=O)C1=CC=CC=C1O,confirmed_organic,organic_reagent,derived:supplier_platform,,IR Chem / Pishgaman,Iranian WooCommerce catalogue,product_page_listed_not_current_stock_verified,https://irchem.ir/buy-methyl-salicylate/,متیل سالیسیلات,cas_pubchem,seed_2026-08-25,2026-08-25,1babf2cacaff177fef9ead30211cfe12b578e8efd639a0b7cd002d60ec70715f
methyl 2-methylprop-2-enoate,Methyl methacrylate,methyl 2-methylprop-2-enoate; Methyl methacrylate; methyl methacrylate,80-62-6,6658,,,VVQNEPGJFQJSBK-UHFFFAOYSA-N,C5H8O2,100.12,CC(=C)C(=O)OC,confirmed_organic,organic_reagent,,research,Fardad Shimi; Telegram: Boof_company; Telegram: Maran_Tejarat_Eshen; TamadKala + t.me/Boof_company + t.me/Maran_Tejarat_Eshen,Iranian online lab-chemical shop | Iranian supplier Telegram catalogue|ai_normalized|telegram,listed_not_current_stock_verified | product_page_listed_not_current_stock_verified,https://t.me/Maran_Tejarat_Eshen/119,methyl 2-methylprop-2-enoate | متیل متاکریلات مرک MERCK || 🔰 محصول (Methyl Methacrylate) متیل متاکریلات MMA ➖️ نام علمی : (Methyl methacrylate) بوتیل آکریلات ➖️ فرمول شیمیایی : C5H8O2 ➖️ ماده پایه : استر ➖️ برند : داو (Dow) ➖️ کشور : آلمان (Germany) ➖️ وزن : 180 کیلو گرم ➖️ پالت : 720 کیلو گرم (4 بش,existing skill export | router_title_normalization,ai_model_fleet + live_telegram_listing + seed_2026-08-24 + seed_2026-08-25,2026-08-23,29ccb6d701f25fbc91c81af3451eb09ed4578f74b762764dfa2600d022b55b2b
methyl 2-phenylacetate,Methyl phenylacetate,,101-41-7,7559,,,CRZQGDNQQAALAY-UHFFFAOYSA-N,C9H10O2,150.17,COC(=O)CC1=CC=CC=C1,confirmed_organic,fragrance_or_aroma,,,telegram:Ch_Chemical_leaders,Iranian supplier Telegram catalogue,listing_evidence_crawled_2026-08-24,https://t.me/Ch_Chemical_leaders/241,,ai_normalised_listing+pubchem_confirmed,seed_2026-08-24 + seed_2026-08-25,2025-07-13,d1be8243748ad90179f9bd8e2bfb1d54f38b8efebe1ec444b762152e286cea60
methyl 4-carbonochloridoylbenzoate,Methyl 4-(chlorocarbonyl)benzoate,methyl 4-carbonochloridoylbenzoate; Methyl 4-(chlorocarbonyl)benzoate,7377-26-6,81850,,,CVXXHXPNTZBZEL-UHFFFAOYSA-N,C9H7ClO3,198.6,COC(=O)C1=CC=C(C=C1)C(=O)Cl,confirmed_organic,organic_reagent,,industrial,Telegram: ChemIranSanat,Iranian supplier Telegram catalogue,listed_not_current_stock_verified,,methyl 4-carbonochloridoylbenzoate || ✅ TCI chemicals JAPAN T0283 Methyl 4-(Chloroformyl)benzoate Purity/Analysis Method >95.0%(GC) CAS Number 7377-26-6 ✔ پکیج 25 گرمی موجود و آماده تحویل 0938-648-9001 🆔 @ChemIranAdmin 🆔 @ChemIran1,existing skill export,seed_2026-08-24 + seed_2026-08-25,2026-08-23,96af09fd67e9744496ae03dabcf219a1d8c39392a5efa00ac5a71b45f2cbb15b
methyl 4-hydroxybenzoate,Methylparaben,methyl 4-hydroxybenzoate; Methylparaben,99-76-3,7456,,,LXCFILQKKLGQFO-UHFFFAOYSA-N,C8H8O3,152.15,COC(=O)C1=CC=C(C=C1)O,confirmed_organic,cosmetic_raw_material,,research,TamadKala; Mojallali Group,Iranian online research/chemical shop | Iranian online wholesale/lab shop,product_page_listed_not_current_stock_verified,https://tamadkala.com/product/166777/%D9%85%D8%AA%DB%8C%D9%84-%D9%BE%D8%A7%D8%B1%D8%A7%D8%A8%D9%86-extra-pure-%D9%86%D9%88%D8%AA%D8%B1%D9%88%D9%86,متیل پارابن extra pure نوترون,explicit_category_supplement | router_title_normalization,seed_2026-08-24 + seed_2026-08-25,2026-08-23,92e33113ce43a910ac54a6bf03f9400b7e5ade8e7f90c911d91053f768b27a91
methyl acetate,methyl acetate,methyl acetate,,6584,,,KXKVLQRXCPHEJC-UHFFFAOYSA-N,C3H6O2,74.08,CC(=O)OC,confirmed_organic,fragrance_or_aroma,,industrial,ArChem + Chemical Iran + Chemical Iran,Iranian online research/chemical shop|ai_normalized|woo_rest_api,product_page_listed_not_current_stock_verified,https://www.chemicaliran.com/products/methyl-acetate/,Methyl Acetate || methyl acetate,explicit_category_supplement,ai_model_fleet + live_web_catalogue + seed_2026-08-24 + seed_2026-08-25,2026-08-23,9d7418ce40078b7a9e4dc18d26e24aba5d5d65ec6f24f97be6171fc00266e852
methyl carbonochloridate,Methyl chloroformate,,79-22-1,6586,,,XMJHPCRAQCTCFT-UHFFFAOYSA-N,C2H3ClO2,94.50,COC(=O)Cl,confirmed_organic,organic_reagent,,,telegram:minatajhiz,Iranian supplier Telegram catalogue,listing_evidence_crawled_2026-08-24,https://t.me/minatajhiz/676,,ai_normalised_listing+pubchem_confirmed,seed_2026-08-24 + seed_2026-08-25,2020-01-01,5eedb9fb0d69b021a51956bbfed37c53257f96908ccae798df7be58e28bb37bd
Methyl Green,Light green,,,6727,,,DWCZIOOZPIDHAB-UHFFFAOYSA-L,C26H33Cl2N3,458.5,CN(C)C1=CC=C(C=C1)C(=C2C=CC(=[N+](C)C)C=C2)C3=CC=C(C=C3)[N+](C)(C)C.[Cl-].[Cl-],confirmed_organic,colorant_or_indicator,,,Mojallali Group,web_catalogue,listing_evidence_crawled_2026-08-23,https://drm-chem.com/en/product/light-green-en/,Light green,pubchem_direct,seed_2026-08-24 + seed_2026-08-25,2026-08-23,32a5014c1d97fecec32934761de8822ba1ffb402727989469c3af2813c73f736
methyl N-(6-benzoyl-1H-benzimidazol-2-yl)carbamate,mebendazole,methyl N-(6-benzoyl-1H-benzimidazol-2-yl)carbamate; mebendazole,,4030,,,OPXLLQIJSORQAM-UHFFFAOYSA-N,C16H13N3O3,295.29,COC(=O)NC1=NC2=C(N1)C=C(C=C2)C(=O)C3=CC=CC=C3,confirmed_organic,pharmaceutical_or_api,,,Rooz Darou,Iranian pharmaceutical product catalogue,product_page_listed_not_current_stock_verified,http://rouzdarou.com/products/%D9%82%D8%B1%D8%B5-%D9%85%D8%A8%D9%86%D8%AF%D8%A7%D8%B2%D9%88%D9%84-100,قرص مبندازول 100,PubChem name validation from supplier product title,seed_2026-08-24 + seed_2026-08-25,2026-08-23,9236f63fe23e5308fcb2399cd6bde2221565d9723b7cceb47044016c2165868e
methyl prop-2-enoate,Methyl acrylate,methyl prop-2-enoate; Methyl acrylate,96-33-3,7294,,,BAPJBEWLBFYGME-UHFFFAOYSA-N,C4H6O2,86.09,COC(=O)C=C,confirmed_organic,organic_reagent,,,TamadKala,Iranian online wholesale/lab shop,product_page_listed_not_current_stock_verified,https://tamadkala.com/product/19586/%D9%85%D8%AA%DB%8C%D9%84-%D8%A7%DA%A9%D8%B1%DB%8C%D9%84%D8%A7%D8%AA,متیل اکریلات,router_title_normalization,seed_2026-08-24 + seed_2026-08-25,2026-08-23,79735e337bd57c08e43d8b0e6b5674fa772a2004f0f09378c3ed07faa2e71cad
methyl propanoate,Lithium carbonate,methyl propanoate; Lithium carbonate,554-12-1,11124,,,RJUFJBKOKNCXHH-UHFFFAOYSA-N,C4H8O2,88.11,CCC(=O)OC,confirmed_organic,organic_reagent,,,Fardad Shimi,Iranian online lab-chemical shop,product_page_listed_not_current_stock_verified,,لیتیم کربنات MERCK | ...,router_title_normalization,seed_2026-08-24 + seed_2026-08-25,2026-08-23,b99e673cfd36b1d8489b1b6bbd94c8ca664974a4776874de95d937a1a6a5bf79
methyl red sodium salt,,,,131860545,,,LMTJBYKTWFYXOK-UHFFFAOYSA-N,C15H15N3NaO2,292.29,,confirmed_organic,organic_reagent,derived:supplier_platform,,Shimi Merck,ai_normalized,,https://shimimerck.ir/2-methyl-red-sodium-salt.html,2 methyl red sodium salt,model_fleet+pubchem,ai_model_fleet,2026-08-27,f4312ab4769aa8e61900aca74ac2dc67faa2f2d8aaae1f712e1ebefc535d79ab
methyl(trioctyl)azanium chloride,Trioctylmethylammonium chloride,,,21218,,,XKBGEWXEAPTVCK-UHFFFAOYSA-M,C25H54ClN,404.2,CCCCCCCC[N+](C)(CCCCCCCC)CCCCCCCC.[Cl-],confirmed_organic,organic_reagent,,,telegram:minatajhiz,Iranian supplier Telegram catalogue,listing_evidence_crawled_2026-08-24,https://t.me/minatajhiz/404,,ai_normalised_listing+pubchem_confirmed,seed_2026-08-24 + seed_2026-08-25,2018-06-13,b86c1712d2ba4f430c491e9d27f9c8524c586ab65213a1b8f241b1a826730e83
Methylene Blue,Methylene blue,Methylene Blue; Methylene blue; [7-(dimethylamino)phenothiazin-3-ylidene]-dimethylazanium chloride; methylene blue,61-73-4,6099,,,CXKWCBBOMKCUKX-UHFFFAOYSA-M,C16H18ClN3S,319.9,CN(C)C1=CC2=C(C=C1)N=C3C=CC(=[N+](C)C)C=C3S2.[Cl-],confirmed_organic,colorant_or_indicator,,Shimi Merck,Mojallali Group; TamadKala; ShimiMan; telegram:ATRmedShop + Shimi Merck + https://shimimerck.ir/methylene-blue-code-115943-merck.html + t.me/ATRmedShop,ai_normalized|live_supplier_catalogue|telegram|web_catalogue,listing_evidence_crawled_2026-08-23,https://shimimerck.ir/methylene-blue-code-115943-merck.html,Methylene blue || methylene blue code merck,pubchem_direct,ai_model_fleet + live_telegram_listing + live_web_catalogue + seed_2026-08-24 + seed_2026-08-25,2026-08-23,2b90b70f68fc352692df8ab3156845f2a39aa002050ccf1d976e48c7bfb407f1
methylsulfinylmethane,Dimethyl sulfoxide,methylsulfinylmethane; Dimethyl sulfoxide; dimethyl sulfoxide,67-68-5,679,,,IAZDPXIOMUYVGZ-UHFFFAOYSA-N,C2H6OS,78.14,CS(=O)C,confirmed_organic,organic_reagent,,research,Fardad Shimi; TamadKala; Telegram: ChemIranSanat; Telegram: minatajhiz; Mojallali Group; ShimiMan; telegram:ATRmedShop + t.me/ATRmedShop,Iranian online lab-chemical shop | Iranian online wholesale/lab shop | Iranian supplier Telegram catalogue|ai_normalized,listed_not_current_stock_verified | product_page_listed_not_current_stock_verified,https://t.me/ATRmedShop/281,methylsulfinylmethane | دی متیل سولفوکساید دکتر مجللی | دی متیل سولفوکسید extra pure دکتر مجللی | فروش دی متیل سولفوکسید || لیست حلال های موجود برند Daejung کره جنوبی و مرک آلمان هگزان اتیل استات استونیتریل متانول اتانول پروپانول بوتانول کلروفرم دی کلرو متان استون 1،2-دی کلرو اتان دی متیل فرمامید دی,existing skill export | router_title_normalization,ai_model_fleet + live_telegram_listing + seed_2026-08-24 + seed_2026-08-25,2026-08-23,da87c9900a247f3173d8e11de66547c26a2f8a6cef602be87df747ae109ad671
Monostearin,Glyceryl monostearate,,,24699,,,VBICKXHEKHSIBG-UHFFFAOYSA-N,C21H42O4,358.6,CCCCCCCCCCCCCCCCCC(=O)OCC(CO)O,confirmed_organic,cosmetic_raw_material,,,Ch_Chemical_leaders + t.me/Ch_Chemical_leaders,ai_normalized|telegram,listing_evidence_crawled_2026-08-23,https://t.me/Ch_Chemical_leaders/214,"#تبلیغات 📢 عرضه مستقیم GMS جینکو – JINQIAO TECHNOLOGY محصول GMS (Glyceryl Monostearate) برند جینکو (JINQIAO TECHNOLOGY) توسط پلی زون تأمین و آماده ارائه به تولیدکنندگان محترم است. پلی زون، تأمین‌کننده تخصصی مواد اولیه شیمیایی و غذایی، این محصول را با کیفیت تضمین‌شده و شرایط رقابت || #تبلیغات 

 🧴 مع",ai_resolved+pubchem,ai_model_fleet + seed_2026-08-24 + seed_2026-08-25,2026-08-23,1fabb62402627d02df26cbb7971a014a8429dc3f7063e0bd4edb4e0b4d213d48
montelukast dicyclohexylamine,,,,16202490,,,ZLOLVGQQYDQBMP-HKHDRNBDSA-N,C47H59ClN2O3S,767.5,,confirmed_organic,organic_reagent,derived:supplier_platform,Shimi Merck,Shimi Merck + https://shimimerck.ir/montelukast-dicyclohexylamine.html,ai_normalized|live_supplier_catalogue,,https://shimimerck.ir/montelukast-dicyclohexylamine.html,montelukast dicyclohexylamine,model_fleet+pubchem,ai_model_fleet + live_web_catalogue,2026-08-27,3a22a9d3681a3118f113c01baa578a8bd1ab30a1edd5baf25277691d8b7e9d81
Morphine Sulfate,Morphine Sulfate,"Morphine Sulfate; bis((4R,4aR,7S,7aR,12bS)-3-methyl-2,4,4a,7,7a,13-hexahydro-1H-4,12-methanobenzofuro[3,2-e]isoquinoline-7,9-diol);sulfuric acid",,16051935,,,USAHOPJHPJHUNS-IFCNUISUSA-N,C34H40N2O10S,668.8,CN1CC[C@]23[C@@H]4[C@H]1CC5=C2C(=C(C=C5)O)O[C@H]3[C@H](C=C4)O.CN1CC[C@]23[C@@H]4[C@H]1CC5=C2C(=C(C=C5)O)O[C@H]3[C@H](C=C4)O.OS(=O)(=O)O,confirmed_organic,pharmaceutical_or_api,,,Temad,web_catalogue,listing_evidence_crawled_2026-08-23,https://www.temad.com/product/methadone-base/,Morphine Sulfate,pubchem_direct,seed_2026-08-24 + seed_2026-08-25,2026-08-23,b3cb540bfdb7d9745ede9f73d157ff404f8a215224ea6fc2a29d8b0aa5f0e72a
"N',N'-dimethylpropane-1,3-diamine",,,,7993,,,IUNMPGNGSSIWFP-UHFFFAOYSA-N,C5H14N2,102.18,,confirmed_organic,organic_reagent,derived:supplier_platform,,t.me/Maran_Tejarat_Eshen,ai_normalized,,https://t.me/Maran_Tejarat_Eshen/654,"یکی از پرکاربردترین شتاب‌دهنده‌ها در صنعت رنگ و رزین، 
دی متیل آنیلین (DMA) 
از برند معتبر akpa است. 
این مایع شفاف و زرد کم‌رنگ با بویی خاص، گزینه‌ای ایده‌آل برای کنترل دقیق فرآیند پلیمریزاسیون محسوب می‌شود.
 __________",model_fleet+pubchem,ai_model_fleet,2026-08-27,f0074ad848f7e5d14b8eb1ffae6a09c1eb6cde8a90fca7c0190ae3a2ffa8a8a1
"N'-(2-aminoethyl)ethane-1,2-diamine",Diethylenetriamine,"N'-(2-aminoethyl)ethane-1,2-diamine; Diethylenetriamine",111-40-0,8111,,,RPNUMPOLZDHAAY-UHFFFAOYSA-N,C4H13N3,103.17,C(CNCCN)N,confirmed_organic,organic_reagent,,research,Shimi Merck + Telegram: minatajhiz + https://shimimerck.ir/diethylenetriamine.html + t.me/minatajhiz,Iranian supplier Telegram catalogue|ai_normalized|live_supplier_catalogue|telegram,listed_not_current_stock_verified,https://shimimerck.ir/diethylenetriamine.html,"N'-(2-aminoethyl)ethane-1,2-diamine || diethylenetriamine",existing skill export,ai_model_fleet + live_telegram_listing + live_web_catalogue + seed_2026-08-24 + seed_2026-08-25,2026-08-23,acb3ff9c236b963b89de360e5d1e2f592ec67d560c40a2d5c0cd908955f1ab81
"N'-(3-aminopropyl)butane-1,4-diamine",Spermidine,,124-20-9,1102,,,ATHGHQPFGPMSJY-UHFFFAOYSA-N,C7H19N3,145.25,C(CCNCCCN)CN,confirmed_organic,organic_reagent,,,telegram:minatajhiz,Iranian supplier Telegram catalogue,listing_evidence_crawled_2026-08-24,https://t.me/minatajhiz/163,,ai_normalised_listing+pubchem_confirmed,seed_2026-08-24 + seed_2026-08-25,2017-10-30,805e85b7bf78afd139d44dc372c93b2c50343430ccd04f36abedd46878003869
"N'-(3-aminopropyl)butane-1,4-diamine;trihydrochloride",,,,9539,,,LCNBIHVSOPXFMR-UHFFFAOYSA-N,C7H22Cl3N3,254.6,,confirmed_organic,pharmaceutical_or_api,derived:supplier_platform,research,t.me/ATRmedShop,telegram,,https://t.me/s/ATRmedShop,,seed,live_telegram_listing,2026-08-27,77c966fbac70c9e66a8d3b075ebf644d44cbb6c04e7342ab03e24aaac73b4765
"N'-[2-[2-(2-aminoethylamino)ethylamino]ethyl]ethane-1,2-diamine",Tetraethylenepentamine,"N'-[2-[2-(2-aminoethylamino)ethylamino]ethyl]ethane-1,2-diamine; Tetraethylenepentamine; tetraethylene pentamine",112-57-2,8197,,,FAGUFWYHJQFNRV-UHFFFAOYSA-N,C8H23N5,189.30,C(CNCCNCCNCCN)N,confirmed_organic,organic_reagent,,research,Telegram: ChemIranSanat; Telegram: minatajhiz + t.me/ChemIranSanat,Iranian supplier Telegram catalogue|telegram,listed_not_current_stock_verified,https://t.me/s/ChemIranSanat,"N'-[2-[2-(2-aminoethylamino)ethylamino]ethyl]ethane-1,2-diamine || Tetraethylene pentamine Merck موجود و آماده تحویل @ChemIranAdmin 🆔 @ChemIran1",existing skill export,live_telegram_listing + seed_2026-08-24 + seed_2026-08-25,2026-08-23,3aa8322d6dd91f60664ab227c58af96cb03d4aa168698228ec74e60863c3a0ed
"N,N'-dicyclohexylmethanediimine",Dicyclohexylcarbodiimide,,,10868,,,QOSSAOTZNIDXMA-UHFFFAOYSA-N,C13H22N2,206.33,C1CCC(CC1)N=C=NC2CCCCC2,confirmed_organic,organic_reagent,,,telegram:minatajhiz,Iranian supplier Telegram catalogue,listing_evidence_crawled_2026-08-24,https://t.me/minatajhiz/183,,ai_normalised_listing+pubchem_confirmed,seed_2026-08-24 + seed_2026-08-25,2017-11-08,cca2134ddec2e389475aa240ae1e62921a65d1f623aa337bce1d2615732b3db3
"N,N,2-trimethoxyaniline",Trimethoxyaniline,"N,N,2-trimethoxyaniline; Trimethoxyaniline",,22326887,,,NDPOGQHCFNMYTR-UHFFFAOYSA-N,C9H13NO3,183.20,COC1=CC=CC=C1N(OC)OC,confirmed_organic,pharmaceutical_or_api,derived:supplier_platform,,telegram:minatajhiz,public Telegram (seller_research),product_page_listed_not_current_stock_verified,https://t.me/minatajhiz/1021,"3و4و5 تری متوکسی آنیلین 3,4,5-Trimethoxyaniline کد محصول مرک: 841091 واردات جدید مرک",structured_pubchem,seed_2026-08-25,2026-08-25,767986b241a3ba71c53c220cba6491124de472fc35b59e7339ab056f2b92c177
"N,N,4-trimethylaniline",Dimethyl-p-toluidine,"N,N,4-trimethylaniline; Dimethyl-p-toluidine; N,N-Dimethyl-p-toluidine",99-97-8,7471,,,GYVGXEWAOAAJEU-UHFFFAOYSA-N,C9H13N,135.21,CC1=CC=C(C=C1)N(C)C,confirmed_organic,organic_reagent,,research,Telegram: minatajhiz + t.me/minatajhiz,Iranian supplier Telegram catalogue|telegram,listed_not_current_stock_verified,https://t.me/s/minatajhiz,"N,N,4-trimethylaniline",existing skill export,live_telegram_listing + seed_2026-08-24 + seed_2026-08-25,2026-08-23,d104e88037ca4f3d728bc895f27837567510691deeb188a23167c33cf63a90cf
"N,N,N',N'-tetramethylethane-1,2-diamine","N,N,N',N'-Tetramethylethylenediamine","N,N,N',N'-tetramethylethane-1,2-diamine; N,N,N',N'-Tetramethylethylenediamine",110-18-9,8037,,,KWYHDKDOAIKMQN-UHFFFAOYSA-N,C6H16N2,116.20,CN(C)CCN(C)C,confirmed_organic,organic_reagent,,research,Shimi Merck + Telegram: ChemIranSanat; telegram:ATRmedShop + https://shimimerck.ir/tetramethylethylenediamine.html + t.me/ATRmedShop,Iranian supplier Telegram catalogue|ai_normalized|live_supplier_catalogue|telegram,listed_not_current_stock_verified,https://shimimerck.ir/tetramethylethylenediamine.html,"N,N,N',N'-tetramethylethane-1,2-diamine || tetramethylethylenediamine",existing skill export,ai_model_fleet + live_telegram_listing + live_web_catalogue + seed_2026-08-24 + seed_2026-08-25,2026-08-23,f0ad954d4685f2bfd2d4e830b019cf84fff565743ae02742ae53a642a4b85c70
"N,N-diethyl-12,14-dioxa-13-phosphapentacyclo[13.8.0.02,11.03,8.018,23]tricosa-1(15),2(11),3,5,7,9,16,18,20,22-decaen-13-amine","N,N","N,N-diethyl-12,14-dioxa-13-phosphapentacyclo[13.8.0.02,11.03,8.018,23]tricosa-1(15),2(11),3,5,7,9,16,18,20,22-decaen-13-amine; N,N",,11058169,,,SQKCCVLITFBZPD-UHFFFAOYSA-N,C24H22NO2P,387.4,CCN(CC)P1OC2=C(C3=CC=CC=C3C=C2)C4=C(O1)C=CC5=CC=CC=C54,confirmed_organic,organic_reagent,derived:supplier_platform,,ShimiMan,Iranian WooCommerce catalogue,product_page_listed_not_current_stock_verified,https://shimiman.com/product/n-n-dy-mtyl-anylyn-code-803060-merck/,"N,N- دی متیل آنیلین کد 803060 مرک",structured_pubchem,seed_2026-08-25,2026-08-25,ddcd8a19dcd938e1bc1d77cb8cf06ddeae98f9f476b5bd1fcc9a2899cdb69963
"N,N-diethyl-3-methylbenzamide",Diethyl Toluamide,"N,N-diethyl-3-methylbenzamide; Diethyl Toluamide",,4284,,,MMOXZBCLCQITDF-UHFFFAOYSA-N,C12H17NO,191.27,CCN(CC)C(=O)C1=CC=CC(=C1)C,confirmed_organic,cosmetic_raw_material,,,BehChin Chemi Pharmed,Iranian supplier API/intermediate catalogue,supplier_catalogue_listed_not_current_stock_verified,https://www.behchinchemi.ir/en/our-products/cosmetic-materials,Diethyl Toluamide,supplier_table,seed_2026-08-24 + seed_2026-08-25,2026-08-23,aa2914cbc4480915fb8205013ab054cceaee6a505446c62f512c8909efa85fe9
"N,N-diethylaniline","N,N-Diethylaniline","N,N-diethylaniline; N,N-Diethylaniline",,7061,,,GGSUCNLOZRCGPQ-UHFFFAOYSA-N,C10H15N,149.23,CCN(CC)C1=CC=CC=C1,confirmed_organic,organic_reagent,,research,Telegram: minatajhiz + t.me/minatajhiz,Iranian supplier Telegram catalogue|telegram,listed_not_current_stock_verified,https://t.me/s/minatajhiz,"N,N-diethylaniline",existing skill export,live_telegram_listing + seed_2026-08-24 + seed_2026-08-25,2026-08-23,e00c41c16643cb36afd680bb35ab34c20f80330d4bc02e338745f3f00cc1df8a
"N,N-diethylethanamine",Triethylamine,,121-44-8,8471,,,ZMANZCXQSJIPKH-UHFFFAOYSA-N,C6H15N,101.19,CCN(CC)CC,confirmed_organic,organic_reagent,,,Iran Petrochemical + telegram:minatajhiz,Iranian supplier Telegram catalogue|ai_normalized,listing_evidence_crawled_2026-08-24,https://iranpetrochemical.net/product/triethylamine/,triethylamine,ai_normalised_listing+pubchem_confirmed,ai_model_fleet + seed_2026-08-24 + seed_2026-08-25,2017-11-14,18d577a86c8068d16ee5e9c309eafe6f320abcb77c2056ced234833d2b9e123b
"N,N-diethylethanamine;hydrochloride",Triethylamine hydrochloride,"N,N-diethylethanamine;hydrochloride; Triethylamine hydrochloride",,11130,,,ILWRPSCZWQJDMK-UHFFFAOYSA-N,C6H16ClN,137.65,CCN(CC)CC.Cl,confirmed_organic,organic_reagent,,,TamadKala,Iranian online wholesale/lab shop,product_page_listed_not_current_stock_verified,https://tamadkala.com/product/54766/%D8%AA%D8%B1%DB%8C-%D8%A7%D8%AA%DB%8C%D9%84-%D8%A2%D9%85%DB%8C%D9%86-%D9%87%DB%8C%D8%AF%D8%B1%D9%88%DA%A9%D9%84%D8%B1%D8%A7%DB%8C%D8%AF,تری اتیل آمین هیدروکلراید,router_title_normalization,seed_2026-08-24 + seed_2026-08-25,2026-08-23,621e94adc197f1986f4a82576c4c5682826c79aa118c66958c168708ea7ec8c5
"N,N-diethylnitrous amide",dana,"N,N-diethylnitrous amide; dana",,5921,,,WBNQDOYYEUMPFS-UHFFFAOYSA-N,C4H10N2O,102.14,CCN(CC)N=O,confirmed_organic,organic_reagent,derived:supplier_platform,,TamadKala,Iranian online wholesale/lab shop,product_page_listed_not_current_stock_verified,https://tamadkala.com/product/166403/الایزا-ریدر-دانا-مدل-dana-3200,الایزا ریدر دانا مدل dana 3200,structured_pubchem,seed_2026-08-25,2026-08-25,9d57858f25c511f8f16e00224f2abd5afe8be3d87cf44a4cef0a69e819d91109
"N,N-dimethyl-4-phenyldiazenylaniline",Dimethyl yellow,"N,N-dimethyl-4-phenyldiazenylaniline; Dimethyl yellow",60-11-7,6053,,,JCYPECIVGRXBMO-UHFFFAOYSA-N,C14H15N3,225.29,CN(C)C1=CC=C(C=C1)N=NC2=CC=CC=C2,confirmed_organic,colorant_or_indicator,,,Fardad Shimi,Iranian online lab-chemical shop,product_page_listed_not_current_stock_verified,,دی متیل یلو مرک MERCK,router_title_normalization,seed_2026-08-24 + seed_2026-08-25,2026-08-23,845eb9e4a6e3324480d3482102c853c2d98d829a2cb7faf123250062c978fdf4
"N,N-Dimethyl-7-(methylamino)-3H-phenothiazin-3-iminium chloride",Azure B,"N,N-Dimethyl-7-(methylamino)-3H-phenothiazin-3-iminium chloride; Azure B; dimethyl-[7-(methylamino)phenothiazin-3-ylidene]azanium chloride",531-55-5,68275,,,DNDJEIWCTMMZBX-UHFFFAOYSA-N,C15H16ClN3S,305.8,CNC1=CC2=C(C=C1)N=C3C=CC(=[N+](C)C)C=C3S2.[Cl-],confirmed_organic,organic_reagent,,,Mojallali Group,web_catalogue,listing_evidence_crawled_2026-08-23,https://drm-chem.com/en/product/azure-b-en/,Azure B,pubchem_direct,seed_2026-08-24 + seed_2026-08-25,2026-08-23,c3a06ab230046c7309861f4085b2e4a5956780bdac6959c1e90dc2b952ec1f6f
"N,N-dimethyl-N'-[4-[(E)-(3-methyl-1,3-benzothiazol-2-ylidene)methyl]-1-phenylquinolin-1-ium-2-yl]-N'-propylpropane-1,3-diamine",,,,10436340,,,CGNLCCVKSWNSDG-UHFFFAOYSA-N,C32H37N4S+,509.7,,confirmed_organic,organic_reagent,derived:supplier_platform,,t.me/jahaneshimicom,ai_normalized,,https://t.me/jahaneshimicom/75,"سلام روز همگی بخیر
مستر ‌‌Eva Green کسی داره؟ تاریخ داشته باشه لطفا"" 09910704377",model_fleet+pubchem,ai_model_fleet,2026-08-27,bc3e2408ee741686aaeec35f68aeaaed188b0090043047378983ceba9ef1531a
"N,N-dimethylacetamide","N,N-Dimethylacetamide","N,N-dimethylacetamide; N,N-Dimethylacetamide",127-19-5,31374,,,FXHOOIRPVKKKFG-UHFFFAOYSA-N,C4H9NO,87.12,CC(=O)N(C)C,confirmed_organic,organic_reagent,,research,Shimi Merck + TamadKala,Iranian online wholesale/lab shop|ai_normalized,product_page_listed_not_current_stock_verified,https://shimimerck.ir/nn-dimethylacetamide.html,nn دی متیل استامید extra pure نوترون | ... | nn دی متیل استامید gc نوترون | ... || nn dimethylacetamide,router_title_normalization,ai_model_fleet + seed_2026-08-24 + seed_2026-08-25,2026-08-23,a0683962fa968f4a016726bdf29f39940ca9483462c070602f3a3a1cba87d97c
"N,N-dimethylaniline",Dimethylaniline,"N,N-dimethylaniline; Dimethylaniline",121-69-7,949,,,JLTDJTHDQAWBAV-UHFFFAOYSA-N,C8H11N,121.18,CN(C)C1=CC=CC=C1,confirmed_organic,organic_reagent,,industrial,Fardad Shimi; Telegram: Maran_Tejarat_Eshen + t.me/Maran_Tejarat_Eshen,Iranian online lab-chemical shop | Iranian supplier Telegram catalogue|ai_normalized,listed_not_current_stock_verified | product_page_listed_not_current_stock_verified,https://t.me/Maran_Tejarat_Eshen/654,"N,N-dimethylaniline | دی متیل آنیلین MERCK || یکی از پرکاربردترین شتاب‌دهنده‌ها در صنعت رنگ و رزین، 
دی متیل آنیلین (DMA) 
از برند معتبر akpa است. 
این مایع شفاف و زرد کم‌رنگ با بویی خاص، گزینه‌ای ایده‌آل برای کنترل دقیق فرآیند پلیمریزاسیون محسوب می‌شود.
 __________",existing skill export | router_title_normalization,ai_model_fleet + seed_2026-08-24 + seed_2026-08-25,2026-08-23,7abaf2ea85733c072531b509d6ebb0236ffb17fa0ba045f22e47a3cda327fefa
"N,N-dimethylformamide",Dimethylformamide,"N,N-dimethylformamide; Dimethylformamide; dimethylformamide",68-12-2,6228,,,ZMXDDKWLCZADIW-UHFFFAOYSA-N,C3H7NO,73.09,CN(C)C=O,confirmed_organic,organic_reagent,,research,Fardad Shimi; TamadKala; Telegram: IranChemicals; Mojallali Group; ShimiMan; IR Chem / Pishgaman + t.me/ATRmedShop,Iranian online lab-chemical shop | Iranian online wholesale/lab shop | Iranian supplier Telegram catalogue|ai_normalized,listed_not_current_stock_verified | product_page_listed_not_current_stock_verified,https://t.me/ATRmedShop/275,"N,N-dimethylformamide | دی متیل فرمامید dry نوترون | ... | دی متیل فرمامید extra pure دکتر مجللی | دی متیل فرمامید extra pure دکتر مجللی 2 | ... | دی متیل فرمامید gc دکتر مجللی | دی متیل فرمامید gc نوترون | ... | دی متیل فرمامید hplc نوترون | دی متیل فرمامید دکتر مجللی | دی متیل || 024834 Exir N,N-D",existing skill export | router_title_normalization,ai_model_fleet + live_telegram_listing + seed_2026-08-24 + seed_2026-08-25,2026-08-23,6e1898d89e045bf8f5a6c6eb49bfc81929562bdf0c68f05a6510e80bb356edae
"N,N-dimethylmethanamine",Trimethylamine,"N,N-dimethylmethanamine; Trimethylamine",,1146,,,GETQZCLCWQTVFV-UHFFFAOYSA-N,C3H9N,59.11,CN(C)C,confirmed_organic,organic_reagent,,research,Telegram: minatajhiz + t.me/minatajhiz,Iranian supplier Telegram catalogue|telegram,listed_not_current_stock_verified,https://t.me/s/minatajhiz,"N,N-dimethylmethanamine",existing skill export,live_telegram_listing + seed_2026-08-24 + seed_2026-08-25,2026-08-23,a7fac855a25dc88c49e0c103ff4e398d8836088383b83cab1e217dc8d6131525
N-(2-amino-5-phenylphenyl)benzamide,3max,N-(2-amino-5-phenylphenyl)benzamide; 3max,,44454143,,,ZWLFHHHQRUYIBT-UHFFFAOYSA-N,C19H16N2O,288.3,C1=CC=C(C=C1)C2=CC(=C(C=C2)N)NC(=O)C3=CC=CC=C3,confirmed_organic,organic_reagent,derived:supplier_platform,,TamadKala,Iranian online wholesale/lab shop,product_page_listed_not_current_stock_verified,https://tamadkala.com/product/28576/پوتین-ایمنی-3max-قهوه-ای,پوتین ایمنی 3max قهوه ای,structured_pubchem,seed_2026-08-25,2026-08-25,f5c06dcf298e8aaedb20b6b8d6aa633bb17c771aa8f53067f11450eb85dc0bf8
N-(3-hydroxyiminobutan-2-ylidene)hydroxylamine,Dimethylglyoxime,N-(3-hydroxyiminobutan-2-ylidene)hydroxylamine; Dimethylglyoxime,95-45-4,135459645,,,JGUQDUKBUKFFRO-UHFFFAOYSA-N,C4H8N2O2,116.12,CC(=NO)C(=NO)C,confirmed_organic,organic_reagent,,,Fardad Shimi; Mojallali Group,Iranian online lab-chemical shop,product_page_listed_not_current_stock_verified,https://drm-chem.com/en/product/dimethyl-glyoxime-indicator-en/,دی متیل گلی اکسیم MERCK | ...,router_title_normalization,seed_2026-08-24 + seed_2026-08-25,2026-08-23,0b5e738abf71441bb416c7250070b9e8fa1a22e7646ac007931b105c93d06a81
N-(4-ethoxyphenyl)acetamide,,,,4754,,,CPJSUEIXXCENMM-UHFFFAOYSA-N,C10H13NO2,179.22,,confirmed_organic,organic_reagent,derived:supplier_platform,,t.me/IranChemicals,ai_normalized,,https://t.me/IranChemicals/23577,"🌕 پادکست تمایل مهاجرت در پیگمنت ها 🟡 
 #دکترپیگمنت 
هرسوالی داشتید میتونید از کارشناس های ما بپرسید 
 ☎️ 02188105568
کارشناس فروش:
 📲 09120809581
کارشناس فنی:
 📲 09120809582 
.

 @pardissabzco",model_fleet+pubchem,ai_model_fleet,2026-08-27,9ccdb3a6a54527c1b987f9fe5c4067ed686ce058474399fc67e7f89ed188c749
N-(4-hydroxyphenyl)acetamide,Paracetamol,N-(4-hydroxyphenyl)acetamide; Paracetamol; Acetaminophen,,1983,,,RZVAJINKPMORJF-UHFFFAOYSA-N,C8H9NO2,151.16,CC(=O)NC1=CC=C(C=C1)O,confirmed_organic,pharmaceutical_or_api,,research,BehChin Chemi Pharmed; Rooz Darou; Temad,Iranian supplier API/intermediate catalogue | Iranian pharmaceutical product catalogue,supplier_catalogue_listed_not_current_stock_verified,https://www.behchinchemi.ir/en/our-products/active-pharmaceutical-ingredient,Paracetamol | قرص استامینوفن 325,supplier_table,seed_2026-08-24 + seed_2026-08-25,2026-08-23,be1ed47e69d6bc794b2030fcc9c6e592ec1953cd8f2d5a1ecc64af9adc0c7048
N-(cyanomethyl)-4-(trifluoromethyl)pyridine-3-carboxamide,Flonicamid,N-(cyanomethyl)-4-(trifluoromethyl)pyridine-3-carboxamide; Flonicamid,158062-67-0,9834513,,,RLQJEEJISHYWON-UHFFFAOYSA-N,C9H6F3N3O,229.16,C1=CN=CC(=C1C(F)(F)F)C(=O)NCC#N,confirmed_organic,organic_reagent,,industrial,Telegram: jahaneshimicom,Iranian supplier Telegram catalogue,listed_not_current_stock_verified,,N-(cyanomethyl)-4-(trifluoromethyl)pyridine-3-carboxamide,existing skill export,seed_2026-08-24 + seed_2026-08-25,2026-08-23,24d3166b221f24460e852d961c19bcabe8da4f9bf02177f78e38392c6443c220
"N-[(1R)-1-[(3S,8R,9R,10S,13R,14R,17R)-3-(dimethylamino)-10,13-dimethyl-2,3,4,7,8,9,11,12,14,15,16,17-dodecahydro-1H-cyclopenta[a]phenanthren-17-yl]ethyl]-N-methylacetamide",,,,139082353,,,DNVZSDMHLPWULM-PFJMVCNFSA-N,C26H44N2O,400.6,,confirmed_organic,organic_reagent,derived:supplier_platform,,t.me/IranChemicals,ai_normalized,,https://t.me/IranChemicals/26746,"🔴 #دانستنی ها #بهداشت 


 🟩 داستان تاریک استروئید 


 🔴 استروید مارخوش خط و خال، چگونه ماهییچه ها را پر قدرت می سازد؟ 

 ✅ مرگ خاموش در کمین مصرف کنندگان بی رویه استروئید 
 https://youtu.be/t35RwHPa_KU?si=LahPltTx2pIfEe8",model_fleet+pubchem,ai_model_fleet,2026-08-27,cd76f13ad6942b6441ed1695e2ce3fa0c4c309bfebe5b16dfa870059d05ab0c8
N-[(1R)-1-naphthalen-1-ylethyl]-3-[3-(trifluoromethyl)phenyl]propan-1-amine,CNC,N-[(1R)-1-naphthalen-1-ylethyl]-3-[3-(trifluoromethyl)phenyl]propan-1-amine; CNC,,156419,,,VDHAWDNDOKGFTD-MRXNPFEDSA-N,C22H22F3N,357.4,CC(C1=CC=CC2=CC=CC=C21)NCCCC3=CC(=CC=C3)C(F)(F)F,confirmed_organic,organic_reagent,derived:supplier_platform,,telegram:IranChemicals,public Telegram (news),product_page_listed_not_current_stock_verified,https://t.me/IranChemicals/31663,🔴 #صنعت #فرآیند ها 🟩 ماشین کاری با دست در حضور CNC های پنج محوره !؟ 🔴 چرا و با چه انگیزه ای ؟ 🥇 🥇 🥇,structured_pubchem,seed_2026-08-25,2026-08-25,48e9e9e2c15f4bfd87f7770caf41284dcefad80618750a25dd4ce2f399ed8c35
N-[(2R)-3-indol-1-yl-2-methylpropyl]-4-sulfamoylbenzamide,SBR,N-[(2R)-3-indol-1-yl-2-methylpropyl]-4-sulfamoylbenzamide; SBR,,446276,,,ZFWHOUCRVSOZJE-CQSZACIVSA-N,C19H21N3O3S,371.5,CC(CNC(=O)C1=CC=C(C=C1)S(=O)(=O)N)CN2C=CC3=CC=CC=C32,confirmed_organic,organic_reagent,derived:supplier_platform,,telegram:IranChemicals,public Telegram (news),product_page_listed_not_current_stock_verified,https://t.me/IranChemicals/31677,🔴 #خرید درود و عرض ادب آعاز هفته همگی پر از برکت. SBR 1502 چند پالت لطفا چنانچه هر یک از شما عزیزان ماده فوق را  موجود داشته باشند ممنون میشم اطلاع رسانی بفرمایند. ۰۹۱۲۱۸۴۴۶۹۲,structured_pubchem,seed_2026-08-25,2026-08-25,5440a0ecd59bc489cfadea84b00b61114479f61ee243c24177f59c94c2d5d161
"N-[(2S)-1-[[(2S,3S)-1-(benzenesulfonyl)-2-sulfanylhexan-3-yl]amino]-1-oxo-3-phenylpropan-2-yl]-4-morpholin-4-ylpiperidine-1-carboxamide",myp,"N-[(2S)-1-[[(2S,3S)-1-(benzenesulfonyl)-2-sulfanylhexan-3-yl]amino]-1-oxo-3-phenylpropan-2-yl]-4-morpholin-4-ylpiperidine-1-carboxamide; myp",,5326642,,,LYTLZVODZQVOQP-YTCPBCGMSA-N,C31H44N4O5S2,616.8,CCCC(C(CS(=O)(=O)C1=CC=CC=C1)S)NC(=O)C(CC2=CC=CC=C2)NC(=O)N3CCC(CC3)N4CCOCC4,confirmed_organic,organic_reagent,derived:supplier_platform,,TamadKala,Iranian online wholesale/lab shop,product_page_listed_not_current_stock_verified,https://tamadkala.com/product/22389/محیط-کشت-باسیلوس-سرئوسmyp,محیط کشت باسیلوس سرئوسmyp,structured_pubchem,seed_2026-08-25,2026-08-25,0afb723c16e070df6fd82425163de61760693b02a633137bdd3ba9d8ee1a8309
"N-[(3R,4R,5S,6R)-2,4,5-trihydroxy-6-(hydroxymethyl)oxan-3-yl]acetamide",,,,439174,,,OVRNDRQMDRJTHS-RTRLPJTCSA-N,C8H15NO6,221.21,,confirmed_organic,pharmaceutical_or_api,derived:supplier_platform,research,t.me/ATRmedShop,ai_normalized|telegram,,https://t.me/ATRmedShop/662,"N-استیل-D-گلوکزآمین

‌‏⁧ ‌‌‏‌محصولات سیگما اصل را از ما بخواهید.

 👇 واردات و فروش مواد شیمیایی سیگما 👇 ‌
‌ 
‌
 ☎️ تلفن: ۰۲۱۶۶۳۶۱۵۴۳-۶۶۳۷۹۰۲۶-۰۲۱
‌
 📱 موبایل: 09120549893

 🌐 لینک محصول :

 https://atrmed.com/product/n-a",model_fleet+pubchem,ai_model_fleet + live_telegram_listing,2026-08-27,82324c3808eda7677eb4d9c8d7984321eeefe4eb61eef96c5614f26ee1962ab1
"N-[(7S)-1,2,3,10-tetramethoxy-9-oxo-6,7-dihydro-5H-benzo[a]heptalen-7-yl]acetamide",Colchicine,,64-86-8,6167,,,IAKHMKGGTNLKSZ-INIZCTEOSA-N,C22H25NO6,399.4,CC(=O)N[C@H]1CCC2=CC(=C(C(=C2C3=CC=C(C(=O)C=C13)OC)OC)OC)OC,confirmed_organic,secondary_metabolite_or_natural_product,,,Shimi Merck + telegram:labshop,Iranian supplier Telegram catalogue|ai_normalized,listing_evidence_crawled_2026-08-24,https://shimimerck.ir/buy-colchicine-sigma-aldrich.html,buy colchicine sigma aldrich,ai_normalised_listing+pubchem_confirmed,ai_model_fleet + seed_2026-08-24 + seed_2026-08-25,2016-03-06,a1685890723183af78a3f912de31edfdb1dbf0141d3ef71ac7c7b591c1540c84
N-[(prop-2-enoylamino)methyl]prop-2-enamide,Methylenebisacrylamide,,,8041,,,ZIUHHBKFKCYYJD-UHFFFAOYSA-N,C7H10N2O2,154.17,C=CC(=O)NCNC(=O)C=C,confirmed_organic,organic_reagent,,,t.me/ATRmedShop + telegram:minatajhiz,Iranian supplier Telegram catalogue|ai_normalized,listing_evidence_crawled_2026-08-24,https://t.me/ATRmedShop/266,"ان ان متیلن بیس آکریل‌ آمید 
ان ان متیلن بیس آکریل‌ آمید در آماده سازی ژل پلی آکریل‌آمید برای جداسازی اسید های نوکلئیک و پروتئین ها در ...
برای ادامه مطالب، مشاهده و خرید آنلاین این محصول به لینک زیر مراجعه فرمایید:
 htt",ai_normalised_listing+pubchem_confirmed,ai_model_fleet + seed_2026-08-24 + seed_2026-08-25,2023-02-21,2c9eaca39549158ef45cb709534c74827525135e2fe824663bb936426a29a620
N-[2-(5-methoxy-1H-indol-3-yl)ethyl]acetamide,melatonin,N-[2-(5-methoxy-1H-indol-3-yl)ethyl]acetamide; melatonin,73-31-4,896,,,DRLFMBDRBRZALE-UHFFFAOYSA-N,C13H16N2O2,232.28,CC(=O)NCCC1=CNC2=C1C=C(C=C2)OC,confirmed_organic,supplement_active,,,Rooz Darou; telegram:ChemIranSanat,Iranian pharmaceutical product catalogue,product_page_listed_not_current_stock_verified,http://rouzdarou.com/products/%D9%82%D8%B1%D8%B5-%D9%85%D9%84%D8%A7%D8%AA%D9%88%D9%86%DB%8C%D9%86-3-%D9%85%DB%8C%D9%84%DB%8C-%DA%AF%D8%B1%D9%85-%D8%A7%D9%84-%D8%AA%D8%A6%D8%A7%D9%86%DB%8C%D9%86-%D8%B1%D8%B2%D8%A7%D9%88%DB%8C%D8%AA,قرص ملاتونین 3 میلی گرم + ال تئانین رزاویت,PubChem name validation from supplier product title,seed_2026-08-24 + seed_2026-08-25,2026-08-23,48a47ab06fba09a91611c6083e37bf2035034fcf98832d8439ed000d7b5b7434
N-[2-(octadecanoylamino)ethyl]octadecanamide,Ethylenebis(stearamide),N-[2-(octadecanoylamino)ethyl]octadecanamide; Ethylenebis(stearamide),110-30-5,8044,,,RKISUIUJZGSLEV-UHFFFAOYSA-N,C38H76N2O2,593.0,CCCCCCCCCCCCCCCCCC(=O)NCCNC(=O)CCCCCCCCCCCCCCCCC,confirmed_organic,organic_reagent,,unknown,Telegram: chemgroup + t.me/Ch_Chemical_leaders + t.me/chemgroup,Iranian supplier Telegram catalogue|ai_normalized|telegram,listed_not_current_stock_verified,https://t.me/Ch_Chemical_leaders/311,N-[2-(octadecanoylamino)ethyl]octadecanamide || #تبلیغات 🌟 اتیلن بیس استئارامید (EBS) – روان‌کننده و افزودنی مطمئن برای PVC و ترموپلاستیک‌ها 🎯 اتیلن بیس استئارامید یا EBS یک وکس سنتزی سفید و مومی شکل است که از ترکیب اسید استئاریک و اتیلن دی‌آمین حاصل می‌شود. این ماده غیر سمی، بی‌بو و کارآمد، به عنوا,existing skill export,ai_model_fleet + live_telegram_listing + seed_2026-08-24 + seed_2026-08-25,2026-08-23,459ba672cb5036e6d8ce75ec0b405c3651073806787debac0cd836db84d17f0c
N-[2-[ethoxy(methyl)phosphoryl]sulfanylethyl]-N-propan-2-ylpropan-2-amine,"Phosphonothioic acid, methyl-, S-(2-(bis(1-methylethyl)amino)ethyl) O-ethyl ester",,,39793,,,JJIUCEJQJXNMHV-UHFFFAOYSA-N,C11H26NO2PS,267.37,CCOP(=O)(C)SCCN(C(C)C)C(C)C,confirmed_organic,organic_reagent,,,telegram:chemgroup,Iranian supplier Telegram catalogue,listing_evidence_crawled_2026-08-24,https://t.me/chemgroup/513,,ai_normalised_listing+pubchem_confirmed,seed_2026-08-24 + seed_2026-08-25,2015-12-27,4e74448541a29f9b20954a545b2e5c54074cb1e92803598d52703b21d420faeb
N-benzyl-7H-purin-6-amine,,,,62389,,,NWBJYWHLCVSVIJ-UHFFFAOYSA-N,C12H11N5,225.25,,confirmed_organic,organic_reagent,derived:supplier_platform,,Shimi Merck,ai_normalized,,https://shimimerck.ir/6-benzylaminopurine.html,6 benzylaminopurine,model_fleet+pubchem,ai_model_fleet,2026-08-27,41a9e8b229f22013fb1a21bc13b97b1e1129737c69b13ff40841aa5682a59b6a
N-butan-2-ylidenehydroxylamine,2-Butanone oxime,,96-29-7,7292,,,WHIVNJATOVLWBW-UHFFFAOYSA-N,C4H9NO,87.12,CCC(=NO)C,confirmed_organic,organic_reagent,,,t.me/Maran_Tejarat_Eshen + telegram:Maran_Tejarat_Eshen,Iranian supplier Telegram catalogue|ai_normalized,listing_evidence_crawled_2026-08-24,https://t.me/Maran_Tejarat_Eshen/649,متیل اتیل کتوکسیم با نام اختصاری MEKO، مؤثرترین عامل «ضد رویه» (Anti-skinning agent) در فرمولاسیون رنگ‌ها و پوشش‌های پایه روغنی و لاتکسی شناخته می‌شود. علاوه بر این، در سیستم‌های پیشرفته پوشش‌دهی مانند الکترودیپوزیشن و آسترهای خودرویی، استفاده از عوامل مسدودکننده (Blocking agents) جهت کنترل فرآیند پ,ai_normalised_listing+pubchem_confirmed,ai_model_fleet + seed_2026-08-24 + seed_2026-08-25,2026-01-05,208cf3a79f401767a1abe4a7a1cc048435af9697bc231fb228c63f09a0f2df27
N-butylbutan-1-amine,Dibutylamine,N-butylbutan-1-amine; Dibutylamine,111-92-2,8148,,,JQVDAXLFBXTEQA-UHFFFAOYSA-N,C8H19N,129.24,CCCCNCCCC,confirmed_organic,organic_reagent,,research,Telegram: minatajhiz + t.me/minatajhiz,Iranian supplier Telegram catalogue|telegram,listed_not_current_stock_verified,https://t.me/s/minatajhiz,N-butylbutan-1-amine,existing skill export,live_telegram_listing + seed_2026-08-24 + seed_2026-08-25,2026-08-23,a323bbbf83cfaeb2af561445596a3e600e19e08fdd4174258eb7859bd5dcf697
N-ethylethanamine,Diethylamine,N-ethylethanamine; Diethylamine,109-89-7,8021,,,HPNMFZURTQLUMO-UHFFFAOYSA-N,C4H11N,73.14,CCNCC,confirmed_organic,organic_reagent,,,TamadKala,Iranian online wholesale/lab shop,product_page_listed_not_current_stock_verified,https://tamadkala.com/product/18302/%D8%AF%DB%8C-%D8%A7%D8%AA%DB%8C%D9%84-%D8%A2%D9%85%DB%8C%D9%86,دی اتیل آمین,router_title_normalization,seed_2026-08-24 + seed_2026-08-25,2026-08-23,8cb374d256a8f8fc3804aef5473b97c4ea368832e4cad621ff1afd39e8f7ca44
N-ethylethanamine;hydrobromide,Diethylammonium Bromide,N-ethylethanamine;hydrobromide; Diethylammonium Bromide,536-69-6,10986453,,yes,AATGHKSFEUVOPF-UHFFFAOYSA-N,C4H12BrN,154.05,CCNCC.Br,confirmed_organic,organic_reagent,,,TamadKala,Iranian online wholesale/lab shop,product_page_listed_not_current_stock_verified,https://tamadkala.com/product/18318/%D8%AF%DB%8C-%D8%A7%D8%AA%DB%8C%D9%84-%D8%A2%D9%85%D9%88%D9%86%DB%8C%D9%88%D9%85-%D8%A8%D8%B1%D9%88%D9%85%D8%A7%DB%8C%D8%AF,دی اتیل آمونیوم بروماید,router_title_normalization,seed_2026-08-24 + seed_2026-08-25,2026-08-23,771515ba4576f8b3a024f7fb0c27babd40fa456854c7f1ce942d9c142effab76
N-ethylethanamine;hydrochloride,Diethylammonium Chloride,N-ethylethanamine;hydrochloride; Diethylammonium Chloride,993-36-2,10197650,,,HDITUCONWLWUJR-UHFFFAOYSA-N,C4H12ClN,109.60,CCNCC.Cl,confirmed_organic,organic_reagent,,,TamadKala,Iranian online wholesale/lab shop,product_page_listed_not_current_stock_verified,https://tamadkala.com/product/18306/%D8%AF%DB%8C-%D8%A7%D8%AA%DB%8C%D9%84-%D8%A2%D9%85%D9%88%D9%86%DB%8C%D9%88%D9%85-%DA%A9%D9%84%D8%B1%D8%A7%DB%8C%D8%AF,دی اتیل آمونیوم کلراید,router_title_normalization,seed_2026-08-24 + seed_2026-08-25,2026-08-23,9f45bc285bcf7bc8caaa472c89ada28783f7ce3179f1332dddb757bb85525029
"N-methyl-3-(2-tricyclo[9.4.0.03,8]pentadeca-1(15),3,5,7,11,13-hexaenylidene)propan-1-amine",nortriptyline,"N-methyl-3-(2-tricyclo[9.4.0.03,8]pentadeca-1(15),3,5,7,11,13-hexaenylidene)propan-1-amine; nortriptyline",,4543,,,PHVGLTMQBUFIQQ-UHFFFAOYSA-N,C19H21N,263.4,CNCCC=C1C2=CC=CC=C2CCC3=CC=CC=C31,confirmed_organic,pharmaceutical_or_api,,,Rooz Darou,Iranian pharmaceutical product catalogue,product_page_listed_not_current_stock_verified,http://rouzdarou.com/products/%D9%82%D8%B1%D8%B5-%D9%86%D9%88%D8%B1%D8%AA%D8%B1%DB%8C%D9%BE%D8%AA%DB%8C%D9%84%DB%8C%D9%86-10,قرص نورتریپتیلین 10,PubChem name validation from supplier product title,seed_2026-08-24 + seed_2026-08-25,2026-08-23,f3836e717c1b501a14ffdbb73bccccab0252e7c800379187520b5f887a38b8d8
N-methyl-3-phenyl-3-[4-(trifluoromethyl)phenoxy]propan-1-amine;hydrochloride,Fluoxetine HCL,N-methyl-3-phenyl-3-[4-(trifluoromethyl)phenoxy]propan-1-amine;hydrochloride; Fluoxetine HCL,,62857,,,GIYXAJPCNFJEHY-UHFFFAOYSA-N,C17H19ClF3NO,345.8,CNCCC(C1=CC=CC=C1)OC2=CC=C(C=C2)C(F)(F)F.Cl,confirmed_organic,pharmaceutical_or_api,,research,BehChin Chemi Pharmed,Iranian supplier API/intermediate catalogue,supplier_catalogue_listed_not_current_stock_verified,https://www.behchinchemi.ir/en/our-products/active-pharmaceutical-ingredient,Fluoxetine HCL,supplier_table,seed_2026-08-24 + seed_2026-08-25,2026-08-23,7e1d6764c9d5e85c40407f7c2ff12b23dde84ab43dcb98597c579c5d91e9f8a9
N-methylmethanamine,N-methylmethanamine,,124-40-3,674,,,ROSDSFDQCJNGOL-UHFFFAOYSA-N,C2H7N,45.08,,confirmed_organic,organic_reagent,derived:supplier_platform,,TamadKala,Iranian online wholesale/lab shop,product_page_listed_not_current_stock_verified,https://tamadkala.com/product/6411/tetramethyl-ethylenediamine-temed,tetramethylethylenediamine | tetramethyl ethylenediamine temed,ai_hop:arena-router+pubchem,seed_2026-08-25,2026-08-25,dcaee191b237996e4830ee5fc8f73bd141a99a53e1a1a9a09483b358533df6a5
N-phenylacetamide,Acetanilide,,103-84-4,904,,,FZERHIULMFGESH-UHFFFAOYSA-N,C8H9NO,135.16,CC(=O)NC1=CC=CC=C1,confirmed_organic,pharmaceutical_or_api,,,telegram:chemgroup,Iranian supplier Telegram catalogue,listing_evidence_crawled_2026-08-24,https://t.me/chemgroup/3590,,ai_normalised_listing+pubchem_confirmed,seed_2026-08-24 + seed_2026-08-25,2017-07-19,d495b13632d1bc1e11f770e54c83408473cadee246b625431ab4654206f919be
N-phenylaniline,Diphenylamine,N-phenylaniline; Diphenylamine,92-67-1,11487,,yes,DMBHHRLKUKUOEG-UHFFFAOYSA-N,C12H11N,169.22,C1=CC=C(C=C1)NC2=CC=CC=C2,confirmed_organic,organic_reagent,,,Shimi Merck + TamadKala,Iranian online wholesale/lab shop|ai_normalized,product_page_listed_not_current_stock_verified,https://shimimerck.ir/buy-diphenylamine.html,دی فنیل آمین سیگما 820528 || buy diphenylamine,router_title_normalization,ai_model_fleet + seed_2026-08-24 + seed_2026-08-25,2026-08-23,7184ff289afad6e3027dd941324804a28e63441d25bb18216fd72b4c9fda4369
N-phenylnaphthalen-1-amine,,,,7013,,,XQVWYOYUZDUNRW-UHFFFAOYSA-N,C16H13N,219.28,,confirmed_organic,organic_reagent,derived:supplier_platform,,Shimi Merck,ai_normalized,,https://shimimerck.ir/n-phenyl-1-naphthylamine-code-821003.html,n phenyl 1 naphthylamine code,model_fleet+pubchem,ai_model_fleet,2026-08-27,75b6837c3d7f0240a802502b6226113d40b396bff9c322d3808a11f7a29884c9
N-propan-2-ylprop-2-enamide,N-Isopropylacrylamide,N-propan-2-ylprop-2-enamide; N-Isopropylacrylamide,2210-25-5,16637,,,QNILTEGFHQSKFF-UHFFFAOYSA-N,C6H11NO,113.16,CC(C)NC(=O)C=C,confirmed_organic,organic_reagent,,research,Telegram: ChemIranSanat + t.me/ChemIranSanat,Iranian supplier Telegram catalogue|ai_normalized|telegram,listed_not_current_stock_verified,https://t.me/ChemIranSanat/752,"N-propan-2-ylprop-2-enamide || 415324 Aldrich
N-Isopropylacrylamide
97% 
10G
لات نامبر مخدوش است.
موجود و آماده تحویل (تولید کارخانه میلواکی سیگما_آلدریچ)
09386489001

Admin: 🆔 @ChemIranAdmin 

 🆔 @ChemIran1",existing skill export,ai_model_fleet + live_telegram_listing + seed_2026-08-24 + seed_2026-08-25,2026-08-23,e2808545b4fad55917325da6595d90c9b6e59b5bbcd8edea64384b273dd3cd9a
N-propan-2-ylpropan-2-amine,Diisopropylamine,N-propan-2-ylpropan-2-amine; Diisopropylamine,108-18-9,7912,,,UAOMVDZJSHZZME-UHFFFAOYSA-N,C6H15N,101.19,CC(C)NC(C)C,confirmed_organic,organic_reagent,,,TamadKala,Iranian online wholesale/lab shop,product_page_listed_not_current_stock_verified,https://tamadkala.com/product/18509/%D8%AF%DB%8C-%D8%A7%DB%8C%D8%B2%D9%88-%D9%BE%D8%B1%D9%88%D9%BE%DB%8C%D9%84-%D8%A2%D9%85%DB%8C%D9%86,دی ایزو پروپیل آمین,router_title_normalization,seed_2026-08-24 + seed_2026-08-25,2026-08-23,06181d8e07a34d44e02271bf7b2f3d658ef97a8839387024ce680c346af7ace6
N-vinyl-2-pyrrolidone,Polyvinylpyrrolidone (PVP),,,6917,,,WHNWPMSKXPGLAX-UHFFFAOYSA-N,C6H9NO,111.14,C=CN1CCCC1=O,confirmed_organic,organic_reagent,,,minatajhiz,telegram,listing_evidence_crawled_2026-08-23,https://t.me/minatajhiz/291,سلام و عرض ادب خدمت اعضای محترم کانال احتراما به استحضار می رسانیم PVP با وزن مولکولی 1،300،000 محصول کمپانی سیگما واردات جدید موجود می باشد .دانشجویان و اساتید محترمی که این کالا را درخواست داشتند میتوانند جهت سفارش اقدام نمایند.,ai_resolved+pubchem,seed_2026-08-24 + seed_2026-08-25,2026-08-23,447e99b35baa97fabf55c980e4b87d3743e4ca3d98c268dc7dab2ccbc4821071
Naloxone,Naloxone,,,5284596,,,UZHSEJADLWPNLE-GRGSLBFTSA-N,C19H21NO4,327.4,C=CCN1CC[C@]23[C@@H]4C(=O)CC[C@]2([C@H]1CC5=C3C(=C(C=C5)O)O4)O,confirmed_organic,pharmaceutical_or_api,,,Temad,web_catalogue,listing_evidence_crawled_2026-08-23,https://www.temad.com/product/naloxone-base/,Naloxone Base,ai_resolved+pubchem,seed_2026-08-24 + seed_2026-08-25,2026-08-23,6ace3bb672b79436902cb718617096b276f28e15348d8fb3b84573556c7f665d
Naloxone Hydrochloride,naloxone hydrochloride,"Naloxone Hydrochloride; naloxone hydrochloride; (4R,4aS,7aR,12bS)-4a,9-dihydroxy-3-prop-2-enyl-2,4,5,6,7a,13-hexahydro-1H-4,12-methanobenzofuro[3,2-e]isoquinolin-7-one;hydrochloride; Naloxone HCL",,5464092,,,RGPDIGOSVORSAK-STHHAXOLSA-N,C19H22ClNO4,363.8,C=CCN1CC[C@]23[C@@H]4C(=O)CC[C@]2([C@H]1CC5=C3C(=C(C=C5)O)O4)O.Cl,confirmed_organic,pharmaceutical_or_api,,,Temad,web_catalogue,listing_evidence_crawled_2026-08-23,https://www.temad.com/product/buprenorphine-hcl/,Naloxone HCL,ai_resolved+pubchem,seed_2026-08-24 + seed_2026-08-25,2026-08-23,b98f50758821e8c2d6a3d4db61c114a3f71de4471d48cb20a297757ebe8ae29d
Naltrexone Base,Naltrexone Base,"Naltrexone Base; (4R,4aS,12bS)-3-(cyclopropylmethyl)-4a,9-dihydroxy-2,4,5,6,7a,13-hexahydro-1H-4,12-methanobenzofuro[3,2-e]isoquinolin-7-one",,21159611,,,DQCKKXVULJGBQN-UWFFTQNDSA-N,C20H23NO4,341.4,C1CC1CN2CC[C@]34C5C(=O)CC[C@]3([C@H]2CC6=C4C(=C(C=C6)O)O5)O,confirmed_organic,pharmaceutical_or_api,,,Temad,web_catalogue,listing_evidence_crawled_2026-08-23,https://www.temad.com/product/dextromethorphan-hydrobromide-veterinary/,Naltrexone Base,pubchem_direct,seed_2026-08-24 + seed_2026-08-25,2026-08-23,9d3acc20c325e034e880fe4e6e7f3d239bb92297c45fcf8e8dc952954d049f95
Naltrexone Hydrochloride,naltrexone hydrochloride,"Naltrexone Hydrochloride; naltrexone hydrochloride; (4R,4aS,7aR,12bS)-3-(cyclopropylmethyl)-4a,9-dihydroxy-2,4,5,6,7a,13-hexahydro-1H-4,12-methanobenzofuro[3,2-e]isoquinolin-7-one;hydrochloride; Naltrexone HCL",,5485201,,,RHBRMCOKKKZVRY-ITLPAZOVSA-N,C20H24ClNO4,377.9,C1CC1CN2CC[C@]34[C@@H]5C(=O)CC[C@]3([C@H]2CC6=C4C(=C(C=C6)O)O5)O.Cl,confirmed_organic,pharmaceutical_or_api,,,Temad,web_catalogue,listing_evidence_crawled_2026-08-23,https://www.temad.com/product/vitamin-b1-veterinary-2/,Naltrexone HCL,ai_resolved+pubchem,seed_2026-08-24 + seed_2026-08-25,2026-08-23,65bb3c38118bd95c9efb3969ae4e237ab673995ce362624f8a61975fffd655ac
naphthalen-1-amine,Alpha-naphthylamine,naphthalen-1-amine; Alpha-naphthylamine,,8640,,,RUFPHBVGCFYCNW-UHFFFAOYSA-N,C10H9N,143.18,C1=CC=C2C(=C1)C=CC=C2N,confirmed_organic,organic_reagent,,,Shimi Merck + TamadKala,Iranian online wholesale/lab shop|ai_normalized,product_page_listed_not_current_stock_verified,https://shimimerck.ir/1-naphthylamine-822291.html,آلفا نفتیل آمین || 1 naphthylamine,router_title_normalization,ai_model_fleet + seed_2026-08-24 + seed_2026-08-25,2026-08-23,b8d6ba7255050e3a5b49b77224e31751dbe35ed80df7185db3ded058a6ebbc8d
naphthalene,Naphthalene,naphthalene; Naphthalene,91-20-3,931,,,UFWIBTONFRDIAS-UHFFFAOYSA-N,C10H8,128.17,C1=CC=C2C=CC=CC2=C1,confirmed_organic,organic_reagent,,,Fardad Shimi,Iranian online lab-chemical shop,product_page_listed_not_current_stock_verified,,نفتالین MERCK | ...,router_title_normalization,seed_2026-08-24 + seed_2026-08-25,2026-08-23,8e8709467f56b774870533df6122dc80c7e776a470d81e7dac5dcb92a4db443a
"naphthalene-1,4-dicarboxylic acid","1,4-Naphthalenedicarboxylic acid","naphthalene-1,4-dicarboxylic acid; 1,4-Naphthalenedicarboxylic acid",,69065,,,ABMFBCRYHDZLRD-UHFFFAOYSA-N,C12H8O4,216.19,C1=CC=C2C(=C1)C(=CC=C2C(=O)O)C(=O)O,confirmed_organic,organic_reagent,,research,Telegram: ChemIranSanat + t.me/ChemIranSanat,Iranian supplier Telegram catalogue|telegram,listed_not_current_stock_verified,https://t.me/s/ChemIranSanat,"naphthalene-1,4-dicarboxylic acid",existing skill export,live_telegram_listing + seed_2026-08-24 + seed_2026-08-25,2026-08-23,409f14c019f4eeb15254378bfcefe18a0547a468cb3d169f33ff80ea09b30d2c
"naphthalene-2,3-diol","2,3-Dihydroxynaphthalene",,,7091,,,JRNGUTKWMSBIBF-UHFFFAOYSA-N,C10H8O2,160.17,C1=CC=C2C=C(C(=CC2=C1)O)O,confirmed_organic,organic_reagent,,,telegram:minatajhiz,Iranian supplier Telegram catalogue,listing_evidence_crawled_2026-08-24,https://t.me/minatajhiz/60,,ai_normalised_listing+pubchem_confirmed,seed_2026-08-24 + seed_2026-08-25,2017-05-11,d3668f9141d494b9e30dbbf36696e5fd72c0ef655cde6bf8ba83aa21404d976d
"naphthalene-2,6-dicarboxylic acid","2,6-Naphthalenedicarboxylic acid","naphthalene-2,6-dicarboxylic acid; 2,6-Naphthalenedicarboxylic acid",1141-38-4,14357,,,RXOHFPCZGPKIRD-UHFFFAOYSA-N,C12H8O4,216.19,C1=CC2=C(C=CC(=C2)C(=O)O)C=C1C(=O)O,confirmed_organic,organic_reagent,,research,Telegram: ChemIranSanat + t.me/ChemIranSanat,Iranian supplier Telegram catalogue|ai_normalized|telegram,listed_not_current_stock_verified,https://t.me/ChemIranSanat/1632,"naphthalene-2,6-dicarboxylic acid || 523763 Aldrich
2,6-Naphthalenedicarboxylic acid, 99%
5g


 🔜 موجود و آماده تحویل

 ✅ شیمیران صنعت فقط اصلی

 ❓ قیمت و سفارش 👇 

0938-648-9001

Admin 🆔 @ChemIranAdmin 

 🆔 @ChemIran1",existing skill export,ai_model_fleet + live_telegram_listing + seed_2026-08-24 + seed_2026-08-25,2026-08-23,60e7c7b70aab0f5a4fc1dd78961d16b4094769666b3d2ad1812852116e835d80
nickel(2+);bis((Z)-4-oxopent-2-en-2-olate),Nickel(II) acetylacetonate,nickel(2+);bis((Z)-4-oxopent-2-en-2-olate); Nickel(II) acetylacetonate,,9834912,,,BMGNSKKZFQMGDH-FDGPNNRMSA-L,C10H14NiO4,256.91,C/C(=C/C(=O)C)/[O-].C/C(=C/C(=O)C)/[O-].[Ni+2],confirmed_organic,organic_reagent,,,TamadKala,Iranian online wholesale/lab shop,product_page_listed_not_current_stock_verified,,فروش نیکلii استیل استونات | ...,router_title_normalization,seed_2026-08-24 + seed_2026-08-25,2026-08-23,5eeb08797fdeac24f5cb0ae308549b201ed08dd6e1ee0b0f54dc3f8dac962075
Nitroglycerin,Nitroglycerin,,,4510,,,SNIOPGDIGTZGOP-UHFFFAOYSA-N,C3H5N3O9,227.09,C(C(CO[N+](=O)[O-])O[N+](=O)[O-])O[N+](=O)[O-],confirmed_organic,organic_reagent,,,Exir Pharmaceutical Co.,web_catalogue,listing_evidence_crawled_2026-08-23,https://exir.co.ir/product/nitroglycerin-2-6/,نیتروگلیسرین 2.6,ai_resolved+pubchem,seed_2026-08-24 + seed_2026-08-25,2026-08-23,f586cd13622b43e50598de4f1687175b28a3c43f0078f1dbe2b7496bb2a74923
nonan-1-ol,1-Nonanol,,143-08-8,8914,,,ZWRUINPWMLAQRD-UHFFFAOYSA-N,C9H20O,144.25,CCCCCCCCCO,confirmed_organic,organic_reagent,,,telegram:minatajhiz,Iranian supplier Telegram catalogue,listing_evidence_crawled_2026-08-24,https://t.me/minatajhiz/1093,,ai_normalised_listing+pubchem_confirmed,seed_2026-08-24 + seed_2026-08-25,2024-02-14,2dae4b248f53a890ab63cbeeb35f3e75d7b4fede2925ae0ac90d80f2045552ca
Nonanal,Nonanal,Nonanal; nonanal,,31289,,,GYHFUZHODSMOHU-UHFFFAOYSA-N,C9H18O,142.24,CCCCCCCCC=O,confirmed_organic,organic_reagent,,,minatajhiz; telegram:minatajhiz,telegram,listing_evidence_crawled_2026-08-23,https://t.me/minatajhiz/1052,نونانال ( پلارگون آلدهید) Nonanal کد محصول مرک: 807166 واردات جدید مرک,ai_resolved+pubchem,seed_2026-08-24 + seed_2026-08-25,2026-08-23,09054d8b298d3a34d8275adf997b69730c519eb126f30341099028a0fe2218f6
Norepinephrine,Norepinephrine,,,439260,,,SFLSHLFXELFNJZ-QMMMGPOBSA-N,C8H11NO3,169.18,C1=CC(=C(C=C1[C@H](CN)O)O)O,confirmed_organic,pharmaceutical_or_api,,,Exir Pharmaceutical Co.,web_catalogue,listing_evidence_crawled_2026-08-23,https://exir.co.ir/product/norepinephrine-4-2/,امپول نوراپی نفرین 10 میلی لیتری,ai_resolved+pubchem,seed_2026-08-24 + seed_2026-08-25,2026-08-23,b841c15b3fcc5bd1bc39f122c911e4b57bd6ebba9d98b95438524c7be91a994e
Noscapine Hydrochloride,noscapine hydrochloride,"Noscapine Hydrochloride; noscapine hydrochloride; (3S)-6,7-dimethoxy-3-[(5R)-4-methoxy-6-methyl-7,8-dihydro-5H-[1,3]dioxolo[4,5-g]isoquinolin-5-yl]-3H-2-benzofuran-1-one;hydrochloride; Noscapine HCL",,9933439,,,MFLVZFXCSKVCSH-URBRKQAFSA-N,C22H24ClNO7,449.9,CN1CCC2=CC3=C(C(=C2[C@@H]1[C@@H]4C5=C(C(=C(C=C5)OC)OC)C(=O)O4)OC)OCO3.Cl,confirmed_organic,pharmaceutical_or_api,,,Temad,web_catalogue,listing_evidence_crawled_2026-08-23,https://www.temad.com/product/levofloxacin-2/,Noscapine HCL,ai_resolved+pubchem,seed_2026-08-24 + seed_2026-08-25,2026-08-23,fab8a7dc46a41b05585d52be323a9f3fccf3299ca7c944a14cb9ed60df6b703a
octadec-1-ene,1-Octadecene,octadec-1-ene; 1-Octadecene,112-88-9,8217,,,CCCMONHAUSKTEQ-UHFFFAOYSA-N,C18H36,252.5,CCCCCCCCCCCCCCCCC=C,confirmed_organic,organic_reagent,,research,Telegram: minatajhiz + t.me/minatajhiz,Iranian supplier Telegram catalogue|telegram,listed_not_current_stock_verified,https://t.me/s/minatajhiz,octadec-1-ene,existing skill export,live_telegram_listing + seed_2026-08-24 + seed_2026-08-25,2026-08-23,49c9e37b63b378d9702cdff6d9964dc4f8dff85dc3db8e8c544872cf01456ccd
octadecan-1-ol,Stearyl Alcohol,octadecan-1-ol; Stearyl Alcohol,112-92-5,8221,,,GLDOVTGHNKAZLK-UHFFFAOYSA-N,C18H38O,270.5,CCCCCCCCCCCCCCCCCCO,confirmed_organic,organic_reagent,,,Isatis Shimi; TamadKala,Iranian online chemical shops | Iranian online wholesale/lab shop,product_page_listed_not_current_stock_verified,https://isatisshimi.com/en/product/stearyl-alcohol-2/,Stearyl Alcohol | ستو استئاریل الکل | ستیل الکل,router_title_normalization,seed_2026-08-24 + seed_2026-08-25,2026-08-23,d25878a95c0cad951623517338dbc06d30e5abe2cbe04dedbf943b5d04286584
octadecanoic acid,Stearic acid,octadecanoic acid; Stearic acid; stearic acid,57-11-4,5281,,,QIQXTHQIDYTFRH-UHFFFAOYSA-N,C18H36O2,284.5,CCCCCCCCCCCCCCCCCC(=O)O,confirmed_organic,organic_reagent,,research,Fardad Shimi; TamadKala; Telegram: Ch_Chemical_leaders; Telegram: fanchem; Telegram: jahaneshimicom; Mojallali Group; ShimiMan; IR Chem / Pishgaman + https://drm-chem.com/en/product/stearic-acid-50-en/ + t.me/Ch_Chemical_leaders + t.me/fanc,Iranian online lab-chemical shop | Iranian online wholesale/lab shop | Iranian supplier Telegram catalogue|ai_normalized,listed_not_current_stock_verified | product_page_listed_not_current_stock_verified,https://t.me/fanchem/131,octadecanoic acid | استئاریک اسید 50 lab دکتر مجللی | ... | استئاریک اسید MERCK | فروش اسید استئاریک || #تبلیغات 🔹 پلی زون: تأمین‌کننده معتبر اسید استئاریک 🔹 🔸 اسید استئاریک 1802 : محصولی با کیفیت عالی، مناسب برای صنایع مختلف از جمله تولید مواد شوینده، صنایع آرایشی و بهداشتی، پلاستیک و لاستیک. این گ,existing skill export | router_title_normalization,ai_model_fleet + live_telegram_listing + live_web_catalogue + seed_2026-08-24 + seed_2026-08-25,2026-08-23,1c8cf3c1e77bb42c18ad22a5130e92fda6450a05d62b3b8737f83967ed1e0800
"octadecyl 3-(3,5-ditert-butyl-4-hydroxyphenyl)propanoate",Octadecyl DI-tert-butyl-4-hydroxyhydrocinnamate,,,16386,,,SSDSCDGVMJFTEQ-UHFFFAOYSA-N,C35H62O3,530.9,CCCCCCCCCCCCCCCCCCOC(=O)CCC1=CC(=C(C(=C1)C(C)(C)C)O)C(C)(C)C,confirmed_organic,cosmetic_raw_material,,,t.me/Ch_Chemical_leaders + telegram:Ch_Chemical_leaders,Iranian supplier Telegram catalogue|ai_normalized,listing_evidence_crawled_2026-08-24,https://t.me/Ch_Chemical_leaders/248,"#تبلیغات 

آنتی‌اکسیدان 1076 – محافظ مطمئن برای پایداری حرارتی پلیمرها

از برند معتبر Unitechem چین

این آنتی‌اکسیدان نوع فنلی با فرمولاسیون پایدار، راهکاری مؤثر برای جلوگیری از تخریب حرارتی پلیمرها و افزایش عمر مفید محص",ai_normalised_listing+pubchem_confirmed,ai_model_fleet + seed_2026-08-24 + seed_2026-08-25,2025-07-19,655184b56c811a65555d9631a043be685bb2b45c69b09a0e905bb325443ea99e
octan-1-ol,Octanol,octan-1-ol; Octanol,111-87-5,957,,,KBPLFHHGFOOTCA-UHFFFAOYSA-N,C8H18O,130.23,CCCCCCCCO,confirmed_organic,organic_reagent,,,TamadKala,Iranian online wholesale/lab shop,product_page_listed_not_current_stock_verified,https://tamadkala.com/product/5622/%D9%81%D8%B1%D9%88%D8%B4-%D8%A7%DA%A9%D8%AA%D8%A7%D9%86%D9%88%D9%84,فروش اکتانول,router_title_normalization,seed_2026-08-24 + seed_2026-08-25,2026-08-23,bb904c61520646fc87bd30a8638b0282abadf46758e0a100be3c0c15a918b23b
octane,n-Octane,octane; n-Octane,111-65-9,356,,,TVMXDCGIABBOFY-UHFFFAOYSA-N,C8H18,114.23,CCCCCCCC,confirmed_organic,organic_reagent,,research,Fardad Shimi; TamadKala; Mojallali Group; ShimiMan,Iranian online lab-chemical shop | Iranian online wholesale/lab shop,product_page_listed_not_current_stock_verified,https://fardadshimi.com/product/6199238/,ان اکتان laboratory دکتر مجللی | ... | ان اکتان دکتر مجللی,router_title_normalization,seed_2026-08-24 + seed_2026-08-25,2026-08-23,947ec01907a8162d515f95b9e855304c4816fd3498607bfb4a1c8c3e55f7ac76
octanoic acid,Octanoic Acid,octanoic acid; Octanoic Acid; Octanoic acid,,379,,,WWZKQHOCKIZLMA-UHFFFAOYSA-N,C8H16O2,144.21,CCCCCCCC(=O)O,confirmed_organic,organic_reagent,,research,Telegram: minatajhiz + t.me/minatajhiz,Iranian supplier Telegram catalogue|telegram,listed_not_current_stock_verified,https://t.me/s/minatajhiz,octanoic acid,existing skill export,live_telegram_listing + seed_2026-08-24 + seed_2026-08-25,2026-08-23,a3723266f4db80671e69aa44728634a902615e25e472b1f0159f7b90070bd69a
Oleylamine,Oleylamine,,,5356789,,,QGLWBTPVKHMVHM-KTKRTIGZSA-N,C18H37N,267.5,CCCCCCCC/C=C\CCCCCCCCN,confirmed_organic,organic_reagent,,,ChemIranSanat + t.me/ChemIranSanat,ai_normalized|telegram,listing_evidence_crawled_2026-08-23,https://t.me/ChemIranSanat/1742,"12954 Acros Oleylamine, approximate C18-content 80-90% 100ml 🔜 موجود و آماده تحویل ✅ شیمیران صنعت فقط اصلی 📱 دریافت قیمت یا سفارش کالا 👇 🆔 @ChemIranAdmin 🆔 @ChemIran1 || 12954 Acros
Oleylamine, approximate C18-content 80-90%
100ml

 🔜 موجود و آماده تحویل
 ✅ شیمیران صنعت فقط اصلی
 📱 دریافت قیمت یا سف",ai_resolved+pubchem,ai_model_fleet + seed_2026-08-24 + seed_2026-08-25,2026-08-23,455e2634caa8597825d2ea665802aef577c059cf5de87f77bdd8c9060b99efc5
oryzalin,,,,29393,,,UNAHYJYOSSSJHH-UHFFFAOYSA-N,C12H18N4O6S,346.36,,confirmed_organic,organic_reagent,derived:supplier_platform,Shimi Merck,Shimi Merck + https://shimimerck.ir/oryzalin.html,ai_normalized|live_supplier_catalogue,,https://shimimerck.ir/oryzalin.html,oryzalin,model_fleet+pubchem,ai_model_fleet + live_web_catalogue,2026-08-27,bf21e79987c6e8ea2b5e1f19dec0ef14d66171b616b38312755bf520bbf920e1
oxaldehyde,Glyoxal,,107-22-2,7860,,,LEQAOMBKQFMDFZ-UHFFFAOYSA-N,C2H2O2,58.04,C(=O)C=O,confirmed_organic,organic_reagent,,,telegram:minatajhiz,Iranian supplier Telegram catalogue,listing_evidence_crawled_2026-08-24,https://t.me/minatajhiz/851,,ai_normalised_listing+pubchem_confirmed,seed_2026-08-24 + seed_2026-08-25,2022-03-02,522b264dfe133b89377ff6098c023b2a882057a2664c9f646c6a9b745eab45f9
oxalic acid,Oxalic acid,oxalic acid; Oxalic acid,144-62-7,971,,,MUBZPKHOEPUJKR-UHFFFAOYSA-N,C2H2O4,90.03,C(=O)(C(=O)O)O,confirmed_organic,organic_reagent,,research,DigiShimi; Fardad Shimi; TamadKala; Telegram: Ch_Chemical_leaders; Telegram: ChemIranSanat; Mojallali Group; ShimiMan; IR Chem / Pishgaman; telegram:ATRmedShop + https://drm-chem.com/en/product/oxalic-acid-dihydrate-extra-pure-en/ + t.me/AT,Iranian online chemical shops | Iranian online lab-chemical shop | Iranian online wholesale/lab shop | Iranian supplier ,listed_not_current_stock_verified | product_page_listed_not_current_stock_verified,https://t.me/ATRmedShop/441,oxalic acid | اسید اگزالیک 2 آبه extra pure دکتر مجللی | ... | اسید اگزالیک صنعتی | ... | اسید اگزالیک ۲ آبه ۱ کیلویی دکتر مجللی | ... | اگزالیک اسید | اگزالیک اسید قطران شیمی | ... | اگزالیک اسید ۲ آبه ۱ کیلویی پارس شیمی | فروش اسید اگزالیک || اسید اگزالیک کیسه طوسی چین مقدار محدود با قیمت استثنائی,existing skill export | router_title_normalization,ai_model_fleet + live_web_catalogue + seed_2026-08-24 + seed_2026-08-25,2026-08-23,5659960f2137922eb74bfd3c9479ec53cba4949621269233a7bee55d2e540fa1
oxalic acid;dihydrate,Oxalic acid dihydrate,oxalic acid;dihydrate; Oxalic acid dihydrate,6153-56-6,61373,,,GEVPUGOOGXGPIO-UHFFFAOYSA-N,C2H6O6,126.07,C(=O)(C(=O)O)O.O.O,confirmed_organic,organic_reagent,,research,TamadKala; Mojallali Group; ShimiMan + t.me/ATRmedShop,Iranian online wholesale/lab shop|ai_normalized|telegram,product_page_listed_not_current_stock_verified,https://t.me/ATRmedShop/418,"اسید اگزالیک دو آبه || اگزالیک اسید دی‌هیدرات 99 درصد
 اگزالیک اسید دی‌هیدرات 99 درصد یک ترکیب آلی با فرمول HO2CCO2H.2H2O است. اگزالیک اسید به صورت جامد بلوری سفید رنگ است و در ...
برای ادامه مطالب، مشاهده و خرید آنلاین این محصول به لینک زیر م",router_title_normalization,ai_model_fleet + live_telegram_listing + seed_2026-08-24 + seed_2026-08-25,2026-08-23,a9fe3af99c3a4b9cf480f1ba5553d5719341d387277cfdd0afe3de0016d8d8d4
oxalyl dichloride,Oxalyl chloride,oxalyl dichloride; Oxalyl chloride; oxalyl chloride,79-37-8,65578,,,CTSLXHKWHWQRSH-UHFFFAOYSA-N,C2Cl2O2,126.92,C(=O)(C(=O)Cl)Cl,confirmed_organic,organic_reagent,,research,Telegram: ChemIranSanat + t.me/ChemIranSanat,Iranian supplier Telegram catalogue|telegram,listed_not_current_stock_verified,https://t.me/s/ChemIranSanat,"oxalyl dichloride || Oxalyl chloride, 98% Acros Store between 2°C and 8°C واردات مواد با شرایط نگهداری خاص @ChemIranAdmin 🆔 @ChemIran1",existing skill export,live_telegram_listing + seed_2026-08-24 + seed_2026-08-25,2026-08-23,3d022df2a98c8630b635d37e890548655f4edb6defcd9660e5ca534b773e1277
"oxathiane 2,2-dioxide","1,4-Butane sultone","oxathiane 2,2-dioxide; 1,4-Butane sultone",1633-83-6,15411,,,MHYFEEDKONKGEB-UHFFFAOYSA-N,C4H8O3S,136.17,C1CCS(=O)(=O)OC1,confirmed_organic,organic_reagent,,research,Telegram: ChemIranSanat + t.me/ChemIranSanat,Iranian supplier Telegram catalogue|ai_normalized|telegram,listed_not_current_stock_verified,https://t.me/ChemIranSanat/1728,"oxathiane 2,2-dioxide || B85501 Sigma-Aldrich
1,4-Butane sultone
100G

 🔜 موجود و آماده تحویل
 ✅ شیمیران صنعت فقط اصلی
 📱 دریافت قیمت یا سفارش کالا 👇 

 🆔 @ChemIranAdmin 

 🆔 @ChemIran1",existing skill export,ai_model_fleet + live_telegram_listing + seed_2026-08-24 + seed_2026-08-25,2026-08-23,2fef38da2de06c75ff67cf61b69a7c8caef65e3380a38fd04477abbda56841fa
oxiran-2-ylmethanol,Glycidol,oxiran-2-ylmethanol; Glycidol,556-52-5,11164,,,CTKINSOISVBQLD-UHFFFAOYSA-N,C3H6O2,74.08,C1C(O1)CO,confirmed_organic,organic_reagent,,research,Telegram: minatajhiz,Iranian supplier Telegram catalogue,listed_not_current_stock_verified,,oxiran-2-ylmethanol,existing skill export,seed_2026-08-24 + seed_2026-08-25,2026-08-23,8130051ca53bbcd308686d89490edb7d425d87301e031f9a05b8e90cf7c1a9d1
oxiran-2-ylmethyl 2-methylprop-2-enoate,Glycidyl methacrylate,oxiran-2-ylmethyl 2-methylprop-2-enoate; Glycidyl methacrylate,106-91-2,7837,,,VOZRXNHHFUQHIL-UHFFFAOYSA-N,C7H10O3,142.15,CC(=C)C(=O)OCC1CO1,confirmed_organic,organic_reagent,,research,Telegram: ChemIranSanat + t.me/ChemIranSanat,Iranian supplier Telegram catalogue|ai_normalized|telegram,listed_not_current_stock_verified,https://t.me/ChemIranSanat/1812,"oxiran-2-ylmethyl 2-methylprop-2-enoate || 16589 Acros
Glycidyl methacrylate
100g
 🔜 موجود و آماده تحویل
 ✅ شیمیران صنعت فقط اصلی
 ♾ موجودی و تنوع بی نظیر از برندهای معتبر
 📱 سفارش کالا 👇 

 🆔 @ChemIranAdmin 

 🆔 @ChemIran1",existing skill export,ai_model_fleet + live_telegram_listing + seed_2026-08-24 + seed_2026-08-25,2026-08-23,1041a0a63cedeb64025225161ea45409148f4fbb110d319aeaff162a58f5d867
oxiran-2-ylmethyl prop-2-enoate,Glycidyl acrylate,,,7836,,,RPQRDASANLAFCM-UHFFFAOYSA-N,C6H8O3,128.13,C=CC(=O)OCC1CO1,confirmed_organic,organic_reagent,,research,t.me/Maran_Tejarat_Eshen + telegram:Maran_Tejarat_Eshen,Iranian supplier catalogue|ai_normalized,listing_evidence_crawled_2026-08-24,https://t.me/Maran_Tejarat_Eshen/636,"#اکرلیک_اسید_گلسیال 

اکرلیک اسید گلسیال ( #GAA ) مایع بی‌رنگ و شفاف با بوی اسیدی تند می باشد. این ماده دارای قابلیت اختلاط با آب، الکل ها و اترها می باشد.

● مزایای و ویژگی های کاربردی :

• از لحاظ خواص و ویژگی ها بسیار",ai_normalised_listing+pubchem_confirmed,ai_model_fleet + seed_2026-08-24 + seed_2026-08-25,2026-08-24,1c22f0cbf6017bc868a45a090cbacb46e85dac095cefd5eda19209f6353d9640
oxirane,Ethylene oxide,oxirane; Ethylene oxide,75-21-8,6354,,,IAYPIBMASNFSPL-UHFFFAOYSA-N,C2H4O,44.05,C1CO1,confirmed_organic,organic_reagent,,,TamadKala,Iranian online wholesale/lab shop,product_page_listed_not_current_stock_verified,https://tamadkala.com/product/1500/%D9%81%D8%B1%D9%88%D8%B4-%D8%A7%D8%AA%DB%8C%D9%84%D9%86-%D8%A7%DA%A9%D8%B3%DB%8C%D8%AF,فروش اتیلن اکسید,router_title_normalization,seed_2026-08-24 + seed_2026-08-25,2026-08-23,b26eaa758be8ceae864cdc827176474e290017d0f56d7aea7d31142cebf9d274
oxolane,tetrahydrofuran,oxolane; tetrahydrofuran,109-99-9,8028,,,WYURNTSHIVDZCO-UHFFFAOYSA-N,C4H8O,72.11,C1CCOC1,confirmed_organic,organic_reagent,,research,Fardad Shimi; TamadKala; Telegram: Boof_company; Telegram: LabTel; Telegram: fanchem; Telegram: jahaneshimicom; Mojallali Group; ShimiMan; telegram:minatajhiz; telegram:ChemIranSanat + t.me/Boof_company + t.me/jahaneshimicom,Iranian online lab-chemical shop | Iranian online wholesale/lab shop | Iranian supplier Telegram catalogue|ai_normalized,listed_not_current_stock_verified | product_page_listed_not_current_stock_verified,https://t.me/jahaneshimicom/65,tetrahydrofuran | تترا هیدرو فوران extra pure دکتر مجللی | تترا هیدروفوران دکتر مجللی | تتراهیدروفوران صنعتی | ... | تتراهیدروفوران مرک MERCK | فروش تتراهیدروفوران || 🔰 محصول تترا هیدرو فوران Tetrahydrofuran (THF) ➖️ نام علمی : Tetrahydrofuran (تترا هیدرو فوران) ➖️ فرمول شیمیایی : C₄H₈O ➖️ ماده پایه,existing skill export | router_title_normalization,ai_model_fleet + live_telegram_listing + seed_2026-08-24 + seed_2026-08-25,2026-08-23,5660a8312b7a7c8ae5bf32c9100982541f741c5d6eebe36e64ab566b818604ba
Oxycodone Hydrochloride,oxycodone hydrochloride,"Oxycodone Hydrochloride; oxycodone hydrochloride; (4R,4aS,7aR,12bS)-4a-hydroxy-9-methoxy-3-methyl-2,4,5,6,7a,13-hexahydro-1H-4,12-methanobenzofuro[3,2-e]isoquinolin-7-one;hydrochloride; Oxycodone HCL",,5462350,,,MUZQPDBAOYKNLO-RKXJKUSZSA-N,C18H22ClNO4,351.8,CN1CC[C@]23[C@@H]4C(=O)CC[C@]2([C@H]1CC5=C3C(=C(C=C5)OC)O4)O.Cl,confirmed_organic,pharmaceutical_or_api,,,Temad,web_catalogue,listing_evidence_crawled_2026-08-23,https://www.temad.com/product/acyclovir-2/,Oxycodone HCL,ai_resolved+pubchem,seed_2026-08-24 + seed_2026-08-25,2026-08-23,1ae4b55c5873f81f43d8ad5164e69d2b4a297e3b006e6e2fabee1a8fd295a8a6
Oxymorphone,Oxymorphone,"Oxymorphone; (4R,4aS,7aR,12bS)-4a,9-dihydroxy-3-methyl-2,4,5,6,7a,13-hexahydro-1H-4,12-methanobenzofuro[3,2-e]isoquinolin-7-one",,5284604,,,UQCNKQCJZOAFTQ-ISWURRPUSA-N,C17H19NO4,301.34,CN1CC[C@]23[C@@H]4C(=O)CC[C@]2([C@H]1CC5=C3C(=C(C=C5)O)O4)O,confirmed_organic,pharmaceutical_or_api,,,Temad,web_catalogue,listing_evidence_crawled_2026-08-23,https://www.temad.com/product/oxymorphone-2/,Oxymorphone,pubchem_direct,seed_2026-08-24 + seed_2026-08-25,2026-08-23,d4b03ff29978261aff11abff8874d0f4d79f7e7c50f57fd47fefdcbd42b55e43
Oxymorphone Hydrochloride,Oxymorphone HCL,"Oxymorphone Hydrochloride; Oxymorphone HCL; (4R,4aS,7aR,12bS)-4a,9-dihydroxy-3-methyl-2,4,5,6,7a,13-hexahydro-1H-4,12-methanobenzofuro[3,2-e]isoquinolin-7-one;hydrochloride",,5359390,,,BCGJBQBWUGVESK-KCTCKCTRSA-N,C17H20ClNO4,337.8,CN1CC[C@]23[C@@H]4C(=O)CC[C@]2([C@H]1CC5=C3C(=C(C=C5)O)O4)O.Cl,confirmed_organic,pharmaceutical_or_api,,,Temad,web_catalogue,listing_evidence_crawled_2026-08-23,https://www.temad.com/product/rosuvastatin-calcium-2/,Oxymorphone HCL,pubchem_direct,seed_2026-08-24 + seed_2026-08-25,2026-08-23,01ae3e5f633abaa23c0f643891697f9db264d7046eff3b8e41cd8589347b9881
Pantoprazole sodium sesquihydrate,Pantoprazole Sodium Sesquihydrate,Pantoprazole sodium sesquihydrate; Pantoprazole Sodium Sesquihydrate,,67047490,,,RJRBTVMZZGMTQI-UHFFFAOYSA-N,C16H17F2N3NaO5S,424.4,COC1=C(C(=NC=C1)CS(=O)C2=NC3=C(N2)C=C(C=C3)OC(F)F)OC.O.[Na],confirmed_organic,pharmaceutical_or_api,,,Temad,web_catalogue,listing_evidence_crawled_2026-08-23,https://www.temad.com/product/dapoxetine-hcl-2/,Pantoprazole Sodium Sesquihydrate,pubchem_direct,seed_2026-08-24 + seed_2026-08-25,2026-08-23,2b1ebdb1fb6cccdaf5f9e01a8460c39a71e7d979991eefc3dfcd81756dbb5f4b
Pararosaniline,Pararosaniline,,,11293,,,AFAIELJLZYUNPW-UHFFFAOYSA-N,C19H17N3,287.4,C1=CC(=N)C=CC1=C(C2=CC=C(C=C2)N)C3=CC=C(C=C3)N,confirmed_organic,colorant_or_indicator,,,minatajhiz,telegram,listing_evidence_crawled_2026-08-23,https://t.me/minatajhiz/1050,پارا رزانیلین Pararosaniline (chloride) (C.I. 42500) کد محصول مرک: 107509 واردات جدید مرک,ai_resolved+pubchem,seed_2026-08-24 + seed_2026-08-25,2026-08-23,a112b034742a7ea33e13365f7afab8ed891c6b319baa5c4df72e1b1d99ca5593
pentan-1-ol,1-Pentanol,pentan-1-ol; 1-Pentanol; amyl alcohol,71-41-0,6276,,,AMQJEAYHLZJPGS-UHFFFAOYSA-N,C5H12O,88.15,CCCCCO,confirmed_organic,organic_reagent,,research,Telegram: ChemIranSanat; Telegram: minatajhiz; TamadKala + https://eaz.ir/assets/images/products/Chemicals/solvents/330px-Isoamyl_alcohol.svg.png + t.me/ChemIranSanat,Iranian supplier Telegram catalogue|live_supplier_catalogue|telegram,listed_not_current_stock_verified,https://t.me/s/ChemIranSanat,amyl alcohol || 807500 | n-Amyl alcohol Merck موجود و آماده تحویل. این محصول خرده فروشی نیز دارد Admin: @ChemIranAdmin 🆔 @ChemIran1,existing skill export,live_telegram_listing + live_web_catalogue + seed_2026-08-24 + seed_2026-08-25,2026-08-23,3774bb4bdc150df834749a46b582b86acc973b06990c1059be4a3c00e7b9bb0e
pentane,n-Pentane,pentane; n-Pentane,109-66-0,8003,,,OFBQJSOFQDEBGM-UHFFFAOYSA-N,C5H12,72.15,CCCCC,confirmed_organic,organic_reagent,,research,Fardad Shimi; TamadKala; Telegram: minatajhiz; Mojallali Group; ShimiMan,Iranian online lab-chemical shop | Iranian online wholesale/lab shop | Iranian supplier Telegram catalogue,listed_not_current_stock_verified | product_page_listed_not_current_stock_verified,https://fardadshimi.com/product/6199240/,pentane | ان پنتان laboratory دکتر مجللی | ... | ان پنتان دکتر مجللی | پنتان نرمال,existing skill export | router_title_normalization,seed_2026-08-24 + seed_2026-08-25,2026-08-23,fe4c66c9055ff752aee6894fc06735deda7a80fbffef085773d7967c5fb418d3
pentanedial,Glutaraldehyde,pentanedial; Glutaraldehyde,111-30-8,3485,,,SXRSQZLOMIGNAQ-UHFFFAOYSA-N,C5H8O2,100.12,C(CC=O)CC=O,confirmed_organic,organic_reagent,,research,Telegram: minatajhiz + t.me/IranChemicals,Iranian supplier Telegram catalogue|ai_normalized,listed_not_current_stock_verified,https://t.me/IranChemicals/21403,"pentanedial || 🔴 #نانو_فناوری 

 🟩 رفتار مصالح ساختمانی مقاوم در برابر آتش و حرارت

 🔴 عملکرد جالب این مصالح نشان می دهد که می توان ساختمان های ضد آتش مناسبی در آینده ایجاد کرد
 👇 
 🟢 @nano_civil 
 🟩 @Iranchemicals",existing skill export,ai_model_fleet + seed_2026-08-24 + seed_2026-08-25,2026-08-23,63636689c2a68f56078b5bf56869c4d2b872dc32d13f36d9932f29b4abc04dc1
"Peonidin 3,5-diglucoside",Peonin,,,5488811,,,IPVSUYLZIAYTOK-DPOJTEBASA-O,C28H33O16+,625.6,COC1=C(C=CC(=C1)C2=C(C=C3C(=CC(=CC3=[O+]2)O)O[C@H]4[C@@H]([C@H]([C@@H]([C@H](O4)CO)O)O)O)O[C@H]5[C@@H]([C@H]([C@@H]([C@H](O5)CO)O)O)O)O,confirmed_organic,organic_reagent,,,ChemIranSanat + t.me/ChemIranSanat,ai_normalized|telegram,listing_evidence_crawled_2026-08-23,https://t.me/ChemIranSanat/1472,"شیمی گل صد تومانی مولکول موجود (Peonin) در این گل در pHهای مختلف رنگ های متفاوتی دارد بنابراین رنگ گلبرگها نیز متغیر خواهد بود. 🆔 @ChemIran1 || شیمی گل صد تومانی
مولکول موجود (Peonin) در این گل در pHهای مختلف رنگ های متفاوتی دارد بنابراین رنگ گلبرگها نیز متغیر خواهد بود.

 🆔 @ChemIran1",ai_resolved+pubchem,ai_model_fleet + seed_2026-08-24 + seed_2026-08-25,2026-08-23,1094ff7a5f9f2fb9c5aa05b47dd4a6dcfc7b70d9136da28c4e0e394858658c47
Phenobarbital,Phenobarbital,"Phenobarbital; 5-ethyl-5-phenyl-1,3-diazinane-2,4,6-trione",,4763,,,DDBREPKUVSBGFI-UHFFFAOYSA-N,C12H12N2O3,232.23,CCC1(C(=O)NC(=O)NC1=O)C2=CC=CC=C2,confirmed_organic,pharmaceutical_or_api,,,Temad,web_catalogue,listing_evidence_crawled_2026-08-23,https://www.temad.com/product/cyproterone-acetate-2/,Phenobarbital,pubchem_direct,seed_2026-08-24 + seed_2026-08-25,2026-08-23,f03a002d6c088133d17bef227a938f074b5e74523677441fcc4c445e00afb9fe
phenol,Phenol,phenol; Phenol,108-95-2,996,,,ISWSIDIOOBJBQZ-UHFFFAOYSA-N,C6H6O,94.11,C1=CC=C(C=C1)O,confirmed_organic,organic_reagent,,research,TamadKala; Telegram: Boof_company; Telegram: ChemIranSanat; Telegram: IranChemicals; Telegram: minatajhiz; Mojallali Group; ShimiMan; telegram:ATRmedShop + https://shimimerck.ir/4-methoxythiophenol.html + t.me/ATRmedShop + t.me/Boof_company,Iranian online wholesale/lab shop | Iranian supplier Telegram catalogue|ai_normalized|live_supplier_catalogue|telegram,listed_not_current_stock_verified | product_page_listed_not_current_stock_verified,https://t.me/Boof_company/52,phenol | فنل extra pure دکتر مجللی | ... || 🔰 محصول فنول Phenol ➖️ نام علمی : Phenol (فنول) ➖️ فرمول شیمیایی : C₆H₆O ➖️ ماده پایه : مونومر (پیش‌ ساز رزین‌ های فنولیک) ➖️ برند : ساهاسترا (Sahastraa) ➖️ کشور : هند (India) ➖️ وزن بسته : 225 کیلو گرم ➖️ پالت : 900 کیلو گرم (4 بشکه) ➖️ قیمت : ☎️ جهت مشاو,existing skill export | router_title_normalization,ai_model_fleet + live_telegram_listing + live_web_catalogue + seed_2026-08-24 + seed_2026-08-25,2026-08-23,d1d1e601b83c2db7a2afb6f8ef2df253d785e76c0e62f6fbb561376c5dd3fd85
Phenolphthalein,Phenolphthalein,,,4764,,,KJFMBFZCATUALV-UHFFFAOYSA-N,C20H14O4,318.3,C1=CC=C2C(=C1)C(=O)OC2(C3=CC=C(C=C3)O)C4=CC=C(C=C4)O,confirmed_organic,colorant_or_indicator,,,Mojallali Group + t.me/ATRmedShop,ai_normalized|web_catalogue,listing_evidence_crawled_2026-08-23,https://t.me/ATRmedShop/664,"Phenolphthalein || فنل فتالئین

‌‏⁧ ‌‌‏‌محصولات مرک المان اصل را از ما بخواهید.

 👇 واردات و فروش مواد شیمیایی سیگما 👇 ‌
‌ 
‌
 ☎️ تلفن: ۰۲۱۶۶۳۶۱۵۴۳-۶۶۳۷۹۰۲۶-۰۲۱
‌
 📱 موبایل: 09120549893

 🌐 لینک محصول :

 https://atrmed.com/product/phenolp",pubchem_direct,ai_model_fleet + seed_2026-08-24 + seed_2026-08-25,2026-08-23,31fe1dc8539f5b916bd2b35470d9e72fdff72921be0645b2209da867db94a37e
phenyl carbonochloridate,Phenyl chloroformate,,,15891,,,AHWALFGBDFAJAI-UHFFFAOYSA-N,C7H5ClO2,156.56,C1=CC=C(C=C1)OC(=O)Cl,confirmed_organic,organic_reagent,,,telegram:minatajhiz,Iranian supplier Telegram catalogue,listing_evidence_crawled_2026-08-24,https://t.me/minatajhiz/1001,فنیل کلروفرمات Phenyl chloroformate کد محصول مرک: 802353 واردات جدید مرک,ai_normalised_listing+pubchem_confirmed,seed_2026-08-24 + seed_2026-08-25,2023-03-15,e17febb4d9f0fcb90396fda1da19e63906291806f27c2ef523cbbb73c76ca63b
phenylhydrazine;hydrochloride,Phenylhydrazine hydrochloride,phenylhydrazine;hydrochloride; Phenylhydrazine hydrochloride,59-88-1,60962,,,JOVOSQBPPZZESK-UHFFFAOYSA-N,C6H9ClN2,144.60,C1=CC=C(C=C1)NN.Cl,confirmed_organic,organic_reagent,,,TamadKala; Mojallali Group,Iranian online wholesale/lab shop,product_page_listed_not_current_stock_verified,https://drm-chem.com/en/product/phenylhydrazine-hydrochloride-lab-en/,فنیل هیدرازین هیدروکلراید کد 114715 سیگما | ...,router_title_normalization,seed_2026-08-24 + seed_2026-08-25,2026-08-23,06b76979c4061cd83c13d7a62879c3536dffeaf8b221644abba5275223903baf
phenylmercury;hydrate,Phenylmercuric hydroxide,,100-57-2,7512,,,MSYUMXXVCSLXMR-UHFFFAOYSA-N,C6H7HgO,295.71,C1=CC=C(C=C1)[Hg].O,confirmed_organic,organic_reagent,,,telegram:minatajhiz,Iranian supplier Telegram catalogue,listing_evidence_crawled_2026-08-24,https://t.me/minatajhiz/327,,ai_normalised_listing+pubchem_confirmed,seed_2026-08-24 + seed_2026-08-25,2018-03-18,9475297e87cb0a8a295d2aeedab9700c4d507097fe41c2a3a3b91ea52e22671f
phenylmethanol,Benzyl alcohol,phenylmethanol; Benzyl alcohol,100-51-6,244,,,WVDDGKGOMKODPV-UHFFFAOYSA-N,C7H8O,108.14,C1=CC=C(C=C1)CO,confirmed_organic,organic_reagent,,research,Fardad Shimi; TamadKala; Mojallali Group; ShimiMan + Shimi Merck + https://shimimerck.ir/benzyl-alcohol.html,Iranian online lab-chemical shop | Iranian online wholesale/lab shop|ai_normalized|live_supplier_catalogue,product_page_listed_not_current_stock_verified,https://shimimerck.ir/benzyl-alcohol.html,بنزیل الکل extra pure دکتر مجللی | ... | بنزیل الکل دکتر مجللی || benzyl alcohol,router_title_normalization,ai_model_fleet + live_web_catalogue + seed_2026-08-24 + seed_2026-08-25,2026-08-23,403106f2ca824567383f6555fd7aac2f056db8e37e073f245e5253d99a7499cb
Phenylmethylsulfonyl Fluoride,Phenylmethanesulfonyl fluoride,,329-98-6,4784,,,YBYRMVIVWMBXKQ-UHFFFAOYSA-N,C7H7FO2S,174.19,C1=CC=C(C=C1)CS(=O)(=O)F,confirmed_organic,organic_reagent,,,ChemIranSanat,telegram,listing_evidence_crawled_2026-08-23,https://t.me/ChemIranSanat/1444,P7626 Sigma Phenylmethanesulfonyl floride 5g موجود و آماده تحویل ✅ شیمیران صنعت فقط اصلی ❓ قیمت و سفارش 👇 Admin 🆔 @ChemIranAdmin 🆔 @ChemIran1,ai_resolved+pubchem,seed_2026-08-24 + seed_2026-08-25,2026-08-23,04b33580d5db0226468e50e21dba18216341e7f19db3e045d2aecea8565b820d
Pholcodine monohydrate,Pholcodine Monohydrate,"Pholcodine monohydrate; Pholcodine Monohydrate; (4R,4aR,7S,7aR,12bS)-3-methyl-9-(2-morpholin-4-ylethoxy)-2,4,4a,7,7a,13-hexahydro-1H-4,12-methanobenzofuro[3,2-e]isoquinolin-7-ol;hydrate",,86278131,,,VOMHFFCEDKOLBR-RNFKYSJUSA-N,C23H32N2O5,416.5,CN1CC[C@]23[C@@H]4[C@H]1CC5=C2C(=C(C=C5)OCCN6CCOCC6)O[C@H]3[C@H](C=C4)O.O,confirmed_organic,pharmaceutical_or_api,,,Temad,web_catalogue,listing_evidence_crawled_2026-08-23,https://www.temad.com/product/methadone-hcl-2/,Pholcodine Monohydrate,pubchem_direct,seed_2026-08-24 + seed_2026-08-25,2026-08-23,52daabc5455e0e717e1c32c1231424cd7695bf5029e8a88f18a96dfd8232fb94
phthalic acid,Phthalic acid,phthalic acid; Phthalic acid,,1017,,,XNGIFLGASWRNHJ-UHFFFAOYSA-N,C8H6O4,166.13,C1=CC=C(C(=C1)C(=O)O)C(=O)O,confirmed_organic,organic_reagent,,,TamadKala,Iranian online wholesale/lab shop,product_page_listed_not_current_stock_verified,,فتالیک اسید کد 402915 سیگما آلدریچ | ...,router_title_normalization,seed_2026-08-24 + seed_2026-08-25,2026-08-23,64de58c10bb32777f143c6a4736cd391e37cb1ae5ce687ac5066c8f1fa30ca5b
Pioglitazone Hydrochloride,Pioglitazone HCL,"Pioglitazone Hydrochloride; Pioglitazone HCL; 5-[[4-[2-(5-ethyl-2-pyridinyl)ethoxy]phenyl]methyl]-1,3-thiazolidine-2,4-dione;hydrochloride",,60560,,,GHUUBYQTCDQWRA-UHFFFAOYSA-N,C19H21ClN2O3S,392.9,CCC1=CN=C(C=C1)CCOC2=CC=C(C=C2)CC3C(=O)NC(=O)S3.Cl,confirmed_organic,pharmaceutical_or_api,,,Temad,web_catalogue,listing_evidence_crawled_2026-08-23,https://www.temad.com/product/erythromycin-ethylsuccinate/,Pioglitazone HCL,pubchem_direct,seed_2026-08-24 + seed_2026-08-25,2026-08-23,b00dd9598e0c4cdca78f406ef43d4766723f6f744392e5da5c49e561eb538d09
piperidine-2-carboxylic acid,,,,849,,,HXEACLLIILLPRG-UHFFFAOYSA-N,C6H11NO2,129.16,,confirmed_organic,organic_reagent,derived:supplier_platform,,Shimi Merck,ai_normalized,,https://shimimerck.ir/pipcolic-acid.html,pipcolic acid,model_fleet+pubchem,ai_model_fleet,2026-08-27,3fdfeb03ae19eb59d62a3a8c871019772b2d526e608660883f5569fc54c0461c
"potassium (2E,4E)-hexa-2,4-dienoate",Potassium sorbate,"potassium (2E,4E)-hexa-2,4-dienoate; Potassium sorbate",590-00-1,23676745,,,CHHHXKFHOYLYRE-STWYSWDKSA-M,C6H7KO2,150.22,C/C=C/C=C/C(=O)[O-].[K+],confirmed_organic,organic_reagent,,,TamadKala,Iranian online wholesale/lab shop,product_page_listed_not_current_stock_verified,https://tamadkala.com/product/56503/%D9%BE%D8%AA%D8%A7%D8%B3%DB%8C%D9%85-%D8%B3%D9%88%D8%B1%D8%A8%D8%A7%D8%AA,پتاسیم سوربات,router_title_normalization,seed_2026-08-24 + seed_2026-08-25,2026-08-23,43067cf288c7dcb377333c305ec8087748b76ff2b87ffb818e17c211aa870b02
potassium 2-carboxybenzoate,potassium 2-carboxybenzoate,potassium 2-carboxybenzoate,877-24-7,23676735,,,IWZKICVEHNUQTL-UHFFFAOYSA-M,C8H5KO4,204.22,C1=CC=C(C(=C1)C(=O)O)C(=O)[O-].[K+],confirmed_organic,organic_reagent,derived:supplier_platform,,Mojallali Group,Iranian WooCommerce catalogue,product_page_listed_not_current_stock_verified,https://drm-chem.com/en/product/potassium-hydrogen-phthalate-laboratory-en/,Potassium hydrogen phthalate,cas_pubchem,seed_2026-08-25,2026-08-25,0ec799c49f6f43b721c36795c287cc259ca29f86e65036d1ea18f179bf127027
potassium 4-aminobenzoate,,,,23663628,,,MZKKJVZIFIQOPP-UHFFFAOYSA-M,C7H6KNO2,175.23,,confirmed_organic,organic_reagent,derived:supplier_platform,,Shimi Merck,ai_normalized,,https://shimimerck.ir/buy-4-aminobenzoic-acid-potassium-salt.html,buy 4 aminobenzoic acid potassium salt,model_fleet+pubchem,ai_model_fleet,2026-08-27,6b23f181a012e5f123a70f4a7646eab6bee4df5b6eca7eb84d2f78d7233b8d66
potassium acetate,Sodium acetate,potassium acetate; Sodium acetate,127-09-3,517044,,yes,SCVFZCLFOSHCOH-UHFFFAOYSA-M,C2H3NaO2,98.14,CC(=O)[O-].[K+],confirmed_organic,organic_reagent,,research,DigiShimi; Fardad Shimi; TamadKala; Mojallali Group,Iranian online chemical shops | Iranian online lab-chemical shop | Iranian online wholesale/lab shop,product_page_listed_not_current_stock_verified,https://digishimii.ir/Product/%d8%a7%d8%b3%d8%aa%d8%a7%d8%aa-%d8%b3%d8%af%db%8c%d9%85/,استات سدیم | سدیم استات خشک extra pure دکتر مجللی | ... | سدیم استات خشک laboratory دکتر مجللی | ... | سدیم استات خشک usp دکتر مجللی | ... | سدیم استات قطران شیمی | فروش استات سدیم | ... | پتاسیم استات extra pure دکتر مجللی | ... | پتاسیم استات قطران شیمی | ... | پتاسیم استات ۱ ک,router_title_normalization,seed_2026-08-24 + seed_2026-08-25,2026-08-23,0da5ac0279060e11169e06e610cc958313f046d6e5f393c2bad9a2d7e1f66a16
Potassium Carbonate,Potassium carbonate,Potassium Carbonate; Potassium carbonate; dipotassium;carbonate; potassium carbonate,584-08-7,11430,,,BWHMMNNQKKPAPP-UHFFFAOYSA-L,CK2O3,138.205,C(=O)([O-])[O-].[K+].[K+],confirmed_organic,organic_reagent,,Mojallali / DRM Chem,Mojallali Group; TamadKala; DigiShimi; ShimiMan + https://drm-chem.com/en/product/potassium-carbonate-en/ + t.me/ATRmedShop,ai_normalized|live_supplier_catalogue|web_catalogue,listing_evidence_crawled_2026-08-23,https://t.me/ATRmedShop/682,"Potassium carbonate || پتاسیم کربنات گرید ACS

‌‏⁧ ‌‌‏‌محصولات سیگما اصل را از ما بخواهید.

 👇 واردات و فروش مواد شیمیایی سیگما 👇 ‌
‌ 
‌
 ☎️ تلفن: ۰۲۱۶۶۳۶۱۵۴۳-۶۶۳۷۹۰۲۶-۰۲۱
‌
 📱 موبایل: 09120549893

 🌐 لینک محصول :

 https://atrmed.com/product/",pubchem_direct,ai_model_fleet + live_web_catalogue + seed_2026-08-24 + seed_2026-08-25,2026-08-23,8d62f442dd30820aa45e1271cb8398fff0f868eb52ed9d548cfc4065bb1400a1
Potassium ferrocyanide trihydrate,Potassium ferrocyanide trihydrate,Potassium ferrocyanide trihydrate; tetrapotassium;iron(2+);hexacyanide;trihydrate,14459-95-1,161067,,,UTYXJYFJPBYDKY-UHFFFAOYSA-N,C6H6FeK4N6O3,422.39,[C-]#N.[C-]#N.[C-]#N.[C-]#N.[C-]#N.[C-]#N.O.O.O.[K+].[K+].[K+].[K+].[Fe+2],confirmed_organic,organic_reagent,,,Mojallali Group,web_catalogue,listing_evidence_crawled_2026-08-23,https://drm-chem.com/en/product/potassium-ferrocyanide-trihydrate-lab-en/,Potassium ferrocyanide trihydrate,pubchem_direct,seed_2026-08-24 + seed_2026-08-25,2026-08-23,c1bc69e9ced05bc671a473bae3c9f7e199a1833a700abfac597f46c9f5b5f413
potassium oxalate hydrate,,,,2724193,,,QCPTVXCMROGZOL-UHFFFAOYSA-L,C2H2K2O5,184.23,,confirmed_organic,organic_reagent,derived:supplier_platform,Shimi Merck,Shimi Merck + https://shimimerck.ir/potassium-oxalate-hydrate.html,ai_normalized|live_supplier_catalogue,,https://shimimerck.ir/potassium-oxalate-hydrate.html,potassium oxalate hydrate,model_fleet+pubchem,ai_model_fleet + live_web_catalogue,2026-08-27,ee2f83d10c66df48ddf0fcfca05335ae85caad32c6aa57fb080514e43cbd323b
potassium tert butoxide,,,,23665647,,,LPNYRYFBWFDTMA-UHFFFAOYSA-N,C4H9KO,112.21,,confirmed_organic,organic_reagent,derived:supplier_platform,Shimi Merck,Shimi Merck + https://shimimerck.ir/potassium-tert-butoxide.html,ai_normalized|live_supplier_catalogue,,https://shimimerck.ir/potassium-tert-butoxide.html,potassium tert butoxide,model_fleet+pubchem,ai_model_fleet + live_web_catalogue,2026-08-27,c8e26b47cfabfeac24e57d7e64d0e384fbd9bab0d2f6b4f41838fc9e036f9187
Potassium thiocyanate,Potassium thiocyanate,Potassium thiocyanate; potassium thiocyanate,333-20-0,516872,,,ZNNZYHKDIALBAK-UHFFFAOYSA-M,CKNS,97.18,C(#N)[S-].[K+],confirmed_organic,organic_reagent,,,Mojallali Group,web_catalogue,listing_evidence_crawled_2026-08-23,https://drm-chem.com/en/product/potassium-thiocyanate-en/,Potassium thiocyanate,pubchem_direct,seed_2026-08-24 + seed_2026-08-25,2026-08-23,c19a5b3c4f6dee8eb20a5a967d746b17109142584279c78e3b22524f292d9e26
potassium;(2S)-2-aminopentanedioate;hydron;hydrate,MPG,potassium;(2S)-2-aminopentanedioate;hydron;hydrate; MPG,,56844440,,,XIBUKSQTWSKJMQ-QTNFYWBSSA-M,C5H10KNO5,203.23,[H+].C(CC(=O)[O-])C(C(=O)[O-])N.O.[K+],confirmed_organic,organic_reagent,derived:supplier_platform,,IR Chem / Pishgaman,Iranian WooCommerce catalogue,product_page_listed_not_current_stock_verified,https://irchem.ir/buy-monopropylene-glycol/,مونو پروپیلن گلیکول MPG,structured_pubchem,seed_2026-08-25,2026-08-25,ceab0caab39b5f3995bae96ea184999ebede3f04fd69c6818279002de2d29fe6
"potassium;sodium;(2R,3R)-2,3-dihydroxybutanedioate",Potassium sodium tartrate,"potassium;sodium;(2R,3R)-2,3-dihydroxybutanedioate; Potassium sodium tartrate",,9357,,,LJCNRYVRMXRIQR-OLXYHTOASA-L,C4H4KNaO6,210.16,[C@@H]([C@H](C(=O)[O-])O)(C(=O)[O-])O.[Na+].[K+],confirmed_organic,organic_reagent,,,Fardad Shimi,Iranian online lab-chemical shop,product_page_listed_not_current_stock_verified,,پتاسیم سدیم تارتارات ۴ آبه (نمک راشل) ۱ کیلویی دکتر مجللی | ...,router_title_normalization,seed_2026-08-24 + seed_2026-08-25,2026-08-23,7a052f926e21be6a436bfda272b8fe621aadd85ed98aa65c713293e699f8ea03
"potassium;sodium;(2R,3R)-2,3-dihydroxybutanedioate;tetrahydrate","potassium;sodium;(2R,3R)-2,3-dihydroxybutanedioate;tetrahydrate","potassium;sodium;(2R,3R)-2,3-dihydroxybutanedioate;tetrahydrate",6381-59-5,165453,,,VZOPRCCTKLAGPN-ZFJVMAEJSA-L,C4H12KNaO10,282.22,C(C(C(=O)[O-])O)(C(=O)[O-])O.O.O.O.O.[Na+].[K+],confirmed_organic,organic_reagent,derived:supplier_platform,Mojallali / DRM Chem,Mojallali Group + https://drm-chem.com/en/product/potassium-sodium-tartrate-tetrahydrate/,Iranian WooCommerce catalogue|live_supplier_catalogue,product_page_listed_not_current_stock_verified,2026-08-27,Potassium sodium tartrate tetrahydrate,cas_pubchem,live_web_catalogue + seed_2026-08-25,2026-08-25,b1fb64bdc34044e72fd6d12dfc63cc57a3c549c295589c37e7a68c2769339494
"potassium;sodium;2,3-dihydroxybutanedioate;tetrahydrate",Sodium potassium tartrate tetrahydrate,"potassium;sodium;2,3-dihydroxybutanedioate;tetrahydrate; Sodium potassium tartrate tetrahydrate",10124-69-3,2724148,,,VZOPRCCTKLAGPN-UHFFFAOYSA-L,C4H12KNaO10,282.22,C(C(C(=O)[O-])O)(C(=O)[O-])O.O.O.O.O.[Na+].[K+],confirmed_organic,organic_reagent,,,TamadKala,Iranian online wholesale/lab shop,product_page_listed_not_current_stock_verified,,فروش سدیم پتاسیم تارتارات 4 آبه | ...,router_title_normalization,seed_2026-08-24 + seed_2026-08-25,2026-08-23,a40b5f578d4ba07b519d33a92da5c4e882eedc686e3b9a61a1cc889e22a29ff7
potassium;sodium;2-hydroxy-2-oxoacetate;fluoride,sodium fluoride potassium oxalate,potassium;sodium;2-hydroxy-2-oxoacetate;fluoride; sodium fluoride potassium oxalate,,129711792,,,KYVSJWWJQYYDFC-UHFFFAOYSA-L,C2HFKNaO4,170.11,C(=O)(C(=O)[O-])O.[F-].[Na+].[K+],confirmed_organic,organic_reagent,derived:supplier_platform,,TamadKala,Iranian online wholesale/lab shop,product_page_listed_not_current_stock_verified,https://tamadkala.com/product/8742/لوله-خلا-خون-گیری-گلوکز-sodium-fluoride-potassium-oxalate,لوله خلا خون گیری گلوکز sodium fluoride potassium oxalate,structured_pubchem,seed_2026-08-25,2026-08-25,915e34b0dce091128db834b33af873ee0850332887c9d6352dbf8e69ae86a0ec
Prazosin Hydrochloride,prazosin hydrochloride,"Prazosin Hydrochloride; prazosin hydrochloride; [4-(4-amino-6,7-dimethoxyquinazolin-2-yl)piperazin-1-yl]-(furan-2-yl)methanone;hydrochloride; Prazosin HCL",,68546,,,WFXFYZULCQKPIP-UHFFFAOYSA-N,C19H22ClN5O4,419.9,COC1=C(C=C2C(=C1)C(=NC(=N2)N3CCN(CC3)C(=O)C4=CC=CO4)N)OC.Cl,confirmed_organic,pharmaceutical_or_api,,,Temad,web_catalogue,listing_evidence_crawled_2026-08-23,https://www.temad.com/product/noscapine-base-2/,Prazosin HCL,ai_resolved+pubchem,seed_2026-08-24 + seed_2026-08-25,2026-08-23,37910c5dfe2ee03a70fbcb7931dbcc5458d7fbac9ad07434c2b4f25ddda6a650
prop-1-en-2-ylbenzene,Alpha-Methylstyrene,,98-83-9,7407,,,XYLMUPLGERFSHI-UHFFFAOYSA-N,C9H10,118.18,CC(=C)C1=CC=CC=C1,confirmed_organic,organic_reagent,,,telegram:minatajhiz,Iranian supplier Telegram catalogue,listing_evidence_crawled_2026-08-24,https://t.me/minatajhiz/482,"alpha-Methylstyrene, 99% L03609 #Alfa_Aesar این کالا به دلیل اینکه شرایط نگهداری در جای خنک دارد کمپانی آلفا ایسر داخل قوطی های فلزی کالا را قرار داده که رطوبت را جذب نکند به همین دلیل ما مشخصات دقیق رو برای شما عزیزان روی بسته قرار دادیم که بتوانید دقیق بررسی بفرمایید چون اصل کالا داخل این بسته است",ai_normalised_listing+pubchem_confirmed,seed_2026-08-24 + seed_2026-08-25,2018-12-20,79eb83bc10fdc998822d3d0b91e1b700df69140b249de5e85a5c3b2b1c825ac9
prop-1-ene,Propylene,,,8252,,,QQONPFPTGQHPMA-UHFFFAOYSA-N,C3H6,42.08,CC=C,confirmed_organic,organic_reagent,,,telegram:IranChemicals,Iranian supplier Telegram catalogue,listing_evidence_crawled_2026-08-24,https://t.me/Iranchemicals/30721,,ai_normalised_listing+pubchem_confirmed,seed_2026-08-24 + seed_2026-08-25,2025-12-18,93ce391f619bc1938a1c3d97a09f252d5b40d40d032f32ada4fa731dd75a2315
prop-1-yne,,,,6335,,,MWWATHDPGQKSAR-UHFFFAOYSA-N,C3H4,40.06,,confirmed_organic,organic_reagent,derived:supplier_platform,,t.me/IranChemicals,ai_normalized,,https://t.me/IranChemicals/21681,"🟢 صدها مقاله ، کتاب ، خبر ، گزارش
 🟥 در حوزه صنعت و تجارت در 

 🟩 کانال #صنایع_شیمیایی_ایران 
 👇 
 🔴 https://t.me/Iranchemicals 

 🟥 #نانو_فناوری 🟥 #دانش_بنیان 
 🟢 #دانستنی ها 🟢 #پدیده ها 
 🟥 #موج_چهارم 🟥 #تاریخ صنعت
 🟢",model_fleet+pubchem,ai_model_fleet,2026-08-27,ec62c0ab4b8a05566d7f556bbc5b668b6c30fbee071aab58985df7213aded000
prop-2-enamide,Acrylamide,prop-2-enamide; Acrylamide,79-06-1,6579,,,HRPVXLWXLXDGHG-UHFFFAOYSA-N,C3H5NO,71.08,C=CC(=O)N,confirmed_organic,organic_reagent,,research,Telegram: ChemIranSanat; telegram:ATRmedShop + t.me/ATRmedShop + t.me/ChemIranSanat,Iranian supplier Telegram catalogue|ai_normalized|telegram,listed_not_current_stock_verified,https://t.me/ChemIranSanat/2017,"prop-2-enamide || محلول آکریل‌ آمید 40% 
محلول آکریل‌ آمید 40% به عنوان یک ماده سرطان زا در انسان طبقه بندی شده است. این ماده در غذاهای سرخ شده و ...
برای ادامه مطالب، مشاهده و خرید آنلاین این محصول به لینک زیر مراجعه فرمایید:
 https://at || A8887 Sigma-Aldrich
Acrylamide
100g
 🔜 موجود و آماده تحویل",existing skill export,ai_model_fleet + live_telegram_listing + seed_2026-08-24 + seed_2026-08-25,2026-08-23,319bb834845a71ed4843c4d39b75c3c88934a794bcb4c1d442ea671873def6e6
prop-2-enenitrile,Acrylonitrile,prop-2-enenitrile; Acrylonitrile,107-13-1,7855,,,NLHHRLWOUZZQLW-UHFFFAOYSA-N,C3H3N,53.06,C=CC#N,confirmed_organic,organic_reagent,,research,Telegram: ChemIranSanat + t.me/ChemIranSanat,Iranian supplier Telegram catalogue|ai_normalized,listed_not_current_stock_verified,https://t.me/ChemIranSanat/1664,"prop-2-enenitrile || 110213 Aldrich
Acrylonitrile >99%
5ML
قیمت: 333.000 تومان

 🔜 موجود و آماده تحویل
 ✅ شیمیران صنعت فقط اصلی
 📱 سفارش کالا 👇 

 🆔 @ChemIranAdmin 

 🆔 @ChemIran1",existing skill export,ai_model_fleet + seed_2026-08-24 + seed_2026-08-25,2026-08-23,54cdf7e4f80e70f9926296550277d3360e0991ef35d6da79761cd95e4db8328f
prop-2-enoic acid,Acrylic acid,prop-2-enoic acid; Acrylic acid; acrylic acid,79-10-7,6581,,,NIXOWILDQLNWCW-UHFFFAOYSA-N,C3H4O2,72.06,C=CC(=O)O,confirmed_organic,organic_reagent,,research,Iran Petrochemical + TamadKala; Telegram: Maran_Tejarat_Eshen; Telegram: minatajhiz + t.me/IranChemicals + t.me/Maran_Tejarat_Eshen + t.me/minatajhiz,Iranian online wholesale/lab shop | Iranian supplier Telegram catalogue|ai_normalized|telegram,listed_not_current_stock_verified | product_page_listed_not_current_stock_verified,https://t.me/Maran_Tejarat_Eshen/635,"prop-2-enoic acid | آکریلیک اسید برند ستلایت چینی صنعتی | اسید اکریلیک امرتات شیمی گرید extra pure | اکریلیک اسید || متااکریلیک اسید Methacrylic acid کد محصول مرک: 800578 واردات جدید مرک || acrylic acid || #آموزش 

 📣 فرآخوان ششمین دوره آموزشی
 ""رزینهای اکرلیک پایه حلالی""

 😷 بدلیل رعایت پروتکل‌های ",existing skill export | router_title_normalization,ai_model_fleet + live_telegram_listing + seed_2026-08-24 + seed_2026-08-25,2026-08-23,75c0883b35008388a2b67161323cf227a00d5e22cc9fa9616f49561ad79dbde1
propan-1-amine,Propylamine,propan-1-amine; Propylamine,,7852,,,WGYKZJWCGVVSQN-UHFFFAOYSA-N,C3H9N,59.11,CCCN,confirmed_organic,organic_reagent,,,TamadKala,Iranian online wholesale/lab shop,product_page_listed_not_current_stock_verified,,پروپیل آمین | ...,router_title_normalization,seed_2026-08-24 + seed_2026-08-25,2026-08-23,7eda5ef1947523c8686b3d07f41839582c026256ac0467289172ca23056ad01f
propan-1-ol,Propanol,propan-1-ol; Propanol,71-23-8,1031,,,BDERNNFJNOPAEC-UHFFFAOYSA-N,C3H8O,60.10,CCCO,confirmed_organic,organic_reagent,,,Fardad Shimi; TamadKala,Iranian online lab-chemical shop | Iranian online wholesale/lab shop,product_page_listed_not_current_stock_verified,https://fardadshimi.com/product/6378785/,1 پروپانول | ... | پروپانول پارس شیمی,router_title_normalization,seed_2026-08-24 + seed_2026-08-25,2026-08-23,94a4140c06001c31cbf34fd6d8ab8c81d0ee5bb6f12709637458127d0c67cb77
propan-2-amine,Isopropylamine,propan-2-amine; Isopropylamine,,6363,,,JJWLVOIRVHMVIS-UHFFFAOYSA-N,C3H9N,59.11,CC(C)N,confirmed_organic,organic_reagent,,,TamadKala,Iranian online wholesale/lab shop,product_page_listed_not_current_stock_verified,,فروش ایزو پروپیل آمین | ...,router_title_normalization,seed_2026-08-24 + seed_2026-08-25,2026-08-23,2f987ebebd767f9f44f233b6d6a6d71e1424dd4592fb0b1c9198df4731b6f868
propan-2-ol,2-propanol,propan-2-ol; 2-propanol; isopropanol; Isopropyl alcohol; Isopropyl Alcohol,67-63-0,3776,,,KFZMGEQAYNKOFK-UHFFFAOYSA-N,C3H8O,60.10,CC(C)O,confirmed_organic,organic_reagent,,research,DigiShimi; Fardad Shimi; Isatis Shimi; TamadKala; Telegram: ChemIranSanat; Telegram: IranChemicals; Telegram: minatajhiz; Mojallali Group; ShimiMan; IR Chem / Pishgaman; telegram:ATRmedShop + https://drm-chem.com/en/product/2-propanol/ + t.,Iranian online chemical shops | Iranian online lab-chemical shop | Iranian online wholesale/lab shop | Iranian supplier ,listed_not_current_stock_verified | product_page_listed_not_current_stock_verified,https://t.me/ChemIranSanat/1902,"2 پروپانول acs دکتر مجللی | ... | 2 پروپانول extra pure دکتر مجللی | ... | 2 پروپانول gc دکتر مجللی | ... | 2 پروپانول gradient hplc دکتر مجللی | ... | 2 پروپانول isocratic hplc دکتر مجللی | ... | 2 پروپانول usp دکتر مجللی | ... | 2 پروپانول uv spectroscopy دکتر مجللی | ... | Iso || 2-پروپانول

‌‏⁧ ",existing skill export | router_title_normalization,ai_model_fleet + live_telegram_listing + live_web_catalogue + seed_2026-08-24 + seed_2026-08-25,2026-08-23,236b308f7f3f1203d8ec0609038f2c122e49181be0717023c490b529cbefcfdb
propan-2-olate,,,,3260420,,,OGHBATFHNDZKSO-UHFFFAOYSA-N,C3H7O-,59.09,,confirmed_organic,pharmaceutical_or_api,derived:supplier_platform,research,t.me/ATRmedShop,telegram,,https://t.me/s/ATRmedShop,,seed,live_telegram_listing,2026-08-27,46a791c5e4d404c5e001849ce5bc53bf01a9ca3d0ae19cebf7fad4a09efb1c98
propan-2-one,Acetone,propan-2-one; Acetone; acetone,67-64-1,180,,,CSCPPACGZOOCGX-UHFFFAOYSA-N,C3H6O,58.08,CC(=O)C,confirmed_organic,organic_reagent,,research,DigiShimi; Fardad Shimi; Isatis Shimi; TamadKala; Telegram: Boof_company; Telegram: ChemIranSanat; Telegram: minatajhiz; Mojallali Group; ShimiMan; IR Chem / Pishgaman; Exir; Temad + https://drm-chem.com/en/product/acetone/ + t.me/ChemIranS,Iranian online chemical shops | Iranian online lab-chemical shop | Iranian online wholesale/lab shop | Iranian supplier ,listed_not_current_stock_verified | product_page_listed_not_current_stock_verified,https://t.me/s/ChemIranSanat,"Acetone | propan-2-one | استون | استون 99 5 p a پارس شیمی | استون 99 u s p پارس شیمی | استون دارویی | استون دکتر مجللی | استون صنعتی | استون پارس شیمی || Biochem (France) Acetone, 2.5L Analytical Reagent 🔜 موجود و آماده تحویل ✅ شیمیران صنعت فقط اصلی 📱 دریافت قیمت یا سفارش کالا 👇 🆔 @ChemIranAdmin 🆔 @",existing skill export | router_title_normalization,live_telegram_listing + live_web_catalogue + seed_2026-08-24 + seed_2026-08-25,2026-08-23,ecca675c63e6fe8af3eb0dbde71eefcaa1f3ade12c7b0f5638e56f8127214e02
propan-2-yl tetradecanoate,Isopropyl Myristate,propan-2-yl tetradecanoate; Isopropyl Myristate,,8042,,,AXISYYRBXTVTFY-UHFFFAOYSA-N,C17H34O2,270.5,CCCCCCCCCCCCCC(=O)OC(C)C,confirmed_organic,cosmetic_raw_material,,,BehChin Chemi Pharmed,Iranian supplier API/intermediate catalogue,supplier_catalogue_listed_not_current_stock_verified,https://www.behchinchemi.ir/en/our-products/cosmetic-materials,Isopropyl Myristate,supplier_table,seed_2026-08-24 + seed_2026-08-25,2026-08-23,16b599646faa95ed2d670e695b857c4d03d6903414233ac64790809ed06ffb78
"propane-1,1-diol",,,,134919,,,ULWHHBHJGPPBCO-UHFFFAOYSA-N,C3H8O2,76.09,,confirmed_organic,pharmaceutical_or_api,derived:supplier_platform,research,t.me/ATRmedShop,telegram,,https://t.me/s/ATRmedShop,,seed,live_telegram_listing,2026-08-27,994d6737c900b9a8feb295d643864496f285659043e1a13177449e59b363506e
"propane-1,2,3-triol",Glycerin,"propane-1,2,3-triol; Glycerin; glycerol",56-81-5,753,,,PEDCQBHIVMGVHV-UHFFFAOYSA-N,C3H8O3,92.09,C(C(CO)O)O,confirmed_organic,pharmaceutical_or_api,,research,DigiShimi; Fardad Shimi; Isatis Shimi; TamadKala; Telegram: Ch_Chemical_leaders; Telegram: chemgroup; Telegram: minatajhiz; Mojallali Group; ShimiMan; IR Chem / Pishgaman; Exir; telegram:ATRmedShop + Iran Petrochemical + https://drm-chem.co,Iranian online chemical shops | Iranian online lab-chemical shop | Iranian online wholesale/lab shop | Iranian supplier ,listed_not_current_stock_verified | product_page_listed_not_current_stock_verified,https://iranpetrochemical.net/product/glycerin/,"Cosmetic and Industrial Glycerin | Glycerin (Hygienic Grade) | Glycerin (Pharmaceutical and Industrial Grade) | propane-1,2,3-triol | گلیسیرین | گلیسیرین دکتر مجللی | گلیسیرین صنعتی جامد | گلیسیرین صنعتی مایع | ... | گیلیسیرین صنعتی || glycerin",existing skill export | router_title_normalization,ai_model_fleet + live_telegram_listing + live_web_catalogue + seed_2026-08-24 + seed_2026-08-25,2026-08-23,3456bb618bbda8673c01864d52d023b971603f66de3c93d2118b0ca015fce508
"propane-1,2-diol",Propylene glycol,"propane-1,2-diol; Propylene glycol",57-55-6,1030,,,DNIAPMSPPWPWGF-UHFFFAOYSA-N,C3H8O2,76.09,CC(CO)O,confirmed_organic,organic_reagent,,research,Fardad Shimi; TamadKala; Mojallali Group; ShimiMan; telegram:ATRmedShop,Iranian online lab-chemical shop | Iranian online wholesale/lab shop,product_page_listed_not_current_stock_verified,https://fardadshimi.com/product/6199354/,پروپیلن گلایکول extra pure دکتر مجللی | پروپیلن گلایکول laboratory دکتر مجللی | ... | پروپیلن گلایکول usp نوترون | پروپیلن گلایکول دکتر مجللی | پروپیلن گلیکول,router_title_normalization,seed_2026-08-24 + seed_2026-08-25,2026-08-23,77d866761e58adb4b14959df4010bd2d45d4a1769c2f3fcf948002e638170671
"propane-1,3-diamine",,,,428,,,XFNJVJPLKCPIBV-UHFFFAOYSA-N,C3H10N2,74.13,,confirmed_organic,organic_reagent,derived:supplier_platform,,Shimi Merck,ai_normalized,,https://shimimerck.ir/diaminopropane.html,diaminopropane,model_fleet+pubchem,ai_model_fleet,2026-08-27,9355ba4e162396bf3cf586790c668850aba200402519607ad5a230729790f7e8
"propane-1,3-diol",,,,10442,,,YPFDHNVEDLHUCE-UHFFFAOYSA-N,C3H8O2,76.09,,confirmed_organic,pharmaceutical_or_api,derived:supplier_platform,,t.me/ATRmedShop,ai_normalized,,https://t.me/ATRmedShop/723,"خرید پروپاندیول گرید ACS | قیمت پروپاندیول گرید ACS



‌‏⁧ ‌‌‏‌محصولات سیگما اصل را از ما بخواهید.

 👇 واردات و فروش مواد شیمیایی سیگما 👇 ‌‌ 
‌
 ☎️ تلفن: ۰۲۱۶۶۳۶۱۵۴۳-۶۶۳۷۹۰۲۶-۰۲۱
‌
 📱 موبایل: 09120549893

 🌐 لینک محصول :",model_fleet+pubchem,ai_model_fleet,2026-08-27,c3b748409fd4450a5f71942fe3fe8b039a0f5c02c991d0eb007a0e72352f7951
propanedinitrile,Malononitrile,propanedinitrile; Malononitrile; malononitrile,109-77-3,8010,,,CUONGYYJJVDODC-UHFFFAOYSA-N,C3H2N2,66.06,C(C#N)C#N,confirmed_organic,organic_reagent,,research,Telegram: minatajhiz + t.me/minatajhiz,Iranian supplier Telegram catalogue|telegram,listed_not_current_stock_verified,https://t.me/s/minatajhiz,propanedinitrile || نام فارسی: مالونو نیتریل نام ماده: Malononitrile کد محصول مرک: 806189 واردات جدید مرک,existing skill export,live_telegram_listing + seed_2026-08-24 + seed_2026-08-25,2026-08-23,0842b4ec388dac7c495aaea0fcbbfa7d24d1ba9fbcf6fee26eef68f5d5a28ba3
propyl 4-hydroxybenzoate,Propylparaben,propyl 4-hydroxybenzoate; Propylparaben,,7175,,,QELSKZZBTMNZEB-UHFFFAOYSA-N,C10H12O3,180.20,CCCOC(=O)C1=CC=C(C=C1)O,confirmed_organic,cosmetic_raw_material,,research,BehChin Chemi Pharmed; TamadKala,Iranian online wholesale/lab shop | Iranian supplier API/intermediate catalogue,product_page_listed_not_current_stock_verified | supplier_catalogue_listed_not_current_stock_verified,https://tamadkala.com/product/147144/%D9%BE%D8%B1%D9%88%D9%BE%DB%8C%D9%84-%D9%BE%D8%A7%D8%B1%D8%A7%D8%A8%D9%86-%D8%B3%DB%8C%DA%AF%D9%85%D8%A7-usp-%DA%A9%D8%AF-1577008,Propylparaben | پروپیل پارابن usp نوترون | ... | پروپیل پارابن سیگما usp کد 1577008 | پروپیل پارابن صنعتی,router_title_normalization | supplier_table,seed_2026-08-24 + seed_2026-08-25,2026-08-23,b6dd04136a86bf7fdb638eb666c463ac1678912ae51053975e59c1c2ef99e11a
pyrazine,,,,9261,,,KYQCOXFCLRTKLS-UHFFFAOYSA-N,C4H4N2,80.09,,confirmed_organic,organic_reagent,derived:supplier_platform,Shimi Merck,Shimi Merck + https://shimimerck.ir/pyrazine.html,ai_normalized|live_supplier_catalogue,,https://shimimerck.ir/pyrazine.html,pyrazine,model_fleet+pubchem,ai_model_fleet + live_web_catalogue,2026-08-27,582112ab8e24ed4d56408d8d0fb79fe444ba2b4005298c16d7bf0fcb1d4016f6
pyridin-2-amine,2-Aminopyridine,,504-29-0,10439,,,ICSNLGPSRYBMBD-UHFFFAOYSA-N,C5H6N2,94.11,C1=CC=NC(=C1)N,confirmed_organic,organic_reagent,,,telegram:minatajhiz,Iranian supplier Telegram catalogue,listing_evidence_crawled_2026-08-24,https://t.me/minatajhiz/61,فروش مواد شیمیایی از برند های معتبر جهانی ۲-آمینو پیریدین 2-aminopyridine پل ارتباطی ما: Email:minatajhiz_aria@yahoo.com Tell:66900058 Telegram: @minatajhiz_aria,ai_normalised_listing+pubchem_confirmed,seed_2026-08-24 + seed_2026-08-25,2017-05-11,64231120b038f6553aace95e4ad48a49ffaf62a5a5bb6d813388ad589204fe9b
pyridin-3-amine,3-Aminopyridine,,,10009,,,CUYKNJBYIJFRCU-UHFFFAOYSA-N,C5H6N2,94.11,C1=CC(=CN=C1)N,confirmed_organic,organic_reagent,,,telegram:minatajhiz,Iranian supplier Telegram catalogue,listing_evidence_crawled_2026-08-24,https://t.me/minatajhiz/998,,ai_normalised_listing+pubchem_confirmed,seed_2026-08-24 + seed_2026-08-25,2023-03-07,9881e4f88f2cdc3bdd24063ef86fd3d74be82366cc137ced0543288df23015ee
pyridin-4-amine,4-Aminopyridine,,504-24-5,1727,,,NUKYPUAOHBNCPY-UHFFFAOYSA-N,C5H6N2,94.11,C1=CN=CC=C1N,confirmed_organic,organic_reagent,,,telegram:ChemIranSanat,Iranian supplier Telegram catalogue,listing_evidence_crawled_2026-08-24,https://t.me/ChemIranSanat/69,,ai_normalised_listing+pubchem_confirmed,seed_2026-08-24 + seed_2026-08-25,2017-05-25,fa256b41e6da2de7e21837ca8757095f97d55f3b25bb837354e36b9ebc879d79
pyridine,Pyridine,pyridine; Pyridine,110-86-1,1049,,,JUJWROOIHBZHMG-UHFFFAOYSA-N,C5H5N,79.10,C1=CC=NC=C1,confirmed_organic,organic_reagent,,research,Fardad Shimi; TamadKala; Telegram: ChemIranSanat; Telegram: minatajhiz; Mojallali Group; ShimiMan + Shimi Merck + https://shimimerck.ir/pyridine.html + t.me/ChemIranSanat,Iranian online lab-chemical shop | Iranian online wholesale/lab shop | Iranian supplier Telegram catalogue|ai_normalized,listed_not_current_stock_verified | product_page_listed_not_current_stock_verified,https://shimimerck.ir/pyridine.html,pyridine | پیرولیدین | پیریدین | پیریدین MERCK | پیریدین dry نوترون | پیریدین extra pure دکتر مجللی | ... | پیریدین extra pure نوترون | پیریدین دکتر مجللی || 801111 | MERCK 4-Aminopyridine موجود و آماده تحویل 0938-648-9001 Admin 🆔 @ChemIranAdmin 🆔 @ChemIran1 || pyridine,existing skill export | router_title_normalization,ai_model_fleet + live_telegram_listing + live_web_catalogue + seed_2026-08-24 + seed_2026-08-25,2026-08-23,ff073a4fcd44dff1c2a4112599fa93239c2a93fa11ba652f209811806a8780b2
pyridine,,,110-86-1,44721828,,yes,NLMFYNOPYRGQDW-UHFFFAOYSA-M,C18H21ClN2O4,364.8,,confirmed_organic,organic_reagent,derived:supplier_platform,Shimi Merck,https://shimimerck.ir/pyridine-2.html,live_supplier_catalogue,,2026-08-27,,seed,live_web_catalogue,2026-08-27,982af03b096ed15e6e8fe4411e5a796a8a2160aadc4ddd81d000ab7c0fd16ef7
"pyridine-2,3-dicarboxylic acid",,,,1066,,,GJAWHXHKYYXBSV-UHFFFAOYSA-N,C7H5NO4,167.12,,confirmed_organic,organic_reagent,derived:supplier_platform,,Shimi Merck,ai_normalized,,https://shimimerck.ir/pyridine-dicarboxylic-acid.html,pyridine dicarboxylic acid,model_fleet+pubchem,ai_model_fleet,2026-08-27,954b8517c03906dc856cfcb5a65cab295fd5cc932c732d027bb4af27bb84fe05
pyridine-2-carbaldehyde,2-Pyridinecarboxaldehyde,,1121-60-4,14273,,,CSDSSGBPEUDDEE-UHFFFAOYSA-N,C6H5NO,107.11,C1=CC=NC(=C1)C=O,confirmed_organic,organic_reagent,,,telegram:ChemIranSanat,Iranian supplier Telegram catalogue,listing_evidence_crawled_2026-08-24,https://t.me/ChemIranSanat/1870,"13182 Acros 2-Pyridinecarboxaldehyde, 98% 25GR 🔜 موجود و آماده تحویل ✅ شیمیران صنعت فقط اصلی ♾ موجودی و تنوع بی نظیر از برندهای معتبر 📱 سفارش کالا 👇 🆔 @ChemIranAdmin 🆔 @ChemIran1",ai_normalised_listing+pubchem_confirmed,seed_2026-08-24 + seed_2026-08-25,2019-11-30,4e213f6001b051a7fe1ac5fd8babaf7870513a6384734f435489bb7f9b1d9de2
pyridine-3-carboxamide,pyridine-3-carboxamide,pyridine-3-carboxamide,98-92-0,936,,,DFPAKSUCGFBDDF-UHFFFAOYSA-N,C6H6N2O,122.12,C1=CC(=CN=C1)C(=O)N,confirmed_organic,organic_reagent,derived:supplier_platform,Shimi Merck,IR Chem / Pishgaman + Shimi Merck + https://shimimerck.ir/nicotinamide.html,Iranian WooCommerce catalogue|ai_normalized|live_supplier_catalogue,product_page_listed_not_current_stock_verified,https://shimimerck.ir/nicotinamide.html,نیکوتین آمید | نیاسینامید || nicotinamide,cas_pubchem,ai_model_fleet + live_web_catalogue + seed_2026-08-25,2026-08-25,3916be103ceb5669a12985cb288ef5973ed8e09f3cdf5ee126fa2cf1f53b02e0
pyridine-4-carbaldehyde,4-Pyridinecarboxaldehyde,,872-85-5,13389,,,BGUWFUQJCDRPTL-UHFFFAOYSA-N,C6H5NO,107.11,C1=CN=CC=C1C=O,confirmed_organic,organic_reagent,,,telegram:ChemIranSanat,Iranian supplier Telegram catalogue,listing_evidence_crawled_2026-08-24,https://t.me/ChemIranSanat/1866,"13184 Acros 4-Pyridinecarboxaldehyde, 98% 25GR 🔜 موجود و آماده تحویل ✅ شیمیران صنعت فقط اصلی ♾ موجودی و تنوع بی نظیر از برندهای معتبر 📱 سفارش کالا 👇 🆔 @ChemIranAdmin 🆔 @ChemIran1",ai_normalised_listing+pubchem_confirmed,seed_2026-08-24 + seed_2026-08-25,2019-11-26,ad90fb51cdf0356f255f024057aa3e2ac8448ac4761b2ec07acab193e53a84bc
pyridine-4-carbonitrile,4-Cyanopyridine,,100-48-1,7506,,,GPHQHTOMRSGBNZ-UHFFFAOYSA-N,C6H4N2,104.11,C1=CN=CC=C1C#N,confirmed_organic,organic_reagent,,,telegram:ChemIranSanat,Iranian supplier Telegram catalogue,listing_evidence_crawled_2026-08-24,https://t.me/ChemIranSanat/1455,C95005-100g Aldrich 4-Pyridinecarbonitrile موجود و آماده تحویل ✅ شیمیران صنعت فقط اصلی ❓ قیمت و سفارش 👇 Admin 🆔 @ChemIranAdmin ✔️ سفارش واردات از تمام برندها پذیرفته میشود. 🆔 @ChemIran1,ai_normalised_listing+pubchem_confirmed,seed_2026-08-24 + seed_2026-08-25,2018-05-17,8a594be04f6f662d65ef6d447427a29ab6b261a74b1650c8264117deff1f6fd8
pyridine-4-carboxamide,Isonicotinamide,pyridine-4-carboxamide; Isonicotinamide,1453-82-3,15074,,,VFQXVTODMYMSMJ-UHFFFAOYSA-N,C6H6N2O,122.12,C1=CN=CC=C1C(=O)N,confirmed_organic,organic_reagent,,research,Telegram: ChemIranSanat + t.me/ChemIranSanat,Iranian supplier Telegram catalogue|telegram,listed_not_current_stock_verified,https://t.me/s/ChemIranSanat,pyridine-4-carboxamide,existing skill export,live_telegram_listing + seed_2026-08-24 + seed_2026-08-25,2026-08-23,6a9f4c6f005fb89ec5527cb1f5b7f6257377330ec373ad3c6c042f3c1049cc8c
Pyromellitic dianhydride,Pyromellitic dianhydride,,89-32-7,6966,,,ANSXAPJVJOKRDJ-UHFFFAOYSA-N,C10H2O6,218.12,C1=C2C(=CC3=C1C(=O)OC3=O)C(=O)OC2=O,confirmed_organic,organic_reagent,,,minatajhiz,telegram,listing_evidence_crawled_2026-08-23,https://t.me/minatajhiz/679,"Pyromellitic dianhydride 807516 #merck || پیروملیتیک انیدرید 1,2,4,5 Benzenetetracarboxylic 100gr کد محصول : 807516 برند مرک واردات جدید",ai_resolved+pubchem,seed_2026-08-24 + seed_2026-08-25,2026-08-23,f7b190716abb5c66289da5310b35fe404e37641a73e54a44050b347cab2f2a9f
"pyrrolidine-2,5-dione",Succinimide,"pyrrolidine-2,5-dione; Succinimide",,11439,,,KZNICNPSHKQLFF-UHFFFAOYSA-N,C4H5NO2,99.09,C1CC(=O)NC1=O,confirmed_organic,organic_reagent,,research,Telegram: minatajhiz + t.me/minatajhiz,Iranian supplier Telegram catalogue|telegram,listed_not_current_stock_verified,https://t.me/s/minatajhiz,"pyrrolidine-2,5-dione",existing skill export,live_telegram_listing + seed_2026-08-24 + seed_2026-08-25,2026-08-23,024aa0decf25dae256803192553824b7a97636fa74d17b71db45638d8a98feab
Quetiapine Fumarate,Quetiapine Hemifumarate,"Quetiapine Fumarate; Quetiapine Hemifumarate; bis(2-[2-(4-benzo[b][1,4]benzothiazepin-6-ylpiperazin-1-yl)ethoxy]ethanol);(E)-but-2-enedioic acid",,5281025,,,ZTHJULTYCAQOIJ-WXXKFALUSA-N,C46H54N6O8S2,883.1,C1CN(CCN1CCOCCO)C2=NC3=CC=CC=C3SC4=CC=CC=C42.C1CN(CCN1CCOCCO)C2=NC3=CC=CC=C3SC4=CC=CC=C42.C(=C/C(=O)O)\C(=O)O,confirmed_organic,pharmaceutical_or_api,,,Temad,web_catalogue,listing_evidence_crawled_2026-08-23,https://www.temad.com/product/dexamethasone-sodium-phosphate-2/,Quetiapine Hemifumarate,pubchem_direct,seed_2026-08-24 + seed_2026-08-25,2026-08-23,a88055e3ade31fd7cf502383bdc054befe12b25f0e15240ac9d51833628ae8ab
quinolin-8-ol,quinolin-8-ol,,148-24-3,1923,,,MCJGNVYPOGVAJF-UHFFFAOYSA-N,C9H7NO,145.16,C1=CC2=C(C(=C1)O)N=CC=C2,confirmed_organic,pharmaceutical_or_api,derived:supplier_platform,,t.me/ATRmedShop + telegram:ATRmedShop,ai_normalized|public Telegram (seller_research),product_page_listed_not_current_stock_verified,https://t.me/ATRmedShop/825,8-Hydroxyquinoline | 8-هیدروکسی کینولین 8-هیدروکسی کینولین (که به‌عنوان اکسین نیز شناخته می‌شود) یک عامل شلاتور است که برای تعیین کمی یون های فلزی استفاده می‌شود.در محلول آبی 8-هیدروکسی کینولین مقدار pKa حدود برابر 9.9 است و با یون های فلزی... برای مشاهده ادامه مطلب، مشاهده قیمت آنلاین و خرید اینترن,router_batch+pubchem,ai_model_fleet + seed_2026-08-25,2026-08-25,43ae1f9448496cdf39a09250b606ae6f4b92bffc085d4b0b52faca8d1be8d22e
quinoline,,,,7047,,,SMWDFEZZVXVKRB-UHFFFAOYSA-N,C9H7N,129.16,,confirmed_organic,organic_reagent,derived:supplier_platform,,Shimi Merck,ai_normalized,,https://shimimerck.ir/buy-quinoline.html,buy quinoline,model_fleet+pubchem,ai_model_fleet,2026-08-27,87b94d5ea2a441771e65c0e14f4ac9c87bc3fd0cf17ec0ec74dff59cce939c5f
Rosuvastatin Calcium,rosuvastatin calcium,"Rosuvastatin Calcium; rosuvastatin calcium; calcium bis((E,3R,5S)-7-[4-(4-fluorophenyl)-2-[methyl(methylsulfonyl)amino]-6-propan-2-ylpyrimidin-5-yl]-3,5-dihydroxyhept-6-enoate)",,5282455,,,LALFOYNTGMUKGG-BGRFNVSISA-L,C44H54CaF2N6O12S2,1001.1,CC(C1=NC(=NC(=C1/C=C/[C@@H](O)C[C@@H](O)CC(=O)[O-])C2=CC=C(C=C2)F)N(S(=O)(=O)C)C)C.CC(C1=NC(=NC(=C1/C=C/[C@@H](O)C[C@@H](O)CC(=O)[O-])C2=CC=C(C=C2)F)N(S(=O)(=O)C)C)C.[Ca+2],confirmed_organic,pharmaceutical_or_api,,,Temad,web_catalogue,listing_evidence_crawled_2026-08-23,https://www.temad.com/product/morphine-sulfate/,Rosuvastatin Calcium,ai_resolved+pubchem,seed_2026-08-24 + seed_2026-08-25,2026-08-23,b69d14ec3ec5ce969c2890e2d15b306b854ef71557a4fdded1079d480adcb9b7
Semaglutide,Semaglutide,,910463-68-2,56843331,,,DLSWIYLPEUIQAV-CCUURXOWSA-N,C187H291N45O59,4114,CC[C@H](C)[C@@H](C(=O)N[C@@H](C)C(=O)N[C@@H](CC1=CNC2=CC=CC=C21)C(=O)N[C@@H](CC(C)C)C(=O)N[C@@H](C(C)C)C(=O)N[C@@H](CCCNC(=N)N)C(=O)NCC(=O)N[C@@H](CCCNC(=N)N)C(=O)NCC(=O)O)NC(=O)[C@H](CC3=CC=CC=C3)NC(=O)[C@H](CCC(=O)O)NC(=O)[C@H](CCCCNC(=O)COCCOCCNC(=O)COCCOCCNC(=O)CC[C@H](C(=O)O)NC(=O)CCCCCCCCCCCCCCCCC(=O)O)NC(=O)[C@H](C)NC(=O)[C@H](C)NC(=O)[C@H](CCC(=O)N)NC(=O)CNC(=O)[C@H](CCC(=O)O)NC(=O)[C@H](CC(C)C)NC(=O)[C@H](CC4=CC=C(C=C4)O)NC(=O)[C@H](CO)NC(=O)[C@H](CO)NC(=O)[C@H](C(C)C)NC(=O)[C@H](CC(=O)O)NC(=O)[C@H](CO)NC(=O)[C@H]([C@@H](C)O)NC(=O)[C@H](CC5=CC=CC=C5)NC(=O)[C@H]([C@@H](C)O)NC(=O)CNC(=O)[C@H](CCC(=O)O)NC(=O)C(C)(C)NC(=O)[C@H](CC6=CN=CN6)N,confirmed_organic,pharmaceutical_or_api,,,IranChemicals,telegram,listing_evidence_crawled_2026-08-23,https://t.me/IranChemicals/31774,🆘 🍀 🆘 🔴 #بهداشت 🟩 آمپول اوزمپیک ؛ داروی دیابت یا لاغری ؟ 🔴 آمپول‌های لاغری چقدر موثرند و عوارض جانبی‌شان چیست؟ https://youtu.be/kIEr-eK86fU?si=SbT5RuOixAAjOLFy,ai_resolved+pubchem,seed_2026-08-24 + seed_2026-08-25,2026-08-23,dae06660675dd905bf5d7dfaacb984144d14fa3e66165ced143782d9fb25af9e
Sitagliptin Phosphate Monohydrate,Sitagliptin Phosphate Monohydrate,"Sitagliptin Phosphate Monohydrate; (3R)-3-amino-1-[3-(trifluoromethyl)-6,8-dihydro-5H-[1,2,4]triazolo[4,3-a]pyrazin-7-yl]-4-(2,4,5-trifluorophenyl)butan-1-one;phosphoric acid;hydrate",,11591741,,,GQPYTJVDPQTBQC-KLQYNRQASA-N,C16H20F6N5O6P,523.32,C1CN2C(=NN=C2C(F)(F)F)CN1C(=O)C[C@@H](CC3=CC(=C(C=C3F)F)F)N.O.OP(=O)(O)O,confirmed_organic,pharmaceutical_or_api,,,Temad,web_catalogue,listing_evidence_crawled_2026-08-23,https://www.temad.com/product/pholcodine-monohydrate-2/,Sitagliptin Phosphate Monohydrate,pubchem_direct,seed_2026-08-24 + seed_2026-08-25,2026-08-23,fee079d11b494ed456e94107dacff4bc878e8c8b29d6d6bebfae53f166f56d59
"sodium (2R,3S,4R,5R)-2,3,4,5,6-pentahydroxyhexanoate",Sodium gluconate,"sodium (2R,3S,4R,5R)-2,3,4,5,6-pentahydroxyhexanoate; Sodium gluconate",,23672301,,,UPMFZISCCZSDND-JJKGCWMISA-M,C6H11NaO7,218.14,C([C@H]([C@H]([C@@H]([C@H](C(=O)[O-])O)O)O)O)O.[Na+],confirmed_organic,organic_reagent,,,TamadKala,Iranian online wholesale/lab shop,product_page_listed_not_current_stock_verified,,سدیم گلوکونات کد 822058 | ...,router_title_normalization,seed_2026-08-24 + seed_2026-08-25,2026-08-23,30436db0cc7e9a0428fa773ea1de0744cfedb3e38cddc687d008f259fcd67a9e
"sodium (2S,5R,6R)-3,3-dimethyl-7-oxo-6-[(2-phenylacetyl)amino]-4-thia-1-azabicyclo[3.2.0]heptane-2-carboxylate","sodium (2S,5R,6R)-3,3-dimethyl-7-oxo-6-[(2-phenylacetyl)amino]-4-thia-1-azabicyclo[3.2.0]heptane-2-carboxylate",,69-57-8,23668834,,,FCPVYOBCFFNJFS-LQDWTQKMSA-M,C16H17N2NaO4S,356.4,CC1(C(N2C(S1)C(C2=O)NC(=O)CC3=CC=CC=C3)C(=O)[O-])C.[Na+],confirmed_organic,pharmaceutical_or_api,derived:supplier_platform,,telegram:ATRmedShop,public Telegram (seller_research),product_page_listed_not_current_stock_verified,https://t.me/ATRmedShop/583,Penicillin G sodium salt | آنتی‌بیوتیک پنیسیلین G ‌‏⁧ ‌‌‏‌محصولات سیگما اصل را از ما بخواهید. 👇 واردات و فروش مواد شیمیایی سیگما 👇 ‌ ‌ ‌ ☎️ تلفن: ۰۲۱۶۶۳۶۱۵۴۳-۶۶۳۷۹۰۲۶-۰۲۱ ‌ 📱 موبایل: 09120549893 🌐 لینک محصول : https://atrmed.com/product/penicillin-g-sodium-salt/?v=e067b3c6b979 #آثل_طب #مواد_ازمایشگا,router_batch+pubchem,seed_2026-08-25,2026-08-25,82ba896a60d576f36a52cc8bc04a4f6d4c71c07e75adabefb846b4837ac6b87e
"sodium (2S,5R,6R)-6-[(2-ethoxynaphthalene-1-carbonyl)amino]-3,3-dimethyl-7-oxo-4-thia-1-azabicyclo[3.2.0]heptane-2-carboxylate",,,,23667630,,,AYAPZOUDXCDGIF-FRFVDRIFSA-M,C21H21N2NaO5S,436.5,,confirmed_organic,organic_reagent,derived:supplier_platform,,Shimi Merck,ai_normalized,,https://shimimerck.ir/buy-nafcillin-sodium-salt-monohydrate.html,buy nafcillin sodium salt monohydrate,model_fleet+pubchem,ai_model_fleet,2026-08-27,547b1584ce6d70d9f8c0f123ed353cb02d349bf80e5bb65975f4f08ae9ac77a3
"sodium (2S,5R,6R)-6-[[(2R)-2-amino-2-phenylacetyl]amino]-3,3-dimethyl-7-oxo-4-thia-1-azabicyclo[3.2.0]heptane-2-carboxylate",Ampicillin,"sodium (2S,5R,6R)-6-[[(2R)-2-amino-2-phenylacetyl]amino]-3,3-dimethyl-7-oxo-4-thia-1-azabicyclo[3.2.0]heptane-2-carboxylate; Ampicillin",69-52-3,23663979,,,KLOHDWPABZXLGI-YWUHCJSESA-M,C16H18N3NaO4S,371.4,CC1([C@@H](N2[C@H](S1)[C@@H](C2=O)NC(=O)[C@@H](C3=CC=CC=C3)N)C(=O)[O-])C.[Na+],confirmed_organic,pharmaceutical_or_api,,research,TamadKala,Iranian online wholesale/lab shop,product_page_listed_not_current_stock_verified,,آمپیسیلین سیگما usp کد 1033000 | ...,router_title_normalization,seed_2026-08-24 + seed_2026-08-25,2026-08-23,9484a98989352b4f1a7711b667148910afa796414daf4e8197926aeef2d65e87
"sodium (6R,7S)-7-[[2-(cyanomethylsulfanyl)acetyl]amino]-7-methoxy-3-[(1-methyltetrazol-5-yl)sulfanylmethyl]-8-oxo-5-thia-1-azabicyclo[4.2.0]oct-2-ene-2-carboxylate",,,,23666711,,,BITQGIOJQWZUPL-PBCQUBLHSA-M,C15H16N7NaO5S3,493.5,,confirmed_organic,organic_reagent,derived:supplier_platform,,Shimi Merck,ai_normalized,,https://shimimerck.ir/cefemethazole-sodium-salt.html,cefemethazole sodium salt,model_fleet+pubchem,ai_model_fleet,2026-08-27,337aad341777dfce9d347bfe309712734a8e74d454e0fe96f5118148ef4f8e0a
"sodium 1,1-dioxo-1,2-benzothiazol-2-id-3-one",Sodium saccharin,"sodium 1,1-dioxo-1,2-benzothiazol-2-id-3-one; Sodium saccharin",,656582,,,WINXNKPZLFISPD-UHFFFAOYSA-M,C7H4NNaO3S,205.17,C1=CC=C2C(=C1)C(=O)[N-]S2(=O)=O.[Na+],confirmed_organic,pharmaceutical_or_api,,research,DigiShimi; Fardad Shimi; TamadKala,Iranian online chemical shops | Iranian online lab-chemical shop | Iranian online wholesale/lab shop,product_page_listed_not_current_stock_verified,https://digishimii.ir/Product/%d8%b3%d8%af%db%8c%d9%85-%d8%b3%d8%a7%d8%ae%d8%a7%d8%b1%db%8c%d9%86/,سدیم ساخارین | سدیم ساخارین extra pure نوترون | سدیم ساخارین خوراکی | ... | سدیم ساخارین ۲ آبه مرک MERCK,router_title_normalization,seed_2026-08-24 + seed_2026-08-25,2026-08-23,fdb1c8a6b0201b2488375dae0bdbffef0328f80efc4f8978deda503651953021
"sodium 2,4-dinitrobenzenesulfonate","Sodium 2,4-dinitrobenzenesulfonate",,,70168,,,GSBYVRKLPCSLNV-UHFFFAOYSA-M,C6H3N2NaO7S,270.15,C1=CC(=C(C=C1[N+](=O)[O-])[N+](=O)[O-])S(=O)(=O)[O-].[Na+],confirmed_organic,colorant_or_indicator,,,telegram:minatajhiz,Iranian supplier Telegram catalogue,listing_evidence_crawled_2026-08-24,https://t.me/minatajhiz/476,"Sodium 2,4-dinitrobenzenesulfonate 259934 #sigma",ai_normalised_listing+pubchem_confirmed,seed_2026-08-24 + seed_2026-08-25,2018-12-08,15471cefe45a88b1236eab0b6b8397cb296c819408bbff73a9e39078c14ddc7d
sodium 2-(1H-indol-3-yl)acetate,,,,23677501,,,YGSPWCVTJRFZEL-UHFFFAOYSA-M,C10H8NNaO2,197.17,,confirmed_organic,pharmaceutical_or_api,derived:supplier_platform,research,t.me/ATRmedShop,ai_normalized|telegram,,https://t.me/ATRmedShop/756,"نمک سدیم ایندول-3-استیک اسید


‌‏⁧ ‌‌‏‌محصولات سیگما اصل را از ما بخواهید.

 👇 واردات و فروش مواد شیمیایی سیگما 👇 ‌‌ 
‌
 ☎️ تلفن: ۰۲۱۶۶۳۶۱۵۴۳-۶۶۳۷۹۰۲۶-۰۲۱
‌
 📱 موبایل: 09120549893

 🌐 لینک محصول :

 https://atrmed.com/pr",model_fleet+pubchem,ai_model_fleet + live_telegram_listing,2026-08-27,1a531e962aee6e01b8cef0810b459fdcfff52ff50e66f2a1549a4d352d5f9fb0
sodium 2-[(4-aminobenzoyl)amino]acetate,,,,443971,,,UNZMYCAEMNVPHX-UHFFFAOYSA-M,C9H9N2NaO3,216.17,,confirmed_organic,organic_reagent,derived:supplier_platform,,Shimi Merck,ai_normalized,,https://shimimerck.ir/buy-p-aminohippuric-acid-sodium-salt.html,buy p aminohippuric acid sodium salt,model_fleet+pubchem,ai_model_fleet,2026-08-27,dd6589a091a1cfd027700e7e50c8159568a282b3ff072593d639fe6196922089
"sodium 2-[2-(2,6-dichloroanilino)phenyl]acetate","sodium 2-[2-(2,6-dichloroanilino)phenyl]acetate","sodium 2-[2-(2,6-dichloroanilino)phenyl]acetate",15307-79-6,5018304,,,KPHWPUGNDIVLNH-UHFFFAOYSA-M,C14H10Cl2NNaO2,318.1,C1=CC=C(C(=C1)CC(=O)[O-])NC2=C(C=CC=C2Cl)Cl.[Na+],confirmed_organic,organic_reagent,derived:supplier_platform,,IR Chem / Pishgaman,Iranian WooCommerce catalogue,product_page_listed_not_current_stock_verified,https://irchem.ir/diclofenac-sodium/,پودر دیکلوفناک سدیم,cas_pubchem,seed_2026-08-25,2026-08-25,cff220fdf6b0295a491f840e5a228dfa6779f8ceeaf18fe2329a874f3f4e5924
sodium 2-chloroacetate,Sodium chloroacetate,,,23665759,,,FDRCDNZGSXJAFP-UHFFFAOYSA-M,C2H2ClNaO2,116.48,C(C(=O)[O-])Cl.[Na+],confirmed_organic,organic_reagent,,research,telegram:minatajhiz,Iranian supplier catalogue,listing_evidence_crawled_2026-08-24,,,ai_normalised_listing+pubchem_confirmed,seed_2026-08-24 + seed_2026-08-25,2026-08-24,c2fa60f8f57998f53178945545d68f9fb179d3c8740dde83ad656a622f03a8f9
sodium 2-dodecoxyethyl sulfate,sles,sodium 2-dodecoxyethyl sulfate; sles,,23665884,,,ASEFUFIKYOCPIJ-UHFFFAOYSA-M,C14H29NaO5S,332.43,CCCCCCCCCCCCOCCOS(=O)(=O)[O-].[Na+],confirmed_organic,organic_reagent,derived:supplier_platform,ArChem,ArChem + TamadKala + https://archemco.com/our-product/raw-chemical-materials/sles/,Iranian online wholesale/lab shop|ai_normalized|live_supplier_catalogue,product_page_listed_not_current_stock_verified,https://archemco.com/2024/08/02/buy-sles-online/,سدیم لوریل اتر سولفات 70 sles || buy sles online,structured_pubchem,ai_model_fleet + live_web_catalogue + seed_2026-08-25,2026-08-25,ea091b8757d9431ac31c9ec3b18ab7911e3eb977c35467a17afda6696ae47cdf
sodium 2-dodecylbenzenesulfonate,Sodium dodecylbenzenesulfonate,sodium 2-dodecylbenzenesulfonate; Sodium dodecylbenzenesulfonate,25155-30-0,23662403,,,HFQQZARZPUDIFP-UHFFFAOYSA-M,C18H29NaO3S,348.5,CCCCCCCCCCCCC1=CC=CC=C1S(=O)(=O)[O-].[Na+],confirmed_organic,organic_reagent,,,TamadKala,Iranian online wholesale/lab shop,product_page_listed_not_current_stock_verified,https://tamadkala.com/product/30052/%D8%B3%D8%AF%DB%8C%D9%85-%D8%AF%D9%88%D8%AF%D8%B3%DB%8C%D9%84-%D8%A8%D9%86%D8%B2%D9%86-%D8%B3%D9%88%D9%84%D9%81%D9%88%D9%86%D8%A7%D8%AA,سدیم دودسیل بنزن سولفونات,router_title_normalization,seed_2026-08-24 + seed_2026-08-25,2026-08-23,8c506d89cac255c32a999142c216c202f13091ee662d5694d8c446b9c043738f
sodium 2-hydroxybenzoate,Sodium Salicylate,sodium 2-hydroxybenzoate; Sodium Salicylate,54-21-7,16760658,,,ABBQHOQBGMUPJH-UHFFFAOYSA-M,C7H5NaO3,160.10,C1=CC=C(C(=C1)C(=O)[O-])O.[Na+],confirmed_organic,organic_reagent,,research,Fardad Shimi + t.me/ATRmedShop,Iranian online lab-chemical shop|ai_normalized|telegram,product_page_listed_not_current_stock_verified,https://t.me/ATRmedShop/744,"سدیم سالیسیلات MERCK || خرید سدیم سالیسیلات گرید ® ReagentPlus | قیمت سدیم سالیسیلات گرید ® ReagentPlus


‌‏⁧ ‌‌‏‌محصولات سیگما اصل را از ما بخواهید.

 👇 واردات و فروش مواد شیمیایی سیگما 👇 ‌‌ 
‌
 ☎️ تلفن: ۰۲۱۶۶۳۶۱۵۴۳-۶۶۳۷۹۰۲۶-۰۲۱
‌
 📱 موبایل: 0",router_title_normalization,ai_model_fleet + live_telegram_listing + seed_2026-08-24 + seed_2026-08-25,2026-08-23,d59015a2d14f1c199d2531219347f8bc15f8de7cc2238d5f6f5e712070103761
sodium 2-hydroxypropanoate,Sodium lactate,sodium 2-hydroxypropanoate; Sodium lactate,72-17-3,23666456,,,NGSFWBMYFKHRBD-UHFFFAOYSA-M,C3H5NaO3,112.06,CC(C(=O)[O-])O.[Na+],confirmed_organic,organic_reagent,,,TamadKala,Iranian online wholesale/lab shop,product_page_listed_not_current_stock_verified,https://tamadkala.com/product/55642/%D9%84%D8%A7%DA%A9%D8%AA%D8%A7%D8%AA-%D8%B3%D8%AF%DB%8C%D9%85-%D8%B5%D9%86%D8%B9%D8%AA%DB%8C,لاکتات سدیم صنعتی,router_title_normalization,seed_2026-08-24 + seed_2026-08-25,2026-08-23,79aac4728f7b7e2ca92d7be5dd71fc495f2fac9b9e6f86ec5bd3480a43bbac17
sodium 2-propylpentanoate,sodium valproate,sodium 2-propylpentanoate; sodium valproate,,16760703,,,AEQFSUDEHCCHBT-UHFFFAOYSA-M,C8H15NaO2,166.19,CCCC(CCC)C(=O)[O-].[Na+],confirmed_organic,pharmaceutical_or_api,,,Rooz Darou,Iranian pharmaceutical product catalogue,product_page_listed_not_current_stock_verified,http://rouzdarou.com/products/%D9%82%D8%B1%D8%B5-%D9%88%D8%A7%D9%84%D9%BE%D8%B1%D9%88%D8%A7%D8%AA-%D8%B3%D8%AF%DB%8C%D9%85-200,قرص والپروات سدیم 200,PubChem name validation from supplier product title,seed_2026-08-24 + seed_2026-08-25,2026-08-23,aaa0eb8be8bc8dca21f18e8a7082f1e8575c3f8febc38b9b25b709b25bad9bef
"sodium 3,4-dihydroxy-9,10-dioxoanthracene-2-sulfonate","sodium 3,4-dihydroxy-9,10-dioxoanthracene-2-sulfonate","sodium 3,4-dihydroxy-9,10-dioxoanthracene-2-sulfonate",130-22-3,3955344,,,HFVAFDPGUJEFBQ-UHFFFAOYSA-M,C14H7NaO7S,342.26,C1=CC=C2C(=C1)C(=O)C3=CC(=C(C(=C3C2=O)O)O)S(=O)(=O)[O-].[Na+],confirmed_organic,organic_reagent,derived:supplier_platform,,Mojallali Group,Iranian WooCommerce catalogue,product_page_listed_not_current_stock_verified,https://drm-chem.com/en/product/alizarin-red-s-mono-sodiumsalt-en/,Alizarin red S mono sodiumsalt,cas_pubchem,seed_2026-08-25,2026-08-25,250b882b0723e5b2a0727c415e878439feb4fc7692e1617fd57a8c0d503d8d17
"sodium 3-[[4-[[4-(4-ethoxyanilino)phenyl]-[4-[ethyl-[(3-sulfonatophenyl)methyl]azaniumylidene]-2-methylcyclohexa-2,5-dien-1-ylidene]methyl]-N-ethyl-3-methylanilino]methyl]benzenesulfonate",Coomassie Brilliant Blue,"sodium 3-[[4-[[4-(4-ethoxyanilino)phenyl]-[4-[ethyl-[(3-sulfonatophenyl)methyl]azaniumylidene]-2-methylcyclohexa-2,5-dien-1-ylidene]methyl]-N-ethyl-3-methylanilino]methyl]benzenesulfonate; Coomassie Brilliant Blue; coomassie brilliant blue",6104-59-2,61363,6324599,yes,RWVGQQGBQSJDQV-UHFFFAOYSA-M,C47H48N3NaO7S2,854.0,CCN(CC1=CC(=CC=C1)S(=O)(=O)[O-])C2=CC(=C(C=C2)C(=C3C=CC(=[N+](CC)CC4=CC(=CC=C4)S(=O)(=O)[O-])C=C3C)C5=CC=C(C=C5)NC6=CC=C(C=C6)OCC)C.[Na+],confirmed_organic,colorant_or_indicator,,,TamadKala; telegram:ATRmedShop + t.me/ATRmedShop,Iranian online wholesale/lab shop|ai_normalized,product_page_listed_not_current_stock_verified,https://tamadkala.com/product/6408/coomassie-brilliant-blue,coomassie brilliant blue,router_title_normalization,ai_model_fleet + seed_2026-08-24 + seed_2026-08-25,2026-08-23,0bb34608015cd14b966e4c4d3f4c987e99f467f74d280d686ea760a19015be8b
"sodium 3-[[4-[[4-(4-ethoxyanilino)phenyl]-[4-[ethyl-[(3-sulfonatophenyl)methyl]azaniumylidene]cyclohexa-2,5-dien-1-ylidene]methyl]-N-ethylanilino]methyl]benzenesulfonate","sodium 3-[[4-[[4-(4-ethoxyanilino)phenyl]-[4-[ethyl-[(3-sulfonatophenyl)methyl]azaniumylidene]cyclohexa-2,5-dien-1-ylidene]methyl]-N-ethylanilino]methyl]benzenesulfonate","sodium 3-[[4-[[4-(4-ethoxyanilino)phenyl]-[4-[ethyl-[(3-sulfonatophenyl)methyl]azaniumylidene]cyclohexa-2,5-dien-1-ylidene]methyl]-N-ethylanilino]methyl]benzenesulfonate",6104-59-2,61365,,,NKLPQNGYXWVELD-UHFFFAOYSA-M,C45H44N3NaO7S2,826.0,CCN(CC1=CC(=CC=C1)S(=O)(=O)[O-])C2=CC=C(C=C2)C(=C3C=CC(=[N+](CC)CC4=CC(=CC=C4)S(=O)(=O)[O-])C=C3)C5=CC=C(C=C5)NC6=CC=C(C=C6)OCC.[Na+],confirmed_organic,pharmaceutical_or_api,derived:supplier_platform,,telegram:ATRmedShop,public Telegram (seller_research),product_page_listed_not_current_stock_verified,https://t.me/ATRmedShop/538,Coomassie Brilliant Blue G-250 | کوماسی برلیانت بلو G-250(شرکت سیگما) ‌‏⁧ ‌‌‏‌محصولات سیگما اصل را از ما بخواهید. 👇 واردات و فروش مواد شیمیایی سیگما و مرک 👇 ‌ ‌ ‌ ☎️ تلفن: ۰۲۱۶۶۳۶۱۵۴۳-۶۶۳۷۹۰۲۶-۰۲۱ ‌ 📱 موبایل: 09120549893 🌐 لینک محصول : https://atrmed.com/product/brilliant-blue-g/ #آثل_طب #مواد_ازمای,router_batch+pubchem,seed_2026-08-25,2026-08-25,80facc492706a04313cd574b397ddf85b4dbd48646f781beabe568c4a38488a6
sodium 3-hydroxy-4-[(1-hydroxynaphthalen-2-yl)diazenyl]-7-nitronaphthalene-1-sulfonate,Eriochrome Black T,sodium 3-hydroxy-4-[(1-hydroxynaphthalen-2-yl)diazenyl]-7-nitronaphthalene-1-sulfonate; Eriochrome Black T,1787-61-7,135465089,,,AMMWFYKTZVIRFN-UHFFFAOYSA-M,C20H12N3NaO7S,461.4,C1=CC=C2C(=C1)C=CC(=C2O)N=NC3=C4C=CC(=CC4=C(C=C3O)S(=O)(=O)[O-])[N+](=O)[O-].[Na+],confirmed_organic,organic_reagent,,research,Fardad Shimi; TamadKala; Mojallali Group; ShimiMan,Iranian online lab-chemical shop | Iranian online wholesale/lab shop,product_page_listed_not_current_stock_verified,https://tamadkala.com/product/23452/%D8%A7%D8%B1%DB%8C%D9%88-%DA%A9%D8%B1%D9%88%D9%85-%D8%A8%D9%84%DA%A9-%D8%AA%DB%8C-acs-%D8%AF%DA%A9%D8%AA%D8%B1-%D9%85%D8%AC%D9%84%D9%84%DB%8C,آریو کروم بلک تی مرک MERCK | اریو کروم بلک تی acs دکتر مجللی,router_title_normalization,seed_2026-08-24 + seed_2026-08-25,2026-08-23,d0a931fe3efdf436c26744986daf2d2cc7d8122a674fd8a18d2725e254d2aba3
"sodium 4-[(2,4-dihydroxyphenyl)diazenyl]benzenesulfonate","sodium 4-[(2,4-dihydroxyphenyl)diazenyl]benzenesulfonate",,547-57-9,2728027,,,COEZWFYORILMOM-UHFFFAOYSA-M,C12H9N2NaO5S,316.27,C1=CC(=CC=C1N=NC2=C(C=C(C=C2)O)O)S(=O)(=O)[O-].[Na+],confirmed_organic,pharmaceutical_or_api,derived:supplier_platform,,telegram:ATRmedShop,public Telegram (seller_research),product_page_listed_not_current_stock_verified,https://t.me/ATRmedShop/740,Orange II sodium salt | خرید اورنج II سدیم سالت | قیمت اورنج II سدیم سالت ‌‏⁧ ‌‌‏‌محصولات سیگما اصل را از ما بخواهید. 👇 واردات و فروش مواد شیمیایی سیگما 👇 ‌‌ ‌ ☎️ تلفن: ۰۲۱۶۶۳۶۱۵۴۳-۶۶۳۷۹۰۲۶-۰۲۱ ‌ 📱 موبایل: 09120549893 🌐 لینک محصول : https://atrmed.com/product/orange-ii-sodium-salt/?v=e067b3c6b979 #آ,router_batch+pubchem,seed_2026-08-25,2026-08-25,86750f930046087d9fe219ecb089dd7eeba1f31a4b5c32c6e5080d9c8fed5b6b
"sodium 4-[(Z)-[4-(ethylamino)-3-methylphenyl]-(4-ethylimino-3-methylcyclohexa-2,5-dien-1-ylidene)methyl]-6-hydroxybenzene-1,3-disulfonic acid",,,,56841133,,,ACZRDWVARWLTRG-QJJJQDATSA-N,C25H28N2NaO7S2+,555.6,,confirmed_organic,pharmaceutical_or_api,derived:supplier_platform,,t.me/ATRmedShop,ai_normalized,,https://t.me/ATRmedShop/262,"زایلن سیانول FF 
زایلن سیانول FF اغلب به عنوان یک رنگ ردیابی در الکتروفورز آگارز یا پلی آکریل آمید استفاده می شود. این ماده با بار منفی کم در ...
برای ادامه مطالب، مشاهده و خرید آنلاین این محصول به لینک زیر مراجعه فرمایی",model_fleet+pubchem,ai_model_fleet,2026-08-27,f3c2518fa74720530230d6fdaad882fa1fdae358008e2a2c1839933ac8776b44
"sodium 4-[2-(2-methoxy-4-nitrophenyl)-3-(4-nitrophenyl)tetrazol-2-ium-5-yl]benzene-1,3-disulfonate",,,,9894947,,,VSIVTUIKYVGDCX-UHFFFAOYSA-M,C20H13N6NaO11S2,600.5,,confirmed_organic,pharmaceutical_or_api,derived:supplier_platform,,t.me/ATRmedShop,ai_normalized,,https://t.me/ATRmedShop/367,"کیت شمارش سلول CCK-8 
کیت شمارش سلول CCK-8 بر پایه (WST-8 [2- (2-متیوکسی-4-نیتروفنیل -3- (4-نیتروفنیل) -5- (2، 4-دی سولفوفنیل) -2H- تترازولیوم، نمک مونو سدیم] بوده که به‌ ...
برای ادامه مطالب، مشاهده و خرید آنلاین این مح",model_fleet+pubchem,ai_model_fleet,2026-08-27,398854c5b72651467ad9f517c4b3d2ded2068d2a9eb8b99b82d68e72db7e91b6
"sodium 4-[3-(4-hydroxy-3-methylphenyl)-1,1-dioxo-2,1lambda6-benzoxathiol-3-yl]-2-methylphenolate",,,,23692294,,,FMKJVYROEYMYFV-UHFFFAOYSA-M,C21H17NaO5S,404.4,,confirmed_organic,pharmaceutical_or_api,derived:supplier_platform,,t.me/ATRmedShop,ai_normalized,,https://t.me/ATRmedShop/833,"کروزول رد سدیم سالت
ک روزول رد سدیم سالت به‌عنوان یک رنگ ردیابی در الکتروفورز DNA، RNA (آگارز) و پروتئین (پلی آکریل آمید) استفاده می‌شود. در آگارز، کروزول رد تقریباً با اندازه مولکولی 125 جفت باز حرکت می‌کند. کرزول رد آن",model_fleet+pubchem,ai_model_fleet,2026-08-27,e9faadcd4cc8edacd075ac10183dab4b5659898d5306f6d4c0f7a0394d60fb2f
"sodium 4-[[4-(diethylamino)phenyl]-(4-diethylazaniumylidenecyclohexa-2,5-dien-1-ylidene)methyl]benzene-1,3-disulfonate","sodium 4-[[4-(diethylamino)phenyl]-(4-diethylazaniumylidenecyclohexa-2,5-dien-1-ylidene)methyl]benzene-1,3-disulfonate","sodium 4-[[4-(diethylamino)phenyl]-(4-diethylazaniumylidenecyclohexa-2,5-dien-1-ylidene)methyl]benzene-1,3-disulfonate",129-17-9,8507,,,SJEYSFABYSGQBG-UHFFFAOYSA-M,C27H31N2NaO6S2,566.7,CCN(CC)C1=CC=C(C=C1)C(=C2C=CC(=[N+](CC)CC)C=C2)C3=C(C=C(C=C3)S(=O)(=O)[O-])S(=O)(=O)[O-].[Na+],confirmed_organic,organic_reagent,derived:supplier_platform,,Mojallali Group,Iranian WooCommerce catalogue,product_page_listed_not_current_stock_verified,https://drm-chem.com/en/product/disulfine-blue-vn-150-indicator-en/,Disulfine blue,cas_pubchem,seed_2026-08-25,2026-08-25,22e37eaeb97e66a33eda510cdb2e97cae6f43d1287ffd9f012aa65afdde6a318
sodium 4-[[4-(dimethylamino)phenyl]diazenyl]benzenesulfonate,Methyl orange,sodium 4-[[4-(dimethylamino)phenyl]diazenyl]benzenesulfonate; Methyl orange,547-58-0,23673835,,,STZCRXQWRGQSJD-UHFFFAOYSA-M,C14H14N3NaO3S,327.34,CN(C)C1=CC=C(C=C1)N=NC2=CC=C(C=C2)S(=O)(=O)[O-].[Na+],confirmed_organic,colorant_or_indicator,,research,Fardad Shimi; TamadKala; Mojallali Group; ShimiMan + t.me/ATRmedShop,Iranian online lab-chemical shop | Iranian online wholesale/lab shop|ai_normalized,product_page_listed_not_current_stock_verified,https://t.me/ATRmedShop/671,"متیل اورنج هندی | متیل اورنژ acs دکتر مجللی || متیل اورنج

‌‏⁧ ‌‌‏‌محصولات سیگما اصل را از ما بخواهید.

 👇 واردات و فروش مواد شیمیایی سیگما 👇 ‌
‌ 
‌
 ☎️ تلفن: ۰۲۱۶۶۳۶۱۵۴۳-۶۶۳۷۹۰۲۶-۰۲۱
‌
 📱 موبایل: 09120549893

 🌐 لینک محصول :

 https://atrmed.com/product/methyl-orang",router_title_normalization,ai_model_fleet + seed_2026-08-24 + seed_2026-08-25,2026-08-23,3a14d7e74c3ac3b4d3f4d92cfbd77d4e92393828fcbb305830724076fa6b4b5e
sodium 4-anilinobenzenesulfonate,sodium 4-anilinobenzenesulfonate,,6152-67-6,517002,,,DGXTZMPQSMIFEC-UHFFFAOYSA-M,C12H10NNaO3S,271.27,C1=CC=C(C=C1)NC2=CC=C(C=C2)S(=O)(=O)[O-].[Na+],confirmed_organic,pharmaceutical_or_api,derived:supplier_platform,research,t.me/ATRmedShop + telegram:ATRmedShop,public Telegram (seller_research)|telegram,product_page_listed_not_current_stock_verified,https://t.me/s/ATRmedShop,Sodium diphenylamine-4-sulfonate | خرید سدیم دیفنیل آمین-4-سولفونات | قیمت سدیم دیفنیل آمین-4-سولفونات ‌‏⁧ ‌‌‏‌محصولات سیگما اصل را از ما بخواهید. 👇 واردات و فروش مواد شیمیایی سیگما 👇 ‌‌ ‌ ☎️ تلفن: ۰۲۱۶۶۳۶۱۵۴۳-۶۶۳۷۹۰۲۶-۰۲۱ ‌ 📱 موبایل: 09120549893 🌐 لینک محصول : https://atrmed.com/product/sodium-diph,router_batch+pubchem,live_telegram_listing + seed_2026-08-25,2026-08-25,433978381ed044aa4c5aecbb264ad1cbdfb045b62351945e886b039877357042
sodium 4-methoxycarbonylphenolate,Sodium Methylparaben,sodium 4-methoxycarbonylphenolate; Sodium Methylparaben,,23663626,,,PESXGULMKCKJCC-UHFFFAOYSA-M,C8H7NaO3,174.13,COC(=O)C1=CC=C(C=C1)[O-].[Na+],confirmed_organic,cosmetic_raw_material,,,BehChin Chemi Pharmed,Iranian supplier API/intermediate catalogue,supplier_catalogue_listed_not_current_stock_verified,https://www.behchinchemi.ir/en/our-products/cosmetic-materials,Sodium Methylparaben,supplier_table,seed_2026-08-24 + seed_2026-08-25,2026-08-23,2c17dfb0b19a84f35fe258554b7e0c157e5af1e5929ecb9f1bb826bb5320266f
sodium 4-methyl-2-oxochromen-7-olate,,,,3364573,,,JGMQHDNPUCPRQE-UHFFFAOYSA-M,C10H7NaO3,198.15,,confirmed_organic,organic_reagent,derived:supplier_platform,,Shimi Merck,ai_normalized,,https://shimimerck.ir/4-methylumbelliferone-sodium-salt.html,4 methylumbelliferone sodium salt,model_fleet+pubchem,ai_model_fleet,2026-08-27,673640fa1d584074b5ed58ec3fcb0dc4f8a0221f20480667679ae1cea24d6672
"sodium 6-[6-[6-[5-acetamido-4,6-dihydroxy-2-(sulfooxymethyl)oxan-3-yl]oxy-2-carboxy-4-hydroxy-5-sulfooxyoxan-3-yl]oxy-2-(hydroxymethyl)-5-(sulfoamino)-4-sulfooxyoxan-3-yl]oxy-3,4-dihydroxy-5-sulfooxyoxane-2-carboxylic acid",Heparin Sodium,"sodium 6-[6-[6-[5-acetamido-4,6-dihydroxy-2-(sulfooxymethyl)oxan-3-yl]oxy-2-carboxy-4-hydroxy-5-sulfooxyoxan-3-yl]oxy-2-(hydroxymethyl)-5-(sulfoamino)-4-sulfooxyoxan-3-yl]oxy-3,4-dihydroxy-5-sulfooxyoxane-2-carboxylic acid; Heparin Sodium",,92044406,,,JRTRSJGZMRQDHI-UHFFFAOYSA-N,C26H42N2NaO37S5+,1157.9,CC(=O)NC1C(C(C(OC1O)COS(=O)(=O)O)OC2C(C(C(C(O2)C(=O)O)OC3C(C(C(C(O3)CO)OC4C(C(C(C(O4)C(=O)O)O)O)OS(=O)(=O)O)OS(=O)(=O)O)NS(=O)(=O)O)O)OS(=O)(=O)O)O.[Na+],confirmed_organic,pharmaceutical_or_api,,research,BehChin Chemi Pharmed,Iranian supplier API/intermediate catalogue,supplier_catalogue_listed_not_current_stock_verified,https://www.behchinchemi.ir/en/our-products/active-pharmaceutical-ingredient,Heparin Sodium,supplier_table,seed_2026-08-24 + seed_2026-08-25,2026-08-23,4f8cc9da95d06471ec2b8fa4bd6e6ea3470776cf49acbd89f5c542002e392d33
Sodium Acetate,Sodium acetate anhydrous,Sodium Acetate; Sodium acetate anhydrous; sodium acetate,127-09-3,517045,31372,,VMHLLURERBWHNL-UHFFFAOYSA-M,C2H3NaO2,82.03,CC(=O)[O-].[Na+],confirmed_organic,organic_reagent,,research,Mojallali Group; TamadKala; DigiShimi; ShimiMan; IR Chem / Pishgaman; telegram:ATRmedShop + https://drm-chem.com/en/product/sodium-acetate-anhydrous-bp-en/ + t.me/ATRmedShop,ai_normalized|live_supplier_catalogue|telegram|web_catalogue,listing_evidence_crawled_2026-08-23,https://t.me/ATRmedShop/655,"Sodium acetate anhydrous || سدیم استات خشک گرید بیولوژی مولکولی

‌‏⁧ ‌‌‏‌محصولات سیگما اصل را از ما بخواهید.

 👇 واردات و فروش مواد شیمیایی سیگما 👇 ‌
‌ 
‌
 ☎️ تلفن: ۰۲۱۶۶۳۶۱۵۴۳-۶۶۳۷۹۰۲۶-۰۲۱
‌
 📱 موبایل: 09120549893

 🌐 لینک محصول :

 https://atrmed",pubchem_direct,ai_model_fleet + live_telegram_listing + live_web_catalogue + seed_2026-08-24 + seed_2026-08-25,2026-08-23,99f28cf2df73fea29f9ed9f566a43dafdfd537745e17d55faeaf5a49ad350e31
sodium benzoate,Sodium benzoate,sodium benzoate; Sodium benzoate; Sodium Benzoate,540-16-9,517055,,yes,WXMKPNITSTVMEF-UHFFFAOYSA-M,C7H5NaO2,144.10,C1=CC=C(C=C1)C(=O)[O-].[Na+],confirmed_organic,organic_reagent,,research,ShimiMan; TamadKala; Isatis Shimi; Mojallali Group; telegram:ATRmedShop + https://drm-chem.com/en/product/sodium-benzoate/ + t.me/ATRmedShop,Iranian online chemical shop | Iranian online wholesale/lab shop|ai_normalized|live_supplier_catalogue|telegram,product_page_listed_not_current_stock_verified,https://t.me/ATRmedShop/730,https://shimiman.com/product/sodium-benzoate-grade-extra-pure/ | https://shimiman.com/product/sodium-benzoate-grade-laboratory/ | بنزوات سدیم صنعتی | سدیم بنزوات extra pure دکتر مجللی | ... | سدیم بنزوات extra pure کد 05785 برند لوباکمی هند | سدیم بنزوات laboratory دکتر مجللی | . || خرید سدیم بنزوات,router_title_normalization | sitemap_title,ai_model_fleet + live_telegram_listing + live_web_catalogue + seed_2026-08-24 + seed_2026-08-25,2026-08-23,18968b45c8816b6d819869e3e9fc957e8ed3dc344501af2f31f4f434e904fb7e
sodium bicarbonate,sodium bicarbonate,sodium bicarbonate; sodium hydrogen carbonate; Baking soda,144-55-8,516892,,,UIIMBOGNXHQVGW-UHFFFAOYSA-M,CHNaO3,84.007,C(=O)(O)[O-].[Na+],confirmed_organic,organic_reagent,,research,Chemical Iran + https://www.chemicaliran.com/products/sodium-bicarbonate-food-grade/ + t.me/ChemIranSanat + t.me/chemgroup + telegram:ChemIranSanat; telegram:chemgroup; Chemical Iran; TamadKala; DigiShimi; Isatis Shimi; Mojallali Group; Shi,ai_normalized|live_supplier_catalogue|telegram|telegram:ChemIranSanat; chemgroup; Chemical Iran,telegram_listing_evidence,https://t.me/chemgroup/2838,"فروش بی کربنات سدیم || S5761-500g Sigma Sodium bicarbonate 500G قیمت: 555.000 تومان 🔜 موجود و آماده تحویل ✅ شیمیران صنعت فقط اصلی 📱 سفارش کالا 👇 🆔 @ChemIranAdmin 🆔 @ChemIran1 || sodium bicarbonate feed grade || 🎥 پاک کردن سیاهی نقره
نقره سیاه شده را درون محلول آبی بی کربنات سدیم(جوش شیرین)، بر روی ی",alias+pubchem,ai_model_fleet + live_telegram_listing + live_web_catalogue + seed_2026-08-24 + seed_2026-08-25,2026-08-23,bb163b323522a9b3525f62360fe8eb57f3db4164fe27fe0311e5df159a067f88
sodium butanoate,sodium butanoate,,156-54-7,5222465,,,MFBOGIVSZKQAPD-UHFFFAOYSA-M,C4H7NaO2,110.09,CCCC(=O)[O-].[Na+],confirmed_organic,pharmaceutical_or_api,derived:supplier_platform,,telegram:ATRmedShop,public Telegram (seller_research),product_page_listed_not_current_stock_verified,https://t.me/ATRmedShop/731,Sodium butyrate | خرید سدیم بوتیرات | قیمت سدیم بوتیرات | فروش سدیم بوتیرات ‌‏⁧ ‌‌‏‌محصولات سیگما اصل را از ما بخواهید. 👇 واردات و فروش مواد شیمیایی سیگما 👇 ‌‌ ‌ ☎️ تلفن: ۰۲۱۶۶۳۶۱۵۴۳-۶۶۳۷۹۰۲۶-۰۲۱ ‌ 📱 موبایل: 09120549893 🌐 لینک محصول : https://atrmed.com/product/sodium-butyrate/?v=e067b3c6b979 #آثل_ط,router_batch+pubchem,seed_2026-08-25,2026-08-25,9d88cfa477f3ce433472721799dba792b31a7472fe67b727cd17d55b40c48f00
Sodium Carbonate,sodium carbonate,Sodium Carbonate; sodium carbonate; disodium;carbonate,497-19-8,10340,,,CDBYLPFSWZWCQE-UHFFFAOYSA-L,CNa2O3,105.988,C(=O)([O-])[O-].[Na+].[Na+],confirmed_organic,organic_reagent,,,Chemical Iran + Mojallali Group; DigiShimi; Isatis Shimi; TamadKala,ai_normalized|web_catalogue,listing_evidence_crawled_2026-08-23,https://www.chemicaliran.com/products/soda-ash-light/,Sodium carbonate || soda ash light,cas_anchor+pubchem,ai_model_fleet + seed_2026-08-24 + seed_2026-08-25,2026-08-23,ef41c52b2abda42ffbaa214f2805c1d9e926a973dcdc6a86dd2227f793cd6fd7
Sodium carboxymethyl cellulose,Sodium carboxymethyl cellulose,Sodium carboxymethyl cellulose,9004-32-4,6328154,,,DPXJVFZANSGRMM-UHFFFAOYSA-N,C8H16NaO8,263.20,CC(=O)O.C(C(C(C(C(C=O)O)O)O)O)O.[Na],confirmed_organic,cosmetic_raw_material,,,telegram:minatajhiz; TamadKala,Iranian supplier Telegram catalogue,listing_evidence_crawled_2026-08-24,https://t.me/minatajhiz/240,Carboxymethyl cellulose (CMC) | فروش کربوکسی متیل سلولز cmc,ai_normalised_listing+pubchem_confirmed,seed_2026-08-24 + seed_2026-08-25,2017-12-27,d58d7519dfae1100919af56c07940e398294e8f6bf741e1eb5cc135c8c584830
sodium decane-1-sulfonate,,,,2724181,,,AIMUHNZKNFEZSN-UHFFFAOYSA-M,C10H21NaO3S,244.33,,confirmed_organic,organic_reagent,derived:supplier_platform,,Shimi Merck,ai_normalized,,https://shimimerck.ir/sodium-1-decanesulfonate.html,sodium 1 decanesulfonate,model_fleet+pubchem,ai_model_fleet,2026-08-27,e8123e9a8e4e6a5d6bbe74231d948da5eb2ba9dee1e7842a818744383acd6f7b
Sodium Fluorescein,Fluorescein sodium,Sodium Fluorescein; Fluorescein sodium; disodium;2-(3-oxido-6-oxoxanthen-9-yl)benzoate,518-47-8,10608,,,NJDNXYGOVLYJHP-UHFFFAOYSA-L,C20H10Na2O5,376.3,C1=CC=C(C(=C1)C2=C3C=CC(=O)C=C3OC4=C2C=CC(=C4)[O-])C(=O)[O-].[Na+].[Na+],confirmed_organic,colorant_or_indicator,,,Mojallali Group,web_catalogue,listing_evidence_crawled_2026-08-23,https://drm-chem.com/en/product/fluorescein-sodium-indicator-en/,Fluorescein sodium,pubchem_direct,seed_2026-08-24 + seed_2026-08-25,2026-08-23,1abb31ae9a34a82dfed9bea2e125bd82dac1300e5607a1c37df2f57ccadc6de3
sodium formate,Sodium Formate,sodium formate; Sodium Formate,,2723810,,,HLBBKKJFGFRGMU-UHFFFAOYSA-M,CHNaO2,68.007,C(=O)[O-].[Na+],confirmed_organic,organic_reagent,,,TamadKala,Iranian online wholesale/lab shop,product_page_listed_not_current_stock_verified,https://tamadkala.com/product/9531/%D8%B3%D8%AF%DB%8C%D9%85-%D9%81%D8%B1%D9%85%D8%A7%D8%AA,سدیم فرمات,router_title_normalization,seed_2026-08-24 + seed_2026-08-25,2026-08-23,889811986cebd69f7941133a2e04b60c0e5b1809f2e9a20dfdd145a4e3a753cd
sodium hippurate hydrate,,,,16219494,,,IOZRWVOSUXHESF-UHFFFAOYSA-M,C9H10NNaO4,219.17,,confirmed_organic,organic_reagent,derived:supplier_platform,Shimi Merck,Shimi Merck + https://shimimerck.ir/sodium-hippurate-hydrate.html,ai_normalized|live_supplier_catalogue,,https://shimimerck.ir/sodium-hippurate-hydrate.html,sodium hippurate hydrate,model_fleet+pubchem,ai_model_fleet + live_web_catalogue,2026-08-27,a04961b183287ccd0e017cd45295a278c4e02a552d543f1ffbb2e2d6ec936ce4
sodium hydroxymethanesulfinate,Sodium Formaldehyde Sulfoxylate,,,23689980,,,XWGJFPHUCFXLBL-UHFFFAOYSA-M,CH3NaO3S,118.09,C(O)S(=O)[O-].[Na+],confirmed_organic,organic_reagent,,,telegram:Boof_company,Iranian supplier Telegram catalogue,listing_evidence_crawled_2026-08-24,https://t.me/Boof_company/66,,ai_normalised_listing+pubchem_confirmed,seed_2026-08-24 + seed_2026-08-25,2026-06-16,1ac14f2df728a410631d4f55fac77bb1401b6041421ec148104ee5e770a84d90
Sodium Lauryl Sulfate,Sodium Lauryl Sulfate,Sodium Lauryl Sulfate; sodium dodecyl sulfate; Sodium dodecyl sulfate,151-21-3,3423265,,,DBMJMQXJHONAFJ-UHFFFAOYSA-M,C12H25NaO4S,288.38,CCCCCCCCCCCCOS(=O)(=O)[O-].[Na+],confirmed_organic,organic_reagent,,research,http://chemical2.ir/images/stories/virtuemart/product/dsdsdsd3.jpg + t.me/ATRmedShop + telegram:IranChemicals; TamadKala; Mojallali Group; ShimiMan; telegram:ATRmedShop; telegram:chemgroup,ai_normalized|live_supplier_catalogue|telegram|telegram:IranChemicals,telegram_listing_evidence,https://t.me/ATRmedShop/537,"سدیم دودسیل سولفات sls usp نوترون || سدیم دودسیل سولفات (SDS) گرید بیولوژی مولکولی

‌‏⁧ ‌‌‏‌محصولات سیگما اصل را از ما بخواهید.

 👇 واردات و فروش مواد شیمیایی سیگما و مرک 👇 ‌
‌ 
‌
 ☎️ تلفن: ۰۲۱۶۶۳۶۱۵۴۳-۶۶۳۷۹۰۲۶-۰۲۱
‌
 📱 موبایل: 09120549893

 🌐 لینک محصول :",alias+pubchem,ai_model_fleet + live_telegram_listing + live_web_catalogue + seed_2026-08-24 + seed_2026-08-25,2026-08-23,7e452dee9946e62304c34286381cc381cee8099077b60afb652f9ee201340382
sodium methanolate,Sodium Methoxide,sodium methanolate; Sodium Methoxide; Sodium methylate,,10942334,,,WQDUMFSSJAZKTM-UHFFFAOYSA-N,CH3NaO,54.024,C[O-].[Na+],confirmed_organic,organic_reagent,,research,Telegram: minatajhiz + t.me/minatajhiz,Iranian supplier Telegram catalogue|telegram,listed_not_current_stock_verified,https://t.me/s/minatajhiz,sodium methanolate,existing skill export,live_telegram_listing + seed_2026-08-24 + seed_2026-08-25,2026-08-23,911b4af112e4d65de133b79250d56e80e7459a2c0dca739f225f122ae3def2a2
sodium octadecanoate,Sodium stearate,sodium octadecanoate; Sodium stearate; sodium stearate,822-16-2,2724691,,,RYYKJJJTJZKILX-UHFFFAOYSA-M,C18H35NaO2,306.5,CCCCCCCCCCCCCCCCCC(=O)[O-].[Na+],confirmed_organic,organic_reagent,,industrial,DigiShimi; Fardad Shimi; TamadKala; Telegram: fanchem + t.me/fanchem,Iranian online chemical shops | Iranian online lab-chemical shop | Iranian online wholesale/lab shop | Iranian supplier ,listed_not_current_stock_verified | product_page_listed_not_current_stock_verified,https://t.me/fanchem/207,"sodium octadecanoate | استئارات سدیم | استئارات سدیم صنعتی | ... | سدیم استئارات ۹۹% MERCK || ⚜️ استئارات سدیم 🏭 فن آوران شیمی ☎️ تلفن : 02166565700 🔶 فروش: داخلی های 1 الی 4 🌐 اطلاعات بیشتر: http://fanchem.ir/products/sodium-stearate-ksn1016 🔛 Join 👉 @Fanchem || ⚜️ استئارات سدیم 

 🏭 فن آوران شیمی ",existing skill export | router_title_normalization,ai_model_fleet + live_telegram_listing + seed_2026-08-24 + seed_2026-08-25,2026-08-23,6d75bf56b5b6199115cf76c21f87e45f98b6d5bbe2486f65ea2b915fae1a7878
Sodium Oxalate,Disodium oxalate,Sodium Oxalate; Disodium oxalate; disodium;oxalate,62-76-0,6125,,,ZNCPFRVNHGOPAG-UHFFFAOYSA-L,C2Na2O4,134.00,C(=O)(C(=O)[O-])[O-].[Na+].[Na+],confirmed_organic,organic_reagent,,,Mojallali Group,web_catalogue,listing_evidence_crawled_2026-08-23,https://drm-chem.com/en/product/di-sodium-oxalate-laboratory-en/,Di-Sodium oxalate,ai_resolved+pubchem,seed_2026-08-24 + seed_2026-08-25,2026-08-23,0d64038a50572f9f61faf94bd5567395a3ac0dd90ab9eb85c9618410525fc7f5
Sodium Picosulfate,Sodium picosulfate,,,68654,,,GOZDTZWAMGHLDY-UHFFFAOYSA-L,C18H13NNa2O8S2,481.4,C1=CC=NC(=C1)C(C2=CC=C(C=C2)OS(=O)(=O)[O-])C3=CC=C(C=C3)OS(=O)(=O)[O-].[Na+].[Na+],confirmed_organic,organic_reagent,,,Exir Pharmaceutical Co.,web_catalogue,listing_evidence_crawled_2026-08-23,https://exir.co.ir/product/colistim-1000000/,کلیستیمتات سدیم 1000000,ai_resolved+pubchem,seed_2026-08-24 + seed_2026-08-25,2026-08-23,c62b72648575804cd7914c5f7a40e20baaa257243576dff04579cc87e7c85e6d
Sodium saccharin dihydrate,Saccharin sodium dihydrate,"Sodium saccharin dihydrate; Saccharin sodium dihydrate; sodium;1,1-dioxo-1,2-benzothiazol-2-id-3-one;dihydrate",6155-57-3,517320,,,AYGJDUHQRFKLBG-UHFFFAOYSA-M,C7H8NNaO5S,241.20,C1=CC=C2C(=C1)C(=O)[N-]S2(=O)=O.O.O.[Na+],confirmed_organic,organic_reagent,,,Mojallali Group,web_catalogue,listing_evidence_crawled_2026-08-23,https://drm-chem.com/en/product/saccharin-sodium-dihydrate/,Saccharin sodium dihydrate,pubchem_direct,seed_2026-08-24 + seed_2026-08-25,2026-08-23,d2e9427b480dab21e066229c8a029a52edc67ed752f5e5cb509353236780e2cc
Sodium tartrate dihydrate,Disodium tartrate dihydrate,"Sodium tartrate dihydrate; Disodium tartrate dihydrate; disodium;(2R,3R)-2,3-dihydroxybutanedioate;dihydrate",6106-24-7,12598458,,,FGJLAJMGHXGFDE-DGFHWNFOSA-L,C4H8Na2O8,230.08,[C@@H]([C@H](C(=O)[O-])O)(C(=O)[O-])O.O.O.[Na+].[Na+],confirmed_organic,organic_reagent,,,Mojallali Group,web_catalogue,listing_evidence_crawled_2026-08-23,https://drm-chem.com/en/product/di-sodium-tartarate-dihydrate-en/,di-sodium tartarate dihydrate,ai_resolved+pubchem,seed_2026-08-24 + seed_2026-08-25,2026-08-23,76499ce7a6a1d15822668fab283091252caeb52950a6c5a6b69ca8465f60bd74
Sodium Thioglycolate,Sodium thioglycolate,Sodium Thioglycolate; Sodium thioglycolate; sodium 2-sulfanylacetate,367-51-1,23690444,,,GNBVPFITFYNRCN-UHFFFAOYSA-M,C2H3NaO2S,114.10,C(C(=O)[O-])S.[Na+],confirmed_organic,organic_reagent,,,Mojallali Group,web_catalogue,listing_evidence_crawled_2026-08-23,https://drm-chem.com/en/product/sodium-thioglycolate-lab-en/,Sodium thioglycolate,pubchem_direct,seed_2026-08-24 + seed_2026-08-25,2026-08-23,1ea0bd4c70f9c705c82898e8d489a07261d1c682bacf8e6645360546312994c7
sodium-hydrogen-carbonate,,,,50987224,,,WJEIYVAPNMUNIU-UHFFFAOYSA-M,CHNaO3-,84.007,,confirmed_organic,pharmaceutical_or_api,derived:supplier_platform,research,t.me/ATRmedShop,telegram,,https://t.me/s/ATRmedShop,,seed,live_telegram_listing,2026-08-27,cca2e224b66c9a736c2be180817e330f79de74da40e95d4065835f16345d446e
"sodium;(2S,5R,6R)-6-[(2-ethoxynaphthalene-1-carbonyl)amino]-3,3-dimethyl-7-oxo-4-thia-1-azabicyclo[3.2.0]heptane-2-carboxylate;hydrate",,,,23704143,,,OCXSDHJRMYFTMA-KMFBOIRUSA-M,C21H23N2NaO6S,454.5,,confirmed_organic,organic_reagent,derived:supplier_platform,,Shimi Merck,ai_normalized,,https://shimimerck.ir/buy-nafcillin-sodium-salt-monohydrate.html,buy nafcillin sodium salt monohydrate,model_fleet+pubchem,ai_model_fleet,2026-08-27,19cea79c10eb6505145dc5bd669fc37eabad6c14c34fe10bd6d2f691fc56f144
sodium;(4S)-4-amino-5-hydroxy-5-oxopentanoate;hydrate,Monosodium glutamate,sodium;(4S)-4-amino-5-hydroxy-5-oxopentanoate;hydrate; Monosodium glutamate,,23689119,,,GJBHGUUFMNITCI-QTNFYWBSSA-M,C5H10NNaO5,187.13,C(CC(=O)[O-])[C@@H](C(=O)O)N.O.[Na+],confirmed_organic,organic_reagent,,,TamadKala,Iranian online wholesale/lab shop,product_page_listed_not_current_stock_verified,https://tamadkala.com/product/74875/%D9%85%D9%88%D9%86%D9%88%D8%B3%D8%AF%DB%8C%D9%85-%DA%AF%D9%84%D9%88%D8%AA%D8%A7%D9%85%D8%A7%D8%AA-%D8%AE%D9%88%D8%B1%D8%A7%DA%A9%DB%8C,مونوسدیم گلوتامات خوراکی,router_title_normalization,seed_2026-08-24 + seed_2026-08-25,2026-08-23,6e98e338bd99a36d2b817f22616f8c745fe92503e8c3b7ada34f4d40422bdfcd
sodium;2-propylpentanoate;2-propylpentanoic acid,divalproex sodium,sodium;2-propylpentanoate;2-propylpentanoic acid; divalproex sodium,,23663956,,,MSRILKIQRXUYCT-UHFFFAOYSA-M,C16H31NaO4,310.40,CCCC(CCC)C(=O)O.CCCC(CCC)C(=O)[O-].[Na+],confirmed_organic,pharmaceutical_or_api,,,Rooz Darou,Iranian pharmaceutical product catalogue,product_page_listed_not_current_stock_verified,http://rouzdarou.com/products/%D9%82%D8%B1%D8%B5-%D8%AF%DB%8C-%D9%88%D8%A7%D9%84%D9%BE%D8%B1%D9%88%D8%A6%DA%A9%D8%B3-500,قرص دی والپروئکس 500,PubChem name validation from supplier product title,seed_2026-08-24 + seed_2026-08-25,2026-08-23,b8092ac9f2dc77e36c183a84959f7d99a8d89e2c6c7e41da11d71c3ae7fe31a4
sodium;acetate;trihydrate,Sodium acetate trihydrate,sodium;acetate;trihydrate; Sodium acetate trihydrate,6131-90-4,23665404,,,AYRVGWHSXIMRAB-UHFFFAOYSA-M,C2H9NaO5,136.08,CC(=O)[O-].O.O.O.[Na+],confirmed_organic,organic_reagent,,research,Fardad Shimi; ShimiMan; TamadKala; Mojallali Group + https://drm-chem.com/en/product/sodium-acetate-trihydrate/ + t.me/ATRmedShop,Iranian online chemical shop | Iranian online lab-chemical shop | Iranian online wholesale/lab shop|ai_normalized|live_s,product_page_listed_not_current_stock_verified,https://t.me/ATRmedShop/575,"https://shimiman.com/product/sodium-acetate-trihydrate-grade-usp/ | سدیم استات تری هیدرات extra pure دکتر مجللی | ... | سدیم استات تری هیدرات laboratory دکتر مجللی | ... | سدیم استات تری هیدرات usp دکتر مجللی | ... | سدیم استات ۳ آبه MERCK || سدیم استات تری هیدرات


‌‏⁧ ‌‌‏‌محصولات مرک اصل را از ما ",router_title_normalization | sitemap_title,ai_model_fleet + live_telegram_listing + live_web_catalogue + seed_2026-08-24 + seed_2026-08-25,2026-08-23,a672ed82b97c8b7d5cda20fdaac86c2141343d29c1ef3f7e45bdb6ee14add135
sodium;chloro-(4-methylphenyl)sulfonylazanide;trihydrate,sodium;chloro-(4-methylphenyl)sulfonylazanide;trihydrate,sodium;chloro-(4-methylphenyl)sulfonylazanide;trihydrate,7080-50-4,517414,,,NZYOAGBNMCVQIV-UHFFFAOYSA-N,C7H13ClNNaO5S,281.69,CC1=CC=C(C=C1)S(=O)(=O)[N-]Cl.O.O.O.[Na+],confirmed_organic,organic_reagent,derived:supplier_platform,,Mojallali Group + Shimi Merck,Iranian WooCommerce catalogue|ai_normalized,product_page_listed_not_current_stock_verified,https://shimimerck.ir/buy-chloramine-t-trihydrate-818705-merck-3.html,Chloramine T trihydrate || buy chloramine t trihydrate merck 3,cas_pubchem,ai_model_fleet + seed_2026-08-25,2026-08-25,2c3d6c5289f4eb76c4d15e968edcaba6e84558cc90a012242b79ffc1f91a16b5
Sorbitan trioctadecanoate,sorbitan tristearate,,26658-19-5,15181202,,,IJCWFDPJFXGQBN-RYNSOKOISA-N,C60H114O8,963.5,CCCCCCCCCCCCCCCCCC(=O)OC[C@H]([C@@H]1[C@@H]([C@H](CO1)O)OC(=O)CCCCCCCCCCCCCCCCC)OC(=O)CCCCCCCCCCCCCCCCC,confirmed_organic,organic_reagent,,,jahaneshimicom,telegram,listing_evidence_crawled_2026-08-23,https://t.me/jahaneshimicom/135,سلام کمالی از مشهد هستم سوربیتان تری استئارات غذایی پودری میخواستم 09367065792,ai_resolved+pubchem,seed_2026-08-24 + seed_2026-08-25,2026-08-23,dacd4d2b565ffedc2bb9bfac4eedbb13b83d84b1c7986b261ab20a24e004a6d5
styrene,styrene,styrene,100-42-5,7501,11107,,PPBRXRYQALVLMV-UHFFFAOYSA-N,C8H8,104.15,C=CC1=CC=CC=C1,confirmed_organic,pharmaceutical_or_api,derived:supplier_platform,industrial,TamadKala; Telegram: Boof_company; Telegram: Ch_Chemical_leaders; Telegram: chemgroup; Telegram: minatajhiz + t.me/IranChemicals + t.me/minatajhiz + telegram:minatajhiz; telegram:Ch_Chemical_leaders; telegram:Boof_company; telegram:chemgrou,Iranian online wholesale/lab shop|Iranian online wholesale/lab shop | Iranian supplier Telegram catalogue|ai_normalized|,product_page_listed_not_current_stock_verified,https://t.me/IranChemicals/23244,استایرن || 🔰 محصول مونومر استایرن Styrene Monomer (SM) ‌ ➖️ نام علمی : Styrene Monomer (استایرن مونومر) ➖️ فرمول شیمیایی : C₈H₈ ➖️ ماده پایه : مونومر آلی ➖️ برند : توتال (TOTAL) ➖️ کشور : فرانسه (France) ➖️ وزن بشکه : 190 کیلوگرم (بشکه) ➖️ پالت : 760 کیلوگرم (4 بشکه) ➖️ قیمت : ‌ ☎️ جهت مشاوره خرید، ,alias+pubchem,ai_model_fleet + live_telegram_listing + seed_2026-08-24 + seed_2026-08-25,2026-08-25,8477eb438ecedfafd1e8b9e963d29cf1898fc95b8a5b91b02c7bc8099b69d5de
Succinic Acid,succinic acid,Succinic Acid; succinic acid; butanedioic acid,110-15-6,1110,,,KDYFGRWQOYBRFD-UHFFFAOYSA-N,C4H6O4,118.09,C(CC(=O)O)C(=O)O,confirmed_organic,organic_reagent,,research,Fardad Shimi; Mojallali Group; telegram:ATRmedShop + t.me/ATRmedShop,ai_normalized|telegram|web_catalogue,listing_evidence_crawled_2026-08-23,https://t.me/ATRmedShop/594,"succinic acid merck || اسید سوکسینیک گرید ® EMSURE

‌‏⁧ ‌‌‏‌محصولات مرک اصل را از ما بخواهید.

 👇 واردات و فروش مواد شیمیایی مرک 👇 ‌
‌ 
‌
 ☎️ تلفن: ۰۲۱۶۶۳۶۱۵۴۳-۶۶۳۷۹۰۲۶-۰۲۱
‌
 📱 موبایل: 09120549893

 🌐 لینک محصول :

 https://atrmed.com/product",ai_resolved+pubchem,ai_model_fleet + live_telegram_listing + seed_2026-08-24 + seed_2026-08-25,2026-08-23,10de375b4cdc6bedd01d5d52f722b22b013b80ba4c9c0a8f4c6eac28d95262d0
Sucralose,Sucralose,,,71485,,,BAQAVOSOZGMPRM-QBMZZYIRSA-N,C12H19Cl3O8,397.6,C([C@@H]1[C@@H]([C@@H]([C@H]([C@H](O1)O[C@]2([C@H]([C@@H]([C@H](O2)CCl)O)O)CCl)O)O)Cl)O,confirmed_organic,supplement_active,,,jahaneshimicom,telegram,listing_evidence_crawled_2026-08-23,https://t.me/jahaneshimicom/72,🟢 🟢 شرکت بازرگانی اکسیر گستر رازی وارد کننده مواد اولیه غذایی و دارویی 🟠 🟡 سوکرالوز کانبو چین بسته بندی ۱۰ کیلویی 🟡 ویتامین D3 پودری صد هزار برند fbl هند 🟡 ویتامینE50% پودری برندZmc 🟡 آسکوربیک اسید برند زیبو 🟡 کافئین آرتی هند 🟡 بتاکاروتن پودری محلول در آب ۱۰٪ برندBasf آلمان 🟡 کلا,ai_resolved+pubchem,seed_2026-08-24 + seed_2026-08-25,2026-08-23,19f89cb2b184abc3d663154e6647dad2bbbcfe96f9f17c004bd767b5d602e198
Sulfanilic acid,Sulfanilic Acid,Sulfanilic acid; Sulfanilic Acid; 4-aminobenzenesulfonic acid,121-57-3,8479,,,HVBSAKJJOYLTQU-UHFFFAOYSA-N,C6H7NO3S,173.19,C1=CC(=CC=C1N)S(=O)(=O)O,confirmed_organic,organic_reagent,,,Mojallali Group,web_catalogue,listing_evidence_crawled_2026-08-23,https://drm-chem.com/en/product/sulfanilic-acid-lab-en/,Sulfanilic Acid,pubchem_direct,seed_2026-08-24 + seed_2026-08-25,2026-08-23,0d0908614a18ba7ba14f98decaef8ab5e2e4c3643747d6f02a373506f437283c
Syringaldazine,Syringaldazine,,,84422,,,YARKTHNUMGKMGS-UHFFFAOYSA-N,C18H20N2O6,360.4,COC1=CC(=CC(=C1O)OC)C=NN=CC2=CC(=C(C(=C2)OC)O)OC,confirmed_organic,organic_reagent,,,minatajhiz,telegram,listing_evidence_crawled_2026-08-23,https://t.me/minatajhiz/40,Syringaldazine-500mg-sigma aldrich-290000واردات جدید-تومان,ai_resolved+pubchem,seed_2026-08-24 + seed_2026-08-25,2026-08-23,ec1ce3fa1126937297076b27d0d604504ded8e76c7c993edd988b33015ea2cae
Tamsulosin Hydrochloride,Tamsulosin HCL,Tamsulosin Hydrochloride; Tamsulosin HCL; 5-[(2R)-2-[2-(2-ethoxyphenoxy)ethylamino]propyl]-2-methoxybenzenesulfonamide;hydrochloride,,5362376,,,ZZIZZTHXZRDOFM-XFULWGLBSA-N,C20H29ClN2O5S,445.0,CCOC1=CC=CC=C1OCCN[C@H](C)CC2=CC(=C(C=C2)OC)S(=O)(=O)N.Cl,confirmed_organic,pharmaceutical_or_api,,,Temad,web_catalogue,listing_evidence_crawled_2026-08-23,https://www.temad.com/product/oxycodone-hcl/,Tamsulosin HCL,pubchem_direct,seed_2026-08-24 + seed_2026-08-25,2026-08-23,f9729bf74652d1957340b07c94a26dead43c2206b464fd748931e0577c1895d4
terephthalaldehyde,Terephthalaldehyde,terephthalaldehyde; Terephthalaldehyde,,12173,,,KUCOHFSKRZZVRO-UHFFFAOYSA-N,C8H6O2,134.13,C1=CC(=CC=C1C=O)C=O,confirmed_organic,organic_reagent,,research,Telegram: ChemIranSanat + t.me/ChemIranSanat,Iranian supplier Telegram catalogue|ai_normalized|telegram,listed_not_current_stock_verified,https://t.me/ChemIranSanat/618,"terephthalaldehyde || 808617 | Merck
Terephthaldialdehyde
موجود و آماده تحویل
این محصول خرده فروشی نیز دارد.

09386489001

Admin 🆔 @ChemIranAdmin 

 🆔 @ChemIran1",existing skill export,ai_model_fleet + live_telegram_listing + seed_2026-08-24 + seed_2026-08-25,2026-08-23,5eadc6966a571aabf13fb560267afc909f9837bb1da367bb93102dfdb7be49b8
terephthalic acid,Terephthalic acid,terephthalic acid; Terephthalic acid,100-21-0,7489,,,KKEYFWRCBNTPAC-UHFFFAOYSA-N,C8H6O4,166.13,C1=CC(=CC=C1C(=O)O)C(=O)O,confirmed_organic,organic_reagent,,research,Fardad Shimi; Telegram: ChemIranSanat; Telegram: minatajhiz + t.me/ChemIranSanat,Iranian online lab-chemical shop | Iranian supplier Telegram catalogue|telegram,listed_not_current_stock_verified | product_page_listed_not_current_stock_verified,https://t.me/s/ChemIranSanat,"terephthalic acid | ترفتالیک اسید MERCK | ... || 2,5-Dihydroxyterephthalic acid 382132 Aldrich موجود و آماده تحویل 09386489001 @ChemIranAdmin 🆔 @ChemIran1",existing skill export | router_title_normalization,live_telegram_listing + seed_2026-08-24 + seed_2026-08-25,2026-08-23,cab2a8266cb2ab8dac9b4bc6bbd79eae290c1a5bdb69df7e67f515f58e670d55
tert-butyl benzenecarboperoxoate,tert-Butyl peroxybenzoate,,614-45-9,11966,,,GJBRNHKUVLOCEB-UHFFFAOYSA-N,C11H14O3,194.23,CC(C)(C)OOC(=O)C1=CC=CC=C1,confirmed_organic,organic_reagent,,,Shimi Merck + telegram:Maran_Tejarat_Eshen,Iranian supplier Telegram catalogue|ai_normalized,listing_evidence_crawled_2026-08-24,https://shimimerck.ir/buy-tert-butyl-peroxybenzoate.html,buy tert butyl peroxybenzoate,ai_normalised_listing+pubchem_confirmed,ai_model_fleet + seed_2026-08-24 + seed_2026-08-25,2019-06-15,f83d2159548650e9a18aa889da1771f728916d229aa6ed73c57ab94b8e725248
Tert-Butylhydroquinone,Tert-butylhydroquinone,"Tert-Butylhydroquinone; Tert-butylhydroquinone; 2-tert-butylbenzene-1,4-diol; TBHQ",1948-33-0,16043,,,BGNXCDMCOKJUMV-UHFFFAOYSA-N,C10H14O2,166.22,CC(C)(C)C1=C(C=CC(=C1)O)O,confirmed_organic,organic_reagent,,,Shimi Merck + jahaneshimicom; IR Chem / Pishgaman; telegram:jahaneshimicom,ai_normalized|telegram,listing_evidence_crawled_2026-08-23,https://shimimerck.ir/tert-butyl-hydroquinone.html,سلام ترت بوتیل هیدروکینون موجود دارید؟ نباتی شرکت ایستا تحکیم 09351397699 || tert butyl hydroquinone,ai_resolved+pubchem,ai_model_fleet + seed_2026-08-24 + seed_2026-08-25,2026-08-23,2c5167f882f4f74b7dac30bf61fda12246cd2b28483be5806cc9cdb5c563b7f2
tetrabutylazanium bromide,,,,74236,,,JRMUNVKIHCOMHV-UHFFFAOYSA-M,C16H36BrN,322.37,,confirmed_organic,organic_reagent,derived:supplier_platform,,Shimi Merck,ai_normalized,,https://shimimerck.ir/tetra-n-butyl-ammonium-bromide.html,tetra n butyl ammonium bromide,model_fleet+pubchem,ai_model_fleet,2026-08-27,4eefe59b4b04391c2ae2e58bd175968881dab0e02bff428dc503bbd7b6d3dcd0
tetrachloromethane,Carbon tetrachloride,tetrachloromethane; Carbon tetrachloride,56-23-5,5943,,,VZGDMQKNWNREIO-UHFFFAOYSA-N,CCl4,153.8,C(Cl)(Cl)(Cl)Cl,confirmed_organic,organic_reagent,,,TamadKala,Iranian online wholesale/lab shop,product_page_listed_not_current_stock_verified,https://tamadkala.com/product/164265/%D8%AA%D8%AA%D8%B1%D8%A7-%DA%A9%D9%84%D8%B1%DB%8C%D8%AF-%DA%A9%D8%B1%D8%A8%D9%86-%DA%A9%D8%AF-319961-%D8%B3%DB%8C%DA%AF%D9%85%D8%A7,تترا کلرید کربن کد 319961 سیگما | تتراكلريد كربن قطران شیمی | ...,router_title_normalization,seed_2026-08-24 + seed_2026-08-25,2026-08-23,8e4928bcd7e09c23e575710552b263552841877c6bb5c378ca002347bb1be7aa
tetraethoxysilane,tetraethoxysilane,tetraethoxysilane; tetraethyl silicate,78-10-4,6517,,,BOTDANWDWHJENH-UHFFFAOYSA-N,C8H20O4Si,208.33,CCO[Si](OCC)(OCC)OCC,confirmed_organic,organic_reagent,,research,Shimi Merck + t.me/minatajhiz + telegram:minatajhiz,ai_normalized|telegram|telegram:minatajhiz,telegram_listing_evidence,https://shimimerck.ir/tetra-ethyl-ortho-silicate-800658.html,Tetraethyl orthosilicate Furmola:C8H20O4Si Molar mass:208.33 Cas number:78-10-4 Merck @minatajhiz || tetra ethyl ortho silicate,cas_anchor+pubchem,ai_model_fleet + live_telegram_listing + seed_2026-08-24 + seed_2026-08-25,2026-08-23,312bf287307c6ebcd1b2294bf2f0bbf4df0e03554a64a25dc7435e94085a6e70
tetraethylazanium hydroxide,,,,6509,,,LRGJRHZIDJQFCL-UHFFFAOYSA-M,C8H21NO,147.26,,confirmed_organic,polymer_or_material,derived:supplier_platform,,Iran Petrochemical,ai_normalized,,https://iranpetrochemical.net/product/tetraethylammonium-hydroxide/,tetraethylammonium hydroxide,model_fleet+pubchem,ai_model_fleet,2026-08-27,3e24ec58639a76bc344352e3f3fac347b82a6c53f04c928df67c2677c2007a5b
tetrakis(butan-1-ol);titanium,,,,521701,,,FPCJKVGGYOAWIZ-UHFFFAOYSA-N,C16H40O4Ti,344.35,,confirmed_organic,organic_reagent,derived:supplier_platform,,Shimi Merck,ai_normalized,,https://shimimerck.ir/tetra-n-butyl-ortho-titanate.html,tetra n butyl ortho titanate,model_fleet+pubchem,ai_model_fleet,2026-08-27,fccc3e772ad7595ff5ba737c0aee5b71b6685980153bfb78cc0f164092216cc7
Tetrakis(hydroxymethyl)phosphonium chloride,Tetrakis(hydroxymethyl)phosphonium chloride,Tetrakis(hydroxymethyl)phosphonium chloride; tetrakis(hydroxymethyl)phosphanium chloride,,31298,,,AKXUUJCMWZFYMV-UHFFFAOYSA-M,C4H12ClO4P,190.56,C(O)[P+](CO)(CO)CO.[Cl-],confirmed_organic,organic_reagent,,research,t.me/ChemIranSanat + telegram:ChemIranSanat,telegram|telegram:ChemIranSanat,telegram_listing_evidence,https://t.me/s/ChemIranSanat,404861 Aldrich Tetrakis(hydroxymethyl)phosphonium chloride solution 80% in H2O 100ML لات نامبر مخدوش شده است. موجود و آماده تحویل 09386489001 Admin 🆔 @ChemIranAdmin 🆔 @ChemIran1,structured_pubchem,live_telegram_listing + seed_2026-08-24 + seed_2026-08-25,2026-08-23,b5592fde6258e653133974d878d9fd502f5554e6b9fe733ab4da8694d91889a9
tetrakis(propan-2-olate);titanium(4+),Titanium(IV) isopropoxide,tetrakis(propan-2-olate);titanium(4+); Titanium(IV) isopropoxide; Titanium isopropoxide,546-68-9,11026,,,VXUYXOFXAQZZMF-UHFFFAOYSA-N,C12H28O4Ti,284.22,CC(C)[O-].CC(C)[O-].CC(C)[O-].CC(C)[O-].[Ti+4],confirmed_organic,organic_reagent,,research,Fardad Shimi; TamadKala; Telegram: ChemIranSanat + t.me/ATRmedShop + t.me/ChemIranSanat + t.me/IranChemicals,Iranian online lab-chemical shop | Iranian online wholesale/lab shop | Iranian supplier Telegram catalogue|ai_normalized,listed_not_current_stock_verified | product_page_listed_not_current_stock_verified,https://t.me/IranChemicals/31153,"tetrakis(propan-2-olate);titanium(4+) | تیتانیوم (IV) ایزوپروپوکسید MERCK | فروش تیتانیوم iv ایزوپروپوکسید | ... || تیتانیوم (IV) ایزوپروپوکسید
 تیتانیوم (IV) ایزوپروپوکسید که معمولا تیترا ایزوپروپوکسید تیتانیوم یا TTIP نیز گفته می شود یک ترکیب شیمیایی با فرمول Ti[OCH(CH3)2]4 است. تترا ایزوپروپیل ار",existing skill export | router_title_normalization,ai_model_fleet + live_telegram_listing + seed_2026-08-24 + seed_2026-08-25,2026-08-23,56cd1b02224691111cebbafbb5f33de7fd618285c18bd138acba9b65916c0b6f
Tetramethylammonium Hydroxide Pentahydrate,Tetramethylammonium Hydroxide Pentahydrate,Tetramethylammonium Hydroxide Pentahydrate; tetramethylazanium;hydroxide;pentahydrate,10424-65-4,82620,,,MYXKPFMQWULLOH-UHFFFAOYSA-M,C4H23NO6,181.23,C[N+](C)(C)C.O.O.O.O.O.[OH-],confirmed_organic,organic_reagent,,research,t.me/ChemIranSanat + telegram:ChemIranSanat,ai_normalized|telegram|telegram:ChemIranSanat,telegram_listing_evidence,https://t.me/ChemIranSanat/1961,"013978 Exir Tetramethylammonium hydroxide pentahydrate 100g 🔜 موجود و آماده تحویل ✅ شیمیران صنعت فقط اصلی ♾ موجودی و تنوع بی نظیر از برندهای معتبر 📦 ارسال رایگان 📱 سفارش کالا 👇 📞 0938-648-9001 🆔 @ChemIranAdmin 🆔 @ChemIran1 || 013978 Exir
Tetramethylammonium hydroxide pentahydrate
100g

 🔜 موجود و آم",structured_pubchem,ai_model_fleet + live_telegram_listing + seed_2026-08-24 + seed_2026-08-25,2026-08-23,8ec4b31d3e8d93c15b8c4b4b2dd73ca7a13178b262d3de66c643a2f07eb0d63c
tetramethylazanium fluoride,,,,67803,,,GTDKXDWWMOMSFL-UHFFFAOYSA-M,C4H12FN,93.14,,confirmed_organic,organic_reagent,derived:supplier_platform,,Shimi Merck,ai_normalized,,https://shimimerck.ir/tetramethylammonium-fluoride-tmaf.html,tetramethylammonium fluoride tmaf,model_fleet+pubchem,ai_model_fleet,2026-08-27,d66f458bfb81a2a4ef0e8504916fd2b4a663d892b95d3f6c547b33f8a7c9fed7
tetramethylazanium hydroxide,Tetramethylammonium hydroxide,,75-59-2,60966,,,WGTYBPLFGIVFAS-UHFFFAOYSA-M,C4H13NO,91.15,C[N+](C)(C)C.[OH-],confirmed_organic,organic_reagent,,,t.me/ChemIranSanat + telegram:ChemIranSanat,Iranian supplier Telegram catalogue|ai_normalized,listing_evidence_crawled_2026-08-24,https://t.me/ChemIranSanat/1961,"013978 Exir
Tetramethylammonium hydroxide pentahydrate
100g

 🔜 موجود و آماده تحویل
 ✅ شیمیران صنعت فقط اصلی
 ♾ موجودی و تنوع بی نظیر از برندهای معتبر
 📦 ارسال رایگان
 📱 سفارش کالا 👇 
 📞 0938-648-9001

 🆔 @ChemIranAdmin",ai_normalised_listing+pubchem_confirmed,ai_model_fleet + seed_2026-08-24 + seed_2026-08-25,2021-04-06,79c70c29f3075891b13188f0c840940caedc187aa5a1a306c9a47d66da02823d
tetrapotassium;iron(2+);hexacyanide,,,,9605257,,,XOGGUFAVLNCTRS-UHFFFAOYSA-N,C6FeK4N6,368.34,,confirmed_organic,organic_reagent,derived:supplier_platform,,Shimi Merck,ai_normalized,,https://shimimerck.ir/buy-potassium-ferrocyanide.html,buy potassium ferrocyanide,model_fleet+pubchem,ai_model_fleet,2026-08-27,40f18ec8703422c5ac61e21223e54898dabb70e0db1005399c0b6f59ecd26935
tetrapropylazanium hydroxide,Tetrapropylammonium hydroxide,,141-69-5,20586,,,LPSKDVINWQNWFE-UHFFFAOYSA-M,C12H29NO,203.36,CCC[N+](CCC)(CCC)CCC.[OH-],confirmed_organic,organic_reagent,,,telegram:minatajhiz,Iranian supplier Telegram catalogue,listing_evidence_crawled_2026-08-24,https://t.me/minatajhiz/204,,ai_normalised_listing+pubchem_confirmed,seed_2026-08-24 + seed_2026-08-25,2017-11-22,c8f12739f5dca9cb63553a779fb7126459d553d0e094301c5783f39a80c581b9
"tetrasodium;3-hydroxy-4-[[2-sulfonato-4-[(4-sulfonatophenyl)diazenyl]phenyl]diazenyl]naphthalene-2,7-disulfonate","tetrasodium;3-hydroxy-4-[[2-sulfonato-4-[(4-sulfonatophenyl)diazenyl]phenyl]diazenyl]naphthalene-2,7-disulfonate",,6226-79-5,2723873,,,KQHKSGRIBYJYFX-UHFFFAOYSA-J,C22H12N4Na4O13S4,760.6,C1=CC(=CC=C1N=NC2=CC(=C(C=C2)N=NC3=C4C=CC(=CC4=CC(=C3O)S(=O)(=O)[O-])S(=O)(=O)[O-])S(=O)(=O)[O-])S(=O)(=O)[O-].[Na+].[Na+].[Na+].[Na+],confirmed_organic,pharmaceutical_or_api,derived:supplier_platform,,t.me/ATRmedShop + telegram:ATRmedShop,ai_normalized|public Telegram (seller_research),product_page_listed_not_current_stock_verified,https://t.me/ATRmedShop/130,Ponceau S | پانسو اس Ponceau S ‌‏⁧ ‌‌‏‌محصولات سیگما اصل را از ما بخواهید. 👇 واردات و فروش مواد شیمیایی سیگما و مرک 👇 ‌ ‌ ‌ ☎️ تلفن: ۰۲۱۶۶۳۶۱۵۴۳-۶۶۳۷۹۰۲۶-۰۲۱ ‌ 📱 موبایل: 09120549893 🌐 لینک محصول : https://atrmed.com/product/ponceau-s-dye/ #آثل_طب #مواد_ازمایشگاهی #مواد_شیمیایی #بیولوژی #بیولوژی_مولک,router_batch+pubchem,ai_model_fleet + seed_2026-08-25,2026-08-25,295cb47bd792d6278b9926f098958f1a0cc4fdac00c960c4a8681afd7c02cc7a
"tetrasodium;5-amino-3-[[4-[4-[(8-amino-1-hydroxy-3,6-disulfonatonaphthalen-2-yl)diazenyl]-3-methylphenyl]-2-methylphenyl]diazenyl]-4-hydroxynaphthalene-2,7-disulfonate","tetrasodium;5-amino-3-[[4-[4-[(8-amino-1-hydroxy-3,6-disulfonatonaphthalen-2-yl)diazenyl]-3-methylphenyl]-2-methylphenyl]diazenyl]-4-hydroxynaphthalene-2,7-disulfonate",,72-57-1,6296,,,GLNADSQYFUSGOU-UHFFFAOYSA-J,C34H24N6Na4O14S4,960.8,CC1=C(C=CC(=C1)C2=CC(=C(C=C2)N=NC3=C(C4=C(C=C(C=C4C=C3S(=O)(=O)[O-])S(=O)(=O)[O-])N)O)C)N=NC5=C(C6=C(C=C(C=C6C=C5S(=O)(=O)[O-])S(=O)(=O)[O-])N)O.[Na+].[Na+].[Na+].[Na+],confirmed_organic,pharmaceutical_or_api,derived:supplier_platform,,t.me/ATRmedShop + telegram:ATRmedShop,ai_normalized|public Telegram (seller_research),product_page_listed_not_current_stock_verified,https://t.me/ATRmedShop/544,Trypan blue | تریپان بلوTrypan Blue ‌‏⁧ ‌‌‏‌محصولات سیگما اصل را از ما بخواهید. 👇 واردات و فروش مواد شیمیایی سیگما و مرک 👇 ‌ ‌ ‌ ☎️ تلفن: ۰۲۱۶۶۳۶۱۵۴۳-۶۶۳۷۹۰۲۶-۰۲۱ ‌ 📱 موبایل: 09120549893 🌐 لینک محصول : https://atrmed.com/product/trypan-blue/ #آثل_طب #مواد_ازمایشگاهی #مواد_شیمیایی #بیولوژی #بیولوژی_م,router_batch+pubchem,ai_model_fleet + seed_2026-08-25,2026-08-25,6fa6404c052a7fb850b7204933b9a59590044892f9c83e1f450218ed54591629
tetrasodium;hydrogen peroxide;dicarbonate,,,,159762,,,MSLRPWGRFCKNIZ-UHFFFAOYSA-J,C2H6Na4O12,314.02,,confirmed_organic,organic_reagent,derived:supplier_platform,,Shimi Merck,ai_normalized,,https://shimimerck.ir/buy-sodium-percarbonate-code-371432-sigma.html,buy sodium percarbonate code sigma,model_fleet+pubchem,ai_model_fleet,2026-08-27,d6662ad58f14393543b170341928ea0a6f52bc23e93bcede4d7a31b5377e8fd0
Thebaine,Thebaine,"Thebaine; (4R,7aR,12bS)-7,9-dimethoxy-3-methyl-2,4,7a,13-tetrahydro-1H-4,12-methanobenzofuro[3,2-e]isoquinoline",,5324289,,,FQXXSQDCDRQNQE-VMDGZTHMSA-N,C19H21NO3,311.4,CN1CC[C@]23[C@@H]4C(=CC=C2[C@H]1CC5=C3C(=C(C=C5)OC)O4)OC,confirmed_organic,pharmaceutical_or_api,,,Temad,web_catalogue,listing_evidence_crawled_2026-08-23,https://www.temad.com/product/fluvoxamine-maleate-2/,Thebaine,pubchem_direct,seed_2026-08-24 + seed_2026-08-25,2026-08-23,e14136471a58819a6bb8269eb2178c8d588277257db4d91c5ae513daf0bda41a
Thiamine Hydrochloride,Thiamine hydrochloride,"Thiamine Hydrochloride; Thiamine hydrochloride; 2-[3-[(4-amino-2-methylpyrimidin-5-yl)methyl]-4-methyl-1,3-thiazol-3-ium-5-yl]ethanol;chloride;hydrochloride; Thiamine HCL (vitamin B1)",,6202,,,DPJRMOMPQZCRJU-UHFFFAOYSA-M,C12H18Cl2N4OS,337.3,CC1=C(SC=[N+]1CC2=CN=C(N=C2N)C)CCO.Cl.[Cl-],confirmed_organic,pharmaceutical_or_api,,Shimi Merck,Shimi Merck + Temad + https://shimimerck.ir/thiamine-hydrochloride.html,ai_normalized|live_supplier_catalogue|web_catalogue,listing_evidence_crawled_2026-08-23,https://shimimerck.ir/thiamine-hydrochloride.html,Thiamine HCL (vitamin B1) Veterinary || thiamine hydrochloride,ai_resolved+pubchem,ai_model_fleet + live_web_catalogue + seed_2026-08-24 + seed_2026-08-25,2026-08-23,e68296e6d313853c1f494ad63a875848fa574d5500b68d9b136e0d75bfb36124
thiolan-2-imine;hydrochloride,,,,13166855,,,ATGUDZODTABURZ-UHFFFAOYSA-N,C4H8ClNS,137.63,,confirmed_organic,organic_reagent,derived:supplier_platform,,Shimi Merck,ai_normalized,,https://shimimerck.ir/2-iminothiolane-hydrochloride.html,2 iminothiolane hydrochloride,model_fleet+pubchem,ai_model_fleet,2026-08-27,1b5d319659b803c1c112d20d8bdbfad2acf9090e0f283a323c4bee7f4b3b51ad
thiolane,Tetrahydrothiophene,,110-01-0,1127,,,RAOIDOHSFRTOEL-UHFFFAOYSA-N,C4H8S,88.17,C1CCSC1,confirmed_organic,organic_reagent,,,telegram:minatajhiz,Iranian supplier Telegram catalogue,listing_evidence_crawled_2026-08-24,https://t.me/minatajhiz/1092,,ai_normalised_listing+pubchem_confirmed,seed_2026-08-24 + seed_2026-08-25,2024-02-13,42612ad975c9f7ce40263e9508181b61fb99ae67fefb67540415fb9190dbc083
"thiolane 1,1-dioxide",Sulfolane,"thiolane 1,1-dioxide; Sulfolane",126-33-0,31347,,,HXJUTPCZVOIRIF-UHFFFAOYSA-N,C4H8O2S,120.17,C1CCS(=O)(=O)C1,confirmed_organic,organic_reagent,,industrial,Telegram: jahaneshimicom,Iranian supplier Telegram catalogue,listed_not_current_stock_verified,,"thiolane 1,1-dioxide",existing skill export,seed_2026-08-24 + seed_2026-08-25,2026-08-23,e3b78fc1fe351781640605e5961c7109292e1fdc0de6b9c36a51e14b83c938e9
thiophene-2-carbaldehyde,2-Thiophenecarboxaldehyde,,,7364,,,CNUDBTRUORMMPA-UHFFFAOYSA-N,C5H4OS,112.15,C1=CSC(=C1)C=O,confirmed_organic,organic_reagent,,,telegram:minatajhiz,Iranian supplier Telegram catalogue,listing_evidence_crawled_2026-08-24,https://t.me/minatajhiz/199,,ai_normalised_listing+pubchem_confirmed,seed_2026-08-24 + seed_2026-08-25,2017-11-15,cc6626fdc7380a91709f460887eedd286074de1523035c4a89362061142c956d
thiourea,Thiourea,thiourea; Thiourea,62-56-6,2723790,,,UMGDCJDMYOKAJW-UHFFFAOYSA-N,CH4N2S,76.12,C(=S)(N)N,confirmed_organic,organic_reagent,,,Fardad Shimi; TamadKala + t.me/ChemIranSanat,Iranian online lab-chemical shop | Iranian online wholesale/lab shop|ai_normalized,product_page_listed_not_current_stock_verified,https://t.me/ChemIranSanat/1669,"تیو اوره صنعتی | تیواوره MERCK | ... | تیواوره | ... || T8656 Sigma-Aldrich Thiourea >99% 50G قیمت: 333.000 تومان 🔜 موجود و آماده تحویل ✅ شیمیران صنعت فقط اصلی 📱 سفارش کالا 👇 🆔 @ChemIranAdmin 🆔 @ChemIran1 || T8656 Sigma-Aldrich
Thiourea >99%
50G
قیمت: 333.000 تومان

 🔜 موجود و آماده تحویل
 ✅ شیمیران",router_title_normalization,ai_model_fleet + seed_2026-08-24 + seed_2026-08-25,2026-08-23,63e3fde8e4722711a5c204e0fd6bddf1de4e2db80513186cf0f92332e3a49167
toluene,Toluene,toluene; Toluene,108-88-3,1140,,,YXFVVABEGXRONW-UHFFFAOYSA-N,C7H8,92.14,CC1=CC=CC=C1,confirmed_organic,organic_reagent,,research,DigiShimi; Fardad Shimi; Isatis Shimi; ShimiMan; TamadKala; Telegram: ChemIranSanat; Telegram: IranChemicals; Telegram: Maran_Tejarat_Eshen; Mojallali Group; IR Chem / Pishgaman; telegram:minatajhiz + https://drm-chem.com/en/product/butylat,Iranian online chemical shop | Iranian online chemical shops | Iranian online lab-chemical shop | Iranian online wholesa,listed_not_current_stock_verified | product_page_listed_not_current_stock_verified,https://t.me/Maran_Tejarat_Eshen/109,Toluene | https://shimiman.com/product/toluene-grade-acs/ | https://shimiman.com/product/toluene-grade-extra-pure/ | toluene | تولوئن | تولوئن 99 7 extra pure پارس شیمی | تولوئن acs دکتر مجللی | ... | تولوئن extra pure امرتات شیمی کد amt108323 | ... | تولوئن extra pure دکتر مجللی || تولوئن اصفهان و ,existing skill export | router_title_normalization | sitemap_title,ai_model_fleet + live_telegram_listing + live_web_catalogue + seed_2026-08-24 + seed_2026-08-25,2026-08-23,efeb0640dd688f33966bd3ea8cfa36c6808bce889f3a602ece5324dc6344e39d
TORCH,,,,15531,,,UPMXNNIRAGDFEH-UHFFFAOYSA-N,C7H3Br2NO,276.91,,confirmed_organic,pharmaceutical_or_api,derived:supplier_platform,Pishtaz Teb,http://www.pishtazteb.com:80/en/product/c6-ELISA-Kits/TORCH/,live_supplier_catalogue,,2026-08-27,,seed,live_web_catalogue,2026-08-27,28154fd68cedfb0a9921fb6c3747da3a3ac971244ce928b3590071d9b0cb3f04
Tramadol Hydrochloride,Tramadol HCL,"Tramadol Hydrochloride; Tramadol HCL; cis-(1R,2R)-2-[(dimethylamino)methyl]-1-(3-methoxyphenyl)cyclohexan-1-ol;hydrochloride",,63013,,,PPKXEPBICJTCRU-XMZRARIVSA-N,C16H26ClNO2,299.83,CN(C)C[C@H]1CCCC[C@@]1(C2=CC(=CC=C2)OC)O.Cl,confirmed_organic,pharmaceutical_or_api,,,Temad,web_catalogue,listing_evidence_crawled_2026-08-23,https://www.temad.com/product/methadone-hcl/,Tramadol HCL,pubchem_direct,seed_2026-08-24 + seed_2026-08-25,2026-08-23,f32cf0ba7c651ec50f5eabeb3ad7d0536659475e67e1db2686a92868981dc060
"trans-(1R,2R)-2-methoxycyclohexan-1-ol","rel-(1R,2R)-2-Methoxycyclohexanol",,7429-40-5,11051680,,,DCQQZLGQRIVCNH-RNFRBKRXSA-N,C7H14O2,130.18,CO[C@@H]1CCCC[C@H]1O,confirmed_organic,organic_reagent,,,telegram:chemgroup,Iranian supplier Telegram catalogue,listing_evidence_crawled_2026-08-24,https://t.me/chemgroup/1780,,ai_normalised_listing+pubchem_confirmed,seed_2026-08-24 + seed_2026-08-25,2016-07-24,f85a9b0232c07ab34f1d76bce45fb0918dbc89ac7d482230fa3b00430ccecb0f
Triamcinolone Acetonide,Triamcinolone Acetonide,"Triamcinolone Acetonide; (1S,2S,4R,8S,9S,11S,12R,13S)-12-fluoro-11-hydroxy-8-(2-hydroxyacetyl)-6,6,9,13-tetramethyl-5,7-dioxapentacyclo[10.8.0.02,9.04,8.013,18]icosa-14,17-dien-16-one",,6436,,,YNDXUCZADRHECN-JNQJZLCISA-N,C24H31FO6,434.5,C[C@]12C[C@@H]([C@]3([C@H]([C@@H]1C[C@@H]4[C@]2(OC(O4)(C)C)C(=O)CO)CCC5=CC(=O)C=C[C@@]53C)F)O,confirmed_organic,pharmaceutical_or_api,,,Temad,web_catalogue,listing_evidence_crawled_2026-08-23,https://www.temad.com/product/opium-powder-2/,Triamcinolone Acetonide,pubchem_direct,seed_2026-08-24 + seed_2026-08-25,2026-08-23,8a0bf9845f16c87989c00035736d78ff1c98e2c6163fcb9f4a2479d3b513f526
triazolam,,,,5556,,,JOFWLTCLBGQGBO-UHFFFAOYSA-N,C17H12Cl2N4,343.2,,confirmed_organic,organic_reagent,derived:supplier_platform,Shimi Merck,Shimi Merck + https://shimimerck.ir/triazolam.html,ai_normalized|live_supplier_catalogue,,https://shimimerck.ir/triazolam.html,triazolam,model_fleet+pubchem,ai_model_fleet + live_web_catalogue,2026-08-27,90ee4b3832e74a62d53e085181cb0b62c219dcc868dfb70b532326e681593429
trichloromethyl carbonochloridate,Diphosgene,trichloromethyl carbonochloridate; Diphosgene,,10426,,,HCUYBXPSSCRKRF-UHFFFAOYSA-N,C2Cl4O2,197.8,C(=O)(OC(Cl)(Cl)Cl)Cl,confirmed_organic,organic_reagent,,industrial,Telegram: chemgroup + t.me/chemgroup,Iranian supplier Telegram catalogue|ai_normalized|telegram,listed_not_current_stock_verified,https://t.me/chemgroup/912,"trichloromethyl carbonochloridate || ☠ دی‌فسژن Diphosgene

دی‌فسژن با فرمول شیمیایی C۲Cl۴O۲ یک ترکیب شیمیایی است. که جرم مولی آن ۱۹۷٫۸۲ g/mol می‌باشد. دی‌فسژن سمیت قابل ملاحظه ای دارد و در دمای اتاق مایع است.


 ☠ فسژن Phosgene

فسژن با فرمول شیمیایی CCl2O",existing skill export,ai_model_fleet + live_telegram_listing + seed_2026-08-24 + seed_2026-08-25,2026-08-23,50c36cbb4c69cddcc92fcbef456727cb418b7c0d6d8d93087141f1ae90208e5b
tricopper;dicarbonate;dihydroxide,Azurite,,,9884557,,,GWBUNZLLLLDXMD-UHFFFAOYSA-H,C2H2Cu3O8,344.67,C(=O)([O-])[O-].C(=O)([O-])[O-].[OH-].[OH-].[Cu+2].[Cu+2].[Cu+2],confirmed_organic,colorant_or_indicator,,,telegram:IranChemicals,Iranian supplier Telegram catalogue,listing_evidence_crawled_2026-08-24,https://t.me/Iranchemicals/22577,,ai_normalised_listing+pubchem_confirmed,seed_2026-08-24 + seed_2026-08-25,2021-08-09,2643a1a889f0f360c9f26aaed371439f82b4a3bb724f4cf300244d920bd1e81a
trideuteriomethanol,(2H3)Methanol,,1849-29-2,123132,,,OKKJLVBELUTLKV-FIBGUPNXSA-N,CH4O,35.060,[2H]C([2H])([2H])O,confirmed_organic,organic_reagent,,,t.me/IranChemicals + telegram:IranChemicals,Iranian supplier Telegram catalogue|ai_normalized,listing_evidence_crawled_2026-08-24,https://t.me/IranChemicals/29025,"🟥 متانول با آب سنگین 

 ✅ متانول دوتریوم یا CD₃OH به دلیل ویژگی‌های ایزوتوپی خاص خود در زمینه‌های مختلف علمی و صنعتی کاربرد دارد. برخی از مهم‌ترین کاربردهای متانول با آب سنگین عبارتند از:

 مطالعات ایزوتوپی (Isotopic Stu",ai_normalised_listing+pubchem_confirmed,ai_model_fleet + seed_2026-08-24 + seed_2026-08-25,2025-04-22,f9b6ecdbae3db418a5489432acc2c01cac1b6ead992de325e1c5e607dc0ee7e5
triethoxy(octyl)silane,Octyltriethoxysilane,triethoxy(octyl)silane; Octyltriethoxysilane,2943-75-1,76262,,,MSRJTTSHWYDFIU-UHFFFAOYSA-N,C14H32O3Si,276.49,CCCCCCCC[Si](OCC)(OCC)OCC,confirmed_organic,organic_reagent,,research,Telegram: minatajhiz + t.me/minatajhiz,Iranian supplier Telegram catalogue|telegram,listed_not_current_stock_verified,https://t.me/s/minatajhiz,triethoxy(octyl)silane,existing skill export,live_telegram_listing + seed_2026-08-24 + seed_2026-08-25,2026-08-23,74c8189ba861df094ac0bcc055e779f42539aeb1cea5e27ad16696ae7ee406a8
"triethyl 2-hydroxypropane-1,2,3-tricarboxylate",Triethyl citrate,"triethyl 2-hydroxypropane-1,2,3-tricarboxylate; Triethyl citrate",,6506,,,DOOTYTYQINUNNV-UHFFFAOYSA-N,C12H20O7,276.28,CCOC(=O)CC(CC(=O)OCC)(C(=O)OCC)O,confirmed_organic,organic_reagent,,,Shimi Merck + TamadKala,Iranian online wholesale/lab shop|ai_normalized,product_page_listed_not_current_stock_verified,https://shimimerck.ir/triethyl-citrate-800251.html,تری اتیل سیترات | تری اتیل سیترات صنعتی | ... || triethyl citrate,router_title_normalization,ai_model_fleet + seed_2026-08-24 + seed_2026-08-25,2026-08-23,4e43ba5ba68e9a05416bdc7e3bbc8cea075c5702ad258a3994d7df82945a21dc
triethyl phosphate,Triethyl Phosphate,,78-40-0,6535,,,DQWPFSLDHJDLRL-UHFFFAOYSA-N,C6H15O4P,182.15,CCOP(=O)(OCC)OCC,confirmed_organic,organic_reagent,,,telegram:minatajhiz,Iranian supplier Telegram catalogue,listing_evidence_crawled_2026-08-24,https://t.me/minatajhiz/186,,ai_normalised_listing+pubchem_confirmed,seed_2026-08-24 + seed_2026-08-25,2017-11-08,a5cbf881314e66536b6f394f29fd95c491e43615437ab29cf86c5fcc07f397af
triethylalumane,Triethylaluminium,triethylalumane; Triethylaluminium,,16682930,,,VOITXYVAKOUIBA-UHFFFAOYSA-N,C6H15Al,114.16,CC[Al](CC)CC,confirmed_organic,organic_reagent,,,TamadKala,Iranian online wholesale/lab shop,product_page_listed_not_current_stock_verified,,تری اتیل آلومینیوم سیگما | ...,router_title_normalization,seed_2026-08-24 + seed_2026-08-25,2026-08-23,620c90e3e039eaeb1a03c8dd8356869e2902d8d3c1306ef73c0eefd425482306
Triethylene Glycol,Triethylene Glycol,Triethylene Glycol; 2-[2-(2-hydroxyethoxy)ethoxy]ethanol,,8172,,,ZIBGPFATKBEMQZ-UHFFFAOYSA-N,C6H14O4,150.17,C(COCCOCCO)O,confirmed_organic,organic_reagent,,industrial,Chemical Iran,ai_normalized|telegram:Chemical Iran,telegram_listing_evidence,https://www.chemicaliran.com/products/tri-ethylene-glycol-teg/,"Tri Ethylene Glycol (TEG). Anti-freeze Lubricants &amp; Automotive, Oil Gas &amp; Petroleum, Plastic &amp; Polyester, Soaps &amp; Detergents, Textile. Origin: Iran Packing: 230 KG HDPE / Steel Drum, Flexi tank, IBC tank Minimum Order Quantity : 1 full container / truck Payment term: 100% in advance ",structured_pubchem(over_alias),ai_model_fleet + seed_2026-08-24 + seed_2026-08-25,2026-08-23,c414f5be51d0e815466ba97edbb17d4ec7d1011ab592aecd8a34757664fa8902
triethylsilane,,,,12052,,,AQRLNPVMDITEJU-UHFFFAOYSA-N,C6H16Si,116.28,,confirmed_organic,organic_reagent,derived:supplier_platform,,Shimi Merck,ai_normalized,,https://shimimerck.ir/buy-triethyl-silane.html,buy triethyl silane,model_fleet+pubchem,ai_model_fleet,2026-08-27,00ce1d0cd39f0d35e9b16f0c959c80c755d1891471312c16c57528788146766d
trifluoromethanesulfonic acid,Trifluoromethanesulfonic acid,,1493-13-6,62406,,,ITMCEJHCFYSIIV-UHFFFAOYSA-N,CHF3O3S,150.08,C(F)(F)(F)S(=O)(=O)O,confirmed_organic,organic_reagent,,,telegram:minatajhiz,Iranian supplier Telegram catalogue,listing_evidence_crawled_2026-08-24,https://t.me/minatajhiz/159,,ai_normalised_listing+pubchem_confirmed,seed_2026-08-24 + seed_2026-08-25,2017-10-29,95210c37fe9c4fd037916a0a5fcbffa29b5c6abda1655d2a7775ece17a5d39f8
trifluoromethylsulfonyl trifluoromethanesulfonate,trifluoromethylsulfonyl trifluoromethanesulfonate,,358-23-6,67749,,,WJKHJLXJJJATHN-UHFFFAOYSA-N,C2F6O5S2,282.14,,confirmed_organic,organic_reagent,derived:supplier_platform,,ShimiMan,Iranian WooCommerce catalogue,product_page_listed_not_current_stock_verified,https://shimiman.com/product/trifluoromethanesulfonic-anhydride-for-synthesis-cas-358-23-6-ec-number-206-616-8-chemical-formula-cf-so-o/,"Trifluoromethanesulfonic anhydride for synthesis. CAS 358-23-6, EC Number 206-616-8, chemical formula (CF₃SO₂)₂O.",cas_pubchem,seed_2026-08-25,2026-08-25,732a94fec71ff7e9dcfe12e90c90bc0c868681121e05116f60fa672ef574edba
trimethoxy(methyl)silane,Methyltrimethoxysilane,trimethoxy(methyl)silane; Methyltrimethoxysilane,1185-55-3,14456,,,BFXIKLCIZHOAAZ-UHFFFAOYSA-N,C4H12O3Si,136.22,CO[Si](C)(OC)OC,confirmed_organic,organic_reagent,,research,Telegram: minatajhiz + t.me/minatajhiz,Iranian supplier Telegram catalogue|telegram,listed_not_current_stock_verified,https://t.me/s/minatajhiz,trimethoxy(methyl)silane,existing skill export,live_telegram_listing + seed_2026-08-24 + seed_2026-08-25,2026-08-23,16f1983dc4a301876cac013247e9beb0a668e1f58bfa6cb5f206191d5c80572b
trimethyl borate,Trimethyl borate,,,8470,,,WRECIMRULFAWHA-UHFFFAOYSA-N,C3H9BO3,103.92,B(OC)(OC)OC,confirmed_organic,organic_reagent,,,telegram:chemgroup,Iranian supplier Telegram catalogue,listing_evidence_crawled_2026-08-24,https://t.me/chemgroup/2305,,ai_normalised_listing+pubchem_confirmed,seed_2026-08-24 + seed_2026-08-25,2016-10-18,ac0c80da465b5cd0539abb6f879b4747e32d3152d2a165c93b30787f2ee58ac8
trimethyl(trimethylsilyloxy)silane,Hexamethyldisiloxane,trimethyl(trimethylsilyloxy)silane; Hexamethyldisiloxane,107-46-0,24764,,,UQEAIHBTYFGYIE-UHFFFAOYSA-N,C6H18OSi2,162.38,C[Si](C)(C)O[Si](C)(C)C,confirmed_organic,organic_reagent,,,TamadKala,Iranian online wholesale/lab shop,product_page_listed_not_current_stock_verified,https://tamadkala.com/product/12414/%D9%87%DA%AF%D8%B2%D8%A7%D9%85%D8%AA%DB%8C%D9%84-%D8%AF%DB%8C-%D8%B3%DB%8C%D9%84%D9%88%DA%A9%D8%B3%D8%A7%D9%86,هگزامتیل دی سیلوکسان,router_title_normalization,seed_2026-08-24 + seed_2026-08-25,2026-08-23,9cb2db4ae38798495bdae4b17ee86f6ced1e4217e64f5820bf8cda70fd0a9874
trimethylhexanol,,,,3034119,,,PQSMEVPHTJECDZ-UHFFFAOYSA-N,C9H20O,144.25,,confirmed_organic,organic_reagent,derived:supplier_platform,Shimi Merck,Shimi Merck + https://shimimerck.ir/trimethylhexanol.html,ai_normalized|live_supplier_catalogue,,https://shimimerck.ir/trimethylhexanol.html,trimethylhexanol,model_fleet+pubchem,ai_model_fleet + live_web_catalogue,2026-08-27,5a8f8529776ea23eba917e61aec36e1fd68dd36673932c6c4de444d5ef1897c7
trioctylphosphane,Trioctylphosphine,trioctylphosphane; Trioctylphosphine,4731-53-7,20851,,,RMZAYIKUYWXQPB-UHFFFAOYSA-N,C24H51P,370.6,CCCCCCCCP(CCCCCCCC)CCCCCCCC,confirmed_organic,organic_reagent,,research,Telegram: minatajhiz + t.me/minatajhiz,Iranian supplier Telegram catalogue|telegram,listed_not_current_stock_verified,https://t.me/s/minatajhiz,trioctylphosphane,existing skill export,live_telegram_listing + seed_2026-08-24 + seed_2026-08-25,2026-08-23,99a58852bb09b96b16d4c1bfa44888a0adeec116fe41c0b2c7ee30fe31f903d4
triphenyl phosphate,Triphenyl Phosphate,,115-86-6,8289,,,XZZNDPSIHUTMOC-UHFFFAOYSA-N,C18H15O4P,326.3,C1=CC=C(C=C1)OP(=O)(OC2=CC=CC=C2)OC3=CC=CC=C3,confirmed_organic,organic_reagent,,,telegram:chemgroup,Iranian supplier Telegram catalogue,listing_evidence_crawled_2026-08-24,https://t.me/chemgroup/615,,ai_normalised_listing+pubchem_confirmed,seed_2026-08-24 + seed_2026-08-25,2015-12-30,a42f75d3e71ecab25414f383e642d98d83060e22a0ada9e334e3dfb3cf70045f
triphenyl phosphite,,,,7540,,,HVLLSGMXQDNUAL-UHFFFAOYSA-N,C18H15O3P,310.3,,confirmed_organic,organic_reagent,derived:supplier_platform,,t.me/ChemIranSanat,ai_normalized,,https://t.me/ChemIranSanat/1725,"93412 Sigma-Aldrich
Tris(trimethylsilyl) phosphite, 95%
5ml

 🔜 موجود و آماده تحویل
 ✅ شیمیران صنعت فقط اصلی
 📱 دریافت قیمت یا سفارش کالا 👇 

 🆔 @ChemIranAdmin 

 🆔 @ChemIran1",model_fleet+pubchem,ai_model_fleet,2026-08-27,c150444818378ad7584aac17b09c08d06bc756fad445f7761f4e20d5326a34d7
Triphenylphosphine,triphenylphosphine,,603-35-0,11776,,,RIOQSEWOXXDEQQ-UHFFFAOYSA-N,C18H15P,262.3,C1=CC=C(C=C1)P(C2=CC=CC=C2)C3=CC=CC=C3,confirmed_organic,organic_reagent,,,minatajhiz,telegram,listing_evidence_crawled_2026-08-23,https://t.me/minatajhiz/662,Triphenylphosphine 808270 250gr #merck,ai_resolved+pubchem,seed_2026-08-24 + seed_2026-08-25,2026-08-23,d9a2525fa2de48e54ed7a1227b597b79e39d8b1dc53cb56b8cdc5fe636770acb
Triphosgene,Triphosgene,Triphosgene; bis(trichloromethyl) carbonate; Bis(trichloromethyl) carbonate,,94429,,,UCPYLLCMEDAXFR-UHFFFAOYSA-N,C3Cl6O3,296.7,C(=O)(OC(Cl)(Cl)Cl)OC(Cl)(Cl)Cl,confirmed_organic,organic_reagent,,research,t.me/minatajhiz + telegram:minatajhiz,telegram|telegram:minatajhiz,telegram_listing_evidence,https://t.me/s/minatajhiz,نام فارسی: بیس (تری کلرو متیل )کربنات نام ماده: Bis(trichloromethyl) carbonate کد محصول مرک: 814283 شرکت مینا تجهیزآریا وارد کننده مواد شیمیایی و آزمایشگاهی برند مرک و سیگما آلدریچ,structured_pubchem,live_telegram_listing + seed_2026-08-24 + seed_2026-08-25,2026-08-23,57ff38abcac05c150295dd951b2ce14b78ce2333cec417ab45d9fe8ab407473f
"tripotassium;2-hydroxypropane-1,2,3-tricarboxylate;hydrate",Potassium citrate,"tripotassium;2-hydroxypropane-1,2,3-tricarboxylate;hydrate; Potassium citrate",6132-04-3,2735208,,yes,PJAHUDTUZRZBKM-UHFFFAOYSA-K,C6H7K3O8,324.41,C(C(=O)[O-])C(CC(=O)[O-])(C(=O)[O-])O.O.[K+].[K+].[K+],confirmed_organic,organic_reagent,,Shimi Merck,DigiShimi; Fardad Shimi + Shimi Merck + https://shimimerck.ir/potassium-citrate.html,Iranian online chemical shops | Iranian online lab-chemical shop|ai_normalized|live_supplier_catalogue,product_page_listed_not_current_stock_verified,https://shimimerck.ir/potassium-citrate.html,سیترات پتاسیم | پتاسیم سیترات ۱ آبه DAE JUNG کره | ... || potassium citrate,router_title_normalization,ai_model_fleet + live_web_catalogue + seed_2026-08-24 + seed_2026-08-25,2026-08-23,21a1b5955e2bf6f7d59221efa1717e1f2b1d7745d37c4bbb1c7ef231568dbb77
tripotassium;iron(3+);hexacyanide,tripotassium;iron(3+);hexacyanide,tripotassium;iron(3+);hexacyanide,13746-66-2,26250,,,BYGOPQKDHGXNCD-UHFFFAOYSA-N,C6FeK3N6,329.24,[C-]#N.[C-]#N.[C-]#N.[C-]#N.[C-]#N.[C-]#N.[K+].[K+].[K+].[Fe+3],confirmed_organic,organic_reagent,derived:supplier_platform,,Mojallali Group + t.me/ATRmedShop,Iranian WooCommerce catalogue|ai_normalized,product_page_listed_not_current_stock_verified,https://t.me/ATRmedShop/726,"Potassium ferricyanide || خرید پتاسیم هگزاسیانوفرات (III) | قیمت پتاسیم هگزاسیانوفرات (III)


‌‏⁧ ‌‌‏‌محصولات سیگما اصل را از ما بخواهید.

 👇 واردات و فروش مواد شیمیایی سیگما 👇 ‌‌ 
‌
 ☎️ تلفن: ۰۲۱۶۶۳۶۱۵۴۳-۶۶۳۷۹۰۲۶-۰۲۱
‌
 📱 موبایل: 09120549893

 🌐",cas_pubchem,ai_model_fleet + seed_2026-08-25,2026-08-25,b8c550f6cf5edd3595fe1da03767bf6ab0c0f404c89a38587b76f82687e2bb3f
tris(2-chloroethyl) phosphate,,,,8295,,,HQUQLFOMPYWACS-UHFFFAOYSA-N,C6H12Cl3O4P,285.5,,confirmed_organic,organic_reagent,derived:supplier_platform,,t.me/chemgroup,ai_normalized,,https://t.me/chemgroup/3431,"🎥 از مخلوط مواد استات اتیل، ۹,۱۰-بیس(فنیل اتینیل)انتراسن، سدیم استات، هیدروژن پراکسید، تی سی پی او (TCPO)، نور تولید می شود. #ارسالی_کاربران @ChemGroup",model_fleet+pubchem,ai_model_fleet,2026-08-27,ad7c58bedf573357b397bc560d155b1ceee00e6a6ed78a3169186850b2ff9c1c
tris(trimethylsilyl) phosphite,Tris(trimethylsilyl) phosphite,,10475-02-2,137213,,,VMZOBROUFBEGAR-UHFFFAOYSA-N,C9H27O3PSi3,298.54,C[Si](C)(C)OP(O[Si](C)(C)C)O[Si](C)(C)C,confirmed_organic,organic_reagent,,,t.me/ChemIranSanat + telegram:ChemIranSanat,Iranian supplier Telegram catalogue|ai_normalized,listing_evidence_crawled_2026-08-24,https://t.me/ChemIranSanat/1725,"93412 Sigma-Aldrich Tris(trimethylsilyl) phosphite, 95% 5ml 🔜 موجود و آماده تحویل ✅ شیمیران صنعت فقط اصلی 📱 دریافت قیمت یا سفارش کالا 👇 🆔 @ChemIranAdmin 🆔 @ChemIran1 || 93412 Sigma-Aldrich
Tris(trimethylsilyl) phosphite, 95%
5ml

 🔜 موجود و آماده تحویل
 ✅ شیمیران صنعت فقط اصلی
 📱 دریافت قیمت یا سفار",ai_normalised_listing+pubchem_confirmed,ai_model_fleet + seed_2026-08-24 + seed_2026-08-25,2019-06-12,d581a418c5a77aa63b5733d82ef517e13c544043c4256c490407c6e3a02b6fd9
"trisodium;2-hydroxypropane-1,2,3-tricarboxylate",Trisodium citrate,"trisodium;2-hydroxypropane-1,2,3-tricarboxylate; Trisodium citrate",68-04-2,6224,,,HRXKRNGNAMMEHJ-UHFFFAOYSA-K,C6H5Na3O7,258.07,C(C(=O)[O-])C(CC(=O)[O-])(C(=O)[O-])O.[Na+].[Na+].[Na+],confirmed_organic,organic_reagent,,research,Isatis Shimi; TamadKala + Shimi Merck,Iranian online chemical shops | Iranian online wholesale/lab shop|ai_normalized,product_page_listed_not_current_stock_verified,https://shimimerck.ir/trisodium-citrate-106448.html,Trisodium Citrate | تری سدیم سیترات | تری سدیم سیترات 2 آبه laboratory دکتر مجللی | ... || trisodium citrate,router_title_normalization,ai_model_fleet + seed_2026-08-24 + seed_2026-08-25,2026-08-23,2bacca9ce7f554f975cfa75ae3f54b444a3d3097cd0f35537f34b392d01af5e3
"trisodium;2-hydroxypropane-1,2,3-tricarboxylate;dihydrate",Trisodium citrate dihydrate,"trisodium;2-hydroxypropane-1,2,3-tricarboxylate;dihydrate; Trisodium citrate dihydrate",6132-04-3,71474,,,NLJMYIDDQXHKNR-UHFFFAOYSA-K,C6H9Na3O9,294.10,C(C(=O)[O-])C(CC(=O)[O-])(C(=O)[O-])O.O.O.[Na+].[Na+].[Na+],confirmed_organic,organic_reagent,,research,Shimi Merck + TamadKala; Mojallali Group; ShimiMan; telegram:ATRmedShop + https://shimimerck.ir/trisodium-citrate-dihydrate.html,Iranian online wholesale/lab shop|ai_normalized|live_supplier_catalogue,product_page_listed_not_current_stock_verified,https://shimimerck.ir/trisodium-citrate-dihydrate.html,تری سدیم سیترات 2 آبه extra pure دکتر مجللی | ... || trisodium citrate dihydrate,router_title_normalization,ai_model_fleet + live_web_catalogue + seed_2026-08-24 + seed_2026-08-25,2026-08-23,0a16a26494c76a98617a244bca84a1d35270e3f96aaf267f7963c5c808f2b529
"trisodium;3-hydroxy-4-[(2-hydroxy-4-sulfonatonaphthalen-1-yl)diazenyl]naphthalene-2,7-disulfonate",Hydroxy Naphthol Blue,"trisodium;3-hydroxy-4-[(2-hydroxy-4-sulfonatonaphthalen-1-yl)diazenyl]naphthalene-2,7-disulfonate; Hydroxy Naphthol Blue",63451-35-4,113232,,,AUIINJJXRXMPGT-UHFFFAOYSA-K,C20H11N2Na3O11S3,620.5,C1=CC=C2C(=C1)C(=CC(=C2N=NC3=C4C=CC(=CC4=CC(=C3O)S(=O)(=O)[O-])S(=O)(=O)[O-])O)S(=O)(=O)[O-].[Na+].[Na+].[Na+],confirmed_organic,colorant_or_indicator,,,Shimi Merck + TamadKala; Mojallali Group,Iranian online wholesale/lab shop|ai_normalized,product_page_listed_not_current_stock_verified,https://shimimerck.ir/hydroxynaphthol-blue-104593.html,هیدروکسی نفتول بلو indicator دکترمجللی || hydroxynaphthol blue,router_title_normalization,ai_model_fleet + seed_2026-08-24 + seed_2026-08-25,2026-08-23,53dc6d5fd5585f59e3ad4c57f3f120b1a1778d5c95ce7374fa2cd738b9bfde41
trisodium;5-oxo-1-(4-sulfonatophenyl)-4-[(4-sulfonatophenyl)diazenyl]-4H-pyrazole-3-carboxylate,Tartrazine,trisodium;5-oxo-1-(4-sulfonatophenyl)-4-[(4-sulfonatophenyl)diazenyl]-4H-pyrazole-3-carboxylate; Tartrazine,1934-21-0,164825,,,UJMBCXLDXJUMFB-UHFFFAOYSA-K,C16H9N4Na3O9S2,534.4,C1=CC(=CC=C1N=NC2C(=NN(C2=O)C3=CC=C(C=C3)S(=O)(=O)[O-])C(=O)[O-])S(=O)(=O)[O-].[Na+].[Na+].[Na+],confirmed_organic,colorant_or_indicator,,,TamadKala,Iranian online research/chemical shop | Iranian online wholesale/lab shop,product_page_listed_not_current_stock_verified,https://tamadkala.com/product/57968/%D8%B1%D9%86%DA%AF-%D8%AE%D9%88%D8%B1%D8%A7%DA%A9%DB%8C-%D8%AA%D8%A7%D8%B1%D8%AA%D8%B1%D8%A7%D8%B2%DB%8C%D9%86%D8%B2%D8%B1%D8%AF,رنگ خوراکی تارترازین زرد | رنگ خوراکی تارترازینزرد,explicit_category_supplement | router_title_normalization,seed_2026-08-24 + seed_2026-08-25,2026-08-23,e575b38697751f080f117cf38e53c1aab018c6fbdaf2947b3cb39cad9fb35533
Tromethamine hydrochloride,tris(hydroxymethyl)aminomethane hydrochloride,"Tromethamine hydrochloride; tris(hydroxymethyl)aminomethane hydrochloride; 2-amino-2-(hydroxymethyl)propane-1,3-diol;hydrochloride",1185-53-1,93573,,,QKNYBSVHEMOAJP-UHFFFAOYSA-N,C4H12ClNO3,157.59,C(C(CO)(CO)N)O.Cl,confirmed_organic,organic_reagent,,,Mojallali Group + t.me/ATRmedShop,ai_normalized|web_catalogue,listing_evidence_crawled_2026-08-23,https://t.me/ATRmedShop/522,"Tris hydrochloride || تریس هیدروکلراید گرید بیولوژی مولکولی

‌‏⁧ ‌‌‏‌محصولات سیگما اصل را از ما بخواهید.

 👇 واردات و فروش مواد شیمیایی سیگما و مرک 👇 ‌
‌
‌
 ☎️ تلفن: ۰۲۱۶۶۳۶۱۵۴۳-۶۶۳۷۹۰۲۶-۰۲۱
‌
 📱 موبایل: 09120549893

 🌐 لینک محصول: 
 https://",ai_resolved+pubchem,ai_model_fleet + seed_2026-08-24 + seed_2026-08-25,2026-08-23,b253a3d2d1a21983992d2a3db1cb5955c033de1fe2e80c5c1f18ba67885f09f9
urea,Urea,urea; Urea,57-13-6,1176,,,XSQUKJJJFZCRTK-UHFFFAOYSA-N,CH4N2O,60.056,C(=O)(N)N,confirmed_organic,organic_reagent,,research,DigiShimi; Fardad Shimi; Isatis Shimi; TamadKala; Telegram: Boof_company; Telegram: Ch_Chemical_leaders; Telegram: ChemIranSanat; Telegram: IranChemicals; Telegram: LabTel; Telegram: Maran_Tejarat_Eshen; Telegram: chemgroup; Telegram: jahan,Iranian online chemical shops | Iranian online lab-chemical shop | Iranian online wholesale/lab shop | Iranian supplier ,listed_not_current_stock_verified | product_page_listed_not_current_stock_verified,https://iranpetrochemical.net/product/urea-carbanide-carbonyl/,Urea | urea | اوره | اوره MERCK | ... | اوره دکتر مجللی | اوره قطران شیمی | اوره ۸۰۰ گرمی دکتر مجللی | فروش اوره 2 || #تبلیغات 🎯 پیشنهاد ویژه پلی‌زون برای تولیدکنندگان حرفه‌ای! 🔥 پودرفوکو AC7000DB (KUMYANG) – راه‌حلی برای پوشش‌های مقاوم و با دوام 💥 افزایش چشمگیر کیفیت رنگ و پوشش در صنایع خودروسازی، ,existing skill export | router_title_normalization,ai_model_fleet + live_telegram_listing + live_web_catalogue + seed_2026-08-24 + seed_2026-08-25,2026-08-23,b40f6cc6507713fe0d2e46a56b6db7167422b951488de148c29ac76bacc20de5
vinblastine sulfate salt,,,,11957719,,,KDQAABAKXDWYSZ-DSRPYOOMSA-N,C46H60N4O13S,909.1,,confirmed_organic,organic_reagent,derived:supplier_platform,Shimi Merck,Shimi Merck + https://shimimerck.ir/vinblastine-sulfate-salt.html,ai_normalized|live_supplier_catalogue,,https://shimimerck.ir/vinblastine-sulfate-salt.html,vinblastine sulfate salt,model_fleet+pubchem,ai_model_fleet + live_web_catalogue,2026-08-27,31c491ec70980f40eaefe5cef15ff016530972d459c4c90731fbdd16619ebb75
Xylenol Orange tetrasodium salt,Xylenol orange tetrasodium salt,"Xylenol Orange tetrasodium salt; Xylenol orange tetrasodium salt; tetrasodium;2-[[5-[3-[3-[[bis(carboxylatomethyl)amino]methyl]-4-hydroxy-5-methylphenyl]-1,1-dioxo-2,1lambda6-benzoxathiol-3-yl]-2-hydroxy-3-methylphenyl]methyl-(carboxylatomethyl)amino]acetate",3618-43-7,2724221,,,YIIQUYHVWRJXEM-UHFFFAOYSA-J,C31H28N2Na4O13S,760.6,CC1=CC(=CC(=C1O)CN(CC(=O)[O-])CC(=O)[O-])C2(C3=CC=CC=C3S(=O)(=O)O2)C4=CC(=C(C(=C4)C)O)CN(CC(=O)[O-])CC(=O)[O-].[Na+].[Na+].[Na+].[Na+],confirmed_organic,colorant_or_indicator,,,Mojallali Group,web_catalogue,listing_evidence_crawled_2026-08-23,https://drm-chem.com/en/product/xylenol-orange-tetrasodium-salt-en/,Xylenol orange tetrasodium salt,pubchem_direct,seed_2026-08-24 + seed_2026-08-25,2026-08-23,4c22107bdc2ce482172e5b2df8097fd175c3810b0ec7ea961a1f2b6903eab55c
zinc bis(octadecanoate),Zinc Stearate,zinc bis(octadecanoate); Zinc Stearate; zinc stearate,557-05-1,11178,,,XOOUIPVCVHRTMJ-UHFFFAOYSA-L,C36H70O4Zn,632.3,CCCCCCCCCCCCCCCCCC(=O)[O-].CCCCCCCCCCCCCCCCCC(=O)[O-].[Zn+2],confirmed_organic,organic_reagent,,research,Telegram: fanchem; TamadKala; IR Chem / Pishgaman + t.me/fanchem,Iranian supplier Telegram catalogue|telegram,listed_not_current_stock_verified,https://t.me/s/fanchem,zinc bis(octadecanoate) || ⚜️ محصول جدید فن آوران شیمی تجزیه ✅ استئارات روی گرید 5012 ✳️ مخصوص پلیمر ،پلاستیک،مستربچ و کامپاند ☎️ تلفن : 02166565702 ➕ ادامه در لینک زیر: https://goo.gl/ui3S1U 🔛 Join 👉 @Fanchem,existing skill export,live_telegram_listing + seed_2026-08-24 + seed_2026-08-25,2026-08-23,fa5e48b72cb385232417872b7e682625db0037486b1ed2e55392b5f71822a5a2
zinc diacetate,Zinc Acetate,zinc diacetate; Zinc Acetate; zinc acetate,557-34-6,11192,,,DJWUNCQRNNEAKC-UHFFFAOYSA-L,C4H6O4Zn,183.5,CC(=O)[O-].CC(=O)[O-].[Zn+2],confirmed_organic,organic_reagent,,research,Telegram: ChemIranSanat; TamadKala + t.me/ChemIranSanat,Iranian supplier Telegram catalogue|telegram,listed_not_current_stock_verified,https://t.me/s/ChemIranSanat,zinc diacetate,existing skill export,live_telegram_listing + seed_2026-08-24 + seed_2026-08-25,2026-08-23,068a936915ac4f8288839f715462b65c481e8016b45076209b65c94d57710492
