"# export_metadata: {""exported_at"": ""2026-08-23T03:30:25Z"", ""skill"": ""iran-chem-database@2.13.0 (clawhub: @orionshaowswmw/iran-chem-database)"", ""scope"": ""BEST-EFFORT dated index of organic molecules offered by verified IRANIAN suppliers (public Telegram channels + public supplier web catalogs), crawled 2026-08-23 from a foreign datacenter. NOT a claim of national completeness; coverage per source is in coverage_report.json."", ""rows"": 334, ""organic_rows"": 210, ""unknown_organic_rows"": 124, ""unique_molecules"": 334, ""ai_assisted_identities"": 194, ""channel_verification"": {""merckmillipore"": {""verified"": true, ""country"": ""IR"", ""score"": 60, ""families"": [""language"", ""location"", ""phone""], ""level"": ""offline""}, ""labshop"": {""verified"": false, ""country"": null, ""score"": 25, ""families"": [""language"", ""location""], ""level"": ""offline""}, ""minatajhiz"": {""verified"": true, ""country"": ""IR"", ""score"": 65, ""families"": [""domain"", ""language"", ""location""], ""level"": ""offline""}, ""ChemIranSanat"": {""verified"": true, ""country"": ""IR"", ""score"": 60, ""families"": [""language"", ""location"", ""phone""], ""level"": ""offline""}, ""Maran_Tejarat_Eshen"": {""verified"": false, ""country"": null, ""score"": 45, ""families"": [""currency"", ""language"", ""location""], ""level"": ""offline""}, ""jahaneshimicom"": {""verified"": false, ""country"": null, ""score"": 25, ""families"": [""language"", ""location""], ""level"": ""offline""}, ""Ch_Chemical_leaders"": {""verified"": false, ""country"": null, ""score"": 45, ""families"": [""currency"", ""language"", ""location""], ""level"": ""offline""}, ""Boof_company"": {""verified"": true, ""country"": ""IR"", ""score"": 60, ""families"": [""language"", ""location"", ""phone""], ""level"": ""offline""}, ""fanchem"": {""verified"": true, ""country"": ""IR"", ""score"": 85, ""families"": [""domain"", ""language"", ""phone""], ""level"": ""offline""}, ""IranChemicals"": {""verified"": false, ""country"": null, ""score"": 25, ""families"": [""language"", ""location""], ""level"": ""offline""}, ""chemgroup"": {""verified"": false, ""country"": null, ""score"": 45, ""families"": [""currency"", ""language"", ""location""], ""level"": ""offline""}, ""LabTel"": {""verified"": false, ""country"": null, ""score"": 25, ""families"": [""language"", ""location""], ""level"": ""offline""}}, ""notes"": ""identity_method: alias=curated dictionary, cas_only(+pubchem), structured_alias/structured_pubchem=skill shape extractor, ai_resolved+=cloud model (router.py) + PubChem check. organic_status=unknown rows are unresolved records, kept per skill mandate, never silently discarded.""}"
molecule,cas,pubchem_cid,inchi_key,formula,molecular_weight,canonical_smiles,common_name,iupac_name,organic_status,identity_method,kind,grade,brand,sku,purity_percent,pack_size,availability,price,n_suppliers,suppliers,n_source_records,source_urls,date_range,text_evidence
"(2R)-2-[(1S)-1,2-dihydroxyethyl]-3,4-dihydroxy-2H-furan-5-one",50-81-7,54670067,CIWBSHSKHKDKBQ-JLAZNSOCSA-N,C6H8O6,176.12,,L-Ascorbic Acid,"(2R)-2-[(1S)-1,2-dihydroxyethyl]-3,4-dihydroxy-2H-furan-5-one",organic,ai_resolved+cas_only+pubchem,substance,industrial,,,,,,,1,telegram:ChemIranSanat,1,,,اهمیت ویتامین سی را باید از دریافت جایزه نوبل شیمی به خاطر کشف آن توسط Albert Szent فهمید. 🆔 @ChemIran1
(2R)-2-amino-3-sulfanylpropanoic acid,52-90-4,5862,XUJNEKJLAYXESH-REOHCLBHSA-N,C3H7NO2S,121.16,,L-(+)-Cysteine,(2R)-2-amino-3-sulfanylpropanoic acid,organic,ai_resolved+cas_only+pubchem,substance,research,,,,,,,1,telegram:labshop,1,,,"L-Cysteine , Merck 102735 @labshop"
"(2R,3R,4R,5S)-hexane-1,2,3,4,5,6-hexol",50-70-4,5780,FBPFZTCFMRRESA-JGWLITMVSA-N,C6H14O6,182.17,,Sorbitol,"(2R,3R,4R,5S)-hexane-1,2,3,4,5,6-hexol",organic,ai_resolved+cas_only+pubchem,substance,industrial,,,,,,,1,telegram:IranChemicals,1,,,🔴 #پادکست 🟩 سوربیتول 🔴 شیرین‌کننده مصنوعی پرمصرف با بیماری کبد مرتبط شناخته شد https://scitechdaily.com/scientists-link-popular-sugar-substitute-to-liver-disease/ تهیه شده توسط هوش مصنوعی NoteBookLm
"(2R,3R,4S,5S,6R)-2-[(2S,3S,4S,5R)-3,4-dihydroxy-2,5-bis(hydroxymethyl)oxolan-2-yl]oxy-6-(hydroxymethyl)oxane-3,4,5-triol",57-50-1,5988,CZMRCDWAGMRECN-UGDNZRGBSA-N,C12H22O11,342.3,,Sucrose,"(2R,3R,4S,5S,6R)-2-[(2S,3S,4S,5R)-3,4-dihydroxy-2,5-bis(hydroxymethyl)oxolan-2-yl]oxy-6-(hydroxymethyl)oxane-3,4,5-triol",organic,ai_resolved+cas_only+pubchem,substance,industrial,,,,,,,1,telegram:jahaneshimicom,1,,,سلام دکستروز آبدار ژیوانگ مورد نیاز است 09129614155
(2S)-2-amino-5-[[(2R)-1-(carboxymethylamino)-1-oxo-3-sulfanylpropan-2-yl]amino]-5-oxopentanoic acid,,124886,RWSXRVCMGQZWBV-WDSKDSINSA-N,C10H17N3O6S,,,Glutathione,,organic,structured_pubchem,substance,research,Sigma-Aldrich,HR1359,,,in_stock,,1,telegram:ChemIranSanat,1,,,HR1359 Sigma-Aldrich Glutathione Pharmaceutical Secondary Standard; Certified Reference Material موجود و آماده تحویل ✅ شیمیران صنعت فقط اصلی 09386489001 🆔 @ChemIranAdmin 🆔 @ChemIran1
(2S)-2-aminobutanedioic acid,,5960,CKLJMWTZIZZHCS-REOHCLBHSA-N,C4H7NO4,,,L-Aspartic Acid,,organic,structured_pubchem,substance,research,Exir,014036,,value=100.0 unit=g normalised_value=100.0 normalised_unit=g raw=100g,in_stock,,1,telegram:ChemIranSanat,1,,,014036 Exir L-Aspartic acid 100g 🔜 موجود و آماده تحویل ✅ شیمیران صنعت فقط اصلی ♾ موجودی و تنوع بی نظیر از برندهای معتبر 📦 ارسال رایگان 📱 سفارش کالا 👇 📱 0938 648 9001 ☎️ 77 88 18 08 🆔 @ChemIranAdmin 🆔 @ChemIran1
"(2S,3R,4S,5R,6R)-3,4,5,6-tetrahydroxyoxane-2-carboxylic acid",9000-69-5,441476,AEMOLEFTQBMNLQ-DTEWXJGMSA-N,C6H10O7,194.14,,Pectin,"(2S,3R,4S,5R,6R)-3,4,5,6-tetrahydroxyoxane-2-carboxylic acid",organic,ai_resolved+cas_only+pubchem,substance,industrial,,,,,,,1,telegram:jahaneshimicom,1,,,سلام دکتر فرجی هستم پکتین سیب موجود دارید؟ 09124144625
"(3-hydroxy-2,2,4-trimethylpentyl) 2-methylpropanoate",,6490,DAFHKNAQFPVRKR-UHFFFAOYSA-N,C12H24O3,,,Texanol,,organic,structured_pubchem,composite,industrial,,,,,,,1,telegram:Maran_Tejarat_Eshen,1,,,#Texanol : تگزانول به عنوان یکی از حلال‌های مؤثر در فرمولاسیون #رنگ‌ها و پوشش‌ها شناخته می‌شود. این ماده با کاهش کشش سطحی و افزایش قابلیت پخش رنگ‌ها بر روی سطوح، کیفیت پوشش نهایی را بهبود می‌بخشد. از آنجایی که تگزانول دارای خواص فیزیکی خاصی است، می‌تواند به عنوان یک حلال منعقدکننده در سیستم‌های پایه
"(8R,9S,13S,14S,16R,17R)-13-methyl-6,7,8,9,11,12,14,15,16,17-decahydrocyclopenta[a]phenanthrene-3,16,17-triol",50-27-1,5756,PROQIPRRNZUXQM-ZXXIGWHRSA-N,C18H24O3,288.4,,Estriol,"(8R,9S,13S,14S,16R,17R)-13-methyl-6,7,8,9,11,12,14,15,16,17-decahydrocyclopenta[a]phenanthrene-3,16,17-triol",organic,ai_resolved+cas_only+pubchem,substance,research,,,,,,,1,telegram:merckmillipore,1,,,تعداد محدودی colsemid گیبکو موجود میباشد 09121161187
(E)-3-phenylprop-2-enal,104-55-2,637511,KJPRLNWUNMBNBZ-QPJJXVBHSA-N,C9H8O,132.16,,Cinnamaldehyde,(E)-3-phenylprop-2-enal,organic,ai_resolved+cas_only+pubchem,substance,industrial,,,,,,,1,telegram:ChemIranSanat,1,,,"022353 Exir 4,4'-Oxybis(benzoic acid) 25g 🔜 موجود و آماده تحویل ✅ شیمیران صنعت فقط اصلی ♾ موجودی و تنوع بی نظیر از برندهای معتبر 📱 سفارش کالا 👇 🆔 @ChemIranAdmin 🆔 @ChemIran1"
(phenyldisulfanyl)benzene,,13436,GUUVPOWQJOLRAS-UHFFFAOYSA-N,C12H10S2,,,Diphenyl disulfide,,organic,structured_pubchem,substance,research,Merck,820989,,,,,1,telegram:minatajhiz,1,,,دی فنیل دی سولفید Diphenyl disulfide کد محصول مرک: 820989 واردات جدید مرک
"1,2-dimethoxy-4-[(E)-prop-1-enyl]benzene",,637776,NNWHUJCUHAELCL-SNAWJCMRSA-N,C11H14O2,,,Methylisoeugenol,,organic,structured_pubchem,substance,research,,,,,in_stock,,1,telegram:minatajhiz,1,,,💡 متیل‌دار کردن متیل‌دار کردن یا متیلاسیون (Methylation) در شیمی به معنای افزایش یا جانشینی یک گروه متیل به یک مولکول است. متیلاسیون، گونه‌ای از آلکیلاسیون است که ترجیحاً با جایگزینی یک گروه متیل با یک اتم هیدروژن را در زنجیره کربنی بلندتر صورت می‌پذیرد. این شرایط در شیمی، زیست‌شیمی و شیمی خاک بیشتر
"1,3,5-triazine-2,4,6-triamine",,7955,JDSHMPZPIAZGSV-UHFFFAOYSA-N,C3H6N6,,,Melamine,,organic,structured_pubchem,substance,research,Exir,006123,,value=500.0 unit=g normalised_value=500.0 normalised_unit=g raw=500g,in_stock,,1,telegram:ChemIranSanat,1,,,"006123 Exir Melamine, 99% 500g 🔜 موجود و آماده تحویل ✅ شیمیران صنعت فقط اصلی ♾ موجودی و تنوع بی نظیر از برندهای معتبر 📦 ارسال رایگان 📱 سفارش کالا 👇 🆔 @ChemIranAdmin 🆔 @ChemIran1"
"1,3,7-trimethylpurine-2,6-dione",58-08-2,2519,RYYVLZVUVIJVGH-UHFFFAOYSA-N,C8H10N4O2,194.19,,Caffeine,"1,3,7-trimethylpurine-2,6-dione",organic,ai_resolved+cas_only+pubchem,substance,industrial,,,,,,,1,telegram:ChemIranSanat,1,,,شیمی پاییز، فصل رنگ ها با عدم تولید کلروفیل و تجزیه کلروفیل موجود، ترکیبات رنگی دیگر خودی نشان می دهند. پاییزتون بخیر 🆔 @ChemIran1
"1,3-diphenylpropane-1,3-dione",,8433,NZZIMKJIVMHWJC-UHFFFAOYSA-N,C15H12O2,,,Dibenzoylmethane,,organic,structured_pubchem,substance,research,Merck,820538,,,,,1,telegram:minatajhiz,1,,,"1و3-دی فنیل 1و3-پروپاندیون (دی بنزوئیل متان) 1,3-Diphenyl-1,3-propanedione کد محصول مرک: 820538 واردات جدید مرک"
"1,4-diazabicyclo[2.2.2]octane",,9237,IMNIMPAHZVJRPE-UHFFFAOYSA-N,C6H12N2,,,Dabco,,organic,structured_pubchem,substance,research,Exir,012616,,value=100.0 unit=g normalised_value=100.0 normalised_unit=g raw=100g,in_stock,,2,telegram:ChemIranSanat; telegram:IranChemicals,1,https://t.me/IranChemicals/31153,2026-06-28T07:02:12+00:00,"012616 Exir 1,4-Diazabicyclo[2.2.2]octane, 99% (DABCO) 100g 🔜 موجود و آماده تحویل ✅ شیمیران صنعت فقط اصلی ♾ موجودی و تنوع بی نظیر از برندهای معتبر 📱 سفارش کالا 👇 🆔 @ChemIranAdmin 🆔 @ChemIran1"
"1,6-diisocyanatohexane",822-06-0,13192,RRAMGCGOFNQTLD-UHFFFAOYSA-N,C8H12N2O2,,,Hexamethylene diisocyanate,,organic,alias+pubchem,substance,research,Merck,,,,,,1,telegram:minatajhiz,1,,,"ماده شیمیایی هگزا متیلن دی ایزوسیانات محصول کمپانی مرک آلمان که جزء واردات شرکت مینا تجهیز آریا می باشد. نام های دیگر این محصول : 1,6-Diisocyanatohexane می باشد. CAS: 822-06-0 EC Number: 212-485-8 @minatajhiz_aria"
1-(bromomethyl)-2-phenylbenzene,,263365,SEXZHJJUKFXNDY-UHFFFAOYSA-N,C13H11Br,,,1-(bromomethyl)-2-phenylbenzene,,organic,structured_pubchem,substance,research,Sigma-Aldrich,360082,,value=25.0 unit=گرمی normalised_value=25.0 normalised_unit=g raw=25 گرمی,in_stock,,1,telegram:ChemIranSanat,1,,,360082 ALDRICH 2-Phenylbenzyl bromide 97% موجود و آماده تحویل واحد 25 گرمی 🆔 @ChemIran1
1-(chloromethyl)-4-ethenylbenzene,,74126,ZRZHXNCATOYMJH-UHFFFAOYSA-N,C9H9Cl,,,p-Vinylbenzyl chloride,,organic,structured_pubchem,substance,research,Acros,,,,,,1,telegram:minatajhiz,1,,,"4-Vinylbenzyl chloride, 90%, tech #acros"
1-[chloro(ethoxy)phosphoryl]oxyethane,,13139,LGTLXDJOAJDFLR-UHFFFAOYSA-N,C4H10ClO3P,,,Diethyl chlorophosphate,,organic,structured_pubchem,substance,research,Sigma-Aldrich,D91632,,value=25.0 unit=g normalised_value=25.0 normalised_unit=g raw=25g,in_stock,,1,telegram:ChemIranSanat,1,,,"D91632 Sigma-Aldrich Diethyl chlorophosphate, 97% 25g 🔜 موجود و آماده تحویل ✅ شیمیران صنعت فقط اصلی ♾ موجودی و تنوع بی نظیر از برندهای معتبر 📦 ارسال رایگان 📱 سفارش کالا 👇 📞 0938-648-9001 🆔 @ChemIranAdmin 🆔 @ChemIran1"
1-bromobutane,,8002,MPPPKRYCTPRNTB-UHFFFAOYSA-N,C4H9Br,,,Butyl bromide,,organic,structured_pubchem,substance,research,Merck,801602,,,in_stock,,1,telegram:minatajhiz,1,,,1- برومو بوتان 1-Bromobutane کد محصول مرک 801602 موجودی محدود
1-chloro-4-(4-chlorophenyl)sulfonylbenzene,,6625,GPAPPPVRLPGFEQ-UHFFFAOYSA-N,C12H8Cl2O2S,,,"4,4'-Dichlorodiphenyl sulfone",,organic,structured_pubchem,substance,research,Exir,003325,,value=100.0 unit=g normalised_value=100.0 normalised_unit=g raw=100g,in_stock,,1,telegram:ChemIranSanat,1,,,003325 Exir Bis(4-chlorophenyl) sulfone 100g 🔜 موجود و آماده تحویل ✅ شیمیران صنعت فقط اصلی ♾ موجودی و تنوع بی نظیر از برندهای معتبر 📦 ارسال رایگان 📱 سفارش کالا 👇 📞 0938-648-9001 🆔 @ChemIranAdmin 🆔 @ChemIran1
"1-hydroxypyrrolidine-2,5-dione",,80170,NQTADLQHYWFPDB-UHFFFAOYSA-N,C4H5NO3,,,N-Hydroxysuccinimide,,organic,structured_pubchem,substance,research,Exir,010372,,value=25.0 unit=g normalised_value=25.0 normalised_unit=g raw=25g,in_stock,,1,telegram:ChemIranSanat,1,,,010372 Exir N-Hydroxysuccinimide 25g 🔜 موجود و آماده تحویل ✅ شیمیران صنعت فقط اصلی ♾ موجودی و تنوع بی نظیر از برندهای معتبر 📦 ارسال رایگان 📱 سفارش کالا 👇 📱 0938 648 9001 ☎️ 77 88 18 08 🆔 @ChemIranAdmin 🆔 @ChemIran1
1-methyl-4-prop-1-en-2-ylcyclohexene,,22311,XMGQYMWWDOXHJM-UHFFFAOYSA-N,C10H16,,,1-methyl-4-prop-1-en-2-ylcyclohexene,,organic,structured_pubchem,substance,research,Merck,818407,,,,,1,telegram:minatajhiz,1,,,لیمونن (R)-(+)-Limonene کد محصول مرک: 818407 واردات جدید مرک
1-methylpiperazine,,53167,PVOAHINGSUIXLS-UHFFFAOYSA-N,C5H12N2,,,1-methylpiperazine,,organic,structured_pubchem,substance,research,,,,,in_stock,,1,telegram:ChemIranSanat,1,,,شیمی دفع پشه ترکیب 1-octen-3-ol موجود در بدن انسان عامل جذب پشه می باشد. چند ترکیب موثر برای دفع پشه ها وجود دارد. ترکیب 1-methylpiperazine انسان را در برابر پشه نامرئی میکند! 🆔 @ChemIran1
10H-phenothiazine,,7108,WJFKNYWRSNBZNX-UHFFFAOYSA-N,C12H9NS,,,Phenothiazine,,organic,structured_pubchem,substance,research,Merck,820975,,value=25.0 unit=g normalised_value=25.0 normalised_unit=g raw=25g,in_stock,,2,telegram:minatajhiz; telegram:ChemIranSanat,1,https://t.me/ChemIranSanat/1798,2019-08-29T06:56:19+00:00,فنو تیازین Phenothiazine کد محصول مرک: 820975 واردات جدید مرک
"1H-1,2,4-triazole",288-88-0,9257,NSPMIYGKQJPBQR-UHFFFAOYSA-N,C2H3N3,,,"1H-1,2,4-triazole",,organic,cas_only+pubchem,substance,research,Merck,808388,,value=69.07 unit=g normalised_value=69.07 normalised_unit=g raw=69.07 g,,,1,telegram:minatajhiz,1,,,"نام فارسی: 1و2و4 تریازول نام ماده: 1,2,4-Triazole کد محصول مرک: 808388 فرمول: C2H3N3 C A S NUMBER: 288-88-0 مولار: 69.07 g/mol نقطه جوش: 259 - 261 °C (1013 hPa) واردات جدید مرک"
"1H-3,1-benzoxazine-2,4-dione",,8359,TXJUTRJFNRYTHH-UHFFFAOYSA-N,C8H5NO3,,,Isatoic Anhydride,,organic,structured_pubchem,substance,research,Sigma-Aldrich,I12808,,value=100.0 unit=g normalised_value=100.0 normalised_unit=g raw=100G,in_stock,,1,telegram:ChemIranSanat,1,,,I12808 Sigma-Aldrich Isatoic anhydride 100G 🔜 موجود و آماده تحویل ✅ شیمیران صنعت فقط اصلی 📱 دریافت قیمت یا سفارش کالا 👇 🆔 @ChemIranAdmin 🆔 @ChemIran1
1H-pyrrole-2-carbaldehyde,,13854,ZSKGQVFRTSEPJT-UHFFFAOYSA-N,C5H5NO,,,Pyrrole-2-carboxaldehyde,,organic,structured_pubchem,substance,research,Merck,807574,,,,,1,telegram:minatajhiz,1,,,2 پیرول کربالدهید 2-Pyrrolecarbaldehyde کد محصول مرک: 807574 واردات جدید مرک
"2,2,2-trifluoro-N-methyl-N-trimethylsilylacetamide",,32510,MSPCIZMDDUQPGJ-UHFFFAOYSA-N,C6H12F3NOSi,,,N-methyl-N-(trimethylsilyl)trifluoroacetamide,,organic,structured_pubchem,substance,research,Merck,841102,,,,,1,telegram:minatajhiz,1,,,ان-متیل- ان- تری متیل سیلیل- تری فلورو استامید N-Methyl-N-trimethylsilyl-trifluoroacetamide کد محصول مرک 841102 واردات جدید مرک
"2,2,3,3,4,4,4-heptafluorobutanoic acid",,9777,YPJUNDFVDDCYIH-UHFFFAOYSA-N,C4HF7O2,,,Heptafluorobutyric acid,,organic,structured_pubchem,substance,research,Sigma-Aldrich,,,value=25.0 unit=ml normalised_value=25.0 normalised_unit=ml raw=25ml,in_stock,,1,telegram:ChemIranSanat,1,,,52411 Sigma-Aldrich Heptafluorobutyric acid 25ml 🔜 موجود و آماده تحویل ✅ شیمیران صنعت فقط اصلی ♾ موجودی و تنوع بی نظیر از برندهای معتبر 📱 سفارش کالا 👇 🆔 @ChemIranAdmin 🆔 @ChemIran1
"2,2,4-trimethylpentan-1-ol",123-44-4,31258,CWPPDTVYIJETDF-UHFFFAOYSA-N,C8H18O,130.23,,"2,2,4-Trimethyl-1-pentanol","2,2,4-trimethylpentan-1-ol",organic,ai_resolved+cas_only+pubchem,substance,industrial,,,,,,,1,telegram:chemgroup,1,,,"🎥 از مخلوط مواد استات اتیل، ۹,۱۰-بیس(فنیل اتینیل)انتراسن، سدیم استات، هیدروژن پراکسید، تی سی پی او (TCPO)، نور تولید می شود. #ارسالی_کاربران @ChemGroup"
"2,2,4-trimethylpentane",,10907,NHTMVDHEPJAVLT-UHFFFAOYSA-N,C8H18,,,"2,2,4-trimethylpentane",,organic,structured_pubchem,substance,research,,,,,,,1,telegram:minatajhiz,1,,,"2,2,4-Trimethylpentane, puriss. p.a., ACS, >= 99.5 % GC Isooctane"
"2,2-dimethylpropane-1,3-diol",126-30-7,31344,SLCVBVWXLSEKPL-UHFFFAOYSA-N,C5H12O2,104.15,,Neopentyl glycol,"2,2-dimethylpropane-1,3-diol",organic,ai_resolved+cas_only+pubchem,substance,industrial,,,,,,,1,telegram:Maran_Tejarat_Eshen,1,,,✅ نئوپنتیل گلایکل (NPG) ✅ برند ال جی کره ✅ موجود در انبار شورآباد 👤 برای استعلام قیمت و کسب اطلاعات بیشتر با ما در تماس باشید 🏢 بازرگانی ماران تجارت ☎️ 021-26378323 📱 09102296278 📱 09108066146 📱 09912064037 Instagram: @marantejarat Telegram: https://t.me/Maran_Tejarat_Eshen LinkedIn: https://www.lin
"2,3,4,5-tetrafluoroaniline",,21757,BEECAQIHCYTZHC-UHFFFAOYSA-N,C6H3F4N,,,"2,3,4,5-tetrafluoroaniline",,organic,structured_pubchem,substance,research,TCI,T2782,,,in_stock,,1,telegram:ChemIranSanat,1,,,"T2782 TCI 2,3,4,5-Tetrafluoroaniline, >98.0%(GC) موجود و آماده تحویل ✅ شیمیران صنعت فقط اصلی 09386489001 🆔 @ChemIran1"
"2,3,4,6,7,8,9,10-octahydropyrimido[1,2-a]azepine",,81184,GQHTUMJGOHRCHB-UHFFFAOYSA-N,C9H16N2,,,"1,8-Diazabicyclo(5.4.0)undec-7-ene",,organic,structured_pubchem,substance,research,Merck,803282,,,,,1,telegram:minatajhiz,1,,,"DBU 1,8-Diazabicyclo[5.4.0]undec-7-ene کد محصول مرک: 803282 واردات جدید سیگما آلدریچ"
"2,4,4-trimethylpent-2-ene",107-40-4,7869,LAAVYEUJEMRIGF-UHFFFAOYSA-N,C8H16,112.21,,"2,4,4-Trimethyl-2-pentene","2,4,4-trimethylpent-2-ene",organic,ai_resolved+cas_only+pubchem,substance,research,,,,,,,1,telegram:minatajhiz,1,,,فروش محلول هگزا متیل دی سیلوکسان از کمپانی مرک کد محصول: 814051 پکیج: 100ml برای کسب اطلاعات بیشتر با ما در ارتباط باشید @minatajhiz_aria Tell:66900058
"2,4,6-trinitrobenzenesulfonic acid",,11045,NHJVRSWLHSJWIN-UHFFFAOYSA-N,C6H3N3O9S,,,Trinitrobenzenesulfonic Acid,,organic,structured_pubchem,substance,research,Sigma-Aldrich,,,,in_stock,,1,telegram:ChemIranSanat,1,,,92822 Sigma-Aldrich Picrylsulfonic acid solution 1 M in H2O واحد 10 میلی لیتری موجود و آماده تحویل 09386489001 Admin: @ChemIranAdmin 🆔 @ChemIran1
"2,4-dihydroxybenzoic acid",,1491,UIAFKZKHHVMJGS-UHFFFAOYSA-N,C7H6O4,,,"2,4-dihydroxybenzoic acid",,organic,structured_pubchem,substance,research,Merck,800738,,,,,1,telegram:minatajhiz,1,,,"2و4 -دی هیدروکسی بنزوئیک اسید 2,4-Dihydroxybenzoic acid کد محصول مرک 800738 واردات جدید مرک"
"2,6-ditert-butyl-4-methylphenol",128-37-0,31404,NLZUEZXRPGMBCV-UHFFFAOYSA-N,C15H24O,220.35,,"2,6-Di-tert-butyl-4-methylphenol","2,6-ditert-butyl-4-methylphenol",organic,ai_resolved+cas_only+pubchem,substance,industrial,,,,,,,1,telegram:jahaneshimicom,1,,,سلام TBHQ مورد نیاز است قیمت لطفاً ؟09021994565
"2-(2-bromoethyl)isoindole-1,3-dione",574-98-1,11325,CHZXTOCAICMPQR-UHFFFAOYSA-N,C10H8BrNO2,,,"1H-Isoindole-1,3(2H)-dione, 2-(2-bromoethyl)-",,organic,cas_only+pubchem,substance,research,Merck,820178,,value=254.08 unit=g normalised_value=254.08 normalised_unit=g raw=254.08 g,,,1,telegram:minatajhiz,1,,,نام فارسی: ان برمو اتیل فتالیمید نام ماده: N-(2-Bromoethyl)phthalimide کد محصول مرک: 820178 فرمول: C10H8BrNO2 C A S NUMBER: 574-98-1 مولار: 254.08 g/mol قابلیت محلول شدن: (20 °C) insoluble واردات جدید مرک
2-(2-hydroxyethoxy)ethanol,,8117,MTHSVFCYNBDYFN-UHFFFAOYSA-N,C4H10O3,106.12,,Diethylene Glycol,2-(2-hydroxyethoxy)ethanol,organic,structured_pubchem(over_alias),composite,industrial,,,99.9,value=230.0 unit=kg normalised_value=230000.0 normalised_unit=g raw=230 KG,,0.0 USD,1,Chemical Iran,1,,,"Di Ethylene Glycol (DEG). Anti-freeze Lubricants &amp; Automotive, Dyes, Oil Gas &amp; Petroleum, Paints &amp; Coatings, Plastic &amp; Polyester, Pulp &amp; Paper, Textile. Origin: Iran Packing: 230 KG HDPE / Steel Drum, Flexitanks, IBC tanks Minimum Order Quantity : 1 full container/truck Payment t"
2-(2-hydroxyethylamino)ethanol,,8113,ZBCBWPMODOFKDW-UHFFFAOYSA-N,C4H11NO2,105.14,,Diethanolamine,2-(2-hydroxyethylamino)ethanol,organic,structured_pubchem(over_alias),substance,industrial,,,,value=220.0 unit=kg normalised_value=220000.0 normalised_unit=g raw=220 KG,,0.0 USD,1,Chemical Iran,1,,,"Di Ethanol Amine (DEA). Agriculture, Chemicals, Cosmetics &amp; Personal Care, Dyes, Oil Gas &amp; Petroleum, Pharmaceuticals, Soaps &amp; Detergents, Textile. Origin: Iran Packing: 220 KG Steel Drum Minimum Order Quantity : 1 full container / truck Payment term: 100% in advance – T/T Why Chemical I"
2-(trimethylazaniumyl)acetate,107-43-7,247,KWIUHFFTVRNATP-UHFFFAOYSA-N,C5H11NO2,117.15,,Betaine,2-(trimethylazaniumyl)acetate,organic,ai_resolved+cas_only+pubchem,substance,industrial,,,,,,,1,telegram:jahaneshimicom,1,,,سلام بتایین برای خوراک آبزیان دارید؟ 09112272600
2-[2-(2-hydroxyethoxy)ethoxy]ethanol,,8172,ZIBGPFATKBEMQZ-UHFFFAOYSA-N,C6H14O4,150.17,,Triethylene Glycol,2-[2-(2-hydroxyethoxy)ethoxy]ethanol,organic,structured_pubchem(over_alias),composite,industrial,,,95.0,value=230.0 unit=kg normalised_value=230000.0 normalised_unit=g raw=230 KG,,0.0 USD,1,Chemical Iran,1,,,"Tri Ethylene Glycol (TEG). Anti-freeze Lubricants &amp; Automotive, Oil Gas &amp; Petroleum, Plastic &amp; Polyester, Soaps &amp; Detergents, Textile. Origin: Iran Packing: 230 KG HDPE / Steel Drum, Flexi tank, IBC tank Minimum Order Quantity : 1 full container / truck Payment term: 100% in advance "
2-[bis(2-hydroxyethyl)amino]ethanol,,7618,GSEJCLTVZPLZKY-UHFFFAOYSA-N,C6H15NO3,149.19,,Triethanolamine,2-[bis(2-hydroxyethyl)amino]ethanol,organic,structured_pubchem(over_alias),composite,industrial,,,,value=230.0 unit=kg normalised_value=230000.0 normalised_unit=g raw=230 KG,,0.0 USD,1,Chemical Iran,1,,,"Tri Ethanol Amine (TEA). Agriculture, Anti-freeze Lubricants &amp; Automotive, Chemicals, Cosmetics &amp; Personal Care, Dyes, Oil Gas &amp; Petroleum, Paints &amp; Coatings, Soaps &amp; Detergents, Textile. Origin: Iran Packing: 230 KG Plastic Drum Minimum Order Quantity : 1 full container / truck "
2-aminoacetic acid,,750,DHMQDGOQFOQNFH-UHFFFAOYSA-N,C2H5NO2,,,Glycine,,organic,structured_pubchem,substance,research,Merck,104201,,,,,1,telegram:merckmillipore,1,,,104201 Glycine Merck 📞 02126658308
2-aminoethanol,,700,HZAXFHJVJLSVMW-UHFFFAOYSA-N,C2H7NO,61.08,,Ethanolamine,2-aminoethanol,organic,structured_pubchem(over_alias),substance,industrial,,,,value=200.0 unit=kg normalised_value=200000.0 normalised_unit=g raw=200 KG,,0.0 USD,1,Chemical Iran,1,,,"Mono Ethanol Amine (MEA). Agriculture, Chemicals, Cosmetics &amp; Personal Care, Oil Gas &amp; Petroleum, Pharmaceuticals, Soaps &amp; Detergents, Textile. Origin: Iran Packing: 200 KG HDPE Drum Minimum Order Quantity : 1 full container / truck Payment term: 100% in advance – T/T Why Chemical Iran: "
2-butoxyethanol,111-76-2,8133,POAOYUHQDCAZBD-UHFFFAOYSA-N,C6H14O2,118.17,,2-butoxyethanol,2-butoxyethanol,organic,ai_resolved+cas_only+pubchem,substance,industrial,,,,,,,1,telegram:Maran_Tejarat_Eshen,1,,,"مقدار محدودی ✅ بوتیل گلایکول هانونگ کره به قیمت رقابتی به فروش می رسد. #ماران_تجارت_اشن 021-22799285,95 09128066375"
2-fluorobenzoic acid,,9935,NSTREUWFTAOOKS-UHFFFAOYSA-N,C7H5FO2,,,2-fluorobenzoic acid,,organic,structured_pubchem,substance,research,Acros,,,value=25.0 unit=gr normalised_value=25.0 normalised_unit=g raw=25GR,in_stock,,1,telegram:ChemIranSanat,1,,,"11936 Acros 2-Fluorobenzoic acid, 99% 25GR 🔜 موجود و آماده تحویل ✅ شیمیران صنعت فقط اصلی ♾ موجودی و تنوع بی نظیر از برندهای معتبر 📱 سفارش کالا 👇 🆔 @ChemIranAdmin 🆔 @ChemIran1"
"2-hydroxy-3,5-dinitrobenzoic acid",,11873,LWFUFLREGJMOIZ-UHFFFAOYSA-N,C7H4N2O7,,,"3,5-Dinitrosalicylic acid",,organic,structured_pubchem,substance,research,Exir,011095,,value=100.0 unit=g normalised_value=100.0 normalised_unit=g raw=100g,in_stock,,1,telegram:ChemIranSanat,1,,,"011095 Exir 3,5-Dinitrosalicylic acid 100g 🔜 موجود و آماده تحویل ✅ شیمیران صنعت فقط اصلی ♾ موجودی و تنوع بی نظیر از برندهای معتبر 📱 سفارش کالا 👇 🆔 @ChemIranAdmin 🆔 @ChemIran1"
2-hydroxyethyl 2-methylprop-2-enoate,868-77-9,13360,WOBHKFSMXKNTIM-UHFFFAOYSA-N,C6H10O3,130.14,,2-Hydroxyethyl Methacrylate,2-hydroxyethyl 2-methylprop-2-enoate,organic,ai_resolved+cas_only+pubchem,substance,industrial,,,,,,,1,telegram:Maran_Tejarat_Eshen,1,,,"فروش ویژه هما چینی HEMA به صورت بشکه شده و با قیمت رقابتی #ماران_تجارت_اشن 021-22799285,95 09128066375"
2-methylbut-2-ene,,10553,BKOOMYPCSUNDGP-UHFFFAOYSA-N,C5H10,,,2-Methyl-2-butene,,organic,structured_pubchem,substance,research,Sigma-Aldrich,,,value=5.0 unit=ml normalised_value=5.0 normalised_unit=ml raw=5ml,in_stock,,1,telegram:ChemIranSanat,1,,,"Sigma-Aldrich, 66050-5ml 2-Methyl-2-butene موجود و آماده تحویل ✅ شیمیران صنعت فقط اصلی ❓ قیمت و سفارش 👇 Admin 🆔 @ChemIranAdmin 🆔 @ChemIran1"
2-methylimidazole,693-98-1,12749,LXBGSDVWAMZHDD-UHFFFAOYSA-N,C4H6N2,,,2-methylimidazole,,organic,alias+pubchem,substance,research,Sigma-Aldrich,M50850,,value=100.0 unit=g normalised_value=100.0 normalised_unit=g raw=100g,in_stock,,1,telegram:ChemIranSanat,3,https://t.me/ChemIranSanat/1721 | https://t.me/ChemIranSanat/1858 | https://t.me/ChemIranSanat/1897,2019-06-11T05:13:20+00:00<->2019-11-04T08:29:34+00:00,"M50850 Sigma-Aldrich, 100g 2-Methylimidazole موجود و آماده تحویل ✅ شیمیران صنعت فقط اصلی 09386489001 🆔 @ChemIran1"
2-methyloxirane,75-56-9,6378,GOOHAUXETOMSMM-UHFFFAOYSA-N,C3H6O,,,Propylene Oxide,,organic,cas_only+pubchem,substance,research,Merck,807027,,value=58.07 unit=g normalised_value=58.07 normalised_unit=g raw=58.07 g,,,1,telegram:minatajhiz,1,https://t.me/minatajhiz/1037,2023-06-13T06:38:50+00:00,"نام فارسی: 1و2 پروپیلن اکسید نام ماده: 1,2-Propylene oxide کد محصول مرک: 807027 اسم دوم: 1,2-Epoxypropane, Methyloxirane فرمول: C3H6O C A S NUMBER:75-56-9 مولار: 58.07 g/mol قابلیت محلول شدن: 405 g/l (20 °C) نقطه جوش: 34.3 °C (1013 hPa) درجه ذوب: -112 °C واردات جدید برند مرک"
2H-benzotriazole,95-14-7,7220,QRUDEWIWKLJBPS-UHFFFAOYSA-N,C6H5N3,119.12,,1H-Benzotriazole,2H-benzotriazole,organic,ai_resolved+cas_only+pubchem,substance,industrial,,,,,,,1,telegram:ChemIranSanat,1,,,"2-Aminothiazole, 97% 4-Amino-4H-1,2,4-triazole, 99% موجود و آماده تحویل به دلیل سواستفاده شرکتهای ارائه کننده مواد تقلبی، لات نامبر (Lot) پاک شده است. @ChemIranAdmin 🆔 @ChemIran1"
"3,4,5-trihydroxy-5-(hydroxymethyl)-2-methoxycyclohex-2-en-1-one",,195955,KENOUOLPKKQXMX-UHFFFAOYSA-N,C8H12O6,,,Gadusol,,organic,structured_pubchem,substance,research,,,,,in_stock,,1,telegram:ChemIranSanat,1,,,شیمی عجیب و غریب دانشمندان معتقد بودند موجودات زنده ترکیبات ضدآفتاب را از غذایشان به دست میاورند اما کشف شده که ترکیب Gadusol که تابش UV را جذب میکند، در بدن ماهی زبرا ساخته میشود. 🆔 @ChemIran1
"3,4,5-trimethoxyaniline",,32285,XEFRNCLPPFDWAC-UHFFFAOYSA-N,C9H13NO3,,,"3,4,5-trimethoxyaniline",,organic,structured_pubchem,substance,research,Merck,841091,,,,,1,telegram:minatajhiz,1,,,"3و4و5 تری متوکسی آنیلین 3,4,5-Trimethoxyaniline کد محصول مرک: 841091 واردات جدید مرک"
"3,5-dinitrobenzoyl chloride",,7432,NNOHXABAQAGKRZ-UHFFFAOYSA-N,C7H3ClN2O5,,,"3,5-dinitrobenzoyl chloride",,organic,structured_pubchem,substance,research,Merck,803075,,value=100.0 unit=g normalised_value=100.0 normalised_unit=g raw=100g,in_stock,,1,telegram:ChemIranSanat,1,,,"803075 Merck 3,5-Dinitrobenzoyl chloride 100g 🔜 موجود و آماده تحویل ✅ شیمیران صنعت فقط اصلی ♾ موجودی و تنوع بی نظیر از برندهای معتبر 📱 سفارش کالا 👇 🆔 @ChemIranAdmin 🆔 @ChemIran1"
"3,7-dimethylpurine-2,6-dione",,5429,YAPQBXQYLJRXSA-UHFFFAOYSA-N,C7H8N4O2,,,Theobromine,,organic,structured_pubchem,substance,research,,,,,in_stock,,1,telegram:ChemIranSanat,1,,,شیمی شکلات فنیل اتیل آمین موجود در شکلات باعث احساس خوب و تهییج می گردد. شکلات شیری حاوی Theobromine بوده که برای سگ و گربه سمی است اما برای انسان فقط در دوزهای بیشتر سمی است. 🆔 @ChemIran1
"3-(3,8-diamino-6-phenylphenanthridin-5-ium-5-yl)propyl-diethyl-methylazanium diiodide",,104981,XJMOSONTPMZWPB-UHFFFAOYSA-M,C27H34I2N4,,,Propidium Iodide,,organic,structured_pubchem,substance,research,Sigma-Aldrich,P4170,,value=10.0 unit=mg normalised_value=0.01 normalised_unit=g raw=10MG,in_stock,,1,telegram:ChemIranSanat,1,,,P4170 SIGMA Propidium iodide ≥94.0% (HPLC) 10MG 2-8°C موجود و آماده تحویل @ChemIranAdmin 🆔 @ChemIran1
3-aminobenzoic acid,,7419,XFDUHJPVQKIXHO-UHFFFAOYSA-N,C7H7NO2,,,3-aminobenzoic acid,,organic,structured_pubchem,substance,research,Merck,800104,,,,,1,telegram:minatajhiz,1,,,3 -آمینو بنزوئیک اسید 3-Aminobenzoic acid کد محصول مرک: 800104 واردات جدید مرک
"3-aminopropane-1,2-diol",,73561,KQIGMPWTAHJUMN-UHFFFAOYSA-N,C3H9NO2,,,"3-Amino-1,2-propanediol",,organic,structured_pubchem,substance,research,Merck,818522,,,,,1,telegram:minatajhiz,1,https://t.me/minatajhiz/1057,2023-08-06T08:27:50+00:00,"3 -آمینو 1و2 پروپاندیول 3-Amino-1,2-propanediol کد محصول مرک: 818522 واردات جدید مرک"
3-bromoprop-1-ene,,7841,BHELZAPQIKSEDF-UHFFFAOYSA-N,C3H5Br,,,Allyl bromide,,organic,structured_pubchem,substance,research,Merck,801021,,,,,1,telegram:minatajhiz,1,,,3 -برومو -1 -پروپن 3-Bromo-1-propene کد محصول مرک: 801021 اسم دوم: Allyl bromide (آلیل بروماید) واردات جدید مرک
3-ethoxy-4-hydroxybenzaldehyde,,8467,CBOQJANXLMLOSS-UHFFFAOYSA-N,C9H10O3,,,Ethylvanillin,,organic,structured_pubchem,substance,research,,,,value=250.0 unit=ml normalised_value=250.0 normalised_unit=ml raw=250ml,in_stock,,1,telegram:ChemIranSanat,1,,,"بنزالدهید و مشتقات مختلف آن از کمپانی اکروس 10522 Benzaldehyde 250ml 15603 3-Ethoxy-4-hydroxybenzaldehyde 100g 15044 4-Chlorobenzaldehyde 250g 18351 2,3-Dihydroxybenzaldehyde 5g 16277 4-Hydroxybenzaldehyde 50g 33488 4-Isopropylbenzaldehyde 100g 15458 4-Carboxybenzaldehyde 5g 17364 2,4-Dihydroxybenza"
3-isothiocyanatoprop-1-ene,,5971,ZOJBYZNEUISWFT-UHFFFAOYSA-N,C4H5NS,,,Allyl Isothiocyanate,,organic,structured_pubchem,substance,research,Merck,800260,,,,,1,telegram:minatajhiz,1,,,آلیل ایزو تیو سیانات Allyl isothiocyanate کد محصول مرک: 800260 واردات جدید مرک
3-phenylphthalic acid,,13074915,HSSYVKMJJLDTKZ-UHFFFAOYSA-N,C14H10O4,,,"Biphenyl-2,3-dicarboxylic acid",,organic,structured_pubchem,substance,research,Fluorochem,,,value=25.0 unit=g normalised_value=25.0 normalised_unit=g raw=25g,in_stock,,1,telegram:ChemIranSanat,1,,,"091522 Fluorochem 4,4′-Biphenyldicarboxylic acid 25g 🔜 موجود و آماده تحویل ✅ شیمیران صنعت فقط اصلی ♾ موجودی و تنوع بی نظیر از برندهای معتبر 📱 سفارش کالا 👇 🆔 @ChemIranAdmin 🆔 @ChemIran1"
3-sulfanylpropanoic acid,,6514,DKIDEFUBRARXTE-UHFFFAOYSA-N,C3H6O2S,,,3-Mercaptopropionic Acid,,organic,structured_pubchem,substance,research,Merck,805967,,,,,1,telegram:minatajhiz,1,,,3 -مرکاپتو پروپیونیک اسید 3-Mercaptopropionic acid کد محصول مرک: 805967 واردات جدید سیگما آلدریچ
3-triethoxysilylpropan-1-amine,,13521,WYTZZXDRDKSJID-UHFFFAOYSA-N,C9H23NO3Si,,,(3-Aminopropyl)triethoxysilane,,organic,structured_pubchem,substance,research,Exir,,,,,,1,telegram:minatajhiz,2,https://t.me/minatajhiz/692 | https://t.me/minatajhiz/717,2020-04-04T06:24:21+00:00<->2020-06-10T07:25:25+00:00,"3-Aminopropyltriethoxysilane, 98% #Exir 💫 واردات جدید پک 50 سی سی 3-آمینو پروپیل تری اتوکسی سیلان رسید"
4-(4-aminophenoxy)aniline,,7579,HLBLWEWZXPIGSM-UHFFFAOYSA-N,C12H12N2O,,,"4,4'-Diaminodiphenyl Ether",,organic,structured_pubchem,substance,research,Merck,820948,,,,,1,telegram:minatajhiz,1,,,"4و4-دی آمینو دی فنیل اتر 4,4-Diaminodiphenyl ether کد محصول مرک 820948 واردات جدید مرک"
4-[2-(4-hydroxyphenyl)propan-2-yl]phenol,,6623,IISBACLAFKSPIT-UHFFFAOYSA-N,C15H16O2,,,Bisphenol A,,organic,structured_pubchem,substance,research,Merck,803546,,,,,1,telegram:minatajhiz,1,,,"بیس فنول 2,2-Bis(4-hydroxyphenyl) propane کد محصول مرک 803546 واردات جدید مرک"
4-amino-3-hydroxybenzoic acid,,137566,NFPYJDZQOKCYIE-UHFFFAOYSA-N,C7H7NO3,,,4-amino-3-hydroxybenzoic acid,,organic,structured_pubchem,substance,research,Exir,006183,,value=5.0 unit=g normalised_value=5.0 normalised_unit=g raw=5g,in_stock,,1,telegram:ChemIranSanat,1,,,006183 exir 4-Amino-3-hydroxybenzoic acid 5g 🔜 موجود و آماده تحویل ✅ شیمیران صنعت فقط اصلی ♾ موجودی و تنوع بی نظیر از برندهای معتبر 📦 ارسال رایگان 📱 سفارش کالا 👇 📱 0938 648 9001 ☎️ 77 88 18 08 🆔 @ChemIranAdmin 🆔 @ChemIran1
4-aminobenzenesulfonamide,,5333,FDDDEECHVMSUSB-UHFFFAOYSA-N,C6H8N2O2S,,,Sulfanilamide,,organic,structured_pubchem,composite,research,Merck,,,,,,1,telegram:merckmillipore,1,,,"تاريخچه شركت مرك آلمان منشاً و ريشه فعاليتهاي مرك Merck KGaA به قرن 17 ميلادي و به سال 1668 يعني زماني كه فردريش ياكوب مرك ، داروفروشي ازخطه شوينفورت مالكيت"" Engle – Apoteke"" ( داروفروشي اٍنگٍل) كه ميراثي خانوادگي دردارمشتات را به عهده داشت بر مي گردد. د رسال 1816 اٍمانوئل مرك نوه جان هاينريش مرك مش"
4-aminopentanoic acid,,223130,ABSTXSZPGHDTAF-UHFFFAOYSA-N,C5H11NO2,,,4-Aminobutyric Acid,,organic,structured_pubchem,substance,research,,800302,,,in_stock,,1,telegram:ChemIranSanat,1,,,800302 | 4-Aminobutyric acid موجود و آماده تحویل @ChemIranAdmin 🆔 @ChemIran1
4-chloro-2-phenylquinazoline,,80977,OBHKONRNYCDRKM-UHFFFAOYSA-N,C14H9ClN2,,,4-chloro-2-phenylquinazoline,,organic,structured_pubchem,substance,research,Exir,002295,,value=5.0 unit=g normalised_value=5.0 normalised_unit=g raw=5g,in_stock,,1,telegram:ChemIranSanat,1,https://t.me/ChemIranSanat/1958,2021-04-05T06:48:58+00:00,"002295 Exir 4-Chloro-2-phenylquinazoline, 97% 5g 🔜 موجود و آماده تحویل ✅ شیمیران صنعت فقط اصلی ♾ موجودی و تنوع بی نظیر از برندهای معتبر 📦 ارسال رایگان 📱 سفارش کالا 👇 📞 0938-648-9001 🆔 @ChemIranAdmin 🆔 @ChemIran1"
4-chlorobenzoic acid,,6318,XRHGYUZYPHTUJZ-UHFFFAOYSA-N,C7H5ClO2,,,4-chlorobenzoic acid,,organic,structured_pubchem,substance,research,Merck,800476,,,,,1,telegram:minatajhiz,1,,,4-کلرو بنزوئیک اسید 4-Chlorobenzoic acid کد محصول مرک 800476 واردات جدید مرک
4-cyanobenzoic acid,,12087,ADCUEPOHPCPMCE-UHFFFAOYSA-N,C8H5NO2,,,4-cyanobenzoic acid,,organic,structured_pubchem,substance,research,Sigma-Aldrich,C89803,,value=25.0 unit=g normalised_value=25.0 normalised_unit=g raw=25g,in_stock,,1,telegram:ChemIranSanat,1,,,C89803-25g Aldrich 4-Cyanobenzoic acid موجود و آماده تحویل ✅ شیمیران صنعت فقط اصلی ❓ قیمت و سفارش 👇 Admin 🆔 @ChemIranAdmin ✔️ سفارش واردات از تمام برندها پذیرفته میشود. 🆔 @ChemIran1
4-formylbenzoic acid,,12088,GOUHYARYYWKXHS-UHFFFAOYSA-N,C8H6O3,,,4-formylbenzoic acid,,organic,structured_pubchem,substance,research,Alfa Aesar,A15277,,value=50.0 unit=g normalised_value=50.0 normalised_unit=g raw=50g,in_stock,,1,telegram:ChemIranSanat,2,https://t.me/ChemIranSanat/1544 | https://t.me/ChemIranSanat/1826,2018-09-24T07:30:34+00:00<->2019-10-06T09:36:19+00:00,"Alfa Aesar, Cat. Number: A15277 4-Carboxybenzaldehyde, 50g موجود و آماده تحویل ✅ شیمیران صنعت فقط اصلی ❓ قیمت و سفارش 👇 Admin 🆔 @ChemIranAdmin 🆔 @ChemIran1"
4-hydrazinylbenzoic acid,,12089,PCNFLKVWBDNNOW-UHFFFAOYSA-N,C7H8N2O2,,,4-Hydrazinobenzoic acid,,organic,structured_pubchem,substance,research,Fluorochem,209100,,value=25.0 unit=g normalised_value=25.0 normalised_unit=g raw=25g,in_stock,,1,telegram:ChemIranSanat,1,,,209100 Fluorochem 4-Hydrazinylbenzoic acid 25g 🔜 موجود و آماده تحویل ✅ شیمیران صنعت فقط اصلی ♾ موجودی و تنوع بی نظیر از برندهای معتبر 📱 سفارش کالا 👇 🆔 @ChemIranAdmin 🆔 @ChemIran1
"4-methyl-1,3-dioxolan-2-one",,7924,RUOJZAUFBMNUDX-UHFFFAOYSA-N,C4H6O3,,,Propylene Carbonate,,organic,structured_pubchem,substance,research,Merck,807051,,,,,1,telegram:minatajhiz,1,,,پروپیلن کربنات Propylene carbonate کد محصول مرک 807051 واردات جدید مرک
4-methylpent-1-ene,,12724,WSSSPWUEQFSQQG-UHFFFAOYSA-N,C6H12,,,4-Methyl-1-pentene,,organic,structured_pubchem,substance,research,Sigma-Aldrich,,,value=5.0 unit=ml normalised_value=5.0 normalised_unit=ml raw=5ML,in_stock,,1,telegram:ChemIranSanat,1,,,68510-5ML Sigma-Aldrich 4-Methyl-1-pentene 4-متیل-1-پنتن موجود و آماده تحویل ✅ شیمیران صنعت فقط اصلی 09386489001 🆔 @ChemIranAdmin 🆔 @ChemIran1
4-methylpentan-2-ol,,7910,WVYWICLMDOOCFB-UHFFFAOYSA-N,C6H14O,,,4-Methyl-2-Pentanol,,organic,structured_pubchem,substance,research,Merck,805804,,,,,1,telegram:minatajhiz,1,,,4- متیل- 2 -پنتانول 4-Methyl-2-pentanol کد محصول مرک: 805804 واردات جدید سیگما آلدریچ
4-nitrobenzaldehyde,,541,BXRFQSNOROATLV-UHFFFAOYSA-N,C7H5NO3,,,4-nitrobenzaldehyde,,organic,structured_pubchem,substance,research,Merck,806766,,,,,1,telegram:minatajhiz,1,,,4-نیترو بنزالدهید 4-Nitrobenzaldehyde کد محصول مرک: 806766 واردات جدید مرک
"5-[2-(1,3-dioxo-2-benzofuran-5-yl)-1,1,1,3,3,3-hexafluoropropan-2-yl]-2-benzofuran-1,3-dione",,70677,QHHKLPCQTTWFSS-UHFFFAOYSA-N,C19H6F6O6,,,"4,4'-(Hexafluoroisopropylidene)diphthalic anhydride",,organic,structured_pubchem,substance,research,Exir,012947,,value=5.0 unit=g normalised_value=5.0 normalised_unit=g raw=5g,in_stock,,1,telegram:ChemIranSanat,1,,,"012947 Exir 4,4'-(Hexafluoroisopropylidene)diphthalic anhydride 5g 🔜 موجود و آماده تحویل ✅ شیمیران صنعت فقط اصلی ♾ موجودی و تنوع بی نظیر از برندهای معتبر 📱 سفارش کالا 👇 📎 دیگر دی انیدریدهای موجود، در تصویر قابل مشاهده است. 🆔 @ChemIranAdmin 🆔 @ChemIran1"
"5-aminobenzene-1,3-dicarboxylic acid",,66833,KBZFDRWPMZESDI-UHFFFAOYSA-N,C8H7NO4,,,5-Aminoisophthalic acid,,organic,structured_pubchem,substance,research,Exir,006322,,value=25.0 unit=g normalised_value=25.0 normalised_unit=g raw=25g,in_stock,,1,telegram:ChemIranSanat,1,https://t.me/ChemIranSanat/1979,2021-04-12T06:20:24+00:00,"006322 Exir 5-Aminoisophthalic acid , >98% 25g 🔜 موجود و آماده تحویل ✅ شیمیران صنعت فقط اصلی ♾ موجودی و تنوع بی نظیر از برندهای معتبر 📦 ارسال رایگان 📱 سفارش کالا 👇 📞 0938-648-9001 🆔 @ChemIranAdmin 🆔 @ChemIran1"
5-bromo-2-hydroxybenzaldehyde,,72863,MKKSTJKBKNCMRV-UHFFFAOYSA-N,C7H5BrO2,,,5-Bromosalicylaldehyde,,organic,structured_pubchem,substance,research,Sigma-Aldrich,137286,,value=25.0 unit=g normalised_value=25.0 normalised_unit=g raw=25g,in_stock,,1,telegram:ChemIranSanat,1,,,137286 Aldrich 5-Bromosalicylaldehyde 25g ×1 🛩 واردات مسافری 🔜 موجود و آماده تحویل ✅ شیمیران صنعت فقط اصلی ❓ قیمت و سفارش 👇 Admin 🆔 @ChemIranAdmin 🆔 @ChemIran1
"5-nitrobenzene-1,3-dicarboxylic acid",,12069,NBDAHKQJXVLAID-UHFFFAOYSA-N,C8H5NO6,,,5-Nitroisophthalic acid,,organic,structured_pubchem,substance,research,Sigma-Aldrich,N18005,,value=100.0 unit=g normalised_value=100.0 normalised_unit=g raw=100g,in_stock,,1,telegram:ChemIranSanat,1,,,N18005 Sigma-Aldrich 5-Nitroisophthalic acid 100g 🔜 موجود و آماده تحویل ✅ شیمیران صنعت فقط اصلی ♾ موجودی و تنوع بی نظیر از برندهای معتبر 📱 سفارش کالا 👇 🆔 @ChemIranAdmin 🆔 @ChemIran1
"6-methyl-1,3,5-triazine-2,4-diamine",,10949,NJYZCEFQAIUHSD-UHFFFAOYSA-N,C4H7N5,,,Acetoguanamine,,organic,structured_pubchem,substance,research,Sigma-Aldrich,407801,,value=100.0 unit=g normalised_value=100.0 normalised_unit=g raw=100g,in_stock,,1,telegram:ChemIranSanat,1,,,"407801 Aldrich 6-Methyl-1,3,5-triazine-2,4-diamine 100g 🖇 ترکیبات مشابه موجود 2,4-Diamino-6-phenyl-1,3,5-triazine 2,4,6-Triamino-1,3,5-triazine 🔜 موجود و آماده تحویل ⚗️ فقط خرده فروشی حتی در حد یک واکنش ✅ شیمیران صنعت فقط اصلی ❓ قیمت و سفارش 👇 Admin 🆔 @ChemIranAdmin 🆔 @ChemIran1"
acetic acid,64-19-7,176,QTBSBXVTEAMEQO-UHFFFAOYSA-N,C2H4O2,,,acetic acid,,organic,alias+pubchem,substance,research,Merck,822011,,value=100.0 unit=g normalised_value=100.0 normalised_unit=g raw=100g,in_stock,,3,telegram:minatajhiz; telegram:ChemIranSanat; telegram:Ch_Chemical_leaders,5,https://t.me/minatajhiz/1034 | https://t.me/ChemIranSanat/1452 | https://t.me/ChemIranSanat/1645,2018-05-14T04:46:35+00:00<->2019-02-18T10:05:39+00:00,دی هیدرواستیک اسید Dehydroacetic acid کد محصول مرک: 822011 واردات جدید سیگما آلدریچ
acetone,67-64-1,180,CSCPPACGZOOCGX-UHFFFAOYSA-N,C3H6O,,,acetone,,organic,alias+pubchem,substance,research,Merck,100014,,value=2.5 unit=لیتری normalised_value=2500.0 normalised_unit=ml raw=2.5 لیتری,in_stock,100014.0 IRR,3,telegram:minatajhiz; telegram:ChemIranSanat; telegram:Boof_company,3,https://t.me/ChemIranSanat/1746 | https://t.me/Boof_company/39 | https://t.me/Boof_company/40,2019-08-06T10:12:55+00:00<->2026-02-14T08:53:03+00:00,"Acetone for analysis EMSURE ® ACS,ISO,Reag. Ph Eur /100014 merck واردات جدید 2.5 لیتری"
acetonitrile,75-05-8,6342,WEVYAHXRMPXWCK-UHFFFAOYSA-N,C2H3N,,,acetonitrile,,organic,alias+pubchem,substance,research,Merck,,,value=4.0 unit=لیتری normalised_value=4000.0 normalised_unit=ml raw=4لیتری,in_stock,,1,telegram:ChemIranSanat,4,https://t.me/ChemIranSanat/1492 | https://t.me/ChemIranSanat/1524 | https://t.me/ChemIranSanat/1629,2018-06-28T07:24:16+00:00<->2018-08-15T12:09:12+00:00,استونیتریل hplc واحد 4لیتری با کیفیت عالی و قیمت مناسب 1.5 لیتر بیشتر از مرک با همان قیمت @ChemIranAdmin 🆔 @ChemIran1
acetylene,74-86-2,6326,HSFWRNGVRCDJHI-UHFFFAOYSA-N,C2H2,26.04,,acetylene,acetylene,organic,ai_resolved+cas_only+pubchem,substance,industrial,,,,,,,1,telegram:chemgroup,1,,,اگر مقدار زیادی دانه ی سیب را بخورید (بجوید) به احتمال زیاد خواهید مرد. دلیل آن وجود سیانید در دانه های سیب است. #ارسالی_کاربران @ChemGroup
acrylic acid,79-10-7,6581,NIXOWILDQLNWCW-UHFFFAOYSA-N,C3H4O2,,,acrylic acid,,organic,alias+pubchem,substance,research,Merck,800578,,,in_stock,,2,telegram:minatajhiz; telegram:Maran_Tejarat_Eshen,21,https://t.me/Maran_Tejarat_Eshen/216 | https://t.me/Maran_Tejarat_Eshen/220 | https://t.me/Maran_Tejarat_Eshen/222,2019-03-11T11:57:19+00:00<->2019-03-13T05:30:07+00:00,متااکریلیک اسید Methacrylic acid کد محصول مرک: 800578 واردات جدید مرک
aluminium stearate,637-12-7,12496,CEGOLXSVJUTHNZ-UHFFFAOYSA-K,C54H105AlO6,,,Aluminum Stearate,,organic,alias,composite,industrial,Zarrin,,,,in_stock,,2,telegram:Ch_Chemical_leaders; telegram:fanchem,8,https://t.me/fanchem/59 | https://t.me/fanchem/273 | https://t.me/fanchem/399,2017-08-12T06:36:00+00:00<->2023-06-07T08:23:31+00:00,صفحه شرکت فن آوران شیمی زرین ایرانیان در سایت اتاق بازرگانی قم به آدرس https://B2n.ir/expo130 راه اندازی شد. 🏢 شرکت فن آوران شیمی زرین ایرانیان در حوزه تولید مواد شیمیایی پایه و افزودنی‌های صنعتی فعالیت می‌کند و در شهرک صنعتی شکوهیه مستقر است. 🧪 این مجموعه تولیدکننده استئارات کلسیم، استئارات روی، اس
amyl alcohol,71-41-0,6276,AMQJEAYHLZJPGS-UHFFFAOYSA-N,C5H12O,,,1-Pentanol,,organic,alias+pubchem,substance,research,Merck,822255,,,in_stock,,2,telegram:minatajhiz; telegram:ChemIranSanat,1,https://t.me/ChemIranSanat/367,2017-07-06T06:30:57+00:00,ایزو آمیل الکل Isoamyl alcohol کد محصول مرک: 822255 واردات جدید مرک
anthracene-9-carbaldehyde,,69504,YMNKUHIVVMFOFO-UHFFFAOYSA-N,C15H10O,,,9-Anthracenecarboxaldehyde,,organic,structured_pubchem,substance,research,Acros,,,value=25.0 unit=g normalised_value=25.0 normalised_unit=g raw=25g,in_stock,,1,telegram:ChemIranSanat,1,,,"Acros Cat. No.: 15393 9-Anthracenecarboxaldehyde, 99% 25g موجود و آماده تحویل ✅ شیمیران صنعت فقط اصلی ❓ قیمت و سفارش 👇 Admin 🆔 @ChemIranAdmin ✔️ سفارش واردات ازتمام برندها پذیرفته میشود 🆔 @ChemIran1"
benzene,71-43-2,241,UHOVQNZJYSORNB-UHFFFAOYSA-N,C6H6,,,benzene,,organic,alias+pubchem,substance,research,Sigma-Aldrich,259934,,value=100.0 unit=gr normalised_value=100.0 normalised_unit=g raw=100gr,in_stock,,2,telegram:minatajhiz; telegram:ChemIranSanat,9,https://t.me/minatajhiz/479 | https://t.me/minatajhiz/801 | https://t.me/minatajhiz/836,2018-04-08T07:31:34+00:00<->2018-05-06T09:23:54+00:00,"Sodium 2,4-dinitrobenzenesulfonate 259934 #sigma"
"benzene-1,3-diamine",,7935,WZCQRUWWHSTZEM-UHFFFAOYSA-N,C6H8N2,,,M-Phenylenediamine,,organic,structured_pubchem,substance,research,Merck,820991,,,,,1,telegram:minatajhiz,1,,,"1و3 فنیلن دی آمین 1,3-Phenylenediamine کد محصول مرک 820991 واردات جدید سیگما آلدریچ"
"benzene-1,3-dicarboxylic acid",,8496,QQVIHTHCMHWDBS-UHFFFAOYSA-N,C8H6O4,,,Isophthalic Acid,,organic,structured_pubchem,substance,industrial,,,,,in_stock,,1,telegram:Maran_Tejarat_Eshen,1,,,✅ ایزو فتالیک اسید (Isophthalic acid) ✅ برند لوته کره (LOTTE) ✅ موجود در انبار شورآباد 👤 برای استعلام قیمت و کسب اطلاعات بیشتر با ما در تماس باشید 🏢 بازرگانی ماران تجارت اشن ☎️ 021-26378323 📱 09102296278 📱 09108066146 📱 09912064037 Instagram: @marantejarat Telegram: https://t.me/Maran_Tejarat_Eshen
"benzene-1,4-diol",123-31-9,785,QIGBRXMKCJKVMJ-UHFFFAOYSA-N,C6H6O2,110.11,,Hydroquinone,"benzene-1,4-diol",organic,ai_resolved+cas_only+pubchem,substance,research,,,,,,,1,telegram:minatajhiz,1,,,822333 250gr #merck
benzoic acid,65-85-0,243,WPYMKLBDIGXBTP-UHFFFAOYSA-N,C7H6O2,122.12,,benzoic acid,benzoic acid,organic,ai_resolved+cas_only+pubchem,substance,industrial,,,,,,,1,telegram:ChemIranSanat; telegram:jahaneshimicom,1,,,"047799 Fluorochem 2,2'-Dipyridyl-4,4'-dicarboxylic acid 5g 🔜 موجود و آماده تحویل ✅ شیمیران صنعت فقط اصلی ♾ موجودی و تنوع بی نظیر از برندهای معتبر 📱 سفارش کالا 👇 🆔 @ChemIranAdmin 🆔 @ChemIran1"
benzoyl benzenecarboperoxoate,94-36-0,7187,OMPJBNCRMGITSC-UHFFFAOYSA-N,C14H10O4,242.23,,Benzoyl Peroxide,benzoyl benzenecarboperoxoate,organic,ai_resolved+cas_only+pubchem,substance,industrial,,,,,,,1,telegram:Maran_Tejarat_Eshen,1,,,"کاتالیزور ترشیو بوتیل پرکسی بنزوئات موجود می باشد. #ماران_تجارت_اشن 021-22799285,95 09128066375"
bis((Z)-4-hydroxypent-3-en-2-one);oxovanadium,,11821519,FSJSYDFBTIVUFD-SUKNRPLKSA-N,C10H16O5V,,,Vanadium(IV) Oxide Acetylacetonate,,organic,structured_pubchem,substance,research,Merck,808505,,,,,1,telegram:minatajhiz,1,,,Vanadium(IV) oxide acetylacetonate for synthesis 808505 #merck
"bis(2-ethylhexyl) benzene-1,2-dicarboxylate",117-81-7,8343,BJQHLKABXJIVAM-UHFFFAOYSA-N,C24H38O4,390.6,,Di(2-ethylhexyl) phthalate,"bis(2-ethylhexyl) benzene-1,2-dicarboxylate",organic,ai_resolved+cas_only+pubchem,substance,industrial,,,,,,,1,telegram:jahaneshimicom,1,,,سلام نورمحمدی هستم شرکت ایمن سپهر روغن DOP میخواستم 09127250655
bis(2-ethylhexyl) hydrogen phosphate,,9275,SEGLCEQVOFDUPX-UHFFFAOYSA-N,C16H35O4P,,,Bis(2-ethylhexyl) phosphate,,organic,structured_pubchem,substance,research,Merck,814181,,,,,1,telegram:minatajhiz,1,,,نام فارسی: بیس 2_ اتیل هگزیل فسفات نام ماده: Bis(2-ethylhexyl) phosphate مختصر: Bis(2-ethylhexyl) phosphate کد محصول مرک: 814181 واردات جدید مرک
"bis(2-methylpropyl) benzene-1,2-dicarboxylate",84-69-5,6782,MGWAVDBGNNKXQV-UHFFFAOYSA-N,C16H22O4,278.34,,Diisobutyl phthalate,"bis(2-methylpropyl) benzene-1,2-dicarboxylate",organic,ai_resolved+cas_only+pubchem,substance,industrial,,,,,,,1,telegram:IranChemicals,1,,,🔴 #فروش دی بوتیل تین اکساید DBTO چینی درجه ۱ برای صنایع رنگ و رزین 09123262329
bis(trichloromethyl) carbonate,,94429,UCPYLLCMEDAXFR-UHFFFAOYSA-N,C3Cl6O3,,,Triphosgene,,organic,structured_pubchem,substance,research,Merck,814283,,,,,1,telegram:minatajhiz,1,,,نام فارسی: بیس (تری کلرو متیل )کربنات نام ماده: Bis(trichloromethyl) carbonate کد محصول مرک: 814283 شرکت مینا تجهیزآریا وارد کننده مواد شیمیایی و آزمایشگاهی برند مرک و سیگما آلدریچ
bromoethane,74-96-4,6332,RDHPKYGYEGBMSE-UHFFFAOYSA-N,C2H5Br,108.97,,Ethyl Bromide,bromoethane,organic,ai_resolved+cas_only+pubchem,substance,industrial,,,,,,,1,telegram:jahaneshimicom,1,,,"سلام جسارتا"" اتیل بروماید موجود دارید؟ 09910439838"
"butane-1,2,3,4-tetracarboxylic acid",,15560,GGAUUQHSCNMCAU-UHFFFAOYSA-N,C8H10O8,,,"1,2,3,4-Butanetetracarboxylic acid",,organic,structured_pubchem,substance,research,Merck,814924,,,,,1,telegram:minatajhiz,1,,,"1و2و3و4 بوتان تترا کربوکسیلیک اسید 1,2,3,4-Butanetetracarboxylic acid کد محصول مرک: 814924 واردات جدید مرک"
"butane-1,3-diol",,7896,PUPZLCDOIYMWBV-UHFFFAOYSA-N,C4H10O2,,,"1,3-Butanediol",,organic,structured_pubchem,substance,research,Merck,801964,,,,,1,telegram:minatajhiz,1,https://t.me/minatajhiz/509,2019-02-13T07:14:51+00:00,"1,3-Butanediol #merck 801964"
"butane-1,4-diol",,8064,WERYXYBDKMZEQL-UHFFFAOYSA-N,C4H10O2,,,"1,4-Butanediol",,organic,structured_pubchem,substance,research,Exir,,,,,,1,telegram:minatajhiz,1,,,"1,4-Butanediol, 99% #Exir"
butyl acrylate,141-32-2,8846,CQEYYJKEWSMYFG-UHFFFAOYSA-N,C7H12O2,,,butyl acrylate,,organic,alias+pubchem,substance,research,Sigma-Aldrich,474452,,value=25.0 unit=ml normalised_value=25.0 normalised_unit=ml raw=25ML,in_stock,,4,telegram:ChemIranSanat; telegram:Maran_Tejarat_Eshen; telegram:Boof_company; telegram:IranChemicals,46,https://t.me/ChemIranSanat/1410 | https://t.me/ChemIranSanat/1677 | https://t.me/ChemIranSanat/1945,2018-04-26T08:50:29+00:00<->2018-11-17T08:09:38+00:00,"474452 Aldrich 2,2,3,4,4,4-Hexafluorobutyl acrylate 25ML موجود و آماده تحویل 09386489001 @ChemIranAdmin 🆔 @ChemIran1"
calcium formate,544-17-2,10997,CBOCVOKPQGJKKJ-UHFFFAOYSA-L,C2H2CaO4,,,calcium formate,,organic,alias,composite,industrial,,,,,,,2,telegram:Maran_Tejarat_Eshen; telegram:jahaneshimicom,1,https://t.me/jahaneshimicom/162,2024-01-28T14:10:54+00:00,برندهای ماران تجارت: علاوه بر موارد ذکر شده، در سال 1403 این شرکت اقدام به سفارش تولید برخی از مواد اولیه خاص مطابق با نیاز بازار ایران نموده که علاوه بر تامین کیفیت مورد نیاز، از لحاظ اقتصادی نیز بصرفه باشد. در همین راستا برند های ذیل به بازار ایران معرفی شده است: #هیدروما ( #HYDROMA ) برای انواع پ
calcium stearate,1592-23-0,15324,CJZGTCYPCWQAJB-UHFFFAOYSA-L,C36H70CaO4,,,calcium stearate,,organic,alias,polymer,industrial,Zarrin,,,,to_order,,2,telegram:Ch_Chemical_leaders; telegram:fanchem,16,https://t.me/Ch_Chemical_leaders/470 | https://t.me/fanchem/102 | https://t.me/fanchem/159,2018-01-28T07:44:39+00:00<->2018-12-08T08:55:31+00:00,🔹 فروش ویژه کلسیم استئارات (Calcium Stearate) در فروشگاه پلی زون! 🔹 کلسیم استئارات یکی از مواد شیمیایی پرکاربرد است که به دلیل ویژگی‌های منحصربه‌فرد خود در صنایع مختلف مورد استفاده قرار می‌گیرد. این ماده به عنوان روان‌کننده، عامل جداکننده و پایدارکننده حرارتی در تولید محصولات پلاستیکی و لاستیکی نقش
chloro(trimethyl)silane,75-77-4,6397,IJOOHPMOJXWVHK-UHFFFAOYSA-N,C3H9ClSi,,,Chlorotrimethylsilane,,organic,cas_only+pubchem,substance,research,Merck,818737,,value=108.64 unit=g normalised_value=108.64 normalised_unit=g raw=108.64 g,,,1,telegram:minatajhiz,1,https://t.me/minatajhiz/1068,2023-09-09T11:24:41+00:00,نام فارسی: کلرو تری متیل سیلان نام ماده: Chlorotrimethylsilane کد محصول مرک: 818737 فرمول: C3H9ClSi C A S NUMBER: 75-77-4 مولار: 108.64 g/mol‌ واردات جدید مرک
chloroform,67-66-3,6212,HEDRZPFGACZZDS-UHFFFAOYSA-N,CHCl3,,,chloroform,,organic,alias+pubchem,substance,research,Merck,802353,,,,,1,telegram:minatajhiz,1,,,فنیل کلروفرمات Phenyl chloroformate کد محصول مرک: 802353 واردات جدید مرک
chloromethane,74-87-3,6327,NEHMKBQYUWJMIP-UHFFFAOYSA-N,CH3Cl,50.49,,Methyl Chloride,chloromethane,organic,ai_resolved+cas_only+pubchem,substance,industrial,,,,,,,1,telegram:IranChemicals,1,,,🆘 🔬 🆘 🔴 #دانستنی ها 🟩 قوی ترین رنگبر جهان 🔴 متیلن کلراید موثر ولی سمی و خطرناک ! 🆘 🔬 🆘
chloromethylbenzene,100-44-7,7503,KCXMKQUNVWSEMD-UHFFFAOYSA-N,C7H7Cl,126.58,,Benzyl Chloride,chloromethylbenzene,organic,ai_resolved+cas_only+pubchem,substance,research,,,,,,,1,telegram:minatajhiz,1,,,Benzyl chloride for synthesis 801809 #merck
choline chloride,67-48-1,6209,SGMZJAMFUVOLNK-UHFFFAOYSA-M,C5H14ClNO,,,choline chloride,,organic,alias+pubchem,substance,research,Daejung,,,,in_stock,,2,telegram:ChemIranSanat; telegram:jahaneshimicom,2,https://t.me/ChemIranSanat/1283 | https://t.me/jahaneshimicom/19,2018-02-28T14:35:29+00:00<->2023-12-19T12:07:11+00:00,کولین کلراید واردات از آلفاایسر @ChemIranAdmin 🆔 @ChemIran1
citric acid,77-92-9,311,KRKNYBCHXYNGOX-UHFFFAOYSA-N,C6H8O7,,,citric acid,,organic,alias+pubchem,substance,research,Merck,,,,in_stock,,3,telegram:minatajhiz; telegram:Ch_Chemical_leaders; telegram:chemgroup,2,https://t.me/Ch_Chemical_leaders/51 | https://t.me/chemgroup/1502,2016-04-05T07:15:44+00:00<->2024-08-11T07:55:38+00:00,💡 اسید سیتریک یا جوهر لیمو اسید سیتریک در دو نوع مونوهیدرات و آن هیدروز بصورت پودر کریستالی محصول کمپانی مرک آلمان به فروش میرسد. @minatajhiz
dibenzothiophene,,3023,IYYZUPMFVPLQIF-UHFFFAOYSA-N,C12H8S,,,dibenzothiophene,,organic,structured_pubchem,substance,research,Merck,820409,,,,,1,telegram:minatajhiz,1,,,دی بنزوتیوفن Dibenzothiophene کد محصول مرک: 820409 واردات جدید مرک
dibutyl(oxo)tin,,61221,JGFBRKRYDCGYKD-UHFFFAOYSA-N,C8H18OSn,,,Dibutyltin oxide,,organic,structured_pubchem,substance,research,Merck,803539,,,,,1,telegram:minatajhiz,1,,,دی بوتیل تین اکساید Dibutyltin oxide کد محصول مرک 803539 واردات جدید مرک
dichloromethane,75-09-2,6344,YMWUJEATGCHHMB-UHFFFAOYSA-N,CH2Cl2,,,dichloromethane,,organic,alias+pubchem,substance,research,Honeywell,,,,in_stock,,1,telegram:ChemIranSanat,1,,,Dichloromethane Honeywell | Riedel موجود و آماده تحویل ✅ شیمیران صنعت فقط اصلی ❓ درخواست قیمت یا سفارش کالا 👇 ADMIN 🆔 @ChemIranAdmin 🆔 @ChemIran1
diethyl ether,60-29-7,3283,RTZKZFJDLAIYFH-UHFFFAOYSA-N,C4H10O,,,diethyl ether,,organic,alias+pubchem,substance,research,Sigma-Aldrich,189898,,value=1.035 unit=g normalised_value=1.035 normalised_unit=g raw=1.035 g,,,2,telegram:minatajhiz; telegram:chemgroup,2,https://t.me/minatajhiz/1058 | https://t.me/chemgroup/4031,2017-10-04T08:29:08+00:00<->2023-08-07T07:56:01+00:00,189898 Aldrich Methylmagnesium bromide solution 3.0 M in diethyl ether density 1.035 g/mL at 25 °C
dimethyl (Z)-but-2-enedioate,,5271565,LDCRTTXIJACKKU-ARJAWSKDSA-N,C6H8O4,,,Dimethyl maleate,,organic,structured_pubchem,substance,research,Merck,841681,,,,,1,telegram:minatajhiz,1,,,دی متیل مالئات Dimethyl maleate کد محصول مرک: 841681 واردات جدید مرک
dimethyl sulfoxide,67-68-5,679,IAZDPXIOMUYVGZ-UHFFFAOYSA-N,C2H6OS,,,dimethyl sulfoxide,,organic,alias+pubchem,substance,research,Daejung,,,value=2.5 unit=lit normalised_value=2500.0 normalised_unit=ml raw=2.5lit,in_stock,,2,telegram:minatajhiz; telegram:ChemIranSanat,7,https://t.me/ChemIranSanat/536 | https://t.me/ChemIranSanat/552 | https://t.me/ChemIranSanat/611,2017-08-09T06:27:59+00:00<->2017-08-12T13:34:05+00:00,"Dimethyl sulfoxide, Reagent Grade, >99.5% DMSO 2.5lit"
dimethylformamide,68-12-2,6228,ZMXDDKWLCZADIW-UHFFFAOYSA-N,C3H7NO,,,dimethylformamide,,organic,alias+pubchem,substance,industrial,,,,,,,1,telegram:IranChemicals,1,,,🔴 #فناوری #موج_چهارم انقلاب صنعتی 🟩 حقیقت پشت پرده GPS رایگان 🔴 زیرساختی رایگان با هزینه‌ای پنهان برای زندگی بهتر و جاسوسی https://youtu.be/gUOJX4I5pjs?si=JpfcjDMFCo0GT5Sh
diphenylmethanone,,3102,RWCCWEUUXYIKHB-UHFFFAOYSA-N,C13H10O,,,Benzophenone,,organic,structured_pubchem,substance,research,Merck,801801,,,,,1,telegram:minatajhiz,1,https://t.me/minatajhiz/489,2019-01-12T05:46:38+00:00,Benzophenone #merck 801801
edta,60-00-4,6049,KCXVZYZYPLLWCC-UHFFFAOYSA-N,C10H16N2O8,,,Ethylenediaminetetraacetic Acid,,organic,alias+pubchem,substance,research,,,,,,,1,telegram:IranChemicals,1,,,🔥 🔥 🔥 🔴 ناگفته‌های بیژن نامدار زنگنه از پرونده کرسنت در گفت‌وگو با فراز 🟥 مهندس #بیژن_زنگنه : 🔴 سعید جلیلی درخواست من را برای مناظره نپذیرفت ✅ چه ارتباطی بین مخالفت‌های داخلی با قرارداد کرسنت و خواست آمریکا، اسراییل و عربستان وجود دارد؟ ✅ عملکرد سیاه شما را کرسنت تمیز نمی‌کند! ✅ سعید جلیلی در نامه‌ا
ethanol,64-17-5,702,LFQSCWFLJHTTHZ-UHFFFAOYSA-N,C2H6O,,,ethanol,,organic,alias+pubchem,substance,research,Sigma-Aldrich,B65586,,,,,4,telegram:minatajhiz; telegram:ChemIranSanat; telegram:IranChemicals; telegram:chemgroup,6,https://t.me/minatajhiz/508 | https://t.me/ChemIranSanat/78 | https://t.me/IranChemicals/29469,2016-10-25T12:30:07+00:00<->2017-05-26T07:36:40+00:00,B65586 Aldrich 2-Bromoethanol فروش مواد شیمیایی آزمایشگاهی تخصصی
ethoxycarbonyl ethyl carbonate,,3051,FFYPMLJYZAEMQB-UHFFFAOYSA-N,C6H10O5,,,Diethyl Pyrocarbonate,,organic,structured_pubchem,substance,research,Merck,841751,,,,,1,telegram:minatajhiz,1,,,دی اتیل دی کربنات Diethyl dicarbonate کد محصول مرک: 841751 واردات جدید مرک
ethyl 2-hydroxypropanoate,97-64-3,7344,LZCLXQDLBQLTDK-UHFFFAOYSA-N,C5H10O3,118.13,,Ethyl Lactate,ethyl 2-hydroxypropanoate,organic,ai_resolved+cas_only+pubchem,substance,industrial,,,,,,,1,telegram:Maran_Tejarat_Eshen,1,,,"فروش ویژه مقدار محدودی هما چینی HEMA با قیمت رقابتی بدون انبارداری #ماران_تجارت_اشن 021-22799285,95 09128066375"
ethyl 3-oxobutanoate,,8868,XYIBRDXRRQCHLP-UHFFFAOYSA-N,C6H10O3,,,Ethyl Acetoacetate,,organic,structured_pubchem,substance,research,,809622,,value=1.0 unit=lit normalised_value=1000.0 normalised_unit=ml raw=1lit,,,1,telegram:minatajhiz,1,,,Ethyl acetoacetate for synthesis 809622 1lit
ethyl 4-methyl-3-oxopentanoate,,81583,XCLDSQRVMMXWMS-UHFFFAOYSA-N,C8H14O3,,,Ethyl isobutyrylacetate,,organic,structured_pubchem,substance,research,Acros,,,value=10.0 unit=g normalised_value=10.0 normalised_unit=g raw=10G,in_stock,,1,telegram:ChemIranSanat,1,,,38344 Acros Ethyl isobutyrylacetate 10G ✈️ واردات مسافری تاریخ تولید ماده: 6/16/2019 تاریخ امروز: 7/1/2019 🔜 موجود و آماده تحویل ✅ شیمیران صنعت فقط اصلی 📱 دریافت قیمت یا سفارش کالا 👇 🆔 @ChemIranAdmin 🆔 @ChemIran1
ethyl formate,109-94-4,8025,WBJINCZRORDGAQ-UHFFFAOYSA-N,C3H6O2,,,ethyl formate,,organic,alias+pubchem,substance,research,,,,,in_stock,,1,telegram:ChemIranSanat,1,,,شیمی تمشک بوی تمشک مربوط به یک کتون معروف به کتون تمشک می باشد. اتیل فرمات موجود در تمشک در دل کهکشان شیری نیز یافت شده است! 🆔 @ChemIran1
ethyl prop-2-enoate,,8821,JIGUQPWFLRLWPJ-UHFFFAOYSA-N,C5H8O2,,,Ethyl Acrylate,,organic,structured_pubchem,substance,industrial,,,,value=180.0 unit=کیلو normalised_value=180000.0 normalised_unit=g raw=180 کیلو,,,1,telegram:Boof_company,1,,,🔰 محصول اتیل آکریلات Ethyl Acrylate (EA) ➖️ نام علمی : Ethyl Acrylate (اتیل اکریلات) ➖️ فرمول شیمیایی : C₅H₈O₂ ➖️ ماده پایه : استر ➖️ برند : ستلایت (Satellite) ➖️ کشور : چین (China) ➖️ وزن بسته : 180 کیلو گرم ➖️ پالت : 720 کیلو گرم (4 بشکه) ➖️ قیمت : ☎️ …
ethylene glycol,107-21-1,174,LYCAIKOWRPUZTN-UHFFFAOYSA-N,C2H6O2,,,ethylene glycol,,organic,alias,composite,industrial,,,,value=180.0 unit=کیلو normalised_value=180000.0 normalised_unit=g raw=180 کیلو,in_stock,,3,telegram:Maran_Tejarat_Eshen; telegram:Ch_Chemical_leaders; telegram:Boof_company,4,https://t.me/Maran_Tejarat_Eshen/627 | https://t.me/Ch_Chemical_leaders/10 | https://t.me/Ch_Chemical_leaders/477,2023-12-20T08:57:17+00:00<->2025-11-25T09:47:41+00:00,#مونومر_اکریلاتی 2-هیدروکسی اتیل متاکریلات(HEMA) : مونومری آبگریز است که از طریق واکنش بین اتیلن گلایکول و متاکرلیک اسید تولید می‌شود. مزایای کاربردی استفاده از HEMA شامل: • ایجاد مقاومت به نور UV • ایجاد مقاومت مناسب محیطی و شیمیایی در رزین تولیدی • ایجاد پایداری هیدرولیکی در پلیمر تولیدی • بهبود خ
formaldehyde,50-00-0,712,WSFSSNUMVMOOMR-UHFFFAOYSA-N,CH2O,,,formaldehyde,,organic,alias+pubchem,substance,industrial,,,,value=200.0 unit=کیلو normalised_value=200000.0 normalised_unit=g raw=200 کیلو,,,2,telegram:Boof_company; telegram:IranChemicals,1,https://t.me/IranChemicals/31738,2026-08-19T15:59:58+00:00,🔰 محصول سدیم فرمالدهید سولفوکسیلات - Sodium Formaldehyde Sulfoxylate ‌ ➖️ نام علمی : Sodium Formaldehyde Sulfoxylate (سدیم فرمالدهید سولفوکسیلات) ➖️ نام تجاری : انالایت (Enalite) ➖️ فرمول شیمیایی : NaHSO₂.CH₂O.2H₂O ➖️ ماده پایه : هیدروکسی متان سولفینات سدیم ➖️ کشور : هند (India) ➖️ وزن بشکه : 200 کی
formamide,75-12-7,713,ZHNUHDYFZUAESO-UHFFFAOYSA-N,CH3NO,,,formamide,,organic,alias+pubchem,substance,research,Honeywell,,,value=2.5 unit=l normalised_value=2500.0 normalised_unit=ml raw=2.5L,in_stock,,1,telegram:ChemIranSanat,1,https://t.me/ChemIranSanat/1976,2021-04-11T06:45:33+00:00,"N,N-dimethylformamide Honeywell | Riedel موجود و آماده تحویل ✅ شیمیران صنعت فقط اصلی ❓ درخواست قیمت یا سفارش کالا 👇 ADMIN 🆔 @ChemIranAdmin 🆔 @ChemIran1"
"furan-2,5-dione",,7923,FPYJFEHAWHCUMM-UHFFFAOYSA-N,C4H2O3,,,Maleic Anhydride,,organic,structured_pubchem,substance,research,Merck,800408,,,,,1,telegram:minatajhiz,1,,,مالئیک انیدرید Maleic anhydride کد محصول مرک: 800408 واردات جدید مرک
glycerol,56-81-5,753,PEDCQBHIVMGVHV-UHFFFAOYSA-N,C3H8O3,,,glycerol,,organic,alias+pubchem,substance,research,Merck,100465,,,,,3,telegram:minatajhiz; telegram:Ch_Chemical_leaders; telegram:chemgroup,2,https://t.me/Ch_Chemical_leaders/214 | https://t.me/chemgroup/1414,2016-03-08T07:49:06+00:00<->2025-06-24T06:01:07+00:00,نام فارسی: محیط کشت دی جی 18 نام ماده: Dichloran Glycerol (DG18)-Agar کد محصول مرک: 100465 واردات جدید مرک
guanidine;hydrochloride,,5742,PJJJBBJSCAKJQF-UHFFFAOYSA-N,CH6ClN3,,,Guanidine Hydrochloride,,organic,structured_pubchem,substance,research,,,,value=5.0 unit=kg normalised_value=5000.0 normalised_unit=g raw=5kg,,,1,telegram:labshop,1,,,✅ Guanidine thiocyanate 5kg ✅ Guanidine hydrochloride 5kg ✅ Molecular Biology grade produced by 🇩🇪 🇩🇪 neofroxx company
guanidine;thiocyanic acid,,65046,ZJYYHGLJYGJLLN-UHFFFAOYSA-N,C2H6N4S,,,Guanidine thiocyanate,,organic,structured_pubchem,substance,research,Sigma-Aldrich,G9277,,value=250.0 unit=g normalised_value=250.0 normalised_unit=g raw=250g,in_stock,,1,telegram:ChemIranSanat,1,,,"G9277 Sigma-Aldrich Guanidine thiocyanate for molecular biology, ≥99% 250g 🔜 موجود و آماده تحویل ✅ شیمیران صنعت فقط اصلی ♾ موجودی و تنوع بی نظیر از برندهای معتبر 📦 ارسال رایگان 📱 سفارش کالا 👇 📱 0938 648 9001 ☎️ 77 88 18 08 🆔 @ChemIranAdmin 🆔 @ChemIran1"
heptane,142-82-5,8900,IMNFDUFMRHMDMM-UHFFFAOYSA-N,C7H16,100.2,,heptane,heptane,organic,ai_resolved+cas_only+pubchem,substance,industrial,,,,,,,1,telegram:jahaneshimicom,1,,,"سلام نرمال هپتان لطفا"" قیمت اعلام کنید 09120337038"
hexadecyl(trimethoxy)silane,,85406,RSKGMYDENCAJEN-UHFFFAOYSA-N,C19H42O3Si,,,Cetyl trimethoxysilane,,organic,structured_pubchem,substance,research,Sigma-Aldrich,,,,in_stock,,1,telegram:minatajhiz,1,https://t.me/minatajhiz/704,2020-04-23T06:44:02+00:00,"⚡️ Hexadecyltrimethoxysilane technical, ≥85% (GC) 52360 sigma واردات جدید این کالا مجدد به موجودی انبار اضافه گردید"
hexadecyl(trimethyl)azanium chloride,,8154,WOWHHFRSBJGXCM-UHFFFAOYSA-M,C19H42ClN,,,Hexadecyltrimethylammonium chloride,,organic,structured_pubchem,substance,research,Merck,814087,,,,,1,telegram:minatajhiz,1,https://t.me/minatajhiz/643,2019-10-08T05:55:52+00:00,814087 merck Hexadecyltrimethylammonium chloride
hexane,110-54-3,8058,VLKZOEOYAKHREP-UHFFFAOYSA-N,C6H14,,,hexane,,organic,alias+pubchem,substance,research,Acros,,,value=100.0 unit=cc normalised_value=100.0 normalised_unit=ml raw=100cc,in_stock,,2,telegram:minatajhiz; telegram:ChemIranSanat,4,https://t.me/minatajhiz/664 | https://t.me/minatajhiz/763 | https://t.me/minatajhiz/1051,2018-11-14T06:30:41+00:00<->2019-11-26T07:11:40+00:00,✔️ ترکیباتی که همزمان حلقه بنزنی و گروه عاملی کربوکسیلیک اسید در ساختار خود دارند: 🔺 بنزوئیک اسید 🔺 سالیسیلیک اسید 🔺 آسپرین 🔺 آسپارتام 🔺 ایبوبروفن ✔️ ترکیباتی که گروه عاملی کربوکسیلیک اسید ندارند: 🔺 ویتامین ث (آسکوربیک اسید) 🔺 ویتامین A (رتینول) 🔺 بنزآلدهید 🔺 متیل سالیسیلات 🔺 منتول 🔺 بنزن 🔺 نفتالن 🔺
hexanedihydrazide,,66117,IBVAQQYNSHJXBV-UHFFFAOYSA-N,C6H14N4O2,,,Adipic Dihydrazide,,organic,structured_pubchem,substance,research,Merck,841689,,,,,1,telegram:minatajhiz,1,,,آدیپیک دی هیدرازید Adipic dihydrazide کد محصول مرک 841689 واردات جدید مرک
hexanoic acid,142-62-1,8892,FUZZWVXGSFPDMH-UHFFFAOYSA-N,C6H12O2,,,hexanoic acid,,organic,alias+pubchem,substance,research,Merck,800198,,value=2.5 unit=g normalised_value=2.5 normalised_unit=g raw=2.5g,in_stock,,2,telegram:minatajhiz; telegram:ChemIranSanat,1,https://t.me/ChemIranSanat/1384,2018-04-15T06:16:41+00:00,نام فارسی: هگزانوئیک اسید نام ماده: Hexanoic acid کد محصول مرک: 800198 واردات جدید مرک
isopropanol,67-63-0,3776,KFZMGEQAYNKOFK-UHFFFAOYSA-N,C3H8O,,,isopropanol,,organic,alias+pubchem,substance,research,Merck,,,value=2.5 unit=l normalised_value=2500.0 normalised_unit=ml raw=2.5L,in_stock,,3,telegram:minatajhiz; telegram:ChemIranSanat; telegram:IranChemicals,4,https://t.me/ChemIranSanat/1808 | https://t.me/ChemIranSanat/1890 | https://t.me/ChemIranSanat/1902,2019-09-23T05:26:45+00:00<->2020-03-15T10:13:25+00:00,"HPLC,GC, Extra pure, Analysis لیست برخی از حلال های موجود آزمایشگاهی با برند مرک آلمان و سیگما آلدریچ ( دی کلرومتان دی کلرواتان متانول اتانول نرمال هگزان نرمال پنتان نرمال هپتان کلروفرم بوتانول ایزوپروپیل الکل اسیدکلریدریک اسید سولفوریک تتراهیدروفوران نرمال هگزادکان آب کروماتوگرافی اسید نیتریک65% اس"
magnesium stearate,557-04-0,11177,HQKMJHAJHXVSDF-UHFFFAOYSA-L,C36H70MgO4,,,magnesium stearate,,organic,alias,polymer,research,Zarrin,,,,,,2,telegram:Ch_Chemical_leaders; telegram:fanchem,6,https://t.me/fanchem/199 | https://t.me/fanchem/400 | https://t.me/fanchem/422,2020-04-21T05:38:49+00:00<->2025-08-25T06:18:53+00:00,#تبلیغات 🌐 معرفی شرکت فن‌آوران شیمی – پیشگام تولید افزودنی‌های پلیمری در ایران 🎯 پلی‌زون به‌عنوان نماینده فروش رسمی، تأمین‌کننده محصولات تخصصی این برند معتبر است. 🏭 فن‌آوران شیمی با بیش از ۲۰ سال تجربه و ۲ واحد تولیدی فعال، به تولید استئارات‌های فلزی با کیفیت بالا، مطابق با استانداردهای بین‌المللی م
malononitrile,109-77-3,8010,CUONGYYJJVDODC-UHFFFAOYSA-N,C3H2N2,,,malononitrile,,organic,alias+pubchem,substance,research,Merck,806189,,,,,1,telegram:minatajhiz,1,,,نام فارسی: مالونو نیتریل نام ماده: Malononitrile کد محصول مرک: 806189 واردات جدید مرک
methane,,297,VNWKTOKETHGBQD-UHFFFAOYSA-N,CH4,,,methane,,organic,structured_pubchem,substance,research,,,,,in_stock,,1,telegram:ChemIranSanat,1,,,Graphene oxide با قدرت پراکندگی در انواع حلال مناسب برای انواع کاربردهای شیمی، فیزیک، زیست و مهندسی 🔬 محصول تیم تحقیقاتی شیمیران صنعت 🔜 موجود و آماده تحویل ⚗ خرده فروشی نیز دارد حتی در حد یک واکنش ✅ شیمیران صنعت فقط اصلی ❓ قیمت و سفارش 👇 Admin 🆔 @ChemIranAdmin 🆔 @ChemIran1
methanol,67-56-1,887,OKKJLVBELUTLKV-UHFFFAOYSA-N,CH4O,,,methanol,,organic,alias+pubchem,substance,research,Merck,106007,,value=2.5 unit=l normalised_value=2500.0 normalised_unit=ml raw=2.5L,in_stock,,5,telegram:minatajhiz; telegram:ChemIranSanat; telegram:Ch_Chemical_leaders; telegram:IranChemicals; telegram:chemgroup,12,https://t.me/minatajhiz/506 | https://t.me/minatajhiz/708 | https://t.me/minatajhiz/714,2017-07-15T14:25:39+00:00<->2018-06-25T16:53:30+00:00,Methanol HPLC grade -Merck Cat Number:106007 🆔 : @minatajhiz_ari
methyl 2-[3-oxo-2-[(E)-pent-2-enyl]cyclopentyl]acetate,39924-52-2,5367719,GEWDNTWNSAZUDX-SNAWJCMRSA-N,C13H20O3,,,Methyl 2-(3-Oxo-2-((E)-Pent-2-Enyl)Cyclopentyl)Acetate,,organic,cas_only+pubchem,substance,research,Sigma-Aldrich,,,,,,1,telegram:minatajhiz,1,,,ماده شیمیایی متیل جاسمونات از محصولات کمپانی سیگما آلدریچ می باشد که از واردات جدید شرکت مینا تجهیز آریا می باشد. cas: 39924-52-2 با خلوص 95% @minatajhiz_aria
methyl 4-carbonochloridoylbenzoate,7377-26-6,81850,CVXXHXPNTZBZEL-UHFFFAOYSA-N,C9H7ClO3,198.6,,Methyl 4-(chlorocarbonyl)benzoate,methyl 4-carbonochloridoylbenzoate,organic,ai_resolved+cas_only+pubchem,substance,industrial,,,,,,,1,telegram:ChemIranSanat,1,,,✅ TCI chemicals JAPAN T0283 Methyl 4-(Chloroformyl)benzoate Purity/Analysis Method >95.0%(GC) CAS Number 7377-26-6 ✔ پکیج 25 گرمی موجود و آماده تحویل 0938-648-9001 🆔 @ChemIranAdmin 🆔 @ChemIran1
methyl acetate,,6584,KXKVLQRXCPHEJC-UHFFFAOYSA-N,C3H6O2,74.08,,methyl acetate,methyl acetate,organic,structured_pubchem(over_alias),composite,industrial,,,,value=180.0 unit=kg normalised_value=180000.0 normalised_unit=g raw=180 KG,,0.0 USD,1,Chemical Iran,1,,,"Methyl Acetate. Dyes, Paints &amp; Coatings, Pharmaceuticals. Origin: Iran Packing: 180 KG steel drum Minimum Order Quantity : 1 full container / truck Payment term: 100% in advance – T/T Why Chemical Iran: 24×7 Support Top Quality Product Hassle-Free Purchase On-Time Delivery Methyl Acetate: A vers"
methyl methacrylate,80-62-6,6658,VVQNEPGJFQJSBK-UHFFFAOYSA-N,C5H8O2,,,methyl methacrylate,,organic,alias,composite,industrial,,,,value=180.0 unit=کیلو normalised_value=180000.0 normalised_unit=g raw=180 کیلو,in_stock,,2,telegram:Maran_Tejarat_Eshen; telegram:Boof_company,55,https://t.me/Maran_Tejarat_Eshen/177 | https://t.me/Maran_Tejarat_Eshen/326 | https://t.me/Maran_Tejarat_Eshen/332,2019-02-03T06:13:40+00:00<->2019-06-12T04:56:02+00:00,کاربردهای #متیل_متاکریلات #MMA : بیشترین مصرف #MMA تولید پلاستیک پلی متیل متاکریلات (PMMA) است. متیل متاکریلات برای تولید پلیمر متیل متاکریلات بوتادین استایرن (MBS) نیز استفاده می‌شود که به عنوان یک اصلاح کننده برای PVC استفاده می‌شود. MMA یک ماده خام برای تولید متاکریلات های دیگر است. این مشتقات عب
"N'-(2-aminoethyl)ethane-1,2-diamine",111-40-0,8111,RPNUMPOLZDHAAY-UHFFFAOYSA-N,C4H13N3,,,Diethylenetriamine,,organic,cas_only+pubchem,substance,research,Merck,803274,,,,,1,telegram:minatajhiz,1,,,"نام فارسی: دی اتیلن تری آمین نام ماده: Diethylenetriamine کد محصول مرک: 803274 اسم دوم: 2,2-Iminobis (ethylamine), Bis(2-aminoethyl)amine, 2,2-Diaminodiethylamine فرمول: C4H13N3 C A S NUMBER: 111-40-0"
"N,N,4-trimethylaniline",,7471,GYVGXEWAOAAJEU-UHFFFAOYSA-N,C9H13N,,,Dimethyl-p-toluidine,,organic,structured_pubchem,substance,research,Merck,822040,,,,,1,telegram:minatajhiz,1,,,"ان،ان -دی متیل -پی - تولوئیدین N,N-Dimethyl-p-toluidine کد محصول مرک: 822040 واردات جدید مرک"
"N,N,N',N'-tetramethylethane-1,2-diamine",,8037,KWYHDKDOAIKMQN-UHFFFAOYSA-N,C6H16N2,,,"N,N,N',N'-Tetramethylethylenediamine",,organic,structured_pubchem,substance,research,Sigma-Aldrich,T9281,,value=50.0 unit=ml normalised_value=50.0 normalised_unit=ml raw=50ML,in_stock,,1,telegram:ChemIranSanat,1,https://t.me/ChemIranSanat/1680,2019-04-14T06:06:58+00:00,"Sigma, Cat. Number: T9281 N,N,N′,N′-Tetramethylethylenediamine موجود و آماده تحویل ✅ شیمیران صنعت فقط اصلی ❓ قیمت و سفارش 👇 Admin 🆔 @ChemIranAdmin 🆔 @ChemIran1"
"N,N-diethylaniline",,7061,GGSUCNLOZRCGPQ-UHFFFAOYSA-N,C10H15N,,,"N,N-diethylaniline",,organic,structured_pubchem,substance,research,Merck,820395,,,,,1,telegram:minatajhiz,1,,,"ان ان دی اتیل آنیلین N,N-Diethylaniline کد محصول مرک: 820395 واردات جدید مرک"
"N,N-dimethylaniline",121-69-7,949,JLTDJTHDQAWBAV-UHFFFAOYSA-N,C8H11N,121.18,,"N,N-dimethylaniline","N,N-dimethylaniline",organic,ai_resolved+cas_only+pubchem,substance,industrial,,,,,,,1,telegram:Maran_Tejarat_Eshen,1,,,یکی از پرکاربردترین شتاب‌دهنده‌ها در صنعت رنگ و رزین، دی متیل آنیلین (DMA) از برند معتبر akpa است. این مایع شفاف و زرد کم‌رنگ با بویی خاص، گزینه‌ای ایده‌آل برای کنترل دقیق فرآیند پلیمریزاسیون محسوب می‌شود. ____________________________________ موارد استفاده DMA • تولید رزین‌های وینیل استر و پلی استر
"N,N-dimethylmethanamine",,1146,GETQZCLCWQTVFV-UHFFFAOYSA-N,C3H9N,,,Trimethylamine,,organic,structured_pubchem,substance,research,Merck,821177,,,,,1,telegram:minatajhiz,1,,,نام فارسی: تری متیل آمین نام ماده: Trimethylamine کد محصول مرک: 821177 واردات جدید مرک
N-(cyanomethyl)-4-(trifluoromethyl)pyridine-3-carboxamide,158062-67-0,9834513,RLQJEEJISHYWON-UHFFFAOYSA-N,C9H6F3N3O,229.16,,Flonicamid,N-(cyanomethyl)-4-(trifluoromethyl)pyridine-3-carboxamide,organic,ai_resolved+cas_only+pubchem,substance,industrial,,,,,,,1,telegram:jahaneshimicom,1,,,*سلام و درود خدمت همکاران*⚘ 🌾 اجناس *فروشگاه همیار کشاورز زاینده رود* به قیمت عالی موجود می باشد 🌾 🦗 حشره کش ضربه ۳ سمیران حجم ۲۵۰ سی سی 🦗 حشره کش فلونیکامید (تپکی) سرای سپند حجم ۵۰ گرم 🦗 حشره کش فن پروپاترین (دانیتول) گل سم حجم ۱ لیتر 🦗 حشره کش فن والریت شیمی گستران حجم ۱ لیتر 🦗 حشره کش فیتوکلیم فی
N-[2-(octadecanoylamino)ethyl]octadecanamide,,8044,RKISUIUJZGSLEV-UHFFFAOYSA-N,C38H76N2O2,,,Ethylenebis(stearamide),,organic,structured_pubchem,composite,unknown,,,,,,,1,telegram:chemgroup,1,,,💢 آنتی‌فوم یا ضدکف آنتیفوم، یک افزدونی شیمیایی است که باعث کاهش و مانع شکل گیری کفی است که در طی یک فرایند شیمیایی مایعات ایجاد شده است. در فرایندهای شیمیایی، کف‌ها، باعث ایجاد مشکلات جدی بسیاری می‌شوند. باعث ایجاد مشکلاتی روی سطح پوشاننده می‌شوند و مانع از این می‌شوند که از تمامی گنجایش ظرف حامل ما
N-butylbutan-1-amine,,8148,JQVDAXLFBXTEQA-UHFFFAOYSA-N,C8H19N,,,Dibutylamine,,organic,structured_pubchem,substance,research,Sigma-Aldrich,803222,,,,,1,telegram:minatajhiz,1,https://t.me/minatajhiz/1007,2023-04-10T08:05:40+00:00,Dibutylamine 803222 sigma aldrich واردات جدید
N-propan-2-ylprop-2-enamide,,16637,QNILTEGFHQSKFF-UHFFFAOYSA-N,C6H11NO,,,N-Isopropylacrylamide,,organic,structured_pubchem,substance,research,Sigma-Aldrich,415324,,value=10.0 unit=g normalised_value=10.0 normalised_unit=g raw=10G,in_stock,,1,telegram:ChemIranSanat,1,https://t.me/ChemIranSanat/754,2017-09-20T12:00:52+00:00,415324 Aldrich N-Isopropylacrylamide 97% 10G لات نامبر مخدوش است. موجود و آماده تحویل (تولید کارخانه میلواکی سیگما_آلدریچ) 09386489001 Admin: 🆔 @ChemIranAdmin 🆔 @ChemIran1
"naphthalene-1,4-dicarboxylic acid",,69065,ABMFBCRYHDZLRD-UHFFFAOYSA-N,C12H8O4,,,"1,4-Naphthalenedicarboxylic acid",,organic,structured_pubchem,substance,research,Fluorochem,210972,,value=25.0 unit=g normalised_value=25.0 normalised_unit=g raw=25g,in_stock,,1,telegram:ChemIranSanat,1,,,"210972 Fluorochem Naphthalene-1,4-dicarboxylic acid 25g 🔜 موجود و آماده تحویل ✅ شیمیران صنعت فقط اصلی ♾ موجودی و تنوع بی نظیر از برندهای معتبر 📱 سفارش کالا 👇 🆔 @ChemIranAdmin 🆔 @ChemIran1"
"naphthalene-2,6-dicarboxylic acid",,14357,RXOHFPCZGPKIRD-UHFFFAOYSA-N,C12H8O4,,,"2,6-Naphthalenedicarboxylic acid",,organic,structured_pubchem,substance,research,Sigma-Aldrich,523763,,value=5.0 unit=g normalised_value=5.0 normalised_unit=g raw=5g,in_stock,,1,telegram:ChemIranSanat,1,,,"523763 Aldrich 2,6-Naphthalenedicarboxylic acid, 99% 5g 🔜 موجود و آماده تحویل ✅ شیمیران صنعت فقط اصلی ❓ قیمت و سفارش 👇 0938-648-9001 Admin 🆔 @ChemIranAdmin 🆔 @ChemIran1"
octadec-1-ene,112-88-9,8217,CCCMONHAUSKTEQ-UHFFFAOYSA-N,C18H36,,,1-Octadecene,,organic,cas_only+pubchem,substance,research,Merck,822112,,value=252.48 unit=g normalised_value=252.48 normalised_unit=g raw=252.48 g,,,1,telegram:minatajhiz,1,,,نام فارسی: 1 اکتا دسن نام ماده: 1-Octadecene مختصر: 1-Octadecene کد محصول مرک: 822112 اسم دوم: 1-Octadecylene فرمول: C18H36 C A S NUMBER: 112-88-9 مولار: 252.48 g/mol قابلیت محلول شدن: (20 °C) practically insoluble نقطه جوش: 315 °C (1013 hPa) درجه ذوب: 17 - 18 °C انبوهی: 0.79 g/cm3 (20 °C) واردات جد
octanoic acid,,379,WWZKQHOCKIZLMA-UHFFFAOYSA-N,C8H16O2,,,octanoic acid,,organic,structured_pubchem,substance,research,Merck,800192,,,,,1,telegram:minatajhiz,1,,,اکتانوئیک اسید Octanoic acid کد محصول مرک: 800192 واردات جدید مرک
oxalyl chloride,79-37-8,65578,CTSLXHKWHWQRSH-UHFFFAOYSA-N,C2Cl2O2,,,oxalyl chloride,,organic,alias+pubchem,substance,research,Acros,,,,,,1,telegram:ChemIranSanat,1,,,"Oxalyl chloride, 98% Acros Store between 2°C and 8°C واردات مواد با شرایط نگهداری خاص @ChemIranAdmin 🆔 @ChemIran1"
"oxathiane 2,2-dioxide",,15411,MHYFEEDKONKGEB-UHFFFAOYSA-N,C4H8O3S,,,"1,4-Butane sultone",,organic,structured_pubchem,substance,research,Sigma-Aldrich,B85501,,value=100.0 unit=g normalised_value=100.0 normalised_unit=g raw=100G,in_stock,,1,telegram:ChemIranSanat,1,,,"B85501 Sigma-Aldrich 1,4-Butane sultone 100G 🔜 موجود و آماده تحویل ✅ شیمیران صنعت فقط اصلی 📱 دریافت قیمت یا سفارش کالا 👇 🆔 @ChemIranAdmin 🆔 @ChemIran1"
oxiran-2-ylmethanol,556-52-5,11164,CTKINSOISVBQLD-UHFFFAOYSA-N,C3H6O2,74.08,,Glycidol,oxiran-2-ylmethanol,organic,ai_resolved+cas_only+pubchem,substance,research,,,,,,,1,telegram:minatajhiz,1,,,3-Mercaptopropionic acid for synthesis 805967 #merck
oxiran-2-ylmethyl 2-methylprop-2-enoate,,7837,VOZRXNHHFUQHIL-UHFFFAOYSA-N,C7H10O3,,,Glycidyl methacrylate,,organic,structured_pubchem,substance,research,Acros,,,value=100.0 unit=g normalised_value=100.0 normalised_unit=g raw=100g,in_stock,,1,telegram:ChemIranSanat,1,,,16589 Acros Glycidyl methacrylate 100g 🔜 موجود و آماده تحویل ✅ شیمیران صنعت فقط اصلی ♾ موجودی و تنوع بی نظیر از برندهای معتبر 📱 سفارش کالا 👇 🆔 @ChemIranAdmin 🆔 @ChemIran1
pentane,109-66-0,8003,OFBQJSOFQDEBGM-UHFFFAOYSA-N,C5H12,72.15,,pentane,pentane,organic,ai_resolved+cas_only+pubchem,substance,industrial,,,,,,,1,telegram:minatajhiz,1,,,Dibutylamine 803222 1lit
pentanedial,111-30-8,3485,SXRSQZLOMIGNAQ-UHFFFAOYSA-N,C5H8O2,100.12,,Glutaraldehyde,pentanedial,organic,ai_resolved+cas_only+pubchem,substance,research,,,,,,,1,telegram:minatajhiz,1,,,فروش محلول گلوتار دی آلدهید 25% از کمپانی مرک کد محصول: 104239 پکیج: 250ml برای کسب اطلاعات بیشتر با ما در ارتباط باشید @minatajhiz_aria Tell:66900058
phenol,108-95-2,996,ISWSIDIOOBJBQZ-UHFFFAOYSA-N,C6H6O,,,phenol,,organic,alias+pubchem,substance,research,Merck,820258,,value=225.0 unit=کیلو normalised_value=225000.0 normalised_unit=g raw=225 کیلو,,,4,telegram:minatajhiz; telegram:ChemIranSanat; telegram:Boof_company; telegram:IranChemicals,8,https://t.me/minatajhiz/1038 | https://t.me/ChemIranSanat/689 | https://t.me/Boof_company/52,2017-09-10T08:17:08+00:00<->2023-06-14T06:09:49+00:00,5-ایزو پروپیل -2- متیل فنول 5-Isopropyl-2-methylphenol کد محصول مرک: 820258 که بنام کارواکرول نیز شناخته میشود
prop-2-enamide,,6579,HRPVXLWXLXDGHG-UHFFFAOYSA-N,C3H5NO,,,Acrylamide,,organic,structured_pubchem,substance,research,Sigma-Aldrich,800830,,value=500.0 unit=g normalised_value=500.0 normalised_unit=g raw=500 g,in_stock,,1,telegram:ChemIranSanat,1,https://t.me/ChemIranSanat/2017,2021-04-25T09:26:31+00:00,800830 | Acrylamide Acrylamide for synthesis 500 g #MERCKMILLIPORE موجود و آماده تحویل خرده فروشی نیز دارد. @ChemIranAdmin 🆔 @ChemIran1
prop-2-enenitrile,107-13-1,7855,NLHHRLWOUZZQLW-UHFFFAOYSA-N,C3H3N,53.06,,Acrylonitrile,prop-2-enenitrile,organic,ai_resolved+cas_only+pubchem,substance,research,,,,,,,1,telegram:ChemIranSanat,1,,,110213 Aldrich Acrylonitrile >99% 5ML قیمت: 333.000 تومان 🔜 موجود و آماده تحویل ✅ شیمیران صنعت فقط اصلی 📱 سفارش کالا 👇 🆔 @ChemIranAdmin 🆔 @ChemIran1
propargyl bromide,106-96-7,7842,YORCIIVHUBAYBQ-UHFFFAOYSA-N,C3H3Br,,,propargyl bromide,,organic,alias+pubchem,substance,research,,,,,,,1,telegram:minatajhiz,1,,,✅ پروپارژیل بروماید بار جدید برند ترموفیشر
pyridine,110-86-1,1049,JUJWROOIHBZHMG-UHFFFAOYSA-N,C5H5N,,,pyridine,,organic,alias+pubchem,substance,research,Merck,,,value=100.0 unit=g normalised_value=100.0 normalised_unit=g raw=100g,in_stock,,2,telegram:minatajhiz; telegram:ChemIranSanat,15,https://t.me/minatajhiz/998 | https://t.me/ChemIranSanat/69 | https://t.me/ChemIranSanat/630,2017-05-25T09:47:12+00:00<->2017-08-29T09:07:51+00:00,فروش مواد شیمیایی از برند های معتبر جهانی ۲-آمینو پیریدین 2-aminopyridine پل ارتباطی ما: Email:minatajhiz_aria@yahoo.com Tell:66900058 Telegram: @minatajhiz_aria
pyridine-4-carbonyl chloride;hydrochloride,,12262826,BNTRVUUJBGBGLZ-UHFFFAOYSA-N,C6H5Cl2NO,,,Isonicotinoyl chloride hydrochloride,,organic,structured_pubchem,substance,research,Fluorochem,,,value=25.0 unit=g normalised_value=25.0 normalised_unit=g raw=25g,in_stock,,1,telegram:ChemIranSanat,2,https://t.me/ChemIranSanat/1554 | https://t.me/ChemIranSanat/1775,2018-10-03T13:11:45+00:00<->2019-08-17T10:28:06+00:00,Isonicotinoyl chloride hydrochloride واردات از شرکت آلفاایسر 🆔 @ChemIran1
pyridine-4-carboxamide,,15074,VFQXVTODMYMSMJ-UHFFFAOYSA-N,C6H6N2O,,,Isonicotinamide,,organic,structured_pubchem,substance,research,Sigma-Aldrich,I17451,,value=25.0 unit=g normalised_value=25.0 normalised_unit=g raw=25G,in_stock,,1,telegram:ChemIranSanat,1,,,I17451 Sigma-Aldrich Isonicotinamide 25G 🔜 موجود و آماده تحویل ✅ شیمیران صنعت فقط اصلی 📱 دریافت قیمت یا سفارش کالا 👇 🆔 @ChemIranAdmin 🆔 @ChemIran1
"pyrrolidine-2,5-dione",,11439,KZNICNPSHKQLFF-UHFFFAOYSA-N,C4H5NO2,,,Succinimide,,organic,structured_pubchem,substance,research,Merck,807971,,,in_stock,,1,telegram:minatajhiz,1,,,سوکسینیمید Succinimide کد محصول مرک: 807971 واردات جدید مرک موجود است
sodium bicarbonate,144-55-8,516892,UIIMBOGNXHQVGW-UHFFFAOYSA-M,CHNaO3,84.007,,sodium bicarbonate,sodium hydrogen carbonate,organic,alias+pubchem,substance,research,Sigma-Aldrich,S5761,99.48,value=500.0 unit=g normalised_value=500.0 normalised_unit=g raw=500g,in_stock,,3,telegram:ChemIranSanat; telegram:chemgroup; Chemical Iran,5,https://t.me/chemgroup/2838 | https://www.chemicaliran.com/products/sodium-bicarbonate-feed-grade/ | https://www.chemicaliran.com/products/sodium-bicarbonate-food-grade/,2017-02-07T16:31:59+00:00,S5761-500g Sigma Sodium bicarbonate 500G قیمت: 555.000 تومان 🔜 موجود و آماده تحویل ✅ شیمیران صنعت فقط اصلی 📱 سفارش کالا 👇 🆔 @ChemIranAdmin 🆔 @ChemIran1
sodium dodecyl sulfate,151-21-3,3423265,DBMJMQXJHONAFJ-UHFFFAOYSA-M,C12H25NaO4S,,,Sodium Lauryl Sulfate,,organic,alias+pubchem,substance,research,,,,,,,1,telegram:IranChemicals,4,https://t.me/IranChemicals/30984 | https://t.me/IranChemicals/31051 | https://t.me/IranChemicals/31113,2026-02-27T20:40:10+00:00<->2026-06-06T07:38:42+00:00,🔴 #فناوری #انرژی 🟩 نگاهی علمی به انواع روش های غنی سازی 🔴 سانتریفیوژها و درصد‌های غنی‌سازی اورانیوم به زبان ساده 🔸 از یحیی طباطبایی فیزیکدان 🔸 ۹ اردیبهشت ۱۴۰۴ 👇 https://youtu.be/oSdsOh4E6R8?si=4pTWyvwMd9FR4c60
sodium methanolate,,10942334,WQDUMFSSJAZKTM-UHFFFAOYSA-N,CH3NaO,,,Sodium Methoxide,,organic,structured_pubchem,substance,research,Merck,818194,,,,,1,telegram:minatajhiz,1,,,سدیم متیلات Sodium methylate کد محصول مرک: 818194 واردات جدید مرک
sodium stearate,822-16-2,2724691,RYYKJJJTJZKILX-UHFFFAOYSA-M,C18H35NaO2,,,sodium stearate,,organic,alias+pubchem,substance,industrial,,,,,,,1,telegram:fanchem,4,https://t.me/fanchem/278 | https://t.me/fanchem/280 | https://t.me/fanchem/401,2023-06-28T07:30:33+00:00<->2023-07-01T04:23:11+00:00,⚜️ استئارات سدیم 🏭 فن آوران شیمی ☎️ تلفن : 02166565700 🔶 فروش: داخلی های 1 الی 4 🌐 اطلاعات بیشتر: http://fanchem.ir/products/sodium-stearate-ksn1016 🔛 Join 👉 @Fanchem
stearic acid,57-11-4,5281,QIQXTHQIDYTFRH-UHFFFAOYSA-N,C18H36O2,,,stearic acid,,organic,alias+pubchem,substance,industrial,,,,,in_stock,,3,telegram:jahaneshimicom; telegram:Ch_Chemical_leaders; telegram:fanchem,23,https://t.me/Ch_Chemical_leaders/65 | https://t.me/Ch_Chemical_leaders/93 | https://t.me/Ch_Chemical_leaders/161,2018-05-15T06:59:38+00:00<->2023-08-09T12:25:16+00:00,موجودی انبار شرکت امین شیمی حامی ایرانیان 🛢️ بوتیل گلایکول برند داو عربستان 🛢️ نرمال بوتانول برند سابیک عربستان 🛢️ اسید استئاریک مالزی پرک گرید ۱۸۱۰ ✅ امکان بازدید بار در محل انبار این شرکت برای مشتریان گرامی فراهم می باشد. 💵 بدون واسطه خرید کنید ☎️ تلفن تماس: ۰۲۱۲۶۲۹۲۰۰۵-۶ 📱 همراه: ۰۹۱۲۸۵۸۸۸۴۹ 🏢 آد
styrene,100-42-5,7501,PPBRXRYQALVLMV-UHFFFAOYSA-N,C8H8,,,styrene,,organic,alias+pubchem,substance,industrial,Alfa Aesar,L03609,,value=190.0 unit=کیلوگرم normalised_value=190000.0 normalised_unit=g raw=190 کیل,in_stock,,5,telegram:minatajhiz; telegram:Ch_Chemical_leaders; telegram:Boof_company; telegram:chemgroup; Karina Polymer,9,https://t.me/Ch_Chemical_leaders/155 | https://t.me/Ch_Chemical_leaders/159 | https://t.me/Boof_company/65,2016-09-08T07:39:27+00:00<->2017-05-11T11:30:37+00:00,"alpha-Methylstyrene, 99% L03609 #Alfa_Aesar این کالا به دلیل اینکه شرایط نگهداری در جای خنک دارد کمپانی آلفا ایسر داخل قوطی های فلزی کالا را قرار داده که رطوبت را جذب نکند به همین دلیل ما مشخصات دقیق رو برای شما عزیزان روی بسته قرار دادیم که بتوانید دقیق بررسی بفرمایید چون اصل کالا داخل این بسته است"
terephthalaldehyde,,12173,KUCOHFSKRZZVRO-UHFFFAOYSA-N,C8H6O2,,,terephthalaldehyde,,organic,structured_pubchem,substance,research,Merck,808617,,,in_stock,,1,telegram:ChemIranSanat,1,,,808617 | Merck Terephthaldialdehyde موجود و آماده تحویل این محصول خرده فروشی نیز دارد. 09386489001 Admin 🆔 @ChemIranAdmin 🆔 @ChemIran1
terephthalic acid,100-21-0,7489,KKEYFWRCBNTPAC-UHFFFAOYSA-N,C8H6O4,,,terephthalic acid,,organic,alias+pubchem,substance,research,Sigma-Aldrich,,,value=25.0 unit=گرمی normalised_value=25.0 normalised_unit=g raw=25گرمی,in_stock,,2,telegram:minatajhiz; telegram:ChemIranSanat,10,https://t.me/ChemIranSanat/507 | https://t.me/ChemIranSanat/1381 | https://t.me/ChemIranSanat/1393,2017-08-03T07:56:24+00:00<->2018-04-12T15:38:40+00:00,2-آمینو ترفتالیک اسید واردات جدید محصول کمپانی اکروس 25گرمی
tetraethoxysilane,78-10-4,6517,BOTDANWDWHJENH-UHFFFAOYSA-N,C8H20O4Si,,,tetraethoxysilane,,organic,cas_anchor+pubchem,substance,research,Merck,,,,,,1,telegram:minatajhiz,1,https://t.me/minatajhiz/682,2020-01-27T06:42:23+00:00,Tetraethyl orthosilicate Furmola:C8H20O4Si Molar mass:208.33 Cas number:78-10-4 Merck @minatajhiz
tetraethylene pentamine,112-57-2,8197,FAGUFWYHJQFNRV-UHFFFAOYSA-N,C8H23N5,,,Tetraethylenepentamine,,organic,alias+pubchem,substance,research,Merck,814713,,,in_stock,,2,telegram:minatajhiz; telegram:ChemIranSanat,1,https://t.me/ChemIranSanat/392,2017-07-11T09:09:03+00:00,تترا اتیلن پنتامین مرک کد 814713 - جهت کسب اطلاعات بیشتر با همکاران ما در بخش فروش تماس حاصل نمایید
tetrahydrofuran,109-99-9,8028,WYURNTSHIVDZCO-UHFFFAOYSA-N,C4H8O,,,tetrahydrofuran,,organic,alias+pubchem,substance,research,Zarrin,,,value=180.0 unit=کیلو normalised_value=180000.0 normalised_unit=g raw=180 کیلو,,,4,telegram:jahaneshimicom; telegram:Boof_company; telegram:fanchem; telegram:LabTel,3,https://t.me/Boof_company/49 | https://t.me/fanchem/428 | https://t.me/LabTel/75209,2025-11-26T07:34:17+00:00<->2025-11-29T06:49:55+00:00,سلام تترا هیدروفوران Thf قیمت لطف کنید 09011651039
tetrakis(hydroxymethyl)phosphanium chloride,,31298,AKXUUJCMWZFYMV-UHFFFAOYSA-M,C4H12ClO4P,,,Tetrakis(hydroxymethyl)phosphonium chloride,,organic,structured_pubchem,substance,research,Sigma-Aldrich,404861,,value=100.0 unit=ml normalised_value=100.0 normalised_unit=ml raw=100ML,in_stock,,1,telegram:ChemIranSanat,1,,,404861 Aldrich Tetrakis(hydroxymethyl)phosphonium chloride solution 80% in H2O 100ML لات نامبر مخدوش شده است. موجود و آماده تحویل 09386489001 Admin 🆔 @ChemIranAdmin 🆔 @ChemIran1
tetrakis(propan-2-olate);titanium(4+),,11026,VXUYXOFXAQZZMF-UHFFFAOYSA-N,C12H28O4Ti,,,Titanium isopropoxide,,organic,structured_pubchem,substance,research,Merck,821895,,value=250.0 unit=ml normalised_value=250.0 normalised_unit=ml raw=250ml,in_stock,,1,telegram:ChemIranSanat,1,,,"Tetraisopropyl orthotitanate 821895 Merck, 250ml موجود و آماده تحویل ✅ شیمیران صنعت فقط اصلی ❓ درخواست قیمت یا سفارش کالا 👇 ADMIN 🆔 @ChemIranAdmin 🆔 @ChemIran1"
tetramethylazanium;hydroxide;pentahydrate,,82620,MYXKPFMQWULLOH-UHFFFAOYSA-M,C4H23NO6,,,Tetramethylammonium Hydroxide Pentahydrate,,organic,structured_pubchem,substance,research,Exir,013978,,value=100.0 unit=g normalised_value=100.0 normalised_unit=g raw=100g,in_stock,,1,telegram:ChemIranSanat,1,,,013978 Exir Tetramethylammonium hydroxide pentahydrate 100g 🔜 موجود و آماده تحویل ✅ شیمیران صنعت فقط اصلی ♾ موجودی و تنوع بی نظیر از برندهای معتبر 📦 ارسال رایگان 📱 سفارش کالا 👇 📞 0938-648-9001 🆔 @ChemIranAdmin 🆔 @ChemIran1
"thiolane 1,1-dioxide",126-33-0,31347,HXJUTPCZVOIRIF-UHFFFAOYSA-N,C4H8O2S,120.17,,Sulfolane,"thiolane 1,1-dioxide",organic,ai_resolved+cas_only+pubchem,substance,industrial,,,,,,,1,telegram:jahaneshimicom,1,,,سلام محلول ساولن موجود دارین؟ 09126382937
toluene,108-88-3,1140,YXFVVABEGXRONW-UHFFFAOYSA-N,C7H8,,,toluene,,organic,alias+pubchem,substance,research,Sigma-Aldrich,,,value=10.0 unit=g normalised_value=10.0 normalised_unit=g raw=10g,in_stock,,3,telegram:ChemIranSanat; telegram:Maran_Tejarat_Eshen; telegram:IranChemicals,29,https://t.me/ChemIranSanat/2087 | https://t.me/Maran_Tejarat_Eshen/90 | https://t.me/Maran_Tejarat_Eshen/109,2018-09-25T05:35:12+00:00<->2018-12-11T11:09:23+00:00,Sigma-Aldrich Cat. Number:04943 4-Ethyltoluene موجود و آماده تحویل ✅ شیمیران صنعت فقط اصلی ❓ قیمت و سفارش 👇 Admin 🆔 @ChemIranAdmin 🆔 @ChemIran1
triethoxy(octyl)silane,2943-75-1,76262,MSRJTTSHWYDFIU-UHFFFAOYSA-N,C14H32O3Si,,,Octyltriethoxysilane,,organic,cas_only+pubchem,substance,research,Merck,,,,,,1,telegram:minatajhiz,1,,,"Triethoxyoctylsilane for synthesis Synonym: Triethoxyoctylsilane, n-Octyltriethoxysilane CAS Number 2943-75-1 Formula C14H32O3S MERCK"
trimethoxy(methyl)silane,1185-55-3,14456,BFXIKLCIZHOAAZ-UHFFFAOYSA-N,C4H12O3Si,,,Methyltrimethoxysilane,,organic,cas_only+pubchem,substance,research,Merck,,,,,,1,telegram:minatajhiz,1,,,Trimethoxymethylsilane Furmola:C4H12O3Si Molar mass: 136.22 Cas number:1185-55-3 Merck @minatajhiz
trioctylphosphane,,20851,RMZAYIKUYWXQPB-UHFFFAOYSA-N,C24H51P,,,Trioctylphosphine,,organic,structured_pubchem,substance,research,Sigma-Aldrich,117854,,value=25.0 unit=cc normalised_value=25.0 normalised_unit=ml raw=25cc,,,1,telegram:minatajhiz,1,,,"Trioctylphosphine technical grade, 90% 117854 25cc #Sigma"
tris buffer,77-86-1,6503,LENZDBCJOHFCAS-UHFFFAOYSA-N,C4H11NO3,,,Tris(hydroxymethyl)aminomethane,,organic,alias+pubchem,substance,research,Sigma-Aldrich,,,value=5.0 unit=ml normalised_value=5.0 normalised_unit=ml raw=5ml,in_stock,,1,telegram:ChemIranSanat,1,,,"93412 Sigma-Aldrich Tris(trimethylsilyl) phosphite, 95% 5ml 🔜 موجود و آماده تحویل ✅ شیمیران صنعت فقط اصلی 📱 دریافت قیمت یا سفارش کالا 👇 🆔 @ChemIranAdmin 🆔 @ChemIran1"
urea,57-13-6,1176,XSQUKJJJFZCRTK-UHFFFAOYSA-N,CH4N2O,,,urea,,organic,alias+pubchem,substance,research,Sigma-Aldrich,T8656,,value=50.0 unit=g normalised_value=50.0 normalised_unit=g raw=50G,in_stock,,9,telegram:ChemIranSanat; telegram:Maran_Tejarat_Eshen; telegram:jahaneshimicom; telegram:Ch_Chemical_leaders; telegram:Boof_company; telegram:IranChemicals; telegram:chemgroup; telegram:LabTel; Karina Polymer,140,https://t.me/Maran_Tejarat_Eshen/567 | https://t.me/Maran_Tejarat_Eshen/569 | https://t.me/Maran_Tejarat_Eshen/590,2017-07-15T14:26:05+00:00<->2017-07-20T15:30:05+00:00,T8656 Sigma-Aldrich Thiourea >99% 50G قیمت: 333.000 تومان 🔜 موجود و آماده تحویل ✅ شیمیران صنعت فقط اصلی 📱 سفارش کالا 👇 🆔 @ChemIranAdmin 🆔 @ChemIran1
vanillic acid,121-34-6,8468,WKOLLVMJNQIZCI-UHFFFAOYSA-N,C8H8O4,,,vanillic acid,,organic,alias+pubchem,substance,research,Sigma-Aldrich,,,value=10.0 unit=g normalised_value=10.0 normalised_unit=g raw=10g,in_stock,,1,telegram:ChemIranSanat,1,https://t.me/ChemIranSanat/1678,2019-04-14T06:05:38+00:00,"Sigma-Aldrich, Cat. Number: 94770 Vanillic acid, HPLC, 10g موجود و آماده تحویل ✅ شیمیران صنعت فقط اصلی ❓ قیمت و سفارش 👇 Admin 🆔 @ChemIranAdmin 🆔 @ChemIran1"
zinc acetate,557-34-6,11192,DJWUNCQRNNEAKC-UHFFFAOYSA-L,C4H6O4Zn,,,zinc acetate,,organic,alias+pubchem,substance,research,,,,,,,1,telegram:ChemIranSanat,1,https://t.me/ChemIranSanat/1882,2020-02-20T10:44:12+00:00,انواع ویروس های عامل سرماخوردگی و آنفولانزا (شواهد نشان می دهد استات روی (Zinc acetate) بهتر از ویتامین C، سیر و عسل عمل می کند. آنتی بیوتیک! اصلا.) توضیحات در ادامه... 🆔 @ChemIran1
zinc stearate,557-05-1,11178,XOOUIPVCVHRTMJ-UHFFFAOYSA-L,C36H70O4Zn,,,zinc stearate,,organic,alias,polymer,industrial,Zarrin,,,,,,1,telegram:fanchem,13,https://t.me/fanchem/115 | https://t.me/fanchem/152 | https://t.me/fanchem/154,2018-03-10T08:57:29+00:00<->2018-10-14T20:30:52+00:00,⚜️ محصول جدید فن آوران شیمی تجزیه ✅ استئارات روی گرید 5012 ✳️ مخصوص پلیمر ،پلاستیک،مستربچ و کامپاند ☎️ تلفن : 02166565702 ➕ ادامه در لینک زیر: https://goo.gl/ui3S1U 🔛 Join 👉 @Fanchem
calcium carbonate,471-34-1,,,,,,calcium carbonate,,unknown,alias,polymer,research,,,,,,,2,telegram:ChemIranSanat; telegram:IranChemicals,1,https://t.me/IranChemicals/31073,2026-06-13T08:33:35+00:00,⭕️ استفاده از پوست میگو برای ساخت كیسه‌های پلاستیكی دوستدار طبیعت 🔹 تیمی از محققان دانشگاه ناتینگهام و دانشگاهی در مصر در حال بررسی روشی برای جایگزینی کیسه‌های پلاستیکی با استفاده از پوسته میگو هستند. این جایگزین برای کیسه های پلی‌اتیلن که از سوخت‌های فسیلی بدست می‌آیند، برای محیط‌زیست خطری ندارد. د
CAS 100-34-1,100-34-1,,,,,,CAS 100-34-1,,unknown,ai_resolved+cas_only,substance,research,,,,,,,1,telegram:ChemIranSanat,1,,,P7626 Sigma Phenylmethanesulfonyl floride 5g موجود و آماده تحویل ✅ شیمیران صنعت فقط اصلی ❓ قیمت و سفارش 👇 Admin 🆔 @ChemIranAdmin 🆔 @ChemIran1
CAS 10045-22-0,10045-22-0,,,,,,CAS 10045-22-0,,unknown,ai_resolved+cas_only,substance,research,,,,,,,1,telegram:ChemIranSanat,1,,,808913 Merck Zirconium(IV) chloride 5g@980.000 10g@1.780.000 25g@3.480.000 Price expiry: 48 h
CAS 10045-22-1,10045-22-1,,,,,,CAS 10045-22-1,,unknown,ai_resolved+cas_only,substance,industrial,,,,,,,1,telegram:ChemIranSanat,1,,,"Alfa Aesar, Cat. Number: L14891 Zirconium(IV) chloride, 50g موجود و آماده تحویل ✅ شیمیران صنعت فقط اصلی ❓ قیمت و سفارش 👇 Admin 🆔 @ChemIranAdmin 🆔 @ChemIran1"
CAS 10045-25-5,10045-25-5,,,,,,CAS 10045-25-5,,unknown,ai_resolved+cas_only,substance,research,,,,,,,1,telegram:minatajhiz,1,,,فروش محلول زیرکونیوم کلراید از کمپانی مرک کد محصول: 808913 پکیج: 250gr برای کسب اطلاعات بیشتر با ما در ارتباط باشید @minatajhiz_aria Tell:66900058
CAS 10049-37-3,10049-37-3,,,,,,CAS 10049-37-3,,unknown,ai_resolved+cas_only,substance,industrial,,,,,,,1,telegram:jahaneshimicom,1,,,سلام مونو کلسیم فسفات دامی موجود دارید؟ 09162669047
CAS 10168-83-5,10168-83-5,,,,,,CAS 10168-83-5,,unknown,ai_resolved+cas_only,substance,industrial,,,,,,,1,telegram:ChemIranSanat,1,,,آلرژی و آنتی هیستامینها، سیتریزین لوراتادین 🆔 @ChemIran1
CAS 102-82-7,102-82-7,,,,,,CAS 102-82-7,,unknown,ai_resolved+cas_only,substance,industrial,,,,,,,1,telegram:Maran_Tejarat_Eshen,1,,,"کاتالیزور ترشیو بوتیل پرکسی بنزوئات موجود می باشد. #ماران_تجارت_اشن 021-22799285,95 09128066375"
CAS 10244-67-5,10244-67-5,,,,,,CAS 10244-67-5,,unknown,ai_resolved+cas_only,substance,industrial,,,,,,,1,telegram:ChemIranSanat,1,,,016654 Exir D-alpha-Tocopherol Succinate (Vitamin E succinate) 2g 5g 10g 🔜 موجود و آماده تحویل ✅ شیمیران صنعت فقط اصلی ♾ موجودی و تنوع بی نظیر از برندهای معتبر 📱 سفارش کالا 👇 🆔 @ChemIranAdmin 🆔 @ChemIran1
CAS 10260-22-4,10260-22-4,,,,,,CAS 10260-22-4,,unknown,ai_resolved+cas_only,substance,research,,,,,,,1,telegram:ChemIranSanat,1,,,520918 Aldrich Gold(III) chloride trihydrate (HAuCl4‧3H2O) 1g 🛩 واردات مسافری 🔜 موجود و آماده تحویل ✅ شیمیران صنعت فقط اصلی ❓ قیمت و سفارش 👇 Admin 🆔 @ChemIranAdmin 🆔 @ChemIran1
CAS 103-11-3,103-11-3,,,,,,CAS 103-11-3,,unknown,ai_resolved+cas_only,substance,industrial,,,,,,,1,telegram:Maran_Tejarat_Eshen,1,,,"مقدار محدودی مونومر 2EHA ستلایت چین موجود می باشد. #ماران_تجارت_اشن 021-22799285,95 09128066375"
CAS 103-18-2,103-18-2,,,,,,CAS 103-18-2,,unknown,ai_resolved+cas_only,substance,industrial,,,,,,,1,telegram:Maran_Tejarat_Eshen,1,,,"فروش ویژه مونومر 2EHA ستلایت چین به مدت محدود. #ماران_تجارت_اشن 021-22799285,95 09128066375"
CAS 103-30-4,103-30-4,,,,,,CAS 103-30-4,,unknown,ai_resolved+cas_only,substance,industrial,,,,,,,1,telegram:Maran_Tejarat_Eshen,1,,,"هما چینی HEMA با قیمت رقابتی بدون انبارداری موجود می باشد. #ماران_تجارت_اشن 021-22799285,95 09128066375"
CAS 103-78-2,103-78-2,,,,,,CAS 103-78-2,,unknown,ai_resolved+cas_only,substance,industrial,,,,,,,1,telegram:Maran_Tejarat_Eshen,1,,,🇮🇳 ضد رویه 🇮🇳 متیل اتیل کتوکسیم (MEKO) موجود در انبار شور آباد جهت اطلاع از مشخصات فنی و قیمت لطفا با کارشناسان ما تماس بگیرین
CAS 103-97-3,103-97-3,,,,,,CAS 103-97-3,,unknown,ai_resolved+cas_only,substance,research,,,,,,,1,telegram:ChemIranSanat; telegram:Maran_Tejarat_Eshen,1,,,"803573 | MERCK 2,6-Diamino-4-phenyl-1,3,5-triazine (Benzoguanamine) موجود و آماده تحویل 🔴 این محصول خرده فروشی نیز دارد. سفارش و درخواست قیمت 0938-648-9001 ADMIN 🆔 @ChemIranAdmin 🆔 @ChemIran1"
CAS 105-85-3,105-85-3,,,,,,CAS 105-85-3,,unknown,ai_resolved+cas_only,substance,industrial,,,,,,,1,telegram:Maran_Tejarat_Eshen,1,,,"کاتالیزور ترشیو بوتیل پرکسی بنزوئات موجود می باشد. #ماران_تجارت_اشن 021-22799285,95 09128066375"
CAS 107-95-7,107-95-7,,,,,,CAS 107-95-7,,unknown,ai_resolved+cas_only,substance,industrial,,,,,,,1,telegram:Maran_Tejarat_Eshen,1,,,"هما چینی HEMA با قیمت رقابتی بدون انبارداری موجود می باشد. #ماران_تجارت_اشن 021-22799285,95 09128066375"
CAS 107673-44-9,107673-44-9,,,,,,CAS 107673-44-9,,unknown,ai_resolved+cas_only,substance,research,,,,,,,1,telegram:minatajhiz,1,,,Silane A 174 107673 #merck
CAS 108-02-7,108-02-7,,,,,,CAS 108-02-7,,unknown,ai_resolved+cas_only,substance,research,,,,,,,1,telegram:ChemIranSanat,1,,,A80602 Sigma-Aldrich 5-Aminotetrazole 5G 🔜 موجود و آماده تحویل ✅ شیمیران صنعت فقط اصلی 📱 دریافت قیمت یا سفارش کالا 👇 🆔 @ChemIranAdmin 🆔 @ChemIran1
CAS 110-01-2,110-01-2,,,,,,CAS 110-01-2,,unknown,ai_resolved+cas_only,substance,industrial,,,,,,,1,telegram:ChemIranSanat,1,,,"A13163 1,10-Phenanthroline Alfa Aesar موجود و آماده تحویل @ChemIranAdmin 🆔 @ChemIran1"
CAS 111-99-3,111-99-3,,,,,,CAS 111-99-3,,unknown,ai_resolved+cas_only,substance,research,,,,,,,1,telegram:ChemIranSanat,1,,,"D3254 Sigma-Aldrich 7,12-Dimethylbenz[a]anthracene ≥95% 100MG 🔜 موجود و آماده تحویل ✅ شیمیران صنعت فقط اصلی 📱 دریافت قیمت یا سفارش کالا 👇 🆔 @ChemIranAdmin 🆔 @ChemIran1"
CAS 112-04-7,112-04-7,,,,,,CAS 112-04-7,,unknown,ai_resolved+cas_only,substance,research,,,,,,,1,telegram:ChemIranSanat,1,,,"347493 Aldrich (Trimethylsilyl)methacrylate, 98% 25g 🔜 موجود و آماده تحویل ✅ شیمیران صنعت فقط اصلی ❓ قیمت و سفارش 👇 0938-648-9001 Admin 🆔 @ChemIranAdmin 🆔 @ChemIran1"
CAS 112264-85-4,112264-85-4,,,,,,CAS 112264-85-4,,unknown,ai_resolved+cas_only,substance,research,,,,,,,1,telegram:minatajhiz,1,,,"di-Sodium hydrogen citrate 1,5-hydrate 99+ 112264 #merck"
CAS 119-65-7,119-65-7,,,,,,CAS 119-65-7,,unknown,ai_resolved+cas_only,substance,industrial,,,,,,,1,telegram:jahaneshimicom,1,,,سلام ترت بوتیل هیدروکینون موجود دارید؟ نباتی شرکت ایستا تحکیم 09351397699
CAS 120-59-8,120-59-8,,,,,,CAS 120-59-8,,unknown,ai_resolved+cas_only,substance,industrial,,,,,,,1,telegram:Maran_Tejarat_Eshen,1,,,کاردورا موجود می باشد
CAS 122-10-5,122-10-5,,,,,,CAS 122-10-5,,unknown,ai_resolved+cas_only,substance,industrial,,,,,,,1,telegram:Ch_Chemical_leaders,1,,,#تبلیغات 📢 عرضه مستقیم GMS جینکو – JINQIAO TECHNOLOGY محصول GMS (Glyceryl Monostearate) برند جینکو (JINQIAO TECHNOLOGY) توسط پلی زون تأمین و آماده ارائه به تولیدکنندگان محترم است. پلی زون، تأمین‌کننده تخصصی مواد اولیه شیمیایی و غذایی، این محصول را با کیفیت تضمین‌شده و شرایط رقابتی عرضه می‌کند. 📞 021
CAS 123-03-1,123-03-1,,,,,,CAS 123-03-1,,unknown,ai_resolved+cas_only,substance,research,,,,,,,1,telegram:ChemIranSanat,1,,,822073 Merck 3-Hydroxytyraminium chloride (Dopamine hydrochloride) 10g 🔜 موجود و آماده تحویل ✅ شیمیران صنعت فقط اصلی ♾ موجودی و تنوع بی نظیر از برندهای معتبر 📦 ارسال رایگان 📱 سفارش کالا 👇 📱 0938 648 9001 ☎️ 77 88 18 08 🆔 @ChemIranAdmin 🆔 @ChemIran1
CAS 124511-78-9,124511-78-9,,,,,,CAS 124511-78-9,,unknown,ai_resolved+cas_only,substance,research,,,,,,,1,telegram:minatajhiz,1,,,"1,4-Dithioerythritol for biochemistry 124511 #merck"
CAS 130-38-3,130-38-3,,,,,,CAS 130-38-3,,unknown,ai_resolved+cas_only,substance,research,,,,,,,1,telegram:ChemIranSanat,1,,,15212-012 GIBCO COLCEMID موجود و آماده تحویل 🆔 @ChemIran1
CAS 1302-62-7,1302-62-7,,,,,,CAS 1302-62-7,,unknown,ai_resolved+cas_only,substance,industrial,,,,,,,1,telegram:jahaneshimicom,1,,,سلام هیدروکسید کبالت قیمت لطف کنید 09129640927
CAS 1302-78-9,1302-78-9,,,,,,CAS 1302-78-9,,unknown,ai_resolved+cas_only,substance,industrial,,,,,,,1,telegram:Maran_Tejarat_Eshen; telegram:jahaneshimicom,1,,,💢 💢 ماران تجارت اشن فروش ویژه مواد اولیه شیمیایی #بنتون #paintgel34 #موجود_در_انبار برای استعلام قیمت با ما در تماس باشید: 09102296278 📱 وبسایت: http://mtecompany.com/ کانال تلگرام: https://t.me/Maran_Tejarat_Eshen
CAS 1309-66-2,1309-66-2,,,,,,CAS 1309-66-2,,unknown,ai_resolved+cas_only,substance,industrial,,,,,,,1,telegram:jahaneshimicom,1,,,سلام اکسید سرب لیتارژ ١۵٠ کیلو خرید داشتم قیمت اعلام کنین 09121885146
CAS 1310-69-6,1310-69-6,,,,,,CAS 1310-69-6,,unknown,ai_resolved+cas_only,substance,industrial,,,,,,,1,telegram:Maran_Tejarat_Eshen,1,,,"کاتالیزور ترشیو بوتیل پرکسی بنزوئات موجود می باشد. #ماران_تجارت_اشن 021-22799285,95 09128066375"
CAS 1318-95-8,1318-95-8,,,,,,CAS 1318-95-8,,unknown,ai_resolved+cas_only,substance,research,,,,,,,1,telegram:minatajhiz,1,,,فروش پلیت TLC مرک TLC Silica gel 60 کد محصول: 105582 جهت اطلاع از سایر محصولات با ما در ارتباط باشید Email: minatajhiz_aria@yahoo.com Tell:66900058 Telegram: @minatajhiz_aria
CAS 1327-50-8,1327-50-8,,,,,,CAS 1327-50-8,,unknown,ai_resolved+cas_only,substance,industrial,,,,,,,1,telegram:jahaneshimicom,1,,,سلام سدیم الومینا مورد نیاز است قیمت لطفاً ؟09122236940
CAS 1330-26-7,1330-26-7,,,,,,CAS 1330-26-7,,unknown,ai_resolved+cas_only,substance,industrial,,,,,,,1,telegram:jahaneshimicom,1,,,سلام کمالی از مشهد هستم سوربیتان تری استئارات غذایی پودری میخواستم 09367065792
CAS 1332-58-7,1332-58-7,,,,,,CAS 1332-58-7,,unknown,ai_resolved+cas_only,substance,industrial,,,,,,,1,telegram:IranChemicals,1,,,🔴 #تبلیغات کائولن سوپر لاستر
CAS 134-43-6,134-43-6,,,,,,CAS 134-43-6,,unknown,ai_resolved+cas_only,substance,industrial,,,,,,,1,telegram:ChemIranSanat,1,,,شیمی گل صد تومانی مولکول موجود (Peonin) در این گل در pHهای مختلف رنگ های متفاوتی دارد بنابراین رنگ گلبرگها نیز متغیر خواهد بود. 🆔 @ChemIran1
CAS 1344-25-2,1344-25-2,,,,,,CAS 1344-25-2,,unknown,ai_resolved+cas_only,substance,industrial,,,,,,,1,telegram:jahaneshimicom,1,,,سلام اکسید سرب موجود هست؟ 09169219985
CAS 1346-34-7,1346-34-7,,,,,,CAS 1346-34-7,,unknown,ai_resolved+cas_only,substance,industrial,,,,,,,1,telegram:jahaneshimicom,1,,,سلام نصیری هستم لیتوپن موجود دارین؟ 09125902687
CAS 13476-74-7,13476-74-7,,,,,,CAS 13476-74-7,,unknown,ai_resolved+cas_only,substance,industrial,,,,,,,1,telegram:chemgroup,1,,,🎥 تعادل شیمیایی آهن (III) تیوسیانات #ارسالی_کاربران @ChemGroup
CAS 13494-35-6,13494-35-6,,,,,,CAS 13494-35-6,,unknown,ai_resolved+cas_only,substance,research,,,,,,,1,telegram:minatajhiz,1,,,Selenium dioxide 800653 #merck
CAS 135-39-1,135-39-1,,,,,,CAS 135-39-1,,unknown,ai_resolved+cas_only,substance,industrial,,,,,,,1,telegram:Maran_Tejarat_Eshen,1,,,"ترت بوتیل پروکسی بنزوات ترک Efox30 به مقدار محدودی موجود می باشد #ماران_تجارت_اشن 021-22799285,95 09128066375"
CAS 13536-36-0,13536-36-0,,,,,,CAS 13536-36-0,,unknown,ai_resolved+cas_only,substance,industrial,,,,,,,1,telegram:Maran_Tejarat_Eshen,1,,,💢 💢 ماران تجارت اشن فروش ویژه مواد اولیه شیمیایی #EFOX30 #موجود_در_انبار #ترت_بوتیل_پروکسی_بنزوات برای استعلام قیمت با ما در تماس باشید: 09102296278 📱
CAS 1406-16-2,1406-16-2,,,,,,CAS 1406-16-2,,unknown,ai_resolved+cas_only,substance,industrial,,,,,,,1,telegram:ChemIranSanat,1,,,نور خورشید و ویتامین D 🆔 @ChemIran1
CAS 141-03-5,141-03-5,,,,,,CAS 141-03-5,,unknown,ai_resolved+cas_only,substance,research,,,,,,,1,telegram:Maran_Tejarat_Eshen,1,,,#اکرلیک_اسید_گلسیال اکرلیک اسید گلسیال ( #GAA ) مایع بی‌رنگ و شفاف با بوی اسیدی تند می باشد. این ماده دارای قابلیت اختلاط با آب، الکل ها و اترها می باشد. ● مزایای و ویژگی های کاربردی : • از لحاظ خواص و ویژگی ها بسیار مشابه با اکرلیک اسید • دارای خلوص بالاتر نسبت به اکرلیک اسید(بالای 98 درصد). • دارا
CAS 141-42-2,141-42-2,,,,,,CAS 141-42-2,,unknown,ai_resolved+cas_only,substance,industrial,,,,,,,1,telegram:Maran_Tejarat_Eshen,1,,,"مقدار محدودی مونومر 2EHA ستلایت چین موجود می باشد. #ماران_تجارت_اشن 021-22799285,95 09128066375"
CAS 141-56-8,141-56-8,,,,,,CAS 141-56-8,,unknown,ai_resolved+cas_only,substance,industrial,,,,,,,1,telegram:Maran_Tejarat_Eshen,1,,,"مونومر 2EHA ستلایت چین موجود می باشد. #ماران_تجارت_اشن 021-22799285,95 09128066375"
CAS 141-61-9,141-61-9,,,,,,CAS 141-61-9,,unknown,ai_resolved+cas_only,substance,industrial,,,,,,,1,telegram:Maran_Tejarat_Eshen,1,,,"مونومر 2EHA ستلایت چین موجود می باشد. #ماران_تجارت_اشن 021-22799285,95 09128066375"
CAS 141-64-8,141-64-8,,,,,,CAS 141-64-8,,unknown,ai_resolved+cas_only,substance,industrial,,,,,,,1,telegram:Maran_Tejarat_Eshen,1,,,"فروش ویژه مونومر 2EHA ستلایت چین به مدت محدود. #ماران_تجارت_اشن 021-22799285,95 09128066375"
CAS 141-69-9,141-69-9,,,,,,CAS 141-69-9,,unknown,ai_resolved+cas_only,substance,industrial,,,,,,,1,telegram:Maran_Tejarat_Eshen,1,,,"مقدار محدودی مونومر 2EHA ستلایت چین موجود می باشد. #ماران_تجارت_اشن 021-22799285,95 09128066375"
CAS 142-32-9,142-32-9,,,,,,CAS 142-32-9,,unknown,ai_resolved+cas_only,substance,industrial,,,,,,,1,telegram:Maran_Tejarat_Eshen,1,,,#هیدروکسی_پروپیل_متاکریلات (HPMA#) مونومری آبگریز، شفاف و بی رنگ است. مزایای کاربردی: • خواص آبگریزی • واکنش پذیری بالا • ایجاد پایداری هیدرولیکی در پلیمر تولیدی • بهبود خاصیت انعطاف پذیری • بهبود مقاومت به شرایط آب و هوایی • قابلیت کوپلیمر شدن با طیف وسیعی از مونومرهای اکریلاتی • ایجاد چسبندگی به س
CAS 142-89-6,142-89-6,,,,,,CAS 142-89-6,,unknown,ai_resolved+cas_only,substance,industrial,,,,,,,1,telegram:Maran_Tejarat_Eshen,1,,,#هیدروکسی_اتیل_اکریلات ( #2HEA ) مونومر اکریلاتی بی رنگ و شفاف است. ● ویژگی های 2HEA: • ایجاد مقاومت در برابر خراش • چسبندگی زیاد • ایجاد مقاومت شیمیایی • دارای خواص شبکه ای کننده • بهبود مقاومت به شرایط آب و هوایی • کمک به تنظیم رئولوژی ● کاربردها: • تولید هموپلیمر و کوپلیمرهای اکرلیک • تولید رنگ و
CAS 147-15-1,147-15-1,,,,,,CAS 147-15-1,,unknown,ai_resolved+cas_only,substance,industrial,,,,,,,1,telegram:ChemIranSanat,1,,,تریسین 98% آلفاایسر موجود و آماده تحویل @ChemIran1
CAS 25038-54-4,25038-54-4,,,,,,CAS 25038-54-4,,unknown,ai_resolved+cas_only,polymer,research,,,,,,,1,telegram:ChemIranSanat; telegram:Maran_Tejarat_Eshen,1,,,430862 Aldrich Poly(ethylene-co-glycidyl methacrylate) موجود و آماده تحویل ✅ شیمیران صنعت فقط اصلی ❓ درخواست قیمت یا سفارش کالا 👇 ADMIN 🆔 @ChemIranAdmin 🆔 @ChemIran1
CAS 25038-59-9,25038-59-9,,,,,,CAS 25038-59-9,,unknown,ai_resolved+cas_only,polymer,industrial,,,,,,,1,telegram:chemgroup,1,,,📚 مقاله فرآیند تهیه و تولید PET در پتروشیمی تندگویان پلیمر PolyEthylene Terephethalate یا به اختصار PET جزء پلیمر های با زنجیره طولانی وابسته به خانواده پلی استرها می باشد. پلی استر PET یا پلی اتیلن ترفتالات در دو گرید Bottle و Textile (هرکدام دو کارخانه مجزا) تولید میشود که از لحاظ تهیه پلیمر این د
CAS 25336-56-1,25336-56-1,,,,,,CAS 25336-56-1,,unknown,ai_resolved+cas_only,substance,industrial,,,,,,,1,telegram:Maran_Tejarat_Eshen,1,,,🌍 ماران تجارت 🌍 فروش پروفرمایی Desmodur N75 MPA/X AH-4075P/X 📱 09102296278 برای استعلام قیمت با ما در تماس باشید.
CAS 26264-81-1,26264-81-1,,,,,,CAS 26264-81-1,,unknown,ai_resolved+cas_only,substance,industrial,,,,,,,1,telegram:ChemIranSanat,1,,,اتم به اتم با جدول تناوبی 39. ایتریم یکی از چند عنصر کشف شده در معادن شهر Ytterby سوئد، ایتریم است که با افزودن اکسید آن به شیشه، لنزهای دوربین مقاوم به گرما و ضربه ایجاد می شود. به دلیل گرانی برخی از سنگهای قیمتی، بازاری برای شبیه سازی ارزانتر وجود دارد.…
CAS 503-82-0,503-82-0,,,,,,CAS 503-82-0,,unknown,ai_resolved+cas_only,substance,industrial,,,,,,,1,telegram:ChemIranSanat,1,,,شیمی زنجبیل ترکیب zingibirene یک نوع روغن و عامل اصلی بوی زنجبیل است. اکثر مواد موجود در زنجبیل برای سلامتی انسان بسیار سودمند هستند. 🆔 @ChemIran1
CAS 54084-59-8,54084-59-8,,,,,,CAS 54084-59-8,,unknown,ai_resolved+cas_only,substance,industrial,,,,,,,1,telegram:ChemIranSanat,1,,,💎 اکثر سنگهای قیمتی از ترکیب چند ماده تشکیل شده اند، مثلا زمرد از سیلیکات آلومینیوم و بریلیوم تشکیل شده، تنها الماس کاملا خالص بوده و کاملا از کربن تشکیل شده است. 🆔 @ChemIran1
CAS 541-28-2,541-28-2,,,,,,CAS 541-28-2,,unknown,ai_resolved+cas_only,substance,research,,,,,,,1,telegram:minatajhiz,1,,,Sodium chloroacetate 820293 #merck
CAS 56-61-9,56-61-9,,,,,,CAS 56-61-9,,unknown,ai_resolved+cas_only,substance,industrial,,,,,,,1,telegram:ChemIranSanat,1,,,شیمی عجیب و غریب سیستمی طراحی شده که از ادرار به عنوان سلول سوختی میکروبی برق تولید میکند. با شکستن مولکولهای آلی موجود در ادرار مانند اوریک اسید برق تولید میشود ( هر 25ml ادرار 0.25mA) 🆔 @ChemIran1
CAS 57-06-9,57-06-9,,,,,,CAS 57-06-9,,unknown,ai_resolved+cas_only,substance,industrial,,,,,,,1,telegram:ChemIranSanat,1,,,شیمی عجیب و غریب یک غذای ژاپنی به نام واسابی (ریشه خردل) به دلیل داشتن آلیل ایزوتیوسیانات میتواند به عنوان هشدار دهنده آتش باشد این پژوهش برنده IG Nobel، نوبل یافته های غیرمعمول شده است 🆔 @ChemIran1
CAS 57-46-7,57-46-7,,,,,,CAS 57-46-7,,unknown,ai_resolved+cas_only,substance,industrial,,,,,,,1,telegram:minatajhiz,1,,,فلورسانس ویتامین B12 @minatajhiz_aria
CAS 57-89-6,57-89-6,,,,,,CAS 57-89-6,,unknown,ai_resolved+cas_only,substance,industrial,,,,,,,1,telegram:ChemIranSanat,1,,,نور خورشید و ویتامین D بخشی از تابش خورشید با طول موج 290-315 نانومتر ترکیب 7-دهیدروکلسترول موجود در پوست را به ویتامین D تبدیل میکند. 🆔 @ChemIran1
CAS 5778-37-4,5778-37-4,,,,,,CAS 5778-37-4,,unknown,ai_resolved+cas_only,substance,industrial,,,,,,,1,telegram:chemgroup,1,,,💎 الماس زیر دستگاه پرس الماس یکی از سنگ‌های قیمتی و یکی از آلوتروپهای کربن است که در فشارهای بالا پایدار است. @ChemGroup
CAS 59-01-2,59-01-2,,,,,,CAS 59-01-2,,unknown,ai_resolved+cas_only,substance,industrial,,,,,,,1,telegram:jahaneshimicom,1,,,سلام رنگ مالاشیت گرین دارید؟ 09195743545
CAS 60014-58-5,60014-58-5,,,,,,CAS 60014-58-5,,unknown,ai_resolved+cas_only,substance,research,,,,,,,1,telegram:merckmillipore,1,,,Gibco rpmi ref: 72400-021 موجود میباشد تعداد محدود خواهشمندم جهت اطلاعات بیشتر با شماره09391719218 (ترابپور ) تماس حاصل فرمایید. لینک کانال 👇 👇 👇 👇 👇 🧫 🧪 🔬 🥼 https://t.me/merckmillipore
CAS 611-18-1,611-18-1,,,,,,CAS 611-18-1,,unknown,ai_resolved+cas_only,substance,research,,,,,,,1,telegram:ChemIranSanat,1,,,#C5610 #SIGMA #L -Cysteine hydrochloride monohydrate PharmaGrade موجود و آماده تحویل @ChemIranAdmin 🆔 @ChemIran1
CAS 6314-03-6,6314-03-6,,,,,,CAS 6314-03-6,,unknown,ai_resolved+cas_only,substance,industrial,,,,,,,1,telegram:jahaneshimicom,1,,,سلام دی متیل سیلوکسان برای ضد کف روغن میخواهیم مهر آزما طب 09032229377
CAS 63231-67-4,63231-67-4,,,,,,CAS 63231-67-4,,unknown,ai_resolved+cas_only,substance,industrial,,,,,,,1,telegram:chemgroup,1,,,💢 مقاله ساخت سیلیکاژل دانسیته پایین با استفاده از مایع‌های فوق بحرانی سیلیکاژل با دانسیته پایین به روش ­های گوناگون تهیه می ­شود. روش استفاده از سدیم سیلیکات به ­عنوان منبع سیلیکون برای تهیه هسته اولیه سیلیسیلیک اسید، با توجه به فراوانی، تولید داخل و قیمت ارزان مواد اولیه مصرفی؛ یکی از روش­های مناسب
CAS 70253-93-6,70253-93-6,,,,,,CAS 70253-93-6,,unknown,ai_resolved+cas_only,substance,research,,,,,,,1,telegram:minatajhiz,1,,,70253 #sigma
CAS 75-20-7,75-20-7,,,,,,CAS 75-20-7,,unknown,ai_resolved+cas_only,substance,industrial,,,,,,,1,telegram:jahaneshimicom,1,,,سلام کاربید کلسیم ٢ تن خرید داریم 09132259042
CAS 7772-94-7,7772-94-7,,,,,,CAS 7772-94-7,,unknown,ai_resolved+cas_only,substance,industrial,,,,,,,1,telegram:jahaneshimicom,1,,,سلام هیدروژن سولفیت غذایی موجو دارید؟ 09370661947
CAS 7782-01-4,7782-01-4,,,,,,CAS 7782-01-4,,unknown,ai_resolved+cas_only,substance,industrial,,,,,,,1,telegram:jahaneshimicom,1,,,سلام سولفات نیکل مورد نیاز است 09389870257
CAS 80-58-6,80-58-6,,,,,,CAS 80-58-6,,unknown,ai_resolved+cas_only,substance,industrial,,,,,,,1,telegram:Maran_Tejarat_Eshen,1,,,💢 💢 ماران تجارت اشن فروش ویژه مواد اولیه شیمیایی #مونومر_متیل_متا_آکریلات #MMA #LOTTE #موجود_در_انبار برای استعلام قیمت با ما در تماس باشید: 09102296278 📱
CAS 80-61-5,80-61-5,,,,,,CAS 80-61-5,,unknown,ai_resolved+cas_only,substance,research,,,,,,,1,telegram:minatajhiz,1,,,Pyromellitic dianhydride 807516 #merck
CAS 8001-32-5,8001-32-5,,,,,,CAS 8001-32-5,,unknown,ai_resolved+cas_only,substance,industrial,,,,,,,1,telegram:Ch_Chemical_leaders,1,,,#تبلیغات 🔹 پلی‌زون – تأمین‌کننده رسمی روغن کرچک صنعتی از برند معتبر ULTRA 🔸 تولید هند | گرید FSG | کیفیت پایدار و مطمئن 🔸 بسته‌بندی بشکه‌ای | موجود در انبار تهران ✅ آماده ثبت سفارش و ارسال فوری به سراسر کشور 📞 برای استعلام قیمت و خرید با ما در تماس باشید: 🌐 www.polyzone.ir ☎️ 021-66902820 📌 پلی‌زون
CAS 8001-35-4,8001-35-4,,,,,,CAS 8001-35-4,,unknown,ai_resolved+cas_only,substance,industrial,,,,,,,1,telegram:Ch_Chemical_leaders,1,,,#تبلیغات 🔹 پلی‌زون – تأمین‌کننده رسمی روغن کرچک صنعتی از برند معتبر ULTRA 🔸 تولید هند | گرید FSG | کیفیت پایدار و مطمئن 🔸 بسته‌بندی بشکه‌ای | موجود در انبار تهران ✅ آماده ثبت سفارش و ارسال فوری به سراسر کشور 📞 برای استعلام قیمت و خرید با ما در تماس باشید: 🌐 www.polyzone.ir ☎️ 021-66902820 📌 پلی‌زون
CAS 8002-74-2,8002-74-2,,,,,,CAS 8002-74-2,,unknown,ai_resolved+cas_only,substance,industrial,,,,,,,1,Artin Kimya,1,,,"پارافین جامد _ موم پارافین که پس از پالایش نفت خام به دست می آید، برای استفاده با توجه به درخواست های ویژه مشتریان توسط شیمیلیا آماده به کار میشود. به طور کلی، انواع موم پارافین با نقطه ذوب 48 درجه پارافین جامد توضیحات [ادامه](https://artinkimya.com/%d9%be%d8%a7%d8%b1%d8%a7%d9%81%db%8c%d9%86/ ""پاراف"
CAS 8002-75-3,8002-75-3,,,,,,CAS 8002-75-3,,unknown,ai_resolved+cas_only,substance,industrial,,,,,,,1,telegram:IranChemicals,1,,,🍀 🍀 🍀 🔴 #بهداشت #صنعت #فناوری #پسماند 🟩 روغن پالم یا روغن نخل - ۲ 🔸 زبان انگلیسی 🔴 ۳۷ ٪ کل تولید روغن خوراکی و سرخ کردنی دنیا با کاربردهای جدید در سوخت گیاهی 🔸 روغن نخل یا روغن پالم - که در مستند کنونی به اشتباه روغن خرما ترجمه شده - گونه‌ای روغن گیاهی خوراکی است که از مغز میوه نخل روغنی استخراج می‌
CAS 8006-35-9,8006-35-9,,,,,,CAS 8006-35-9,,unknown,ai_resolved+cas_only,substance,industrial,,,,,,,1,telegram:jahaneshimicom,1,,,سلام واکس کارنوا موجود هست؟ 09131113961
CAS 8006-61-9,8006-61-9,,,,,,CAS 8006-61-9,,unknown,ai_resolved+cas_only,substance,industrial,,,,,,,1,telegram:jahaneshimicom,1,,,برای صادرات وایت اسپریت 250 تن برای یکی از کشورهای همسایه در صورت امکان تماس بگیرید 09127964783
CAS 801246-17-1,801246-17-1,,,,,,CAS 801246-17-1,,unknown,ai_resolved+cas_only,substance,research,,,,,,,1,telegram:minatajhiz,1,,,5-Aminoisophthalic acid 801246 merck
CAS 806074-14-2,806074-14-2,,,,,,CAS 806074-14-2,,unknown,ai_resolved+cas_only,substance,research,,,,,,,1,telegram:minatajhiz,1,,,806074 merck 2-methylnaphtalene
CAS 8062-44-2,8062-44-2,,,,,,CAS 8062-44-2,,unknown,ai_resolved+cas_only,substance,industrial,,,,,,,1,telegram:jahaneshimicom,1,,,🌹 *کسب و کارتون پربرکت* 🌹 🍃 هیومیک اسید 80٪ سرای سپند 🍃 📦 بسته بندی 10 کیلویی 🎫 قیمت عالی موجود میباشد. تلفن سفارش 📲 09180106694 ترابی ______________________ 🚌 🚎 ارسال از تهران
CAS 808270-46-6,808270-46-6,,,,,,CAS 808270-46-6,,unknown,ai_resolved+cas_only,substance,research,,,,,,,1,telegram:minatajhiz,1,,,Triphenylphosphine 808270 250gr #merck
CAS 86290-81-5,86290-81-5,,,,,,CAS 86290-81-5,,unknown,ai_resolved+cas_only,substance,industrial,,,,,,,1,telegram:IranChemicals,1,,,#بنزین #اینفوگرافی
CAS 869-70-5,869-70-5,,,,,,CAS 869-70-5,,unknown,ai_resolved+cas_only,substance,industrial,,,,,,,1,telegram:Maran_Tejarat_Eshen,1,,,دو هیدروکسی اتیل متااکریلات HEMA موجود در انبار
CAS 9000-61-7,9000-61-7,,,,,,CAS 9000-61-7,,unknown,ai_resolved+cas_only,substance,industrial,,,,,,,1,telegram:jahaneshimicom,1,,,سلام اچ پی ام سی برای تولید چسب کاشی مورد نیاز است 09113439181
CAS 9002-84-0,9002-84-0,,,,,,CAS 9002-84-0,,unknown,ai_resolved+cas_only,substance,industrial,,,,,,,1,telegram:labshop,1,,,پارافیلم آمریکایی با قیمت فوق العاده رقابتی هر کارتون ۱۲ رول 🌟 🌟 🌟 @labshop
CAS 9002-86-2,9002-86-2,,,,,,CAS 9002-86-2,,unknown,ai_resolved+cas_only,polymer,industrial,,,,,,,1,telegram:fanchem; telegram:chemgroup,1,,,⚠️ شکست مذاب در PVC؛ پدیده‌ای پنهان اما زیان‌بار در فرآیند تولید 🔬 ناپایداری حرارتی در PVC، یکی از مهم‌ترین دلایل بروز پدیده‌ای به نام شکست مذاب است که می‌تواند خود را به شکل: ▪️ موج‌دار شدن سطح، زبری یا پارگی جریان مذاب ▪️ ناپیوستگی در خروجی قالب ▪️ کاهش کیفیت سطحی و رئولوژیکی نشان دهد. 🔧 علت اصلی؟
CAS 9002-88-4,9002-88-4,,,,,,CAS 9002-88-4,,unknown,ai_resolved+cas_only,polymer,industrial,,,,,,,1,telegram:Ch_Chemical_leaders; telegram:fanchem,1,,,#تبلیغات ✅ شرکت بیتاپلیمرپاسارگاد ✅ تامین کننده پلاستیک های مهندسی و افزودنی های پلیمری 🔴 فروش ویژه متالوسن ۱۰۱۸ و ۳۵۱۸ Metallocene polyethylene (MLLDPE) 🔶 Exceed 1018MA 🔶 Exceed 3518CB cast راه های ارتباطی ما و شما 📲 09374677602 ☎️ 02122295451
CAS 9002-93-1,9002-93-1,,,,,,CAS 9002-93-1,,unknown,ai_resolved+cas_only,substance,research,,,,,,,1,telegram:ChemIranSanat,1,,,X114 Sigma-Aldrich Triton ™ X-114 500ml 🔜 موجود و آماده تحویل ✅ شیمیران صنعت فقط اصلی ♾ موجودی و تنوع بی نظیر از برندهای معتبر 📦 ارسال رایگان 📱 سفارش کالا 👇 📞 0938-648-9001 🆔 @ChemIranAdmin 🆔 @ChemIran1
CAS 9003-02-7,9003-02-7,,,,,,CAS 9003-02-7,,unknown,ai_resolved+cas_only,polymer,industrial,,,,,,,1,telegram:jahaneshimicom,1,,,سلام پلی آکریلیک سدیم برای دوغاب سرامیکی مورد نیاز است 09378679774
CAS 9003-05-6,9003-05-6,,,,,,CAS 9003-05-6,,unknown,ai_resolved+cas_only,substance,research,,,,,,,1,telegram:ChemIranSanat,1,,,"P2443 Sigma-Aldrich Pluronic ® F-127 powder, BioReagent, suitable for cell culture 1KG 🔜 موجود و آماده تحویل ✅ شیمیران صنعت فقط اصلی ♾ موجودی و تنوع بی نظیر از برندهای معتبر 📦 ارسال رایگان 📱 سفارش کالا 👇 📱 0938 648 9001 ☎️ 77 88 18 08 🆔 @ChemIranAdmin 🆔 @ChemIran1"
CAS 9003-05-8,9003-05-8,,,,,,CAS 9003-05-8,,unknown,ai_resolved+cas_only,polymer,industrial,,,,,,,1,telegram:chemgroup,1,,,🎥 سدیم پلی اکریلات و آب (برف مصنوعی ❄️ ) #ارسالی_کاربران @ChemGroup
CAS 9003-25-2,9003-25-2,,,,,,CAS 9003-25-2,,unknown,ai_resolved+cas_only,polymer,research,,,,,,,1,telegram:minatajhiz,1,,,"Polyisobutylene 181455 Aldrich average Mw ~500,000, average Mn ~200,000 by GPC/MALLS, average Mv ~420,000 100gr"
CAS 9004-34-6,9004-34-6,,,,,,CAS 9004-34-6,,unknown,ai_resolved+cas_only,substance,industrial,,,,,,,1,telegram:Maran_Tejarat_Eshen,1,,,"تیلوز MH4000 موجود می باشد. #ماران_تجارت_اشن 021-22799285,95 09128066375"
CAS 9004-67-5,9004-67-5,,,,,,CAS 9004-67-5,,unknown,ai_resolved+cas_only,substance,industrial,,,,,,,1,telegram:IranChemicals,1,,,🔴 #فروش 🟩 غلظت دهنده سلولزی HEC 100.000 SAM CELL 100 BE 🔴 غلظت دهنده سلولزی با سرعت غلظت دهندگی بسیار بالا ✅ براقیت بالا ✅ پیگمنت پذیری بالا ✅ مقاومت شستشو بالا ✅ چکه و پاشش رنگ متوسط ✅ احتباس آب متوسط ✅ رئولوژی سودوپلاستیک عالی 🔴 تلفن سفارش :…
CAS 9004-70-0,9004-70-0,,,,,,CAS 9004-70-0,,unknown,ai_resolved+cas_only,substance,industrial,,,,,,,1,telegram:IranChemicals,1,,,🔥 ⛔️ 🔥 🔴 #جنگ #صنعت #حوادث صنعتی 🟩 آسیب کارخانجات مهمات سازی پارچین در حملات اسرائیل 🔴 تولید رزین نیتروسلولز جامد قطعا متوقف شده است . ✅ این ماده یعنی نیتروسلولز یا باروت سفید علاوه بر کاربری های صنعت رنگ و رزین ؛ در مهمات سازی و سوخت جامد موشک کاربرد دارد ! 🔥 ⛔️ 🔥 🟣 شهرام یزدی ۴ / ۷ / ۱۴۰۴
CAS 9004-74-6,9004-74-6,,,,,,CAS 9004-74-6,,unknown,ai_resolved+cas_only,composite,industrial,,,,,,,1,telegram:IranChemicals,1,,,🔥 🆘 🔥 🔴 #حوادث صنعتی 🟩 عامل فاجعه بندرعباس شناخته شد ! 🔴 بر اساس اطلاعات واصله از منابع مستقل ماده منفجره در اسکله شهید رجایی ۲۰۰ تن رزین نیتروسلولز جامد با کاربرد دو گانه نظامی و غیر نظامی بوده است ! ✅ این ماده با قدرت انفجاری بیش از ۵ برابر دینامیت…
CAS 9004-90-0,9004-90-0,,,,,,CAS 9004-90-0,,unknown,ai_resolved+cas_only,composite,industrial,,,,,,,1,telegram:IranChemicals,1,,,🔴 #خرید 🔴 رزین لاک نیتروسلولزی به قیمت خوب خریدارم 09123262329
CAS 9005-37-6,9005-37-6,,,,,,CAS 9005-37-6,,unknown,ai_resolved+cas_only,substance,industrial,,,,,,,1,telegram:jahaneshimicom,1,,,سلام پودر استویا بصورت عمده قیمت لطف کنید 09131613642
CAS 9011-10-7,9011-10-7,,,,,,CAS 9011-10-7,,unknown,ai_resolved+cas_only,substance,industrial,,,,,,,1,telegram:Maran_Tejarat_Eshen,1,,,"مقدار محدودی PMMA CM205 آماده فروش می باشد. #ماران_تجارت_اشن 021-22799285,95 09128066375"
CAS 9011-14-7,9011-14-7,,,,,,CAS 9011-14-7,,unknown,ai_resolved+cas_only,substance,industrial,,,,,,,1,telegram:Maran_Tejarat_Eshen,1,,,مقدار محدودی PMMA CM205 قابل فروش به شرکتهای تولیدی موجود می باشد
CAS 9016-10-4,9016-10-4,,,,,,CAS 9016-10-4,,unknown,ai_resolved+cas_only,substance,industrial,,,,,,,1,telegram:IranChemicals,1,,,🥇 🥇 🥇 🔴 #دانستنی ها #فناوری 🟩 بانو سهیلا سلحشور کردستانی 🔴 استخراج کیتوسان نجات بخش از پوسته میگو ✅ بنیانگزار شرکت کیتوتک ✅ ساخت ترمیم کننده های پروتئینی زخم و باندهای بندآورنده خون 🏆 🏆 🏆
CAS 9040-37-9,9040-37-9,,,,,,CAS 9040-37-9,,unknown,ai_resolved+cas_only,substance,industrial,,,,,,,1,telegram:jahaneshimicom,1,,,پودر مالتو دکسترین پگاه تهران ٢٠ کیسه میخوام کسی داره؟ 09045160466
CAS 9048-46-8,9048-46-8,,,,,,CAS 9048-46-8,,unknown,ai_resolved+cas_only,substance,research,,,,,,,1,telegram:ChemIranSanat,1,,,کدهای موجود از BSA کمپانی سیگماآلدریچ @ChemIranAdmin 🆔 @ChemIran1
CAS 9051-94-9,9051-94-9,,,,,,CAS 9051-94-9,,unknown,ai_resolved+cas_only,substance,industrial,,,,,,,1,telegram:jahaneshimicom,1,,,سلام مالتو دکسترین برند fic مورد نیاز هست 09126116567
CAS 94-54-8,94-54-8,,,,,,CAS 94-54-8,,unknown,ai_resolved+cas_only,substance,industrial,,,,,,,1,telegram:Maran_Tejarat_Eshen,1,,,"ترت بوتیل پروکسی بنزوات ترک Efox30 به مقدار محدودی موجود شد. #ماران_تجارت_اشن 021-22799285,95 09128066375"
CAS 94948-59-1,94948-59-1,,,,,,CAS 94948-59-1,,unknown,ai_resolved+cas_only,substance,industrial,,,,,,,1,telegram:ChemIranSanat,1,,,کیت TNF ALPHA موجود و آماده تحویل 🆔 @ChemIran1
CAS 95-18-7,95-18-7,,,,,,CAS 95-18-7,,unknown,ai_resolved+cas_only,substance,industrial,,,,,,,1,telegram:ChemIranSanat,1,,,"2-Aminothiazole, 97% 4-Amino-4H-1,2,4-triazole, 99% موجود و آماده تحویل به دلیل سواستفاده شرکتهای ارائه کننده مواد تقلبی، لات نامبر (Lot) پاک شده است. @ChemIranAdmin 🆔 @ChemIran1"
CAS 97-63-0,97-63-0,,,,,,CAS 97-63-0,,unknown,ai_resolved+cas_only,substance,industrial,,,,,,,1,telegram:Maran_Tejarat_Eshen,1,,,"فروش ویژه هما چینی HEMA با قیمت رقابتی بدون انبارداری. #ماران_تجارت_اشن 021-22799285,95 09128066375"
CAS 97-66-3,97-66-3,,,,,,CAS 97-66-3,,unknown,ai_resolved+cas_only,substance,industrial,,,,,,,1,telegram:Maran_Tejarat_Eshen,1,,,💢 💢 ماران تجارت اشن فروش ویژه مواد اولیه شیمیایی #مونومر_متیل_متا_آکریلات #MMA #SABIC #موجود_در_انبار برای استعلام قیمت با ما در تماس باشید: 09102296278 📱 وبسایت: http://mtecompany.com/ کانال تلگرام: https://t.me/Maran_Tejarat_Eshen
ethyl acetate,141-78-6,,,,,,ethyl acetate,,unknown,alias,composite,unknown,,,,value=180.0 unit=kg normalised_value=180000.0 normalised_unit=g raw=180 KG,,,2,telegram:chemgroup; Chemical Iran,1,https://www.chemicaliran.com/products/ethyl-acetate/,,🌟 کاربرد برخی از مواد شیمیایی 🌟 1. 🔸 متیل سالیسیلات ( C8H8O3 ) 🔹 طعم دهنده به مواد غذایی. 2. 🔸 لیتیم پراکسید ( Li2O2 ) و لیتیم هیدروکسید ( LiOH ) 🔹 تصفیه هوای درون فضاپیما 🚀 . 3. 🔸 متانول (CH3OH ) 🔹 حلال و واکنش دهنده مناسب برای تولید بسیاری از مواد شیمیایی در صنعت، استفاده به عنوان سوخت پاک برای خو
fumed silica,112945-52-5,24261,VYPSYNLAJGMNEJ-UHFFFAOYSA-N,O2Si,,,Silica,,unknown,alias+pubchem,substance,industrial,,,,,in_stock,,3,telegram:Maran_Tejarat_Eshen; telegram:jahaneshimicom; telegram:Boof_company,4,https://t.me/Maran_Tejarat_Eshen/523 | https://t.me/jahaneshimicom/31 | https://t.me/Boof_company/22,2020-09-01T06:17:53+00:00<->2023-12-19T12:25:37+00:00,💢 💢 ماران تجارت اشن فروش ویژه مواد اولیه شیمیایی #Aerosil200 #موجود_در_انبار #اروزیل200 برای استعلام قیمت با ما در تماس باشید: 09102296278 📱
oxalic acid,144-62-7,,,,,,oxalic acid,,unknown,alias,composite,research,,,,,,,2,telegram:ChemIranSanat; telegram:Ch_Chemical_leaders,1,https://t.me/Ch_Chemical_leaders/14,2023-12-23T06:50:04+00:00,🔘 انواع لکه بر ها لکه بر ها حلالهای قوی هستند که لکه‌ها را در خود حل می‌کنند و از این طریق باعث پاک شدن آنها می‌شوند. اکثر این حلالها سمی هستند و باید هنگام کار با آنها مراقب بود. بسیاری از لکه‌برها ، موادی هستند که در خانه وجود دارند و از آنها به عنوان مواد ضدعفونی کننده و پاک کننده استفاده می شود.
polyvinyl alcohol,9002-89-5,,,,,,polyvinyl alcohol,,unknown,alias,polymer,industrial,,,,,in_stock,,2,telegram:Maran_Tejarat_Eshen; telegram:IranChemicals,10,https://t.me/Maran_Tejarat_Eshen/515 | https://t.me/Maran_Tejarat_Eshen/521 | https://t.me/Maran_Tejarat_Eshen/528,2020-07-05T08:01:40+00:00<->2020-07-14T04:43:51+00:00,"پلی وینیل الکل BP24 چینی موجود می باشد #ماران_تجارت_اشن 021-22799285,95 09128066375 09108066146"
potassium hydroxide,1310-58-3,14797,KWYUFKZDYYNOTN-UHFFFAOYSA-M,HKO,,,potassium hydroxide,,unknown,alias+pubchem,substance,research,Merck,105544,,value=1.0 unit=گرمی normalised_value=1.0 normalised_unit=g raw=1 گرمی,in_stock,,8,telegram:minatajhiz; telegram:ChemIranSanat; telegram:jahaneshimicom; telegram:Ch_Chemical_leaders; telegram:Boof_company; telegram:fanchem; telegram:IranChemicals; telegram:chemgroup,16,https://t.me/ChemIranSanat/215 | https://t.me/ChemIranSanat/1067 | https://t.me/ChemIranSanat/1160,2017-02-17T13:30:20+00:00<->2017-06-13T15:40:24+00:00,پتاسیم هیدروکساید Potassium hydroxide solution in isopropanol کد محصول مرک: 105544 واردات جدید مرک
sodium hydroxide,1310-73-2,14798,HEMHJVSKTPXQMS-UHFFFAOYSA-M,HNaO,39.997,,sodium hydroxide,sodium hydroxide,unknown,alias+pubchem,substance,research,Merck,,99.0,value=25.0 unit=kg normalised_value=25000.0 normalised_unit=g raw=25 KG,,,5,telegram:minatajhiz; telegram:jahaneshimicom; telegram:Ch_Chemical_leaders; telegram:chemgroup; Chemical Iran,6,https://t.me/jahaneshimicom/64 | https://t.me/jahaneshimicom/94 | https://t.me/Ch_Chemical_leaders/75,2017-07-03T10:30:41+00:00<->2017-07-13T14:30:10+00:00,فروش مستقیم و ویژه سود پرک (کاستیک) خلوص 98 درصد در مینا تجهیز آریا (سفارش از طریق دایرکت ، تلگرام و واتس آپ) 09362048289 02166900058 ❗️ ارسال سریع به سراسرکشور .............................................. مینا تجهیز آریا وارد کننده و نمایندگی فروش برندهای معتبر مواد شیمیایی آزمایشگاهی : MERCK – S
titanium dioxide,13463-67-7,,,,,,titanium dioxide,,unknown,alias,composite,industrial,,R996,,,in_stock,,2,telegram:Ch_Chemical_leaders; telegram:IranChemicals,10,https://t.me/Ch_Chemical_leaders/218 | https://t.me/Ch_Chemical_leaders/224 | https://t.me/Ch_Chemical_leaders/298,2025-06-28T07:39:44+00:00<->2025-06-30T06:35:33+00:00,#تبلیغات 🌟 تیتان R996 از برند LOMON – انتخاب اول در صنایع رنگ، پلاستیک، مستربچ و کامپاندینگ 🎯 تیتانیوم دی‌اکساید R996 با کیفیت بالا و پوشش روتایل، از پرفروش‌ترین گریدهای اکسید تیتانیوم است که در صنایع گوناگون به دلیل قدرت رنگ‌دهی و پخش‌پذیری فوق‌العاده مورد استفاده قرار می‌گیرد. 🔹 قدرت پوشش عالی 🔹 ب
vinyl acetate,108-05-4,,,,,,vinyl acetate,,unknown,alias,composite,industrial,,,,,,,1,telegram:Maran_Tejarat_Eshen,1,,,#VEOVA ™ 10 به‌عنوان یک کومونومر اصلاح‌کننده، خواص پلیمرهای وینیل استات و اکریلیک را به‌طور چشمگیری بهبود می‌بخشد. این مونومر در رنگ‌ها، چسب‌ها، پوشش‌های صنعتی و مصالح ساختمانی کاربرد گسترده دارد و به‌دلیل پایداری شیمیایی و مقاومت در برابر آبوهوا، گزینه‌ای ایده‌آل برای محصولات بادوام است. #ماران_تجا
xylene,1330-20-7,,,,,,xylene,,unknown,alias,substance,research,,,,value=5.0 unit=liter normalised_value=5000.0 normalised_unit=ml raw=5liter,,,2,telegram:labshop; telegram:Maran_Tejarat_Eshen,15,https://t.me/Maran_Tejarat_Eshen/88 | https://t.me/Maran_Tejarat_Eshen/91 | https://t.me/Maran_Tejarat_Eshen/110,2018-09-15T10:56:52+00:00<->2018-10-13T05:14:32+00:00,Xylene extra pure 5liter 140000t
